panel	sample	method	truth_species	pred_species	TP	FP	FN	precision	recall	F1	union_L1_pp	truth_only_L1_pp	official_L1_kind	official_L1_pp	Pearson_union	Pearson_truth_only	official_Pearson_kind	official_Pearson	matched_abs_error_pp	missing_truth_mass_pp	extra_pred_mass_pp	truth_mass_detected_pct	pred_mass_total_pct	pred_mass_on_truth_pct	pred_mass_extra_pct	truth_source	pred_source	prediction_rule
cami2_toy_mouse_gut	5	minco_current_code_refresh	198	162	157	5	41	0.9691358024691358	0.7929292929292929	0.8722222222222222	17.185888179619656	15.414228172609334	truth_only	15.414228172609334	0.9913799211896313	0.9917478920123487	truth_only	0.9917478920123487	13.085848731095458	2.328379441513873	1.7716600070103221	97.67162055848611	99.99999999999997	98.22833999298967	1.7716600070103221	/home/ubuntu/yihuiguang/tools/KSSD3mini/research/experiments/2026-06-27_universal_strategy_decision/results/mouse5_gtdb_species_profile.tsv	/tmp/minco_current_code_toymouse_refresh_20260627/sample5_current.tsv	calibrated MinCO called rows; max per GTDB species; normalized
cami2_toy_mouse_gut	5	sylph_gtdb_profile	198	181	177	4	21	0.9779005524861878	0.8939393939393939	0.9340369393139841	8.710419807938461	6.955714543822669	truth_only	6.955714543822669	0.9969524156988561	0.9973219758868757	truth_only	0.9973219758868757	6.790009234310625	0.16570530951204546	1.7547052641157912	99.83429469048794	99.99999999999996	98.24529473588414	1.7547052641157912	/home/ubuntu/yihuiguang/tools/KSSD3mini/research/experiments/2026-06-27_universal_strategy_decision/results/mouse5_gtdb_species_profile.tsv	/tmp/cami2_toymouse_samples5_7_20260625/run/sylph_sample5/profile.tsv	Sylph Toy Mouse GTDB mapping; max per GTDB species; normalized
cami2_toy_mouse_gut	5	oracle_fixed_calls_truth_mass	198	162	157	5	41	0.9691358024691358	0.7929292929292929	0.8722222222222222	2.3283794415138734	2.3283794415138734	truth_only	2.3283794415138734	0.9997864841005819	0.999786527798687	truth_only	0.999786527798687	0.0	2.328379441513873	0.0	97.67162055848611	97.67162055848611	97.67162055848611	0.0	/home/ubuntu/yihuiguang/tools/KSSD3mini/research/experiments/2026-06-27_universal_strategy_decision/results/mouse5_gtdb_species_profile.tsv	/tmp/minco_current_code_toymouse_refresh_20260627/sample5_current.tsv	same MinCO call set; true abundance assigned to true-positive calls; false-positive calls get zero; no renormalization
cami2_toy_mouse_gut	5	oracle_fixed_calls_truth_renorm	198	162	157	5	41	0.9691358024691358	0.7929292929292929	0.8722222222222222	4.656758883027769	4.656758883027769	truth_only	4.656758883027769	0.9997864841005812	0.9997865277986837	truth_only	0.9997865277986837	2.3283794415138925	2.328379441513873	0.0	97.67162055848611	99.99999999999997	99.99999999999997	0.0	/home/ubuntu/yihuiguang/tools/KSSD3mini/research/experiments/2026-06-27_universal_strategy_decision/results/mouse5_gtdb_species_profile.tsv	/tmp/minco_current_code_toymouse_refresh_20260627/sample5_current.tsv	same MinCO call set; true-positive truth abundance renormalized over detected truth mass; false-positive calls get zero
cami2_toy_mouse_gut	5	oracle_current_tp_abundance_renorm	198	162	157	5	41	0.9691358024691358	0.7929292929292929	0.8722222222222222	16.16663680347647	16.16663680347647	truth_only	16.16663680347647	0.9917529877222302	0.9917478920123496	truth_only	0.9917478920123496	13.838257361962611	2.328379441513873	0.0	97.67162055848611	99.99999999999999	99.99999999999999	0.0	/home/ubuntu/yihuiguang/tools/KSSD3mini/research/experiments/2026-06-27_universal_strategy_decision/results/mouse5_gtdb_species_profile.tsv	/tmp/minco_current_code_toymouse_refresh_20260627/sample5_current.tsv	same MinCO call set; current MinCO abundance kept on true-positive calls then renormalized; false-positive calls get zero
cami2_toy_mouse_gut	6	minco_current_code_refresh	201	157	153	4	48	0.9745222929936306	0.7611940298507462	0.8547486033519553	22.918399189062683	20.06295582358045	truth_only	20.06295582358045	0.9729828392129994	0.9737545137280395	truth_only	0.9737545137280395	17.844387498567578	2.2185683250128787	2.8554433654822318	97.78143167498715	99.99999999999997	97.14455663451778	2.8554433654822318	/home/ubuntu/yihuiguang/tools/KSSD3mini/research/experiments/2026-06-27_universal_strategy_decision/results/mouse6_gtdb_species_profile.tsv	/tmp/minco_current_code_toymouse_refresh_20260627/sample6_current.tsv	calibrated MinCO called rows; max per GTDB species; normalized
cami2_toy_mouse_gut	6	sylph_gtdb_profile	201	193	185	8	16	0.9585492227979274	0.9203980099502488	0.9390862944162437	15.091798116406979	11.75907489716498	truth_only	11.75907489716498	0.9839994374523232	0.984875731368632	truth_only	0.984875731368632	11.561291216392092	0.19778368077288913	3.332723219241999	99.80221631922713	99.99999999999997	96.66727678075796	3.332723219241999	/home/ubuntu/yihuiguang/tools/KSSD3mini/research/experiments/2026-06-27_universal_strategy_decision/results/mouse6_gtdb_species_profile.tsv	/tmp/cami2_toymouse_samples5_7_20260625/run/sylph_sample6/profile.tsv	Sylph Toy Mouse GTDB mapping; max per GTDB species; normalized
cami2_toy_mouse_gut	6	oracle_fixed_calls_truth_mass	201	157	153	4	48	0.9745222929936306	0.7611940298507462	0.8547486033519553	2.218568325012879	2.218568325012879	truth_only	2.218568325012879	0.9997610842964421	0.9997610991648681	truth_only	0.9997610991648681	0.0	2.2185683250128787	0.0	97.78143167498715	97.78143167498715	97.78143167498715	0.0	/home/ubuntu/yihuiguang/tools/KSSD3mini/research/experiments/2026-06-27_universal_strategy_decision/results/mouse6_gtdb_species_profile.tsv	/tmp/minco_current_code_toymouse_refresh_20260627/sample6_current.tsv	same MinCO call set; true abundance assigned to true-positive calls; false-positive calls get zero; no renormalization
cami2_toy_mouse_gut	6	oracle_fixed_calls_truth_renorm	201	157	153	4	48	0.9745222929936306	0.7611940298507462	0.8547486033519553	4.437136650025725	4.437136650025725	truth_only	4.437136650025725	0.9997610842964434	0.9997610991648684	truth_only	0.9997610991648684	2.2185683250128494	2.2185683250128787	0.0	97.78143167498715	99.99999999999999	99.99999999999999	0.0	/home/ubuntu/yihuiguang/tools/KSSD3mini/research/experiments/2026-06-27_universal_strategy_decision/results/mouse6_gtdb_species_profile.tsv	/tmp/minco_current_code_toymouse_refresh_20260627/sample6_current.tsv	same MinCO call set; true-positive truth abundance renormalized over detected truth mass; false-positive calls get zero
cami2_toy_mouse_gut	6	oracle_current_tp_abundance_renorm	201	157	153	4	48	0.9745222929936306	0.7611940298507462	0.8547486033519553	21.692729599308198	21.692729599308198	truth_only	21.692729599308198	0.9737711707943884	0.9737545137280391	truth_only	0.9737545137280391	19.474161274295316	2.2185683250128787	0.0	97.78143167498715	99.99999999999991	99.99999999999991	0.0	/home/ubuntu/yihuiguang/tools/KSSD3mini/research/experiments/2026-06-27_universal_strategy_decision/results/mouse6_gtdb_species_profile.tsv	/tmp/minco_current_code_toymouse_refresh_20260627/sample6_current.tsv	same MinCO call set; current MinCO abundance kept on true-positive calls then renormalized; false-positive calls get zero
cami2_toy_mouse_gut	7	minco_current_code_refresh	68	64	63	1	5	0.984375	0.9264705882352942	0.9545454545454545	5.915674132242972	5.826327372590022	truth_only	5.826327372590022	0.9984269486093541	0.9984274174395252	truth_only	0.9984274174395252	5.345496391678047	0.48083098091197957	0.08934675965295032	99.51916901908801	99.99999999999999	99.91065324034707	0.08934675965295032	/home/ubuntu/yihuiguang/tools/KSSD3mini/research/experiments/2026-06-27_universal_strategy_decision/results/mouse7_gtdb_species_profile.tsv	/tmp/minco_current_code_toymouse_refresh_20260627/sample7_current.tsv	calibrated MinCO called rows; max per GTDB species; normalized
cami2_toy_mouse_gut	7	sylph_gtdb_profile	68	68	67	1	1	0.9852941176470589	0.9852941176470589	0.9852941176470589	1.5507796093442425	1.4797793963436037	truth_only	1.4797793963436037	0.9999204290298843	0.9999231107314409	truth_only	0.9999231107314409	1.4797176462008261	6.175014277754154e-05	0.07100021300063897	99.99993824985721	100.0	99.92899978699933	0.07100021300063897	/home/ubuntu/yihuiguang/tools/KSSD3mini/research/experiments/2026-06-27_universal_strategy_decision/results/mouse7_gtdb_species_profile.tsv	/tmp/cami2_toymouse_samples5_7_20260625/run/sylph_sample7/profile.tsv	Sylph Toy Mouse GTDB mapping; max per GTDB species; normalized
cami2_toy_mouse_gut	7	oracle_fixed_calls_truth_mass	68	64	63	1	5	0.984375	0.9264705882352942	0.9545454545454545	0.48083098091197957	0.48083098091197957	truth_only	0.48083098091197957	0.9999588375918644	0.9999587839667508	truth_only	0.9999587839667508	0.0	0.48083098091197957	0.0	99.51916901908801	99.51916901908801	99.51916901908801	0.0	/home/ubuntu/yihuiguang/tools/KSSD3mini/research/experiments/2026-06-27_universal_strategy_decision/results/mouse7_gtdb_species_profile.tsv	/tmp/minco_current_code_toymouse_refresh_20260627/sample7_current.tsv	same MinCO call set; true abundance assigned to true-positive calls; false-positive calls get zero; no renormalization
cami2_toy_mouse_gut	7	oracle_fixed_calls_truth_renorm	68	64	63	1	5	0.984375	0.9264705882352942	0.9545454545454545	0.961661961823978	0.961661961823978	truth_only	0.961661961823978	0.9999588375918644	0.9999587839667512	truth_only	0.9999587839667512	0.48083098091199883	0.48083098091197957	0.0	99.51916901908801	100.00000000000004	100.00000000000004	0.0	/home/ubuntu/yihuiguang/tools/KSSD3mini/research/experiments/2026-06-27_universal_strategy_decision/results/mouse7_gtdb_species_profile.tsv	/tmp/minco_current_code_toymouse_refresh_20260627/sample7_current.tsv	same MinCO call set; true-positive truth abundance renormalized over detected truth mass; false-positive calls get zero
cami2_toy_mouse_gut	7	oracle_current_tp_abundance_renorm	68	64	63	1	5	0.984375	0.9264705882352942	0.9545454545454545	5.819310724755202	5.819310724755202	truth_only	5.819310724755202	0.9984306346019368	0.9984274174395249	truth_only	0.9984274174395249	5.338479743843221	0.48083098091197957	0.0	99.51916901908801	100.0	100.0	0.0	/home/ubuntu/yihuiguang/tools/KSSD3mini/research/experiments/2026-06-27_universal_strategy_decision/results/mouse7_gtdb_species_profile.tsv	/tmp/minco_current_code_toymouse_refresh_20260627/sample7_current.tsv	same MinCO call set; current MinCO abundance kept on true-positive calls then renormalized; false-positive calls get zero
hmp_airskin_gtdb_source_abundance	0	minco_current_default_gtdb_source_abundance_sample19_0_1_3_4_5_6_7_9_10_11_13_14_15_16_17_18_20_21_22_23_24_25_28	33	36	29	7	4	0.8055555555555556	0.8787878787878788	0.8405797101449276	18.780365281635746	10.124727197423564	union	18.780365281635746	0.9895037710483946	0.9957539782840138	union	0.9895037710483946	10.119936793047692	0.004790404375874205	8.655638084212178	99.99520959562412	100.0	91.34436191578781	8.655638084212178	/home/ubuntu/yihuiguang/tools/KSSD3mini/research/experiments/2026-06-27_universal_strategy_decision/results/hmp_current_refresh_r232_source_abundance_sample19_0_1_3_4_5_6_7_9_10_11_13_14_15_16_17_18_20_21_22_23_24_25_28_truth.tsv	/tmp/minco_current_code_hmp_airskin0_20260627/minco_sample0_current_default.tsv	official HMP MinCO GTDB mapping; summed and normalized
hmp_airskin_gtdb_source_abundance	0	sylph_gtdb_source_abundance	33	29	28	1	5	0.9655172413793104	0.8484848484848485	0.9032258064516129	2.510443972648275	2.3719442496477208	union	2.510443972648275	0.9997787092984863	0.9997816692612393	union	0.9997787092984863	2.356108660347025	0.015835589300694217	0.138499723000554	99.98416441069931	99.99999999999999	99.86150027699944	0.138499723000554	/home/ubuntu/yihuiguang/tools/KSSD3mini/research/experiments/2026-06-27_universal_strategy_decision/results/hmp_current_refresh_r232_source_abundance_sample19_0_1_3_4_5_6_7_9_10_11_13_14_15_16_17_18_20_21_22_23_24_25_28_truth.tsv	/tmp/cami2_hmp_unseen_transfer_20260626/run_sylph_r232/sylph_sample0/profile.tsv	Sylph GTDB accession mapping; summed per GTDB species; normalized
hmp_airskin_gtdb_source_abundance	0	oracle_fixed_calls_truth_mass	33	36	29	7	4	0.8055555555555556	0.8787878787878788	0.8405797101449276	0.004790404375874205	0.004790404375874205	union	0.004790404375874205	0.9999999983752746	0.9999999983714517	union	0.9999999983752746	0.0	0.004790404375874205	0.0	99.99520959562412	99.99520959562412	99.99520959562412	0.0	/home/ubuntu/yihuiguang/tools/KSSD3mini/research/experiments/2026-06-27_universal_strategy_decision/results/hmp_current_refresh_r232_source_abundance_sample19_0_1_3_4_5_6_7_9_10_11_13_14_15_16_17_18_20_21_22_23_24_25_28_truth.tsv	/tmp/minco_current_code_hmp_airskin0_20260627/minco_sample0_current_default.tsv	same MinCO call set; true abundance assigned to true-positive calls; false-positive calls get zero; no renormalization
hmp_airskin_gtdb_source_abundance	0	oracle_fixed_calls_truth_renorm	33	36	29	7	4	0.8055555555555556	0.8787878787878788	0.8405797101449276	0.009580808751762709	0.009580808751762709	union	0.009580808751762709	0.9999999983752746	0.9999999983714521	union	0.9999999983752746	0.004790404375888503	0.004790404375874205	0.0	99.99520959562412	99.99999999999997	99.99999999999997	0.0	/home/ubuntu/yihuiguang/tools/KSSD3mini/research/experiments/2026-06-27_universal_strategy_decision/results/hmp_current_refresh_r232_source_abundance_sample19_0_1_3_4_5_6_7_9_10_11_13_14_15_16_17_18_20_21_22_23_24_25_28_truth.tsv	/tmp/minco_current_code_hmp_airskin0_20260627/minco_sample0_current_default.tsv	same MinCO call set; true-positive truth abundance renormalized over detected truth mass; false-positive calls get zero
hmp_airskin_gtdb_source_abundance	0	oracle_current_tp_abundance_renorm	33	36	29	7	4	0.8055555555555556	0.8787878787878788	0.8405797101449276	9.529127677526105	9.529127677526105	union	9.529127677526105	0.9958606781789934	0.9957539782840136	union	0.9958606781789934	9.524337273150232	0.004790404375874205	0.0	99.99520959562412	99.99999999999999	99.99999999999999	0.0	/home/ubuntu/yihuiguang/tools/KSSD3mini/research/experiments/2026-06-27_universal_strategy_decision/results/hmp_current_refresh_r232_source_abundance_sample19_0_1_3_4_5_6_7_9_10_11_13_14_15_16_17_18_20_21_22_23_24_25_28_truth.tsv	/tmp/minco_current_code_hmp_airskin0_20260627/minco_sample0_current_default.tsv	same MinCO call set; current MinCO abundance kept on true-positive calls then renormalized; false-positive calls get zero
hmp_airskin_gtdb_source_abundance	1	minco_current_default_gtdb_source_abundance_sample19_0_1_3_4_5_6_7_9_10_11_13_14_15_16_17_18_20_21_22_23_24_25_28	51	99	51	48	0	0.5151515151515151	1.0	0.6799999999999999	18.105883690092575	11.773226709810016	union	18.105883690092575	0.9973939434154936	0.9978165192517794	union	0.9973939434154936	11.773226709810018	0.0	6.332656980282564	100.0	100.0	93.66734301971744	6.332656980282564	/home/ubuntu/yihuiguang/tools/KSSD3mini/research/experiments/2026-06-27_universal_strategy_decision/results/hmp_current_refresh_r232_source_abundance_sample19_0_1_3_4_5_6_7_9_10_11_13_14_15_16_17_18_20_21_22_23_24_25_28_truth.tsv	/mnt/new3T/minco_release_holdouts_20260628/minco_current_code_hmp_airskin1_20260627/minco_sample1_current_default.tsv	official HMP MinCO GTDB mapping; summed and normalized
hmp_airskin_gtdb_source_abundance	1	sylph_gtdb_source_abundance	51	52	51	1	0	0.9807692307692307	1.0	0.9902912621359222	2.17840634484424	1.953205894443339	union	2.17840634484424	0.9999070970640815	0.9999152788581492	union	0.9999070970640815	1.9532058944433401	0.0	0.22520045040090084	100.0	99.99999999999999	99.77479954959908	0.22520045040090084	/home/ubuntu/yihuiguang/tools/KSSD3mini/research/experiments/2026-06-27_universal_strategy_decision/results/hmp_current_refresh_r232_source_abundance_sample19_0_1_3_4_5_6_7_9_10_11_13_14_15_16_17_18_20_21_22_23_24_25_28_truth.tsv	/mnt/new3T/minco_release_holdouts_20260628/cami2_hmp_unseen_transfer_20260626/run_sylph_r232/sylph_sample1/profile.tsv	Sylph GTDB accession mapping; summed per GTDB species; normalized
hmp_airskin_gtdb_source_abundance	1	oracle_fixed_calls_truth_mass	51	99	51	48	0	0.5151515151515151	1.0	0.6799999999999999	0.0	0.0	union	0.0	1.0	1.0	union	1.0	0.0	0.0	0.0	100.0	100.0	100.0	0.0	/home/ubuntu/yihuiguang/tools/KSSD3mini/research/experiments/2026-06-27_universal_strategy_decision/results/hmp_current_refresh_r232_source_abundance_sample19_0_1_3_4_5_6_7_9_10_11_13_14_15_16_17_18_20_21_22_23_24_25_28_truth.tsv	/mnt/new3T/minco_release_holdouts_20260628/minco_current_code_hmp_airskin1_20260627/minco_sample1_current_default.tsv	same MinCO call set; true abundance assigned to true-positive calls; false-positive calls get zero; no renormalization
hmp_airskin_gtdb_source_abundance	1	oracle_fixed_calls_truth_renorm	51	99	51	48	0	0.5151515151515151	1.0	0.6799999999999999	0.0	0.0	union	0.0	1.0	1.0	union	1.0	0.0	0.0	0.0	100.0	100.0	100.0	0.0	/home/ubuntu/yihuiguang/tools/KSSD3mini/research/experiments/2026-06-27_universal_strategy_decision/results/hmp_current_refresh_r232_source_abundance_sample19_0_1_3_4_5_6_7_9_10_11_13_14_15_16_17_18_20_21_22_23_24_25_28_truth.tsv	/mnt/new3T/minco_release_holdouts_20260628/minco_current_code_hmp_airskin1_20260627/minco_sample1_current_default.tsv	same MinCO call set; true-positive truth abundance renormalized over detected truth mass; false-positive calls get zero
hmp_airskin_gtdb_source_abundance	1	oracle_current_tp_abundance_renorm	51	99	51	48	0	0.5151515151515151	1.0	0.6799999999999999	11.377403706023124	11.377403706023124	union	11.377403706023124	0.9978103313349168	0.9978165192517794	union	0.9978103313349168	11.377403706023125	0.0	0.0	100.0	99.99999999999999	99.99999999999999	0.0	/home/ubuntu/yihuiguang/tools/KSSD3mini/research/experiments/2026-06-27_universal_strategy_decision/results/hmp_current_refresh_r232_source_abundance_sample19_0_1_3_4_5_6_7_9_10_11_13_14_15_16_17_18_20_21_22_23_24_25_28_truth.tsv	/mnt/new3T/minco_release_holdouts_20260628/minco_current_code_hmp_airskin1_20260627/minco_sample1_current_default.tsv	same MinCO call set; current MinCO abundance kept on true-positive calls then renormalized; false-positive calls get zero
hmp_airskin_gtdb_source_abundance	3	minco_current_default_gtdb_source_abundance_sample19_0_1_3_4_5_6_7_9_10_11_13_14_15_16_17_18_20_21_22_23_24_25_28	47	47	45	2	2	0.9574468085106383	0.9574468085106383	0.9574468085106385	12.670666989685852	8.881086724946712	union	12.670666989685852	0.9970245468507751	0.9993927980330461	union	0.9970245468507751	8.663260840362875	0.21782588458383687	3.789580264739139	99.78217411541614	100.0	96.21041973526086	3.789580264739139	/home/ubuntu/yihuiguang/tools/KSSD3mini/research/experiments/2026-06-27_universal_strategy_decision/results/hmp_current_refresh_r232_source_abundance_sample19_0_1_3_4_5_6_7_9_10_11_13_14_15_16_17_18_20_21_22_23_24_25_28_truth.tsv	/mnt/new3T/minco_release_holdouts_20260628/minco_current_code_hmp_airskin3_20260627/minco_sample3_current_default.tsv	official HMP MinCO GTDB mapping; summed and normalized
hmp_airskin_gtdb_source_abundance	3	sylph_gtdb_source_abundance	47	46	46	0	1	1.0	0.9787234042553191	0.989247311827957	2.961929499475717	2.961929499475717	union	2.961929499475717	0.9999263417258691	0.9999263417258691	union	0.9999263417258691	2.96149491923971	0.0004345802360065404	0.0	99.99956541976395	100.0	100.0	0.0	/home/ubuntu/yihuiguang/tools/KSSD3mini/research/experiments/2026-06-27_universal_strategy_decision/results/hmp_current_refresh_r232_source_abundance_sample19_0_1_3_4_5_6_7_9_10_11_13_14_15_16_17_18_20_21_22_23_24_25_28_truth.tsv	/mnt/new3T/minco_release_holdouts_20260628/cami2_hmp_unseen_transfer_20260626/run_sylph_r232/sylph_sample3/profile.tsv	Sylph GTDB accession mapping; summed per GTDB species; normalized
hmp_airskin_gtdb_source_abundance	3	oracle_fixed_calls_truth_mass	47	47	45	2	2	0.9574468085106383	0.9574468085106383	0.9574468085106385	0.21782588458383687	0.21782588458383687	union	0.21782588458383687	0.9999925811521979	0.9999925679602935	union	0.9999925811521979	0.0	0.21782588458383687	0.0	99.78217411541614	99.78217411541614	99.78217411541614	0.0	/home/ubuntu/yihuiguang/tools/KSSD3mini/research/experiments/2026-06-27_universal_strategy_decision/results/hmp_current_refresh_r232_source_abundance_sample19_0_1_3_4_5_6_7_9_10_11_13_14_15_16_17_18_20_21_22_23_24_25_28_truth.tsv	/mnt/new3T/minco_release_holdouts_20260628/minco_current_code_hmp_airskin3_20260627/minco_sample3_current_default.tsv	same MinCO call set; true abundance assigned to true-positive calls; false-positive calls get zero; no renormalization
hmp_airskin_gtdb_source_abundance	3	oracle_fixed_calls_truth_renorm	47	47	45	2	2	0.9574468085106383	0.9574468085106383	0.9574468085106385	0.43565176916769965	0.43565176916769965	union	0.43565176916769965	0.9999925811521984	0.9999925679602928	union	0.9999925811521984	0.21782588458386293	0.21782588458383687	0.0	99.78217411541614	100.00000000000004	100.00000000000004	0.0	/home/ubuntu/yihuiguang/tools/KSSD3mini/research/experiments/2026-06-27_universal_strategy_decision/results/hmp_current_refresh_r232_source_abundance_sample19_0_1_3_4_5_6_7_9_10_11_13_14_15_16_17_18_20_21_22_23_24_25_28_truth.tsv	/mnt/new3T/minco_release_holdouts_20260628/minco_current_code_hmp_airskin3_20260627/minco_sample3_current_default.tsv	same MinCO call set; true-positive truth abundance renormalized over detected truth mass; false-positive calls get zero
hmp_airskin_gtdb_source_abundance	3	oracle_current_tp_abundance_renorm	47	47	45	2	2	0.9574468085106383	0.9574468085106383	0.9574468085106385	7.267378947185886	7.267378947185886	union	7.267378947185886	0.9993943232740246	0.9993927980330461	union	0.9993943232740246	7.049553062602048	0.21782588458383687	0.0	99.78217411541614	100.0	100.0	0.0	/home/ubuntu/yihuiguang/tools/KSSD3mini/research/experiments/2026-06-27_universal_strategy_decision/results/hmp_current_refresh_r232_source_abundance_sample19_0_1_3_4_5_6_7_9_10_11_13_14_15_16_17_18_20_21_22_23_24_25_28_truth.tsv	/mnt/new3T/minco_release_holdouts_20260628/minco_current_code_hmp_airskin3_20260627/minco_sample3_current_default.tsv	same MinCO call set; current MinCO abundance kept on true-positive calls then renormalized; false-positive calls get zero
hmp_airskin_gtdb_source_abundance	4	minco_current_default_gtdb_source_abundance_sample19_0_1_3_4_5_6_7_9_10_11_13_14_15_16_17_18_20_21_22_23_24_25_28	106	137	102	35	4	0.7445255474452555	0.9622641509433962	0.8395061728395061	28.726740922959355	19.861197783006613	union	28.726740922959355	0.9883782682234047	0.9913715332528887	union	0.9883782682234047	18.526521250982167	1.334676532024448	8.86554313995274	98.66532346797554	100.0	91.13445686004724	8.86554313995274	/home/ubuntu/yihuiguang/tools/KSSD3mini/research/experiments/2026-06-27_universal_strategy_decision/results/hmp_current_refresh_r232_source_abundance_sample19_0_1_3_4_5_6_7_9_10_11_13_14_15_16_17_18_20_21_22_23_24_25_28_truth.tsv	/mnt/new3T/minco_release_holdouts_20260628/minco_current_code_hmp_airskin4_20260627/minco_sample4_current_default.tsv	official HMP MinCO GTDB mapping; summed and normalized
hmp_airskin_gtdb_source_abundance	4	sylph_gtdb_source_abundance	106	108	104	4	2	0.9629629629629629	0.9811320754716981	0.9719626168224299	4.592947589588487	3.8829482995877775	union	4.592947589588487	0.9997707840387127	0.9998157947885604	union	0.9997707840387127	3.8816613789171366	0.001286920670642366	0.7099992900007099	99.99871307932935	100.0	99.2900007099993	0.7099992900007099	/home/ubuntu/yihuiguang/tools/KSSD3mini/research/experiments/2026-06-27_universal_strategy_decision/results/hmp_current_refresh_r232_source_abundance_sample19_0_1_3_4_5_6_7_9_10_11_13_14_15_16_17_18_20_21_22_23_24_25_28_truth.tsv	/mnt/new3T/minco_release_holdouts_20260628/cami2_hmp_unseen_transfer_20260626/run_sylph_r232/sylph_sample4/profile.tsv	Sylph GTDB accession mapping; summed per GTDB species; normalized
hmp_airskin_gtdb_source_abundance	4	oracle_fixed_calls_truth_mass	106	137	102	35	4	0.7445255474452555	0.9622641509433962	0.8395061728395061	1.3346765320244482	1.3346765320244482	union	1.3346765320244482	0.9995027680056675	0.9994971971388602	union	0.9995027680056675	0.0	1.334676532024448	0.0	98.66532346797554	98.66532346797554	98.66532346797554	0.0	/home/ubuntu/yihuiguang/tools/KSSD3mini/research/experiments/2026-06-27_universal_strategy_decision/results/hmp_current_refresh_r232_source_abundance_sample19_0_1_3_4_5_6_7_9_10_11_13_14_15_16_17_18_20_21_22_23_24_25_28_truth.tsv	/mnt/new3T/minco_release_holdouts_20260628/minco_current_code_hmp_airskin4_20260627/minco_sample4_current_default.tsv	same MinCO call set; true abundance assigned to true-positive calls; false-positive calls get zero; no renormalization
hmp_airskin_gtdb_source_abundance	4	oracle_fixed_calls_truth_renorm	106	137	102	35	4	0.7445255474452555	0.9622641509433962	0.8395061728395061	2.669353064048908	2.669353064048908	union	2.669353064048908	0.9995027680056657	0.9994971971388614	union	0.9995027680056657	1.3346765320244594	1.334676532024448	0.0	98.66532346797554	100.00000000000016	100.00000000000016	0.0	/home/ubuntu/yihuiguang/tools/KSSD3mini/research/experiments/2026-06-27_universal_strategy_decision/results/hmp_current_refresh_r232_source_abundance_sample19_0_1_3_4_5_6_7_9_10_11_13_14_15_16_17_18_20_21_22_23_24_25_28_truth.tsv	/mnt/new3T/minco_release_holdouts_20260628/minco_current_code_hmp_airskin4_20260627/minco_sample4_current_default.tsv	same MinCO call set; true-positive truth abundance renormalized over detected truth mass; false-positive calls get zero
hmp_airskin_gtdb_source_abundance	4	oracle_current_tp_abundance_renorm	106	137	102	35	4	0.7445255474452555	0.9622641509433962	0.8395061728395061	17.389822476999857	17.389822476999857	union	17.389822476999857	0.991413590375644	0.9913715332528877	union	0.991413590375644	16.055145944975415	1.334676532024448	0.0	98.66532346797554	99.99999999999999	99.99999999999999	0.0	/home/ubuntu/yihuiguang/tools/KSSD3mini/research/experiments/2026-06-27_universal_strategy_decision/results/hmp_current_refresh_r232_source_abundance_sample19_0_1_3_4_5_6_7_9_10_11_13_14_15_16_17_18_20_21_22_23_24_25_28_truth.tsv	/mnt/new3T/minco_release_holdouts_20260628/minco_current_code_hmp_airskin4_20260627/minco_sample4_current_default.tsv	same MinCO call set; current MinCO abundance kept on true-positive calls then renormalized; false-positive calls get zero
hmp_airskin_gtdb_source_abundance	5	minco_current_default_gtdb_source_abundance_sample19_0_1_3_4_5_6_7_9_10_11_13_14_15_16_17_18_20_21_22_23_24_25_28	26	26	25	1	1	0.9615384615384616	0.9615384615384616	0.9615384615384616	10.33773560459712	9.524072174532568	union	10.33773560459712	0.9983818025644171	0.9984813848525257	union	0.9983818025644171	8.085223253669247	1.4388489208633206	0.8136634300645514	98.56115107913669	100.00000000000003	99.18633656993546	0.8136634300645514	/home/ubuntu/yihuiguang/tools/KSSD3mini/research/experiments/2026-06-27_universal_strategy_decision/results/hmp_current_refresh_r232_source_abundance_sample19_0_1_3_4_5_6_7_9_10_11_13_14_15_16_17_18_20_21_22_23_24_25_28_truth.tsv	/tmp/minco_current_code_hmp_airskin5_20260627/minco_sample5_current_default.tsv	official HMP MinCO GTDB mapping; summed and normalized
hmp_airskin_gtdb_source_abundance	5	sylph_gtdb_source_abundance	26	27	25	2	1	0.9259259259259259	0.9615384615384616	0.9433962264150944	5.965327211488682	4.378524037882335	union	5.965327211488682	0.9982783007541336	0.9989834528921162	union	0.9982783007541336	2.9396751170190143	1.4388489208633206	1.5868031736063473	98.56115107913669	100.0	98.41319682639364	1.5868031736063473	/home/ubuntu/yihuiguang/tools/KSSD3mini/research/experiments/2026-06-27_universal_strategy_decision/results/hmp_current_refresh_r232_source_abundance_sample19_0_1_3_4_5_6_7_9_10_11_13_14_15_16_17_18_20_21_22_23_24_25_28_truth.tsv	/tmp/cami2_hmp_unseen_transfer_20260626/run_sylph_r232/sylph_sample5/profile.tsv	Sylph GTDB accession mapping; summed per GTDB species; normalized
hmp_airskin_gtdb_source_abundance	5	oracle_fixed_calls_truth_mass	26	26	25	1	1	0.9615384615384616	0.9615384615384616	0.9615384615384616	1.4388489208633206	1.4388489208633206	union	1.4388489208633206	0.9993994787406888	0.9993955872868624	union	0.9993994787406888	0.0	1.4388489208633206	0.0	98.56115107913669	98.56115107913669	98.56115107913669	0.0	/home/ubuntu/yihuiguang/tools/KSSD3mini/research/experiments/2026-06-27_universal_strategy_decision/results/hmp_current_refresh_r232_source_abundance_sample19_0_1_3_4_5_6_7_9_10_11_13_14_15_16_17_18_20_21_22_23_24_25_28_truth.tsv	/tmp/minco_current_code_hmp_airskin5_20260627/minco_sample5_current_default.tsv	same MinCO call set; true abundance assigned to true-positive calls; false-positive calls get zero; no renormalization
hmp_airskin_gtdb_source_abundance	5	oracle_fixed_calls_truth_renorm	26	26	25	1	1	0.9615384615384616	0.9615384615384616	0.9615384615384616	2.8776978417266297	2.8776978417266297	union	2.8776978417266297	0.9993994787406888	0.9993955872868616	union	0.9993994787406888	1.4388489208633093	1.4388489208633206	0.0	98.56115107913669	100.0	100.0	0.0	/home/ubuntu/yihuiguang/tools/KSSD3mini/research/experiments/2026-06-27_universal_strategy_decision/results/hmp_current_refresh_r232_source_abundance_sample19_0_1_3_4_5_6_7_9_10_11_13_14_15_16_17_18_20_21_22_23_24_25_28_truth.tsv	/tmp/minco_current_code_hmp_airskin5_20260627/minco_sample5_current_default.tsv	same MinCO call set; true-positive truth abundance renormalized over detected truth mass; false-positive calls get zero
hmp_airskin_gtdb_source_abundance	5	oracle_current_tp_abundance_renorm	26	26	25	1	1	0.9615384615384616	0.9615384615384616	0.9615384615384616	9.493060030193659	9.493060030193659	union	9.493060030193659	0.9984761591578553	0.998481384852526	union	0.9984761591578553	8.054211109330337	1.4388489208633206	0.0	98.56115107913669	100.00000000000004	100.00000000000004	0.0	/home/ubuntu/yihuiguang/tools/KSSD3mini/research/experiments/2026-06-27_universal_strategy_decision/results/hmp_current_refresh_r232_source_abundance_sample19_0_1_3_4_5_6_7_9_10_11_13_14_15_16_17_18_20_21_22_23_24_25_28_truth.tsv	/tmp/minco_current_code_hmp_airskin5_20260627/minco_sample5_current_default.tsv	same MinCO call set; current MinCO abundance kept on true-positive calls then renormalized; false-positive calls get zero
hmp_airskin_gtdb_source_abundance	6	minco_current_default_gtdb_source_abundance_sample19_0_1_3_4_5_6_7_9_10_11_13_14_15_16_17_18_20_21_22_23_24_25_28	16	16	15	1	1	0.9375	0.9375	0.9375	23.215391722468834	12.202962601464076	union	23.215391722468834	0.9122239933982665	0.9760025717718567	union	0.9122239933982665	10.316170148633907	1.886792452830171	11.012429121004756	98.11320754716984	100.0	88.98757087899523	11.012429121004756	/home/ubuntu/yihuiguang/tools/KSSD3mini/research/experiments/2026-06-27_universal_strategy_decision/results/hmp_current_refresh_r232_source_abundance_sample19_0_1_3_4_5_6_7_9_10_11_13_14_15_16_17_18_20_21_22_23_24_25_28_truth.tsv	/tmp/minco_current_code_hmp_refresh_20260627/minco_sample6_current_exact.tsv	official HMP MinCO GTDB mapping; summed and normalized
hmp_airskin_gtdb_source_abundance	6	sylph_gtdb_source_abundance	16	18	16	2	0	0.8888888888888888	1.0	0.9411764705882353	3.4030134955207005	1.889710468914646	union	3.4030134955207005	0.9989848198040682	0.9996990497657611	union	0.9989848198040682	1.889710468914646	0.0	1.5133030266060536	100.0	100.0	98.48669697339396	1.5133030266060536	/home/ubuntu/yihuiguang/tools/KSSD3mini/research/experiments/2026-06-27_universal_strategy_decision/results/hmp_current_refresh_r232_source_abundance_sample19_0_1_3_4_5_6_7_9_10_11_13_14_15_16_17_18_20_21_22_23_24_25_28_truth.tsv	/tmp/cami2_hmp_unseen_transfer_20260626/run_sylph_r232/sylph_sample6/profile.tsv	Sylph GTDB accession mapping; summed per GTDB species; normalized
hmp_airskin_gtdb_source_abundance	6	oracle_fixed_calls_truth_mass	16	16	15	1	1	0.9375	0.9375	0.9375	1.886792452830171	1.886792452830171	union	1.886792452830171	0.9986214133285191	0.9985898587818763	union	0.9986214133285191	0.0	1.886792452830171	0.0	98.11320754716984	98.11320754716984	98.11320754716984	0.0	/home/ubuntu/yihuiguang/tools/KSSD3mini/research/experiments/2026-06-27_universal_strategy_decision/results/hmp_current_refresh_r232_source_abundance_sample19_0_1_3_4_5_6_7_9_10_11_13_14_15_16_17_18_20_21_22_23_24_25_28_truth.tsv	/tmp/minco_current_code_hmp_refresh_20260627/minco_sample6_current_exact.tsv	same MinCO call set; true abundance assigned to true-positive calls; false-positive calls get zero; no renormalization
hmp_airskin_gtdb_source_abundance	6	oracle_fixed_calls_truth_renorm	16	16	15	1	1	0.9375	0.9375	0.9375	3.7735849056603348	3.7735849056603348	union	3.7735849056603348	0.9986214133285193	0.9985898587818764	union	0.9986214133285193	1.8867924528301636	1.886792452830171	0.0	98.11320754716984	99.99999999999999	99.99999999999999	0.0	/home/ubuntu/yihuiguang/tools/KSSD3mini/research/experiments/2026-06-27_universal_strategy_decision/results/hmp_current_refresh_r232_source_abundance_sample19_0_1_3_4_5_6_7_9_10_11_13_14_15_16_17_18_20_21_22_23_24_25_28_truth.tsv	/tmp/minco_current_code_hmp_refresh_20260627/minco_sample6_current_exact.tsv	same MinCO call set; true-positive truth abundance renormalized over detected truth mass; false-positive calls get zero
hmp_airskin_gtdb_source_abundance	6	oracle_current_tp_abundance_renorm	16	16	15	1	1	0.9375	0.9375	0.9375	16.801623315301377	16.801623315301377	union	16.801623315301377	0.9767425898966853	0.9760025717718568	union	0.9767425898966853	14.914830862471206	1.886792452830171	0.0	98.11320754716984	100.00000000000003	100.00000000000003	0.0	/home/ubuntu/yihuiguang/tools/KSSD3mini/research/experiments/2026-06-27_universal_strategy_decision/results/hmp_current_refresh_r232_source_abundance_sample19_0_1_3_4_5_6_7_9_10_11_13_14_15_16_17_18_20_21_22_23_24_25_28_truth.tsv	/tmp/minco_current_code_hmp_refresh_20260627/minco_sample6_current_exact.tsv	same MinCO call set; current MinCO abundance kept on true-positive calls then renormalized; false-positive calls get zero
hmp_airskin_gtdb_source_abundance	7	minco_current_default_gtdb_source_abundance_sample19_0_1_3_4_5_6_7_9_10_11_13_14_15_16_17_18_20_21_22_23_24_25_28	75	89	69	20	6	0.7752808988764045	0.92	0.8414634146341463	27.60939968724819	23.569124165375882	union	27.60939968724819	0.9875542782678018	0.9880750272858687	union	0.9875542782678018	22.843841979863015	0.7252821855128652	4.040275521872296	99.27471781448712	100.0	95.95972447812771	4.040275521872296	/home/ubuntu/yihuiguang/tools/KSSD3mini/research/experiments/2026-06-27_universal_strategy_decision/results/hmp_current_refresh_r232_source_abundance_sample19_0_1_3_4_5_6_7_9_10_11_13_14_15_16_17_18_20_21_22_23_24_25_28_truth.tsv	/mnt/new3T/minco_release_holdouts_20260628/minco_current_code_hmp_airskin7_20260627/minco_sample7_current_default.tsv	official HMP MinCO GTDB mapping; summed and normalized
hmp_airskin_gtdb_source_abundance	7	sylph_gtdb_source_abundance	75	77	73	4	2	0.948051948051948	0.9733333333333334	0.9605263157894737	5.2057183591225575	4.843116546113492	union	5.2057183591225575	0.9994444134687459	0.9994491106272495	union	0.9994444134687459	4.740275129128977	0.10284141698451588	0.36260181300906513	99.89715858301548	100.00000000000003	99.63739818699091	0.36260181300906513	/home/ubuntu/yihuiguang/tools/KSSD3mini/research/experiments/2026-06-27_universal_strategy_decision/results/hmp_current_refresh_r232_source_abundance_sample19_0_1_3_4_5_6_7_9_10_11_13_14_15_16_17_18_20_21_22_23_24_25_28_truth.tsv	/mnt/new3T/minco_release_holdouts_20260628/cami2_hmp_unseen_transfer_20260626/run_sylph_r232/sylph_sample7/profile.tsv	Sylph GTDB accession mapping; summed per GTDB species; normalized
hmp_airskin_gtdb_source_abundance	7	oracle_fixed_calls_truth_mass	75	89	69	20	6	0.7752808988764045	0.92	0.8414634146341463	0.7252821855128653	0.7252821855128653	union	0.7252821855128653	0.9999635785404646	0.9999634957107232	union	0.9999635785404646	0.0	0.7252821855128652	0.0	99.27471781448712	99.27471781448712	99.27471781448712	0.0	/home/ubuntu/yihuiguang/tools/KSSD3mini/research/experiments/2026-06-27_universal_strategy_decision/results/hmp_current_refresh_r232_source_abundance_sample19_0_1_3_4_5_6_7_9_10_11_13_14_15_16_17_18_20_21_22_23_24_25_28_truth.tsv	/mnt/new3T/minco_release_holdouts_20260628/minco_current_code_hmp_airskin7_20260627/minco_sample7_current_default.tsv	same MinCO call set; true abundance assigned to true-positive calls; false-positive calls get zero; no renormalization
hmp_airskin_gtdb_source_abundance	7	oracle_fixed_calls_truth_renorm	75	89	69	20	6	0.7752808988764045	0.92	0.8414634146341463	1.4505643710257536	1.4505643710257536	union	1.4505643710257536	0.9999635785404666	0.9999634957107224	union	0.9999635785404666	0.7252821855128884	0.7252821855128652	0.0	99.27471781448712	100.00000000000004	100.00000000000004	0.0	/home/ubuntu/yihuiguang/tools/KSSD3mini/research/experiments/2026-06-27_universal_strategy_decision/results/hmp_current_refresh_r232_source_abundance_sample19_0_1_3_4_5_6_7_9_10_11_13_14_15_16_17_18_20_21_22_23_24_25_28_truth.tsv	/mnt/new3T/minco_release_holdouts_20260628/minco_current_code_hmp_airskin7_20260627/minco_sample7_current_default.tsv	same MinCO call set; true-positive truth abundance renormalized over detected truth mass; false-positive calls get zero
hmp_airskin_gtdb_source_abundance	7	oracle_current_tp_abundance_renorm	75	89	69	20	6	0.7752808988764045	0.92	0.8414634146341463	22.132286545617333	22.132286545617333	union	22.132286545617333	0.9881522030985246	0.988075027285869	union	0.9881522030985246	21.407004360104466	0.7252821855128652	0.0	99.27471781448712	99.99999999999997	99.99999999999997	0.0	/home/ubuntu/yihuiguang/tools/KSSD3mini/research/experiments/2026-06-27_universal_strategy_decision/results/hmp_current_refresh_r232_source_abundance_sample19_0_1_3_4_5_6_7_9_10_11_13_14_15_16_17_18_20_21_22_23_24_25_28_truth.tsv	/mnt/new3T/minco_release_holdouts_20260628/minco_current_code_hmp_airskin7_20260627/minco_sample7_current_default.tsv	same MinCO call set; current MinCO abundance kept on true-positive calls then renormalized; false-positive calls get zero
hmp_airskin_gtdb_source_abundance	9	minco_current_default_gtdb_source_abundance_sample19_0_1_3_4_5_6_7_9_10_11_13_14_15_16_17_18_20_21_22_23_24_25_28	96	102	92	10	4	0.9019607843137255	0.9583333333333334	0.9292929292929293	31.5269302502451	22.68679514645173	union	31.5269302502451	0.9866666556242835	0.9927120918834786	union	0.9866666556242835	22.615939364749455	0.07085578170228189	8.840135103793365	99.92914421829767	100.0	91.15986489620667	8.840135103793365	/home/ubuntu/yihuiguang/tools/KSSD3mini/research/experiments/2026-06-27_universal_strategy_decision/results/hmp_current_refresh_r232_source_abundance_sample19_0_1_3_4_5_6_7_9_10_11_13_14_15_16_17_18_20_21_22_23_24_25_28_truth.tsv	/mnt/new3T/minco_release_holdouts_20260628/minco_current_code_hmp_airskin9_20260627/minco_sample9_current_default.tsv	official HMP MinCO GTDB mapping; summed and normalized
hmp_airskin_gtdb_source_abundance	9	sylph_gtdb_source_abundance	96	95	93	2	3	0.9789473684210527	0.96875	0.9738219895287958	7.687184035528116	7.589384133328019	union	7.687184035528116	0.9980983985941578	0.9980969824028046	union	0.9980983985941578	7.526106721409328	0.06327741191868606	0.09779990220009781	99.93672258808127	100.0	99.90220009779992	0.09779990220009781	/home/ubuntu/yihuiguang/tools/KSSD3mini/research/experiments/2026-06-27_universal_strategy_decision/results/hmp_current_refresh_r232_source_abundance_sample19_0_1_3_4_5_6_7_9_10_11_13_14_15_16_17_18_20_21_22_23_24_25_28_truth.tsv	/mnt/new3T/minco_release_holdouts_20260628/cami2_hmp_unseen_transfer_20260626/run_sylph_r232/sylph_sample9/profile.tsv	Sylph GTDB accession mapping; summed per GTDB species; normalized
hmp_airskin_gtdb_source_abundance	9	oracle_fixed_calls_truth_mass	96	102	92	10	4	0.9019607843137255	0.9583333333333334	0.9292929292929293	0.0708557817022819	0.0708557817022819	union	0.0708557817022819	0.9999992866977729	0.9999992848575797	union	0.9999992866977729	0.0	0.07085578170228189	0.0	99.92914421829767	99.92914421829767	99.92914421829767	0.0	/home/ubuntu/yihuiguang/tools/KSSD3mini/research/experiments/2026-06-27_universal_strategy_decision/results/hmp_current_refresh_r232_source_abundance_sample19_0_1_3_4_5_6_7_9_10_11_13_14_15_16_17_18_20_21_22_23_24_25_28_truth.tsv	/mnt/new3T/minco_release_holdouts_20260628/minco_current_code_hmp_airskin9_20260627/minco_sample9_current_default.tsv	same MinCO call set; true abundance assigned to true-positive calls; false-positive calls get zero; no renormalization
hmp_airskin_gtdb_source_abundance	9	oracle_fixed_calls_truth_renorm	96	102	92	10	4	0.9019607843137255	0.9583333333333334	0.9292929292929293	0.14171156340461766	0.14171156340461766	union	0.14171156340461766	0.9999992866977737	0.9999992848575814	union	0.9999992866977737	0.07085578170233578	0.07085578170228189	0.0	99.92914421829767	100.00000000000017	100.00000000000017	0.0	/home/ubuntu/yihuiguang/tools/KSSD3mini/research/experiments/2026-06-27_universal_strategy_decision/results/hmp_current_refresh_r232_source_abundance_sample19_0_1_3_4_5_6_7_9_10_11_13_14_15_16_17_18_20_21_22_23_24_25_28_truth.tsv	/mnt/new3T/minco_release_holdouts_20260628/minco_current_code_hmp_airskin9_20260627/minco_sample9_current_default.tsv	same MinCO call set; true-positive truth abundance renormalized over detected truth mass; false-positive calls get zero
hmp_airskin_gtdb_source_abundance	9	oracle_current_tp_abundance_renorm	96	102	92	10	4	0.9019607843137255	0.9583333333333334	0.9292929292929293	20.04455318162547	20.04455318162547	union	20.04455318162547	0.9926908134343586	0.9927120918834789	union	0.9926908134343586	19.973697399923193	0.07085578170228189	0.0	99.92914421829767	99.99999999999999	99.99999999999999	0.0	/home/ubuntu/yihuiguang/tools/KSSD3mini/research/experiments/2026-06-27_universal_strategy_decision/results/hmp_current_refresh_r232_source_abundance_sample19_0_1_3_4_5_6_7_9_10_11_13_14_15_16_17_18_20_21_22_23_24_25_28_truth.tsv	/mnt/new3T/minco_release_holdouts_20260628/minco_current_code_hmp_airskin9_20260627/minco_sample9_current_default.tsv	same MinCO call set; current MinCO abundance kept on true-positive calls then renormalized; false-positive calls get zero
hmp_airskin_gtdb_source_abundance	10	minco_current_default_gtdb_source_abundance_sample19_0_1_3_4_5_6_7_9_10_11_13_14_15_16_17_18_20_21_22_23_24_25_28	69	69	63	6	6	0.9130434782608695	0.9130434782608695	0.9130434782608695	20.729208359157216	18.003822216673814	union	20.729208359157216	0.9889496865549153	0.9899775618885672	union	0.9889496865549153	16.253928579088633	1.7498936375851832	2.7253861424834	98.25010636241487	99.99999999999999	97.27461385751664	2.7253861424834	/home/ubuntu/yihuiguang/tools/KSSD3mini/research/experiments/2026-06-27_universal_strategy_decision/results/hmp_current_refresh_r232_source_abundance_sample19_0_1_3_4_5_6_7_9_10_11_13_14_15_16_17_18_20_21_22_23_24_25_28_truth.tsv	/mnt/new3T/minco_release_holdouts_20260628/minco_current_code_hmp_airskin10_20260627/minco_sample10_current_default.tsv	official HMP MinCO GTDB mapping; summed and normalized
hmp_airskin_gtdb_source_abundance	10	sylph_gtdb_source_abundance	69	67	64	3	5	0.9552238805970149	0.927536231884058	0.9411764705882353	11.172737974136306	8.571835373233707	union	11.172737974136306	0.9931350210509233	0.9957695941224082	union	0.9931350210509233	6.607562539691031	1.9642728335426771	2.6009026009026015	98.03572716645735	100.0	97.3990973990974	2.6009026009026015	/home/ubuntu/yihuiguang/tools/KSSD3mini/research/experiments/2026-06-27_universal_strategy_decision/results/hmp_current_refresh_r232_source_abundance_sample19_0_1_3_4_5_6_7_9_10_11_13_14_15_16_17_18_20_21_22_23_24_25_28_truth.tsv	/mnt/new3T/minco_release_holdouts_20260628/cami2_hmp_unseen_transfer_20260626/run_sylph_r232/sylph_sample10/profile.tsv	Sylph GTDB accession mapping; summed per GTDB species; normalized
hmp_airskin_gtdb_source_abundance	10	oracle_fixed_calls_truth_mass	69	69	63	6	6	0.9130434782608695	0.9130434782608695	0.9130434782608695	1.7498936375851832	1.7498936375851832	union	1.7498936375851832	0.9994638261280365	0.9994604980160303	union	0.9994638261280365	0.0	1.7498936375851832	0.0	98.25010636241487	98.25010636241487	98.25010636241487	0.0	/home/ubuntu/yihuiguang/tools/KSSD3mini/research/experiments/2026-06-27_universal_strategy_decision/results/hmp_current_refresh_r232_source_abundance_sample19_0_1_3_4_5_6_7_9_10_11_13_14_15_16_17_18_20_21_22_23_24_25_28_truth.tsv	/mnt/new3T/minco_release_holdouts_20260628/minco_current_code_hmp_airskin10_20260627/minco_sample10_current_default.tsv	same MinCO call set; true abundance assigned to true-positive calls; false-positive calls get zero; no renormalization
hmp_airskin_gtdb_source_abundance	10	oracle_fixed_calls_truth_renorm	69	69	63	6	6	0.9130434782608695	0.9130434782608695	0.9130434782608695	3.499787275170315	3.499787275170315	union	3.499787275170315	0.9994638261280369	0.9994604980160305	union	0.9994638261280369	1.7498936375851315	1.7498936375851832	0.0	98.25010636241487	99.99999999999994	99.99999999999994	0.0	/home/ubuntu/yihuiguang/tools/KSSD3mini/research/experiments/2026-06-27_universal_strategy_decision/results/hmp_current_refresh_r232_source_abundance_sample19_0_1_3_4_5_6_7_9_10_11_13_14_15_16_17_18_20_21_22_23_24_25_28_truth.tsv	/mnt/new3T/minco_release_holdouts_20260628/minco_current_code_hmp_airskin10_20260627/minco_sample10_current_default.tsv	same MinCO call set; true-positive truth abundance renormalized over detected truth mass; false-positive calls get zero
hmp_airskin_gtdb_source_abundance	10	oracle_current_tp_abundance_renorm	69	69	63	6	6	0.9130434782608695	0.9130434782608695	0.9130434782608695	18.391767666266084	18.391767666266084	union	18.391767666266084	0.9900609374838072	0.9899775618885671	union	0.9900609374838072	16.641874028680903	1.7498936375851832	0.0	98.25010636241487	99.99999999999997	99.99999999999997	0.0	/home/ubuntu/yihuiguang/tools/KSSD3mini/research/experiments/2026-06-27_universal_strategy_decision/results/hmp_current_refresh_r232_source_abundance_sample19_0_1_3_4_5_6_7_9_10_11_13_14_15_16_17_18_20_21_22_23_24_25_28_truth.tsv	/mnt/new3T/minco_release_holdouts_20260628/minco_current_code_hmp_airskin10_20260627/minco_sample10_current_default.tsv	same MinCO call set; current MinCO abundance kept on true-positive calls then renormalized; false-positive calls get zero
hmp_airskin_gtdb_source_abundance	11	minco_current_default_gtdb_source_abundance_sample19_0_1_3_4_5_6_7_9_10_11_13_14_15_16_17_18_20_21_22_23_24_25_28	33	32	32	0	1	1.0	0.9696969696969697	0.9846153846153847	22.345748750639075	22.345748750639075	union	22.345748750639075	0.9390039844436855	0.9390039844436855	union	0.9390039844436855	22.340466337091087	0.005282413547989002	0.0	99.994717586452	100.00000000000003	100.0	0.0	/home/ubuntu/yihuiguang/tools/KSSD3mini/research/experiments/2026-06-27_universal_strategy_decision/results/hmp_current_refresh_r232_source_abundance_sample19_0_1_3_4_5_6_7_9_10_11_13_14_15_16_17_18_20_21_22_23_24_25_28_truth.tsv	/tmp/minco_current_code_hmp_refresh_20260627/minco_sample11_current_exact.tsv	official HMP MinCO GTDB mapping; summed and normalized
hmp_airskin_gtdb_source_abundance	11	sylph_gtdb_source_abundance	33	33	33	0	0	1.0	1.0	1.0	6.864304715532985	6.864304715532985	union	6.864304715532985	0.9941596246642731	0.9941596246642731	union	0.9941596246642731	6.864304715532985	0.0	0.0	99.99999999999999	100.0	100.0	0.0	/home/ubuntu/yihuiguang/tools/KSSD3mini/research/experiments/2026-06-27_universal_strategy_decision/results/hmp_current_refresh_r232_source_abundance_sample19_0_1_3_4_5_6_7_9_10_11_13_14_15_16_17_18_20_21_22_23_24_25_28_truth.tsv	/tmp/cami2_hmp_unseen_transfer_20260626/run_sylph_r232/sylph_sample11/profile.tsv	Sylph GTDB accession mapping; summed per GTDB species; normalized
hmp_airskin_gtdb_source_abundance	11	oracle_fixed_calls_truth_mass	33	32	32	0	1	1.0	0.9696969696969697	0.9846153846153847	0.005282413547989002	0.005282413547989002	union	0.005282413547989002	0.9999999866162944	0.9999999866162944	union	0.9999999866162944	0.0	0.005282413547989002	0.0	99.994717586452	99.994717586452	99.994717586452	0.0	/home/ubuntu/yihuiguang/tools/KSSD3mini/research/experiments/2026-06-27_universal_strategy_decision/results/hmp_current_refresh_r232_source_abundance_sample19_0_1_3_4_5_6_7_9_10_11_13_14_15_16_17_18_20_21_22_23_24_25_28_truth.tsv	/tmp/minco_current_code_hmp_refresh_20260627/minco_sample11_current_exact.tsv	same MinCO call set; true abundance assigned to true-positive calls; false-positive calls get zero; no renormalization
hmp_airskin_gtdb_source_abundance	11	oracle_fixed_calls_truth_renorm	33	32	32	0	1	1.0	0.9696969696969697	0.9846153846153847	0.010564827095989205	0.010564827095989205	union	0.010564827095989205	0.9999999866162949	0.9999999866162949	union	0.9999999866162949	0.005282413548000204	0.005282413547989002	0.0	99.994717586452	100.0	100.0	0.0	/home/ubuntu/yihuiguang/tools/KSSD3mini/research/experiments/2026-06-27_universal_strategy_decision/results/hmp_current_refresh_r232_source_abundance_sample19_0_1_3_4_5_6_7_9_10_11_13_14_15_16_17_18_20_21_22_23_24_25_28_truth.tsv	/tmp/minco_current_code_hmp_refresh_20260627/minco_sample11_current_exact.tsv	same MinCO call set; true-positive truth abundance renormalized over detected truth mass; false-positive calls get zero
hmp_airskin_gtdb_source_abundance	11	oracle_current_tp_abundance_renorm	33	32	32	0	1	1.0	0.9696969696969697	0.9846153846153847	22.345748750639075	22.345748750639075	union	22.345748750639075	0.9390039844436855	0.9390039844436855	union	0.9390039844436855	22.340466337091087	0.005282413547989002	0.0	99.994717586452	100.0	100.0	0.0	/home/ubuntu/yihuiguang/tools/KSSD3mini/research/experiments/2026-06-27_universal_strategy_decision/results/hmp_current_refresh_r232_source_abundance_sample19_0_1_3_4_5_6_7_9_10_11_13_14_15_16_17_18_20_21_22_23_24_25_28_truth.tsv	/tmp/minco_current_code_hmp_refresh_20260627/minco_sample11_current_exact.tsv	same MinCO call set; current MinCO abundance kept on true-positive calls then renormalized; false-positive calls get zero
hmp_airskin_gtdb_source_abundance	13	minco_current_default_gtdb_source_abundance_sample19_0_1_3_4_5_6_7_9_10_11_13_14_15_16_17_18_20_21_22_23_24_25_28	40	40	37	3	3	0.925	0.925	0.925	54.74798404447642	54.19229885851238	union	54.74798404447642	0.9105244185423927	0.9100458154509377	union	0.9105244185423927	54.169833689375025	0.02246516913736668	0.5556851859640413	99.97753483086265	100.0	99.44431481403595	0.5556851859640413	/home/ubuntu/yihuiguang/tools/KSSD3mini/research/experiments/2026-06-27_universal_strategy_decision/results/hmp_current_refresh_r232_source_abundance_sample19_0_1_3_4_5_6_7_9_10_11_13_14_15_16_17_18_20_21_22_23_24_25_28_truth.tsv	/mnt/new3T/minco_release_holdouts_20260628/minco_current_code_hmp_airskin13_20260627/minco_sample13_current_default.tsv	official HMP MinCO GTDB mapping; summed and normalized
hmp_airskin_gtdb_source_abundance	13	sylph_gtdb_source_abundance	40	41	40	1	0	0.975609756097561	1.0	0.9876543209876543	8.344358782582342	8.299658693182161	union	8.344358782582342	0.997402892612516	0.9973977617370005	union	0.997402892612516	8.299658693182163	0.0	0.0447000894001788	100.0	100.0	99.95529991059985	0.0447000894001788	/home/ubuntu/yihuiguang/tools/KSSD3mini/research/experiments/2026-06-27_universal_strategy_decision/results/hmp_current_refresh_r232_source_abundance_sample19_0_1_3_4_5_6_7_9_10_11_13_14_15_16_17_18_20_21_22_23_24_25_28_truth.tsv	/mnt/new3T/minco_release_holdouts_20260628/cami2_hmp_unseen_transfer_20260626/run_sylph_r232/sylph_sample13/profile.tsv	Sylph GTDB accession mapping; summed per GTDB species; normalized
hmp_airskin_gtdb_source_abundance	13	oracle_fixed_calls_truth_mass	40	40	37	3	3	0.925	0.925	0.925	0.02246516913736668	0.02246516913736668	union	0.02246516913736668	0.9999999683225155	0.9999999683092081	union	0.9999999683225155	0.0	0.02246516913736668	0.0	99.97753483086265	99.97753483086265	99.97753483086265	0.0	/home/ubuntu/yihuiguang/tools/KSSD3mini/research/experiments/2026-06-27_universal_strategy_decision/results/hmp_current_refresh_r232_source_abundance_sample19_0_1_3_4_5_6_7_9_10_11_13_14_15_16_17_18_20_21_22_23_24_25_28_truth.tsv	/mnt/new3T/minco_release_holdouts_20260628/minco_current_code_hmp_airskin13_20260627/minco_sample13_current_default.tsv	same MinCO call set; true abundance assigned to true-positive calls; false-positive calls get zero; no renormalization
hmp_airskin_gtdb_source_abundance	13	oracle_fixed_calls_truth_renorm	40	40	37	3	3	0.925	0.925	0.925	0.04493033827472121	0.04493033827472121	union	0.04493033827472121	0.999999968322515	0.9999999683092081	union	0.999999968322515	0.022465169137354538	0.02246516913736668	0.0	99.97753483086265	99.99999999999999	99.99999999999999	0.0	/home/ubuntu/yihuiguang/tools/KSSD3mini/research/experiments/2026-06-27_universal_strategy_decision/results/hmp_current_refresh_r232_source_abundance_sample19_0_1_3_4_5_6_7_9_10_11_13_14_15_16_17_18_20_21_22_23_24_25_28_truth.tsv	/mnt/new3T/minco_release_holdouts_20260628/minco_current_code_hmp_airskin13_20260627/minco_sample13_current_default.tsv	same MinCO call set; true-positive truth abundance renormalized over detected truth mass; false-positive calls get zero
hmp_airskin_gtdb_source_abundance	13	oracle_current_tp_abundance_renorm	40	40	37	3	3	0.925	0.925	0.925	54.385039070110416	54.385039070110416	union	54.385039070110416	0.9104490787468468	0.9100458154509373	union	0.9104490787468468	54.36257390097307	0.02246516913736668	0.0	99.97753483086265	100.00000000000003	100.00000000000003	0.0	/home/ubuntu/yihuiguang/tools/KSSD3mini/research/experiments/2026-06-27_universal_strategy_decision/results/hmp_current_refresh_r232_source_abundance_sample19_0_1_3_4_5_6_7_9_10_11_13_14_15_16_17_18_20_21_22_23_24_25_28_truth.tsv	/mnt/new3T/minco_release_holdouts_20260628/minco_current_code_hmp_airskin13_20260627/minco_sample13_current_default.tsv	same MinCO call set; current MinCO abundance kept on true-positive calls then renormalized; false-positive calls get zero
hmp_airskin_gtdb_source_abundance	14	minco_current_default_gtdb_source_abundance_sample19_0_1_3_4_5_6_7_9_10_11_13_14_15_16_17_18_20_21_22_23_24_25_28	28	30	25	5	3	0.8333333333333334	0.8928571428571429	0.8620689655172413	14.824167972260852	11.35721262026523	union	14.824167972260852	0.9986364303601222	0.9989077132319847	union	0.9986364303601222	8.437504591068336	2.9197080291968933	3.466955351995625	97.0802919708031	100.0	96.53304464800439	3.466955351995625	/home/ubuntu/yihuiguang/tools/KSSD3mini/research/experiments/2026-06-27_universal_strategy_decision/results/hmp_current_refresh_r232_source_abundance_sample19_0_1_3_4_5_6_7_9_10_11_13_14_15_16_17_18_20_21_22_23_24_25_28_truth.tsv	/mnt/new3T/minco_release_holdouts_20260628/minco_current_code_hmp_airskin14_20260627/minco_sample14_current_default.tsv	official HMP MinCO GTDB mapping; summed and normalized
hmp_airskin_gtdb_source_abundance	14	sylph_gtdb_source_abundance	28	31	28	3	0	0.9032258064516129	1.0	0.9491525423728813	4.072864305846237	2.521965856744686	union	4.072864305846237	0.9998420737423819	0.9999800542890702	union	0.9998420737423819	2.521965856744686	0.0	1.550898449101551	100.0	100.0	98.44910155089848	1.550898449101551	/home/ubuntu/yihuiguang/tools/KSSD3mini/research/experiments/2026-06-27_universal_strategy_decision/results/hmp_current_refresh_r232_source_abundance_sample19_0_1_3_4_5_6_7_9_10_11_13_14_15_16_17_18_20_21_22_23_24_25_28_truth.tsv	/mnt/new3T/minco_release_holdouts_20260628/cami2_hmp_unseen_transfer_20260626/run_sylph_r232/sylph_sample14/profile.tsv	Sylph GTDB accession mapping; summed per GTDB species; normalized
hmp_airskin_gtdb_source_abundance	14	oracle_fixed_calls_truth_mass	28	30	25	5	3	0.8333333333333334	0.8928571428571429	0.8620689655172413	2.9197080291968933	2.9197080291968933	union	2.9197080291968933	0.9995945998953005	0.9995960969395101	union	0.9995945998953005	0.0	2.9197080291968933	0.0	97.0802919708031	97.0802919708031	97.0802919708031	0.0	/home/ubuntu/yihuiguang/tools/KSSD3mini/research/experiments/2026-06-27_universal_strategy_decision/results/hmp_current_refresh_r232_source_abundance_sample19_0_1_3_4_5_6_7_9_10_11_13_14_15_16_17_18_20_21_22_23_24_25_28_truth.tsv	/mnt/new3T/minco_release_holdouts_20260628/minco_current_code_hmp_airskin14_20260627/minco_sample14_current_default.tsv	same MinCO call set; true abundance assigned to true-positive calls; false-positive calls get zero; no renormalization
hmp_airskin_gtdb_source_abundance	14	oracle_fixed_calls_truth_renorm	28	30	25	5	3	0.8333333333333334	0.8928571428571429	0.8620689655172413	5.839416058393798	5.839416058393798	union	5.839416058393798	0.9995945998953008	0.9995960969395101	union	0.9995945998953008	2.9197080291969058	2.9197080291968933	0.0	97.0802919708031	100.00000000000004	100.00000000000004	0.0	/home/ubuntu/yihuiguang/tools/KSSD3mini/research/experiments/2026-06-27_universal_strategy_decision/results/hmp_current_refresh_r232_source_abundance_sample19_0_1_3_4_5_6_7_9_10_11_13_14_15_16_17_18_20_21_22_23_24_25_28_truth.tsv	/mnt/new3T/minco_release_holdouts_20260628/minco_current_code_hmp_airskin14_20260627/minco_sample14_current_default.tsv	same MinCO call set; true-positive truth abundance renormalized over detected truth mass; false-positive calls get zero
hmp_airskin_gtdb_source_abundance	14	oracle_current_tp_abundance_renorm	28	30	25	5	3	0.8333333333333334	0.8928571428571429	0.8620689655172413	10.635549968086371	10.635549968086371	union	10.635549968086371	0.9989179141339333	0.9989077132319846	union	0.9989179141339333	7.715841938889476	2.9197080291968933	0.0	97.0802919708031	100.0	100.0	0.0	/home/ubuntu/yihuiguang/tools/KSSD3mini/research/experiments/2026-06-27_universal_strategy_decision/results/hmp_current_refresh_r232_source_abundance_sample19_0_1_3_4_5_6_7_9_10_11_13_14_15_16_17_18_20_21_22_23_24_25_28_truth.tsv	/mnt/new3T/minco_release_holdouts_20260628/minco_current_code_hmp_airskin14_20260627/minco_sample14_current_default.tsv	same MinCO call set; current MinCO abundance kept on true-positive calls then renormalized; false-positive calls get zero
hmp_airskin_gtdb_source_abundance	15	minco_current_default_gtdb_source_abundance_sample19_0_1_3_4_5_6_7_9_10_11_13_14_15_16_17_18_20_21_22_23_24_25_28	24	22	21	1	3	0.9545454545454546	0.875	0.9130434782608695	8.896279874750315	8.527120863346054	union	8.896279874750315	0.9995246530616625	0.9995287270609288	union	0.9995246530616625	6.948509782447711	1.5786110808983413	0.36915901140426033	98.42138891910164	100.0	99.63084098859572	0.36915901140426033	/home/ubuntu/yihuiguang/tools/KSSD3mini/research/experiments/2026-06-27_universal_strategy_decision/results/hmp_current_refresh_r232_source_abundance_sample19_0_1_3_4_5_6_7_9_10_11_13_14_15_16_17_18_20_21_22_23_24_25_28_truth.tsv	/mnt/new3T/minco_release_holdouts_20260628/minco_current_code_hmp_airskin15_20260627/minco_sample15_current_default.tsv	official HMP MinCO GTDB mapping; summed and normalized
hmp_airskin_gtdb_source_abundance	15	sylph_gtdb_source_abundance	24	25	23	2	1	0.92	0.9583333333333334	0.9387755102040817	0.9784642891169384	0.6758642891169385	union	0.9784642891169384	0.999984242699932	0.9999918288894338	union	0.999984242699932	0.6482886588843285	0.02757563023261003	0.3026000000000001	99.97242436976738	100.0	99.69740000000002	0.3026000000000001	/home/ubuntu/yihuiguang/tools/KSSD3mini/research/experiments/2026-06-27_universal_strategy_decision/results/hmp_current_refresh_r232_source_abundance_sample19_0_1_3_4_5_6_7_9_10_11_13_14_15_16_17_18_20_21_22_23_24_25_28_truth.tsv	/mnt/new3T/minco_release_holdouts_20260628/cami2_hmp_unseen_transfer_20260626/run_sylph_r232/sylph_sample15/profile.tsv	Sylph GTDB accession mapping; summed per GTDB species; normalized
hmp_airskin_gtdb_source_abundance	15	oracle_fixed_calls_truth_mass	24	22	21	1	3	0.9545454545454546	0.875	0.9130434782608695	1.5786110808983413	1.5786110808983413	union	1.5786110808983413	0.9998495294775911	0.9998495086438228	union	0.9998495294775911	0.0	1.5786110808983413	0.0	98.42138891910164	98.42138891910164	98.42138891910164	0.0	/home/ubuntu/yihuiguang/tools/KSSD3mini/research/experiments/2026-06-27_universal_strategy_decision/results/hmp_current_refresh_r232_source_abundance_sample19_0_1_3_4_5_6_7_9_10_11_13_14_15_16_17_18_20_21_22_23_24_25_28_truth.tsv	/mnt/new3T/minco_release_holdouts_20260628/minco_current_code_hmp_airskin15_20260627/minco_sample15_current_default.tsv	same MinCO call set; true abundance assigned to true-positive calls; false-positive calls get zero; no renormalization
hmp_airskin_gtdb_source_abundance	15	oracle_fixed_calls_truth_renorm	24	22	21	1	3	0.9545454545454546	0.875	0.9130434782608695	3.157222161796691	3.157222161796691	union	3.157222161796691	0.9998495294775913	0.9998495086438225	union	0.9998495294775913	1.57861108089835	1.5786110808983413	0.0	98.42138891910164	99.99999999999997	99.99999999999997	0.0	/home/ubuntu/yihuiguang/tools/KSSD3mini/research/experiments/2026-06-27_universal_strategy_decision/results/hmp_current_refresh_r232_source_abundance_sample19_0_1_3_4_5_6_7_9_10_11_13_14_15_16_17_18_20_21_22_23_24_25_28_truth.tsv	/mnt/new3T/minco_release_holdouts_20260628/minco_current_code_hmp_airskin15_20260627/minco_sample15_current_default.tsv	same MinCO call set; true-positive truth abundance renormalized over detected truth mass; false-positive calls get zero
hmp_airskin_gtdb_source_abundance	15	oracle_current_tp_abundance_renorm	24	22	21	1	3	0.9545454545454546	0.875	0.9130434782608695	8.356653601778117	8.356653601778117	union	8.356653601778117	0.9995285806760908	0.9995287270609285	union	0.9995285806760908	6.778042520879773	1.5786110808983413	0.0	98.42138891910164	100.0	100.0	0.0	/home/ubuntu/yihuiguang/tools/KSSD3mini/research/experiments/2026-06-27_universal_strategy_decision/results/hmp_current_refresh_r232_source_abundance_sample19_0_1_3_4_5_6_7_9_10_11_13_14_15_16_17_18_20_21_22_23_24_25_28_truth.tsv	/mnt/new3T/minco_release_holdouts_20260628/minco_current_code_hmp_airskin15_20260627/minco_sample15_current_default.tsv	same MinCO call set; current MinCO abundance kept on true-positive calls then renormalized; false-positive calls get zero
hmp_airskin_gtdb_source_abundance	16	minco_current_default_gtdb_source_abundance_sample19_0_1_3_4_5_6_7_9_10_11_13_14_15_16_17_18_20_21_22_23_24_25_28	10	10	10	0	0	1.0	1.0	1.0	6.91458951469376	6.91458951469376	union	6.91458951469376	0.9998353757011105	0.9998353757011105	union	0.9998353757011105	6.91458951469376	0.0	0.0	100.0	100.0	100.0	0.0	/home/ubuntu/yihuiguang/tools/KSSD3mini/research/experiments/2026-06-27_universal_strategy_decision/results/hmp_current_refresh_r232_source_abundance_sample19_0_1_3_4_5_6_7_9_10_11_13_14_15_16_17_18_20_21_22_23_24_25_28_truth.tsv	/mnt/new3T/minco_release_holdouts_20260628/minco_current_code_hmp_airskin16_20260627/minco_sample16_current_default.tsv	official HMP MinCO GTDB mapping; summed and normalized
hmp_airskin_gtdb_source_abundance	16	sylph_gtdb_source_abundance	10	10	10	0	0	1.0	1.0	1.0	1.2885885172944354	1.2885885172944354	union	1.2885885172944354	0.9999595863424355	0.9999595863424355	union	0.9999595863424355	1.2885885172944354	0.0	0.0	100.0	100.0	100.0	0.0	/home/ubuntu/yihuiguang/tools/KSSD3mini/research/experiments/2026-06-27_universal_strategy_decision/results/hmp_current_refresh_r232_source_abundance_sample19_0_1_3_4_5_6_7_9_10_11_13_14_15_16_17_18_20_21_22_23_24_25_28_truth.tsv	/mnt/new3T/minco_release_holdouts_20260628/cami2_hmp_unseen_transfer_20260626/run_sylph_r232/sylph_sample16/profile.tsv	Sylph GTDB accession mapping; summed per GTDB species; normalized
hmp_airskin_gtdb_source_abundance	16	oracle_fixed_calls_truth_mass	10	10	10	0	0	1.0	1.0	1.0	0.0	0.0	union	0.0	0.9999999999999999	0.9999999999999999	union	0.9999999999999999	0.0	0.0	0.0	100.0	100.0	100.0	0.0	/home/ubuntu/yihuiguang/tools/KSSD3mini/research/experiments/2026-06-27_universal_strategy_decision/results/hmp_current_refresh_r232_source_abundance_sample19_0_1_3_4_5_6_7_9_10_11_13_14_15_16_17_18_20_21_22_23_24_25_28_truth.tsv	/mnt/new3T/minco_release_holdouts_20260628/minco_current_code_hmp_airskin16_20260627/minco_sample16_current_default.tsv	same MinCO call set; true abundance assigned to true-positive calls; false-positive calls get zero; no renormalization
hmp_airskin_gtdb_source_abundance	16	oracle_fixed_calls_truth_renorm	10	10	10	0	0	1.0	1.0	1.0	0.0	0.0	union	0.0	0.9999999999999999	0.9999999999999999	union	0.9999999999999999	0.0	0.0	0.0	100.0	100.0	100.0	0.0	/home/ubuntu/yihuiguang/tools/KSSD3mini/research/experiments/2026-06-27_universal_strategy_decision/results/hmp_current_refresh_r232_source_abundance_sample19_0_1_3_4_5_6_7_9_10_11_13_14_15_16_17_18_20_21_22_23_24_25_28_truth.tsv	/mnt/new3T/minco_release_holdouts_20260628/minco_current_code_hmp_airskin16_20260627/minco_sample16_current_default.tsv	same MinCO call set; true-positive truth abundance renormalized over detected truth mass; false-positive calls get zero
hmp_airskin_gtdb_source_abundance	16	oracle_current_tp_abundance_renorm	10	10	10	0	0	1.0	1.0	1.0	6.91458951469376	6.91458951469376	union	6.91458951469376	0.9998353757011105	0.9998353757011105	union	0.9998353757011105	6.91458951469376	0.0	0.0	100.0	100.0	100.0	0.0	/home/ubuntu/yihuiguang/tools/KSSD3mini/research/experiments/2026-06-27_universal_strategy_decision/results/hmp_current_refresh_r232_source_abundance_sample19_0_1_3_4_5_6_7_9_10_11_13_14_15_16_17_18_20_21_22_23_24_25_28_truth.tsv	/mnt/new3T/minco_release_holdouts_20260628/minco_current_code_hmp_airskin16_20260627/minco_sample16_current_default.tsv	same MinCO call set; current MinCO abundance kept on true-positive calls then renormalized; false-positive calls get zero
hmp_airskin_gtdb_source_abundance	17	minco_current_default_gtdb_source_abundance_sample19_0_1_3_4_5_6_7_9_10_11_13_14_15_16_17_18_20_21_22_23_24_25_28	46	73	46	27	0	0.6301369863013698	1.0	0.773109243697479	26.52518064311284	17.668557178190873	union	26.52518064311284	0.9960095778891281	0.996789006391613	union	0.9960095778891281	17.668557178190873	0.0	8.856623464921958	100.00000000000004	100.0	91.14337653507803	8.856623464921958	/home/ubuntu/yihuiguang/tools/KSSD3mini/research/experiments/2026-06-27_universal_strategy_decision/results/hmp_current_refresh_r232_source_abundance_sample19_0_1_3_4_5_6_7_9_10_11_13_14_15_16_17_18_20_21_22_23_24_25_28_truth.tsv	/mnt/new3T/minco_release_holdouts_20260628/minco_current_code_hmp_airskin17_20260627/minco_sample17_current_default.tsv	official HMP MinCO GTDB mapping; summed and normalized
hmp_airskin_gtdb_source_abundance	17	sylph_gtdb_source_abundance	46	48	46	2	0	0.9583333333333334	1.0	0.9787234042553191	1.8725768878823033	1.5343775642809498	union	1.8725768878823033	0.9999665749948402	0.9999794496100463	union	0.9999665749948402	1.53437756428095	0.0	0.3381993236013528	100.00000000000004	100.0	99.66180067639866	0.3381993236013528	/home/ubuntu/yihuiguang/tools/KSSD3mini/research/experiments/2026-06-27_universal_strategy_decision/results/hmp_current_refresh_r232_source_abundance_sample19_0_1_3_4_5_6_7_9_10_11_13_14_15_16_17_18_20_21_22_23_24_25_28_truth.tsv	/mnt/new3T/minco_release_holdouts_20260628/cami2_hmp_unseen_transfer_20260626/run_sylph_r232/sylph_sample17/profile.tsv	Sylph GTDB accession mapping; summed per GTDB species; normalized
hmp_airskin_gtdb_source_abundance	17	oracle_fixed_calls_truth_mass	46	73	46	27	0	0.6301369863013698	1.0	0.773109243697479	0.0	0.0	union	0.0	1.0	0.9999999999999999	union	1.0	0.0	0.0	0.0	100.00000000000004	100.00000000000004	100.00000000000004	0.0	/home/ubuntu/yihuiguang/tools/KSSD3mini/research/experiments/2026-06-27_universal_strategy_decision/results/hmp_current_refresh_r232_source_abundance_sample19_0_1_3_4_5_6_7_9_10_11_13_14_15_16_17_18_20_21_22_23_24_25_28_truth.tsv	/mnt/new3T/minco_release_holdouts_20260628/minco_current_code_hmp_airskin17_20260627/minco_sample17_current_default.tsv	same MinCO call set; true abundance assigned to true-positive calls; false-positive calls get zero; no renormalization
hmp_airskin_gtdb_source_abundance	17	oracle_fixed_calls_truth_renorm	46	73	46	27	0	0.6301369863013698	1.0	0.773109243697479	3.852170318840997e-14	3.852170318840997e-14	union	3.852170318840997e-14	0.9999999999999998	0.9999999999999999	union	0.9999999999999998	3.852170318840997e-14	0.0	0.0	100.00000000000004	100.0	100.0	0.0	/home/ubuntu/yihuiguang/tools/KSSD3mini/research/experiments/2026-06-27_universal_strategy_decision/results/hmp_current_refresh_r232_source_abundance_sample19_0_1_3_4_5_6_7_9_10_11_13_14_15_16_17_18_20_21_22_23_24_25_28_truth.tsv	/mnt/new3T/minco_release_holdouts_20260628/minco_current_code_hmp_airskin17_20260627/minco_sample17_current_default.tsv	same MinCO call set; true-positive truth abundance renormalized over detected truth mass; false-positive calls get zero
hmp_airskin_gtdb_source_abundance	17	oracle_current_tp_abundance_renorm	46	73	46	27	0	0.6301369863013698	1.0	0.773109243697479	14.418562154897256	14.418562154897256	union	14.418562154897256	0.9967612959109854	0.9967890063916135	union	0.9967612959109854	14.418562154897256	0.0	0.0	100.00000000000004	99.99999999999997	99.99999999999997	0.0	/home/ubuntu/yihuiguang/tools/KSSD3mini/research/experiments/2026-06-27_universal_strategy_decision/results/hmp_current_refresh_r232_source_abundance_sample19_0_1_3_4_5_6_7_9_10_11_13_14_15_16_17_18_20_21_22_23_24_25_28_truth.tsv	/mnt/new3T/minco_release_holdouts_20260628/minco_current_code_hmp_airskin17_20260627/minco_sample17_current_default.tsv	same MinCO call set; current MinCO abundance kept on true-positive calls then renormalized; false-positive calls get zero
hmp_airskin_gtdb_source_abundance	18	minco_current_default_gtdb_source_abundance_sample19_0_1_3_4_5_6_7_9_10_11_13_14_15_16_17_18_20_21_22_23_24_25_28	27	26	25	1	2	0.9615384615384616	0.9259259259259259	0.9433962264150944	12.023034824053687	10.640124279496975	union	12.023034824053687	0.9947328417202754	0.9951044194796619	union	0.9947328417202754	8.892852008516593	1.7472722709803796	1.3829105445567123	98.25272772901963	100.0	98.61708945544329	1.3829105445567123	/home/ubuntu/yihuiguang/tools/KSSD3mini/research/experiments/2026-06-27_universal_strategy_decision/results/hmp_current_refresh_r232_source_abundance_sample19_0_1_3_4_5_6_7_9_10_11_13_14_15_16_17_18_20_21_22_23_24_25_28_truth.tsv	/mnt/new3T/minco_release_holdouts_20260628/minco_current_code_hmp_airskin18_20260627/minco_sample18_current_default.tsv	official HMP MinCO GTDB mapping; summed and normalized
hmp_airskin_gtdb_source_abundance	18	sylph_gtdb_source_abundance	27	27	27	0	0	1.0	1.0	1.0	1.8827650603234176	1.8827650603234176	union	1.8827650603234176	0.9999303274396939	0.9999303274396939	union	0.9999303274396939	1.8827650603234178	0.0	0.0	100.0	100.0	99.99999999999999	0.0	/home/ubuntu/yihuiguang/tools/KSSD3mini/research/experiments/2026-06-27_universal_strategy_decision/results/hmp_current_refresh_r232_source_abundance_sample19_0_1_3_4_5_6_7_9_10_11_13_14_15_16_17_18_20_21_22_23_24_25_28_truth.tsv	/mnt/new3T/minco_release_holdouts_20260628/cami2_hmp_unseen_transfer_20260626/run_sylph_r232/sylph_sample18/profile.tsv	Sylph GTDB accession mapping; summed per GTDB species; normalized
hmp_airskin_gtdb_source_abundance	18	oracle_fixed_calls_truth_mass	27	26	25	1	2	0.9615384615384616	0.9259259259259259	0.9433962264150944	1.7472722709803796	1.7472722709803796	union	1.7472722709803796	0.9993517724644395	0.9993491309002076	union	0.9993517724644395	0.0	1.7472722709803796	0.0	98.25272772901963	98.25272772901963	98.25272772901963	0.0	/home/ubuntu/yihuiguang/tools/KSSD3mini/research/experiments/2026-06-27_universal_strategy_decision/results/hmp_current_refresh_r232_source_abundance_sample19_0_1_3_4_5_6_7_9_10_11_13_14_15_16_17_18_20_21_22_23_24_25_28_truth.tsv	/mnt/new3T/minco_release_holdouts_20260628/minco_current_code_hmp_airskin18_20260627/minco_sample18_current_default.tsv	same MinCO call set; true abundance assigned to true-positive calls; false-positive calls get zero; no renormalization
hmp_airskin_gtdb_source_abundance	18	oracle_fixed_calls_truth_renorm	27	26	25	1	2	0.9615384615384616	0.9259259259259259	0.9433962264150944	3.494544541960752	3.494544541960752	union	3.494544541960752	0.9993517724644395	0.9993491309002073	union	0.9993517724644395	1.7472722709803736	1.7472722709803796	0.0	98.25272772901963	100.0	100.0	0.0	/home/ubuntu/yihuiguang/tools/KSSD3mini/research/experiments/2026-06-27_universal_strategy_decision/results/hmp_current_refresh_r232_source_abundance_sample19_0_1_3_4_5_6_7_9_10_11_13_14_15_16_17_18_20_21_22_23_24_25_28_truth.tsv	/mnt/new3T/minco_release_holdouts_20260628/minco_current_code_hmp_airskin18_20260627/minco_sample18_current_default.tsv	same MinCO call set; true-positive truth abundance renormalized over detected truth mass; false-positive calls get zero
hmp_airskin_gtdb_source_abundance	18	oracle_current_tp_abundance_renorm	27	26	25	1	2	0.9615384615384616	0.9259259259259259	0.9433962264150944	10.993586566880326	10.993586566880326	union	10.993586566880326	0.9951325097740664	0.9951044194796619	union	0.9951325097740664	9.246314295899944	1.7472722709803796	0.0	98.25272772901963	100.0	100.0	0.0	/home/ubuntu/yihuiguang/tools/KSSD3mini/research/experiments/2026-06-27_universal_strategy_decision/results/hmp_current_refresh_r232_source_abundance_sample19_0_1_3_4_5_6_7_9_10_11_13_14_15_16_17_18_20_21_22_23_24_25_28_truth.tsv	/mnt/new3T/minco_release_holdouts_20260628/minco_current_code_hmp_airskin18_20260627/minco_sample18_current_default.tsv	same MinCO call set; current MinCO abundance kept on true-positive calls then renormalized; false-positive calls get zero
hmp_airskin_gtdb_source_abundance	19	minco_current_default_gtdb_source_abundance_sample19_0_1_3_4_5_6_7_9_10_11_13_14_15_16_17_18_20_21_22_23_24_25_28	111	147	104	43	7	0.7074829931972789	0.9369369369369369	0.8062015503875969	37.17374040767123	27.293248540726317	union	37.17374040767123	0.9634093812936604	0.9806831944471561	union	0.9634093812936604	25.4531720460488	1.8400764946775117	9.880491866944903	98.15992350532248	100.0	90.11950813305512	9.880491866944903	/home/ubuntu/yihuiguang/tools/KSSD3mini/research/experiments/2026-06-27_universal_strategy_decision/results/hmp_current_refresh_r232_source_abundance_sample19_0_1_3_4_5_6_7_9_10_11_13_14_15_16_17_18_20_21_22_23_24_25_28_truth.tsv	/mnt/new3T/minco_release_holdouts_20260628/minco_current_code_hmp_airskin19_20260627/minco_sample19_current_default.tsv	official HMP MinCO GTDB mapping; summed and normalized
hmp_airskin_gtdb_source_abundance	19	sylph_gtdb_source_abundance	111	110	107	3	4	0.9727272727272728	0.963963963963964	0.9683257918552037	13.049354419407996	11.072064305858566	union	13.049354419407996	0.9941563409041001	0.9965240092457666	union	0.9941563409041001	10.20073490732246	0.8713293985361064	1.977290113549432	99.1286706014639	100.0	98.02270988645053	1.977290113549432	/home/ubuntu/yihuiguang/tools/KSSD3mini/research/experiments/2026-06-27_universal_strategy_decision/results/hmp_current_refresh_r232_source_abundance_sample19_0_1_3_4_5_6_7_9_10_11_13_14_15_16_17_18_20_21_22_23_24_25_28_truth.tsv	/mnt/new3T/minco_release_holdouts_20260628/cami2_hmp_unseen_transfer_20260626/run_sylph_r232/sylph_sample19/profile.tsv	Sylph GTDB accession mapping; summed per GTDB species; normalized
hmp_airskin_gtdb_source_abundance	19	oracle_fixed_calls_truth_mass	111	147	104	43	7	0.7074829931972789	0.9369369369369369	0.8062015503875969	1.840076494677512	1.840076494677512	union	1.840076494677512	0.999419380090824	0.999402322308733	union	0.999419380090824	0.0	1.8400764946775117	0.0	98.15992350532248	98.15992350532248	98.15992350532248	0.0	/home/ubuntu/yihuiguang/tools/KSSD3mini/research/experiments/2026-06-27_universal_strategy_decision/results/hmp_current_refresh_r232_source_abundance_sample19_0_1_3_4_5_6_7_9_10_11_13_14_15_16_17_18_20_21_22_23_24_25_28_truth.tsv	/mnt/new3T/minco_release_holdouts_20260628/minco_current_code_hmp_airskin19_20260627/minco_sample19_current_default.tsv	same MinCO call set; true abundance assigned to true-positive calls; false-positive calls get zero; no renormalization
hmp_airskin_gtdb_source_abundance	19	oracle_fixed_calls_truth_renorm	111	147	104	43	7	0.7074829931972789	0.9369369369369369	0.8062015503875969	3.680152989355024	3.680152989355024	union	3.680152989355024	0.9994193800908251	0.9994023223087335	union	0.9994193800908251	1.8400764946775123	1.8400764946775117	0.0	98.15992350532248	100.00000000000003	100.00000000000003	0.0	/home/ubuntu/yihuiguang/tools/KSSD3mini/research/experiments/2026-06-27_universal_strategy_decision/results/hmp_current_refresh_r232_source_abundance_sample19_0_1_3_4_5_6_7_9_10_11_13_14_15_16_17_18_20_21_22_23_24_25_28_truth.tsv	/mnt/new3T/minco_release_holdouts_20260628/minco_current_code_hmp_airskin19_20260627/minco_sample19_current_default.tsv	same MinCO call set; true-positive truth abundance renormalized over detected truth mass; false-positive calls get zero
hmp_airskin_gtdb_source_abundance	19	oracle_current_tp_abundance_renorm	111	147	104	43	7	0.7074829931972789	0.9369369369369369	0.8062015503875969	25.67045751023841	25.67045751023841	union	25.67045751023841	0.9811246125409062	0.980683194447156	union	0.9811246125409062	23.830381015560906	1.8400764946775117	0.0	98.15992350532248	100.00000000000003	100.00000000000003	0.0	/home/ubuntu/yihuiguang/tools/KSSD3mini/research/experiments/2026-06-27_universal_strategy_decision/results/hmp_current_refresh_r232_source_abundance_sample19_0_1_3_4_5_6_7_9_10_11_13_14_15_16_17_18_20_21_22_23_24_25_28_truth.tsv	/mnt/new3T/minco_release_holdouts_20260628/minco_current_code_hmp_airskin19_20260627/minco_sample19_current_default.tsv	same MinCO call set; current MinCO abundance kept on true-positive calls then renormalized; false-positive calls get zero
hmp_airskin_gtdb_source_abundance	20	minco_current_default_gtdb_source_abundance_sample19_0_1_3_4_5_6_7_9_10_11_13_14_15_16_17_18_20_21_22_23_24_25_28	79	106	76	30	3	0.7169811320754716	0.9620253164556962	0.8216216216216216	25.952986359054343	16.912054762225655	union	25.952986359054343	0.990482300426512	0.994983201473338	union	0.990482300426512	13.123119771750325	3.7889349904753336	9.040931596828678	96.21106500952466	100.0	90.95906840317126	9.040931596828678	/home/ubuntu/yihuiguang/tools/KSSD3mini/research/experiments/2026-06-27_universal_strategy_decision/results/hmp_current_refresh_r232_source_abundance_sample19_0_1_3_4_5_6_7_9_10_11_13_14_15_16_17_18_20_21_22_23_24_25_28_truth.tsv	/mnt/new3T/minco_release_holdouts_20260628/minco_current_code_hmp_airskin20_20260627/minco_sample20_current_default.tsv	official HMP MinCO GTDB mapping; summed and normalized
hmp_airskin_gtdb_source_abundance	20	sylph_gtdb_source_abundance	79	78	76	2	3	0.9743589743589743	0.9620253164556962	0.9681528662420382	4.085099397500761	3.2966978206976076	union	4.085099397500761	0.999816263275884	0.999888846032565	union	0.999816263275884	3.291480909189384	0.0052169115082216465	0.7884015768031534	99.99478308849177	99.99999999999999	99.21159842319682	0.7884015768031534	/home/ubuntu/yihuiguang/tools/KSSD3mini/research/experiments/2026-06-27_universal_strategy_decision/results/hmp_current_refresh_r232_source_abundance_sample19_0_1_3_4_5_6_7_9_10_11_13_14_15_16_17_18_20_21_22_23_24_25_28_truth.tsv	/mnt/new3T/minco_release_holdouts_20260628/cami2_hmp_unseen_transfer_20260626/run_sylph_r232/sylph_sample20/profile.tsv	Sylph GTDB accession mapping; summed per GTDB species; normalized
hmp_airskin_gtdb_source_abundance	20	oracle_fixed_calls_truth_mass	79	106	76	30	3	0.7169811320754716	0.9620253164556962	0.8216216216216216	3.788934990475333	3.788934990475333	union	3.788934990475333	0.9967912871166651	0.9967525683239267	union	0.9967912871166651	0.0	3.7889349904753336	0.0	96.21106500952466	96.21106500952466	96.21106500952466	0.0	/home/ubuntu/yihuiguang/tools/KSSD3mini/research/experiments/2026-06-27_universal_strategy_decision/results/hmp_current_refresh_r232_source_abundance_sample19_0_1_3_4_5_6_7_9_10_11_13_14_15_16_17_18_20_21_22_23_24_25_28_truth.tsv	/mnt/new3T/minco_release_holdouts_20260628/minco_current_code_hmp_airskin20_20260627/minco_sample20_current_default.tsv	same MinCO call set; true abundance assigned to true-positive calls; false-positive calls get zero; no renormalization
hmp_airskin_gtdb_source_abundance	20	oracle_fixed_calls_truth_renorm	79	106	76	30	3	0.7169811320754716	0.9620253164556962	0.8216216216216216	7.577869980950664	7.577869980950664	union	7.577869980950664	0.9967912871166648	0.9967525683239268	union	0.9967912871166648	3.788934990475332	3.7889349904753336	0.0	96.21106500952466	100.00000000000003	100.00000000000003	0.0	/home/ubuntu/yihuiguang/tools/KSSD3mini/research/experiments/2026-06-27_universal_strategy_decision/results/hmp_current_refresh_r232_source_abundance_sample19_0_1_3_4_5_6_7_9_10_11_13_14_15_16_17_18_20_21_22_23_24_25_28_truth.tsv	/mnt/new3T/minco_release_holdouts_20260628/minco_current_code_hmp_airskin20_20260627/minco_sample20_current_default.tsv	same MinCO call set; true-positive truth abundance renormalized over detected truth mass; false-positive calls get zero
hmp_airskin_gtdb_source_abundance	20	oracle_current_tp_abundance_renorm	79	106	76	30	3	0.7169811320754716	0.9620253164556962	0.8216216216216216	15.230818265477348	15.230818265477348	union	15.230818265477348	0.9950430120529332	0.9949832014733381	union	0.9950430120529332	11.441883275002022	3.7889349904753336	0.0	96.21106500952466	100.00000000000003	100.00000000000003	0.0	/home/ubuntu/yihuiguang/tools/KSSD3mini/research/experiments/2026-06-27_universal_strategy_decision/results/hmp_current_refresh_r232_source_abundance_sample19_0_1_3_4_5_6_7_9_10_11_13_14_15_16_17_18_20_21_22_23_24_25_28_truth.tsv	/mnt/new3T/minco_release_holdouts_20260628/minco_current_code_hmp_airskin20_20260627/minco_sample20_current_default.tsv	same MinCO call set; current MinCO abundance kept on true-positive calls then renormalized; false-positive calls get zero
hmp_airskin_gtdb_source_abundance	21	minco_current_default_gtdb_source_abundance_sample19_0_1_3_4_5_6_7_9_10_11_13_14_15_16_17_18_20_21_22_23_24_25_28	34	41	33	8	1	0.8048780487804879	0.9705882352941176	0.8800000000000001	34.744967146761056	18.16781652663422	union	34.744967146761056	0.9626902136826683	0.9915885745919614	union	0.9626902136826683	18.167165307640357	0.0006512189938602438	16.57715062012684	99.99934878100616	100.0	83.42284937987317	16.57715062012684	/home/ubuntu/yihuiguang/tools/KSSD3mini/research/experiments/2026-06-27_universal_strategy_decision/results/hmp_current_refresh_r232_source_abundance_sample19_0_1_3_4_5_6_7_9_10_11_13_14_15_16_17_18_20_21_22_23_24_25_28_truth.tsv	/mnt/new3T/minco_release_holdouts_20260628/minco_current_code_hmp_airskin21_20260627/minco_sample21_current_default.tsv	official HMP MinCO GTDB mapping; summed and normalized
hmp_airskin_gtdb_source_abundance	21	sylph_gtdb_source_abundance	34	34	33	1	1	0.9705882352941176	0.9705882352941176	0.9705882352941176	2.1979830214332154	1.9535835102322374	union	2.1979830214332154	0.9998887705925336	0.9999037206858027	union	0.9998887705925336	1.9529322912383777	0.0006512189938602438	0.24439951120097764	99.99934878100616	100.0	99.75560048879903	0.24439951120097764	/home/ubuntu/yihuiguang/tools/KSSD3mini/research/experiments/2026-06-27_universal_strategy_decision/results/hmp_current_refresh_r232_source_abundance_sample19_0_1_3_4_5_6_7_9_10_11_13_14_15_16_17_18_20_21_22_23_24_25_28_truth.tsv	/mnt/new3T/minco_release_holdouts_20260628/cami2_hmp_unseen_transfer_20260626/run_sylph_r232/sylph_sample21/profile.tsv	Sylph GTDB accession mapping; summed per GTDB species; normalized
hmp_airskin_gtdb_source_abundance	21	oracle_fixed_calls_truth_mass	34	41	33	8	1	0.8048780487804879	0.9705882352941176	0.8800000000000001	0.0006512189938602438	0.0006512189938602438	union	0.0006512189938602438	0.9999999998846668	0.9999999998818468	union	0.9999999998846668	0.0	0.0006512189938602438	0.0	99.99934878100616	99.99934878100616	99.99934878100616	0.0	/home/ubuntu/yihuiguang/tools/KSSD3mini/research/experiments/2026-06-27_universal_strategy_decision/results/hmp_current_refresh_r232_source_abundance_sample19_0_1_3_4_5_6_7_9_10_11_13_14_15_16_17_18_20_21_22_23_24_25_28_truth.tsv	/mnt/new3T/minco_release_holdouts_20260628/minco_current_code_hmp_airskin21_20260627/minco_sample21_current_default.tsv	same MinCO call set; true abundance assigned to true-positive calls; false-positive calls get zero; no renormalization
hmp_airskin_gtdb_source_abundance	21	oracle_fixed_calls_truth_renorm	34	41	33	8	1	0.8048780487804879	0.9705882352941176	0.8800000000000001	0.001302437987699793	0.001302437987699793	union	0.001302437987699793	0.9999999998846665	0.9999999998818464	union	0.9999999998846665	0.0006512189938395491	0.0006512189938602438	0.0	99.99934878100616	99.99999999999997	99.99999999999997	0.0	/home/ubuntu/yihuiguang/tools/KSSD3mini/research/experiments/2026-06-27_universal_strategy_decision/results/hmp_current_refresh_r232_source_abundance_sample19_0_1_3_4_5_6_7_9_10_11_13_14_15_16_17_18_20_21_22_23_24_25_28_truth.tsv	/mnt/new3T/minco_release_holdouts_20260628/minco_current_code_hmp_airskin21_20260627/minco_sample21_current_default.tsv	same MinCO call set; true-positive truth abundance renormalized over detected truth mass; false-positive calls get zero
hmp_airskin_gtdb_source_abundance	21	oracle_current_tp_abundance_renorm	34	41	33	8	1	0.8048780487804879	0.9705882352941176	0.8800000000000001	13.570698981290501	13.570698981290501	union	13.570698981290501	0.9917260136017794	0.9915885745919611	union	0.9917260136017794	13.57004776229664	0.0006512189938602438	0.0	99.99934878100616	100.0	100.0	0.0	/home/ubuntu/yihuiguang/tools/KSSD3mini/research/experiments/2026-06-27_universal_strategy_decision/results/hmp_current_refresh_r232_source_abundance_sample19_0_1_3_4_5_6_7_9_10_11_13_14_15_16_17_18_20_21_22_23_24_25_28_truth.tsv	/mnt/new3T/minco_release_holdouts_20260628/minco_current_code_hmp_airskin21_20260627/minco_sample21_current_default.tsv	same MinCO call set; current MinCO abundance kept on true-positive calls then renormalized; false-positive calls get zero
hmp_airskin_gtdb_source_abundance	22	minco_current_default_gtdb_source_abundance_sample19_0_1_3_4_5_6_7_9_10_11_13_14_15_16_17_18_20_21_22_23_24_25_28	21	38	19	19	2	0.5	0.9047619047619048	0.6440677966101696	20.64859084035785	12.056025115448868	union	20.64859084035785	0.9885915958918304	0.996832682720166	union	0.9885915958918304	12.048019847048787	0.00800526840008274	8.592565724908985	99.99199473159993	99.99999999999997	91.407434275091	8.592565724908985	/home/ubuntu/yihuiguang/tools/KSSD3mini/research/experiments/2026-06-27_universal_strategy_decision/results/hmp_current_refresh_r232_source_abundance_sample19_0_1_3_4_5_6_7_9_10_11_13_14_15_16_17_18_20_21_22_23_24_25_28_truth.tsv	/tmp/minco_current_code_hmp_airskin22_20260627/minco_sample22_current_default.tsv	official HMP MinCO GTDB mapping; summed and normalized
hmp_airskin_gtdb_source_abundance	22	sylph_gtdb_source_abundance	21	23	20	3	1	0.8695652173913043	0.9523809523809523	0.909090909090909	6.04369201147048	3.1357891035675713	union	6.04369201147048	0.997078760038069	0.9992223881418048	union	0.997078760038069	3.13329850850715	0.002490595060420684	2.907902907902907	99.9975094049396	99.99999999999999	97.09209709209708	2.907902907902907	/home/ubuntu/yihuiguang/tools/KSSD3mini/research/experiments/2026-06-27_universal_strategy_decision/results/hmp_current_refresh_r232_source_abundance_sample19_0_1_3_4_5_6_7_9_10_11_13_14_15_16_17_18_20_21_22_23_24_25_28_truth.tsv	/tmp/cami2_hmp_unseen_transfer_20260626/run_sylph_r232/sylph_sample22/profile.tsv	Sylph GTDB accession mapping; summed per GTDB species; normalized
hmp_airskin_gtdb_source_abundance	22	oracle_fixed_calls_truth_mass	21	38	19	19	2	0.5	0.9047619047619048	0.6440677966101696	0.00800526840008274	0.00800526840008274	union	0.00800526840008274	0.9999999915857606	0.9999999911076766	union	0.9999999915857606	0.0	0.00800526840008274	0.0	99.99199473159993	99.99199473159993	99.99199473159993	0.0	/home/ubuntu/yihuiguang/tools/KSSD3mini/research/experiments/2026-06-27_universal_strategy_decision/results/hmp_current_refresh_r232_source_abundance_sample19_0_1_3_4_5_6_7_9_10_11_13_14_15_16_17_18_20_21_22_23_24_25_28_truth.tsv	/tmp/minco_current_code_hmp_airskin22_20260627/minco_sample22_current_default.tsv	same MinCO call set; true abundance assigned to true-positive calls; false-positive calls get zero; no renormalization
hmp_airskin_gtdb_source_abundance	22	oracle_fixed_calls_truth_renorm	21	38	19	19	2	0.5	0.9047619047619048	0.6440677966101696	0.016010536800149883	0.016010536800149883	union	0.016010536800149883	0.9999999915857603	0.9999999911076766	union	0.9999999915857603	0.008005268400067142	0.00800526840008274	0.0	99.99199473159993	100.0	100.0	0.0	/home/ubuntu/yihuiguang/tools/KSSD3mini/research/experiments/2026-06-27_universal_strategy_decision/results/hmp_current_refresh_r232_source_abundance_sample19_0_1_3_4_5_6_7_9_10_11_13_14_15_16_17_18_20_21_22_23_24_25_28_truth.tsv	/tmp/minco_current_code_hmp_airskin22_20260627/minco_sample22_current_default.tsv	same MinCO call set; true-positive truth abundance renormalized over detected truth mass; false-positive calls get zero
hmp_airskin_gtdb_source_abundance	22	oracle_current_tp_abundance_renorm	21	38	19	19	2	0.5	0.9047619047619048	0.6440677966101696	10.131286789428357	10.131286789428357	union	10.131286789428357	0.9970396038285495	0.9968326827201656	union	0.9970396038285495	10.123281521028273	0.00800526840008274	0.0	99.99199473159993	100.0	100.0	0.0	/home/ubuntu/yihuiguang/tools/KSSD3mini/research/experiments/2026-06-27_universal_strategy_decision/results/hmp_current_refresh_r232_source_abundance_sample19_0_1_3_4_5_6_7_9_10_11_13_14_15_16_17_18_20_21_22_23_24_25_28_truth.tsv	/tmp/minco_current_code_hmp_airskin22_20260627/minco_sample22_current_default.tsv	same MinCO call set; current MinCO abundance kept on true-positive calls then renormalized; false-positive calls get zero
hmp_airskin_gtdb_source_abundance	23	minco_current_default_gtdb_source_abundance_sample19_0_1_3_4_5_6_7_9_10_11_13_14_15_16_17_18_20_21_22_23_24_25_28	33	36	31	5	2	0.8611111111111112	0.9393939393939394	0.8985507246376813	28.419231919115344	24.333989815353604	union	28.419231919115344	0.984447024806524	0.9854764855410798	union	0.984447024806524	17.005002667319914	7.328987148033696	4.085242103761735	92.67101285196627	100.0	95.91475789623823	4.085242103761735	/home/ubuntu/yihuiguang/tools/KSSD3mini/research/experiments/2026-06-27_universal_strategy_decision/results/hmp_current_refresh_r232_source_abundance_sample19_0_1_3_4_5_6_7_9_10_11_13_14_15_16_17_18_20_21_22_23_24_25_28_truth.tsv	/mnt/new3T/minco_release_holdouts_20260628/minco_current_code_hmp_airskin23_20260627/minco_sample23_current_default.tsv	official HMP MinCO GTDB mapping; summed and normalized
hmp_airskin_gtdb_source_abundance	23	sylph_gtdb_source_abundance	33	33	32	1	1	0.9696969696969697	0.9696969696969697	0.9696969696969697	20.895611066045124	20.76921131884462	union	20.895611066045124	0.9831326818275297	0.983072336025806	union	0.9831326818275297	18.755753311143046	2.0134580077015616	0.12639974720050562	97.9865419922984	100.0	99.8736002527995	0.12639974720050562	/home/ubuntu/yihuiguang/tools/KSSD3mini/research/experiments/2026-06-27_universal_strategy_decision/results/hmp_current_refresh_r232_source_abundance_sample19_0_1_3_4_5_6_7_9_10_11_13_14_15_16_17_18_20_21_22_23_24_25_28_truth.tsv	/mnt/new3T/minco_release_holdouts_20260628/cami2_hmp_unseen_transfer_20260626/run_sylph_r232/sylph_sample23/profile.tsv	Sylph GTDB accession mapping; summed per GTDB species; normalized
hmp_airskin_gtdb_source_abundance	23	oracle_fixed_calls_truth_mass	33	36	31	5	2	0.8611111111111112	0.9393939393939394	0.8985507246376813	7.328987148033696	7.328987148033696	union	7.328987148033696	0.9939442317205773	0.9938992609258438	union	0.9939442317205773	0.0	7.328987148033696	0.0	92.67101285196627	92.67101285196627	92.67101285196627	0.0	/home/ubuntu/yihuiguang/tools/KSSD3mini/research/experiments/2026-06-27_universal_strategy_decision/results/hmp_current_refresh_r232_source_abundance_sample19_0_1_3_4_5_6_7_9_10_11_13_14_15_16_17_18_20_21_22_23_24_25_28_truth.tsv	/mnt/new3T/minco_release_holdouts_20260628/minco_current_code_hmp_airskin23_20260627/minco_sample23_current_default.tsv	same MinCO call set; true abundance assigned to true-positive calls; false-positive calls get zero; no renormalization
hmp_airskin_gtdb_source_abundance	23	oracle_fixed_calls_truth_renorm	33	36	31	5	2	0.8611111111111112	0.9393939393939394	0.8985507246376813	14.657974296067422	14.657974296067422	union	14.657974296067422	0.9939442317205778	0.9938992609258438	union	0.9939442317205778	7.328987148033727	7.328987148033696	0.0	92.67101285196627	100.0	100.0	0.0	/home/ubuntu/yihuiguang/tools/KSSD3mini/research/experiments/2026-06-27_universal_strategy_decision/results/hmp_current_refresh_r232_source_abundance_sample19_0_1_3_4_5_6_7_9_10_11_13_14_15_16_17_18_20_21_22_23_24_25_28_truth.tsv	/mnt/new3T/minco_release_holdouts_20260628/minco_current_code_hmp_airskin23_20260627/minco_sample23_current_default.tsv	same MinCO call set; true-positive truth abundance renormalized over detected truth mass; false-positive calls get zero
hmp_airskin_gtdb_source_abundance	23	oracle_current_tp_abundance_renorm	33	36	31	5	2	0.8611111111111112	0.9393939393939394	0.8985507246376813	28.041771876943972	28.041771876943972	union	28.041771876943972	0.9856528212571327	0.9854764855410794	union	0.9856528212571327	20.712784728910275	7.328987148033696	0.0	92.67101285196627	100.00000000000003	100.00000000000003	0.0	/home/ubuntu/yihuiguang/tools/KSSD3mini/research/experiments/2026-06-27_universal_strategy_decision/results/hmp_current_refresh_r232_source_abundance_sample19_0_1_3_4_5_6_7_9_10_11_13_14_15_16_17_18_20_21_22_23_24_25_28_truth.tsv	/mnt/new3T/minco_release_holdouts_20260628/minco_current_code_hmp_airskin23_20260627/minco_sample23_current_default.tsv	same MinCO call set; current MinCO abundance kept on true-positive calls then renormalized; false-positive calls get zero
hmp_airskin_gtdb_source_abundance	24	minco_current_default_gtdb_source_abundance_sample19_0_1_3_4_5_6_7_9_10_11_13_14_15_16_17_18_20_21_22_23_24_25_28	29	26	25	1	4	0.9615384615384616	0.8620689655172413	0.9090909090909091	13.776347378834924	13.138564497392094	union	13.776347378834924	0.9946961294046559	0.9947347218527692	union	0.9946961294046559	11.335069353395303	1.8034951439967912	0.637782881442831	98.1965048560032	100.0	99.36221711855718	0.637782881442831	/home/ubuntu/yihuiguang/tools/KSSD3mini/research/experiments/2026-06-27_universal_strategy_decision/results/hmp_current_refresh_r232_source_abundance_sample19_0_1_3_4_5_6_7_9_10_11_13_14_15_16_17_18_20_21_22_23_24_25_28_truth.tsv	/mnt/new3T/minco_release_holdouts_20260628/minco_current_code_hmp_airskin24_20260627/minco_sample24_current_default.tsv	official HMP MinCO GTDB mapping; summed and normalized
hmp_airskin_gtdb_source_abundance	24	sylph_gtdb_source_abundance	29	30	27	3	2	0.9	0.9310344827586207	0.9152542372881356	4.668798630764432	3.671996637160445	union	4.668798630764432	0.9993530471021703	0.9995403625164346	union	0.9993530471021703	2.931255896419802	0.7407407407406406	0.9968019936039872	99.25925925925935	100.0	99.00319800639602	0.9968019936039872	/home/ubuntu/yihuiguang/tools/KSSD3mini/research/experiments/2026-06-27_universal_strategy_decision/results/hmp_current_refresh_r232_source_abundance_sample19_0_1_3_4_5_6_7_9_10_11_13_14_15_16_17_18_20_21_22_23_24_25_28_truth.tsv	/mnt/new3T/minco_release_holdouts_20260628/cami2_hmp_unseen_transfer_20260626/run_sylph_r232/sylph_sample24/profile.tsv	Sylph GTDB accession mapping; summed per GTDB species; normalized
hmp_airskin_gtdb_source_abundance	24	oracle_fixed_calls_truth_mass	29	26	25	1	4	0.9615384615384616	0.8620689655172413	0.9090909090909091	1.8034951439967912	1.8034951439967912	union	1.8034951439967912	0.999622805604118	0.9996217223916465	union	0.999622805604118	0.0	1.8034951439967912	0.0	98.1965048560032	98.1965048560032	98.1965048560032	0.0	/home/ubuntu/yihuiguang/tools/KSSD3mini/research/experiments/2026-06-27_universal_strategy_decision/results/hmp_current_refresh_r232_source_abundance_sample19_0_1_3_4_5_6_7_9_10_11_13_14_15_16_17_18_20_21_22_23_24_25_28_truth.tsv	/mnt/new3T/minco_release_holdouts_20260628/minco_current_code_hmp_airskin24_20260627/minco_sample24_current_default.tsv	same MinCO call set; true abundance assigned to true-positive calls; false-positive calls get zero; no renormalization
hmp_airskin_gtdb_source_abundance	24	oracle_fixed_calls_truth_renorm	29	26	25	1	4	0.9615384615384616	0.8620689655172413	0.9090909090909091	3.6069902879935856	3.6069902879935856	union	3.6069902879935856	0.9996228056041176	0.9996217223916462	union	0.9996228056041176	1.803495143996793	1.8034951439967912	0.0	98.1965048560032	99.99999999999996	99.99999999999996	0.0	/home/ubuntu/yihuiguang/tools/KSSD3mini/research/experiments/2026-06-27_universal_strategy_decision/results/hmp_current_refresh_r232_source_abundance_sample19_0_1_3_4_5_6_7_9_10_11_13_14_15_16_17_18_20_21_22_23_24_25_28_truth.tsv	/mnt/new3T/minco_release_holdouts_20260628/minco_current_code_hmp_airskin24_20260627/minco_sample24_current_default.tsv	same MinCO call set; true-positive truth abundance renormalized over detected truth mass; false-positive calls get zero
hmp_airskin_gtdb_source_abundance	24	oracle_current_tp_abundance_renorm	29	26	25	1	4	0.9615384615384616	0.8620689655172413	0.9090909090909091	12.887556142909231	12.887556142909231	union	12.887556142909231	0.9947693651787	0.9947347218527689	union	0.9947693651787	11.084060998912435	1.8034951439967912	0.0	98.1965048560032	100.00000000000003	100.00000000000003	0.0	/home/ubuntu/yihuiguang/tools/KSSD3mini/research/experiments/2026-06-27_universal_strategy_decision/results/hmp_current_refresh_r232_source_abundance_sample19_0_1_3_4_5_6_7_9_10_11_13_14_15_16_17_18_20_21_22_23_24_25_28_truth.tsv	/mnt/new3T/minco_release_holdouts_20260628/minco_current_code_hmp_airskin24_20260627/minco_sample24_current_default.tsv	same MinCO call set; current MinCO abundance kept on true-positive calls then renormalized; false-positive calls get zero
hmp_airskin_gtdb_source_abundance	25	minco_current_default_gtdb_source_abundance_sample19_0_1_3_4_5_6_7_9_10_11_13_14_15_16_17_18_20_21_22_23_24_25_28	49	76	45	31	4	0.5921052631578947	0.9183673469387755	0.72	23.876829864906977	14.822596296490515	union	23.876829864906977	0.9844760524405718	0.9924411161891386	union	0.9844760524405718	12.26856879157914	2.5540275049113843	9.054233568416475	97.44597249508858	100.00000000000003	90.94576643158354	9.054233568416475	/home/ubuntu/yihuiguang/tools/KSSD3mini/research/experiments/2026-06-27_universal_strategy_decision/results/hmp_current_refresh_r232_source_abundance_sample19_0_1_3_4_5_6_7_9_10_11_13_14_15_16_17_18_20_21_22_23_24_25_28_truth.tsv	/mnt/new3T/minco_release_holdouts_20260628/minco_current_code_hmp_airskin25_20260627/minco_sample25_current_default.tsv	official HMP MinCO GTDB mapping; summed and normalized
hmp_airskin_gtdb_source_abundance	25	sylph_gtdb_source_abundance	49	48	47	1	2	0.9791666666666666	0.9591836734693877	0.9690721649484536	4.836648420574593	4.720748536474479	union	4.836648420574593	0.9988670457680718	0.9988715421272462	union	0.9988670457680718	3.738430265354717	0.9823182711197618	0.1158998841001159	99.01768172888022	100.0	99.88410011589988	0.1158998841001159	/home/ubuntu/yihuiguang/tools/KSSD3mini/research/experiments/2026-06-27_universal_strategy_decision/results/hmp_current_refresh_r232_source_abundance_sample19_0_1_3_4_5_6_7_9_10_11_13_14_15_16_17_18_20_21_22_23_24_25_28_truth.tsv	/mnt/new3T/minco_release_holdouts_20260628/cami2_hmp_unseen_transfer_20260626/run_sylph_r232/sylph_sample25/profile.tsv	Sylph GTDB accession mapping; summed per GTDB species; normalized
hmp_airskin_gtdb_source_abundance	25	oracle_fixed_calls_truth_mass	49	76	45	31	4	0.5921052631578947	0.9183673469387755	0.72	2.5540275049113847	2.5540275049113847	union	2.5540275049113847	0.9984336636520826	0.9983132262760147	union	0.9984336636520826	0.0	2.5540275049113843	0.0	97.44597249508858	97.44597249508858	97.44597249508858	0.0	/home/ubuntu/yihuiguang/tools/KSSD3mini/research/experiments/2026-06-27_universal_strategy_decision/results/hmp_current_refresh_r232_source_abundance_sample19_0_1_3_4_5_6_7_9_10_11_13_14_15_16_17_18_20_21_22_23_24_25_28_truth.tsv	/mnt/new3T/minco_release_holdouts_20260628/minco_current_code_hmp_airskin25_20260627/minco_sample25_current_default.tsv	same MinCO call set; true abundance assigned to true-positive calls; false-positive calls get zero; no renormalization
hmp_airskin_gtdb_source_abundance	25	oracle_fixed_calls_truth_renorm	49	76	45	31	4	0.5921052631578947	0.9183673469387755	0.72	5.108055009822799	5.108055009822799	union	5.108055009822799	0.9984336636520817	0.9983132262760147	union	0.9984336636520817	2.5540275049114136	2.5540275049113843	0.0	97.44597249508858	100.0	100.0	0.0	/home/ubuntu/yihuiguang/tools/KSSD3mini/research/experiments/2026-06-27_universal_strategy_decision/results/hmp_current_refresh_r232_source_abundance_sample19_0_1_3_4_5_6_7_9_10_11_13_14_15_16_17_18_20_21_22_23_24_25_28_truth.tsv	/mnt/new3T/minco_release_holdouts_20260628/minco_current_code_hmp_airskin25_20260627/minco_sample25_current_default.tsv	same MinCO call set; true-positive truth abundance renormalized over detected truth mass; false-positive calls get zero
hmp_airskin_gtdb_source_abundance	25	oracle_current_tp_abundance_renorm	49	76	45	31	4	0.5921052631578947	0.9183673469387755	0.72	12.627004451048224	12.627004451048224	union	12.627004451048224	0.9931272783187434	0.9924411161891391	union	0.9931272783187434	10.072976946136839	2.5540275049113843	0.0	97.44597249508858	100.0	100.0	0.0	/home/ubuntu/yihuiguang/tools/KSSD3mini/research/experiments/2026-06-27_universal_strategy_decision/results/hmp_current_refresh_r232_source_abundance_sample19_0_1_3_4_5_6_7_9_10_11_13_14_15_16_17_18_20_21_22_23_24_25_28_truth.tsv	/mnt/new3T/minco_release_holdouts_20260628/minco_current_code_hmp_airskin25_20260627/minco_sample25_current_default.tsv	same MinCO call set; current MinCO abundance kept on true-positive calls then renormalized; false-positive calls get zero
hmp_airskin_gtdb_source_abundance	28	minco_current_default_gtdb_source_abundance_sample19_0_1_3_4_5_6_7_9_10_11_13_14_15_16_17_18_20_21_22_23_24_25_28	12	15	12	3	0	0.8	1.0	0.888888888888889	18.35263353310751	10.97711979833238	union	18.35263353310751	0.9890339281762489	0.997880120285454	union	0.9890339281762489	10.97711979833238	0.0	7.375513734775126	99.99999999999999	100.0	92.62448626522487	7.375513734775126	/home/ubuntu/yihuiguang/tools/KSSD3mini/research/experiments/2026-06-27_universal_strategy_decision/results/hmp_current_refresh_r232_source_abundance_sample19_0_1_3_4_5_6_7_9_10_11_13_14_15_16_17_18_20_21_22_23_24_25_28_truth.tsv	/tmp/minco_current_code_hmp_airskin28_20260627/minco_sample28_current_default.tsv	official HMP MinCO GTDB mapping; summed and normalized
hmp_airskin_gtdb_source_abundance	28	sylph_gtdb_source_abundance	12	14	12	2	0	0.8571428571428571	1.0	0.923076923076923	1.8030634223047455	1.5959636294045385	union	1.8030634223047455	0.9999332238502313	0.999931664517538	union	0.9999332238502313	1.5959636294045385	0.0	0.20709979290020714	99.99999999999999	100.0	99.79290020709979	0.20709979290020714	/home/ubuntu/yihuiguang/tools/KSSD3mini/research/experiments/2026-06-27_universal_strategy_decision/results/hmp_current_refresh_r232_source_abundance_sample19_0_1_3_4_5_6_7_9_10_11_13_14_15_16_17_18_20_21_22_23_24_25_28_truth.tsv	/tmp/cami2_hmp_airskin_20260625/run_sylph_r232/sylph_sample28/profile.chunked.tsv	Sylph GTDB accession mapping; summed per GTDB species; normalized
hmp_airskin_gtdb_source_abundance	28	oracle_fixed_calls_truth_mass	12	15	12	3	0	0.8	1.0	0.888888888888889	0.0	0.0	union	0.0	1.0	1.0	union	1.0	0.0	0.0	0.0	99.99999999999999	99.99999999999999	99.99999999999999	0.0	/home/ubuntu/yihuiguang/tools/KSSD3mini/research/experiments/2026-06-27_universal_strategy_decision/results/hmp_current_refresh_r232_source_abundance_sample19_0_1_3_4_5_6_7_9_10_11_13_14_15_16_17_18_20_21_22_23_24_25_28_truth.tsv	/tmp/minco_current_code_hmp_airskin28_20260627/minco_sample28_current_default.tsv	same MinCO call set; true abundance assigned to true-positive calls; false-positive calls get zero; no renormalization
hmp_airskin_gtdb_source_abundance	28	oracle_fixed_calls_truth_renorm	12	15	12	3	0	0.8	1.0	0.888888888888889	1.457167719820518e-14	1.457167719820518e-14	union	1.457167719820518e-14	1.0	0.9999999999999998	union	1.0	1.457167719820518e-14	0.0	0.0	99.99999999999999	100.0	100.0	0.0	/home/ubuntu/yihuiguang/tools/KSSD3mini/research/experiments/2026-06-27_universal_strategy_decision/results/hmp_current_refresh_r232_source_abundance_sample19_0_1_3_4_5_6_7_9_10_11_13_14_15_16_17_18_20_21_22_23_24_25_28_truth.tsv	/tmp/minco_current_code_hmp_airskin28_20260627/minco_sample28_current_default.tsv	same MinCO call set; true-positive truth abundance renormalized over detected truth mass; false-positive calls get zero
hmp_airskin_gtdb_source_abundance	28	oracle_current_tp_abundance_renorm	12	15	12	3	0	0.8	1.0	0.888888888888889	7.41641408767885	7.41641408767885	union	7.41641408767885	0.9980441757320164	0.9978801202854538	union	0.9980441757320164	7.41641408767885	0.0	0.0	99.99999999999999	100.0	100.0	0.0	/home/ubuntu/yihuiguang/tools/KSSD3mini/research/experiments/2026-06-27_universal_strategy_decision/results/hmp_current_refresh_r232_source_abundance_sample19_0_1_3_4_5_6_7_9_10_11_13_14_15_16_17_18_20_21_22_23_24_25_28_truth.tsv	/tmp/minco_current_code_hmp_airskin28_20260627/minco_sample28_current_default.tsv	same MinCO call set; current MinCO abundance kept on true-positive calls then renormalized; false-positive calls get zero
hmp_gastrooral_gtdb_source_abundance	0	minco_current_raw_default_gastrooral_source_abundance	34	34	32	2	2	0.9411764705882353	0.9411764705882353	0.9411764705882353	19.900922102529286	18.889892034209772	union	19.900922102529286	0.9549294426840412	0.954766090664899	union	0.9549294426840412	10.276940272693082	8.61295176151669	1.0110300683195115	91.38704823848332	100.0	98.9889699316805	1.0110300683195115	/home/ubuntu/yihuiguang/tools/KSSD3mini/research/experiments/2026-06-27_universal_strategy_decision/results/hmp_gastrooral_r232_source_abundance_truth.tsv	/tmp/minco_current_code_hmp_gastrooral_20260627/minco_sample0_current_default.tsv	official HMP gastrooral MinCO GTDB mapping; summed and normalized
hmp_gastrooral_gtdb_source_abundance	0	sylph_gtdb_r232_gastrooral_source_abundance	34	36	33	3	1	0.9166666666666666	0.9705882352941176	0.9428571428571428	4.59948243211732	2.6567785467095484	union	4.59948243211732	0.999247285777849	0.9998795594961927	union	0.999247285777849	2.654937896304071	0.0018406504054777999	1.9427038854077712	99.99815934959453	100.0	98.05729611459225	1.9427038854077712	/home/ubuntu/yihuiguang/tools/KSSD3mini/research/experiments/2026-06-27_universal_strategy_decision/results/hmp_gastrooral_r232_source_abundance_truth.tsv	/tmp/cami2_hmp_pilot_20260625/run_sylph_r232/sylph_sample0/profile.chunked.tsv	Sylph GTDB accession mapping; summed per GTDB species; normalized
hmp_gastrooral_gtdb_source_abundance	0	oracle_fixed_calls_truth_mass	34	34	32	2	2	0.9411764705882353	0.9411764705882353	0.9411764705882353	8.61295176151669	8.61295176151669	union	8.61295176151669	0.9726161097596645	0.9723367692583768	union	0.9726161097596645	0.0	8.61295176151669	0.0	91.38704823848332	91.38704823848332	91.38704823848332	0.0	/home/ubuntu/yihuiguang/tools/KSSD3mini/research/experiments/2026-06-27_universal_strategy_decision/results/hmp_gastrooral_r232_source_abundance_truth.tsv	/tmp/minco_current_code_hmp_gastrooral_20260627/minco_sample0_current_default.tsv	same MinCO call set; true abundance assigned to true-positive calls; false-positive calls get zero; no renormalization
hmp_gastrooral_gtdb_source_abundance	0	oracle_fixed_calls_truth_renorm	34	34	32	2	2	0.9411764705882353	0.9411764705882353	0.9411764705882353	17.225903523033377	17.225903523033377	union	17.225903523033377	0.9726161097596654	0.9723367692583776	union	0.9726161097596654	8.61295176151669	8.61295176151669	0.0	91.38704823848332	99.99999999999999	99.99999999999999	0.0	/home/ubuntu/yihuiguang/tools/KSSD3mini/research/experiments/2026-06-27_universal_strategy_decision/results/hmp_gastrooral_r232_source_abundance_truth.tsv	/tmp/minco_current_code_hmp_gastrooral_20260627/minco_sample0_current_default.tsv	same MinCO call set; true-positive truth abundance renormalized over detected truth mass; false-positive calls get zero
hmp_gastrooral_gtdb_source_abundance	0	oracle_current_tp_abundance_renorm	34	34	32	2	2	0.9411764705882353	0.9411764705882353	0.9411764705882353	19.19874146170545	19.19874146170545	union	19.19874146170545	0.9553295642847224	0.9547660906648993	union	0.9553295642847224	10.585789700188766	8.61295176151669	0.0	91.38704823848332	100.0	100.0	0.0	/home/ubuntu/yihuiguang/tools/KSSD3mini/research/experiments/2026-06-27_universal_strategy_decision/results/hmp_gastrooral_r232_source_abundance_truth.tsv	/tmp/minco_current_code_hmp_gastrooral_20260627/minco_sample0_current_default.tsv	same MinCO call set; current MinCO abundance kept on true-positive calls then renormalized; false-positive calls get zero
hmp_gastrooral_gtdb_source_abundance	6	minco_current_raw_default_gastrooral_source_abundance	47	51	44	7	3	0.8627450980392157	0.9361702127659575	0.8979591836734694	78.07306011011981	74.36126823338698	union	78.07306011011981	0.8096239564470539	0.8103926404276294	union	0.8096239564470539	74.0213462311658	0.33992200222118835	3.7117918767328404	99.66007799777881	100.0	96.28820812326715	3.7117918767328404	/home/ubuntu/yihuiguang/tools/KSSD3mini/research/experiments/2026-06-27_universal_strategy_decision/results/hmp_gastrooral_r232_source_abundance_truth.tsv	/tmp/minco_current_code_hmp_gastrooral_20260627/minco_sample6_current_default.tsv	official HMP gastrooral MinCO GTDB mapping; summed and normalized
hmp_gastrooral_gtdb_source_abundance	6	sylph_gtdb_r232_gastrooral_source_abundance	47	46	45	1	2	0.9782608695652174	0.9574468085106383	0.967741935483871	5.526776380629008	5.097276810128578	union	5.526776380629008	0.999002333408912	0.9990678158353923	union	0.999002333408912	5.0942673772854805	0.0030094328430971713	0.4294995705004296	99.99699056715691	100.0	99.57050042949957	0.4294995705004296	/home/ubuntu/yihuiguang/tools/KSSD3mini/research/experiments/2026-06-27_universal_strategy_decision/results/hmp_gastrooral_r232_source_abundance_truth.tsv	/tmp/cami2_hmp_pilot_20260625/run_sylph_r232/sylph_sample6/profile.chunked.tsv	Sylph GTDB accession mapping; summed per GTDB species; normalized
hmp_gastrooral_gtdb_source_abundance	6	oracle_fixed_calls_truth_mass	47	51	44	7	3	0.8627450980392157	0.9361702127659575	0.8979591836734694	0.33992200222118835	0.33992200222118835	union	0.33992200222118835	0.9999624998403752	0.9999619295313624	union	0.9999624998403752	0.0	0.33992200222118835	0.0	99.66007799777881	99.66007799777881	99.66007799777881	0.0	/home/ubuntu/yihuiguang/tools/KSSD3mini/research/experiments/2026-06-27_universal_strategy_decision/results/hmp_gastrooral_r232_source_abundance_truth.tsv	/tmp/minco_current_code_hmp_gastrooral_20260627/minco_sample6_current_default.tsv	same MinCO call set; true abundance assigned to true-positive calls; false-positive calls get zero; no renormalization
hmp_gastrooral_gtdb_source_abundance	6	oracle_fixed_calls_truth_renorm	47	51	44	7	3	0.8627450980392157	0.9361702127659575	0.8979591836734694	0.6798440044423691	0.6798440044423691	union	0.6798440044423691	0.9999624998403752	0.9999619295313621	union	0.9999624998403752	0.33992200222118063	0.33992200222118835	0.0	99.66007799777881	100.00000000000004	100.00000000000004	0.0	/home/ubuntu/yihuiguang/tools/KSSD3mini/research/experiments/2026-06-27_universal_strategy_decision/results/hmp_gastrooral_r232_source_abundance_truth.tsv	/tmp/minco_current_code_hmp_gastrooral_20260627/minco_sample6_current_default.tsv	same MinCO call set; true-positive truth abundance renormalized over detected truth mass; false-positive calls get zero
hmp_gastrooral_gtdb_source_abundance	6	oracle_current_tp_abundance_renorm	47	51	44	7	3	0.8627450980392157	0.9361702127659575	0.8979591836734694	75.70609388376526	75.70609388376526	union	75.70609388376526	0.8103278247682183	0.8103926404276292	union	0.8103278247682183	75.36617188154403	0.33992200222118835	0.0	99.66007799777881	99.99999999999999	99.99999999999999	0.0	/home/ubuntu/yihuiguang/tools/KSSD3mini/research/experiments/2026-06-27_universal_strategy_decision/results/hmp_gastrooral_r232_source_abundance_truth.tsv	/tmp/minco_current_code_hmp_gastrooral_20260627/minco_sample6_current_default.tsv	same MinCO call set; current MinCO abundance kept on true-positive calls then renormalized; false-positive calls get zero
cami3_toy_human_gut_gtdb_source_readmap	0	minco_universal_autoexact_gtdb_source_readmap	93	94	78	16	15	0.8297872340425532	0.8387096774193549	0.8342245989304814	63.07645271846187	51.390980864047144	union	63.07645271846187	0.9107787776639669	0.9228891836223627	union	0.9107787776639669	28.429710932885982	22.96126993116114	11.685471854414747	77.03873006883887	99.99999999999999	88.31452814558523	11.685471854414747	/home/ubuntu/yihuiguang/tools/KSSD3mini/research/experiments/2026-06-27_universal_strategy_decision/results/cami3_gtdb_source_readmap_truth.tsv	/tmp/cami3_toy_human_gut_20260626/run/sample0_universal_autoexact.tsv	official CAMI3 MinCO GTDB source-readmap mapping; summed and normalized
cami3_toy_human_gut_gtdb_source_readmap	0	sylph_gtdb_source_readmap	93	71	65	6	28	0.9154929577464789	0.6989247311827957	0.7926829268292684	26.227898275254685	19.559104944048013	union	26.227898275254685	0.980815087824325	0.9903810810314256	union	0.980815087824325	19.520283752723184	0.038821191324838224	6.668793331206668	99.96117880867517	100.0	93.33120666879327	6.668793331206668	/home/ubuntu/yihuiguang/tools/KSSD3mini/research/experiments/2026-06-27_universal_strategy_decision/results/cami3_gtdb_source_readmap_truth.tsv	/mnt/new3T/minco_cami3_toygut_20260620/sylph_sample0/profile.tsv	Sylph GTDB accession mapping; summed per GTDB species; normalized
cami3_toy_human_gut_gtdb_source_readmap	0	oracle_fixed_calls_truth_mass	93	94	78	16	15	0.8297872340425532	0.8387096774193549	0.8342245989304814	22.961269931161144	22.961269931161144	union	22.961269931161144	0.9490424352486388	0.9487733797313218	union	0.9490424352486388	0.0	22.96126993116114	0.0	77.03873006883887	77.03873006883887	77.03873006883887	0.0	/home/ubuntu/yihuiguang/tools/KSSD3mini/research/experiments/2026-06-27_universal_strategy_decision/results/cami3_gtdb_source_readmap_truth.tsv	/tmp/cami3_toy_human_gut_20260626/run/sample0_universal_autoexact.tsv	same MinCO call set; true abundance assigned to true-positive calls; false-positive calls get zero; no renormalization
cami3_toy_human_gut_gtdb_source_readmap	0	oracle_fixed_calls_truth_renorm	93	94	78	16	15	0.8297872340425532	0.8387096774193549	0.8342245989304814	45.922539862322274	45.922539862322274	union	45.922539862322274	0.949042435248638	0.9487733797313216	union	0.949042435248638	22.961269931161116	22.96126993116114	0.0	77.03873006883887	99.99999999999997	99.99999999999997	0.0	/home/ubuntu/yihuiguang/tools/KSSD3mini/research/experiments/2026-06-27_universal_strategy_decision/results/cami3_gtdb_source_readmap_truth.tsv	/tmp/cami3_toy_human_gut_20260626/run/sample0_universal_autoexact.tsv	same MinCO call set; true-positive truth abundance renormalized over detected truth mass; false-positive calls get zero
cami3_toy_human_gut_gtdb_source_readmap	0	oracle_current_tp_abundance_renorm	93	94	78	16	15	0.8297872340425532	0.8387096774193549	0.8342245989304814	58.08762731988918	58.08762731988918	union	58.08762731988918	0.923777445701671	0.9228891836223625	union	0.923777445701671	35.12635738872807	22.96126993116114	0.0	77.03873006883887	100.00000000000003	100.00000000000003	0.0	/home/ubuntu/yihuiguang/tools/KSSD3mini/research/experiments/2026-06-27_universal_strategy_decision/results/cami3_gtdb_source_readmap_truth.tsv	/tmp/cami3_toy_human_gut_20260626/run/sample0_universal_autoexact.tsv	same MinCO call set; current MinCO abundance kept on true-positive calls then renormalized; false-positive calls get zero
cami3_toy_human_gut_gtdb_source_readmap	1	minco_universal_autoexact_gtdb_source_readmap	104	99	86	13	18	0.8686868686868687	0.8269230769230769	0.8472906403940886	75.04358937786803	65.46100214605649	union	75.04358937786803	0.6504147643645245	0.6658588506113587	union	0.6504147643645245	32.974801058021576	32.48620108803486	9.582587231811553	67.51379891196517	99.99999999999999	90.41741276818847	9.582587231811553	/home/ubuntu/yihuiguang/tools/KSSD3mini/research/experiments/2026-06-27_universal_strategy_decision/results/cami3_gtdb_source_readmap_truth.tsv	/tmp/cami3_toy_human_gut_20260626/run/sample1_universal_autoexact.tsv	official CAMI3 MinCO GTDB source-readmap mapping; summed and normalized
cami3_toy_human_gut_gtdb_source_readmap	1	sylph_gtdb_source_readmap	104	78	70	8	34	0.8974358974358975	0.6730769230769231	0.7692307692307692	34.373913493677705	28.75808541453731	union	34.373913493677705	0.893738120393713	0.9064771096340071	union	0.893738120393713	28.70032173142266	0.05776368311463985	5.615828079140396	99.94223631688538	99.99999999999999	94.3841719208596	5.615828079140396	/home/ubuntu/yihuiguang/tools/KSSD3mini/research/experiments/2026-06-27_universal_strategy_decision/results/cami3_gtdb_source_readmap_truth.tsv	/tmp/cami3_toygut_current_minco_vs_sylph_20260622/sylph_sample1/profile.tsv	Sylph GTDB accession mapping; summed per GTDB species; normalized
cami3_toy_human_gut_gtdb_source_readmap	1	oracle_fixed_calls_truth_mass	104	99	86	13	18	0.8686868686868687	0.8269230769230769	0.8472906403940886	32.48620108803485	32.48620108803485	union	32.48620108803485	0.70123281661209	0.6974066680097799	union	0.70123281661209	0.0	32.48620108803486	0.0	67.51379891196517	67.51379891196517	67.51379891196517	0.0	/home/ubuntu/yihuiguang/tools/KSSD3mini/research/experiments/2026-06-27_universal_strategy_decision/results/cami3_gtdb_source_readmap_truth.tsv	/tmp/cami3_toy_human_gut_20260626/run/sample1_universal_autoexact.tsv	same MinCO call set; true abundance assigned to true-positive calls; false-positive calls get zero; no renormalization
cami3_toy_human_gut_gtdb_source_readmap	1	oracle_fixed_calls_truth_renorm	104	99	86	13	18	0.8686868686868687	0.8269230769230769	0.8472906403940886	64.97240217606969	64.97240217606969	union	64.97240217606969	0.7012328166120907	0.6974066680097795	union	0.7012328166120907	32.48620108803482	32.48620108803486	0.0	67.51379891196517	99.99999999999994	99.99999999999994	0.0	/home/ubuntu/yihuiguang/tools/KSSD3mini/research/experiments/2026-06-27_universal_strategy_decision/results/cami3_gtdb_source_readmap_truth.tsv	/tmp/cami3_toy_human_gut_20260626/run/sample1_universal_autoexact.tsv	same MinCO call set; true-positive truth abundance renormalized over detected truth mass; false-positive calls get zero
cami3_toy_human_gut_gtdb_source_readmap	1	oracle_current_tp_abundance_renorm	104	99	86	13	18	0.8686868686868687	0.8269230769230769	0.8472906403940886	73.12855752380749	73.12855752380749	union	73.12855752380749	0.6707724864470113	0.6658588506113589	union	0.6707724864470113	40.64235643577263	32.48620108803486	0.0	67.51379891196517	100.00000000000004	100.00000000000004	0.0	/home/ubuntu/yihuiguang/tools/KSSD3mini/research/experiments/2026-06-27_universal_strategy_decision/results/cami3_gtdb_source_readmap_truth.tsv	/tmp/cami3_toy_human_gut_20260626/run/sample1_universal_autoexact.tsv	same MinCO call set; current MinCO abundance kept on true-positive calls then renormalized; false-positive calls get zero
cami3_toy_human_gut_gtdb_source_readmap	2	minco_universal_autoexact_gtdb_source_readmap	99	115	82	33	17	0.7130434782608696	0.8282828282828283	0.7663551401869159	50.07604500394409	38.645236088882974	union	50.07604500394409	0.9105517870034342	0.9212311577120744	union	0.9105517870034342	31.342450859200877	7.302785229682119	11.430808915061094	92.6972147703179	99.99999999999999	88.56919108493892	11.430808915061094	/home/ubuntu/yihuiguang/tools/KSSD3mini/research/experiments/2026-06-27_universal_strategy_decision/results/cami3_gtdb_source_readmap_truth.tsv	/tmp/cami3_toy_human_gut_20260626/run/sample2_universal_autoexact_tail_p025.tsv	official CAMI3 MinCO GTDB source-readmap mapping; summed and normalized
cami3_toy_human_gut_gtdb_source_readmap	2	sylph_gtdb_source_readmap	99	67	55	12	44	0.8208955223880597	0.5555555555555556	0.6626506024096385	37.29671042402411	31.497798826200917	union	37.29671042402411	0.9625718887886527	0.9681453108274446	union	0.9625718887886527	27.76911227165787	3.728686554543058	5.798911597823195	96.27131344545693	100.00000000000003	94.20108840217678	5.798911597823195	/home/ubuntu/yihuiguang/tools/KSSD3mini/research/experiments/2026-06-27_universal_strategy_decision/results/cami3_gtdb_source_readmap_truth.tsv	/tmp/cami3_toy_human_gut_20260626/run/sylph_sample2/profile.tsv	Sylph GTDB accession mapping; summed per GTDB species; normalized
cami3_toy_human_gut_gtdb_source_readmap	2	oracle_fixed_calls_truth_mass	99	115	82	33	17	0.7130434782608696	0.8282828282828283	0.7663551401869159	7.302785229682117	7.302785229682117	union	7.302785229682117	0.9768987195754287	0.9763814633964328	union	0.9768987195754287	0.0	7.302785229682119	0.0	92.6972147703179	92.6972147703179	92.6972147703179	0.0	/home/ubuntu/yihuiguang/tools/KSSD3mini/research/experiments/2026-06-27_universal_strategy_decision/results/cami3_gtdb_source_readmap_truth.tsv	/tmp/cami3_toy_human_gut_20260626/run/sample2_universal_autoexact_tail_p025.tsv	same MinCO call set; true abundance assigned to true-positive calls; false-positive calls get zero; no renormalization
cami3_toy_human_gut_gtdb_source_readmap	2	oracle_fixed_calls_truth_renorm	99	115	82	33	17	0.7130434782608696	0.8282828282828283	0.7663551401869159	14.605570459364225	14.605570459364225	union	14.605570459364225	0.9768987195754292	0.9763814633964323	union	0.9768987195754292	7.302785229682107	7.302785229682119	0.0	92.6972147703179	100.00000000000004	100.00000000000004	0.0	/home/ubuntu/yihuiguang/tools/KSSD3mini/research/experiments/2026-06-27_universal_strategy_decision/results/cami3_gtdb_source_readmap_truth.tsv	/tmp/cami3_toy_human_gut_20260626/run/sample2_universal_autoexact_tail_p025.tsv	same MinCO call set; true-positive truth abundance renormalized over detected truth mass; false-positive calls get zero
cami3_toy_human_gut_gtdb_source_readmap	2	oracle_current_tp_abundance_renorm	99	115	82	33	17	0.7130434782608696	0.8282828282828283	0.7663551401869159	43.93290594057105	43.93290594057105	union	43.93290594057105	0.9231646197805154	0.9212311577120726	union	0.9231646197805154	36.63012071088894	7.302785229682119	0.0	92.6972147703179	100.0	100.0	0.0	/home/ubuntu/yihuiguang/tools/KSSD3mini/research/experiments/2026-06-27_universal_strategy_decision/results/cami3_gtdb_source_readmap_truth.tsv	/tmp/cami3_toy_human_gut_20260626/run/sample2_universal_autoexact_tail_p025.tsv	same MinCO call set; current MinCO abundance kept on true-positive calls then renormalized; false-positive calls get zero
