sample	method	truth_gtdb_species	pred_gtdb_species	TP	FP	FN	precision	recall	F1	L1_union_pp	L1_truth_only_pp	Pearson_union	Pearson_truth_only	panel	collapse_rule	kept_rows	dropped_rows	dropped_fraction	dropped_abundance_fraction	official_L1_pp	official_Pearson	current_F1	current_official_L1_pp	current_official_Pearson	delta_F1	delta_official_L1_pp	delta_official_Pearson
5	current_calls	198	162	157	5	41	0.9691358024691358	0.7929292929292929	0.8722222222222222	17.185888179619205	15.414228172608885	0.9913799211896311	0.9917478920123491	cami2_toy_mouse_gut	max	162	0	0.0	0.0	15.414228172608885	0.9917478920123491	0.8722222222222222	15.414228172608885	0.9917478920123491	0.0	0.0	0.0
5	drop_prob_lt_0.5_and_breadth_lt_0.1	198	156	151	5	47	0.967948717948718	0.7626262626262627	0.8531073446327684	16.97366383249021	15.192572889813361	0.9913896396649524	0.9917600067929	cami2_toy_mouse_gut	max	156	6	0.037037037037037035	0.00529503319597814	15.192572889813361	0.9917600067929	0.8722222222222222	15.414228172608885	0.9917478920123491	-0.01911487758945385	-0.22165528279552404	1.2114780550853688e-05
5	drop_prob_lt_0.5_and_breadth_lt_0.2	198	155	150	5	48	0.967741935483871	0.7575757575757576	0.8498583569405099	17.08898162713842	15.30579412781155	0.9913874308380709	0.9917583271952705	cami2_toy_mouse_gut	max	155	7	0.043209876543209874	0.006464543028089448	15.30579412781155	0.9917583271952705	0.8722222222222222	15.414228172608885	0.9917478920123491	-0.022363865281712303	-0.10843404479733465	1.0435182921320063e-05
5	drop_prob_lt_0.5_and_realaf_lt_0.3	198	156	151	5	47	0.967948717948718	0.7626262626262627	0.8531073446327684	16.97366383249021	15.192572889813361	0.9913896396649524	0.9917600067929	cami2_toy_mouse_gut	max	156	6	0.037037037037037035	0.00529503319597814	15.192572889813361	0.9917600067929	0.8722222222222222	15.414228172608885	0.9917478920123491	-0.01911487758945385	-0.22165528279552404	1.2114780550853688e-05
5	drop_prob_lt_0.5_and_xny_lt_500	198	155	150	5	48	0.967741935483871	0.7575757575757576	0.8498583569405099	17.08898162713842	15.30579412781155	0.9913874308380709	0.9917583271952705	cami2_toy_mouse_gut	max	155	7	0.043209876543209874	0.006464543028089448	15.30579412781155	0.9917583271952705	0.8722222222222222	15.414228172608885	0.9917478920123491	-0.022363865281712303	-0.10843404479733465	1.0435182921320063e-05
5	drop_prob_lt_0.7_and_breadth_lt_0.1	198	146	143	3	55	0.9794520547945206	0.7222222222222222	0.8313953488372093	16.884534952723765	15.138758312754899	0.9914114113690218	0.9917868929840844	cami2_toy_mouse_gut	max	146	16	0.09876543209876543	0.013231866520727682	15.138758312754899	0.9917868929840844	0.8722222222222222	15.414228172608885	0.9917478920123491	-0.040826873385012896	-0.2754698598539864	3.900097173525907e-05
5	drop_prob_lt_0.7_and_breadth_lt_0.2	198	140	137	3	61	0.9785714285714285	0.6919191919191919	0.8106508875739645	17.265232919372583	15.491397669945853	0.9914809192612296	0.9918635013699584	cami2_toy_mouse_gut	max	140	22	0.13580246913580246	0.0288406112966082	15.491397669945853	0.9918635013699584	0.8722222222222222	15.414228172608885	0.9917478920123491	-0.0615713346482577	0.07716949733696765	0.00011560935760923652
5	drop_prob_lt_0.7_and_realaf_lt_0.3	198	141	138	3	60	0.9787234042553191	0.696969696969697	0.8141592920353982	17.340463025924898	15.574314611820906	0.9914427291842917	0.9918233664361744	cami2_toy_mouse_gut	max	141	21	0.12962962962962962	0.02461381912360487	15.574314611820906	0.9918233664361744	0.8722222222222222	15.414228172608885	0.9917478920123491	-0.05806293018682407	0.16008643921202115	7.547442382527247e-05
5	max_real_min_af_ge_0.02	198	162	157	5	41	0.9691358024691358	0.7929292929292929	0.8722222222222222	17.185888179619205	15.414228172608885	0.9913799211896311	0.9917478920123491	cami2_toy_mouse_gut	max	162	0	0.0	0.0	15.414228172608885	0.9917478920123491	0.8722222222222222	15.414228172608885	0.9917478920123491	0.0	0.0	0.0
5	max_xny_ge_10	198	162	157	5	41	0.9691358024691358	0.7929292929292929	0.8722222222222222	17.185888179619205	15.414228172608885	0.9913799211896311	0.9917478920123491	cami2_toy_mouse_gut	max	162	0	0.0	0.0	15.414228172608885	0.9917478920123491	0.8722222222222222	15.414228172608885	0.9917478920123491	0.0	0.0	0.0
5	min_breadth_ge_0.02	198	158	155	3	43	0.9810126582278481	0.7828282828282829	0.8707865168539327	16.980457596305207	15.24208791235534	0.9913798645779036	0.9917504208710632	cami2_toy_mouse_gut	max	158	4	0.024691358024691357	0.0017032403131061941	15.24208791235534	0.9917504208710632	0.8722222222222222	15.414228172608885	0.9917478920123491	-0.0014357053682895193	-0.17214026025354556	2.5288587141014673e-06
5	min_xny_ge_25	198	156	153	3	45	0.9807692307692307	0.7727272727272727	0.864406779661017	16.97347876535681	15.23411145038529	0.991379350612436	0.9917501627580702	cami2_toy_mouse_gut	max	156	6	0.037037037037037035	0.0022758231181896986	15.23411145038529	0.9917501627580702	0.8722222222222222	15.414228172608885	0.9917478920123491	-0.007815442561205255	-0.18011672222359465	2.27074572101138e-06
5	s_xny_ge_10	198	162	157	5	41	0.9691358024691358	0.7929292929292929	0.8722222222222222	17.185888179619205	15.414228172608885	0.9913799211896311	0.9917478920123491	cami2_toy_mouse_gut	max	162	0	0.0	0.0	15.414228172608885	0.9917478920123491	0.8722222222222222	15.414228172608885	0.9917478920123491	0.0	0.0	0.0
6	current_calls	201	157	153	4	48	0.9745222929936306	0.7611940298507462	0.8547486033519553	22.918399189063045	20.062955823580815	0.9729828392129993	0.9737545137280396	cami2_toy_mouse_gut	max	157	0	0.0	0.0	20.062955823580815	0.9737545137280396	0.8547486033519553	20.062955823580815	0.9737545137280396	0.0	0.0	0.0
6	drop_prob_lt_0.5_and_breadth_lt_0.1	201	153	149	4	52	0.9738562091503268	0.7412935323383084	0.8418079096045198	23.061627191714113	20.200339825205393	0.9729772536754926	0.9737510659217373	cami2_toy_mouse_gut	max	153	4	0.025477707006369428	0.0020424376435899155	20.200339825205393	0.9737510659217373	0.8547486033519553	20.062955823580815	0.9737545137280396	-0.012940693747435561	0.13738400162457864	-3.4478063022369554e-06
6	drop_prob_lt_0.5_and_breadth_lt_0.2	201	152	148	4	53	0.9736842105263158	0.736318407960199	0.8385269121813033	23.14340176291022	20.2806279975024	0.972974871679122	0.9737492262558903	cami2_toy_mouse_gut	max	152	5	0.03184713375796178	0.0025605935104493194	20.2806279975024	0.9737492262558903	0.8547486033519553	20.062955823580815	0.9737545137280396	-0.016221691170652086	0.217672173921585	-5.287472149229089e-06
6	drop_prob_lt_0.5_and_realaf_lt_0.3	201	152	148	4	53	0.9736842105263158	0.736318407960199	0.8385269121813033	23.14340176291022	20.2806279975024	0.972974871679122	0.9737492262558903	cami2_toy_mouse_gut	max	152	5	0.03184713375796178	0.0025605935104493194	20.2806279975024	0.9737492262558903	0.8547486033519553	20.062955823580815	0.9737545137280396	-0.016221691170652086	0.217672173921585	-5.287472149229089e-06
6	drop_prob_lt_0.5_and_xny_lt_500	201	150	146	4	55	0.9733333333333334	0.7263681592039801	0.8319088319088319	23.676026365962866	20.795586546838873	0.9729499445569064	0.9737307600629468	cami2_toy_mouse_gut	max	150	7	0.044585987261146494	0.008677998920790766	20.795586546838873	0.9737307600629468	0.8547486033519553	20.062955823580815	0.9737545137280396	-0.022839771443123436	0.7326307232580582	-2.375366509277388e-05
6	drop_prob_lt_0.7_and_breadth_lt_0.1	201	148	144	4	57	0.972972972972973	0.7164179104477612	0.825214899713467	22.953815213126425	20.07121288953498	0.9730142484099189	0.973795864741456	cami2_toy_mouse_gut	max	148	9	0.05732484076433121	0.009421680502699774	20.07121288953498	0.973795864741456	0.8547486033519553	20.062955823580815	0.9737545137280396	-0.029533703638488396	0.0082570659541652	4.1351013416401905e-05
6	drop_prob_lt_0.7_and_breadth_lt_0.2	201	142	138	4	63	0.971830985915493	0.6865671641791045	0.8046647230320699	23.17946985450254	20.26954584304213	0.973033910781545	0.9738254002943884	cami2_toy_mouse_gut	max	142	15	0.09554140127388536	0.01872236036529194	20.26954584304213	0.9738254002943884	0.8547486033519553	20.062955823580815	0.9737545137280396	-0.05008388031988542	0.2065900194613164	7.088656634879342e-05
6	drop_prob_lt_0.7_and_realaf_lt_0.3	201	141	137	4	64	0.9716312056737588	0.681592039800995	0.8011695906432748	23.508261640745808	20.5949301527818	0.9730122546414417	0.9738049515735809	cami2_toy_mouse_gut	max	141	16	0.10191082802547771	0.019870077511238753	20.5949301527818	0.9738049515735809	0.8547486033519553	20.062955823580815	0.9737545137280396	-0.053579012708680596	0.5319743292009846	5.043784554137343e-05
6	max_real_min_af_ge_0.02	201	157	153	4	48	0.9745222929936306	0.7611940298507462	0.8547486033519553	22.918399189063045	20.062955823580815	0.9729828392129993	0.9737545137280396	cami2_toy_mouse_gut	max	157	0	0.0	0.0	20.062955823580815	0.9737545137280396	0.8547486033519553	20.062955823580815	0.9737545137280396	0.0	0.0	0.0
6	max_xny_ge_10	201	157	153	4	48	0.9745222929936306	0.7611940298507462	0.8547486033519553	22.918399189063045	20.062955823580815	0.9729828392129993	0.9737545137280396	cami2_toy_mouse_gut	max	157	0	0.0	0.0	20.062955823580815	0.9737545137280396	0.8547486033519553	20.062955823580815	0.9737545137280396	0.0	0.0	0.0
6	min_breadth_ge_0.02	201	157	153	4	48	0.9745222929936306	0.7611940298507462	0.8547486033519553	22.918399189063045	20.062955823580815	0.9729828392129993	0.9737545137280396	cami2_toy_mouse_gut	max	157	0	0.0	0.0	20.062955823580815	0.9737545137280396	0.8547486033519553	20.062955823580815	0.9737545137280396	0.0	0.0	0.0
6	min_xny_ge_25	201	157	153	4	48	0.9745222929936306	0.7611940298507462	0.8547486033519553	22.918399189063045	20.062955823580815	0.9729828392129993	0.9737545137280396	cami2_toy_mouse_gut	max	157	0	0.0	0.0	20.062955823580815	0.9737545137280396	0.8547486033519553	20.062955823580815	0.9737545137280396	0.0	0.0	0.0
6	s_xny_ge_10	201	157	153	4	48	0.9745222929936306	0.7611940298507462	0.8547486033519553	22.918399189063045	20.062955823580815	0.9729828392129993	0.9737545137280396	cami2_toy_mouse_gut	max	157	0	0.0	0.0	20.062955823580815	0.9737545137280396	0.8547486033519553	20.062955823580815	0.9737545137280396	0.0	0.0	0.0
7	current_calls	68	64	63	1	5	0.984375	0.9264705882352942	0.9545454545454545	5.9156741322429225	5.826327372589971	0.9984269486093539	0.9984274174395251	cami2_toy_mouse_gut	max	64	0	0.0	0.0	5.826327372589971	0.9984274174395251	0.9545454545454545	5.826327372589971	0.9984274174395251	0.0	0.0	0.0
7	drop_prob_lt_0.5_and_breadth_lt_0.1	68	64	63	1	5	0.984375	0.9264705882352942	0.9545454545454545	5.9156741322429225	5.826327372589971	0.9984269486093539	0.9984274174395251	cami2_toy_mouse_gut	max	64	0	0.0	0.0	5.826327372589971	0.9984274174395251	0.9545454545454545	5.826327372589971	0.9984274174395251	0.0	0.0	0.0
7	drop_prob_lt_0.5_and_breadth_lt_0.2	68	64	63	1	5	0.984375	0.9264705882352942	0.9545454545454545	5.9156741322429225	5.826327372589971	0.9984269486093539	0.9984274174395251	cami2_toy_mouse_gut	max	64	0	0.0	0.0	5.826327372589971	0.9984274174395251	0.9545454545454545	5.826327372589971	0.9984274174395251	0.0	0.0	0.0
7	drop_prob_lt_0.5_and_realaf_lt_0.3	68	64	63	1	5	0.984375	0.9264705882352942	0.9545454545454545	5.9156741322429225	5.826327372589971	0.9984269486093539	0.9984274174395251	cami2_toy_mouse_gut	max	64	0	0.0	0.0	5.826327372589971	0.9984274174395251	0.9545454545454545	5.826327372589971	0.9984274174395251	0.0	0.0	0.0
7	drop_prob_lt_0.5_and_xny_lt_500	68	63	62	1	6	0.9841269841269841	0.9117647058823529	0.9465648854961831	5.806785420339329	5.717234481116441	0.9984367679972675	0.9984375778780211	cami2_toy_mouse_gut	max	63	1	0.015625	0.0022800382855720077	5.717234481116441	0.9984375778780211	0.9545454545454545	5.826327372589971	0.9984274174395251	-0.007980569049271358	-0.10909289147353007	1.016043849599857e-05
7	drop_prob_lt_0.7_and_breadth_lt_0.1	68	64	63	1	5	0.984375	0.9264705882352942	0.9545454545454545	5.9156741322429225	5.826327372589971	0.9984269486093539	0.9984274174395251	cami2_toy_mouse_gut	max	64	0	0.0	0.0	5.826327372589971	0.9984274174395251	0.9545454545454545	5.826327372589971	0.9984274174395251	0.0	0.0	0.0
7	drop_prob_lt_0.7_and_breadth_lt_0.2	68	64	63	1	5	0.984375	0.9264705882352942	0.9545454545454545	5.9156741322429225	5.826327372589971	0.9984269486093539	0.9984274174395251	cami2_toy_mouse_gut	max	64	0	0.0	0.0	5.826327372589971	0.9984274174395251	0.9545454545454545	5.826327372589971	0.9984274174395251	0.0	0.0	0.0
7	drop_prob_lt_0.7_and_realaf_lt_0.3	68	64	63	1	5	0.984375	0.9264705882352942	0.9545454545454545	5.9156741322429225	5.826327372589971	0.9984269486093539	0.9984274174395251	cami2_toy_mouse_gut	max	64	0	0.0	0.0	5.826327372589971	0.9984274174395251	0.9545454545454545	5.826327372589971	0.9984274174395251	0.0	0.0	0.0
7	max_real_min_af_ge_0.02	68	64	63	1	5	0.984375	0.9264705882352942	0.9545454545454545	5.9156741322429225	5.826327372589971	0.9984269486093539	0.9984274174395251	cami2_toy_mouse_gut	max	64	0	0.0	0.0	5.826327372589971	0.9984274174395251	0.9545454545454545	5.826327372589971	0.9984274174395251	0.0	0.0	0.0
7	max_xny_ge_10	68	64	63	1	5	0.984375	0.9264705882352942	0.9545454545454545	5.9156741322429225	5.826327372589971	0.9984269486093539	0.9984274174395251	cami2_toy_mouse_gut	max	64	0	0.0	0.0	5.826327372589971	0.9984274174395251	0.9545454545454545	5.826327372589971	0.9984274174395251	0.0	0.0	0.0
7	min_breadth_ge_0.02	68	64	63	1	5	0.984375	0.9264705882352942	0.9545454545454545	5.9156741322429225	5.826327372589971	0.9984269486093539	0.9984274174395251	cami2_toy_mouse_gut	max	64	0	0.0	0.0	5.826327372589971	0.9984274174395251	0.9545454545454545	5.826327372589971	0.9984274174395251	0.0	0.0	0.0
7	min_xny_ge_25	68	64	63	1	5	0.984375	0.9264705882352942	0.9545454545454545	5.9156741322429225	5.826327372589971	0.9984269486093539	0.9984274174395251	cami2_toy_mouse_gut	max	64	0	0.0	0.0	5.826327372589971	0.9984274174395251	0.9545454545454545	5.826327372589971	0.9984274174395251	0.0	0.0	0.0
7	s_xny_ge_10	68	64	63	1	5	0.984375	0.9264705882352942	0.9545454545454545	5.9156741322429225	5.826327372589971	0.9984269486093539	0.9984274174395251	cami2_toy_mouse_gut	max	64	0	0.0	0.0	5.826327372589971	0.9984274174395251	0.9545454545454545	5.826327372589971	0.9984274174395251	0.0	0.0	0.0
0	current_calls	33	36	29	7	4	0.8055555555555556	0.8787878787878788	0.8405797101449276	18.780365281635632	10.124727197423452	0.9895037710483946	0.9957539782840136	hmp_airskin_gtdb_source_abundance	sum	36	0	0.0	0.0	18.780365281635632	0.9895037710483946	0.8405797101449276	18.780365281635632	0.9895037710483946	0.0	0.0	0.0
0	drop_prob_lt_0.5_and_breadth_lt_0.1	33	34	29	5	4	0.8529411764705882	0.8787878787878788	0.8656716417910447	15.742439885422229	8.829662966113366	0.9902782976504223	0.9957539782840136	hmp_airskin_gtdb_source_abundance	sum	34	2	0.05555555555555555	0.01872288276762263	15.742439885422229	0.9902782976504223	0.8405797101449276	18.780365281635632	0.9895037710483946	0.025091931646117116	-3.037925396213403	0.0007745266020277031
0	drop_prob_lt_0.5_and_breadth_lt_0.2	33	34	29	5	4	0.8529411764705882	0.8787878787878788	0.8656716417910447	15.742439885422229	8.829662966113366	0.9902782976504223	0.9957539782840136	hmp_airskin_gtdb_source_abundance	sum	34	2	0.05555555555555555	0.01872288276762263	15.742439885422229	0.9902782976504223	0.8405797101449276	18.780365281635632	0.9895037710483946	0.025091931646117116	-3.037925396213403	0.0007745266020277031
0	drop_prob_lt_0.5_and_realaf_lt_0.3	33	34	29	5	4	0.8529411764705882	0.8787878787878788	0.8656716417910447	15.742439885422229	8.829662966113366	0.9902782976504223	0.9957539782840136	hmp_airskin_gtdb_source_abundance	sum	34	2	0.05555555555555555	0.01872288276762263	15.742439885422229	0.9902782976504223	0.8405797101449276	18.780365281635632	0.9895037710483946	0.025091931646117116	-3.037925396213403	0.0007745266020277031
0	drop_prob_lt_0.5_and_xny_lt_500	33	34	29	5	4	0.8529411764705882	0.8787878787878788	0.8656716417910447	15.742439885422229	8.829662966113366	0.9902782976504223	0.9957539782840136	hmp_airskin_gtdb_source_abundance	sum	34	2	0.05555555555555555	0.01872288276762263	15.742439885422229	0.9902782976504223	0.8405797101449276	18.780365281635632	0.9895037710483946	0.025091931646117116	-3.037925396213403	0.0007745266020277031
0	drop_prob_lt_0.7_and_breadth_lt_0.1	33	31	28	3	5	0.9032258064516129	0.8484848484848485	0.875	15.41083642440626	8.650777772490624	0.9902101357100067	0.9957558406567486	hmp_airskin_gtdb_source_abundance	sum	31	5	0.1388888888888889	0.020928685374428588	15.41083642440626	0.9902101357100067	0.8405797101449276	18.780365281635632	0.9895037710483946	0.034420289855072395	-3.3695288572293727	0.0007063646616121133
0	drop_prob_lt_0.7_and_breadth_lt_0.2	33	29	28	1	5	0.9655172413793104	0.8484848484848485	0.9032258064516129	11.658200155584469	7.591637788462475	0.9914774800800686	0.9957558406567488	hmp_airskin_gtdb_source_abundance	sum	29	7	0.19444444444444445	0.04841779671623063	11.658200155584469	0.9914774800800686	0.8405797101449276	18.780365281635632	0.9895037710483946	0.06264609630668527	-7.122165126051163	0.0019737090316740424
0	drop_prob_lt_0.7_and_realaf_lt_0.3	33	30	28	2	5	0.9333333333333333	0.8484848484848485	0.888888888888889	14.612965191064436	8.358053824306817	0.9902157070109371	0.9957558406567485	hmp_airskin_gtdb_source_abundance	sum	30	6	0.16666666666666666	0.026204430736344195	14.612965191064436	0.9902157070109371	0.8405797101449276	18.780365281635632	0.9895037710483946	0.048309178743961345	-4.167400090571196	0.000711935962542487
0	max_real_min_af_ge_0.02	33	34	29	5	4	0.8529411764705882	0.8787878787878788	0.8656716417910447	18.776026846852165	10.122873040836595	0.9894560213953184	0.9957539782840132	hmp_airskin_gtdb_source_abundance	sum	34	2	0.05555555555555555	2.719610254884731e-05	18.776026846852165	0.9894560213953184	0.8405797101449276	18.780365281635632	0.9895037710483946	0.025091931646117116	-0.004338434783466738	-4.774965307619006e-05
0	max_xny_ge_10	33	34	29	5	4	0.8529411764705882	0.8787878787878788	0.8656716417910447	18.776026846852165	10.122873040836595	0.9894560213953184	0.9957539782840132	hmp_airskin_gtdb_source_abundance	sum	34	2	0.05555555555555555	2.719610254884731e-05	18.776026846852165	0.9894560213953184	0.8405797101449276	18.780365281635632	0.9895037710483946	0.025091931646117116	-0.004338434783466738	-4.774965307619006e-05
0	min_breadth_ge_0.02	33	32	29	3	4	0.90625	0.8787878787878788	0.8923076923076922	11.145303355579951	8.055526987238588	0.9943107629446183	0.9957539782840138	hmp_airskin_gtdb_source_abundance	sum	32	4	0.1111111111111111	0.05743317379006195	11.145303355579951	0.9943107629446183	0.8405797101449276	18.780365281635632	0.9895037710483946	0.05172798216276464	-7.6350619260556805	0.004806991896223689
0	min_xny_ge_25	33	32	29	3	4	0.90625	0.8787878787878788	0.8923076923076922	11.145303355579951	8.055526987238588	0.9943107629446183	0.9957539782840138	hmp_airskin_gtdb_source_abundance	sum	32	4	0.1111111111111111	0.05743317379006195	11.145303355579951	0.9943107629446183	0.8405797101449276	18.780365281635632	0.9895037710483946	0.05172798216276464	-7.6350619260556805	0.004806991896223689
0	s_xny_ge_10	33	34	29	5	4	0.8529411764705882	0.8787878787878788	0.8656716417910447	18.776026846852165	10.122873040836595	0.9894560213953184	0.9957539782840132	hmp_airskin_gtdb_source_abundance	sum	34	2	0.05555555555555555	2.719610254884731e-05	18.776026846852165	0.9894560213953184	0.8405797101449276	18.780365281635632	0.9895037710483946	0.025091931646117116	-0.004338434783466738	-4.774965307619006e-05
1	current_calls	51	99	51	48	0	0.5151515151515151	1.0	0.6799999999999999	18.1058836900925	11.773226709809936	0.9973939434154936	0.9978165192517793	hmp_airskin_gtdb_source_abundance	sum	99	0	0.0	0.0	18.1058836900925	0.9973939434154936	0.6799999999999999	18.1058836900925	0.9973939434154936	0.0	0.0	0.0
1	drop_prob_lt_0.5_and_breadth_lt_0.1	51	65	50	15	1	0.7692307692307693	0.9803921568627451	0.8620689655172413	17.026359143772627	11.874254833176739	0.9974831282172055	0.9977960796754515	hmp_airskin_gtdb_source_abundance	sum	65	34	0.3434343434343434	0.014995417614491033	17.026359143772627	0.9974831282172055	0.6799999999999999	18.1058836900925	0.9973939434154936	0.1820689655172414	-1.079524546319874	8.918480171193899e-05
1	drop_prob_lt_0.5_and_breadth_lt_0.2	51	64	50	14	1	0.78125	0.9803921568627451	0.8695652173913042	16.79737551400557	11.860205216946799	0.9974818176150666	0.9977960796754517	hmp_airskin_gtdb_source_abundance	sum	64	35	0.35353535353535354	0.01722248143013944	16.79737551400557	0.9974818176150666	0.6799999999999999	18.1058836900925	0.9973939434154936	0.18956521739130427	-1.3085081760869315	8.787419957301257e-05
1	drop_prob_lt_0.5_and_realaf_lt_0.3	51	66	51	15	0	0.7727272727272727	1.0	0.8717948717948718	17.11103739453204	11.714602647565311	0.9974870181822021	0.9978165192517788	hmp_airskin_gtdb_source_abundance	sum	66	33	0.3333333333333333	0.009896267976917615	17.11103739453204	0.9974870181822021	0.6799999999999999	18.1058836900925	0.9973939434154936	0.19179487179487187	-0.9948462955604604	9.307476670850079e-05
1	drop_prob_lt_0.5_and_xny_lt_500	51	63	49	14	2	0.7777777777777778	0.9607843137254902	0.8596491228070176	16.891666959870978	11.945819443697957	0.997466605483127	0.9977847044571894	hmp_airskin_gtdb_source_abundance	sum	63	36	0.36363636363636365	0.018946710865297253	16.891666959870978	0.997466605483127	0.6799999999999999	18.1058836900925	0.9973939434154936	0.1796491228070176	-1.2142167302215228	7.266206763345551e-05
1	drop_prob_lt_0.7_and_breadth_lt_0.1	51	63	50	13	1	0.7936507936507936	0.9803921568627451	0.8771929824561403	16.677406670450623	11.852844357949097	0.9974796781112352	0.9977960796754517	hmp_airskin_gtdb_source_abundance	sum	63	36	0.36363636363636365	0.01838526668569765	16.677406670450623	0.9974796781112352	0.6799999999999999	18.1058836900925	0.9973939434154936	0.19719298245614036	-1.4284770196418783	8.573469574157944e-05
1	drop_prob_lt_0.7_and_breadth_lt_0.2	51	51	49	2	2	0.9607843137254902	0.9607843137254902	0.9607843137254902	12.494509000261885	11.754542722473854	0.9977516038082963	0.9977763787494437	hmp_airskin_gtdb_source_abundance	sum	51	48	0.48484848484848486	0.06114992576000731	12.494509000261885	0.9977516038082963	0.6799999999999999	18.1058836900925	0.9973939434154936	0.2807843137254903	-5.611374689830615	0.00035766039280271666
1	drop_prob_lt_0.7_and_realaf_lt_0.3	51	60	51	9	0	0.85	1.0	0.9189189189189189	15.237392585216888	11.604192958736215	0.9976323876938302	0.9978165192517793	hmp_airskin_gtdb_source_abundance	sum	60	39	0.3939393939393939	0.028012316932166978	15.237392585216888	0.9976323876938302	0.6799999999999999	18.1058836900925	0.9973939434154936	0.23891891891891892	-2.8684911048756128	0.00023844427833663584
1	max_real_min_af_ge_0.02	51	72	51	21	0	0.7083333333333334	1.0	0.8292682926829268	18.092962384103725	11.77246528621119	0.9974904245649349	0.9978165192517789	hmp_airskin_gtdb_source_abundance	sum	72	27	0.2727272727272727	0.00012980302001317648	18.092962384103725	0.9974904245649349	0.6799999999999999	18.1058836900925	0.9973939434154936	0.14926829268292685	-0.012921305988776055	9.648114944127428e-05
1	max_xny_ge_10	51	72	51	21	0	0.7083333333333334	1.0	0.8292682926829268	18.092962384103725	11.77246528621119	0.9974904245649349	0.9978165192517789	hmp_airskin_gtdb_source_abundance	sum	72	27	0.2727272727272727	0.00012980302001317648	18.092962384103725	0.9974904245649349	0.6799999999999999	18.1058836900925	0.9973939434154936	0.14926829268292685	-0.012921305988776055	9.648114944127428e-05
1	min_breadth_ge_0.02	51	66	50	16	1	0.7575757575757576	0.9803921568627451	0.8547008547008548	17.40630718577257	11.89756708559778	0.9974591437830859	0.9977960796754517	hmp_airskin_gtdb_source_abundance	sum	66	33	0.3333333333333333	0.01127774163736562	17.40630718577257	0.9974591437830859	0.6799999999999999	18.1058836900925	0.9973939434154936	0.17470085470085484	-0.699576504319932	6.520036759227743e-05
1	min_xny_ge_25	51	62	50	12	1	0.8064516129032258	0.9803921568627451	0.8849557522123893	16.179403588965254	11.822288670700559	0.9974790219325582	0.9977960796754517	hmp_airskin_gtdb_source_abundance	sum	62	37	0.37373737373737376	0.02318283473103756	16.179403588965254	0.9974790219325582	0.6799999999999999	18.1058836900925	0.9973939434154936	0.20495575221238937	-1.9264801011272468	8.507851706462954e-05
1	s_xny_ge_10	51	72	51	21	0	0.7083333333333334	1.0	0.8292682926829268	18.092962384103725	11.77246528621119	0.9974904245649349	0.9978165192517789	hmp_airskin_gtdb_source_abundance	sum	72	27	0.2727272727272727	0.00012980302001317648	18.092962384103725	0.9974904245649349	0.6799999999999999	18.1058836900925	0.9973939434154936	0.14926829268292685	-0.012921305988776055	9.648114944127428e-05
3	current_calls	47	47	45	2	2	0.9574468085106383	0.9574468085106383	0.9574468085106385	12.670666989685692	8.881086724946552	0.9970245468507755	0.9993927980330461	hmp_airskin_gtdb_source_abundance	sum	47	0	0.0	0.0	12.670666989685692	0.9970245468507755	0.9574468085106385	12.670666989685692	0.9970245468507755	0.0	0.0	0.0
3	drop_prob_lt_0.5_and_breadth_lt_0.1	47	47	45	2	2	0.9574468085106383	0.9574468085106383	0.9574468085106385	12.670666989685692	8.881086724946552	0.9970245468507755	0.9993927980330461	hmp_airskin_gtdb_source_abundance	sum	47	0	0.0	0.0	12.670666989685692	0.9970245468507755	0.9574468085106385	12.670666989685692	0.9970245468507755	0.0	0.0	0.0
3	drop_prob_lt_0.5_and_breadth_lt_0.2	47	47	45	2	2	0.9574468085106383	0.9574468085106383	0.9574468085106385	12.670666989685692	8.881086724946552	0.9970245468507755	0.9993927980330461	hmp_airskin_gtdb_source_abundance	sum	47	0	0.0	0.0	12.670666989685692	0.9970245468507755	0.9574468085106385	12.670666989685692	0.9970245468507755	0.0	0.0	0.0
3	drop_prob_lt_0.5_and_realaf_lt_0.3	47	47	45	2	2	0.9574468085106383	0.9574468085106383	0.9574468085106385	12.670666989685692	8.881086724946552	0.9970245468507755	0.9993927980330461	hmp_airskin_gtdb_source_abundance	sum	47	0	0.0	0.0	12.670666989685692	0.9970245468507755	0.9574468085106385	12.670666989685692	0.9970245468507755	0.0	0.0	0.0
3	drop_prob_lt_0.5_and_xny_lt_500	47	46	44	2	3	0.9565217391304348	0.9361702127659575	0.9462365591397849	12.752940993159587	8.946969097043958	0.9969873382561844	0.9993664143297293	hmp_airskin_gtdb_source_abundance	sum	46	1	0.02127659574468085	0.004306818816297511	12.752940993159587	0.9969873382561844	0.9574468085106385	12.670666989685692	0.9970245468507755	-0.011210249370853576	0.08227400347389491	-3.720859459110937e-05
3	drop_prob_lt_0.7_and_breadth_lt_0.1	47	47	45	2	2	0.9574468085106383	0.9574468085106383	0.9574468085106385	12.670666989685692	8.881086724946552	0.9970245468507755	0.9993927980330461	hmp_airskin_gtdb_source_abundance	sum	47	0	0.0	0.0	12.670666989685692	0.9970245468507755	0.9574468085106385	12.670666989685692	0.9970245468507755	0.0	0.0	0.0
3	drop_prob_lt_0.7_and_breadth_lt_0.2	47	47	45	2	2	0.9574468085106383	0.9574468085106383	0.9574468085106385	12.670666989685692	8.881086724946552	0.9970245468507755	0.9993927980330461	hmp_airskin_gtdb_source_abundance	sum	47	0	0.0	0.0	12.670666989685692	0.9970245468507755	0.9574468085106385	12.670666989685692	0.9970245468507755	0.0	0.0	0.0
3	drop_prob_lt_0.7_and_realaf_lt_0.3	47	47	45	2	2	0.9574468085106383	0.9574468085106383	0.9574468085106385	12.670666989685692	8.881086724946552	0.9970245468507755	0.9993927980330461	hmp_airskin_gtdb_source_abundance	sum	47	0	0.0	0.0	12.670666989685692	0.9970245468507755	0.9574468085106385	12.670666989685692	0.9970245468507755	0.0	0.0	0.0
3	max_real_min_af_ge_0.02	47	47	45	2	2	0.9574468085106383	0.9574468085106383	0.9574468085106385	12.670666989685692	8.881086724946552	0.9970245468507755	0.9993927980330461	hmp_airskin_gtdb_source_abundance	sum	47	0	0.0	0.0	12.670666989685692	0.9970245468507755	0.9574468085106385	12.670666989685692	0.9970245468507755	0.0	0.0	0.0
3	max_xny_ge_10	47	47	45	2	2	0.9574468085106383	0.9574468085106383	0.9574468085106385	12.670666989685692	8.881086724946552	0.9970245468507755	0.9993927980330461	hmp_airskin_gtdb_source_abundance	sum	47	0	0.0	0.0	12.670666989685692	0.9970245468507755	0.9574468085106385	12.670666989685692	0.9970245468507755	0.0	0.0	0.0
3	min_breadth_ge_0.02	47	47	45	2	2	0.9574468085106383	0.9574468085106383	0.9574468085106385	12.670666989685692	8.881086724946552	0.9970245468507755	0.9993927980330461	hmp_airskin_gtdb_source_abundance	sum	47	0	0.0	0.0	12.670666989685692	0.9970245468507755	0.9574468085106385	12.670666989685692	0.9970245468507755	0.0	0.0	0.0
3	min_xny_ge_25	47	47	45	2	2	0.9574468085106383	0.9574468085106383	0.9574468085106385	12.670666989685692	8.881086724946552	0.9970245468507755	0.9993927980330461	hmp_airskin_gtdb_source_abundance	sum	47	0	0.0	0.0	12.670666989685692	0.9970245468507755	0.9574468085106385	12.670666989685692	0.9970245468507755	0.0	0.0	0.0
3	s_xny_ge_10	47	47	45	2	2	0.9574468085106383	0.9574468085106383	0.9574468085106385	12.670666989685692	8.881086724946552	0.9970245468507755	0.9993927980330461	hmp_airskin_gtdb_source_abundance	sum	47	0	0.0	0.0	12.670666989685692	0.9970245468507755	0.9574468085106385	12.670666989685692	0.9970245468507755	0.0	0.0	0.0
4	current_calls	106	137	102	35	4	0.7445255474452555	0.9622641509433962	0.8395061728395061	28.726740922959127	19.861197783006386	0.9883782682234049	0.9913715332528884	hmp_airskin_gtdb_source_abundance	sum	137	0	0.0	0.0	28.726740922959127	0.9883782682234049	0.8395061728395061	28.726740922959127	0.9883782682234049	0.0	0.0	0.0
4	drop_prob_lt_0.5_and_breadth_lt_0.1	106	118	101	17	5	0.8559322033898306	0.9528301886792453	0.9017857142857143	26.050739495457726	19.03908554646916	0.9884635729438856	0.9913693273107307	hmp_airskin_gtdb_source_abundance	sum	118	19	0.1386861313868613	0.02293874376682619	26.050739495457726	0.9884635729438856	0.8395061728395061	28.726740922959127	0.9883782682234049	0.062279541446208175	-2.676001427501401	8.53047204807389e-05
4	drop_prob_lt_0.5_and_breadth_lt_0.2	106	113	99	14	7	0.8761061946902655	0.9339622641509434	0.904109589041096	25.53110937523125	18.927319350667045	0.9884522442025102	0.991351659694109	hmp_airskin_gtdb_source_abundance	sum	113	24	0.17518248175182483	0.02960910209130273	25.53110937523125	0.9884522442025102	0.8395061728395061	28.726740922959127	0.9883782682234049	0.06460341620158983	-3.195631547727878	7.397597910530074e-05
4	drop_prob_lt_0.5_and_realaf_lt_0.3	106	117	101	16	5	0.8632478632478633	0.9528301886792453	0.9058295964125562	26.220061167924797	19.237197130055105	0.9884622806522113	0.9913619047706008	hmp_airskin_gtdb_source_abundance	sum	117	20	0.145985401459854	0.021600315375759686	26.220061167924797	0.9884622806522113	0.8395061728395061	28.726740922959127	0.9883782682234049	0.0663234235730501	-2.5066797550343303	8.401242880640147e-05
4	drop_prob_lt_0.5_and_xny_lt_500	106	110	96	14	10	0.8727272727272727	0.9056603773584906	0.8888888888888888	25.19314617444135	18.520435557723772	0.9884503501459667	0.9913882311037271	hmp_airskin_gtdb_source_abundance	sum	110	27	0.19708029197080293	0.03963200270032219	25.19314617444135	0.9884503501459667	0.8395061728395061	28.726740922959127	0.9883782682234049	0.04938271604938271	-3.5335947485177783	7.208192256180634e-05
4	drop_prob_lt_0.7_and_breadth_lt_0.1	106	111	99	12	7	0.8918918918918919	0.9339622641509434	0.9124423963133641	22.42154238110161	18.269044171276036	0.990764213878197	0.9913587209567314	hmp_airskin_gtdb_source_abundance	sum	111	26	0.1897810218978102	0.053309266622203165	22.42154238110161	0.990764213878197	0.8395061728395061	28.726740922959127	0.9883782682234049	0.07293622347385798	-6.305198541857518	0.00238594565479211
4	drop_prob_lt_0.7_and_breadth_lt_0.2	106	95	92	3	14	0.968421052631579	0.8679245283018868	0.9154228855721392	17.959602078015184	17.25417836688548	0.9913622959942252	0.9913852329802144	hmp_airskin_gtdb_source_abundance	sum	95	42	0.30656934306569344	0.10073086493843723	17.959602078015184	0.9913622959942252	0.8395061728395061	28.726740922959127	0.9883782682234049	0.07591671273263312	-10.767138844943943	0.0029840277708202967
4	drop_prob_lt_0.7_and_realaf_lt_0.3	106	106	96	10	10	0.9056603773584906	0.9056603773584906	0.9056603773584906	24.600864324330203	18.883712062101008	0.9884837546034999	0.9913256510480865	hmp_airskin_gtdb_source_abundance	sum	106	31	0.22627737226277372	0.03967449589497499	24.600864324330203	0.9884837546034999	0.8395061728395061	28.726740922959127	0.9883782682234049	0.06615420451898446	-4.125876598628924	0.000105486380094999
4	max_real_min_af_ge_0.02	106	127	102	25	4	0.8031496062992126	0.9622641509433962	0.8755364806866953	28.720691102361318	19.859706962493405	0.9884119527208973	0.9913715332528882	hmp_airskin_gtdb_source_abundance	sum	127	10	0.072992700729927	5.002248534065594e-05	28.720691102361318	0.9884119527208973	0.8395061728395061	28.726740922959127	0.9883782682234049	0.03603030784718919	-0.00604982059780923	3.368449749241442e-05
4	max_xny_ge_10	106	127	102	25	4	0.8031496062992126	0.9622641509433962	0.8755364806866953	28.720691102361318	19.859706962493405	0.9884119527208973	0.9913715332528882	hmp_airskin_gtdb_source_abundance	sum	127	10	0.072992700729927	5.002248534065594e-05	28.720691102361318	0.9884119527208973	0.8395061728395061	28.726740922959127	0.9883782682234049	0.03603030784718919	-0.00604982059780923	3.368449749241442e-05
4	min_breadth_ge_0.02	106	119	101	18	5	0.8487394957983193	0.9528301886792453	0.8977777777777778	26.467436691199598	19.142731531486586	0.9884703016225758	0.991369327310731	hmp_airskin_gtdb_source_abundance	sum	119	18	0.13138686131386862	0.01963829341764887	26.467436691199598	0.9884703016225758	0.8395061728395061	28.726740922959127	0.9883782682234049	0.05827160493827166	-2.259304231759529	9.20333991708544e-05
4	min_xny_ge_25	106	116	101	15	5	0.8706896551724138	0.9528301886792453	0.9099099099099099	22.735816344617092	18.279994500686144	0.990807802231696	0.9913693273107308	hmp_airskin_gtdb_source_abundance	sum	116	21	0.15328467153284672	0.04907539149861744	22.735816344617092	0.990807802231696	0.8395061728395061	28.726740922959127	0.9883782682234049	0.07040373707040382	-5.990924578342035	0.0024295340082910455
4	s_xny_ge_10	106	127	102	25	4	0.8031496062992126	0.9622641509433962	0.8755364806866953	28.720691102361318	19.859706962493405	0.9884119527208973	0.9913715332528882	hmp_airskin_gtdb_source_abundance	sum	127	10	0.072992700729927	5.002248534065594e-05	28.720691102361318	0.9884119527208973	0.8395061728395061	28.726740922959127	0.9883782682234049	0.03603030784718919	-0.00604982059780923	3.368449749241442e-05
5	current_calls	26	26	25	1	1	0.9615384615384616	0.9615384615384616	0.9615384615384616	10.337735604597114	9.524072174532563	0.9983818025644174	0.9984813848525255	hmp_airskin_gtdb_source_abundance	sum	26	0	0.0	0.0	10.337735604597114	0.9983818025644174	0.9615384615384616	10.337735604597114	0.9983818025644174	0.0	0.0	0.0
5	drop_prob_lt_0.5_and_breadth_lt_0.1	26	26	25	1	1	0.9615384615384616	0.9615384615384616	0.9615384615384616	10.337735604597114	9.524072174532563	0.9983818025644174	0.9984813848525255	hmp_airskin_gtdb_source_abundance	sum	26	0	0.0	0.0	10.337735604597114	0.9983818025644174	0.9615384615384616	10.337735604597114	0.9983818025644174	0.0	0.0	0.0
5	drop_prob_lt_0.5_and_breadth_lt_0.2	26	26	25	1	1	0.9615384615384616	0.9615384615384616	0.9615384615384616	10.337735604597114	9.524072174532563	0.9983818025644174	0.9984813848525255	hmp_airskin_gtdb_source_abundance	sum	26	0	0.0	0.0	10.337735604597114	0.9983818025644174	0.9615384615384616	10.337735604597114	0.9983818025644174	0.0	0.0	0.0
5	drop_prob_lt_0.5_and_realaf_lt_0.3	26	26	25	1	1	0.9615384615384616	0.9615384615384616	0.9615384615384616	10.337735604597114	9.524072174532563	0.9983818025644174	0.9984813848525255	hmp_airskin_gtdb_source_abundance	sum	26	0	0.0	0.0	10.337735604597114	0.9983818025644174	0.9615384615384616	10.337735604597114	0.9983818025644174	0.0	0.0	0.0
5	drop_prob_lt_0.5_and_xny_lt_500	26	26	25	1	1	0.9615384615384616	0.9615384615384616	0.9615384615384616	10.337735604597114	9.524072174532563	0.9983818025644174	0.9984813848525255	hmp_airskin_gtdb_source_abundance	sum	26	0	0.0	0.0	10.337735604597114	0.9983818025644174	0.9615384615384616	10.337735604597114	0.9983818025644174	0.0	0.0	0.0
5	drop_prob_lt_0.7_and_breadth_lt_0.1	26	26	25	1	1	0.9615384615384616	0.9615384615384616	0.9615384615384616	10.337735604597114	9.524072174532563	0.9983818025644174	0.9984813848525255	hmp_airskin_gtdb_source_abundance	sum	26	0	0.0	0.0	10.337735604597114	0.9983818025644174	0.9615384615384616	10.337735604597114	0.9983818025644174	0.0	0.0	0.0
5	drop_prob_lt_0.7_and_breadth_lt_0.2	26	26	25	1	1	0.9615384615384616	0.9615384615384616	0.9615384615384616	10.337735604597114	9.524072174532563	0.9983818025644174	0.9984813848525255	hmp_airskin_gtdb_source_abundance	sum	26	0	0.0	0.0	10.337735604597114	0.9983818025644174	0.9615384615384616	10.337735604597114	0.9983818025644174	0.0	0.0	0.0
5	drop_prob_lt_0.7_and_realaf_lt_0.3	26	26	25	1	1	0.9615384615384616	0.9615384615384616	0.9615384615384616	10.337735604597114	9.524072174532563	0.9983818025644174	0.9984813848525255	hmp_airskin_gtdb_source_abundance	sum	26	0	0.0	0.0	10.337735604597114	0.9983818025644174	0.9615384615384616	10.337735604597114	0.9983818025644174	0.0	0.0	0.0
5	max_real_min_af_ge_0.02	26	26	25	1	1	0.9615384615384616	0.9615384615384616	0.9615384615384616	10.337735604597114	9.524072174532563	0.9983818025644174	0.9984813848525255	hmp_airskin_gtdb_source_abundance	sum	26	0	0.0	0.0	10.337735604597114	0.9983818025644174	0.9615384615384616	10.337735604597114	0.9983818025644174	0.0	0.0	0.0
5	max_xny_ge_10	26	26	25	1	1	0.9615384615384616	0.9615384615384616	0.9615384615384616	10.337735604597114	9.524072174532563	0.9983818025644174	0.9984813848525255	hmp_airskin_gtdb_source_abundance	sum	26	0	0.0	0.0	10.337735604597114	0.9983818025644174	0.9615384615384616	10.337735604597114	0.9983818025644174	0.0	0.0	0.0
5	min_breadth_ge_0.02	26	26	25	1	1	0.9615384615384616	0.9615384615384616	0.9615384615384616	10.337735604597114	9.524072174532563	0.9983818025644174	0.9984813848525255	hmp_airskin_gtdb_source_abundance	sum	26	0	0.0	0.0	10.337735604597114	0.9983818025644174	0.9615384615384616	10.337735604597114	0.9983818025644174	0.0	0.0	0.0
5	min_xny_ge_25	26	26	25	1	1	0.9615384615384616	0.9615384615384616	0.9615384615384616	10.337735604597114	9.524072174532563	0.9983818025644174	0.9984813848525255	hmp_airskin_gtdb_source_abundance	sum	26	0	0.0	0.0	10.337735604597114	0.9983818025644174	0.9615384615384616	10.337735604597114	0.9983818025644174	0.0	0.0	0.0
5	s_xny_ge_10	26	26	25	1	1	0.9615384615384616	0.9615384615384616	0.9615384615384616	10.337735604597114	9.524072174532563	0.9983818025644174	0.9984813848525255	hmp_airskin_gtdb_source_abundance	sum	26	0	0.0	0.0	10.337735604597114	0.9983818025644174	0.9615384615384616	10.337735604597114	0.9983818025644174	0.0	0.0	0.0
6	current_calls	16	16	15	1	1	0.9375	0.9375	0.9375	23.215391722468812	12.202962601464055	0.9122239933982667	0.976002571771857	hmp_airskin_gtdb_source_abundance	sum	16	0	0.0	0.0	23.215391722468812	0.9122239933982667	0.9375	23.215391722468812	0.9122239933982667	0.0	0.0	0.0
6	drop_prob_lt_0.5_and_breadth_lt_0.1	16	16	15	1	1	0.9375	0.9375	0.9375	23.215391722468812	12.202962601464055	0.9122239933982667	0.976002571771857	hmp_airskin_gtdb_source_abundance	sum	16	0	0.0	0.0	23.215391722468812	0.9122239933982667	0.9375	23.215391722468812	0.9122239933982667	0.0	0.0	0.0
6	drop_prob_lt_0.5_and_breadth_lt_0.2	16	16	15	1	1	0.9375	0.9375	0.9375	23.215391722468812	12.202962601464055	0.9122239933982667	0.976002571771857	hmp_airskin_gtdb_source_abundance	sum	16	0	0.0	0.0	23.215391722468812	0.9122239933982667	0.9375	23.215391722468812	0.9122239933982667	0.0	0.0	0.0
6	drop_prob_lt_0.5_and_realaf_lt_0.3	16	16	15	1	1	0.9375	0.9375	0.9375	23.215391722468812	12.202962601464055	0.9122239933982667	0.976002571771857	hmp_airskin_gtdb_source_abundance	sum	16	0	0.0	0.0	23.215391722468812	0.9122239933982667	0.9375	23.215391722468812	0.9122239933982667	0.0	0.0	0.0
6	drop_prob_lt_0.5_and_xny_lt_500	16	16	15	1	1	0.9375	0.9375	0.9375	23.215391722468812	12.202962601464055	0.9122239933982667	0.976002571771857	hmp_airskin_gtdb_source_abundance	sum	16	0	0.0	0.0	23.215391722468812	0.9122239933982667	0.9375	23.215391722468812	0.9122239933982667	0.0	0.0	0.0
6	drop_prob_lt_0.7_and_breadth_lt_0.1	16	16	15	1	1	0.9375	0.9375	0.9375	23.215391722468812	12.202962601464055	0.9122239933982667	0.976002571771857	hmp_airskin_gtdb_source_abundance	sum	16	0	0.0	0.0	23.215391722468812	0.9122239933982667	0.9375	23.215391722468812	0.9122239933982667	0.0	0.0	0.0
6	drop_prob_lt_0.7_and_breadth_lt_0.2	16	16	15	1	1	0.9375	0.9375	0.9375	23.215391722468812	12.202962601464055	0.9122239933982667	0.976002571771857	hmp_airskin_gtdb_source_abundance	sum	16	0	0.0	0.0	23.215391722468812	0.9122239933982667	0.9375	23.215391722468812	0.9122239933982667	0.0	0.0	0.0
6	drop_prob_lt_0.7_and_realaf_lt_0.3	16	16	15	1	1	0.9375	0.9375	0.9375	23.215391722468812	12.202962601464055	0.9122239933982667	0.976002571771857	hmp_airskin_gtdb_source_abundance	sum	16	0	0.0	0.0	23.215391722468812	0.9122239933982667	0.9375	23.215391722468812	0.9122239933982667	0.0	0.0	0.0
6	max_real_min_af_ge_0.02	16	16	15	1	1	0.9375	0.9375	0.9375	23.215391722468812	12.202962601464055	0.9122239933982667	0.976002571771857	hmp_airskin_gtdb_source_abundance	sum	16	0	0.0	0.0	23.215391722468812	0.9122239933982667	0.9375	23.215391722468812	0.9122239933982667	0.0	0.0	0.0
6	max_xny_ge_10	16	16	15	1	1	0.9375	0.9375	0.9375	23.215391722468812	12.202962601464055	0.9122239933982667	0.976002571771857	hmp_airskin_gtdb_source_abundance	sum	16	0	0.0	0.0	23.215391722468812	0.9122239933982667	0.9375	23.215391722468812	0.9122239933982667	0.0	0.0	0.0
6	min_breadth_ge_0.02	16	16	15	1	1	0.9375	0.9375	0.9375	23.215391722468812	12.202962601464055	0.9122239933982667	0.976002571771857	hmp_airskin_gtdb_source_abundance	sum	16	0	0.0	0.0	23.215391722468812	0.9122239933982667	0.9375	23.215391722468812	0.9122239933982667	0.0	0.0	0.0
6	min_xny_ge_25	16	16	15	1	1	0.9375	0.9375	0.9375	23.215391722468812	12.202962601464055	0.9122239933982667	0.976002571771857	hmp_airskin_gtdb_source_abundance	sum	16	0	0.0	0.0	23.215391722468812	0.9122239933982667	0.9375	23.215391722468812	0.9122239933982667	0.0	0.0	0.0
6	s_xny_ge_10	16	16	15	1	1	0.9375	0.9375	0.9375	23.215391722468812	12.202962601464055	0.9122239933982667	0.976002571771857	hmp_airskin_gtdb_source_abundance	sum	16	0	0.0	0.0	23.215391722468812	0.9122239933982667	0.9375	23.215391722468812	0.9122239933982667	0.0	0.0	0.0
7	current_calls	75	89	69	20	6	0.7752808988764045	0.92	0.8414634146341463	27.609399687248022	23.569124165375715	0.9875542782678016	0.9880750272858686	hmp_airskin_gtdb_source_abundance	sum	89	0	0.0	0.0	27.609399687248022	0.9875542782678016	0.8414634146341463	27.609399687248022	0.9875542782678016	0.0	0.0	0.0
7	drop_prob_lt_0.5_and_breadth_lt_0.1	75	82	69	13	6	0.8414634146341463	0.92	0.8789808917197452	27.42189221256437	23.51980455208852	0.9875417384735768	0.9880750272858687	hmp_airskin_gtdb_source_abundance	sum	82	7	0.07865168539325842	0.0014379902542338077	27.42189221256437	0.9875417384735768	0.8414634146341463	27.609399687248022	0.9875542782678016	0.03751747708559894	-0.18750747468365248	-1.2539794224775136e-05
7	drop_prob_lt_0.5_and_breadth_lt_0.2	75	77	64	13	11	0.8311688311688312	0.8533333333333334	0.8421052631578949	27.67093044305738	23.74980196237274	0.9875004984008074	0.9880403681416764	hmp_airskin_gtdb_source_abundance	sum	77	12	0.1348314606741573	0.006286961612494628	27.67093044305738	0.9875004984008074	0.8414634146341463	27.609399687248022	0.9875542782678016	0.0006418485237486005	0.06153075580935763	-5.3779866994174697e-05
7	drop_prob_lt_0.5_and_realaf_lt_0.3	75	79	66	13	9	0.8354430379746836	0.88	0.8571428571428572	27.56591848895505	23.65330947780036	0.9875186723924926	0.9880555725285032	hmp_airskin_gtdb_source_abundance	sum	79	10	0.11235955056179775	0.004123211560311619	27.56591848895505	0.9875186723924926	0.8414634146341463	27.609399687248022	0.9875542782678016	0.015679442508710895	-0.04348119829297303	-3.560587530904158e-05
7	drop_prob_lt_0.5_and_xny_lt_500	75	76	63	13	12	0.8289473684210527	0.84	0.8344370860927153	27.207668888354174	23.26843905933742	0.9875084495037895	0.9880550730283336	hmp_airskin_gtdb_source_abundance	sum	76	13	0.14606741573033707	0.01085322116849335	27.207668888354174	0.9875084495037895	0.8414634146341463	27.609399687248022	0.9875542782678016	-0.007026328541431037	-0.40173079889384766	-4.582876401215685e-05
7	drop_prob_lt_0.7_and_breadth_lt_0.1	75	76	68	8	7	0.8947368421052632	0.9066666666666666	0.9006622516556291	26.731901129566378	23.375556914078572	0.9875058079795421	0.9880667340949332	hmp_airskin_gtdb_source_abundance	sum	76	13	0.14606741573033707	0.008239284202276317	26.731901129566378	0.9875058079795421	0.8414634146341463	27.609399687248022	0.9875542782678016	0.059198837021482764	-0.8774985576816441	-4.847028825949451e-05
7	drop_prob_lt_0.7_and_breadth_lt_0.2	75	63	60	3	15	0.9523809523809523	0.8	0.8695652173913043	21.21468000265437	20.740092526634022	0.9882204092349139	0.9882067554228685	hmp_airskin_gtdb_source_abundance	sum	63	26	0.29213483146067415	0.05891134677979444	21.21468000265437	0.9882204092349139	0.8414634146341463	27.609399687248022	0.9875542782678016	0.028101802757158012	-6.394719684593653	0.0006661309671123217
7	drop_prob_lt_0.7_and_realaf_lt_0.3	75	69	65	4	10	0.9420289855072463	0.8666666666666667	0.9027777777777778	23.090360551828336	22.49552138955026	0.9880703850524595	0.9880469926285163	hmp_airskin_gtdb_source_abundance	sum	69	20	0.2247191011235955	0.03861957972107505	23.090360551828336	0.9880703850524595	0.8414634146341463	27.609399687248022	0.9875542782678016	0.06131436314363148	-4.5190391354196855	0.0005161067846578549
7	max_real_min_af_ge_0.02	75	84	69	15	6	0.8214285714285714	0.92	0.8679245283018867	27.605695367409517	23.568149827567396	0.987549327850275	0.9880750272858686	hmp_airskin_gtdb_source_abundance	sum	84	5	0.056179775280898875	2.844843898096022e-05	27.605695367409517	0.987549327850275	0.8414634146341463	27.609399687248022	0.9875542782678016	0.0264611136677404	-0.0037043198385049436	-4.950417526572437e-06
7	max_xny_ge_10	75	84	69	15	6	0.8214285714285714	0.92	0.8679245283018867	27.605695367409517	23.568149827567396	0.987549327850275	0.9880750272858686	hmp_airskin_gtdb_source_abundance	sum	84	5	0.056179775280898875	2.844843898096022e-05	27.605695367409517	0.987549327850275	0.8414634146341463	27.609399687248022	0.9875542782678016	0.0264611136677404	-0.0037043198385049436	-4.950417526572437e-06
7	min_breadth_ge_0.02	75	80	69	11	6	0.8625	0.92	0.8903225806451613	27.141154629540626	23.44596286095982	0.9875352403625907	0.9880750272858683	hmp_airskin_gtdb_source_abundance	sum	80	9	0.10112359550561797	0.0035832453189902965	27.141154629540626	0.9875352403625907	0.8414634146341463	27.609399687248022	0.9875542782678016	0.04885916601101503	-0.4682450577073958	-1.903790521096127e-05
7	min_xny_ge_25	75	77	69	8	6	0.8961038961038961	0.92	0.9078947368421053	26.539621733491597	23.287743196049302	0.9875175388560655	0.9880750272858687	hmp_airskin_gtdb_source_abundance	sum	77	12	0.1348314606741573	0.008148964264232415	26.539621733491597	0.9875175388560655	0.8414634146341463	27.609399687248022	0.9875542782678016	0.066431322207959	-1.0697779537564251	-3.6739411736097516e-05
7	s_xny_ge_10	75	84	69	15	6	0.8214285714285714	0.92	0.8679245283018867	27.605695367409517	23.568149827567396	0.987549327850275	0.9880750272858686	hmp_airskin_gtdb_source_abundance	sum	84	5	0.056179775280898875	2.844843898096022e-05	27.605695367409517	0.987549327850275	0.8414634146341463	27.609399687248022	0.9875542782678016	0.0264611136677404	-0.0037043198385049436	-4.950417526572437e-06
9	current_calls	96	102	92	10	4	0.9019607843137255	0.9583333333333334	0.9292929292929293	31.52693025024469	22.68679514645133	0.9866666556242832	0.9927120918834782	hmp_airskin_gtdb_source_abundance	sum	102	0	0.0	0.0	31.52693025024469	0.9866666556242832	0.9292929292929293	31.52693025024469	0.9866666556242832	0.0	0.0	0.0
9	drop_prob_lt_0.5_and_breadth_lt_0.1	96	96	91	5	5	0.9479166666666666	0.9479166666666666	0.9479166666666666	24.694471081088	21.04253860270312	0.9911827446455053	0.9927056465930614	hmp_airskin_gtdb_source_abundance	sum	96	6	0.058823529411764705	0.054527323541114066	24.694471081088	0.9911827446455053	0.9292929292929293	31.52693025024469	0.9866666556242832	0.018623737373737348	-6.832459169156689	0.004516089021222025
9	drop_prob_lt_0.5_and_breadth_lt_0.2	96	91	86	5	10	0.945054945054945	0.8958333333333334	0.9197860962566845	24.847535886184033	21.18263488711063	0.9911446923740845	0.9926736236598996	hmp_airskin_gtdb_source_abundance	sum	91	11	0.10784313725490197	0.0578729478753565	24.847535886184033	0.9911446923740845	0.9292929292929293	31.52693025024469	0.9866666556242832	-0.009506833036244777	-6.679394364060656	0.004478036749801295
9	drop_prob_lt_0.5_and_realaf_lt_0.3	96	92	87	5	9	0.9456521739130435	0.90625	0.9255319148936171	24.80571475253428	21.14309119657552	0.9911515088324304	0.9926793821630864	hmp_airskin_gtdb_source_abundance	sum	92	10	0.09803921568627451	0.057287127155536986	24.80571475253428	0.9911515088324304	0.9292929292929293	31.52693025024469	0.9866666556242832	-0.0037610143993122014	-6.721215497710411	0.004484853208147177
9	drop_prob_lt_0.5_and_xny_lt_500	96	89	84	5	12	0.9438202247191011	0.875	0.908108108108108	25.418373296233383	21.72115222507557	0.9909418571569006	0.9924858447300214	hmp_airskin_gtdb_source_abundance	sum	89	13	0.12745098039215685	0.06610875894840301	25.418373296233383	0.9909418571569006	0.9292929292929293	31.52693025024469	0.9866666556242832	-0.021184821184821234	-6.108556954011306	0.004275201532617401
9	drop_prob_lt_0.7_and_breadth_lt_0.1	96	93	91	2	5	0.978494623655914	0.9479166666666666	0.962962962962963	21.710324957449366	20.399753682053547	0.9925214159047195	0.9927056465930609	hmp_airskin_gtdb_source_abundance	sum	93	9	0.08823529411764706	0.07695822694946637	21.710324957449366	0.9925214159047195	0.9292929292929293	31.52693025024469	0.9866666556242832	0.03367003367003374	-9.816605292795323	0.0058547602804363
9	drop_prob_lt_0.7_and_breadth_lt_0.2	96	80	79	1	17	0.9875	0.8229166666666666	0.8977272727272727	21.413245211191693	20.491970576404288	0.9924472642110502	0.9926206602650243	hmp_airskin_gtdb_source_abundance	sum	80	22	0.21568627450980393	0.08996410868066844	21.413245211191693	0.9924472642110502	0.9292929292929293	31.52693025024469	0.9866666556242832	-0.031565656565656575	-10.113685039052996	0.005780608586766989
9	drop_prob_lt_0.7_and_realaf_lt_0.3	96	82	81	1	15	0.9878048780487805	0.84375	0.9101123595505618	21.29351587127294	20.37383209228211	0.9924649966658734	0.9926375874401209	hmp_airskin_gtdb_source_abundance	sum	82	20	0.19607843137254902	0.08838994166167193	21.29351587127294	0.9924649966658734	0.9292929292929293	31.52693025024469	0.9866666556242832	-0.01918056974236748	-10.233414378971748	0.00579834104159016
9	max_real_min_af_ge_0.02	96	102	92	10	4	0.9019607843137255	0.9583333333333334	0.9292929292929293	31.52693025024469	22.68679514645133	0.9866666556242832	0.9927120918834782	hmp_airskin_gtdb_source_abundance	sum	102	0	0.0	0.0	31.52693025024469	0.9866666556242832	0.9292929292929293	31.52693025024469	0.9866666556242832	0.0	0.0	0.0
9	max_xny_ge_10	96	102	92	10	4	0.9019607843137255	0.9583333333333334	0.9292929292929293	31.52693025024469	22.68679514645133	0.9866666556242832	0.9927120918834782	hmp_airskin_gtdb_source_abundance	sum	102	0	0.0	0.0	31.52693025024469	0.9866666556242832	0.9292929292929293	31.52693025024469	0.9866666556242832	0.0	0.0	0.0
9	min_breadth_ge_0.02	96	97	92	5	4	0.9484536082474226	0.9583333333333334	0.9533678756476685	24.66103324717774	21.01162511380024	0.9911903633152574	0.9927120918834788	hmp_airskin_gtdb_source_abundance	sum	97	5	0.049019607843137254	0.053873327292076764	24.66103324717774	0.9911903633152574	0.9292929292929293	31.52693025024469	0.9866666556242832	0.02407494635473917	-6.865897003066948	0.00452370769097421
9	min_xny_ge_25	96	95	92	3	4	0.968421052631579	0.9583333333333334	0.9633507853403142	24.10115185314455	20.890867198374373	0.991202176761995	0.9927120918834785	hmp_airskin_gtdb_source_abundance	sum	95	7	0.06862745098039216	0.05816579198464029	24.10115185314455	0.991202176761995	0.9292929292929293	31.52693025024469	0.9866666556242832	0.03405785604738487	-7.425778397100139	0.004535521137711718
9	s_xny_ge_10	96	102	92	10	4	0.9019607843137255	0.9583333333333334	0.9292929292929293	31.52693025024469	22.68679514645133	0.9866666556242832	0.9927120918834782	hmp_airskin_gtdb_source_abundance	sum	102	0	0.0	0.0	31.52693025024469	0.9866666556242832	0.9292929292929293	31.52693025024469	0.9866666556242832	0.0	0.0	0.0
10	current_calls	69	69	63	6	6	0.9130434782608695	0.9130434782608695	0.9130434782608695	20.729208359157205	18.003822216673804	0.9889496865549157	0.9899775618885671	hmp_airskin_gtdb_source_abundance	sum	69	0	0.0	0.0	20.729208359157205	0.9889496865549157	0.9130434782608695	20.729208359157205	0.9889496865549157	0.0	0.0	0.0
10	drop_prob_lt_0.5_and_breadth_lt_0.1	69	69	63	6	6	0.9130434782608695	0.9130434782608695	0.9130434782608695	20.729208359157205	18.003822216673804	0.9889496865549157	0.9899775618885671	hmp_airskin_gtdb_source_abundance	sum	69	0	0.0	0.0	20.729208359157205	0.9889496865549157	0.9130434782608695	20.729208359157205	0.9889496865549157	0.0	0.0	0.0
10	drop_prob_lt_0.5_and_breadth_lt_0.2	69	66	61	5	8	0.9242424242424242	0.8840579710144928	0.9037037037037037	20.017093833583598	18.771932708661105	0.989551357331515	0.9896312086624488	hmp_airskin_gtdb_source_abundance	sum	66	3	0.043478260869565216	0.01983310330429037	20.017093833583598	0.989551357331515	0.9130434782608695	20.729208359157205	0.9889496865549157	-0.009339774557165836	-0.7121145255736074	0.000601670776599339
10	drop_prob_lt_0.5_and_realaf_lt_0.3	69	67	62	5	7	0.9253731343283582	0.8985507246376812	0.9117647058823529	19.511303465360772	18.27157845350848	0.9898964487712478	0.9899733312400448	hmp_airskin_gtdb_source_abundance	sum	67	2	0.028985507246376812	0.015535135587927256	19.511303465360772	0.9898964487712478	0.9130434782608695	20.729208359157205	0.9889496865549157	-0.0012787723785165905	-1.2179048937964332	0.0009467622163321643
10	drop_prob_lt_0.5_and_xny_lt_500	69	66	61	5	8	0.9242424242424242	0.8840579710144928	0.9037037037037037	19.595638739180806	18.352767649226347	0.9898742812334885	0.9899541593668686	hmp_airskin_gtdb_source_abundance	sum	66	3	0.043478260869565216	0.018027110320713566	19.595638739180806	0.9898742812334885	0.9130434782608695	20.729208359157205	0.9889496865549157	-0.009339774557165836	-1.1335696199763987	0.0009245946785728654
10	drop_prob_lt_0.7_and_breadth_lt_0.1	69	65	61	4	8	0.9384615384615385	0.8840579710144928	0.9104477611940298	20.642159731260644	18.047481178544544	0.988906336299946	0.9899672512266917	hmp_airskin_gtdb_source_abundance	sum	65	4	0.057971014492753624	0.003037271350319297	20.642159731260644	0.988906336299946	0.9130434782608695	20.729208359157205	0.9889496865549157	-0.002595717066839698	-0.08704862789656076	-4.335025496970957e-05
10	drop_prob_lt_0.7_and_breadth_lt_0.2	69	58	58	0	11	1.0	0.8405797101449275	0.9133858267716535	18.932175021954347	18.932175021954347	0.9896190365764073	0.9896190365764073	hmp_airskin_gtdb_source_abundance	sum	58	11	0.15942028985507245	0.03533002602533281	18.932175021954347	0.9896190365764073	0.9130434782608695	20.729208359157205	0.9889496865549157	0.000342348510783963	-1.7970333372028584	0.0006693500214915993
10	drop_prob_lt_0.7_and_realaf_lt_0.3	69	60	59	1	10	0.9833333333333333	0.855072463768116	0.9147286821705427	18.81394602704082	18.360893847566103	0.9899073017573475	0.9899587955440319	hmp_airskin_gtdb_source_abundance	sum	60	9	0.13043478260869565	0.02662214873930898	18.81394602704082	0.9899073017573475	0.9130434782608695	20.729208359157205	0.9889496865549157	0.0016852039096731941	-1.9152623321163844	0.0009576152024318718
10	max_real_min_af_ge_0.02	69	68	63	5	6	0.9264705882352942	0.9130434782608695	0.9197080291970804	20.728356353956162	18.00396354378408	0.9889380482897357	0.9899775618885671	hmp_airskin_gtdb_source_abundance	sum	68	1	0.014492753623188406	1.0211525170786383e-05	20.728356353956162	0.9889380482897357	0.9130434782608695	20.729208359157205	0.9889496865549157	0.006664550936210878	-0.0008520052010432266	-1.1638265179914065e-05
10	max_xny_ge_10	69	68	63	5	6	0.9264705882352942	0.9130434782608695	0.9197080291970804	20.728356353956162	18.00396354378408	0.9889380482897357	0.9899775618885671	hmp_airskin_gtdb_source_abundance	sum	68	1	0.014492753623188406	1.0211525170786383e-05	20.728356353956162	0.9889380482897357	0.9130434782608695	20.729208359157205	0.9889496865549157	0.006664550936210878	-0.0008520052010432266	-1.1638265179914065e-05
10	min_breadth_ge_0.02	69	67	63	4	6	0.9402985074626866	0.9130434782608695	0.9264705882352942	20.613416995791994	18.023029210668103	0.9889218082649853	0.9899775618885674	hmp_airskin_gtdb_source_abundance	sum	67	2	0.028985507246376812	0.0013858833259874914	20.613416995791994	0.9889218082649853	0.9130434782608695	20.729208359157205	0.9889496865549157	0.013427109974424645	-0.11579136336521145	-2.7878289930338696e-05
10	min_xny_ge_25	69	66	62	4	7	0.9393939393939394	0.8985507246376812	0.9185185185185185	20.61789728116723	18.027409833227832	0.9889214235076458	0.9899772969292823	hmp_airskin_gtdb_source_abundance	sum	66	3	0.043478260869565216	0.0014243026182912115	20.61789728116723	0.9889214235076458	0.9130434782608695	20.729208359157205	0.9889496865549157	0.005475040257649	-0.1113110779899742	-2.8263047269883046e-05
10	s_xny_ge_10	69	68	63	5	6	0.9264705882352942	0.9130434782608695	0.9197080291970804	20.728356353956162	18.00396354378408	0.9889380482897357	0.9899775618885671	hmp_airskin_gtdb_source_abundance	sum	68	1	0.014492753623188406	1.0211525170786383e-05	20.728356353956162	0.9889380482897357	0.9130434782608695	20.729208359157205	0.9889496865549157	0.006664550936210878	-0.0008520052010432266	-1.1638265179914065e-05
11	current_calls	33	32	32	0	1	1.0	0.9696969696969697	0.9846153846153847	22.345748750639043	22.345748750639043	0.9390039844436856	0.9390039844436856	hmp_airskin_gtdb_source_abundance	sum	32	0	0.0	0.0	22.345748750639043	0.9390039844436856	0.9846153846153847	22.345748750639043	0.9390039844436856	0.0	0.0	0.0
11	drop_prob_lt_0.5_and_breadth_lt_0.1	33	32	32	0	1	1.0	0.9696969696969697	0.9846153846153847	22.345748750639043	22.345748750639043	0.9390039844436856	0.9390039844436856	hmp_airskin_gtdb_source_abundance	sum	32	0	0.0	0.0	22.345748750639043	0.9390039844436856	0.9846153846153847	22.345748750639043	0.9390039844436856	0.0	0.0	0.0
11	drop_prob_lt_0.5_and_breadth_lt_0.2	33	32	32	0	1	1.0	0.9696969696969697	0.9846153846153847	22.345748750639043	22.345748750639043	0.9390039844436856	0.9390039844436856	hmp_airskin_gtdb_source_abundance	sum	32	0	0.0	0.0	22.345748750639043	0.9390039844436856	0.9846153846153847	22.345748750639043	0.9390039844436856	0.0	0.0	0.0
11	drop_prob_lt_0.5_and_realaf_lt_0.3	33	32	32	0	1	1.0	0.9696969696969697	0.9846153846153847	22.345748750639043	22.345748750639043	0.9390039844436856	0.9390039844436856	hmp_airskin_gtdb_source_abundance	sum	32	0	0.0	0.0	22.345748750639043	0.9390039844436856	0.9846153846153847	22.345748750639043	0.9390039844436856	0.0	0.0	0.0
11	drop_prob_lt_0.5_and_xny_lt_500	33	32	32	0	1	1.0	0.9696969696969697	0.9846153846153847	22.345748750639043	22.345748750639043	0.9390039844436856	0.9390039844436856	hmp_airskin_gtdb_source_abundance	sum	32	0	0.0	0.0	22.345748750639043	0.9390039844436856	0.9846153846153847	22.345748750639043	0.9390039844436856	0.0	0.0	0.0
11	drop_prob_lt_0.7_and_breadth_lt_0.1	33	32	32	0	1	1.0	0.9696969696969697	0.9846153846153847	22.345748750639043	22.345748750639043	0.9390039844436856	0.9390039844436856	hmp_airskin_gtdb_source_abundance	sum	32	0	0.0	0.0	22.345748750639043	0.9390039844436856	0.9846153846153847	22.345748750639043	0.9390039844436856	0.0	0.0	0.0
11	drop_prob_lt_0.7_and_breadth_lt_0.2	33	32	32	0	1	1.0	0.9696969696969697	0.9846153846153847	22.345748750639043	22.345748750639043	0.9390039844436856	0.9390039844436856	hmp_airskin_gtdb_source_abundance	sum	32	0	0.0	0.0	22.345748750639043	0.9390039844436856	0.9846153846153847	22.345748750639043	0.9390039844436856	0.0	0.0	0.0
11	drop_prob_lt_0.7_and_realaf_lt_0.3	33	32	32	0	1	1.0	0.9696969696969697	0.9846153846153847	22.345748750639043	22.345748750639043	0.9390039844436856	0.9390039844436856	hmp_airskin_gtdb_source_abundance	sum	32	0	0.0	0.0	22.345748750639043	0.9390039844436856	0.9846153846153847	22.345748750639043	0.9390039844436856	0.0	0.0	0.0
11	max_real_min_af_ge_0.02	33	32	32	0	1	1.0	0.9696969696969697	0.9846153846153847	22.345748750639043	22.345748750639043	0.9390039844436856	0.9390039844436856	hmp_airskin_gtdb_source_abundance	sum	32	0	0.0	0.0	22.345748750639043	0.9390039844436856	0.9846153846153847	22.345748750639043	0.9390039844436856	0.0	0.0	0.0
11	max_xny_ge_10	33	32	32	0	1	1.0	0.9696969696969697	0.9846153846153847	22.345748750639043	22.345748750639043	0.9390039844436856	0.9390039844436856	hmp_airskin_gtdb_source_abundance	sum	32	0	0.0	0.0	22.345748750639043	0.9390039844436856	0.9846153846153847	22.345748750639043	0.9390039844436856	0.0	0.0	0.0
11	min_breadth_ge_0.02	33	32	32	0	1	1.0	0.9696969696969697	0.9846153846153847	22.345748750639043	22.345748750639043	0.9390039844436856	0.9390039844436856	hmp_airskin_gtdb_source_abundance	sum	32	0	0.0	0.0	22.345748750639043	0.9390039844436856	0.9846153846153847	22.345748750639043	0.9390039844436856	0.0	0.0	0.0
11	min_xny_ge_25	33	32	32	0	1	1.0	0.9696969696969697	0.9846153846153847	22.345748750639043	22.345748750639043	0.9390039844436856	0.9390039844436856	hmp_airskin_gtdb_source_abundance	sum	32	0	0.0	0.0	22.345748750639043	0.9390039844436856	0.9846153846153847	22.345748750639043	0.9390039844436856	0.0	0.0	0.0
11	s_xny_ge_10	33	32	32	0	1	1.0	0.9696969696969697	0.9846153846153847	22.345748750639043	22.345748750639043	0.9390039844436856	0.9390039844436856	hmp_airskin_gtdb_source_abundance	sum	32	0	0.0	0.0	22.345748750639043	0.9390039844436856	0.9846153846153847	22.345748750639043	0.9390039844436856	0.0	0.0	0.0
13	current_calls	40	40	37	3	3	0.925	0.925	0.925	54.74798404447638	54.19229885851233	0.9105244185423925	0.9100458154509375	hmp_airskin_gtdb_source_abundance	sum	40	0	0.0	0.0	54.74798404447638	0.9105244185423925	0.925	54.74798404447638	0.9105244185423925	0.0	0.0	0.0
13	drop_prob_lt_0.5_and_breadth_lt_0.1	40	40	37	3	3	0.925	0.925	0.925	54.74798404447638	54.19229885851233	0.9105244185423925	0.9100458154509375	hmp_airskin_gtdb_source_abundance	sum	40	0	0.0	0.0	54.74798404447638	0.9105244185423925	0.925	54.74798404447638	0.9105244185423925	0.0	0.0	0.0
13	drop_prob_lt_0.5_and_breadth_lt_0.2	40	37	34	3	6	0.918918918918919	0.85	0.8831168831168831	54.65533010024997	54.096990343653175	0.9104387850858908	0.9099551085851518	hmp_airskin_gtdb_source_abundance	sum	37	3	0.075	0.00475440016833061	54.65533010024997	0.9104387850858908	0.925	54.74798404447638	0.9105244185423925	-0.041883116883116966	-0.09265394422641293	-8.563345650169918e-05
13	drop_prob_lt_0.5_and_realaf_lt_0.3	40	38	35	3	5	0.9210526315789473	0.875	0.8974358974358975	54.68779261879476	54.130351218281994	0.9104673134955964	0.9099853151037047	hmp_airskin_gtdb_source_abundance	sum	38	2	0.05	0.0031504917774272064	54.68779261879476	0.9104673134955964	0.925	54.74798404447638	0.9105244185423925	-0.027564102564102577	-0.060191425681622945	-5.710504679612427e-05
13	drop_prob_lt_0.5_and_xny_lt_500	40	37	34	3	6	0.918918918918919	0.85	0.8831168831168831	54.65533010024997	54.096990343653175	0.9104387850858908	0.9099551085851518	hmp_airskin_gtdb_source_abundance	sum	37	3	0.075	0.00475440016833061	54.65533010024997	0.9104387850858908	0.925	54.74798404447638	0.9105244185423925	-0.041883116883116966	-0.09265394422641293	-8.563345650169918e-05
13	drop_prob_lt_0.7_and_breadth_lt_0.1	40	39	37	2	3	0.9487179487179487	0.925	0.9367088607594937	54.66402024768525	54.236887435577955	0.9103765127215635	0.9100458154509372	hmp_airskin_gtdb_source_abundance	sum	39	1	0.025	0.0012910381862778026	54.66402024768525	0.9103765127215635	0.925	54.74798404447638	0.9105244185423925	0.011708860759493622	-0.08396379679113153	-0.0001479058208290196
13	drop_prob_lt_0.7_and_breadth_lt_0.2	40	35	33	2	7	0.9428571428571428	0.825	0.88	54.11204367792328	53.67937993254011	0.9102817839189385	0.90994389542893	hmp_airskin_gtdb_source_abundance	sum	35	5	0.125	0.014057979462838929	54.11204367792328	0.9102817839189385	0.925	54.74798404447638	0.9105244185423925	-0.04500000000000004	-0.6359403665531005	-0.00024263462345397446
13	drop_prob_lt_0.7_and_realaf_lt_0.3	40	36	34	2	6	0.9444444444444444	0.85	0.8947368421052632	54.14649563287316	53.71453459203398	0.9103091809276591	0.9099722051204437	hmp_airskin_gtdb_source_abundance	sum	36	4	0.1	0.012454071071935526	54.14649563287316	0.9103091809276591	0.925	54.74798404447638	0.9105244185423925	-0.03026315789473688	-0.6014884116032206	-0.00021523761473341008
13	max_real_min_af_ge_0.02	40	40	37	3	3	0.925	0.925	0.925	54.74798404447638	54.19229885851233	0.9105244185423925	0.9100458154509375	hmp_airskin_gtdb_source_abundance	sum	40	0	0.0	0.0	54.74798404447638	0.9105244185423925	0.925	54.74798404447638	0.9105244185423925	0.0	0.0	0.0
13	max_xny_ge_10	40	40	37	3	3	0.925	0.925	0.925	54.74798404447638	54.19229885851233	0.9105244185423925	0.9100458154509375	hmp_airskin_gtdb_source_abundance	sum	40	0	0.0	0.0	54.74798404447638	0.9105244185423925	0.925	54.74798404447638	0.9105244185423925	0.0	0.0	0.0
13	min_breadth_ge_0.02	40	40	37	3	3	0.925	0.925	0.925	54.74798404447638	54.19229885851233	0.9105244185423925	0.9100458154509375	hmp_airskin_gtdb_source_abundance	sum	40	0	0.0	0.0	54.74798404447638	0.9105244185423925	0.925	54.74798404447638	0.9105244185423925	0.0	0.0	0.0
13	min_xny_ge_25	40	39	37	2	3	0.9487179487179487	0.925	0.9367088607594937	54.70395748487059	54.21567895470785	0.9103865165238105	0.9100458154509371	hmp_airskin_gtdb_source_abundance	sum	39	1	0.025	0.0006773740299703013	54.70395748487059	0.9103865165238105	0.925	54.74798404447638	0.9105244185423925	0.011708860759493622	-0.04402655960578983	-0.00013790201858199236
13	s_xny_ge_10	40	40	37	3	3	0.925	0.925	0.925	54.74798404447638	54.19229885851233	0.9105244185423925	0.9100458154509375	hmp_airskin_gtdb_source_abundance	sum	40	0	0.0	0.0	54.74798404447638	0.9105244185423925	0.925	54.74798404447638	0.9105244185423925	0.0	0.0	0.0
14	current_calls	28	30	25	5	3	0.8333333333333334	0.8928571428571429	0.8620689655172413	14.824167972260827	11.357212620265202	0.9986364303601221	0.9989077132319847	hmp_airskin_gtdb_source_abundance	sum	30	0	0.0	0.0	14.824167972260827	0.9986364303601221	0.8620689655172413	14.824167972260827	0.9986364303601221	0.0	0.0	0.0
14	drop_prob_lt_0.5_and_breadth_lt_0.1	28	30	25	5	3	0.8333333333333334	0.8928571428571429	0.8620689655172413	14.824167972260827	11.357212620265202	0.9986364303601221	0.9989077132319847	hmp_airskin_gtdb_source_abundance	sum	30	0	0.0	0.0	14.824167972260827	0.9986364303601221	0.8620689655172413	14.824167972260827	0.9986364303601221	0.0	0.0	0.0
14	drop_prob_lt_0.5_and_breadth_lt_0.2	28	29	25	4	3	0.8620689655172413	0.8928571428571429	0.8771929824561403	14.607224974565286	11.319835218236038	0.9986328413473404	0.9989077132319847	hmp_airskin_gtdb_source_abundance	sum	29	1	0.03333333333333333	0.001856692681688102	14.607224974565286	0.9986328413473404	0.8620689655172413	14.824167972260827	0.9986364303601221	0.015124016938898976	-0.2169429976955417	-3.589012781635148e-06
14	drop_prob_lt_0.5_and_realaf_lt_0.3	28	29	25	4	3	0.8620689655172413	0.8928571428571429	0.8771929824561403	14.607224974565286	11.319835218236038	0.9986328413473404	0.9989077132319847	hmp_airskin_gtdb_source_abundance	sum	29	1	0.03333333333333333	0.001856692681688102	14.607224974565286	0.9986328413473404	0.8620689655172413	14.824167972260827	0.9986364303601221	0.015124016938898976	-0.2169429976955417	-3.589012781635148e-06
14	drop_prob_lt_0.5_and_xny_lt_500	28	29	25	4	3	0.8620689655172413	0.8928571428571429	0.8771929824561403	14.607224974565286	11.319835218236038	0.9986328413473404	0.9989077132319847	hmp_airskin_gtdb_source_abundance	sum	29	1	0.03333333333333333	0.001856692681688102	14.607224974565286	0.9986328413473404	0.8620689655172413	14.824167972260827	0.9986364303601221	0.015124016938898976	-0.2169429976955417	-3.589012781635148e-06
14	drop_prob_lt_0.7_and_breadth_lt_0.1	28	30	25	5	3	0.8333333333333334	0.8928571428571429	0.8620689655172413	14.824167972260827	11.357212620265202	0.9986364303601221	0.9989077132319847	hmp_airskin_gtdb_source_abundance	sum	30	0	0.0	0.0	14.824167972260827	0.9986364303601221	0.8620689655172413	14.824167972260827	0.9986364303601221	0.0	0.0	0.0
14	drop_prob_lt_0.7_and_breadth_lt_0.2	28	29	25	4	3	0.8620689655172413	0.8928571428571429	0.8771929824561403	14.607224974565286	11.319835218236038	0.9986328413473404	0.9989077132319847	hmp_airskin_gtdb_source_abundance	sum	29	1	0.03333333333333333	0.001856692681688102	14.607224974565286	0.9986328413473404	0.8620689655172413	14.824167972260827	0.9986364303601221	0.015124016938898976	-0.2169429976955417	-3.589012781635148e-06
14	drop_prob_lt_0.7_and_realaf_lt_0.3	28	28	24	4	4	0.8571428571428571	0.8571428571428571	0.8571428571428571	14.595707250878128	11.304065874996677	0.9986249463855774	0.9989037575979105	hmp_airskin_gtdb_source_abundance	sum	28	2	0.06666666666666667	0.0031459356813628033	14.595707250878128	0.9986249463855774	0.8620689655172413	14.824167972260827	0.9986364303601221	-0.0049261083743842304	-0.22846072138269946	-1.1483974544646003e-05
14	max_real_min_af_ge_0.02	28	30	25	5	3	0.8333333333333334	0.8928571428571429	0.8620689655172413	14.824167972260827	11.357212620265202	0.9986364303601221	0.9989077132319847	hmp_airskin_gtdb_source_abundance	sum	30	0	0.0	0.0	14.824167972260827	0.9986364303601221	0.8620689655172413	14.824167972260827	0.9986364303601221	0.0	0.0	0.0
14	max_xny_ge_10	28	30	25	5	3	0.8333333333333334	0.8928571428571429	0.8620689655172413	14.824167972260827	11.357212620265202	0.9986364303601221	0.9989077132319847	hmp_airskin_gtdb_source_abundance	sum	30	0	0.0	0.0	14.824167972260827	0.9986364303601221	0.8620689655172413	14.824167972260827	0.9986364303601221	0.0	0.0	0.0
14	min_breadth_ge_0.02	28	30	25	5	3	0.8333333333333334	0.8928571428571429	0.8620689655172413	14.824167972260827	11.357212620265202	0.9986364303601221	0.9989077132319847	hmp_airskin_gtdb_source_abundance	sum	30	0	0.0	0.0	14.824167972260827	0.9986364303601221	0.8620689655172413	14.824167972260827	0.9986364303601221	0.0	0.0	0.0
14	min_xny_ge_25	28	30	25	5	3	0.8333333333333334	0.8928571428571429	0.8620689655172413	14.824167972260827	11.357212620265202	0.9986364303601221	0.9989077132319847	hmp_airskin_gtdb_source_abundance	sum	30	0	0.0	0.0	14.824167972260827	0.9986364303601221	0.8620689655172413	14.824167972260827	0.9986364303601221	0.0	0.0	0.0
14	s_xny_ge_10	28	30	25	5	3	0.8333333333333334	0.8928571428571429	0.8620689655172413	14.824167972260827	11.357212620265202	0.9986364303601221	0.9989077132319847	hmp_airskin_gtdb_source_abundance	sum	30	0	0.0	0.0	14.824167972260827	0.9986364303601221	0.8620689655172413	14.824167972260827	0.9986364303601221	0.0	0.0	0.0
15	current_calls	24	22	21	1	3	0.9545454545454546	0.875	0.9130434782608695	8.896279874750265	8.527120863346004	0.9995246530616627	0.999528727060929	hmp_airskin_gtdb_source_abundance	sum	22	0	0.0	0.0	8.896279874750265	0.9995246530616627	0.9130434782608695	8.896279874750265	0.9995246530616627	0.0	0.0	0.0
15	drop_prob_lt_0.5_and_breadth_lt_0.1	24	22	21	1	3	0.9545454545454546	0.875	0.9130434782608695	8.896279874750265	8.527120863346004	0.9995246530616627	0.999528727060929	hmp_airskin_gtdb_source_abundance	sum	22	0	0.0	0.0	8.896279874750265	0.9995246530616627	0.9130434782608695	8.896279874750265	0.9995246530616627	0.0	0.0	0.0
15	drop_prob_lt_0.5_and_breadth_lt_0.2	24	22	21	1	3	0.9545454545454546	0.875	0.9130434782608695	8.896279874750265	8.527120863346004	0.9995246530616627	0.999528727060929	hmp_airskin_gtdb_source_abundance	sum	22	0	0.0	0.0	8.896279874750265	0.9995246530616627	0.9130434782608695	8.896279874750265	0.9995246530616627	0.0	0.0	0.0
15	drop_prob_lt_0.5_and_realaf_lt_0.3	24	22	21	1	3	0.9545454545454546	0.875	0.9130434782608695	8.896279874750265	8.527120863346004	0.9995246530616627	0.999528727060929	hmp_airskin_gtdb_source_abundance	sum	22	0	0.0	0.0	8.896279874750265	0.9995246530616627	0.9130434782608695	8.896279874750265	0.9995246530616627	0.0	0.0	0.0
15	drop_prob_lt_0.5_and_xny_lt_500	24	22	21	1	3	0.9545454545454546	0.875	0.9130434782608695	8.896279874750265	8.527120863346004	0.9995246530616627	0.999528727060929	hmp_airskin_gtdb_source_abundance	sum	22	0	0.0	0.0	8.896279874750265	0.9995246530616627	0.9130434782608695	8.896279874750265	0.9995246530616627	0.0	0.0	0.0
15	drop_prob_lt_0.7_and_breadth_lt_0.1	24	22	21	1	3	0.9545454545454546	0.875	0.9130434782608695	8.896279874750265	8.527120863346004	0.9995246530616627	0.999528727060929	hmp_airskin_gtdb_source_abundance	sum	22	0	0.0	0.0	8.896279874750265	0.9995246530616627	0.9130434782608695	8.896279874750265	0.9995246530616627	0.0	0.0	0.0
15	drop_prob_lt_0.7_and_breadth_lt_0.2	24	22	21	1	3	0.9545454545454546	0.875	0.9130434782608695	8.896279874750265	8.527120863346004	0.9995246530616627	0.999528727060929	hmp_airskin_gtdb_source_abundance	sum	22	0	0.0	0.0	8.896279874750265	0.9995246530616627	0.9130434782608695	8.896279874750265	0.9995246530616627	0.0	0.0	0.0
15	drop_prob_lt_0.7_and_realaf_lt_0.3	24	22	21	1	3	0.9545454545454546	0.875	0.9130434782608695	8.896279874750265	8.527120863346004	0.9995246530616627	0.999528727060929	hmp_airskin_gtdb_source_abundance	sum	22	0	0.0	0.0	8.896279874750265	0.9995246530616627	0.9130434782608695	8.896279874750265	0.9995246530616627	0.0	0.0	0.0
15	max_real_min_af_ge_0.02	24	22	21	1	3	0.9545454545454546	0.875	0.9130434782608695	8.896279874750265	8.527120863346004	0.9995246530616627	0.999528727060929	hmp_airskin_gtdb_source_abundance	sum	22	0	0.0	0.0	8.896279874750265	0.9995246530616627	0.9130434782608695	8.896279874750265	0.9995246530616627	0.0	0.0	0.0
15	max_xny_ge_10	24	22	21	1	3	0.9545454545454546	0.875	0.9130434782608695	8.896279874750265	8.527120863346004	0.9995246530616627	0.999528727060929	hmp_airskin_gtdb_source_abundance	sum	22	0	0.0	0.0	8.896279874750265	0.9995246530616627	0.9130434782608695	8.896279874750265	0.9995246530616627	0.0	0.0	0.0
15	min_breadth_ge_0.02	24	22	21	1	3	0.9545454545454546	0.875	0.9130434782608695	8.896279874750265	8.527120863346004	0.9995246530616627	0.999528727060929	hmp_airskin_gtdb_source_abundance	sum	22	0	0.0	0.0	8.896279874750265	0.9995246530616627	0.9130434782608695	8.896279874750265	0.9995246530616627	0.0	0.0	0.0
15	min_xny_ge_25	24	22	21	1	3	0.9545454545454546	0.875	0.9130434782608695	8.896279874750265	8.527120863346004	0.9995246530616627	0.999528727060929	hmp_airskin_gtdb_source_abundance	sum	22	0	0.0	0.0	8.896279874750265	0.9995246530616627	0.9130434782608695	8.896279874750265	0.9995246530616627	0.0	0.0	0.0
15	s_xny_ge_10	24	22	21	1	3	0.9545454545454546	0.875	0.9130434782608695	8.896279874750265	8.527120863346004	0.9995246530616627	0.999528727060929	hmp_airskin_gtdb_source_abundance	sum	22	0	0.0	0.0	8.896279874750265	0.9995246530616627	0.9130434782608695	8.896279874750265	0.9995246530616627	0.0	0.0	0.0
16	current_calls	10	10	10	0	0	1.0	1.0	1.0	6.91458951469375	6.91458951469375	0.9998353757011106	0.9998353757011106	hmp_airskin_gtdb_source_abundance	sum	10	0	0.0	0.0	6.91458951469375	0.9998353757011106	1.0	6.91458951469375	0.9998353757011106	0.0	0.0	0.0
16	drop_prob_lt_0.5_and_breadth_lt_0.1	10	10	10	0	0	1.0	1.0	1.0	6.91458951469375	6.91458951469375	0.9998353757011106	0.9998353757011106	hmp_airskin_gtdb_source_abundance	sum	10	0	0.0	0.0	6.91458951469375	0.9998353757011106	1.0	6.91458951469375	0.9998353757011106	0.0	0.0	0.0
16	drop_prob_lt_0.5_and_breadth_lt_0.2	10	10	10	0	0	1.0	1.0	1.0	6.91458951469375	6.91458951469375	0.9998353757011106	0.9998353757011106	hmp_airskin_gtdb_source_abundance	sum	10	0	0.0	0.0	6.91458951469375	0.9998353757011106	1.0	6.91458951469375	0.9998353757011106	0.0	0.0	0.0
16	drop_prob_lt_0.5_and_realaf_lt_0.3	10	10	10	0	0	1.0	1.0	1.0	6.91458951469375	6.91458951469375	0.9998353757011106	0.9998353757011106	hmp_airskin_gtdb_source_abundance	sum	10	0	0.0	0.0	6.91458951469375	0.9998353757011106	1.0	6.91458951469375	0.9998353757011106	0.0	0.0	0.0
16	drop_prob_lt_0.5_and_xny_lt_500	10	10	10	0	0	1.0	1.0	1.0	6.91458951469375	6.91458951469375	0.9998353757011106	0.9998353757011106	hmp_airskin_gtdb_source_abundance	sum	10	0	0.0	0.0	6.91458951469375	0.9998353757011106	1.0	6.91458951469375	0.9998353757011106	0.0	0.0	0.0
16	drop_prob_lt_0.7_and_breadth_lt_0.1	10	10	10	0	0	1.0	1.0	1.0	6.91458951469375	6.91458951469375	0.9998353757011106	0.9998353757011106	hmp_airskin_gtdb_source_abundance	sum	10	0	0.0	0.0	6.91458951469375	0.9998353757011106	1.0	6.91458951469375	0.9998353757011106	0.0	0.0	0.0
16	drop_prob_lt_0.7_and_breadth_lt_0.2	10	10	10	0	0	1.0	1.0	1.0	6.91458951469375	6.91458951469375	0.9998353757011106	0.9998353757011106	hmp_airskin_gtdb_source_abundance	sum	10	0	0.0	0.0	6.91458951469375	0.9998353757011106	1.0	6.91458951469375	0.9998353757011106	0.0	0.0	0.0
16	drop_prob_lt_0.7_and_realaf_lt_0.3	10	10	10	0	0	1.0	1.0	1.0	6.91458951469375	6.91458951469375	0.9998353757011106	0.9998353757011106	hmp_airskin_gtdb_source_abundance	sum	10	0	0.0	0.0	6.91458951469375	0.9998353757011106	1.0	6.91458951469375	0.9998353757011106	0.0	0.0	0.0
16	max_real_min_af_ge_0.02	10	10	10	0	0	1.0	1.0	1.0	6.91458951469375	6.91458951469375	0.9998353757011106	0.9998353757011106	hmp_airskin_gtdb_source_abundance	sum	10	0	0.0	0.0	6.91458951469375	0.9998353757011106	1.0	6.91458951469375	0.9998353757011106	0.0	0.0	0.0
16	max_xny_ge_10	10	10	10	0	0	1.0	1.0	1.0	6.91458951469375	6.91458951469375	0.9998353757011106	0.9998353757011106	hmp_airskin_gtdb_source_abundance	sum	10	0	0.0	0.0	6.91458951469375	0.9998353757011106	1.0	6.91458951469375	0.9998353757011106	0.0	0.0	0.0
16	min_breadth_ge_0.02	10	10	10	0	0	1.0	1.0	1.0	6.91458951469375	6.91458951469375	0.9998353757011106	0.9998353757011106	hmp_airskin_gtdb_source_abundance	sum	10	0	0.0	0.0	6.91458951469375	0.9998353757011106	1.0	6.91458951469375	0.9998353757011106	0.0	0.0	0.0
16	min_xny_ge_25	10	10	10	0	0	1.0	1.0	1.0	6.91458951469375	6.91458951469375	0.9998353757011106	0.9998353757011106	hmp_airskin_gtdb_source_abundance	sum	10	0	0.0	0.0	6.91458951469375	0.9998353757011106	1.0	6.91458951469375	0.9998353757011106	0.0	0.0	0.0
16	s_xny_ge_10	10	10	10	0	0	1.0	1.0	1.0	6.91458951469375	6.91458951469375	0.9998353757011106	0.9998353757011106	hmp_airskin_gtdb_source_abundance	sum	10	0	0.0	0.0	6.91458951469375	0.9998353757011106	1.0	6.91458951469375	0.9998353757011106	0.0	0.0	0.0
17	current_calls	46	73	46	27	0	0.6301369863013698	1.0	0.773109243697479	26.525180643112616	17.668557178190664	0.9960095778891284	0.996789006391613	hmp_airskin_gtdb_source_abundance	sum	73	0	0.0	0.0	26.525180643112616	0.9960095778891284	0.773109243697479	26.525180643112616	0.9960095778891284	0.0	0.0	0.0
17	drop_prob_lt_0.5_and_breadth_lt_0.1	46	61	46	15	0	0.7540983606557377	1.0	0.8598130841121495	24.332387743140508	16.860285825728145	0.9961738281443333	0.9967890063916139	hmp_airskin_gtdb_source_abundance	sum	61	12	0.1643835616438356	0.014963287572725477	24.332387743140508	0.9961738281443333	0.773109243697479	26.525180643112616	0.9960095778891284	0.0867038404146705	-2.1927928999721082	0.00016425025520494518
17	drop_prob_lt_0.5_and_breadth_lt_0.2	46	55	46	9	0	0.8363636363636363	1.0	0.9108910891089108	19.09075128073735	15.536817735730907	0.9967125504033997	0.9967890063916134	hmp_airskin_gtdb_source_abundance	sum	55	18	0.2465753424657534	0.054980883252403086	19.09075128073735	0.9967125504033997	0.773109243697479	26.525180643112616	0.9960095778891284	0.1377818454114318	-7.4344293623752655	0.0007029725142713161
17	drop_prob_lt_0.5_and_realaf_lt_0.3	46	59	46	13	0	0.7796610169491526	1.0	0.8761904761904762	23.239916546143053	16.572747461042226	0.9961943844795944	0.9967890063916132	hmp_airskin_gtdb_source_abundance	sum	59	14	0.1917808219178082	0.023458566062541	23.239916546143053	0.9961943844795944	0.773109243697479	26.525180643112616	0.9960095778891284	0.10308123249299717	-3.285264096969563	0.00018480659046604675
17	drop_prob_lt_0.5_and_xny_lt_500	46	54	46	8	0	0.8518518518518519	1.0	0.92	18.201060126862394	15.321866222843155	0.996749928299554	0.9967890063916132	hmp_airskin_gtdb_source_abundance	sum	54	19	0.2602739726027397	0.06154633390290701	18.201060126862394	0.996749928299554	0.773109243697479	26.525180643112616	0.9960095778891284	0.14689075630252102	-8.324120516250222	0.0007403504104256386
17	drop_prob_lt_0.7_and_breadth_lt_0.1	46	60	46	14	0	0.7666666666666667	1.0	0.8679245283018869	23.515375631197244	16.642135362244506	0.996199800033025	0.996789006391613	hmp_airskin_gtdb_source_abundance	sum	60	13	0.1780821917808219	0.021297672137388698	23.515375631197244	0.996199800033025	0.773109243697479	26.525180643112616	0.9960095778891284	0.09481528460440791	-3.009805011915372	0.0001902221438966345
17	drop_prob_lt_0.7_and_breadth_lt_0.2	46	49	46	3	0	0.9387755102040817	1.0	0.968421052631579	16.390902725208516	14.88505657018534	0.9967419656866767	0.9967890063916132	hmp_airskin_gtdb_source_abundance	sum	49	24	0.3287671232876712	0.07463161033362864	16.390902725208516	0.9967419656866767	0.773109243697479	26.525180643112616	0.9960095778891284	0.19531180893409994	-10.1342779179041	0.0007323877975483617
17	drop_prob_lt_0.7_and_realaf_lt_0.3	46	57	46	11	0	0.8070175438596491	1.0	0.8932038834951457	22.037487827116788	16.269856724502684	0.996218736202553	0.9967890063916132	hmp_airskin_gtdb_source_abundance	sum	57	16	0.2191780821917808	0.032780586951725726	22.037487827116788	0.996218736202553	0.773109243697479	26.525180643112616	0.9960095778891284	0.12009463979766666	-4.487692815995828	0.00020915831342460667
17	max_real_min_af_ge_0.02	46	63	46	17	0	0.7301587301587301	1.0	0.8440366972477064	26.067207822409905	17.476676726441877	0.9960934306810554	0.9967890063916129	hmp_airskin_gtdb_source_abundance	sum	63	10	0.136986301369863	0.0029109934905463455	26.067207822409905	0.9960934306810554	0.773109243697479	26.525180643112616	0.9960095778891284	0.07092745355022734	-0.45797282070271095	8.385279192701933e-05
17	max_xny_ge_10	46	64	46	18	0	0.71875	1.0	0.8363636363636363	26.518705813230543	17.66583159311538	0.9960959397260197	0.9967890063916132	hmp_airskin_gtdb_source_abundance	sum	64	9	0.1232876712328767	4.113398831523746e-05	26.518705813230543	0.9960959397260197	0.773109243697479	26.525180643112616	0.9960095778891284	0.06325439266615729	-0.006474829882073152	8.636183689136878e-05
17	min_breadth_ge_0.02	46	58	46	12	0	0.7931034482758621	1.0	0.8846153846153846	22.960627800460745	16.502394871696698	0.9962007792635627	0.9967890063916132	hmp_airskin_gtdb_source_abundance	sum	58	15	0.2054794520547945	0.02563978221975901	22.960627800460745	0.9962007792635627	0.773109243697479	26.525180643112616	0.9960095778891284	0.11150614091790556	-3.564552842651871	0.00019120137443429108
17	min_xny_ge_25	46	58	46	12	0	0.7931034482758621	1.0	0.8846153846153846	22.960627800460745	16.502394871696698	0.9962007792635627	0.9967890063916132	hmp_airskin_gtdb_source_abundance	sum	58	15	0.2054794520547945	0.02563978221975901	22.960627800460745	0.9962007792635627	0.773109243697479	26.525180643112616	0.9960095778891284	0.11150614091790556	-3.564552842651871	0.00019120137443429108
17	s_xny_ge_10	46	64	46	18	0	0.71875	1.0	0.8363636363636363	26.518705813230543	17.66583159311538	0.9960959397260197	0.9967890063916132	hmp_airskin_gtdb_source_abundance	sum	64	9	0.1232876712328767	4.113398831523746e-05	26.518705813230543	0.9960959397260197	0.773109243697479	26.525180643112616	0.9960095778891284	0.06325439266615729	-0.006474829882073152	8.636183689136878e-05
18	current_calls	27	26	25	1	2	0.9615384615384616	0.9259259259259259	0.9433962264150944	12.023034824053715	10.640124279497003	0.9947328417202752	0.995104419479662	hmp_airskin_gtdb_source_abundance	sum	26	0	0.0	0.0	12.023034824053715	0.9947328417202752	0.9433962264150944	12.023034824053715	0.9947328417202752	0.0	0.0	0.0
18	drop_prob_lt_0.5_and_breadth_lt_0.1	27	26	25	1	2	0.9615384615384616	0.9259259259259259	0.9433962264150944	12.023034824053715	10.640124279497003	0.9947328417202752	0.995104419479662	hmp_airskin_gtdb_source_abundance	sum	26	0	0.0	0.0	12.023034824053715	0.9947328417202752	0.9433962264150944	12.023034824053715	0.9947328417202752	0.0	0.0	0.0
18	drop_prob_lt_0.5_and_breadth_lt_0.2	27	26	25	1	2	0.9615384615384616	0.9259259259259259	0.9433962264150944	12.023034824053715	10.640124279497003	0.9947328417202752	0.995104419479662	hmp_airskin_gtdb_source_abundance	sum	26	0	0.0	0.0	12.023034824053715	0.9947328417202752	0.9433962264150944	12.023034824053715	0.9947328417202752	0.0	0.0	0.0
18	drop_prob_lt_0.5_and_realaf_lt_0.3	27	26	25	1	2	0.9615384615384616	0.9259259259259259	0.9433962264150944	12.023034824053715	10.640124279497003	0.9947328417202752	0.995104419479662	hmp_airskin_gtdb_source_abundance	sum	26	0	0.0	0.0	12.023034824053715	0.9947328417202752	0.9433962264150944	12.023034824053715	0.9947328417202752	0.0	0.0	0.0
18	drop_prob_lt_0.5_and_xny_lt_500	27	26	25	1	2	0.9615384615384616	0.9259259259259259	0.9433962264150944	12.023034824053715	10.640124279497003	0.9947328417202752	0.995104419479662	hmp_airskin_gtdb_source_abundance	sum	26	0	0.0	0.0	12.023034824053715	0.9947328417202752	0.9433962264150944	12.023034824053715	0.9947328417202752	0.0	0.0	0.0
18	drop_prob_lt_0.7_and_breadth_lt_0.1	27	26	25	1	2	0.9615384615384616	0.9259259259259259	0.9433962264150944	12.023034824053715	10.640124279497003	0.9947328417202752	0.995104419479662	hmp_airskin_gtdb_source_abundance	sum	26	0	0.0	0.0	12.023034824053715	0.9947328417202752	0.9433962264150944	12.023034824053715	0.9947328417202752	0.0	0.0	0.0
18	drop_prob_lt_0.7_and_breadth_lt_0.2	27	26	25	1	2	0.9615384615384616	0.9259259259259259	0.9433962264150944	12.023034824053715	10.640124279497003	0.9947328417202752	0.995104419479662	hmp_airskin_gtdb_source_abundance	sum	26	0	0.0	0.0	12.023034824053715	0.9947328417202752	0.9433962264150944	12.023034824053715	0.9947328417202752	0.0	0.0	0.0
18	drop_prob_lt_0.7_and_realaf_lt_0.3	27	26	25	1	2	0.9615384615384616	0.9259259259259259	0.9433962264150944	12.023034824053715	10.640124279497003	0.9947328417202752	0.995104419479662	hmp_airskin_gtdb_source_abundance	sum	26	0	0.0	0.0	12.023034824053715	0.9947328417202752	0.9433962264150944	12.023034824053715	0.9947328417202752	0.0	0.0	0.0
18	max_real_min_af_ge_0.02	27	26	25	1	2	0.9615384615384616	0.9259259259259259	0.9433962264150944	12.023034824053715	10.640124279497003	0.9947328417202752	0.995104419479662	hmp_airskin_gtdb_source_abundance	sum	26	0	0.0	0.0	12.023034824053715	0.9947328417202752	0.9433962264150944	12.023034824053715	0.9947328417202752	0.0	0.0	0.0
18	max_xny_ge_10	27	26	25	1	2	0.9615384615384616	0.9259259259259259	0.9433962264150944	12.023034824053715	10.640124279497003	0.9947328417202752	0.995104419479662	hmp_airskin_gtdb_source_abundance	sum	26	0	0.0	0.0	12.023034824053715	0.9947328417202752	0.9433962264150944	12.023034824053715	0.9947328417202752	0.0	0.0	0.0
18	min_breadth_ge_0.02	27	26	25	1	2	0.9615384615384616	0.9259259259259259	0.9433962264150944	12.023034824053715	10.640124279497003	0.9947328417202752	0.995104419479662	hmp_airskin_gtdb_source_abundance	sum	26	0	0.0	0.0	12.023034824053715	0.9947328417202752	0.9433962264150944	12.023034824053715	0.9947328417202752	0.0	0.0	0.0
18	min_xny_ge_25	27	26	25	1	2	0.9615384615384616	0.9259259259259259	0.9433962264150944	12.023034824053715	10.640124279497003	0.9947328417202752	0.995104419479662	hmp_airskin_gtdb_source_abundance	sum	26	0	0.0	0.0	12.023034824053715	0.9947328417202752	0.9433962264150944	12.023034824053715	0.9947328417202752	0.0	0.0	0.0
18	s_xny_ge_10	27	26	25	1	2	0.9615384615384616	0.9259259259259259	0.9433962264150944	12.023034824053715	10.640124279497003	0.9947328417202752	0.995104419479662	hmp_airskin_gtdb_source_abundance	sum	26	0	0.0	0.0	12.023034824053715	0.9947328417202752	0.9433962264150944	12.023034824053715	0.9947328417202752	0.0	0.0	0.0
19	current_calls	111	147	104	43	7	0.7074829931972789	0.9369369369369369	0.8062015503875969	37.173740407670834	27.293248540725934	0.9634093812936607	0.980683194447156	hmp_airskin_gtdb_source_abundance	sum	147	0	0.0	0.0	37.173740407670834	0.9634093812936607	0.8062015503875969	37.173740407670834	0.9634093812936607	0.0	0.0	0.0
19	drop_prob_lt_0.5_and_breadth_lt_0.1	111	121	104	17	7	0.859504132231405	0.9369369369369369	0.896551724137931	34.571571417672175	26.578840833890837	0.9669361608683856	0.9806831944471559	hmp_airskin_gtdb_source_abundance	sum	121	26	0.17687074829931973	0.020517523182041145	34.571571417672175	0.9669361608683856	0.8062015503875969	37.173740407670834	0.9634093812936607	0.09035017375033416	-2.6021689899986598	0.003526779574724914
19	drop_prob_lt_0.5_and_breadth_lt_0.2	111	121	104	17	7	0.859504132231405	0.9369369369369369	0.896551724137931	34.571571417672175	26.578840833890837	0.9669361608683856	0.9806831944471559	hmp_airskin_gtdb_source_abundance	sum	121	26	0.17687074829931973	0.020517523182041145	34.571571417672175	0.9669361608683856	0.8062015503875969	37.173740407670834	0.9634093812936607	0.09035017375033416	-2.6021689899986598	0.003526779574724914
19	drop_prob_lt_0.5_and_realaf_lt_0.3	111	122	104	18	7	0.8524590163934426	0.9369369369369369	0.8927038626609443	36.77836650740265	27.166322248324796	0.9631700630695235	0.9806831944471552	hmp_airskin_gtdb_source_abundance	sum	122	25	0.17006802721088435	0.0029699488794337424	36.77836650740265	0.9631700630695235	0.8062015503875969	37.173740407670834	0.9634093812936607	0.08650231227334737	-0.39537390026818287	-0.00023931822413725268
19	drop_prob_lt_0.5_and_xny_lt_500	111	120	103	17	8	0.8583333333333333	0.9279279279279279	0.8917748917748917	34.763242794770434	26.75286966566618	0.9668056500927427	0.9805734492221932	hmp_airskin_gtdb_source_abundance	sum	120	27	0.1836734693877551	0.02267479647153186	34.763242794770434	0.9668056500927427	0.8062015503875969	37.173740407670834	0.9634093812936607	0.08557334138729478	-2.4104976129004	0.0033962687990819473
19	drop_prob_lt_0.7_and_breadth_lt_0.1	111	118	103	15	8	0.8728813559322034	0.9279279279279279	0.8995633187772925	33.24296314822588	26.327342464773153	0.9673990423668345	0.9806697980463341	hmp_airskin_gtdb_source_abundance	sum	118	29	0.19727891156462585	0.03238358097754532	33.24296314822588	0.9673990423668345	0.8062015503875969	37.173740407670834	0.9634093812936607	0.09336176838969557	-3.9307772594449517	0.003989661073173778
19	drop_prob_lt_0.7_and_breadth_lt_0.2	111	105	101	4	10	0.9619047619047619	0.9099099099099099	0.9351851851851852	28.209818278149367	24.169248302380378	0.9710413933201099	0.9843508766132726	hmp_airskin_gtdb_source_abundance	sum	105	42	0.2857142857142857	0.08129926465052041	28.209818278149367	0.9710413933201099	0.8062015503875969	37.173740407670834	0.9634093812936607	0.12898363479758834	-8.963922129521467	0.007632012026449142
19	drop_prob_lt_0.7_and_realaf_lt_0.3	111	111	103	8	8	0.9279279279279279	0.9279279279279279	0.9279279279279279	33.63358815878087	26.389790842951193	0.9631357153637573	0.9806697980463343	hmp_airskin_gtdb_source_abundance	sum	111	36	0.24489795918367346	0.0289600999742461	33.63358815878087	0.9631357153637573	0.8062015503875969	37.173740407670834	0.9634093812936607	0.121726377540331	-3.5401522488899673	-0.00027366592990341054
19	max_real_min_af_ge_0.02	111	123	104	19	7	0.8455284552845529	0.9369369369369369	0.888888888888889	37.089102188328106	27.265820870787984	0.9632002634204346	0.9806831944471556	hmp_airskin_gtdb_source_abundance	sum	123	24	0.16326530612244897	0.0006344270476977282	37.089102188328106	0.9632002634204346	0.8062015503875969	37.173740407670834	0.9634093812936607	0.08268733850129206	-0.08463821934272886	-0.00020911787322608344
19	max_xny_ge_10	111	124	104	20	7	0.8387096774193549	0.9369369369369369	0.8851063829787235	37.16035414688839	27.28890668548803	0.9632275033379355	0.9806831944471565	hmp_airskin_gtdb_source_abundance	sum	124	23	0.1564625850340136	0.00010035005877492502	37.16035414688839	0.9632275033379355	0.8062015503875969	37.173740407670834	0.9634093812936607	0.07890483259112657	-0.013386260782446868	-0.00018187795572521814
19	min_breadth_ge_0.02	111	120	104	16	7	0.8666666666666667	0.9369369369369369	0.9004329004329005	33.94701076515936	26.46780752847308	0.9671422885084525	0.9806831944471559	hmp_airskin_gtdb_source_abundance	sum	120	27	0.1836734693877551	0.02595404183992908	33.94701076515936	0.9671422885084525	0.8062015503875969	37.173740407670834	0.9634093812936607	0.09423135004530359	-3.226729642511472	0.003732907214791803
19	min_xny_ge_25	111	118	104	14	7	0.8813559322033898	0.9369369369369369	0.908296943231441	33.04787621948772	26.324484158330964	0.9673838599793035	0.9806831944471557	hmp_airskin_gtdb_source_abundance	sum	118	29	0.19727891156462585	0.033846640390890824	33.04787621948772	0.9673838599793035	0.8062015503875969	37.173740407670834	0.9634093812936607	0.10209539284384406	-4.125864188183115	0.003974478685642824
19	s_xny_ge_10	111	124	104	20	7	0.8387096774193549	0.9369369369369369	0.8851063829787235	37.16035414688839	27.28890668548803	0.9632275033379355	0.9806831944471565	hmp_airskin_gtdb_source_abundance	sum	124	23	0.1564625850340136	0.00010035005877492502	37.16035414688839	0.9632275033379355	0.8062015503875969	37.173740407670834	0.9634093812936607	0.07890483259112657	-0.013386260782446868	-0.00018187795572521814
20	current_calls	79	106	76	30	3	0.7169811320754716	0.9620253164556962	0.8216216216216216	25.952986359054144	16.91205476222545	0.9904823004265118	0.994983201473338	hmp_airskin_gtdb_source_abundance	sum	106	0	0.0	0.0	25.952986359054144	0.9904823004265118	0.8216216216216216	25.952986359054144	0.9904823004265118	0.0	0.0	0.0
20	drop_prob_lt_0.5_and_breadth_lt_0.1	79	87	76	11	3	0.8735632183908046	0.9620253164556962	0.9156626506024097	24.288020233861605	16.53861248211482	0.9906565914565666	0.9949832014733381	hmp_airskin_gtdb_source_abundance	sum	87	19	0.1792452830188679	0.014000168601696493	24.288020233861605	0.9906565914565666	0.8216216216216216	25.952986359054144	0.9904823004265118	0.09404102898078814	-1.6649661251925387	0.0001742910300548406
20	drop_prob_lt_0.5_and_breadth_lt_0.2	79	82	74	8	5	0.9024390243902439	0.9367088607594937	0.9192546583850932	20.64723717294118	16.07390950762538	0.99333933062121	0.9949628601076596	hmp_airskin_gtdb_source_abundance	sum	82	24	0.22641509433962265	0.05018962357357135	20.64723717294118	0.99333933062121	0.8216216216216216	25.952986359054144	0.9904823004265118	0.09763303676347168	-5.3057491861129655	0.0028570301946982957
20	drop_prob_lt_0.5_and_realaf_lt_0.3	79	85	76	9	3	0.8941176470588236	0.9620253164556962	0.926829268292683	21.43007566718796	15.990897242112641	0.993184334439335	0.9949832014733384	hmp_airskin_gtdb_source_abundance	sum	85	21	0.19811320754716982	0.0380892753654804	21.43007566718796	0.993184334439335	0.8216216216216216	25.952986359054144	0.9904823004265118	0.10520764667106142	-4.522910691866183	0.0027020340128232068
20	drop_prob_lt_0.5_and_xny_lt_500	79	82	74	8	5	0.9024390243902439	0.9367088607594937	0.9192546583850932	20.64723717294118	16.07390950762538	0.99333933062121	0.9949628601076596	hmp_airskin_gtdb_source_abundance	sum	82	24	0.22641509433962265	0.05018962357357135	20.64723717294118	0.99333933062121	0.8216216216216216	25.952986359054144	0.9904823004265118	0.09763303676347168	-5.3057491861129655	0.0028570301946982957
20	drop_prob_lt_0.7_and_breadth_lt_0.1	79	85	76	9	3	0.8941176470588236	0.9620253164556962	0.926829268292683	23.684958731056614	16.403932036944926	0.990661120345418	0.994983201473338	hmp_airskin_gtdb_source_abundance	sum	85	21	0.19811320754716982	0.018981065470935612	23.684958731056614	0.990661120345418	0.8216216216216216	25.952986359054144	0.9904823004265118	0.10520764667106142	-2.2680276279975295	0.00017881991890622562
20	drop_prob_lt_0.7_and_breadth_lt_0.2	79	75	73	2	6	0.9733333333333334	0.9240506329113924	0.948051948051948	16.686878743377704	16.067246340706784	0.9947974669260171	0.9948317039930539	hmp_airskin_gtdb_source_abundance	sum	75	31	0.29245283018867924	0.09512131139412504	16.686878743377704	0.9947974669260171	0.8216216216216216	25.952986359054144	0.9904823004265118	0.12643032643032648	-9.26610761567644	0.004315166499505363
20	drop_prob_lt_0.7_and_realaf_lt_0.3	79	81	76	5	3	0.9382716049382716	0.9620253164556962	0.95	18.22264226958461	15.574414081843567	0.9946230283927386	0.9949832014733381	hmp_airskin_gtdb_source_abundance	sum	81	25	0.2358490566037736	0.06566602014615462	18.22264226958461	0.9946230283927386	0.8216216216216216	25.952986359054144	0.9904823004265118	0.1283783783783784	-7.730344089469533	0.004140727966226887
20	max_real_min_af_ge_0.02	79	91	76	15	3	0.8351648351648352	0.9620253164556962	0.8941176470588236	25.944488531514658	16.91014874861694	0.9904918702070106	0.9949832014733383	hmp_airskin_gtdb_source_abundance	sum	91	15	0.14150943396226415	7.246486108303107e-05	25.944488531514658	0.9904918702070106	0.8216216216216216	25.952986359054144	0.9904823004265118	0.07249602543720202	-0.008497827539486025	9.569780498819291e-06
20	max_xny_ge_10	79	91	76	15	3	0.8351648351648352	0.9620253164556962	0.8941176470588236	25.944488531514658	16.91014874861694	0.9904918702070106	0.9949832014733383	hmp_airskin_gtdb_source_abundance	sum	91	15	0.14150943396226415	7.246486108303107e-05	25.944488531514658	0.9904918702070106	0.8216216216216216	25.952986359054144	0.9904823004265118	0.07249602543720202	-0.008497827539486025	9.569780498819291e-06
20	min_breadth_ge_0.02	79	87	76	11	3	0.8735632183908046	0.9620253164556962	0.9156626506024097	23.941689213256396	16.46114399798926	0.990670623534382	0.9949832014733381	hmp_airskin_gtdb_source_abundance	sum	87	19	0.1792452830188679	0.016865494778283505	23.941689213256396	0.990670623534382	0.8216216216216216	25.952986359054144	0.9904823004265118	0.09404102898078814	-2.011297145797748	0.000188323107870203
20	min_xny_ge_25	79	87	76	11	3	0.8735632183908046	0.9620253164556962	0.9156626506024097	23.941689213256396	16.46114399798926	0.990670623534382	0.9949832014733381	hmp_airskin_gtdb_source_abundance	sum	87	19	0.1792452830188679	0.016865494778283505	23.941689213256396	0.990670623534382	0.8216216216216216	25.952986359054144	0.9904823004265118	0.09404102898078814	-2.011297145797748	0.000188323107870203
20	s_xny_ge_10	79	91	76	15	3	0.8351648351648352	0.9620253164556962	0.8941176470588236	25.944488531514658	16.91014874861694	0.9904918702070106	0.9949832014733383	hmp_airskin_gtdb_source_abundance	sum	91	15	0.14150943396226415	7.246486108303107e-05	25.944488531514658	0.9904918702070106	0.8216216216216216	25.952986359054144	0.9904823004265118	0.07249602543720202	-0.008497827539486025	9.569780498819291e-06
21	current_calls	34	41	33	8	1	0.8048780487804879	0.9705882352941176	0.8800000000000001	34.744967146760914	18.167816526634073	0.9626902136826684	0.9915885745919611	hmp_airskin_gtdb_source_abundance	sum	41	0	0.0	0.0	34.744967146760914	0.9626902136826684	0.8800000000000001	34.744967146760914	0.9626902136826684	0.0	0.0	0.0
21	drop_prob_lt_0.5_and_breadth_lt_0.1	34	39	33	6	1	0.8461538461538461	0.9705882352941176	0.9041095890410958	28.147281666562975	15.123197977389419	0.9670399988638128	0.9915885745919616	hmp_airskin_gtdb_source_abundance	sum	39	2	0.04878048780487805	0.040851158362685866	28.147281666562975	0.9670399988638128	0.8800000000000001	34.744967146760914	0.9626902136826684	0.024109589041095725	-6.5976854801979385	0.004349785181144372
21	drop_prob_lt_0.5_and_breadth_lt_0.2	34	39	33	6	1	0.8461538461538461	0.9705882352941176	0.9041095890410958	28.147281666562975	15.123197977389419	0.9670399988638128	0.9915885745919616	hmp_airskin_gtdb_source_abundance	sum	39	2	0.04878048780487805	0.040851158362685866	28.147281666562975	0.9670399988638128	0.8800000000000001	34.744967146760914	0.9626902136826684	0.024109589041095725	-6.5976854801979385	0.004349785181144372
21	drop_prob_lt_0.5_and_realaf_lt_0.3	34	39	33	6	1	0.8461538461538461	0.9705882352941176	0.9041095890410958	28.147281666562975	15.123197977389419	0.9670399988638128	0.9915885745919616	hmp_airskin_gtdb_source_abundance	sum	39	2	0.04878048780487805	0.040851158362685866	28.147281666562975	0.9670399988638128	0.8800000000000001	34.744967146760914	0.9626902136826684	0.024109589041095725	-6.5976854801979385	0.004349785181144372
21	drop_prob_lt_0.5_and_xny_lt_500	34	39	33	6	1	0.8461538461538461	0.9705882352941176	0.9041095890410958	28.147281666562975	15.123197977389419	0.9670399988638128	0.9915885745919616	hmp_airskin_gtdb_source_abundance	sum	39	2	0.04878048780487805	0.040851158362685866	28.147281666562975	0.9670399988638128	0.8800000000000001	34.744967146760914	0.9626902136826684	0.024109589041095725	-6.5976854801979385	0.004349785181144372
21	drop_prob_lt_0.7_and_breadth_lt_0.1	34	35	33	2	1	0.9428571428571428	0.9705882352941176	0.9565217391304348	15.349530008678219	13.389077698894594	0.9910106627549864	0.9915885745919617	hmp_airskin_gtdb_source_abundance	sum	35	6	0.14634146341463414	0.14908981788174702	15.349530008678219	0.9910106627549864	0.8800000000000001	34.744967146760914	0.9626902136826684	0.0765217391304347	-19.395437138082695	0.02832044907231801
21	drop_prob_lt_0.7_and_breadth_lt_0.2	34	34	33	1	1	0.9705882352941176	0.9705882352941176	0.9705882352941176	15.041829798572016	13.419659270629058	0.9909707514244174	0.9915885745919608	hmp_airskin_gtdb_source_abundance	sum	34	7	0.17073170731707318	0.15201575570877635	15.041829798572016	0.9909707514244174	0.8800000000000001	34.744967146760914	0.9626902136826684	0.09058823529411753	-19.703137348188896	0.02828053774174899
21	drop_prob_lt_0.7_and_realaf_lt_0.3	34	36	33	3	1	0.9166666666666666	0.9705882352941176	0.9428571428571428	20.942313708145246	13.238487376580089	0.9775809871274889	0.9915885745919611	hmp_airskin_gtdb_source_abundance	sum	36	5	0.12195121951219512	0.09613967660716084	20.942313708145246	0.9775809871274889	0.8800000000000001	34.744967146760914	0.9626902136826684	0.06285714285714272	-13.802653438615668	0.014890773444820482
21	max_real_min_af_ge_0.02	34	41	33	8	1	0.8048780487804879	0.9705882352941176	0.8800000000000001	34.744967146760914	18.167816526634073	0.9626902136826684	0.9915885745919611	hmp_airskin_gtdb_source_abundance	sum	41	0	0.0	0.0	34.744967146760914	0.9626902136826684	0.8800000000000001	34.744967146760914	0.9626902136826684	0.0	0.0	0.0
21	max_xny_ge_10	34	41	33	8	1	0.8048780487804879	0.9705882352941176	0.8800000000000001	34.744967146760914	18.167816526634073	0.9626902136826684	0.9915885745919611	hmp_airskin_gtdb_source_abundance	sum	41	0	0.0	0.0	34.744967146760914	0.9626902136826684	0.8800000000000001	34.744967146760914	0.9626902136826684	0.0	0.0	0.0
21	min_breadth_ge_0.02	34	36	33	3	1	0.9166666666666666	0.9705882352941176	0.9428571428571428	15.437116374994181	13.380754305004292	0.9910370359832257	0.9915885745919611	hmp_airskin_gtdb_source_abundance	sum	36	5	0.12195121951219512	0.1482565775279187	15.437116374994181	0.9910370359832257	0.8800000000000001	34.744967146760914	0.9626902136826684	0.06285714285714272	-19.30785077176673	0.028346822300557295
21	min_xny_ge_25	34	36	33	3	1	0.9166666666666666	0.9705882352941176	0.9428571428571428	15.437116374994181	13.380754305004292	0.9910370359832257	0.9915885745919611	hmp_airskin_gtdb_source_abundance	sum	36	5	0.12195121951219512	0.1482565775279187	15.437116374994181	0.9910370359832257	0.8800000000000001	34.744967146760914	0.9626902136826684	0.06285714285714272	-19.30785077176673	0.028346822300557295
21	s_xny_ge_10	34	41	33	8	1	0.8048780487804879	0.9705882352941176	0.8800000000000001	34.744967146760914	18.167816526634073	0.9626902136826684	0.9915885745919611	hmp_airskin_gtdb_source_abundance	sum	41	0	0.0	0.0	34.744967146760914	0.9626902136826684	0.8800000000000001	34.744967146760914	0.9626902136826684	0.0	0.0	0.0
22	current_calls	21	38	19	19	2	0.5	0.9047619047619048	0.6440677966101696	20.648590840357823	12.056025115448833	0.9885915958918304	0.9968326827201656	hmp_airskin_gtdb_source_abundance	sum	38	0	0.0	0.0	20.648590840357823	0.9885915958918304	0.6440677966101696	20.648590840357823	0.9885915958918304	0.0	0.0	0.0
22	drop_prob_lt_0.5_and_breadth_lt_0.1	21	26	19	7	2	0.7307692307692307	0.9047619047619048	0.8085106382978723	20.64192940851693	12.054209597320641	0.9885457187901241	0.9968326827201655	hmp_airskin_gtdb_source_abundance	sum	26	12	0.3157894736842105	5.301162713245353e-05	20.64192940851693	0.9885457187901241	0.6440677966101696	20.648590840357823	0.9885915958918304	0.16444284168770273	-0.006661431840893073	-4.587710170633752e-05
22	drop_prob_lt_0.5_and_breadth_lt_0.2	21	24	19	5	2	0.7916666666666666	0.9047619047619048	0.8444444444444444	19.61713661602272	11.774910801376869	0.9884426636192172	0.9968326827201655	hmp_airskin_gtdb_source_abundance	sum	24	14	0.3684210526315789	0.008141905736069563	19.61713661602272	0.9884426636192172	0.6440677966101696	20.648590840357823	0.9885915958918304	0.2003766478342749	-1.0314542243351035	-0.0001489322726132558
22	drop_prob_lt_0.5_and_realaf_lt_0.3	21	26	19	7	2	0.7307692307692307	0.9047619047619048	0.8085106382978723	20.64192940851693	12.054209597320641	0.9885457187901241	0.9968326827201655	hmp_airskin_gtdb_source_abundance	sum	26	12	0.3157894736842105	5.301162713245353e-05	20.64192940851693	0.9885457187901241	0.6440677966101696	20.648590840357823	0.9885915958918304	0.16444284168770273	-0.006661431840893073	-4.587710170633752e-05
22	drop_prob_lt_0.5_and_xny_lt_500	21	22	18	4	3	0.8181818181818182	0.8571428571428571	0.8372093023255814	14.377103679141115	11.65322657628657	0.9958984331438082	0.9961463591364289	hmp_airskin_gtdb_source_abundance	sum	22	16	0.42105263157894735	0.07428212978222933	14.377103679141115	0.9958984331438082	0.6440677966101696	20.648590840357823	0.9885915958918304	0.1931415057154119	-6.271487161216708	0.0073068372519777824
22	drop_prob_lt_0.7_and_breadth_lt_0.1	21	26	19	7	2	0.7307692307692307	0.9047619047619048	0.8085106382978723	20.64192940851693	12.054209597320641	0.9885457187901241	0.9968326827201655	hmp_airskin_gtdb_source_abundance	sum	26	12	0.3157894736842105	5.301162713245353e-05	20.64192940851693	0.9885457187901241	0.6440677966101696	20.648590840357823	0.9885915958918304	0.16444284168770273	-0.006661431840893073	-4.587710170633752e-05
22	drop_prob_lt_0.7_and_breadth_lt_0.2	21	22	19	3	2	0.8636363636363636	0.9047619047619048	0.8837209302325582	17.857599609375324	11.323135978817858	0.9882845702308409	0.9968326827201655	hmp_airskin_gtdb_source_abundance	sum	22	16	0.42105263157894735	0.022019903531248476	17.857599609375324	0.9882845702308409	0.6440677966101696	20.648590840357823	0.9885915958918304	0.2396531336223886	-2.790991230982499	-0.0003070256609895017
22	drop_prob_lt_0.7_and_realaf_lt_0.3	21	25	19	6	2	0.76	0.9047619047619048	0.8260869565217391	19.76959738737081	11.81646272307076	0.9884852520260925	0.9968326827201655	hmp_airskin_gtdb_source_abundance	sum	25	13	0.34210526315789475	0.006946798875517361	19.76959738737081	0.9884852520260925	0.6440677966101696	20.648590840357823	0.9885915958918304	0.18201915991156958	-0.8789934529870145	-0.00010634386573793453
22	max_real_min_af_ge_0.02	21	26	19	7	2	0.7307692307692307	0.9047619047619048	0.8085106382978723	20.64192940851693	12.054209597320641	0.9885457187901241	0.9968326827201655	hmp_airskin_gtdb_source_abundance	sum	26	12	0.3157894736842105	5.301162713245353e-05	20.64192940851693	0.9885457187901241	0.6440677966101696	20.648590840357823	0.9885915958918304	0.16444284168770273	-0.006661431840893073	-4.587710170633752e-05
22	max_xny_ge_10	21	26	19	7	2	0.7307692307692307	0.9047619047619048	0.8085106382978723	20.64192940851693	12.054209597320641	0.9885457187901241	0.9968326827201655	hmp_airskin_gtdb_source_abundance	sum	26	12	0.3157894736842105	5.301162713245353e-05	20.64192940851693	0.9885457187901241	0.6440677966101696	20.648590840357823	0.9885915958918304	0.16444284168770273	-0.006661431840893073	-4.587710170633752e-05
22	min_breadth_ge_0.02	21	26	19	7	2	0.7307692307692307	0.9047619047619048	0.8085106382978723	20.64192940851693	12.054209597320641	0.9885457187901241	0.9968326827201655	hmp_airskin_gtdb_source_abundance	sum	26	12	0.3157894736842105	5.301162713245353e-05	20.64192940851693	0.9885457187901241	0.6440677966101696	20.648590840357823	0.9885915958918304	0.16444284168770273	-0.006661431840893073	-4.587710170633752e-05
22	min_xny_ge_25	21	25	19	6	2	0.76	0.9047619047619048	0.8260869565217391	19.7580748456022	11.813322349655023	0.9884867225679288	0.9968326827201655	hmp_airskin_gtdb_source_abundance	sum	25	13	0.34210526315789475	0.007037222173926462	19.7580748456022	0.9884867225679288	0.6440677966101696	20.648590840357823	0.9885915958918304	0.18201915991156958	-0.8905159947556243	-0.00010487332390163306
22	s_xny_ge_10	21	26	19	7	2	0.7307692307692307	0.9047619047619048	0.8085106382978723	20.64192940851693	12.054209597320641	0.9885457187901241	0.9968326827201655	hmp_airskin_gtdb_source_abundance	sum	26	12	0.3157894736842105	5.301162713245353e-05	20.64192940851693	0.9885457187901241	0.6440677966101696	20.648590840357823	0.9885915958918304	0.16444284168770273	-0.006661431840893073	-4.587710170633752e-05
23	current_calls	33	36	31	5	2	0.8611111111111112	0.9393939393939394	0.8985507246376813	28.41923191911541	24.333989815353675	0.9844470248065242	0.9854764855410797	hmp_airskin_gtdb_source_abundance	sum	36	0	0.0	0.0	28.41923191911541	0.9844470248065242	0.8985507246376813	28.41923191911541	0.9844470248065242	0.0	0.0	0.0
23	drop_prob_lt_0.5_and_breadth_lt_0.1	33	34	31	3	2	0.9117647058823529	0.9393939393939394	0.9253731343283583	28.251452349322154	25.982085003395582	0.9849506113048997	0.9854764855410802	hmp_airskin_gtdb_source_abundance	sum	34	2	0.05555555555555555	0.018580405227321427	28.251452349322154	0.9849506113048997	0.8985507246376813	28.41923191911541	0.9844470248065242	0.026822409690677063	-0.16777956979325737	0.0005035864983754523
23	drop_prob_lt_0.5_and_breadth_lt_0.2	33	32	30	2	3	0.9375	0.9090909090909091	0.923076923076923	28.24239715889424	27.507381688584164	0.9854774562241535	0.9855124227281308	hmp_airskin_gtdb_source_abundance	sum	32	4	0.1111111111111111	0.03672929380484495	28.24239715889424	0.9854774562241535	0.8985507246376813	28.41923191911541	0.9844470248065242	0.024526198439241753	-0.17683476022117262	0.0010304314176292628
23	drop_prob_lt_0.5_and_realaf_lt_0.3	33	33	31	2	2	0.9393939393939394	0.9393939393939394	0.9393939393939394	28.10947652797713	27.376710512719203	0.9854458890066772	0.9854764855410799	hmp_airskin_gtdb_source_abundance	sum	33	3	0.08333333333333333	0.03377223232611785	28.10947652797713	0.9854458890066772	0.8985507246376813	28.41923191911541	0.9844470248065242	0.040843214756258184	-0.30975539113828177	0.000998864200152938
23	drop_prob_lt_0.5_and_xny_lt_500	33	31	29	2	4	0.9354838709677419	0.8787878787878788	0.90625	28.393227168498303	27.65739306883897	0.9854854154099676	0.9855219649349162	hmp_airskin_gtdb_source_abundance	sum	31	5	0.1388888888888889	0.03780095067931526	28.393227168498303	0.9854854154099676	0.8985507246376813	28.41923191911541	0.9844470248065242	0.007699275362318736	-0.026004750617108385	0.001038390603443351
23	drop_prob_lt_0.7_and_breadth_lt_0.1	33	31	29	2	4	0.9354838709677419	0.8787878787878788	0.90625	28.536285921627563	26.564044558227806	0.984969636789064	0.9855093970716877	hmp_airskin_gtdb_source_abundance	sum	31	5	0.1388888888888889	0.024914669239038935	28.536285921627563	0.984969636789064	0.8985507246376813	28.41923191911541	0.9844470248065242	0.007699275362318736	0.11705400251215181	0.0005226119825397779
23	drop_prob_lt_0.7_and_breadth_lt_0.2	33	26	26	0	7	1.0	0.7878787878787878	0.8813559322033898	29.184706103191548	29.184706103191548	0.9856837377459602	0.9856837377459602	hmp_airskin_gtdb_source_abundance	sum	26	10	0.2777777777777778	0.05788249893398738	29.184706103191548	0.9856837377459602	0.8985507246376813	28.41923191911541	0.9844470248065242	-0.01719479243429145	0.7654741840761368	0.0012367129394359466
23	drop_prob_lt_0.7_and_realaf_lt_0.3	33	30	29	1	4	0.9666666666666667	0.8787878787878788	0.9206349206349207	28.39244483563118	27.971647204695643	0.9854798288805905	0.9855093970716874	hmp_airskin_gtdb_source_abundance	sum	30	6	0.16666666666666666	0.040106496337835355	28.39244483563118	0.9854798288805905	0.8985507246376813	28.41923191911541	0.9844470248065242	0.02208419599723943	-0.026787083484229868	0.0010328040740662514
23	max_real_min_af_ge_0.02	33	36	31	5	2	0.8611111111111112	0.9393939393939394	0.8985507246376813	28.41923191911541	24.333989815353675	0.9844470248065242	0.9854764855410797	hmp_airskin_gtdb_source_abundance	sum	36	0	0.0	0.0	28.41923191911541	0.9844470248065242	0.8985507246376813	28.41923191911541	0.9844470248065242	0.0	0.0	0.0
23	max_xny_ge_10	33	36	31	5	2	0.8611111111111112	0.9393939393939394	0.8985507246376813	28.41923191911541	24.333989815353675	0.9844470248065242	0.9854764855410797	hmp_airskin_gtdb_source_abundance	sum	36	0	0.0	0.0	28.41923191911541	0.9844470248065242	0.8985507246376813	28.41923191911541	0.9844470248065242	0.0	0.0	0.0
23	min_breadth_ge_0.02	33	33	31	2	2	0.9393939393939394	0.9393939393939394	0.9393939393939394	28.223385707744793	26.257783033764397	0.9849458690181737	0.9854764855410798	hmp_airskin_gtdb_source_abundance	sum	33	3	0.08333333333333333	0.02162138481590643	28.223385707744793	0.9849458690181737	0.8985507246376813	28.41923191911541	0.9844470248065242	0.040843214756258184	-0.1958462113706183	0.000498844211649474
23	min_xny_ge_25	33	33	31	2	2	0.9393939393939394	0.9393939393939394	0.9393939393939394	28.223385707744793	26.257783033764397	0.9849458690181737	0.9854764855410798	hmp_airskin_gtdb_source_abundance	sum	33	3	0.08333333333333333	0.02162138481590643	28.223385707744793	0.9849458690181737	0.8985507246376813	28.41923191911541	0.9844470248065242	0.040843214756258184	-0.1958462113706183	0.000498844211649474
23	s_xny_ge_10	33	36	31	5	2	0.8611111111111112	0.9393939393939394	0.8985507246376813	28.41923191911541	24.333989815353675	0.9844470248065242	0.9854764855410797	hmp_airskin_gtdb_source_abundance	sum	36	0	0.0	0.0	28.41923191911541	0.9844470248065242	0.8985507246376813	28.41923191911541	0.9844470248065242	0.0	0.0	0.0
24	current_calls	29	26	25	1	4	0.9615384615384616	0.8620689655172413	0.9090909090909091	13.776347378834888	13.138564497392057	0.9946961294046555	0.9947347218527693	hmp_airskin_gtdb_source_abundance	sum	26	0	0.0	0.0	13.776347378834888	0.9946961294046555	0.9090909090909091	13.776347378834888	0.9946961294046555	0.0	0.0	0.0
24	drop_prob_lt_0.5_and_breadth_lt_0.1	29	26	25	1	4	0.9615384615384616	0.8620689655172413	0.9090909090909091	13.776347378834888	13.138564497392057	0.9946961294046555	0.9947347218527693	hmp_airskin_gtdb_source_abundance	sum	26	0	0.0	0.0	13.776347378834888	0.9946961294046555	0.9090909090909091	13.776347378834888	0.9946961294046555	0.0	0.0	0.0
24	drop_prob_lt_0.5_and_breadth_lt_0.2	29	25	25	0	4	1.0	0.8620689655172413	0.9259259259259259	12.88755614290919	12.88755614290919	0.9947347218527691	0.9947347218527691	hmp_airskin_gtdb_source_abundance	sum	25	1	0.038461538461538464	0.00637782881442831	12.88755614290919	0.9947347218527691	0.9090909090909091	13.776347378834888	0.9946961294046555	0.01683501683501687	-0.888791235925698	3.859244811366125e-05
24	drop_prob_lt_0.5_and_realaf_lt_0.3	29	26	25	1	4	0.9615384615384616	0.8620689655172413	0.9090909090909091	13.776347378834888	13.138564497392057	0.9946961294046555	0.9947347218527693	hmp_airskin_gtdb_source_abundance	sum	26	0	0.0	0.0	13.776347378834888	0.9946961294046555	0.9090909090909091	13.776347378834888	0.9946961294046555	0.0	0.0	0.0
24	drop_prob_lt_0.5_and_xny_lt_500	29	25	25	0	4	1.0	0.8620689655172413	0.9259259259259259	12.88755614290919	12.88755614290919	0.9947347218527691	0.9947347218527691	hmp_airskin_gtdb_source_abundance	sum	25	1	0.038461538461538464	0.00637782881442831	12.88755614290919	0.9947347218527691	0.9090909090909091	13.776347378834888	0.9946961294046555	0.01683501683501687	-0.888791235925698	3.859244811366125e-05
24	drop_prob_lt_0.7_and_breadth_lt_0.1	29	26	25	1	4	0.9615384615384616	0.8620689655172413	0.9090909090909091	13.776347378834888	13.138564497392057	0.9946961294046555	0.9947347218527693	hmp_airskin_gtdb_source_abundance	sum	26	0	0.0	0.0	13.776347378834888	0.9946961294046555	0.9090909090909091	13.776347378834888	0.9946961294046555	0.0	0.0	0.0
24	drop_prob_lt_0.7_and_breadth_lt_0.2	29	25	25	0	4	1.0	0.8620689655172413	0.9259259259259259	12.88755614290919	12.88755614290919	0.9947347218527691	0.9947347218527691	hmp_airskin_gtdb_source_abundance	sum	25	1	0.038461538461538464	0.00637782881442831	12.88755614290919	0.9947347218527691	0.9090909090909091	13.776347378834888	0.9946961294046555	0.01683501683501687	-0.888791235925698	3.859244811366125e-05
24	drop_prob_lt_0.7_and_realaf_lt_0.3	29	26	25	1	4	0.9615384615384616	0.8620689655172413	0.9090909090909091	13.776347378834888	13.138564497392057	0.9946961294046555	0.9947347218527693	hmp_airskin_gtdb_source_abundance	sum	26	0	0.0	0.0	13.776347378834888	0.9946961294046555	0.9090909090909091	13.776347378834888	0.9946961294046555	0.0	0.0	0.0
24	max_real_min_af_ge_0.02	29	26	25	1	4	0.9615384615384616	0.8620689655172413	0.9090909090909091	13.776347378834888	13.138564497392057	0.9946961294046555	0.9947347218527693	hmp_airskin_gtdb_source_abundance	sum	26	0	0.0	0.0	13.776347378834888	0.9946961294046555	0.9090909090909091	13.776347378834888	0.9946961294046555	0.0	0.0	0.0
24	max_xny_ge_10	29	26	25	1	4	0.9615384615384616	0.8620689655172413	0.9090909090909091	13.776347378834888	13.138564497392057	0.9946961294046555	0.9947347218527693	hmp_airskin_gtdb_source_abundance	sum	26	0	0.0	0.0	13.776347378834888	0.9946961294046555	0.9090909090909091	13.776347378834888	0.9946961294046555	0.0	0.0	0.0
24	min_breadth_ge_0.02	29	26	25	1	4	0.9615384615384616	0.8620689655172413	0.9090909090909091	13.776347378834888	13.138564497392057	0.9946961294046555	0.9947347218527693	hmp_airskin_gtdb_source_abundance	sum	26	0	0.0	0.0	13.776347378834888	0.9946961294046555	0.9090909090909091	13.776347378834888	0.9946961294046555	0.0	0.0	0.0
24	min_xny_ge_25	29	26	25	1	4	0.9615384615384616	0.8620689655172413	0.9090909090909091	13.776347378834888	13.138564497392057	0.9946961294046555	0.9947347218527693	hmp_airskin_gtdb_source_abundance	sum	26	0	0.0	0.0	13.776347378834888	0.9946961294046555	0.9090909090909091	13.776347378834888	0.9946961294046555	0.0	0.0	0.0
24	s_xny_ge_10	29	26	25	1	4	0.9615384615384616	0.8620689655172413	0.9090909090909091	13.776347378834888	13.138564497392057	0.9946961294046555	0.9947347218527693	hmp_airskin_gtdb_source_abundance	sum	26	0	0.0	0.0	13.776347378834888	0.9946961294046555	0.9090909090909091	13.776347378834888	0.9946961294046555	0.0	0.0	0.0
25	current_calls	49	76	45	31	4	0.5921052631578947	0.9183673469387755	0.72	23.876829864906885	14.822596296490417	0.984476052440572	0.9924411161891388	hmp_airskin_gtdb_source_abundance	sum	76	0	0.0	0.0	23.876829864906885	0.984476052440572	0.72	23.876829864906885	0.984476052440572	0.0	0.0	0.0
25	drop_prob_lt_0.5_and_breadth_lt_0.1	49	56	45	11	4	0.8035714285714286	0.9183673469387755	0.8571428571428571	15.744702529133905	12.180458930866047	0.9908199888209802	0.9924411161891391	hmp_airskin_gtdb_source_abundance	sum	56	20	0.2631578947368421	0.05692898749379233	15.744702529133905	0.9908199888209802	0.72	23.876829864906885	0.984476052440572	0.13714285714285712	-8.13212733577298	0.006343936380408199
25	drop_prob_lt_0.5_and_breadth_lt_0.2	49	54	45	9	4	0.8333333333333334	0.9183673469387755	0.8737864077669903	14.425724867883513	12.230323841007715	0.9917407848538732	0.9924411161891394	hmp_airskin_gtdb_source_abundance	sum	54	22	0.2894736842105263	0.07012791436755868	14.425724867883513	0.9917407848538732	0.72	23.876829864906885	0.984476052440572	0.15378640776699037	-9.451104997023371	0.007264732413301167
25	drop_prob_lt_0.5_and_realaf_lt_0.3	49	57	45	12	4	0.7894736842105263	0.9183673469387755	0.8490566037735849	17.069444268284947	12.48316051085997	0.9901668326049485	0.9924411161891394	hmp_airskin_gtdb_source_abundance	sum	57	19	0.25	0.04682712283873739	17.069444268284947	0.9901668326049485	0.72	23.876829864906885	0.984476052440572	0.12905660377358497	-6.807385596621938	0.005690780164376519
25	drop_prob_lt_0.5_and_xny_lt_500	49	55	45	10	4	0.8181818181818182	0.9183673469387755	0.8653846153846154	14.56735079083169	12.209646117467564	0.9917701112585282	0.9924411161891391	hmp_airskin_gtdb_source_abundance	sum	55	21	0.27631578947368424	0.06858225600546276	14.56735079083169	0.9917701112585282	0.72	23.876829864906885	0.984476052440572	0.14538461538461545	-9.309479074075195	0.007294058817956195
25	drop_prob_lt_0.7_and_breadth_lt_0.1	49	47	44	3	5	0.9361702127659575	0.8979591836734694	0.9166666666666666	14.075451546693484	11.766638465320774	0.991180726441917	0.9926267885221762	hmp_airskin_gtdb_source_abundance	sum	47	29	0.3815789473684211	0.07448359988528892	14.075451546693484	0.991180726441917	0.72	23.876829864906885	0.984476052440572	0.19666666666666666	-9.8013783182134	0.006704674001345001
25	drop_prob_lt_0.7_and_breadth_lt_0.2	49	43	43	0	6	1.0	0.8775510204081632	0.9347826086956522	12.396056585442924	12.396056585442924	0.9925810635605806	0.9925810635605806	hmp_airskin_gtdb_source_abundance	sum	43	33	0.4342105263157895	0.0978116267876152	12.396056585442924	0.9925810635605806	0.72	23.876829864906885	0.984476052440572	0.21478260869565224	-11.48077327946396	0.00810501112000861
25	drop_prob_lt_0.7_and_realaf_lt_0.3	49	49	44	5	5	0.8979591836734694	0.8979591836734694	0.8979591836734694	15.863936476728474	11.645487985591455	0.9900826325397125	0.9926267885221761	hmp_airskin_gtdb_source_abundance	sum	49	27	0.35526315789473684	0.05603120626528057	15.863936476728474	0.9900826325397125	0.72	23.876829864906885	0.984476052440572	0.1779591836734694	-8.01289338817841	0.005606580099140501
25	max_real_min_af_ge_0.02	49	55	45	10	4	0.8181818181818182	0.9183673469387755	0.8653846153846154	23.857976792307056	14.815505743824902	0.9841502447691508	0.9924411161891389	hmp_airskin_gtdb_source_abundance	sum	55	21	0.27631578947368424	0.00012931881582430932	23.857976792307056	0.9841502447691508	0.72	23.876829864906885	0.984476052440572	0.14538461538461545	-0.01885307259982838	-0.0003258076714212077
25	max_xny_ge_10	49	55	45	10	4	0.8181818181818182	0.9183673469387755	0.8653846153846154	23.857976792307056	14.815505743824902	0.9841502447691508	0.9924411161891389	hmp_airskin_gtdb_source_abundance	sum	55	21	0.27631578947368424	0.00012931881582430932	23.857976792307056	0.9841502447691508	0.72	23.876829864906885	0.984476052440572	0.14538461538461545	-0.01885307259982838	-0.0003258076714212077
25	min_breadth_ge_0.02	49	51	45	6	4	0.8823529411764706	0.9183673469387755	0.9	15.74028088457127	12.180426942133357	0.9906978748260029	0.9924411161891389	hmp_airskin_gtdb_source_abundance	sum	51	25	0.32894736842105265	0.05697191315636468	15.74028088457127	0.9906978748260029	0.72	23.876829864906885	0.984476052440572	0.18000000000000005	-8.136548980335615	0.006221822385430897
25	min_xny_ge_25	49	50	45	5	4	0.9	0.9183673469387755	0.9090909090909091	14.886945702824839	12.18870037209443	0.9911128519396034	0.9924411161891397	hmp_airskin_gtdb_source_abundance	sum	50	26	0.34210526315789475	0.0653224421213181	14.886945702824839	0.9911128519396034	0.72	23.876829864906885	0.984476052440572	0.1890909090909091	-8.989884162082046	0.006636799499031398
25	s_xny_ge_10	49	55	45	10	4	0.8181818181818182	0.9183673469387755	0.8653846153846154	23.857976792307056	14.815505743824902	0.9841502447691508	0.9924411161891389	hmp_airskin_gtdb_source_abundance	sum	55	21	0.27631578947368424	0.00012931881582430932	23.857976792307056	0.9841502447691508	0.72	23.876829864906885	0.984476052440572	0.14538461538461545	-0.01885307259982838	-0.0003258076714212077
28	current_calls	12	15	12	3	0	0.8	1.0	0.888888888888889	18.352633533107465	10.977119798332335	0.9890339281762488	0.9978801202854538	hmp_airskin_gtdb_source_abundance	sum	15	0	0.0	0.0	18.352633533107465	0.9890339281762488	0.888888888888889	18.352633533107465	0.9890339281762488	0.0	0.0	0.0
28	drop_prob_lt_0.5_and_breadth_lt_0.1	12	14	12	2	0	0.8571428571428571	1.0	0.923076923076923	17.69334110633802	10.713037841097343	0.9887788771372565	0.9978801202854536	hmp_airskin_gtdb_source_abundance	sum	14	1	0.06666666666666667	0.004248675102235305	17.69334110633802	0.9887788771372565	0.888888888888889	18.352633533107465	0.9890339281762488	0.03418803418803407	-0.6592924267694436	-0.00025505103899226
28	drop_prob_lt_0.5_and_breadth_lt_0.2	12	14	12	2	0	0.8571428571428571	1.0	0.923076923076923	17.69334110633802	10.713037841097343	0.9887788771372565	0.9978801202854536	hmp_airskin_gtdb_source_abundance	sum	14	1	0.06666666666666667	0.004248675102235305	17.69334110633802	0.9887788771372565	0.888888888888889	18.352633533107465	0.9890339281762488	0.03418803418803407	-0.6592924267694436	-0.00025505103899226
28	drop_prob_lt_0.5_and_realaf_lt_0.3	12	14	12	2	0	0.8571428571428571	1.0	0.923076923076923	17.69334110633802	10.713037841097343	0.9887788771372565	0.9978801202854536	hmp_airskin_gtdb_source_abundance	sum	14	1	0.06666666666666667	0.004248675102235305	17.69334110633802	0.9887788771372565	0.888888888888889	18.352633533107465	0.9890339281762488	0.03418803418803407	-0.6592924267694436	-0.00025505103899226
28	drop_prob_lt_0.5_and_xny_lt_500	12	13	12	1	0	0.9230769230769231	1.0	0.9600000000000001	8.983583377793533	7.651041265686365	0.9976009878742621	0.9978801202854538	hmp_airskin_gtdb_source_abundance	sum	13	2	0.13333333333333333	0.06124584287490267	8.983583377793533	0.9976009878742621	0.888888888888889	18.352633533107465	0.9890339281762488	0.07111111111111112	-9.369050155313932	0.008567059698013302
28	drop_prob_lt_0.7_and_breadth_lt_0.1	12	14	12	2	0	0.8571428571428571	1.0	0.923076923076923	17.69334110633802	10.713037841097343	0.9887788771372565	0.9978801202854536	hmp_airskin_gtdb_source_abundance	sum	14	1	0.06666666666666667	0.004248675102235305	17.69334110633802	0.9887788771372565	0.888888888888889	18.352633533107465	0.9890339281762488	0.03418803418803407	-0.6592924267694436	-0.00025505103899226
28	drop_prob_lt_0.7_and_breadth_lt_0.2	12	14	12	2	0	0.8571428571428571	1.0	0.923076923076923	17.69334110633802	10.713037841097343	0.9887788771372565	0.9978801202854536	hmp_airskin_gtdb_source_abundance	sum	14	1	0.06666666666666667	0.004248675102235305	17.69334110633802	0.9887788771372565	0.888888888888889	18.352633533107465	0.9890339281762488	0.03418803418803407	-0.6592924267694436	-0.00025505103899226
28	drop_prob_lt_0.7_and_realaf_lt_0.3	12	14	12	2	0	0.8571428571428571	1.0	0.923076923076923	17.69334110633802	10.713037841097343	0.9887788771372565	0.9978801202854536	hmp_airskin_gtdb_source_abundance	sum	14	1	0.06666666666666667	0.004248675102235305	17.69334110633802	0.9887788771372565	0.888888888888889	18.352633533107465	0.9890339281762488	0.03418803418803407	-0.6592924267694436	-0.00025505103899226
28	max_real_min_af_ge_0.02	12	15	12	3	0	0.8	1.0	0.888888888888889	18.352633533107465	10.977119798332335	0.9890339281762488	0.9978801202854538	hmp_airskin_gtdb_source_abundance	sum	15	0	0.0	0.0	18.352633533107465	0.9890339281762488	0.888888888888889	18.352633533107465	0.9890339281762488	0.0	0.0	0.0
28	max_xny_ge_10	12	15	12	3	0	0.8	1.0	0.888888888888889	18.352633533107465	10.977119798332335	0.9890339281762488	0.9978801202854538	hmp_airskin_gtdb_source_abundance	sum	15	0	0.0	0.0	18.352633533107465	0.9890339281762488	0.888888888888889	18.352633533107465	0.9890339281762488	0.0	0.0	0.0
28	min_breadth_ge_0.02	12	15	12	3	0	0.8	1.0	0.888888888888889	18.352633533107465	10.977119798332335	0.9890339281762488	0.9978801202854538	hmp_airskin_gtdb_source_abundance	sum	15	0	0.0	0.0	18.352633533107465	0.9890339281762488	0.888888888888889	18.352633533107465	0.9890339281762488	0.0	0.0	0.0
28	min_xny_ge_25	12	15	12	3	0	0.8	1.0	0.888888888888889	18.352633533107465	10.977119798332335	0.9890339281762488	0.9978801202854538	hmp_airskin_gtdb_source_abundance	sum	15	0	0.0	0.0	18.352633533107465	0.9890339281762488	0.888888888888889	18.352633533107465	0.9890339281762488	0.0	0.0	0.0
28	s_xny_ge_10	12	15	12	3	0	0.8	1.0	0.888888888888889	18.352633533107465	10.977119798332335	0.9890339281762488	0.9978801202854538	hmp_airskin_gtdb_source_abundance	sum	15	0	0.0	0.0	18.352633533107465	0.9890339281762488	0.888888888888889	18.352633533107465	0.9890339281762488	0.0	0.0	0.0
0	current_calls	34	34	32	2	2	0.9411764705882353	0.9411764705882353	0.9411764705882353	19.9009221025293	18.88989203420979	0.9549294426840412	0.9547660906648994	hmp_gastrooral_gtdb_source_abundance	sum	34	0	0.0	0.0	19.9009221025293	0.9549294426840412	0.9411764705882353	19.9009221025293	0.9549294426840412	0.0	0.0	0.0
0	drop_prob_lt_0.5_and_breadth_lt_0.1	34	34	32	2	2	0.9411764705882353	0.9411764705882353	0.9411764705882353	19.9009221025293	18.88989203420979	0.9549294426840412	0.9547660906648994	hmp_gastrooral_gtdb_source_abundance	sum	34	0	0.0	0.0	19.9009221025293	0.9549294426840412	0.9411764705882353	19.9009221025293	0.9549294426840412	0.0	0.0	0.0
0	drop_prob_lt_0.5_and_breadth_lt_0.2	34	33	32	1	2	0.9696969696969697	0.9411764705882353	0.955223880597015	19.861308955027408	18.90710084087996	0.9546570006200593	0.9547660906648996	hmp_gastrooral_gtdb_source_abundance	sum	33	1	0.029411764705882353	0.0005736937742650008	19.861308955027408	0.9546570006200593	0.9411764705882353	19.9009221025293	0.9549294426840412	0.014047410008779737	-0.0396131475018926	-0.00027244206398191473
0	drop_prob_lt_0.5_and_realaf_lt_0.3	34	33	32	1	2	0.9696969696969697	0.9411764705882353	0.955223880597015	19.861308955027408	18.90710084087996	0.9546570006200593	0.9547660906648996	hmp_gastrooral_gtdb_source_abundance	sum	33	1	0.029411764705882353	0.0005736937742650008	19.861308955027408	0.9546570006200593	0.9411764705882353	19.9009221025293	0.9549294426840412	0.014047410008779737	-0.0396131475018926	-0.00027244206398191473
0	drop_prob_lt_0.5_and_xny_lt_500	34	33	32	1	2	0.9696969696969697	0.9411764705882353	0.955223880597015	19.861308955027408	18.90710084087996	0.9546570006200593	0.9547660906648996	hmp_gastrooral_gtdb_source_abundance	sum	33	1	0.029411764705882353	0.0005736937742650008	19.861308955027408	0.9546570006200593	0.9411764705882353	19.9009221025293	0.9549294426840412	0.014047410008779737	-0.0396131475018926	-0.00027244206398191473
0	drop_prob_lt_0.7_and_breadth_lt_0.1	34	34	32	2	2	0.9411764705882353	0.9411764705882353	0.9411764705882353	19.9009221025293	18.88989203420979	0.9549294426840412	0.9547660906648994	hmp_gastrooral_gtdb_source_abundance	sum	34	0	0.0	0.0	19.9009221025293	0.9549294426840412	0.9411764705882353	19.9009221025293	0.9549294426840412	0.0	0.0	0.0
0	drop_prob_lt_0.7_and_breadth_lt_0.2	34	33	32	1	2	0.9696969696969697	0.9411764705882353	0.955223880597015	19.861308955027408	18.90710084087996	0.9546570006200593	0.9547660906648996	hmp_gastrooral_gtdb_source_abundance	sum	33	1	0.029411764705882353	0.0005736937742650008	19.861308955027408	0.9546570006200593	0.9411764705882353	19.9009221025293	0.9549294426840412	0.014047410008779737	-0.0396131475018926	-0.00027244206398191473
0	drop_prob_lt_0.7_and_realaf_lt_0.3	34	33	32	1	2	0.9696969696969697	0.9411764705882353	0.955223880597015	19.861308955027408	18.90710084087996	0.9546570006200593	0.9547660906648996	hmp_gastrooral_gtdb_source_abundance	sum	33	1	0.029411764705882353	0.0005736937742650008	19.861308955027408	0.9546570006200593	0.9411764705882353	19.9009221025293	0.9549294426840412	0.014047410008779737	-0.0396131475018926	-0.00027244206398191473
0	max_real_min_af_ge_0.02	34	34	32	2	2	0.9411764705882353	0.9411764705882353	0.9411764705882353	19.9009221025293	18.88989203420979	0.9549294426840412	0.9547660906648994	hmp_gastrooral_gtdb_source_abundance	sum	34	0	0.0	0.0	19.9009221025293	0.9549294426840412	0.9411764705882353	19.9009221025293	0.9549294426840412	0.0	0.0	0.0
0	max_xny_ge_10	34	34	32	2	2	0.9411764705882353	0.9411764705882353	0.9411764705882353	19.9009221025293	18.88989203420979	0.9549294426840412	0.9547660906648994	hmp_gastrooral_gtdb_source_abundance	sum	34	0	0.0	0.0	19.9009221025293	0.9549294426840412	0.9411764705882353	19.9009221025293	0.9549294426840412	0.0	0.0	0.0
0	min_breadth_ge_0.02	34	34	32	2	2	0.9411764705882353	0.9411764705882353	0.9411764705882353	19.9009221025293	18.88989203420979	0.9549294426840412	0.9547660906648994	hmp_gastrooral_gtdb_source_abundance	sum	34	0	0.0	0.0	19.9009221025293	0.9549294426840412	0.9411764705882353	19.9009221025293	0.9549294426840412	0.0	0.0	0.0
0	min_xny_ge_25	34	34	32	2	2	0.9411764705882353	0.9411764705882353	0.9411764705882353	19.9009221025293	18.88989203420979	0.9549294426840412	0.9547660906648994	hmp_gastrooral_gtdb_source_abundance	sum	34	0	0.0	0.0	19.9009221025293	0.9549294426840412	0.9411764705882353	19.9009221025293	0.9549294426840412	0.0	0.0	0.0
0	s_xny_ge_10	34	34	32	2	2	0.9411764705882353	0.9411764705882353	0.9411764705882353	19.9009221025293	18.88989203420979	0.9549294426840412	0.9547660906648994	hmp_gastrooral_gtdb_source_abundance	sum	34	0	0.0	0.0	19.9009221025293	0.9549294426840412	0.9411764705882353	19.9009221025293	0.9549294426840412	0.0	0.0	0.0
6	current_calls	47	51	44	7	3	0.8627450980392157	0.9361702127659575	0.8979591836734694	78.0730601101197	74.36126823338685	0.8096239564470538	0.810392640427629	hmp_gastrooral_gtdb_source_abundance	sum	51	0	0.0	0.0	78.0730601101197	0.8096239564470538	0.8979591836734694	78.0730601101197	0.8096239564470538	0.0	0.0	0.0
6	drop_prob_lt_0.5_and_breadth_lt_0.1	47	49	44	5	3	0.8979591836734694	0.9361702127659575	0.9166666666666666	76.56080831732176	75.22047567713535	0.8118597494465009	0.8103926404276289	hmp_gastrooral_gtdb_source_abundance	sum	49	2	0.0392156862745098	0.024036764972029168	76.56080831732176	0.8118597494465009	0.8979591836734694	78.0730601101197	0.8096239564470538	0.018707482993197244	-1.5122517927979402	0.002235792999447095
6	drop_prob_lt_0.5_and_breadth_lt_0.2	47	47	42	5	5	0.8936170212765957	0.8936170212765957	0.8936170212765957	78.72190807216964	77.36044566696336	0.8082414223662169	0.8064467593763288	hmp_gastrooral_gtdb_source_abundance	sum	47	4	0.0784313725490196	0.03918362010758361	78.72190807216964	0.8082414223662169	0.8979591836734694	78.0730601101197	0.8096239564470538	-0.004342162396873683	0.6488479620499419	-0.0013825340808368836
6	drop_prob_lt_0.5_and_realaf_lt_0.3	47	51	44	7	3	0.8627450980392157	0.9361702127659575	0.8979591836734694	78.0730601101197	74.36126823338685	0.8096239564470538	0.810392640427629	hmp_gastrooral_gtdb_source_abundance	sum	51	0	0.0	0.0	78.0730601101197	0.8096239564470538	0.8979591836734694	78.0730601101197	0.8096239564470538	0.0	0.0	0.0
6	drop_prob_lt_0.5_and_xny_lt_500	47	49	44	5	3	0.8979591836734694	0.9361702127659575	0.9166666666666666	76.56080831732176	75.22047567713535	0.8118597494465009	0.8103926404276289	hmp_gastrooral_gtdb_source_abundance	sum	49	2	0.0392156862745098	0.024036764972029168	76.56080831732176	0.8118597494465009	0.8979591836734694	78.0730601101197	0.8096239564470538	0.018707482993197244	-1.5122517927979402	0.002235792999447095
6	drop_prob_lt_0.7_and_breadth_lt_0.1	47	49	44	5	3	0.8979591836734694	0.9361702127659575	0.9166666666666666	76.56080831732176	75.22047567713535	0.8118597494465009	0.8103926404276289	hmp_gastrooral_gtdb_source_abundance	sum	49	2	0.0392156862745098	0.024036764972029168	76.56080831732176	0.8118597494465009	0.8979591836734694	78.0730601101197	0.8096239564470538	0.018707482993197244	-1.5122517927979402	0.002235792999447095
6	drop_prob_lt_0.7_and_breadth_lt_0.2	47	45	42	3	5	0.9333333333333333	0.8936170212765957	0.9130434782608695	78.44782201471027	77.5313654717998	0.8076187341924604	0.8064467593763288	hmp_gastrooral_gtdb_source_abundance	sum	45	6	0.11764705882352941	0.043498856591098416	78.44782201471027	0.8076187341924604	0.8979591836734694	78.0730601101197	0.8096239564470538	0.015084294587400127	0.3747619045905708	-0.0020052222545933196
6	drop_prob_lt_0.7_and_realaf_lt_0.3	47	50	44	6	3	0.88	0.9361702127659575	0.9072164948453608	77.96319332704256	74.42369061456053	0.8094707705929388	0.8103926404276288	hmp_gastrooral_gtdb_source_abundance	sum	50	1	0.0196078431372549	0.001786111093096005	77.96319332704256	0.8094707705929388	0.8979591836734694	78.0730601101197	0.8096239564470538	0.009257311171891436	-0.1098667830771376	-0.00015318585411494556
6	max_real_min_af_ge_0.02	47	51	44	7	3	0.8627450980392157	0.9361702127659575	0.8979591836734694	78.0730601101197	74.36126823338685	0.8096239564470538	0.810392640427629	hmp_gastrooral_gtdb_source_abundance	sum	51	0	0.0	0.0	78.0730601101197	0.8096239564470538	0.8979591836734694	78.0730601101197	0.8096239564470538	0.0	0.0	0.0
6	max_xny_ge_10	47	51	44	7	3	0.8627450980392157	0.9361702127659575	0.8979591836734694	78.0730601101197	74.36126823338685	0.8096239564470538	0.810392640427629	hmp_gastrooral_gtdb_source_abundance	sum	51	0	0.0	0.0	78.0730601101197	0.8096239564470538	0.8979591836734694	78.0730601101197	0.8096239564470538	0.0	0.0	0.0
6	min_breadth_ge_0.02	47	51	44	7	3	0.8627450980392157	0.9361702127659575	0.8979591836734694	78.0730601101197	74.36126823338685	0.8096239564470538	0.810392640427629	hmp_gastrooral_gtdb_source_abundance	sum	51	0	0.0	0.0	78.0730601101197	0.8096239564470538	0.8979591836734694	78.0730601101197	0.8096239564470538	0.0	0.0	0.0
6	min_xny_ge_25	47	50	44	6	3	0.88	0.9361702127659575	0.9072164948453608	78.00771880867362	74.39839282656243	0.8095694284285048	0.810392640427629	hmp_gastrooral_gtdb_source_abundance	sum	50	1	0.0196078431372549	0.001063027058018603	78.00771880867362	0.8095694284285048	0.8979591836734694	78.0730601101197	0.8096239564470538	0.009257311171891436	-0.06534130144608241	-5.4528018548993806e-05
6	s_xny_ge_10	47	51	44	7	3	0.8627450980392157	0.9361702127659575	0.8979591836734694	78.0730601101197	74.36126823338685	0.8096239564470538	0.810392640427629	hmp_gastrooral_gtdb_source_abundance	sum	51	0	0.0	0.0	78.0730601101197	0.8096239564470538	0.8979591836734694	78.0730601101197	0.8096239564470538	0.0	0.0	0.0
0	current_calls	93	94	78	16	15	0.8297872340425532	0.8387096774193549	0.8342245989304814	63.07645271846174	51.39098086404699	0.910778777663967	0.9228891836223626	cami3_toy_human_gut_gtdb_source_readmap	sum	94	0	0.0	0.0	63.07645271846174	0.910778777663967	0.8342245989304814	63.07645271846174	0.910778777663967	0.0	0.0	0.0
0	drop_prob_lt_0.5_and_breadth_lt_0.1	93	76	67	9	26	0.881578947368421	0.7204301075268817	0.7928994082840237	58.59930568574537	48.788050371189215	0.9144215014227804	0.9266276455493767	cami3_toy_human_gut_gtdb_source_readmap	sum	76	18	0.19148936170212766	0.07561906005528395	58.59930568574537	0.9144215014227804	0.8342245989304814	63.07645271846174	0.910778777663967	-0.04132519064645768	-4.477147032716367	0.003642723758813471
0	drop_prob_lt_0.5_and_breadth_lt_0.2	93	72	64	8	29	0.8888888888888888	0.6881720430107527	0.7757575757575758	57.98259875709818	50.292735167876046	0.9245319003492045	0.9344988422112578	cami3_toy_human_gut_gtdb_source_readmap	sum	72	22	0.23404255319148937	0.1425494856997578	57.98259875709818	0.9245319003492045	0.8342245989304814	63.07645271846174	0.910778777663967	-0.05846702317290564	-5.093853961363557	0.01375312268523754
0	drop_prob_lt_0.5_and_realaf_lt_0.3	93	74	65	9	28	0.8783783783783784	0.6989247311827957	0.7784431137724551	58.20176790230075	47.928912813384315	0.9217397614660232	0.9344876918983259	cami3_toy_human_gut_gtdb_source_readmap	sum	74	20	0.2127659574468085	0.11715513056423052	58.20176790230075	0.9217397614660232	0.8342245989304814	63.07645271846174	0.910778777663967	-0.05578148515802628	-4.874684816160986	0.010960983802056234
0	drop_prob_lt_0.5_and_xny_lt_500	93	72	64	8	29	0.8888888888888888	0.6881720430107527	0.7757575757575758	57.98259875709818	50.292735167876046	0.9245319003492045	0.9344988422112578	cami3_toy_human_gut_gtdb_source_readmap	sum	72	22	0.23404255319148937	0.1425494856997578	57.98259875709818	0.9245319003492045	0.8342245989304814	63.07645271846174	0.910778777663967	-0.05846702317290564	-5.093853961363557	0.01375312268523754
0	drop_prob_lt_0.7_and_breadth_lt_0.1	93	62	55	7	38	0.8870967741935484	0.5913978494623656	0.7096774193548387	58.35370343001895	48.468470592189554	0.9153049307805614	0.92784566460393	cami3_toy_human_gut_gtdb_source_readmap	sum	62	32	0.3404255319148936	0.10767805794902849	58.35370343001895	0.9153049307805614	0.8342245989304814	63.07645271846174	0.910778777663967	-0.12454717957564265	-4.722749288442785	0.0045261531165944335
0	drop_prob_lt_0.7_and_breadth_lt_0.2	93	57	51	6	42	0.8947368421052632	0.5483870967741935	0.6799999999999999	57.78286263004434	50.09143510951852	0.925607402279339	0.9358249547013004	cami3_toy_human_gut_gtdb_source_readmap	sum	57	37	0.39361702127659576	0.17503607408180866	57.78286263004434	0.925607402279339	0.8342245989304814	63.07645271846174	0.910778777663967	-0.15422459893048146	-5.293590088417396	0.014828624615372044
0	drop_prob_lt_0.7_and_realaf_lt_0.3	93	60	53	7	40	0.8833333333333333	0.5698924731182796	0.69281045751634	57.92334000090158	47.55550191316924	0.9227356331825096	0.9358056854089993	cami3_toy_human_gut_gtdb_source_readmap	sum	60	34	0.3617021276595745	0.14921412845797505	57.92334000090158	0.9227356331825096	0.8342245989304814	63.07645271846174	0.910778777663967	-0.14141414141414144	-5.153112717560155	0.011956855518542642
0	max_real_min_af_ge_0.02	93	82	68	14	25	0.8292682926829268	0.7311827956989247	0.777142857142857	60.11341340106414	48.11867858714088	0.9132389446505782	0.9258684072947714	cami3_toy_human_gut_gtdb_source_readmap	sum	82	12	0.1276595744680851	0.03481647255614917	60.11341340106414	0.9132389446505782	0.8342245989304814	63.07645271846174	0.910778777663967	-0.057081741787624374	-2.9630393173975946	0.002460166986611223
0	max_xny_ge_10	93	91	75	16	18	0.8241758241758241	0.8064516129032258	0.8152173913043477	62.99253744177453	51.294833329263525	0.9107837926408704	0.9229041208050585	cami3_toy_human_gut_gtdb_source_readmap	sum	91	3	0.031914893617021274	0.0010456973418546585	62.99253744177453	0.9107837926408704	0.8342245989304814	63.07645271846174	0.910778777663967	-0.019007207626133726	-0.08391527668720755	5.014976903416901e-06
0	min_breadth_ge_0.02	93	63	57	6	36	0.9047619047619048	0.6129032258064516	0.7307692307692307	58.25673097876194	49.687248739571984	0.9157377830548898	0.9274199680176926	cami3_toy_human_gut_gtdb_source_readmap	sum	63	31	0.32978723404255317	0.10871765285355144	58.25673097876194	0.9157377830548898	0.8342245989304814	63.07645271846174	0.910778777663967	-0.10345536816125067	-4.819721739699801	0.004959005390922866
0	min_xny_ge_25	93	60	55	5	38	0.9166666666666666	0.5913978494623656	0.7189542483660131	58.34067244008043	49.91937622056617	0.9157018581866058	0.9274261221619386	cami3_toy_human_gut_gtdb_source_readmap	sum	60	34	0.3617021276595745	0.11072243881154437	58.34067244008043	0.9157018581866058	0.8342245989304814	63.07645271846174	0.910778777663967	-0.11527035056446833	-4.735780278381306	0.00492308052263879
0	s_xny_ge_10	93	91	75	16	18	0.8241758241758241	0.8064516129032258	0.8152173913043477	62.99253744177453	51.294833329263525	0.9107837926408704	0.9229041208050585	cami3_toy_human_gut_gtdb_source_readmap	sum	91	3	0.031914893617021274	0.0010456973418546585	62.99253744177453	0.9107837926408704	0.8342245989304814	63.07645271846174	0.910778777663967	-0.019007207626133726	-0.08391527668720755	5.014976903416901e-06
1	current_calls	104	99	86	13	18	0.8686868686868687	0.8269230769230769	0.8472906403940886	75.04358937786799	65.46100214605643	0.6504147643645246	0.6658588506113589	cami3_toy_human_gut_gtdb_source_readmap	sum	99	0	0.0	0.0	75.04358937786799	0.6504147643645246	0.8472906403940886	75.04358937786799	0.6504147643645246	0.0	0.0	0.0
1	drop_prob_lt_0.5_and_breadth_lt_0.1	104	79	70	9	34	0.8860759493670886	0.6730769230769231	0.7650273224043715	73.29292921981394	64.08284504131319	0.6595740252128821	0.6771901729886538	cami3_toy_human_gut_gtdb_source_readmap	sum	79	20	0.20202020202020202	0.0911970609900958	73.29292921981394	0.6595740252128821	0.8472906403940886	75.04358937786799	0.6504147643645246	-0.08226331798971709	-1.7506601580540462	0.009159260848357498
1	drop_prob_lt_0.5_and_breadth_lt_0.2	104	79	70	9	34	0.8860759493670886	0.6730769230769231	0.7650273224043715	73.29292921981394	64.08284504131319	0.6595740252128821	0.6771901729886538	cami3_toy_human_gut_gtdb_source_readmap	sum	79	20	0.20202020202020202	0.0911970609900958	73.29292921981394	0.6595740252128821	0.8472906403940886	75.04358937786799	0.6504147643645246	-0.08226331798971709	-1.7506601580540462	0.009159260848357498
1	drop_prob_lt_0.5_and_realaf_lt_0.3	104	79	70	9	34	0.8860759493670886	0.6730769230769231	0.7650273224043715	73.29292921981394	64.08284504131319	0.6595740252128821	0.6771901729886538	cami3_toy_human_gut_gtdb_source_readmap	sum	79	20	0.20202020202020202	0.0911970609900958	73.29292921981394	0.6595740252128821	0.8472906403940886	75.04358937786799	0.6504147643645246	-0.08226331798971709	-1.7506601580540462	0.009159260848357498
1	drop_prob_lt_0.5_and_xny_lt_500	104	77	69	8	35	0.8961038961038961	0.6634615384615384	0.7624309392265194	73.12122441087303	65.64961540113165	0.6617570014787258	0.6773060166486393	cami3_toy_human_gut_gtdb_source_readmap	sum	77	22	0.2222222222222222	0.11097896208027579	73.12122441087303	0.6617570014787258	0.8472906403940886	75.04358937786799	0.6504147643645246	-0.08485970116756925	-1.9223649669949623	0.011342237114201237
1	drop_prob_lt_0.7_and_breadth_lt_0.1	104	67	59	8	45	0.8805970149253731	0.5673076923076923	0.6900584795321638	72.83599820239947	63.603174066000534	0.6627399589994893	0.6809978558279662	cami3_toy_human_gut_gtdb_source_readmap	sum	67	32	0.32323232323232326	0.11995400226662631	72.83599820239947	0.6627399589994893	0.8472906403940886	75.04358937786799	0.6504147643645246	-0.15723216086192482	-2.2075911754685222	0.012325194634964731
1	drop_prob_lt_0.7_and_breadth_lt_0.2	104	65	57	8	47	0.8769230769230769	0.5480769230769231	0.6745562130177515	72.92008853893807	63.66099200755537	0.6628604889285794	0.6811444119272806	cami3_toy_human_gut_gtdb_source_readmap	sum	65	34	0.3434343434343434	0.12245110508632102	72.92008853893807	0.6628604889285794	0.8472906403940886	75.04358937786799	0.6504147643645246	-0.17273442737633715	-2.123500838929914	0.012445724564054794
1	drop_prob_lt_0.7_and_realaf_lt_0.3	104	65	57	8	47	0.8769230769230769	0.5480769230769231	0.6745562130177515	72.92008853893807	63.66099200755537	0.6628604889285794	0.6811444119272806	cami3_toy_human_gut_gtdb_source_readmap	sum	65	34	0.3434343434343434	0.12245110508632102	72.92008853893807	0.6628604889285794	0.8472906403940886	75.04358937786799	0.6504147643645246	-0.17273442737633715	-2.123500838929914	0.012445724564054794
1	max_real_min_af_ge_0.02	104	88	77	11	27	0.875	0.7403846153846154	0.8020833333333334	74.87052146153214	65.91021223937516	0.6501517933246467	0.6660218985465289	cami3_toy_human_gut_gtdb_source_readmap	sum	88	11	0.1111111111111111	0.010002983004780804	74.87052146153214	0.6501517933246467	0.8472906403940886	75.04358937786799	0.6504147643645246	-0.045207307060755264	-0.17306791633585306	-0.000262971039877935
1	max_xny_ge_10	104	94	81	13	23	0.8617021276595744	0.7788461538461539	0.8181818181818181	75.04816423919729	65.46527173180809	0.6504157607959731	0.665860226793642	cami3_toy_human_gut_gtdb_source_readmap	sum	94	5	0.050505050505050504	3.185630824966282e-05	75.04816423919729	0.6504157607959731	0.8472906403940886	75.04358937786799	0.6504147643645246	-0.029108822212270513	0.004574861329302848	9.964314484633974e-07
1	min_breadth_ge_0.02	104	69	60	9	44	0.8695652173913043	0.5769230769230769	0.6936416184971097	73.00308359737697	63.76819478084192	0.6625674923135003	0.6803642373333261	cami3_toy_human_gut_gtdb_source_readmap	sum	69	30	0.30303030303030304	0.11031856286059838	73.00308359737697	0.6625674923135003	0.8472906403940886	75.04358937786799	0.6504147643645246	-0.15364902189697893	-2.040505780491017	0.012152727948975706
1	min_xny_ge_25	104	63	56	7	48	0.8888888888888888	0.5384615384615384	0.6706586826347306	72.80749663280427	64.14429168221689	0.6625219043628233	0.6807213338455493	cami3_toy_human_gut_gtdb_source_readmap	sum	63	36	0.36363636363636365	0.12150737818086474	72.80749663280427	0.6625219043628233	0.8472906403940886	75.04358937786799	0.6504147643645246	-0.17663195775935803	-2.236092745063715	0.01210713999829871
1	s_xny_ge_10	104	94	81	13	23	0.8617021276595744	0.7788461538461539	0.8181818181818181	75.04816423919729	65.46527173180809	0.6504157607959731	0.665860226793642	cami3_toy_human_gut_gtdb_source_readmap	sum	94	5	0.050505050505050504	3.185630824966282e-05	75.04816423919729	0.6504157607959731	0.8472906403940886	75.04358937786799	0.6504147643645246	-0.029108822212270513	0.004574861329302848	9.964314484633974e-07
2	current_calls	99	115	82	33	17	0.7130434782608696	0.8282828282828283	0.7663551401869159	50.07604500394408	38.64523608888298	0.9105517870034346	0.9212311577120741	cami3_toy_human_gut_gtdb_source_readmap	sum	115	0	0.0	0.0	50.07604500394408	0.9105517870034346	0.7663551401869159	50.07604500394408	0.9105517870034346	0.0	0.0	0.0
2	drop_prob_lt_0.5_and_breadth_lt_0.1	99	77	57	20	42	0.7402597402597403	0.5757575757575758	0.6477272727272728	49.6158170514479	38.505130354284134	0.9099039403868195	0.921387777533629	cami3_toy_human_gut_gtdb_source_readmap	sum	77	38	0.33043478260869563	0.012128747778991476	49.6158170514479	0.9099039403868195	0.7663551401869159	50.07604500394408	0.9105517870034346	-0.11862786745964304	-0.460227952496183	-0.0006478466166150998
2	drop_prob_lt_0.5_and_breadth_lt_0.2	99	73	57	16	42	0.7808219178082192	0.5757575757575758	0.6627906976744187	48.41753627923314	39.42103545490539	0.910898441319468	0.9213877775336287	cami3_toy_human_gut_gtdb_source_readmap	sum	73	42	0.3652173913043478	0.03507889216404175	48.41753627923314	0.910898441319468	0.7663551401869159	50.07604500394408	0.9105517870034346	-0.10356444251249719	-1.6585087247109414	0.0003466543160333124
2	drop_prob_lt_0.5_and_realaf_lt_0.3	99	76	57	19	42	0.75	0.5757575757575758	0.6514285714285716	49.51862104296348	38.57939412721049	0.9098578564595611	0.9213877775336291	cami3_toy_human_gut_gtdb_source_readmap	sum	76	39	0.3391304347826087	0.014030597303782383	49.51862104296348	0.9098578564595611	0.7663551401869159	50.07604500394408	0.9105517870034346	-0.11492656875834428	-0.5574239609806	-0.0006939305438735666
2	drop_prob_lt_0.5_and_xny_lt_500	99	75	56	19	43	0.7466666666666667	0.5656565656565656	0.6436781609195402	49.696122904610746	38.7198796740734	0.9098579416531204	0.9214253254914305	cami3_toy_human_gut_gtdb_source_readmap	sum	75	40	0.34782608695652173	0.017355683402129396	49.696122904610746	0.9098579416531204	0.7663551401869159	50.07604500394408	0.9105517870034346	-0.12267697926737564	-0.379922099333335	-0.0006938453503142483
2	drop_prob_lt_0.7_and_breadth_lt_0.1	99	70	54	16	45	0.7714285714285715	0.5454545454545454	0.6390532544378699	49.57761016868786	38.54762814504905	0.9096306253323638	0.9213895600263398	cami3_toy_human_gut_gtdb_source_readmap	sum	70	45	0.391304347826087	0.01319922466547978	49.57761016868786	0.9096306253323638	0.7663551401869159	50.07604500394408	0.9105517870034346	-0.127301885749046	-0.49843483525621934	-0.0009211616710708137
2	drop_prob_lt_0.7_and_breadth_lt_0.2	99	63	53	10	46	0.8412698412698413	0.5353535353535354	0.654320987654321	46.46284172661267	40.609917313157275	0.9136587988902081	0.9215250798566335	cami3_toy_human_gut_gtdb_source_readmap	sum	63	52	0.45217391304347826	0.07198204608457127	46.46284172661267	0.9136587988902081	0.7663551401869159	50.07604500394408	0.9105517870034346	-0.11203415253259486	-3.613203277331408	0.0031070118867734253
2	drop_prob_lt_0.7_and_realaf_lt_0.3	99	68	53	15	46	0.7794117647058824	0.5353535353535354	0.6347305389221557	49.340461393299925	38.43516716527604	0.9096660213703095	0.9215250798566312	cami3_toy_human_gut_gtdb_source_readmap	sum	68	47	0.40869565217391307	0.0193561368668015	49.340461393299925	0.9096660213703095	0.7663551401869159	50.07604500394408	0.9105517870034346	-0.13162460126476017	-0.7355836106441558	-0.0008857656331251462
2	max_real_min_af_ge_0.02	99	94	71	23	28	0.7553191489361702	0.7171717171717171	0.7357512953367876	50.05987401882693	38.643919301340354	0.9099721133753153	0.921236047104558	cami3_toy_human_gut_gtdb_source_readmap	sum	94	21	0.1826086956521739	0.000651776705933722	50.05987401882693	0.9099721133753153	0.7663551401869159	50.07604500394408	0.9105517870034346	-0.030603844850128237	-0.016170985117149428	-0.0005796736281193926
2	max_xny_ge_10	99	108	79	29	20	0.7314814814814815	0.797979797979798	0.7632850241545894	50.073445080412085	38.64771392120398	0.9103316793054566	0.9212313741161332	cami3_toy_human_gut_gtdb_source_readmap	sum	108	7	0.06086956521739131	8.031871986871454e-05	50.073445080412085	0.9103316793054566	0.7663551401869159	50.07604500394408	0.9105517870034346	-0.003070116032326431	-0.0025999235319957847	-0.00022010769797808916
2	min_breadth_ge_0.02	99	70	55	15	44	0.7857142857142857	0.5555555555555556	0.650887573964497	49.83756863653624	38.53256962403837	0.9094495464943726	0.9212983288570425	cami3_toy_human_gut_gtdb_source_readmap	sum	70	45	0.391304347826087	0.006259385082631469	49.83756863653624	0.9094495464943726	0.7663551401869159	50.07604500394408	0.9105517870034346	-0.11546756622241883	-0.2384763674078414	-0.0011022405090620468
2	min_xny_ge_25	99	65	50	15	49	0.7692307692307693	0.5050505050505051	0.6097560975609756	49.85465844157454	38.54522854992222	0.9094495339568773	0.9213027408209089	cami3_toy_human_gut_gtdb_source_readmap	sum	65	50	0.43478260869565216	0.006648718994045753	49.85465844157454	0.9094495339568773	0.7663551401869159	50.07604500394408	0.9105517870034346	-0.15659904262594027	-0.22138656236953835	-0.001102253046557311
2	s_xny_ge_10	99	108	79	29	20	0.7314814814814815	0.797979797979798	0.7632850241545894	50.073445080412085	38.64771392120398	0.9103316793054566	0.9212313741161332	cami3_toy_human_gut_gtdb_source_readmap	sum	108	7	0.06086956521739131	8.031871986871454e-05	50.073445080412085	0.9103316793054566	0.7663551401869159	50.07604500394408	0.9105517870034346	-0.003070116032326431	-0.0025999235319957847	-0.00022010769797808916
