variant_method	feature	op	threshold	switched_samples	sample_count	mean_delta_F1	min_delta_F1	improved_samples	worsened_samples	mean_delta_L1_pp	max_worse_L1_pp	mean_delta_Pearson	cami2_toy_mouse_gut_delta_F1	cami2_toy_mouse_gut_delta_L1_pp	cami2_toy_mouse_gut_delta_Pearson	cami2_toy_mouse_gut_switched_samples	cami2_toy_mouse_gut_improved_samples	cami2_toy_mouse_gut_worsened_samples	cami3_toy_human_gut_gtdb_source_readmap_delta_F1	cami3_toy_human_gut_gtdb_source_readmap_delta_L1_pp	cami3_toy_human_gut_gtdb_source_readmap_delta_Pearson	cami3_toy_human_gut_gtdb_source_readmap_switched_samples	cami3_toy_human_gut_gtdb_source_readmap_improved_samples	cami3_toy_human_gut_gtdb_source_readmap_worsened_samples	hmp_airskin_gtdb_source_abundance_delta_F1	hmp_airskin_gtdb_source_abundance_delta_L1_pp	hmp_airskin_gtdb_source_abundance_delta_Pearson	hmp_airskin_gtdb_source_abundance_switched_samples	hmp_airskin_gtdb_source_abundance_improved_samples	hmp_airskin_gtdb_source_abundance_worsened_samples	hmp_gastrooral_gtdb_source_abundance_delta_F1	hmp_gastrooral_gtdb_source_abundance_delta_L1_pp	hmp_gastrooral_gtdb_source_abundance_delta_Pearson	hmp_gastrooral_gtdb_source_abundance_switched_samples	hmp_gastrooral_gtdb_source_abundance_improved_samples	hmp_gastrooral_gtdb_source_abundance_worsened_samples	mean_panel_delta_F1	min_panel_delta_F1	improved_panels	worsened_panels	mean_panel_delta_L1_pp	max_panel_worse_L1_pp	mean_panel_delta_Pearson
drop_prob_lt_0.7_and_breadth_lt_0.2	max_xny_median	>=	387.5	28	35	0.046540480427272116	-0.032352941176470584	17	3	-2.928443324047847	0.7654741840761368	0.0017517985572562075	0.0	0.0	0.0	1	0	0	0.0	0.0	0.0	0	0	0	0.05925130038364239	-3.8085431518060484	0.0023552079193534256	25	15	3	0.014565852298089932	0.1675743785443391	-0.0011388321592876172	2	2	0	0.01845428817043308	0.0	2	0	-0.9102421933154273	0.1675743785443391	0.0003040939400164521
drop_prob_lt_0.7_and_breadth_lt_0.2	max_real_min_af_median	>=	0.3875	28	35	0.046540480427272116	-0.032352941176470584	17	3	-2.928443324047847	0.7654741840761368	0.0017517985572562075	0.0	0.0	0.0	1	0	0	0.0	0.0	0.0	0	0	0	0.05925130038364239	-3.8085431518060484	0.0023552079193534256	25	15	3	0.014565852298089932	0.1675743785443391	-0.0011388321592876172	2	2	0	0.01845428817043308	0.0	2	0	-0.9102421933154273	0.1675743785443391	0.0003040939400164521
drop_prob_lt_0.7_and_breadth_lt_0.2	max_mean_depth_median	>=	0.46514669999999997	28	35	0.046540480427272116	-0.032352941176470584	17	3	-2.928443324047847	0.7654741840761368	0.0017517985572562075	0.0	0.0	0.0	1	0	0	0.0	0.0	0.0	0	0	0	0.05925130038364239	-3.8085431518060484	0.0023552079193534256	25	15	3	0.014565852298089932	0.1675743785443391	-0.0011388321592876172	2	2	0	0.01845428817043308	0.0	2	0	-0.9102421933154273	0.1675743785443391	0.0003040939400164521
min_breadth_ge_0.05	max_xny_median	>=	265.0	31	35	0.044059355559373625	-0.018333333333333313	16	2	-2.4347050082709694	0.19677882569514793	0.0015379873714841206	-0.0021446655367940806	0.012304203120926616	-1.7817844074248987e-07	2	0	1	0.0	0.0	0.0	0	0	0	0.05665940585908378	-3.149267699522616	0.002004719990959052	27	15	1	0.009353741496598622	-0.1106800058680335	-0.00014867360931397622	2	1	0	0.01596712045472208	-0.0021446655367940806	2	1	-0.8119108755674307	0.012304203120926616	0.0004639670508010833
min_breadth_ge_0.05	max_real_min_af_median	>=	0.265	31	35	0.044059355559373625	-0.018333333333333313	16	2	-2.4347050082709694	0.19677882569514793	0.0015379873714841206	-0.0021446655367940806	0.012304203120926616	-1.7817844074248987e-07	2	0	1	0.0	0.0	0.0	0	0	0	0.05665940585908378	-3.149267699522616	0.002004719990959052	27	15	1	0.009353741496598622	-0.1106800058680335	-0.00014867360931397622	2	1	0	0.01596712045472208	-0.0021446655367940806	2	1	-0.8119108755674307	0.012304203120926616	0.0004639670508010833
min_xny_ge_50	max_xny_median	>=	265.0	31	35	0.044059355559373625	-0.018333333333333313	16	2	-2.4347050082709694	0.19677882569514793	0.0015379873714841206	-0.0021446655367940806	0.012304203120926616	-1.7817844074248987e-07	2	0	1	0.0	0.0	0.0	0	0	0	0.05665940585908378	-3.149267699522616	0.002004719990959052	27	15	1	0.009353741496598622	-0.1106800058680335	-0.00014867360931397622	2	1	0	0.01596712045472208	-0.0021446655367940806	2	1	-0.8119108755674307	0.012304203120926616	0.0004639670508010833
min_xny_ge_50	max_real_min_af_median	>=	0.265	31	35	0.044059355559373625	-0.018333333333333313	16	2	-2.4347050082709694	0.19677882569514793	0.0015379873714841206	-0.0021446655367940806	0.012304203120926616	-1.7817844074248987e-07	2	0	1	0.0	0.0	0.0	0	0	0	0.05665940585908378	-3.149267699522616	0.002004719990959052	27	15	1	0.009353741496598622	-0.1106800058680335	-0.00014867360931397622	2	1	0	0.01596712045472208	-0.0021446655367940806	2	1	-0.8119108755674307	0.012304203120926616	0.0004639670508010833
min_breadth_ge_0.05	max_xny_median	>=	387.5	28	35	0.043658645640906955	0.0	15	0	-2.1270682241607575	0.19677882569514793	0.001380937141425931	0.0	0.0	0.0	1	0	0	0.0	0.0	0.0	0	0	0	0.05590167090513133	-2.749112141995942	0.0018011165617976123	25	14	0	0.009353741496598622	-0.1106800058680335	-0.00014867360931397622	2	1	0	0.01631385310043249	0.0	2	0	-0.7149480369659938	0.0	0.000413110738120909
min_breadth_ge_0.05	max_real_min_af_median	>=	0.3875	28	35	0.043658645640906955	0.0	15	0	-2.1270682241607575	0.19677882569514793	0.001380937141425931	0.0	0.0	0.0	1	0	0	0.0	0.0	0.0	0	0	0	0.05590167090513133	-2.749112141995942	0.0018011165617976123	25	14	0	0.009353741496598622	-0.1106800058680335	-0.00014867360931397622	2	1	0	0.01631385310043249	0.0	2	0	-0.7149480369659938	0.0	0.000413110738120909
min_breadth_ge_0.05	max_mean_depth_median	>=	0.46514669999999997	28	35	0.043658645640906955	0.0	15	0	-2.1270682241607575	0.19677882569514793	0.001380937141425931	0.0	0.0	0.0	1	0	0	0.0	0.0	0.0	0	0	0	0.05590167090513133	-2.749112141995942	0.0018011165617976123	25	14	0	0.009353741496598622	-0.1106800058680335	-0.00014867360931397622	2	1	0	0.01631385310043249	0.0	2	0	-0.7149480369659938	0.0	0.000413110738120909
min_xny_ge_50	max_xny_median	>=	387.5	28	35	0.043658645640906955	0.0	15	0	-2.1270682241607575	0.19677882569514793	0.001380937141425931	0.0	0.0	0.0	1	0	0	0.0	0.0	0.0	0	0	0	0.05590167090513133	-2.749112141995942	0.0018011165617976123	25	14	0	0.009353741496598622	-0.1106800058680335	-0.00014867360931397622	2	1	0	0.01631385310043249	0.0	2	0	-0.7149480369659938	0.0	0.000413110738120909
min_xny_ge_50	max_real_min_af_median	>=	0.3875	28	35	0.043658645640906955	0.0	15	0	-2.1270682241607575	0.19677882569514793	0.001380937141425931	0.0	0.0	0.0	1	0	0	0.0	0.0	0.0	0	0	0	0.05590167090513133	-2.749112141995942	0.0018011165617976123	25	14	0	0.009353741496598622	-0.1106800058680335	-0.00014867360931397622	2	1	0	0.01631385310043249	0.0	2	0	-0.7149480369659938	0.0	0.000413110738120909
min_xny_ge_50	max_mean_depth_median	>=	0.46514669999999997	28	35	0.043658645640906955	0.0	15	0	-2.1270682241607575	0.19677882569514793	0.001380937141425931	0.0	0.0	0.0	1	0	0	0.0	0.0	0.0	0	0	0	0.05590167090513133	-2.749112141995942	0.0018011165617976123	25	14	0	0.009353741496598622	-0.1106800058680335	-0.00014867360931397622	2	1	0	0.01631385310043249	0.0	2	0	-0.7149480369659938	0.0	0.000413110738120909
drop_prob_lt_0.7_and_breadth_lt_0.2	max_mean_depth_median	>=	0.6132042	24	35	0.0433279973998455	-0.01719479243429145	15	2	-2.686678791402865	0.7654741840761368	0.0015137815788392255	0.0	0.0	0.0	0	0	0	0.0	0.0	0.0	0	0	0	0.05508697053327453	-3.495144683562554	0.0020466673917758564	22	13	2	0.014565852298089932	0.1675743785443391	-0.0011388321592876172	2	2	0	0.017413205707841113	0.0	2	0	-0.8318925762545537	0.1675743785443391	0.0002269588081220598
drop_prob_lt_0.7_and_breadth_lt_0.2	max_xny_median	>=	265.0	31	35	0.04292192223054235	-0.05008388031988542	17	6	-3.229672906509126	0.7654741840761368	0.0019120517152465448	-0.01669462677329514	0.0688633398204388	2.3628855449597808e-05	2	0	1	0.0	0.0	0.0	0	0	0	0.05641553532565511	-4.206677426087756	0.0025603180661427968	27	15	5	0.014565852298089932	0.1675743785443391	-0.0011388321592876172	2	2	0	0.013571690212612475	-0.01669462677329514	2	1	-0.9925599269307446	0.1675743785443391	0.00036127869057619435
drop_prob_lt_0.7_and_breadth_lt_0.2	max_real_min_af_median	>=	0.265	31	35	0.04292192223054235	-0.05008388031988542	17	6	-3.229672906509126	0.7654741840761368	0.0019120517152465448	-0.01669462677329514	0.0688633398204388	2.3628855449597808e-05	2	0	1	0.0	0.0	0.0	0	0	0	0.05641553532565511	-4.206677426087756	0.0025603180661427968	27	15	5	0.014565852298089932	0.1675743785443391	-0.0011388321592876172	2	2	0	0.013571690212612475	-0.01669462677329514	2	1	-0.9925599269307446	0.1675743785443391	0.00036127869057619435
drop_prob_lt_0.7_and_breadth_lt_0.2	max_mean_depth_median	>=	0.270299	31	35	0.04244845552630641	-0.0615713346482577	17	6	-3.2092983389694103	0.7654741840761368	0.0019222872575626365	-0.03721840498938104	0.09458650559942801	6.216530798600998e-05	3	0	2	0.0	0.0	0.0	0	0	0	0.05808220199232177	-4.1831240791783815	0.002569304533678129	26	15	4	0.014565852298089932	0.1675743785443391	-0.0011388321592876172	2	2	0	0.008857412325257667	-0.03721840498938104	2	1	-0.9802407987586537	0.1675743785443391	0.00037315942059413046
min_breadth_ge_0.05	max_mean_depth_median	>=	0.270299	31	35	0.04196218173049248	-0.09173441734417342	16	2	-2.4187327014326763	0.19677882569514793	0.001548965434390708	-0.032722804651518556	0.018204470476597123	5.486628311309379e-06	3	0	2	0.0	0.0	0.0	0	0	0	0.057338418204762785	-3.1292184425865694	0.0020183213902729186	26	15	0	0.009353741496598622	-0.1106800058680335	-0.00014867360931397622	2	1	0	0.008492338762460713	-0.032722804651518556	2	1	-0.8054234944945015	0.018204470476597123	0.000468783602317563
min_xny_ge_50	max_mean_depth_median	>=	0.270299	31	35	0.04196218173049248	-0.09173441734417342	16	2	-2.4187327014326763	0.19677882569514793	0.001548965434390708	-0.032722804651518556	0.018204470476597123	5.486628311309379e-06	3	0	2	0.0	0.0	0.0	0	0	0	0.057338418204762785	-3.1292184425865694	0.0020183213902729186	26	15	0	0.009353741496598622	-0.1106800058680335	-0.00014867360931397622	2	1	0	0.008492338762460713	-0.032722804651518556	2	1	-0.8054234944945015	0.018204470476597123	0.000468783602317563
min_breadth_ge_0.05	max_depth_cv_mean	<=	13.645272558356167	31	35	0.041438372206682964	-0.09173441734417342	16	3	-2.4341992710690548	0.19677882569514793	0.0015384729263485822	-0.032722804651518556	0.018204470476597123	5.486628311309379e-06	3	0	2	0.0	0.0	0.0	0	0	0	0.05665940585908378	-3.149267699522616	0.002004719990959052	26	15	1	0.009353741496598622	-0.1106800058680335	-0.00014867360931397622	2	1	0	0.008322585676040961	-0.032722804651518556	2	1	-0.8104358087285131	0.018204470476597123	0.00046538325248909635
min_xny_ge_50	max_depth_cv_mean	<=	13.645272558356167	31	35	0.041438372206682964	-0.09173441734417342	16	3	-2.4341992710690548	0.19677882569514793	0.0015384729263485822	-0.032722804651518556	0.018204470476597123	5.486628311309379e-06	3	0	2	0.0	0.0	0.0	0	0	0	0.05665940585908378	-3.149267699522616	0.002004719990959052	26	15	1	0.009353741496598622	-0.1106800058680335	-0.00014867360931397622	2	1	0	0.008322585676040961	-0.032722804651518556	2	1	-0.8104358087285131	0.018204470476597123	0.00046538325248909635
drop_prob_lt_0.7_and_breadth_lt_0.2	max_zip_af_median	>=	0.999174	28	35	0.04115191445303636	-0.11203415253259486	17	6	-3.338809857846061	0.7654741840761368	0.001998798152972963	0.0	0.0	0.0	0	0	0	-0.037344717510864954	-1.2044010924438027	0.001035670628924475	1	0	1	0.05641553532565511	-4.206677426087756	0.0025603180661427968	25	15	5	0.014565852298089932	0.1675743785443391	-0.0011388321592876172	2	2	0	0.008409167528220022	-0.037344717510864954	2	1	-1.310876034996805	0.1675743785443391	0.0006142891339449136
drop_prob_lt_0.7_and_breadth_lt_0.2	max_zip_af_median	>=	1.0	28	35	0.04115191445303636	-0.11203415253259486	17	6	-3.338809857846061	0.7654741840761368	0.001998798152972963	0.0	0.0	0.0	0	0	0	-0.037344717510864954	-1.2044010924438027	0.001035670628924475	1	0	1	0.05641553532565511	-4.206677426087756	0.0025603180661427968	25	15	5	0.014565852298089932	0.1675743785443391	-0.0011388321592876172	2	2	0	0.008409167528220022	-0.037344717510864954	2	1	-1.310876034996805	0.1675743785443391	0.0006142891339449136
min_xny_ge_25	max_xny_median	>=	265.0	31	35	0.04031162939661319	0.0	17	0	-1.8424539633415309	0.0	0.0014436269423058962	0.0	0.0	0.0	2	0	0	0.0	0.0	0.0	0	0	0	0.05191295250776186	-2.385946200574352	0.0018733878147872357	27	16	0	0.004628655585945718	-0.032670650723041206	-2.7264009274496903e-05	2	1	0	0.014135402023426894	0.0	2	0	-0.6046542128243483	0.0	0.0004615309513781847
min_xny_ge_25	max_real_min_af_median	>=	0.265	31	35	0.04031162939661319	0.0	17	0	-1.8424539633415309	0.0	0.0014436269423058962	0.0	0.0	0.0	2	0	0	0.0	0.0	0.0	0	0	0	0.05191295250776186	-2.385946200574352	0.0018733878147872357	27	16	0	0.004628655585945718	-0.032670650723041206	-2.7264009274496903e-05	2	1	0	0.014135402023426894	0.0	2	0	-0.6046542128243483	0.0	0.0004615309513781847
drop_prob_lt_0.7_and_breadth_lt_0.2	max_depth_cv_mean	<=	13.645272558356167	31	35	0.04018594026379115	-0.0615713346482577	16	7	-3.208631137248943	0.7654741840761368	0.001922642012292302	-0.03721840498938104	0.09458650559942801	6.216530798600998e-05	3	0	2	0.0	0.0	0.0	0	0	0	0.055149311837209405	-4.182259188059258	0.002569764400920288	26	14	5	0.014565852298089932	0.1675743785443391	-0.0011388321592876172	2	2	0	0.008124189786479575	-0.03721840498938104	2	1	-0.9800245759788728	0.1675743785443391	0.00037327438740467013
min_xny_ge_25	max_depth_cv_mean	<=	13.645272558356167	31	35	0.040088331037721615	-0.007815442561205255	17	1	-1.847600155405062	0.0	0.001443691820755068	-0.0026051475204017516	-0.06003890740786488	7.569152403371268e-07	3	0	1	0.0	0.0	0.0	0	0	0	0.05191295250776186	-2.385946200574352	0.0018733878147872357	26	16	0	0.004628655585945718	-0.032670650723041206	-2.7264009274496903e-05	2	1	0	0.013484115143326456	-0.0026051475204017516	2	1	-0.6196639396763145	0.0	0.000461720180188269
min_xny_ge_25	max_mean_depth_median	>=	0.270299	31	35	0.039753792158878934	-0.007815442561205255	16	1	-1.8463422537020395	0.0	0.0014476318784288392	-0.0026051475204017516	-0.06003890740786488	7.569152403371268e-07	3	0	1	0.0	0.0	0.0	0	0	0	0.05147929099815099	-2.384315587255619	0.001878495296956939	26	15	0	0.004628655585945718	-0.032670650723041206	-2.7264009274496903e-05	2	1	0	0.013375699765923739	-0.0026051475204017516	2	1	-0.6192562863466313	0.0	0.0004629970507306948
drop_prob_lt_0.7_and_breadth_lt_0.2	low_prob_xny_mass_frac	<=	0.012610981293070807	31	35	0.03935492113965936	-0.11203415253259486	17	6	-3.0636107043667713	0.3747619045905708	0.001803631707194537	-0.03721840498938104	0.09458650559942801	6.216530798600998e-05	3	0	2	-0.037344717510864954	-1.2044010924438027	0.001035670628924475	1	0	1	0.05822147788120874	-3.860447394421947	0.002300417268876021	25	15	3	0.014565852298089932	0.1675743785443391	-0.0011388321592876172	2	2	0	-0.00044394808023683063	-0.037344717510864954	2	2	-1.2006719006804956	0.1675743785443391	0.0005648552616247223
min_xny_ge_25	max_xny_median	>=	387.5	28	35	0.03900400891641666	0.0	15	0	-1.6290309645785044	0.0	0.0013179806817593326	0.0	0.0	0.0	1	0	0	0.0	0.0	0.0	0	0	0	0.050217888922321915	-2.1092867577333916	0.0017105130325972457	25	14	0	0.004628655585945718	-0.032670650723041206	-2.7264009274496903e-05	2	1	0	0.013711636127066908	0.0	2	0	-0.5354893521141082	0.0	0.0004208122558306872
min_xny_ge_25	max_real_min_af_median	>=	0.3875	28	35	0.03900400891641666	0.0	15	0	-1.6290309645785044	0.0	0.0013179806817593326	0.0	0.0	0.0	1	0	0	0.0	0.0	0.0	0	0	0	0.050217888922321915	-2.1092867577333916	0.0017105130325972457	25	14	0	0.004628655585945718	-0.032670650723041206	-2.7264009274496903e-05	2	1	0	0.013711636127066908	0.0	2	0	-0.5354893521141082	0.0	0.0004208122558306872
min_xny_ge_25	max_mean_depth_median	>=	0.46514669999999997	28	35	0.03900400891641666	0.0	15	0	-1.6290309645785044	0.0	0.0013179806817593326	0.0	0.0	0.0	1	0	0	0.0	0.0	0.0	0	0	0	0.050217888922321915	-2.1092867577333916	0.0017105130325972457	25	14	0	0.004628655585945718	-0.032670650723041206	-2.7264009274496903e-05	2	1	0	0.013711636127066908	0.0	2	0	-0.5354893521141082	0.0	0.0004208122558306872
min_breadth_ge_0.05	max_zip_af_median	>=	0.999174	28	35	0.03817743871587421	-0.2123010861328618	16	2	-2.4456280676223283	0.19677882569514793	0.0014781293791594635	0.0	0.0	0.0	0	0	0	-0.07076702871095393	-0.11513148931159378	-0.0006985214222284079	1	0	1	0.05665940585908378	-3.149267699522616	0.002004719990959052	25	15	1	0.009353741496598622	-0.1106800058680335	-0.00014867360931397622	2	1	0	-0.0011884703388178822	-0.07076702871095393	2	1	-0.8437697986755608	0.0	0.00028938123985416703
min_breadth_ge_0.05	max_zip_af_median	>=	1.0	28	35	0.03817743871587421	-0.2123010861328618	16	2	-2.4456280676223283	0.19677882569514793	0.0014781293791594635	0.0	0.0	0.0	0	0	0	-0.07076702871095393	-0.11513148931159378	-0.0006985214222284079	1	0	1	0.05665940585908378	-3.149267699522616	0.002004719990959052	25	15	1	0.009353741496598622	-0.1106800058680335	-0.00014867360931397622	2	1	0	-0.0011884703388178822	-0.07076702871095393	2	1	-0.8437697986755608	0.0	0.00028938123985416703
min_xny_ge_50	max_zip_af_median	>=	0.999174	28	35	0.03817743871587421	-0.2123010861328618	16	2	-2.4456280676223283	0.19677882569514793	0.0014781293791594635	0.0	0.0	0.0	0	0	0	-0.07076702871095393	-0.11513148931159378	-0.0006985214222284079	1	0	1	0.05665940585908378	-3.149267699522616	0.002004719990959052	25	15	1	0.009353741496598622	-0.1106800058680335	-0.00014867360931397622	2	1	0	-0.0011884703388178822	-0.07076702871095393	2	1	-0.8437697986755608	0.0	0.00028938123985416703
min_xny_ge_50	max_zip_af_median	>=	1.0	28	35	0.03817743871587421	-0.2123010861328618	16	2	-2.4456280676223283	0.19677882569514793	0.0014781293791594635	0.0	0.0	0.0	0	0	0	-0.07076702871095393	-0.11513148931159378	-0.0006985214222284079	1	0	1	0.05665940585908378	-3.149267699522616	0.002004719990959052	25	15	1	0.009353741496598622	-0.1106800058680335	-0.00014867360931397622	2	1	0	-0.0011884703388178822	-0.07076702871095393	2	1	-0.8437697986755608	0.0	0.00028938123985416703
min_breadth_ge_0.05	max_mean_depth_median	>=	0.6132042	24	35	0.037921100131588135	0.0	12	0	-1.985684735238382	0.19677882569514793	0.0013591149652127932	0.0	0.0	0.0	0	0	0	0.0	0.0	0.0	0	0	0	0.0484641119115699	-2.5658372489484185	0.001772828555595397	22	11	0	0.009353741496598622	-0.1106800058680335	-0.00014867360931397622	2	1	0	0.01445446335204213	0.0	2	0	-0.669129313704113	0.0	0.00040603873657035517
min_xny_ge_50	max_mean_depth_median	>=	0.6132042	24	35	0.037921100131588135	0.0	12	0	-1.985684735238382	0.19677882569514793	0.0013591149652127932	0.0	0.0	0.0	0	0	0	0.0	0.0	0.0	0	0	0	0.0484641119115699	-2.5658372489484185	0.001772828555595397	22	11	0	0.009353741496598622	-0.1106800058680335	-0.00014867360931397622	2	1	0	0.01445446335204213	0.0	2	0	-0.669129313704113	0.0	0.00040603873657035517
drop_prob_lt_0.7_and_breadth_lt_0.1	max_xny_median	>=	265.0	31	35	0.03732137888826829	-0.029533703638488396	17	3	-1.8065942944536126	0.11705400251215181	0.0014194375234032966	-0.009844567879496132	0.0027523553180550664	1.3783671138800635e-05	2	0	1	0.0	0.0	0.0	0	0	0	0.048780536360543754	-2.2861779844086167	0.001755672937268588	27	16	2	0.009353741496598622	-0.7561258963989701	0.0011178964997235474	2	1	0	0.01207242749441156	-0.009844567879496132	2	1	-0.759887881372383	0.0027523553180550664	0.000721838277032734
drop_prob_lt_0.7_and_breadth_lt_0.1	max_real_min_af_median	>=	0.265	31	35	0.03732137888826829	-0.029533703638488396	17	3	-1.8065942944536126	0.11705400251215181	0.0014194375234032966	-0.009844567879496132	0.0027523553180550664	1.3783671138800635e-05	2	0	1	0.0	0.0	0.0	0	0	0	0.048780536360543754	-2.2861779844086167	0.001755672937268588	27	16	2	0.009353741496598622	-0.7561258963989701	0.0011178964997235474	2	1	0	0.01207242749441156	-0.009844567879496132	2	1	-0.759887881372383	0.0027523553180550664	0.000721838277032734
min_breadth_ge_0.02	max_xny_median	>=	265.0	31	35	0.03695484460057941	0.0	15	0	-1.5892782462134887	0.0	0.0013648775632604502	0.0	0.0	0.0	2	0	0	0.0	0.0	0.0	0	0	0	0.04790442818593627	-2.0601755043508185	0.0017692857301524355	27	15	0	0.0	0.0	0.0	2	0	0	0.011976107046484068	0.0	1	0	-0.5150438760877046	0.0	0.00044232143253810887
min_breadth_ge_0.02	max_real_min_af_median	>=	0.265	31	35	0.03695484460057941	0.0	15	0	-1.5892782462134887	0.0	0.0013648775632604502	0.0	0.0	0.0	2	0	0	0.0	0.0	0.0	0	0	0	0.04790442818593627	-2.0601755043508185	0.0017692857301524355	27	15	0	0.0	0.0	0.0	2	0	0	0.011976107046484068	0.0	1	0	-0.5150438760877046	0.0	0.00044232143253810887
min_breadth_ge_0.02	max_mean_depth_median	>=	0.270299	31	35	0.03691382444719971	-0.0014357053682895193	15	1	-1.59419653936359	0.0	0.0013649498163665675	-0.00047856845609650644	-0.05738008675118186	8.429529047004891e-07	3	0	1	0.0	0.0	0.0	0	0	0	0.04790442818593627	-2.0601755043508185	0.0017692857301524355	26	15	0	0.0	0.0	0.0	2	0	0	0.011856464932459941	-0.00047856845609650644	1	1	-0.5293888977755001	0.0	0.000442532170764284
min_breadth_ge_0.02	max_depth_cv_mean	<=	13.645272558356167	31	35	0.03691382444719971	-0.0014357053682895193	15	1	-1.59419653936359	0.0	0.0013649498163665675	-0.00047856845609650644	-0.05738008675118186	8.429529047004891e-07	3	0	1	0.0	0.0	0.0	0	0	0	0.04790442818593627	-2.0601755043508185	0.0017692857301524355	26	15	0	0.0	0.0	0.0	2	0	0	0.011856464932459941	-0.00047856845609650644	1	1	-0.5293888977755001	0.0	0.000442532170764284
drop_prob_lt_0.7_and_breadth_lt_0.1	max_xny_median	>=	387.5	28	35	0.03686865915138146	-0.020875420875420825	15	2	-1.5239568080641184	0.11705400251215181	0.0012552030813169056	0.0	0.0	0.0	1	0	0	0.0	0.0	0.0	0	0	0	0.04709983656685756	-1.91949024034986	0.0015443079572831334	25	14	2	0.009353741496598622	-0.7561258963989701	0.0011178964997235474	2	1	0	0.014113394515864046	0.0	2	0	-0.6689040341872075	0.0	0.0006655511142516702
drop_prob_lt_0.7_and_breadth_lt_0.1	max_real_min_af_median	>=	0.3875	28	35	0.03686865915138146	-0.020875420875420825	15	2	-1.5239568080641184	0.11705400251215181	0.0012552030813169056	0.0	0.0	0.0	1	0	0	0.0	0.0	0.0	0	0	0	0.04709983656685756	-1.91949024034986	0.0015443079572831334	25	14	2	0.009353741496598622	-0.7561258963989701	0.0011178964997235474	2	1	0	0.014113394515864046	0.0	2	0	-0.6689040341872075	0.0	0.0006655511142516702
drop_prob_lt_0.7_and_breadth_lt_0.1	max_mean_depth_median	>=	0.46514669999999997	28	35	0.03686865915138146	-0.020875420875420825	15	2	-1.5239568080641184	0.11705400251215181	0.0012552030813169056	0.0	0.0	0.0	1	0	0	0.0	0.0	0.0	0	0	0	0.04709983656685756	-1.91949024034986	0.0015443079572831334	25	14	2	0.009353741496598622	-0.7561258963989701	0.0011178964997235474	2	1	0	0.014113394515864046	0.0	2	0	-0.6689040341872075	0.0	0.0006655511142516702
drop_prob_lt_0.7_and_breadth_lt_0.2	probability_min	>=	0.35319222668242634	28	35	0.03674193885780371	-0.17273442737633715	15	6	-3.3077833357363127	0.07716949733696765	0.0022981662212312555	-0.020523778216085902	0.025723165778989216	3.853645253641217e-05	1	0	1	-0.05757814245877905	-0.7078336129766379	0.004148574854684932	1	0	1	0.05578615600144242	-4.210610083765782	0.0025239602179782158	25	14	4	0.0070237050043898686	-0.0198065737509463	-0.00013622103199095736	1	1	0	-0.003823014917258165	-0.05757814245877905	2	2	-1.2281317761785941	0.025723165778989216	0.0016437126233021506
min_breadth_ge_0.05	max_depth_cv_mean	<=	11.6193571374269	28	35	0.036307907909466405	-0.09173441734417342	13	3	-2.2202436865011688	0.03691260936277985	0.0015122625473347258	-0.032722804651518556	0.018204470476597123	5.486628311309379e-06	3	0	2	0.0	0.0	0.0	0	0	0	0.05070167373281037	-2.880116386628544	0.0019597307137696842	24	13	1	0.0	0.0	0.0	1	0	0	0.004494717270322954	-0.032722804651518556	1	1	-0.7154779790379867	0.018204470476597123	0.0004913043355202484
min_xny_ge_50	max_depth_cv_mean	<=	11.6193571374269	28	35	0.036307907909466405	-0.09173441734417342	13	3	-2.2202436865011688	0.03691260936277985	0.0015122625473347258	-0.032722804651518556	0.018204470476597123	5.486628311309379e-06	3	0	2	0.0	0.0	0.0	0	0	0	0.05070167373281037	-2.880116386628544	0.0019597307137696842	24	13	1	0.0	0.0	0.0	1	0	0	0.004494717270322954	-0.032722804651518556	1	1	-0.7154779790379867	0.018204470476597123	0.0004913043355202484
min_breadth_ge_0.02	max_xny_median	>=	387.5	28	35	0.036266988990444005	0.0	14	0	-1.3931097604115759	0.0	0.0012356287720897586	0.0	0.0	0.0	1	0	0	0.0	0.0	0.0	0	0	0	0.04701276350613112	-1.8058830227557465	0.0016017410008570944	25	14	0	0.0	0.0	0.0	2	0	0	0.01175319087653278	0.0	1	0	-0.45147075568893663	0.0	0.0004004352502142736
min_breadth_ge_0.02	max_real_min_af_median	>=	0.3875	28	35	0.036266988990444005	0.0	14	0	-1.3931097604115759	0.0	0.0012356287720897586	0.0	0.0	0.0	1	0	0	0.0	0.0	0.0	0	0	0	0.04701276350613112	-1.8058830227557465	0.0016017410008570944	25	14	0	0.0	0.0	0.0	2	0	0	0.01175319087653278	0.0	1	0	-0.45147075568893663	0.0	0.0004004352502142736
min_breadth_ge_0.02	max_mean_depth_median	>=	0.46514669999999997	28	35	0.036266988990444005	0.0	14	0	-1.3931097604115759	0.0	0.0012356287720897586	0.0	0.0	0.0	1	0	0	0.0	0.0	0.0	0	0	0	0.04701276350613112	-1.8058830227557465	0.0016017410008570944	25	14	0	0.0	0.0	0.0	2	0	0	0.01175319087653278	0.0	1	0	-0.45147075568893663	0.0	0.0004004352502142736
drop_prob_lt_0.7_and_breadth_lt_0.2	max_zip_af_median	>=	0.8084474	31	35	0.03621664509942673	-0.17273442737633715	17	7	-3.399481310386916	0.7654741840761368	0.0023543902833745283	0.0	0.0	0.0	0	0	0	-0.094922859969644	-1.9122347054204407	0.0051842454836094065	2	0	2	0.05641553532565511	-4.206677426087756	0.0025603180661427968	27	15	5	0.014565852298089932	0.1675743785443391	-0.0011388321592876172	2	2	0	-0.00598536808647474	-0.094922859969644	2	1	-1.4878344382409645	0.1675743785443391	0.0016514328476161465
min_xny_ge_25	max_zip_af_median	>=	0.999174	28	35	0.035837371035872034	-0.15659904262594027	17	1	-1.8487792936949465	0.0	0.0014121339981185445	0.0	0.0	0.0	0	0	0	-0.052199680875313424	-0.07379552078984612	-0.00036741768218577037	1	0	1	0.05191295250776186	-2.385946200574352	0.0018733878147872357	25	16	0	0.004628655585945718	-0.032670650723041206	-2.7264009274496903e-05	2	1	0	0.001085481804598538	-0.052199680875313424	2	1	-0.6231030930218098	0.0	0.0003696765308317421
min_xny_ge_25	max_zip_af_median	>=	1.0	28	35	0.035837371035872034	-0.15659904262594027	17	1	-1.8487792936949465	0.0	0.0014121339981185445	0.0	0.0	0.0	0	0	0	-0.052199680875313424	-0.07379552078984612	-0.00036741768218577037	1	0	1	0.05191295250776186	-2.385946200574352	0.0018733878147872357	25	16	0	0.004628655585945718	-0.032670650723041206	-2.7264009274496903e-05	2	1	0	0.001085481804598538	-0.052199680875313424	2	1	-0.6231030930218098	0.0	0.0003696765308317421
drop_prob_lt_0.7_and_breadth_lt_0.1	max_mean_depth_median	>=	0.270299	31	35	0.03582035791271095	-0.040826873385012896	16	4	-1.8120658962554081	0.11705400251215181	0.0014247777174765616	-0.02345352567450043	-0.08907093129994041	2.678399505055366e-05	3	0	2	0.0	0.0	0.0	0	0	0	0.048346874850932885	-2.283068214157094	0.0017611509306326258	26	15	2	0.009353741496598622	-0.7561258963989701	0.0011178964997235474	2	1	0	0.008561772668257769	-0.02345352567450043	2	1	-0.7820662604640011	0.0	0.0007264578563516817
min_breadth_ge_0.05	low_real_frac	<=	0.29185471738663227	31	35	0.03571332512570368	-0.09173441734417342	15	3	-2.383351096448102	0.19677882569514793	0.0015433305583640072	-0.032722804651518556	0.018204470476597123	5.486628311309379e-06	3	0	2	0.0	0.0	0.0	0	0	0	0.04923804853188841	-3.083353399088048	0.002011016921349418	26	14	1	0.009353741496598622	-0.1106800058680335	-0.00014867360931397622	2	1	0	0.006467246344242119	-0.032722804651518556	2	1	-0.7939572336198711	0.018204470476597123	0.00046695748508668777
min_xny_ge_50	low_real_frac	<=	0.29185471738663227	31	35	0.03571332512570368	-0.09173441734417342	15	3	-2.383351096448102	0.19677882569514793	0.0015433305583640072	-0.032722804651518556	0.018204470476597123	5.486628311309379e-06	3	0	2	0.0	0.0	0.0	0	0	0	0.04923804853188841	-3.083353399088048	0.002011016921349418	26	14	1	0.009353741496598622	-0.1106800058680335	-0.00014867360931397622	2	1	0	0.006467246344242119	-0.032722804651518556	2	1	-0.7939572336198711	0.018204470476597123	0.00046695748508668777
min_xny_ge_25	max_depth_cv_mean	<=	11.6193571374269	28	35	0.035470997699262895	-0.007815442561205255	14	1	-1.73829328810596	0.0	0.0014255341759683603	-0.0026051475204017516	-0.06003890740786488	7.569152403371268e-07	3	0	1	0.0	0.0	0.0	0	0	0	0.046270383779089125	-2.246672161536482	0.0018478305708582072	24	14	0	0.0	0.0	0.0	1	0	0	0.010916309064671843	-0.0026051475204017516	1	1	-0.5766777672360868	0.0	0.00046214687152463607
drop_prob_lt_0.7_and_breadth_lt_0.2	max_xny_median	>=	452.7	24	35	0.03530558843626005	-0.01719479243429145	14	2	-2.526353800264847	0.7654741840761368	0.0015035627104734335	0.0	0.0	0.0	1	0	0	0.0	0.0	0.0	0	0	0	0.04468755150640452	-3.287315991346605	0.002033420710560941	21	12	2	0.014565852298089932	0.1675743785443391	-0.0011388321592876172	2	2	0	0.014813350951123613	0.0	2	0	-0.7799354032005664	0.1675743785443391	0.00022364713781833096
drop_prob_lt_0.7_and_breadth_lt_0.2	max_real_min_af_median	>=	0.4527	24	35	0.03530558843626005	-0.01719479243429145	14	2	-2.526353800264847	0.7654741840761368	0.0015035627104734335	0.0	0.0	0.0	1	0	0	0.0	0.0	0.0	0	0	0	0.04468755150640452	-3.287315991346605	0.002033420710560941	21	12	2	0.014565852298089932	0.1675743785443391	-0.0011388321592876172	2	2	0	0.014813350951123613	0.0	2	0	-0.7799354032005664	0.1675743785443391	0.00022364713781833096
min_breadth_ge_0.05	max_breadth_median	>=	0.198975	31	35	0.03523276473004744	-0.09173441734417342	15	3	-2.3419609649442563	0.19677882569514793	0.0015334490753572722	-0.032722804651518556	0.018204470476597123	5.486628311309379e-06	3	0	2	0.0	0.0	0.0	0	0	0	0.04861509987085256	-3.029699524916396	0.0019982075915258722	26	14	1	0.009353741496598622	-0.1106800058680335	-0.00014867360931397622	2	1	0	0.006311509178983156	-0.032722804651518556	2	1	-0.7805437650769581	0.018204470476597123	0.0004637551526308014
min_breadth_ge_0.05	low_breadth05_frac	<=	0.3263157894736842	31	35	0.03523276473004744	-0.09173441734417342	15	3	-2.3419609649442563	0.19677882569514793	0.0015334490753572722	-0.032722804651518556	0.018204470476597123	5.486628311309379e-06	3	0	2	0.0	0.0	0.0	0	0	0	0.04861509987085256	-3.029699524916396	0.0019982075915258722	26	14	1	0.009353741496598622	-0.1106800058680335	-0.00014867360931397622	2	1	0	0.006311509178983156	-0.032722804651518556	2	1	-0.7805437650769581	0.018204470476597123	0.0004637551526308014
min_breadth_ge_0.05	method_dropped_rows	<=	39.800000000000004	31	35	0.03523276473004744	-0.09173441734417342	15	3	-2.3419609649442563	0.19677882569514793	0.0015334490753572722	-0.032722804651518556	0.018204470476597123	5.486628311309379e-06	3	0	2	0.0	0.0	0.0	0	0	0	0.04861509987085256	-3.029699524916396	0.0019982075915258722	26	14	1	0.009353741496598622	-0.1106800058680335	-0.00014867360931397622	2	1	0	0.006311509178983156	-0.032722804651518556	2	1	-0.7805437650769581	0.018204470476597123	0.0004637551526308014
min_breadth_ge_0.05	method_dropped_fraction	<=	0.40797448165869227	31	35	0.03523276473004744	-0.09173441734417342	15	3	-2.3419609649442563	0.19677882569514793	0.0015334490753572722	-0.032722804651518556	0.018204470476597123	5.486628311309379e-06	3	0	2	0.0	0.0	0.0	0	0	0	0.04861509987085256	-3.029699524916396	0.0019982075915258722	26	14	1	0.009353741496598622	-0.1106800058680335	-0.00014867360931397622	2	1	0	0.006311509178983156	-0.032722804651518556	2	1	-0.7805437650769581	0.018204470476597123	0.0004637551526308014
min_breadth_ge_0.05	method_kept_fraction	>=	0.5920255183413078	31	35	0.03523276473004744	-0.09173441734417342	15	3	-2.3419609649442563	0.19677882569514793	0.0015334490753572722	-0.032722804651518556	0.018204470476597123	5.486628311309379e-06	3	0	2	0.0	0.0	0.0	0	0	0	0.04861509987085256	-3.029699524916396	0.0019982075915258722	26	14	1	0.009353741496598622	-0.1106800058680335	-0.00014867360931397622	2	1	0	0.006311509178983156	-0.032722804651518556	2	1	-0.7805437650769581	0.018204470476597123	0.0004637551526308014
min_xny_ge_50	max_breadth_median	>=	0.198975	31	35	0.03523276473004744	-0.09173441734417342	15	3	-2.3419609649442563	0.19677882569514793	0.0015334490753572722	-0.032722804651518556	0.018204470476597123	5.486628311309379e-06	3	0	2	0.0	0.0	0.0	0	0	0	0.04861509987085256	-3.029699524916396	0.0019982075915258722	26	14	1	0.009353741496598622	-0.1106800058680335	-0.00014867360931397622	2	1	0	0.006311509178983156	-0.032722804651518556	2	1	-0.7805437650769581	0.018204470476597123	0.0004637551526308014
min_xny_ge_50	low_breadth05_frac	<=	0.3263157894736842	31	35	0.03523276473004744	-0.09173441734417342	15	3	-2.3419609649442563	0.19677882569514793	0.0015334490753572722	-0.032722804651518556	0.018204470476597123	5.486628311309379e-06	3	0	2	0.0	0.0	0.0	0	0	0	0.04861509987085256	-3.029699524916396	0.0019982075915258722	26	14	1	0.009353741496598622	-0.1106800058680335	-0.00014867360931397622	2	1	0	0.006311509178983156	-0.032722804651518556	2	1	-0.7805437650769581	0.018204470476597123	0.0004637551526308014
min_xny_ge_50	method_dropped_rows	<=	39.800000000000004	31	35	0.03523276473004744	-0.09173441734417342	15	3	-2.3419609649442563	0.19677882569514793	0.0015334490753572722	-0.032722804651518556	0.018204470476597123	5.486628311309379e-06	3	0	2	0.0	0.0	0.0	0	0	0	0.04861509987085256	-3.029699524916396	0.0019982075915258722	26	14	1	0.009353741496598622	-0.1106800058680335	-0.00014867360931397622	2	1	0	0.006311509178983156	-0.032722804651518556	2	1	-0.7805437650769581	0.018204470476597123	0.0004637551526308014
min_xny_ge_50	method_dropped_fraction	<=	0.40797448165869227	31	35	0.03523276473004744	-0.09173441734417342	15	3	-2.3419609649442563	0.19677882569514793	0.0015334490753572722	-0.032722804651518556	0.018204470476597123	5.486628311309379e-06	3	0	2	0.0	0.0	0.0	0	0	0	0.04861509987085256	-3.029699524916396	0.0019982075915258722	26	14	1	0.009353741496598622	-0.1106800058680335	-0.00014867360931397622	2	1	0	0.006311509178983156	-0.032722804651518556	2	1	-0.7805437650769581	0.018204470476597123	0.0004637551526308014
min_xny_ge_50	method_kept_fraction	>=	0.5920255183413078	31	35	0.03523276473004744	-0.09173441734417342	15	3	-2.3419609649442563	0.19677882569514793	0.0015334490753572722	-0.032722804651518556	0.018204470476597123	5.486628311309379e-06	3	0	2	0.0	0.0	0.0	0	0	0	0.04861509987085256	-3.029699524916396	0.0019982075915258722	26	14	1	0.009353741496598622	-0.1106800058680335	-0.00014867360931397622	2	1	0	0.006311509178983156	-0.032722804651518556	2	1	-0.7805437650769581	0.018204470476597123	0.0004637551526308014
drop_prob_lt_0.7_and_breadth_lt_0.1	max_depth_cv_mean	<=	13.645272558356167	31	35	0.03517809581475267	-0.040826873385012896	16	4	-1.7956279353988853	0.11705400251215181	0.0014278390094240828	-0.02345352567450043	-0.08907093129994041	2.678399505055366e-05	3	0	2	0.0	0.0	0.0	0	0	0	0.04751431287209805	-2.261759746380119	0.0017651192720460793	26	15	2	0.009353741496598622	-0.7561258963989701	0.0011178964997235474	2	1	0	0.00835363217354906	-0.02345352567450043	2	1	-0.7767391435197574	0.0	0.0007274499417050451
drop_prob_lt_0.7_and_breadth_lt_0.2	method_kept_rows	<=	51.0	23	35	0.034975485420743836	-0.04500000000000004	12	4	-1.8840724313225532	0.7654741840761368	0.0012801036455752732	0.0	0.0	0.0	0	0	0	0.0	0.0	0.0	0	0	0	0.044259640189994606	-2.4547290316065946	0.0017437515523596222	21	10	4	0.014565852298089932	0.1675743785443391	-0.0011388321592876172	2	2	0	0.014706373122021135	0.0	2	0	-0.5717886632655639	0.1675743785443391	0.00015122984826800126
min_xny_ge_25	low_real_frac	<=	0.29185471738663227	31	35	0.03488778361167676	-0.007815442561205255	16	1	-1.8221568412691873	0.0	0.0014466882014379718	-0.0026051475204017516	-0.06003890740786488	7.569152403371268e-07	3	0	1	0.0	0.0	0.0	0	0	0	0.04517150214066668	-2.352964126694514	0.0018772720119687777	26	15	0	0.004628655585945718	-0.032670650723041206	-2.7264009274496903e-05	2	1	0	0.011798752551552662	-0.0026051475204017516	2	1	-0.611418421206355	0.0	0.00046269122948365446
drop_prob_lt_0.7_and_breadth_lt_0.2	max_depth_cv_mean	<=	11.6193571374269	28	35	0.03466590280415662	-0.0615713346482577	14	6	-2.9516585135564455	0.2065900194613164	0.0019236740556525594	-0.03721840498938104	0.09458650559942801	6.216530798600998e-05	3	0	2	0.0	0.0	0.0	0	0	0	0.04855238530017946	-3.8352664571767408	0.002496834743994943	24	13	4	0.0070237050043898686	-0.0198065737509463	-0.00013622103199095736	1	1	0	0.004589421328797073	-0.03721840498938104	2	1	-0.9401216313320647	0.09458650559942801	0.0006056947549974989
drop_prob_lt_0.7_and_breadth_lt_0.1	max_zip_af_median	>=	0.999174	28	35	0.03452800225653807	-0.127301885749046	17	3	-1.8210712059167662	0.11705400251215181	0.0013919371609893761	0.0	0.0	0.0	0	0	0	-0.04243396191634866	-0.16614494508540645	-0.0003070538903569379	1	0	1	0.048780536360543754	-2.2861779844086167	0.001755672937268588	25	16	2	0.009353741496598622	-0.7561258963989701	0.0011178964997235474	2	1	0	0.003925078985198428	-0.04243396191634866	2	1	-0.8021122064732483	0.0	0.0006416288866587993
drop_prob_lt_0.7_and_breadth_lt_0.1	max_zip_af_median	>=	1.0	28	35	0.03452800225653807	-0.127301885749046	17	3	-1.8210712059167662	0.11705400251215181	0.0013919371609893761	0.0	0.0	0.0	0	0	0	-0.04243396191634866	-0.16614494508540645	-0.0003070538903569379	1	0	1	0.048780536360543754	-2.2861779844086167	0.001755672937268588	25	16	2	0.009353741496598622	-0.7561258963989701	0.0011178964997235474	2	1	0	0.003925078985198428	-0.04243396191634866	2	1	-0.8021122064732483	0.0	0.0006416288866587993
drop_prob_lt_0.5_and_breadth_lt_0.2	max_xny_median	>=	387.5	28	35	0.034463832884810565	-0.014135886912904683	17	3	-1.229688004858487	0.6488479620499419	0.0005025521160200735	0.0	0.0	0.0	1	0	0	0.0	0.0	0.0	0	0	0	0.04431588530949866	-1.616604258688707	0.0007127518594637545	25	16	2	0.004852623805953027	0.30461740727402464	-0.0008274880724093991	2	1	1	0.012292127278862922	0.0	2	0	-0.3279967128536706	0.30461740727402464	-2.8684053236411168e-05
drop_prob_lt_0.5_and_breadth_lt_0.2	max_real_min_af_median	>=	0.3875	28	35	0.034463832884810565	-0.014135886912904683	17	3	-1.229688004858487	0.6488479620499419	0.0005025521160200735	0.0	0.0	0.0	1	0	0	0.0	0.0	0.0	0	0	0	0.04431588530949866	-1.616604258688707	0.0007127518594637545	25	16	2	0.004852623805953027	0.30461740727402464	-0.0008274880724093991	2	1	1	0.012292127278862922	0.0	2	0	-0.3279967128536706	0.30461740727402464	-2.8684053236411168e-05
drop_prob_lt_0.5_and_breadth_lt_0.2	max_mean_depth_median	>=	0.46514669999999997	28	35	0.034463832884810565	-0.014135886912904683	17	3	-1.229688004858487	0.6488479620499419	0.0005025521160200735	0.0	0.0	0.0	1	0	0	0.0	0.0	0.0	0	0	0	0.04431588530949866	-1.616604258688707	0.0007127518594637545	25	16	2	0.004852623805953027	0.30461740727402464	-0.0008274880724093991	2	1	1	0.012292127278862922	0.0	2	0	-0.3279967128536706	0.30461740727402464	-2.8684053236411168e-05
drop_prob_lt_0.7_and_breadth_lt_0.2	low_real_frac	<=	0.29185471738663227	31	35	0.03431550885138103	-0.0615713346482577	16	7	-3.1477254571285704	0.7654741840761368	0.001924127001492223	-0.03721840498938104	0.09458650559942801	6.216530798600998e-05	3	0	2	0.0	0.0	0.0	0	0	0	0.04753949333964071	-4.103307380495811	0.002571689386920186	26	14	5	0.014565852298089932	0.1675743785443391	-0.0011388321592876172	2	2	0	0.0062217351620874	-0.03721840498938104	2	1	-0.960286624088011	0.1675743785443391	0.0003737556339046446
min_breadth_ge_0.05	probability_min	>=	0.35319222668242634	28	35	0.03424582338980195	-0.2347906403940887	14	3	-2.4242896724860334	0.3591673737276011	0.0018164567117173354	-0.030578139114724474	0.005900267355670508	5.664806752051869e-06	1	0	1	-0.07826354679802956	0.11972245790920037	0.003345055373165947	1	0	1	0.05648625468079001	-3.1565558041779918	0.0019823638655686203	25	14	1	0.0	0.0	0.0	1	0	0	-0.013088857807991006	-0.07826354679802956	1	2	-0.7577332697282803	0.11972245790920037	0.0013332710113716547
min_xny_ge_50	probability_min	>=	0.35319222668242634	28	35	0.03424582338980195	-0.2347906403940887	14	3	-2.4242896724860334	0.3591673737276011	0.0018164567117173354	-0.030578139114724474	0.005900267355670508	5.664806752051869e-06	1	0	1	-0.07826354679802956	0.11972245790920037	0.003345055373165947	1	0	1	0.05648625468079001	-3.1565558041779918	0.0019823638655686203	25	14	1	0.0	0.0	0.0	1	0	0	-0.013088857807991006	-0.07826354679802956	1	2	-0.7577332697282803	0.11972245790920037	0.0013332710113716547
min_xny_ge_25	max_breadth_median	>=	0.198975	31	35	0.03423245240308191	-0.007815442561205255	16	1	-1.7925578668014266	0.0	0.0014412610059817929	-0.0026051475204017516	-0.06003890740786488	7.569152403371268e-07	3	0	1	0.0	0.0	0.0	0	0	0	0.04432199872211781	-2.3145950857177873	0.0018702367585996568	26	15	0	0.004628655585945718	-0.032670650723041206	-2.7264009274496903e-05	2	1	0	0.011586376696915444	-0.0026051475204017516	2	1	-0.6018261609621733	0.0	0.00046093241614137423
min_xny_ge_25	low_breadth05_frac	<=	0.3263157894736842	31	35	0.03423245240308191	-0.007815442561205255	16	1	-1.7925578668014266	0.0	0.0014412610059817929	-0.0026051475204017516	-0.06003890740786488	7.569152403371268e-07	3	0	1	0.0	0.0	0.0	0	0	0	0.04432199872211781	-2.3145950857177873	0.0018702367585996568	26	15	0	0.004628655585945718	-0.032670650723041206	-2.7264009274496903e-05	2	1	0	0.011586376696915444	-0.0026051475204017516	2	1	-0.6018261609621733	0.0	0.00046093241614137423
min_xny_ge_25	method_dropped_rows	<=	32.00000000000001	31	35	0.03423245240308191	-0.007815442561205255	16	1	-1.7925578668014266	0.0	0.0014412610059817929	-0.0026051475204017516	-0.06003890740786488	7.569152403371268e-07	3	0	1	0.0	0.0	0.0	0	0	0	0.04432199872211781	-2.3145950857177873	0.0018702367585996568	26	15	0	0.004628655585945718	-0.032670650723041206	-2.7264009274496903e-05	2	1	0	0.011586376696915444	-0.0026051475204017516	2	1	-0.6018261609621733	0.0	0.00046093241614137423
min_xny_ge_25	method_dropped_fraction	<=	0.35386338185890265	31	35	0.03423245240308191	-0.007815442561205255	16	1	-1.7925578668014266	0.0	0.0014412610059817929	-0.0026051475204017516	-0.06003890740786488	7.569152403371268e-07	3	0	1	0.0	0.0	0.0	0	0	0	0.04432199872211781	-2.3145950857177873	0.0018702367585996568	26	15	0	0.004628655585945718	-0.032670650723041206	-2.7264009274496903e-05	2	1	0	0.011586376696915444	-0.0026051475204017516	2	1	-0.6018261609621733	0.0	0.00046093241614137423
min_xny_ge_25	method_kept_fraction	>=	0.6461366181410975	31	35	0.03423245240308191	-0.007815442561205255	16	1	-1.7925578668014266	0.0	0.0014412610059817929	-0.0026051475204017516	-0.06003890740786488	7.569152403371268e-07	3	0	1	0.0	0.0	0.0	0	0	0	0.04432199872211781	-2.3145950857177873	0.0018702367585996568	26	15	0	0.004628655585945718	-0.032670650723041206	-2.7264009274496903e-05	2	1	0	0.011586376696915444	-0.0026051475204017516	2	1	-0.6018261609621733	0.0	0.00046093241614137423
min_breadth_ge_0.05	low_prob_xny_mass_frac	<=	0.012610981293070807	31	35	0.03413070520563031	-0.2123010861328618	14	4	-2.156465076145711	0.03691260936277985	0.0012937954971754349	-0.032722804651518556	0.018204470476597123	5.486628311309379e-06	3	0	2	-0.07076702871095393	-0.11513148931159378	-0.0006985214222284079	1	0	1	0.055049507381158554	-2.776449503587364	0.0017651590370933137	25	13	1	0.009353741496598622	-0.1106800058680335	-0.00014867360931397622	2	1	0	-0.009771646121178828	-0.07076702871095393	2	2	-0.7460141320725986	0.018204470476597123	0.00023086265846555977
min_xny_ge_50	low_prob_xny_mass_frac	<=	0.012610981293070807	31	35	0.03413070520563031	-0.2123010861328618	14	4	-2.156465076145711	0.03691260936277985	0.0012937954971754349	-0.032722804651518556	0.018204470476597123	5.486628311309379e-06	3	0	2	-0.07076702871095393	-0.11513148931159378	-0.0006985214222284079	1	0	1	0.055049507381158554	-2.776449503587364	0.0017651590370933137	25	13	1	0.009353741496598622	-0.1106800058680335	-0.00014867360931397622	2	1	0	-0.009771646121178828	-0.07076702871095393	2	2	-0.7460141320725986	0.018204470476597123	0.00023086265846555977
drop_prob_lt_0.5_and_xny_lt_500	max_xny_median	>=	387.5	28	35	0.033865818797011865	-0.011210249370853576	17	5	-1.7471859760083375	0.08227400347389491	0.0010846961859776881	-0.0026601896830904526	-0.03636429715784336	3.386812831999523e-06	1	0	1	0.0	0.0	0.0	0	0	0	0.04298256792380407	-2.203353752908091	0.0013329946346391816	25	15	4	0.01637744650098849	-0.7759324701499164	0.00098167546773259	2	2	0	0.014174956185425526	-0.0026601896830904526	2	1	-0.7539126300539627	0.0	0.0005795142288009428
drop_prob_lt_0.5_and_xny_lt_500	max_real_min_af_median	>=	0.3875	28	35	0.033865818797011865	-0.011210249370853576	17	5	-1.7471859760083375	0.08227400347389491	0.0010846961859776881	-0.0026601896830904526	-0.03636429715784336	3.386812831999523e-06	1	0	1	0.0	0.0	0.0	0	0	0	0.04298256792380407	-2.203353752908091	0.0013329946346391816	25	15	4	0.01637744650098849	-0.7759324701499164	0.00098167546773259	2	2	0	0.014174956185425526	-0.0026601896830904526	2	1	-0.7539126300539627	0.0	0.0005795142288009428
drop_prob_lt_0.5_and_xny_lt_500	max_mean_depth_median	>=	0.46514669999999997	28	35	0.033865818797011865	-0.011210249370853576	17	5	-1.7471859760083375	0.08227400347389491	0.0010846961859776881	-0.0026601896830904526	-0.03636429715784336	3.386812831999523e-06	1	0	1	0.0	0.0	0.0	0	0	0	0.04298256792380407	-2.203353752908091	0.0013329946346391816	25	15	4	0.01637744650098849	-0.7759324701499164	0.00098167546773259	2	2	0	0.014174956185425526	-0.0026601896830904526	2	1	-0.7539126300539627	0.0	0.0005795142288009428
min_xny_ge_25	max_mean_depth_median	>=	0.6132042	24	35	0.03386368840525216	0.0	12	0	-1.5935256336381494	0.0	0.0013417695099022322	0.0	0.0	0.0	0	0	0	0.0	0.0	0.0	0	0	0	0.043554510481923485	-2.063261328736635	0.0017413504024121156	22	11	0	0.004628655585945718	-0.032670650723041206	-2.7264009274496903e-05	2	1	0	0.0120457915169673	0.0	2	0	-0.5239829948649191	0.0	0.00042852159828440467
min_breadth_ge_0.02	max_zip_af_median	>=	0.999174	28	35	0.03365577127993887	-0.11546756622241883	15	1	-1.5960918567108555	0.0	0.001333384977287249	0.0	0.0	0.0	0	0	0	-0.03848918874080628	-0.07949212246928046	-0.00036741350302068226	1	0	1	0.04790442818593627	-2.0601755043508185	0.0017692857301524355	25	15	0	0.0	0.0	0.0	2	0	0	0.0023538098612824986	-0.03848918874080628	1	1	-0.5349169067050248	0.0	0.0003504680567829383
min_breadth_ge_0.02	max_zip_af_median	>=	1.0	28	35	0.03365577127993887	-0.11546756622241883	15	1	-1.5960918567108555	0.0	0.001333384977287249	0.0	0.0	0.0	0	0	0	-0.03848918874080628	-0.07949212246928046	-0.00036741350302068226	1	0	1	0.04790442818593627	-2.0601755043508185	0.0017692857301524355	25	15	0	0.0	0.0	0.0	2	0	0	0.0023538098612824986	-0.03848918874080628	1	1	-0.5349169067050248	0.0	0.0003504680567829383
min_xny_ge_25	probability_min	>=	0.35319222668242634	28	35	0.03361026007522139	-0.17663195775935803	15	2	-1.904026019183548	0.0	0.001776915358046446	-0.0026051475204017516	-0.06003890740786488	7.569152403371268e-07	1	0	1	-0.05887731925311934	-0.7453642483545716	0.004035713332766237	1	0	1	0.05040024085012266	-2.378692637190255	0.0018549121032446626	25	15	0	0.0	0.0	0.0	1	0	0	-0.002770556480849609	-0.05887731925311934	1	2	-0.7960239482381728	0.0	0.0014728455878128092
drop_prob_lt_0.5_and_realaf_lt_0.3	max_xny_median	>=	387.5	28	35	0.03353672602042252	-0.0012787723785165905	17	1	-0.9034826036652828	0.0	0.0003896956247122528	0.0	0.0	0.0	1	0	0	0.0	0.0	0.0	0	0	0	0.04295325928540773	-1.1697139992882595	0.0005152514418115097	25	16	1	0.0070237050043898686	-0.0198065737509463	-0.00013622103199095736	2	1	0	0.0124942410724494	0.0	2	0	-0.29738014325980144	0.0	9.475760245513808e-05
drop_prob_lt_0.5_and_realaf_lt_0.3	max_real_min_af_median	>=	0.3875	28	35	0.03353672602042252	-0.0012787723785165905	17	1	-0.9034826036652828	0.0	0.0003896956247122528	0.0	0.0	0.0	1	0	0	0.0	0.0	0.0	0	0	0	0.04295325928540773	-1.1697139992882595	0.0005152514418115097	25	16	1	0.0070237050043898686	-0.0198065737509463	-0.00013622103199095736	2	1	0	0.0124942410724494	0.0	2	0	-0.29738014325980144	0.0	9.475760245513808e-05
drop_prob_lt_0.5_and_realaf_lt_0.3	max_mean_depth_median	>=	0.46514669999999997	28	35	0.03353672602042252	-0.0012787723785165905	17	1	-0.9034826036652828	0.0	0.0003896956247122528	0.0	0.0	0.0	1	0	0	0.0	0.0	0.0	0	0	0	0.04295325928540773	-1.1697139992882595	0.0005152514418115097	25	16	1	0.0070237050043898686	-0.0198065737509463	-0.00013622103199095736	2	1	0	0.0124942410724494	0.0	2	0	-0.29738014325980144	0.0	9.475760245513808e-05
min_xny_ge_25	low_prob_xny_mass_frac	<=	0.012610981293070807	31	35	0.03347404208259065	-0.15659904262594027	15	2	-1.636164782659313	0.0	0.0012683598665859679	-0.0026051475204017516	-0.06003890740786488	7.569152403371268e-07	3	0	1	-0.052199680875313424	-0.07379552078984612	-0.00036741768218577037	1	0	1	0.0491388387742936	-2.1036638076680276	0.0016869298388849693	25	14	0	0.004628655585945718	-0.032670650723041206	-2.7264009274496903e-05	2	1	0	-0.0002593335088689648	-0.052199680875313424	2	2	-0.5675422216471949	-0.032670650723041206	0.0003232512656662598
drop_prob_lt_0.7_and_breadth_lt_0.2	low_prob_breadth_mass_frac	<=	0.09956316967810842	31	35	0.033204481224610824	-0.11203415253259486	15	8	-2.4601231232766003	0.7654741840761368	0.00111085330758407	-0.03721840498938104	0.09458650559942801	6.216530798600998e-05	3	0	2	-0.037344717510864954	-1.2044010924438027	0.001035670628924475	1	0	1	0.05024868539873842	-3.0781486781939464	0.001402371195306897	25	13	5	0.014565852298089932	0.1675743785443391	-0.0011388321592876172	2	2	0	-0.0024371462008544106	-0.037344717510864954	2	2	-1.0050972216234955	0.1675743785443391	0.0003403437432324412
drop_prob_lt_0.7_and_breadth_lt_0.2	best_mean_filter_drop_mass_frac	<=	0.09956316967810842	31	35	0.033204481224610824	-0.11203415253259486	15	8	-2.4601231232766003	0.7654741840761368	0.00111085330758407	-0.03721840498938104	0.09458650559942801	6.216530798600998e-05	3	0	2	-0.037344717510864954	-1.2044010924438027	0.001035670628924475	1	0	1	0.05024868539873842	-3.0781486781939464	0.001402371195306897	25	13	5	0.014565852298089932	0.1675743785443391	-0.0011388321592876172	2	2	0	-0.0024371462008544106	-0.037344717510864954	2	2	-1.0050972216234955	0.1675743785443391	0.0003403437432324412
drop_prob_lt_0.7_and_breadth_lt_0.2	method_dropped_abundance_fraction	<=	0.09956316967810842	31	35	0.033204481224610824	-0.11203415253259486	15	8	-2.4601231232766003	0.7654741840761368	0.00111085330758407	-0.03721840498938104	0.09458650559942801	6.216530798600998e-05	3	0	2	-0.037344717510864954	-1.2044010924438027	0.001035670628924475	1	0	1	0.05024868539873842	-3.0781486781939464	0.001402371195306897	25	13	5	0.014565852298089932	0.1675743785443391	-0.0011388321592876172	2	2	0	-0.0024371462008544106	-0.037344717510864954	2	2	-1.0050972216234955	0.1675743785443391	0.0003403437432324412
drop_prob_lt_0.7_and_breadth_lt_0.2	max_breadth_median	>=	0.198975	31	35	0.0331403322770067	-0.0615713346482577	16	7	-3.067143072590053	0.7654741840761368	0.001905135971383874	-0.03721840498938104	0.09458650559942801	6.216530798600998e-05	3	0	2	0.0	0.0	0.0	0	0	0	0.04601611629878509	-3.998848733871807	0.0025470713849278814	26	14	5	0.014565852298089932	0.1675743785443391	-0.0011388321592876172	2	2	0	0.005840890901873496	-0.03721840498938104	2	1	-0.93417196243201	0.1675743785443391	0.0003676011334065685
drop_prob_lt_0.7_and_breadth_lt_0.2	low_breadth05_frac	<=	0.3263157894736842	31	35	0.0331403322770067	-0.0615713346482577	16	7	-3.067143072590053	0.7654741840761368	0.001905135971383874	-0.03721840498938104	0.09458650559942801	6.216530798600998e-05	3	0	2	0.0	0.0	0.0	0	0	0	0.04601611629878509	-3.998848733871807	0.0025470713849278814	26	14	5	0.014565852298089932	0.1675743785443391	-0.0011388321592876172	2	2	0	0.005840890901873496	-0.03721840498938104	2	1	-0.93417196243201	0.1675743785443391	0.0003676011334065685
drop_prob_lt_0.5_and_breadth_lt_0.2	max_mean_depth_median	>=	0.270299	31	35	0.033089764613707454	-0.022363865281712303	17	6	-1.4174067544280986	0.6488479620499419	0.0006306431006078845	-0.01286185215078813	0.03641270970808345	1.7159035906969915e-06	3	0	2	0.0	0.0	0.0	0	0	0	0.04396378038223033	-1.863989235135398	0.0008786050724193579	26	16	3	0.004852623805953027	0.30461740727402464	-0.0008274880724093991	2	1	1	0.008988638009348807	-0.01286185215078813	2	1	-0.38073977953832244	0.30461740727402464	1.3208225900163931e-05
drop_prob_lt_0.5_and_breadth_lt_0.1	max_xny_median	>=	265.0	31	35	0.032857624966077865	-0.012940693747435561	16	1	-1.072922970052149	0.13738400162457864	0.0006170535053603401	-0.00431356458247852	0.045794667208192884	-1.1492687674123185e-06	2	0	1	0.0	0.0	0.0	0	0	0	0.04237963276173939	-1.3399050429871056	0.0007172047220172979	27	15	0	0.009353741496598622	-0.7561258963989701	0.0011178964997235474	2	1	0	0.011854952418964872	-0.00431356458247852	2	1	-0.5125590680444707	0.045794667208192884	0.0004584879882433583
drop_prob_lt_0.5_and_breadth_lt_0.1	max_real_min_af_median	>=	0.265	31	35	0.032857624966077865	-0.012940693747435561	16	1	-1.072922970052149	0.13738400162457864	0.0006170535053603401	-0.00431356458247852	0.045794667208192884	-1.1492687674123185e-06	2	0	1	0.0	0.0	0.0	0	0	0	0.04237963276173939	-1.3399050429871056	0.0007172047220172979	27	15	0	0.009353741496598622	-0.7561258963989701	0.0011178964997235474	2	1	0	0.011854952418964872	-0.00431356458247852	2	1	-0.5125590680444707	0.045794667208192884	0.0004584879882433583
drop_prob_lt_0.7_and_breadth_lt_0.2	max_depth_cv_mean	>=	9.471121925	21	35	0.0327423816751154	-0.17273442737633715	15	6	-3.4233978542731465	0.7654741840761368	0.002778949718052491	0.0	0.0	0.0	0	0	0	-0.14633105961313783	-3.676764734892906	0.010127120355400088	3	0	3	0.05762388269897307	-4.041621461184077	0.002561464569785635	16	13	3	0.014565852298089932	0.1675743785443391	-0.0011388321592876172	2	2	0	-0.01853533115401871	-0.14633105961313783	2	1	-1.887702954383161	0.1675743785443391	0.0028874381914745263
drop_prob_lt_0.5_and_breadth_lt_0.1	max_xny_median	>=	387.5	28	35	0.032695252291040665	0.0	15	0	-0.8816351081226602	0.0	0.00048812089921977463	0.0	0.0	0.0	1	0	0	0.0	0.0	0.0	0	0	0	0.04168986471086023	-1.0868509996850062	0.0005499421656757415	25	14	0	0.009353741496598622	-0.7561258963989701	0.0011178964997235474	2	1	0	0.012760901551864713	0.0	2	0	-0.4607442240209941	0.0	0.0004169596663498222
drop_prob_lt_0.5_and_breadth_lt_0.1	max_real_min_af_median	>=	0.3875	28	35	0.032695252291040665	0.0	15	0	-0.8816351081226602	0.0	0.00048812089921977463	0.0	0.0	0.0	1	0	0	0.0	0.0	0.0	0	0	0	0.04168986471086023	-1.0868509996850062	0.0005499421656757415	25	14	0	0.009353741496598622	-0.7561258963989701	0.0011178964997235474	2	1	0	0.012760901551864713	0.0	2	0	-0.4607442240209941	0.0	0.0004169596663498222
drop_prob_lt_0.5_and_breadth_lt_0.1	max_mean_depth_median	>=	0.46514669999999997	28	35	0.032695252291040665	0.0	15	0	-0.8816351081226602	0.0	0.00048812089921977463	0.0	0.0	0.0	1	0	0	0.0	0.0	0.0	0	0	0	0.04168986471086023	-1.0868509996850062	0.0005499421656757415	25	14	0	0.009353741496598622	-0.7561258963989701	0.0011178964997235474	2	1	0	0.012760901551864713	0.0	2	0	-0.4607442240209941	0.0	0.0004169596663498222
min_breadth_ge_0.02	max_depth_cv_mean	<=	11.6193571374269	28	35	0.03256098571365217	-0.0014357053682895193	13	1	-1.486756566391519	0.0	0.0013452342281927456	-0.00047856845609650644	-0.05738008675118186	8.429529047004891e-07	3	0	1	0.0	0.0	0.0	0	0	0	0.042261859457263545	-1.9209014653129488	0.0017437284862234072	24	13	0	0.0	0.0	0.0	1	0	0	0.01044582275029176	-0.00047856845609650644	1	1	-0.49457038801603265	0.0	0.0004361428597820269
drop_prob_lt_0.5_and_breadth_lt_0.2	max_xny_median	>=	265.0	31	35	0.03253207171081017	-0.041883116883116966	17	6	-1.4169558944117864	0.6488479620499419	0.0006278982823386554	-0.005407230390217362	0.072557391307195	-1.7624907164096963e-06	2	0	1	0.0	0.0	0.0	0	0	0	0.042412553831003785	-1.8674208626993392	0.000875433462919295	27	16	4	0.004852623805953027	0.30461740727402464	-0.0008274880724093991	2	1	1	0.010464486811684862	-0.005407230390217362	2	1	-0.37256151602952986	0.30461740727402464	1.1545724948371555e-05
drop_prob_lt_0.5_and_breadth_lt_0.2	max_real_min_af_median	>=	0.265	31	35	0.03253207171081017	-0.041883116883116966	17	6	-1.4169558944117864	0.6488479620499419	0.0006278982823386554	-0.005407230390217362	0.072557391307195	-1.7624907164096963e-06	2	0	1	0.0	0.0	0.0	0	0	0	0.042412553831003785	-1.8674208626993392	0.000875433462919295	27	16	4	0.004852623805953027	0.30461740727402464	-0.0008274880724093991	2	1	1	0.010464486811684862	-0.005407230390217362	2	1	-0.37256151602952986	0.30461740727402464	1.1545724948371555e-05
drop_prob_lt_0.5_and_realaf_lt_0.3	max_mean_depth_median	>=	0.270299	31	35	0.03241965221586772	-0.01911487758945385	17	4	-1.0956311352819785	0.217672173921585	0.0005180293537565043	-0.011778856253368645	-0.0013277029579796817	2.2757694672081996e-06	3	0	2	0.0	0.0	0.0	0	0	0	0.04281396245580357	-1.4186479066108673	0.0006813571161873311	26	16	2	0.0070237050043898686	-0.0198065737509463	-0.00013622103199095736	2	1	0	0.0095147028017062	-0.011778856253368645	2	1	-0.3599455458299483	0.0	0.00013685296341589548
drop_prob_lt_0.7_and_breadth_lt_0.1	max_mean_depth_median	>=	0.6132042	24	35	0.03241381861784719	-0.020875420875420825	13	1	-1.5101838697418342	0.11705400251215181	0.0012837546755118088	0.0	0.0	0.0	0	0	0	0.0	0.0	0.0	0	0	0	0.04132504328264646	-1.9016364314135652	0.0015813192830913413	22	12	1	0.009353741496598622	-0.7561258963989701	0.0011178964997235474	2	1	0	0.01266969619481127	0.0	2	0	-0.6644405819531338	0.0	0.0006748039457037222
drop_prob_lt_0.7_and_breadth_lt_0.2	max_mean_depth_median	>=	0.7386777000000002	21	35	0.03233363085083746	-0.01719479243429145	12	2	-2.0360149851352016	0.7654741840761368	0.0013992724608182159	0.0	0.0	0.0	0	0	0	0.0	0.0	0.0	0	0	0	0.04083501389567151	-2.651691601363731	0.0018982296461930665	19	10	2	0.014565852298089932	0.1675743785443391	-0.0011388321592876172	2	2	0	0.013850216548440361	0.0	2	0	-0.6210293057048479	0.1675743785443391	0.00018984937172636233
drop_prob_lt_0.5_and_breadth_lt_0.1	max_mean_depth_median	>=	0.270299	31	35	0.03231148560637918	-0.01911487758945385	16	2	-1.0792559781320212	0.13738400162457864	0.0006173996419475072	-0.010685190445629803	-0.0280904270569818	2.8889914162055774e-06	3	0	2	0.0	0.0	0.0	0	0	0	0.04237963276173939	-1.3399050429871056	0.0007172047220172979	26	15	0	0.009353741496598622	-0.7561258963989701	0.0011178964997235474	2	1	0	0.010262045953177052	-0.010685190445629803	2	1	-0.5310303416107643	0.0	0.0004594975532892627
min_breadth_ge_0.02	low_real_frac	<=	0.29185471738663227	31	35	0.03221545754183678	-0.0014357053682895193	14	1	-1.5940062127395642	0.0	0.0013662605907010343	-0.00047856845609650644	-0.05738008675118186	8.429529047004891e-07	3	0	1	0.0	0.0	0.0	0	0	0	0.04181395256787321	-2.0599287846530077	0.001770984882067485	26	14	0	0.0	0.0	0.0	2	0	0	0.010333846027944175	-0.00047856845609650644	1	1	-0.5293272178510474	0.0	0.00044295695874304637
drop_prob_lt_0.5_and_realaf_lt_0.3	max_xny_median	>=	265.0	31	35	0.03217824578802061	-0.027564102564102577	17	4	-1.0910178822215815	0.217672173921585	0.0005160516444037335	-0.005407230390217362	0.072557391307195	-1.7624907164096963e-06	2	0	1	0.0	0.0	0.0	0	0	0	0.04179306976824422	-1.4208772186731495	0.0006792421144541413	27	16	3	0.0070237050043898686	-0.0198065737509463	-0.00013622103199095736	2	1	0	0.010852386095604181	-0.005407230390217362	2	1	-0.3420316002792252	0.072557391307195	0.00013531464793669357
drop_prob_lt_0.5_and_realaf_lt_0.3	max_real_min_af_median	>=	0.265	31	35	0.03217824578802061	-0.027564102564102577	17	4	-1.0910178822215815	0.217672173921585	0.0005160516444037335	-0.005407230390217362	0.072557391307195	-1.7624907164096963e-06	2	0	1	0.0	0.0	0.0	0	0	0	0.04179306976824422	-1.4208772186731495	0.0006792421144541413	27	16	3	0.0070237050043898686	-0.0198065737509463	-0.00013622103199095736	2	1	0	0.010852386095604181	-0.005407230390217362	2	1	-0.3420316002792252	0.072557391307195	0.00013531464793669357
min_breadth_ge_0.05	method_dropped_rows	<=	28.400000000000006	28	35	0.03208938244065656	-0.018333333333333313	13	2	-1.9107488534662995	0.19677882569514793	0.001340589579303678	-0.0021446655367940806	0.012304203120926616	-1.7817844074248987e-07	2	0	1	0.0	0.0	0.0	0	0	0	0.04114277403852462	-2.4700652766276736	0.0017488339640584782	24	12	1	0.009353741496598622	-0.1106800058680335	-0.00014867360931397622	2	1	0	0.012087962499582291	-0.0021446655367940806	2	1	-0.6421102698436951	0.012304203120926616	0.0003999955440759399
min_xny_ge_50	method_dropped_rows	<=	28.400000000000006	28	35	0.03208938244065656	-0.018333333333333313	13	2	-1.9107488534662995	0.19677882569514793	0.001340589579303678	-0.0021446655367940806	0.012304203120926616	-1.7817844074248987e-07	2	0	1	0.0	0.0	0.0	0	0	0	0.04114277403852462	-2.4700652766276736	0.0017488339640584782	24	12	1	0.009353741496598622	-0.1106800058680335	-0.00014867360931397622	2	1	0	0.012087962499582291	-0.0021446655367940806	2	1	-0.6421102698436951	0.012304203120926616	0.0003999955440759399
min_breadth_ge_0.05	method_dropped_abundance_fraction	<=	0.0780583040472693	31	35	0.03207794356801593	-0.2123010861328618	14	4	-1.5903983459497564	0.19677882569514793	0.0005021934800973999	-0.032722804651518556	0.018204470476597123	5.486628311309379e-06	3	0	2	-0.07076702871095393	-0.11513148931159378	-0.0006985214222284079	1	0	1	0.05238852007313993	-2.0426592977777926	0.0007390082742143795	25	13	1	0.009353741496598622	-0.1106800058680335	-0.00014867360931397622	2	1	0	-0.010436892948183483	-0.07076702871095393	2	2	-0.5625665806202057	0.018204470476597123	-2.5675032254173793e-05
min_xny_ge_50	method_dropped_abundance_fraction	<=	0.0780583040472693	31	35	0.03207794356801593	-0.2123010861328618	14	4	-1.5903983459497564	0.19677882569514793	0.0005021934800973999	-0.032722804651518556	0.018204470476597123	5.486628311309379e-06	3	0	2	-0.07076702871095393	-0.11513148931159378	-0.0006985214222284079	1	0	1	0.05238852007313993	-2.0426592977777926	0.0007390082742143795	25	13	1	0.009353741496598622	-0.1106800058680335	-0.00014867360931397622	2	1	0	-0.010436892948183483	-0.07076702871095393	2	2	-0.5625665806202057	0.018204470476597123	-2.5675032254173793e-05
drop_prob_lt_0.5_and_xny_lt_500	max_mean_depth_median	>=	0.270299	31	35	0.03196900571387881	-0.022839771443123436	17	8	-1.9038819838812118	0.7326307232580582	0.0012064642731332866	-0.017728068591369033	0.1717012623290645	-1.0526812251517488e-06	3	0	3	0.0	0.0	0.0	0	0	0	0.042197944916958836	-2.4295966030566576	0.0014913354321435298	26	15	5	0.01637744650098849	-0.7759324701499164	0.00098167546773259	2	2	0	0.010211830706644574	-0.017728068591369033	2	1	-0.7584569527193774	0.1717012623290645	0.0006179895546627421
min_breadth_ge_0.02	max_breadth_median	>=	0.198975	31	35	0.031922371455746716	-0.0014357053682895193	14	1	-1.574208639240163	0.0	0.0013630869487210738	-0.00047856845609650644	-0.05738008675118186	8.429529047004891e-07	3	0	1	0.0	0.0	0.0	0	0	0	0.04143402615997869	-2.0342652634500804	0.0017668709017230918	26	14	0	0.0	0.0	0.0	2	0	0	0.010238864425970546	-0.00047856845609650644	1	1	-0.5229113375503156	0.0	0.0004419284636569481
min_breadth_ge_0.02	low_breadth05_frac	<=	0.3263157894736842	31	35	0.031922371455746716	-0.0014357053682895193	14	1	-1.574208639240163	0.0	0.0013630869487210738	-0.00047856845609650644	-0.05738008675118186	8.429529047004891e-07	3	0	1	0.0	0.0	0.0	0	0	0	0.04143402615997869	-2.0342652634500804	0.0017668709017230918	26	14	0	0.0	0.0	0.0	2	0	0	0.010238864425970546	-0.00047856845609650644	1	1	-0.5229113375503156	0.0	0.0004419284636569481
min_breadth_ge_0.02	method_dropped_rows	<=	28.800000000000004	31	35	0.031922371455746716	-0.0014357053682895193	14	1	-1.574208639240163	0.0	0.0013630869487210738	-0.00047856845609650644	-0.05738008675118186	8.429529047004891e-07	3	0	1	0.0	0.0	0.0	0	0	0	0.04143402615997869	-2.0342652634500804	0.0017668709017230918	26	14	0	0.0	0.0	0.0	2	0	0	0.010238864425970546	-0.00047856845609650644	1	1	-0.5229113375503156	0.0	0.0004419284636569481
min_xny_ge_25	low_prob_breadth_mass_frac	<=	0.09956316967810842	31	35	0.031806618964764846	-0.15659904262594027	15	2	-1.131103332898227	0.0	0.0005328744106006208	-0.0026051475204017516	-0.06003890740786488	7.569152403371268e-07	3	0	1	-0.052199680875313424	-0.07379552078984612	-0.00036741768218577037	1	0	1	0.04697736436229717	-1.4489545209406938	0.0007335227663113711	25	14	0	0.004628655585945718	-0.032670650723041206	-2.7264009274496903e-05	2	1	0	-0.0007997021118680715	-0.052199680875313424	2	2	-0.4038648999653615	-0.032670650723041206	8.489949752286025e-05
min_xny_ge_25	best_mean_filter_drop_mass_frac	<=	0.09956316967810842	31	35	0.031806618964764846	-0.15659904262594027	15	2	-1.131103332898227	0.0	0.0005328744106006208	-0.0026051475204017516	-0.06003890740786488	7.569152403371268e-07	3	0	1	-0.052199680875313424	-0.07379552078984612	-0.00036741768218577037	1	0	1	0.04697736436229717	-1.4489545209406938	0.0007335227663113711	25	14	0	0.004628655585945718	-0.032670650723041206	-2.7264009274496903e-05	2	1	0	-0.0007997021118680715	-0.052199680875313424	2	2	-0.4038648999653615	-0.032670650723041206	8.489949752286025e-05
min_breadth_ge_0.02	low_prob_xny_mass_frac	<=	0.012610981293070807	31	35	0.031759946523387816	-0.11546756622241883	13	2	-1.3992460580198833	0.0	0.0011899557474612608	-0.00047856845609650644	-0.05738008675118186	8.429529047004891e-07	3	0	1	-0.03848918874080628	-0.07949212246928046	-0.00036741350302068226	1	0	1	0.04550005184849192	-1.7986294593716494	0.0015832652893145213	25	13	0	0.0	0.0	0.0	2	0	0	0.0016330736628972845	-0.03848918874080628	1	2	-0.48387541714802795	0.0	0.0003041736847996349
min_breadth_ge_0.05	max_xny_median	>=	452.7	24	35	0.03171549265495262	0.0	11	0	-1.8934464291135835	0.19677882569514793	0.0013540911142214832	0.0	0.0	0.0	1	0	0	0.0	0.0	0.0	0	0	0	0.04041980592333868	-2.446269074342198	0.0017663161561622173	21	10	0	0.009353741496598622	-0.1106800058680335	-0.00014867360931397622	2	1	0	0.012443386854984325	0.0	2	0	-0.6392372700525579	0.0	0.00040441063671206026
min_breadth_ge_0.05	max_real_min_af_median	>=	0.4527	24	35	0.03171549265495262	0.0	11	0	-1.8934464291135835	0.19677882569514793	0.0013540911142214832	0.0	0.0	0.0	1	0	0	0.0	0.0	0.0	0	0	0	0.04041980592333868	-2.446269074342198	0.0017663161561622173	21	10	0	0.009353741496598622	-0.1106800058680335	-0.00014867360931397622	2	1	0	0.012443386854984325	0.0	2	0	-0.6392372700525579	0.0	0.00040441063671206026
min_xny_ge_50	max_xny_median	>=	452.7	24	35	0.03171549265495262	0.0	11	0	-1.8934464291135835	0.19677882569514793	0.0013540911142214832	0.0	0.0	0.0	1	0	0	0.0	0.0	0.0	0	0	0	0.04041980592333868	-2.446269074342198	0.0017663161561622173	21	10	0	0.009353741496598622	-0.1106800058680335	-0.00014867360931397622	2	1	0	0.012443386854984325	0.0	2	0	-0.6392372700525579	0.0	0.00040441063671206026
min_xny_ge_50	max_real_min_af_median	>=	0.4527	24	35	0.03171549265495262	0.0	11	0	-1.8934464291135835	0.19677882569514793	0.0013540911142214832	0.0	0.0	0.0	1	0	0	0.0	0.0	0.0	0	0	0	0.04041980592333868	-2.446269074342198	0.0017663161561622173	21	10	0	0.009353741496598622	-0.1106800058680335	-0.00014867360931397622	2	1	0	0.012443386854984325	0.0	2	0	-0.6392372700525579	0.0	0.00040441063671206026
drop_prob_lt_0.7_and_breadth_lt_0.1	max_depth_cv_mean	<=	11.6193571374269	28	35	0.031714608873040555	-0.040826873385012896	13	4	-1.669770712478852	0.0082570659541652	0.0013435925201131253	-0.02345352567450043	-0.08907093129994041	2.678399505055366e-05	3	0	2	0.0	0.0	0.0	0	0	0	0.04371747731777484	-2.1546208201059254	0.00173871800810399	24	13	2	0.0	0.0	0.0	1	0	0	0.005065987910818602	-0.02345352567450043	1	1	-0.5609229378514664	0.0	0.0004413755007886359
min_breadth_ge_0.05	top3_abundance	>=	0.48593329798767015	28	35	0.031506551880262405	-0.09173441734417342	13	3	-1.9764860170277534	0.19677882569514793	0.0012443672004900153	-0.032722804651518556	0.018204470476597123	5.486628311309379e-06	3	0	2	0.0	0.0	0.0	0	0	0	0.04447769369495333	-2.564134222496339	0.0016124589678598743	24	13	1	0.0	0.0	0.0	1	0	0	0.0029387222608586935	-0.032722804651518556	1	1	-0.6364824380049354	0.018204470476597123	0.0004044863990427959
min_xny_ge_50	top3_abundance	>=	0.48593329798767015	28	35	0.031506551880262405	-0.09173441734417342	13	3	-1.9764860170277534	0.19677882569514793	0.0012443672004900153	-0.032722804651518556	0.018204470476597123	5.486628311309379e-06	3	0	2	0.0	0.0	0.0	0	0	0	0.04447769369495333	-2.564134222496339	0.0016124589678598743	24	13	1	0.0	0.0	0.0	1	0	0	0.0029387222608586935	-0.032722804651518556	1	1	-0.6364824380049354	0.018204470476597123	0.0004044863990427959
min_xny_ge_25	top3_abundance	>=	0.48593329798767015	28	35	0.031504227806103194	-0.007815442561205255	14	1	-1.470997593927598	0.0	0.0011420703874372043	-0.0026051475204017516	-0.06003890740786488	7.569152403371268e-07	3	0	1	0.0	0.0	0.0	0	0	0	0.04112827465832655	-1.9001777431571236	0.0014803775116511533	24	14	0	0.0	0.0	0.0	1	0	0	0.0096307817844812	-0.0026051475204017516	1	1	-0.4900541626412471	0.0	0.0003702836067228726
drop_prob_lt_0.7_and_breadth_lt_0.2	probability_mean	<=	0.7939919801116324	18	35	0.03147793248839886	-0.17273442737633715	12	6	-3.426775161684379	0.7654741840761368	0.002844128384662687	0.0	0.0	0.0	0	0	0	-0.14633105961313783	-3.676764734892906	0.010127120355400088	3	0	3	0.0570637339234583	-4.033586535343502	0.002561597496184955	15	12	3	0.0	0.0	0.0	0	0	0	-0.022316831422419883	-0.14633105961313783	1	1	-1.927587817559102	0.0	0.0031721794628962606
min_breadth_ge_0.05	max_zip_af_median	>=	0.8084474	31	35	0.03146913470461453	-0.2347906403940887	16	3	-2.4353661426586823	0.3591673737276011	0.0017648484111451163	0.0	0.0	0.0	0	0	0	-0.1490305755089835	0.004590968597606586	0.0026465339509375387	2	0	2	0.05665940585908378	-3.149267699522616	0.002004719990959052	27	15	1	0.009353741496598622	-0.1106800058680335	-0.00014867360931397622	2	1	0	-0.020754357038325275	-0.1490305755089835	2	1	-0.8138391841982607	0.004590968597606586	0.0011256450831456538
min_xny_ge_50	max_zip_af_median	>=	0.8084474	31	35	0.03146913470461453	-0.2347906403940887	16	3	-2.4353661426586823	0.3591673737276011	0.0017648484111451163	0.0	0.0	0.0	0	0	0	-0.1490305755089835	0.004590968597606586	0.0026465339509375387	2	0	2	0.05665940585908378	-3.149267699522616	0.002004719990959052	27	15	1	0.009353741496598622	-0.1106800058680335	-0.00014867360931397622	2	1	0	-0.020754357038325275	-0.1490305755089835	2	1	-0.8138391841982607	0.004590968597606586	0.0011256450831456538
drop_prob_lt_0.7_and_breadth_lt_0.2	max_depth_cv_mean	>=	6.127824784827586	28	35	0.03146644877542352	-0.17273442737633715	16	7	-3.4929113886661742	0.7654741840761368	0.0027911415865678516	0.0	0.0	0.0	0	0	0	-0.14633105961313783	-3.676764734892906	0.010127120355400088	3	0	3	0.055969895606779875	-4.131731598360224	0.0025772688437870287	23	14	4	0.014565852298089932	0.1675743785443391	-0.0011388321592876172	2	2	0	-0.018948827927067008	-0.14633105961313783	2	1	-1.9102304886771977	0.1675743785443391	0.002891389259974875
drop_prob_lt_0.7_and_breadth_lt_0.2	max_depth_cv_mean	>=	7.76983911811594	24	35	0.03146644877542352	-0.17273442737633715	16	7	-3.4929113886661742	0.7654741840761368	0.0027911415865678516	0.0	0.0	0.0	0	0	0	-0.14633105961313783	-3.676764734892906	0.010127120355400088	3	0	3	0.055969895606779875	-4.131731598360224	0.0025772688437870287	19	14	4	0.014565852298089932	0.1675743785443391	-0.0011388321592876172	2	2	0	-0.018948827927067008	-0.14633105961313783	2	1	-1.9102304886771977	0.1675743785443391	0.002891389259974875
drop_prob_lt_0.7_and_breadth_lt_0.1	low_real_frac	<=	0.29185471738663227	31	35	0.0314565298861907	-0.040826873385012896	16	4	-1.8142745352539866	0.11705400251215181	0.0014218626112159135	-0.02345352567450043	-0.08907093129994041	2.678399505055366e-05	3	0	2	0.0	0.0	0.0	0	0	0	0.04269006074248068	-2.2859312647108063	0.0017573720891836378	26	15	2	0.009353741496598622	-0.7561258963989701	0.0011178964997235474	2	1	0	0.007147569141144719	-0.02345352567450043	2	1	-0.7827820231024292	0.0	0.0007255131459894347
drop_prob_lt_0.5_and_breadth_lt_0.2	max_mean_depth_median	>=	0.6132042	24	35	0.031442292700144925	-0.004342162396873683	16	1	-1.1987352716328095	0.6488479620499419	0.0005179395295042712	0.0	0.0	0.0	0	0	0	0.0	0.0	0.0	0	0	0	0.04039907395900616	-1.5764803452480138	0.0007326985065728996	22	15	0	0.004852623805953027	0.30461740727402464	-0.0008274880724093991	2	1	1	0.011312924441239797	0.0	2	0	-0.3179657344934973	0.30461740727402464	-2.3697391459124895e-05
drop_prob_lt_0.5_and_xny_lt_500	max_xny_median	>=	265.0	31	35	0.03141131281098153	-0.041883116883116966	17	8	-1.9034311238648993	0.7326307232580582	0.0012037194548640575	-0.010273446830798264	0.20784594392817604	-4.531075532258437e-06	2	0	2	0.0	0.0	0.0	0	0	0	0.04064671836573228	-2.433028230620599	0.0014881638226434668	27	15	6	0.01637744650098849	-0.7759324701499164	0.00098167546773259	2	2	0	0.011687679508980628	-0.010273446830798264	2	1	-0.7502786892105848	0.20784594392817604	0.0006163270537109496
drop_prob_lt_0.5_and_xny_lt_500	max_real_min_af_median	>=	0.265	31	35	0.03141131281098153	-0.041883116883116966	17	8	-1.9034311238648993	0.7326307232580582	0.0012037194548640575	-0.010273446830798264	0.20784594392817604	-4.531075532258437e-06	2	0	2	0.0	0.0	0.0	0	0	0	0.04064671836573228	-2.433028230620599	0.0014881638226434668	27	15	6	0.01637744650098849	-0.7759324701499164	0.00098167546773259	2	2	0	0.011687679508980628	-0.010273446830798264	2	1	-0.7502786892105848	0.20784594392817604	0.0006163270537109496
min_breadth_ge_0.02	probability_min	>=	0.35319222668242634	28	35	0.031356903399964366	-0.15364902189697893	14	2	-1.6469010984813155	0.0	0.0016979179231473168	-0.00047856845609650644	-0.05738008675118186	8.429529047004891e-07	1	0	1	-0.05121634063232631	-0.6801685934970058	0.004050909316325235	1	0	1	0.04639171652829708	-2.0529219409667214	0.0017508100186098623	25	14	0	0.0	0.0	0.0	1	0	0	-0.001325798140031434	-0.05121634063232631	1	2	-0.6976176553037272	0.0	0.0014506405719599495
drop_prob_lt_0.7_and_breadth_lt_0.1	low_prob_xny_mass_frac	<=	0.012610981293070807	31	35	0.03133571979779939	-0.127301885749046	15	5	-1.5515758203058136	0.0082570659541652	0.0012120222959086785	-0.02345352567450043	-0.08907093129994041	2.678399505055366e-05	3	0	2	-0.04243396191634866	-0.16614494508540645	-0.0003070538903569379	1	0	1	0.04724833972971588	-1.9269353440277588	0.0015194739645657705	25	14	2	0.009353741496598622	-0.7561258963989701	0.0011178964997235474	2	1	0	-0.0023213515911336465	-0.04243396191634866	2	2	-0.734569279203019	-0.08907093129994041	0.0005892751422457334
drop_prob_lt_0.5_and_breadth_lt_0.1	max_depth_cv_mean	<=	13.645272558356167	31	35	0.031334684629578204	-0.01911487758945385	15	2	-1.0604190516528942	0.13738400162457864	0.0006246868144901432	-0.010685190445629803	-0.0280904270569818	2.8889914162055774e-06	3	0	2	0.0	0.0	0.0	0	0	0	0.04111340927329368	-1.315486804958608	0.000726651056794789	26	14	0	0.009353741496598622	-0.7561258963989701	0.0011178964997235474	2	1	0	0.009945490081065626	-0.010685190445629803	2	1	-0.5249257821036399	0.0	0.0004618591369836355
drop_prob_lt_0.7_and_breadth_lt_0.2	max_depth_cv_mean	>=	3.551311320979021	31	35	0.03132922750612678	-0.17273442737633715	16	8	-3.525332706172393	0.7654741840761368	0.002776962631010482	0.0	0.0	0.0	0	0	0	-0.14633105961313783	-3.676764734892906	0.010127120355400088	3	0	3	0.05579201618361745	-4.173759232164581	0.0025588887162126613	26	14	5	0.014565852298089932	0.1675743785443391	-0.0011388321592876172	2	2	0	-0.01899329778285761	-0.14633105961313783	2	1	-1.920737397128287	0.1675743785443391	0.002886794228081283
drop_prob_lt_0.5_and_xny_lt_500	max_mean_depth_median	>=	0.6132042	24	35	0.03109445618844521	-0.011210249370853576	16	2	-1.6884813736514446	0.08227400347389491	0.0010834822830119543	0.0	0.0	0.0	0	0	0	0.0	0.0	0.0	0	0	0	0.03909448420717057	-2.131295671759286	0.0013317973692575267	22	14	2	0.01637744650098849	-0.7759324701499164	0.00098167546773259	2	2	0	0.013867982677039765	0.0	2	0	-0.7268070354773006	0.0	0.0005783682092475291
min_breadth_ge_0.05	max_breadth_median	>=	0.23899720000000002	28	35	0.03095338680499336	-0.018333333333333313	13	2	-2.000475269523271	0.19677882569514793	0.0013240230982005281	-0.0021446655367940806	0.012304203120926616	-1.7817844074248987e-07	2	0	1	0.0	0.0	0.0	0	0	0	0.039670187103405655	-2.586377297442267	0.0017273588959618026	24	12	1	0.009353741496598622	-0.1106800058680335	-0.00014867360931397622	2	1	0	0.01171981576580255	-0.0021446655367940806	2	1	-0.6711882750473435	0.012304203120926616	0.000394626777051771
min_xny_ge_50	max_breadth_median	>=	0.23899720000000002	28	35	0.03095338680499336	-0.018333333333333313	13	2	-2.000475269523271	0.19677882569514793	0.0013240230982005281	-0.0021446655367940806	0.012304203120926616	-1.7817844074248987e-07	2	0	1	0.0	0.0	0.0	0	0	0	0.039670187103405655	-2.586377297442267	0.0017273588959618026	24	12	1	0.009353741496598622	-0.1106800058680335	-0.00014867360931397622	2	1	0	0.01171981576580255	-0.0021446655367940806	2	1	-0.6711882750473435	0.012304203120926616	0.000394626777051771
drop_prob_lt_0.7_and_breadth_lt_0.2	probability_median	<=	0.8646073626033869	18	35	0.030948840381135184	-0.17273442737633715	12	6	-3.1319101600125414	0.7654741840761368	0.002680993469793596	-0.01669462677329514	0.0688633398204388	2.3628855449597808e-05	1	0	1	-0.14633105961313783	-3.676764734892906	0.010127120355400088	3	0	3	0.05823283231477891	-3.659005607971168	0.0023475008818602517	14	12	2	0.0	0.0	0.0	0	0	0	-0.026198213517913516	-0.14633105961313783	1	2	-1.8167267507609088	0.0688633398204388	0.0031245625231774844
drop_prob_lt_0.5_and_breadth_lt_0.2	max_depth_cv_mean	<=	13.645272558356167	31	35	0.030916303154531706	-0.041883116883116966	16	7	-1.4012170834982978	0.6488479620499419	0.0006354836029647577	-0.01286185215078813	0.03641270970808345	1.7159035906969915e-06	3	0	2	0.0	0.0	0.0	0	0	0	0.041146330342558074	-1.8430026246708413	0.0008848797976967861	26	15	4	0.004852623805953027	0.30461740727402464	-0.0008274880724093991	2	1	1	0.008284275499430742	-0.01286185215078813	2	1	-0.3754931269221833	0.30461740727402464	1.4776907219520979e-05
drop_prob_lt_0.7_and_breadth_lt_0.2	top3_abundance	>=	0.48593329798767015	28	35	0.03090986872400239	-0.0615713346482577	14	7	-2.6540413921739305	0.7654741840761368	0.001523017671410682	-0.03721840498938104	0.09458650559942801	6.216530798600998e-05	3	0	2	0.0	0.0	0.0	0	0	0	0.04368345223331286	-3.4494664850142214	0.001977465357014732	24	13	5	0.0070237050043898686	-0.0198065737509463	-0.00013622103199095736	1	1	0	0.0033721880620804223	-0.03721840498938104	2	1	-0.8436716382914349	0.09458650559942801	0.0004758524082524461
min_breadth_ge_0.02	max_mean_depth_median	>=	0.6132042	24	35	0.03089946648737163	0.0	11	0	-1.3574764213176425	0.0	0.001259406607165814	0.0	0.0	0.0	0	0	0	0.0	0.0	0.0	0	0	0	0.04005486396511137	-1.7596916572636103	0.001632564120400129	22	11	0	0.0	0.0	0.0	2	0	0	0.010013715991277842	0.0	1	0	-0.4399229143159026	0.0	0.00040814103010003227
min_breadth_ge_0.05	low_prob_breadth_mass_frac	<=	0.09956316967810842	31	35	0.030881102325225233	-0.2123010861328618	14	4	-1.63564479520566	0.19677882569514793	0.0005925109912998534	-0.032722804651518556	0.018204470476597123	5.486628311309379e-06	3	0	2	-0.07076702871095393	-0.11513148931159378	-0.0006985214222284079	1	0	1	0.050837059202855674	-2.1013121023687797	0.0008560865294768191	25	13	1	0.009353741496598622	-0.1106800058680335	-0.00014867360931397622	2	1	0	-0.010824758165754548	-0.07076702871095393	2	2	-0.5772297817679525	0.018204470476597123	3.59453156143611e-06
min_breadth_ge_0.05	best_mean_filter_drop_mass_frac	<=	0.09956316967810842	31	35	0.030881102325225233	-0.2123010861328618	14	4	-1.63564479520566	0.19677882569514793	0.0005925109912998534	-0.032722804651518556	0.018204470476597123	5.486628311309379e-06	3	0	2	-0.07076702871095393	-0.11513148931159378	-0.0006985214222284079	1	0	1	0.050837059202855674	-2.1013121023687797	0.0008560865294768191	25	13	1	0.009353741496598622	-0.1106800058680335	-0.00014867360931397622	2	1	0	-0.010824758165754548	-0.07076702871095393	2	2	-0.5772297817679525	0.018204470476597123	3.59453156143611e-06
min_xny_ge_50	low_prob_breadth_mass_frac	<=	0.09956316967810842	31	35	0.030881102325225233	-0.2123010861328618	14	4	-1.63564479520566	0.19677882569514793	0.0005925109912998534	-0.032722804651518556	0.018204470476597123	5.486628311309379e-06	3	0	2	-0.07076702871095393	-0.11513148931159378	-0.0006985214222284079	1	0	1	0.050837059202855674	-2.1013121023687797	0.0008560865294768191	25	13	1	0.009353741496598622	-0.1106800058680335	-0.00014867360931397622	2	1	0	-0.010824758165754548	-0.07076702871095393	2	2	-0.5772297817679525	0.018204470476597123	3.59453156143611e-06
min_xny_ge_50	best_mean_filter_drop_mass_frac	<=	0.09956316967810842	31	35	0.030881102325225233	-0.2123010861328618	14	4	-1.63564479520566	0.19677882569514793	0.0005925109912998534	-0.032722804651518556	0.018204470476597123	5.486628311309379e-06	3	0	2	-0.07076702871095393	-0.11513148931159378	-0.0006985214222284079	1	0	1	0.050837059202855674	-2.1013121023687797	0.0008560865294768191	25	13	1	0.009353741496598622	-0.1106800058680335	-0.00014867360931397622	2	1	0	-0.010824758165754548	-0.07076702871095393	2	2	-0.5772297817679525	0.018204470476597123	3.59453156143611e-06
min_xny_ge_25	max_zip_af_median	>=	0.8084474	31	35	0.03079074367131895	-0.17663195775935803	17	2	-1.9126676578396236	0.0	0.001758052283784222	0.0	0.0	0.0	0	0	0	-0.11107700012843276	-0.8191597691444178	0.0036682956505804665	2	0	2	0.05191295250776186	-2.385946200574352	0.0018733878147872357	27	16	0	0.004628655585945718	-0.032670650723041206	-2.7264009274496903e-05	2	1	0	-0.013633848008681296	-0.11107700012843276	2	1	-0.8094441551104528	0.0	0.0013786048640233013
drop_prob_lt_0.7_and_breadth_lt_0.1	probability_min	>=	0.35319222668242634	28	35	0.030775089655354027	-0.15723216086192482	14	4	-1.819075091145654	0.0	0.0016999943991258387	-0.013608957795004298	-0.09182328661799548	1.3000323911753023e-05	1	0	1	-0.052410720287308275	-0.735863725156174	0.004108398211654911	1	0	1	0.0472291545253455	-2.266095079806495	0.0017457632726927542	25	14	2	0.0	0.0	0.0	1	0	0	-0.004697630889241768	-0.052410720287308275	1	2	-0.7734455228951662	0.0	0.0014667904520648547
drop_prob_lt_0.5_and_realaf_lt_0.3	max_depth_cv_mean	<=	13.645272558356167	31	35	0.030655305451520964	-0.027564102564102577	16	5	-1.0785139638223267	0.217672173921585	0.0005236849535335367	-0.011778856253368645	-0.0013277029579796817	2.2757694672081996e-06	3	0	2	0.0	0.0	0.0	0	0	0	0.040526846279798516	-1.3964589806446517	0.0006886884492316324	26	15	3	0.0070237050043898686	-0.0198065737509463	-0.00013622103199095736	2	1	0	0.008942923757704935	-0.011778856253368645	2	1	-0.3543983143383944	0.0	0.0001386857966769708
drop_prob_lt_0.7_and_breadth_lt_0.2	method_kept_rows	<=	57.8	24	35	0.030569068308444358	-0.15422459893048146	12	5	-2.035317862420193	0.7654741840761368	0.0017037786345859031	0.0	0.0	0.0	0	0	0	-0.05140819964349382	-1.7645300294724653	0.004942874871790681	1	0	1	0.044259640189994606	-2.4547290316065946	0.0017437515523596222	21	10	4	0.014565852298089932	0.1675743785443391	-0.0011388321592876172	2	2	0	0.001854323211147679	-0.05140819964349382	2	1	-1.0129211706336803	0.1675743785443391	0.0013869485662156716
drop_prob_lt_0.7_and_breadth_lt_0.1	max_breadth_median	>=	0.198975	31	35	0.03052081157852105	-0.040826873385012896	16	4	-1.7736512327453873	0.11705400251215181	0.0014181022741459731	-0.02345352567450043	-0.08907093129994041	2.678399505055366e-05	3	0	2	0.0	0.0	0.0	0	0	0	0.04147709256587189	-2.2332714281255845	0.001752497578167048	26	15	2	0.009353741496598622	-0.7561258963989701	0.0011178964997235474	2	1	0	0.006844327096992521	-0.02345352567450043	2	1	-0.7696170639561237	0.0	0.0007242945182352873
drop_prob_lt_0.7_and_breadth_lt_0.1	low_breadth05_frac	<=	0.3263157894736842	31	35	0.03052081157852105	-0.040826873385012896	16	4	-1.7736512327453873	0.11705400251215181	0.0014181022741459731	-0.02345352567450043	-0.08907093129994041	2.678399505055366e-05	3	0	2	0.0	0.0	0.0	0	0	0	0.04147709256587189	-2.2332714281255845	0.001752497578167048	26	15	2	0.009353741496598622	-0.7561258963989701	0.0011178964997235474	2	1	0	0.006844327096992521	-0.02345352567450043	2	1	-0.7696170639561237	0.0	0.0007242945182352873
drop_prob_lt_0.7_and_breadth_lt_0.1	method_dropped_rows	<=	30.800000000000004	31	35	0.03052081157852105	-0.040826873385012896	16	4	-1.7736512327453873	0.11705400251215181	0.0014181022741459731	-0.02345352567450043	-0.08907093129994041	2.678399505055366e-05	3	0	2	0.0	0.0	0.0	0	0	0	0.04147709256587189	-2.2332714281255845	0.001752497578167048	26	15	2	0.009353741496598622	-0.7561258963989701	0.0011178964997235474	2	1	0	0.006844327096992521	-0.02345352567450043	2	1	-0.7696170639561237	0.0	0.0007242945182352873
drop_prob_lt_0.7_and_breadth_lt_0.2	low_prob_breadth_frac	>=	0.15942028985507245	18	35	0.030510912897620292	-0.17273442737633715	12	6	-3.459282044839619	0.7654741840761368	0.0028705398435336545	0.0	0.0	0.0	0	0	0	-0.14633105961313783	-3.676764734892906	0.010127120355400088	3	0	3	0.05581019000948606	-4.075725087581777	0.002595834572499172	15	12	3	0.0	0.0	0.0	0	0	0	-0.022630217400912943	-0.14633105961313783	1	1	-1.9381224556186707	0.0	0.0031807387319748148
drop_prob_lt_0.7_and_breadth_lt_0.2	best_mean_filter_drop_frac	>=	0.15942028985507245	18	35	0.030510912897620292	-0.17273442737633715	12	6	-3.459282044839619	0.7654741840761368	0.0028705398435336545	0.0	0.0	0.0	0	0	0	-0.14633105961313783	-3.676764734892906	0.010127120355400088	3	0	3	0.05581019000948606	-4.075725087581777	0.002595834572499172	15	12	3	0.0	0.0	0.0	0	0	0	-0.022630217400912943	-0.14633105961313783	1	1	-1.9381224556186707	0.0	0.0031807387319748148
drop_prob_lt_0.7_and_breadth_lt_0.2	method_dropped_fraction	>=	0.15942028985507245	18	35	0.030510912897620292	-0.17273442737633715	12	6	-3.459282044839619	0.7654741840761368	0.0028705398435336545	0.0	0.0	0.0	0	0	0	-0.14633105961313783	-3.676764734892906	0.010127120355400088	3	0	3	0.05581019000948606	-4.075725087581777	0.002595834572499172	15	12	3	0.0	0.0	0.0	0	0	0	-0.022630217400912943	-0.14633105961313783	1	1	-1.9381224556186707	0.0	0.0031807387319748148
drop_prob_lt_0.7_and_breadth_lt_0.2	method_kept_fraction	<=	0.8405797101449275	18	35	0.030510912897620292	-0.17273442737633715	12	6	-3.459282044839619	0.7654741840761368	0.0028705398435336545	0.0	0.0	0.0	0	0	0	-0.14633105961313783	-3.676764734892906	0.010127120355400088	3	0	3	0.05581019000948606	-4.075725087581777	0.002595834572499172	15	12	3	0.0	0.0	0.0	0	0	0	-0.022630217400912943	-0.14633105961313783	1	1	-1.9381224556186707	0.0	0.0031807387319748148
drop_prob_lt_0.7_and_breadth_lt_0.2	probability_mean	<=	0.8239837898109968	21	35	0.030487725710635974	-0.17273442737633715	14	7	-3.4615089163458355	0.7654741840761368	0.002807985937041175	-0.01669462677329514	0.0688633398204388	2.3628855449597808e-05	1	0	1	-0.14633105961313783	-3.676764734892906	0.010127120355400088	3	0	3	0.057076413497931765	-4.100143325610274	0.002586388237721681	16	13	3	0.007542147293700063	0.1873809522952854	-0.0010026111272966598	1	1	0	-0.024601781398700284	-0.14633105961313783	2	2	-1.880165942096864	0.1873809522952854	0.0029336315803186767
min_breadth_ge_0.02	method_dropped_abundance_fraction	<=	0.057248669536583044	31	35	0.03034089041170468	-0.11546756622241883	13	2	-0.8312126442088879	0.0	0.0003862053961996237	-0.00047856845609650644	-0.05738008675118186	8.429529047004891e-07	3	0	1	-0.03848918874080628	-0.07949212246928046	-0.00036741350302068226	1	0	1	0.043660534666680455	-1.0622898488759145	0.0005413666858272139	25	13	0	0.0	0.0	0.0	2	0	0	0.0011731943674444176	-0.03848918874080628	1	2	-0.2997905145240942	0.0	4.369903392780802e-05
min_breadth_ge_0.02	low_prob_breadth_mass_frac	<=	0.09956316967810842	31	35	0.030153929760975907	-0.11546756622241883	13	2	-0.9848057211887782	0.0	0.0005209184961154189	-0.00047856845609650644	-0.05738008675118186	8.429529047004891e-07	3	0	1	-0.03848918874080628	-0.07949212246928046	-0.00036741350302068226	1	0	1	0.04341817826758759	-1.2613919857016977	0.0007159947783106522	25	13	0	0.0	0.0	0.0	2	0	0	0.001112605267671202	-0.03848918874080628	1	2	-0.34956604873054004	0.0	8.735605704866761e-05
min_breadth_ge_0.02	best_mean_filter_drop_mass_frac	<=	0.09956316967810842	31	35	0.030153929760975907	-0.11546756622241883	13	2	-0.9848057211887782	0.0	0.0005209184961154189	-0.00047856845609650644	-0.05738008675118186	8.429529047004891e-07	3	0	1	-0.03848918874080628	-0.07949212246928046	-0.00036741350302068226	1	0	1	0.04341817826758759	-1.2613919857016977	0.0007159947783106522	25	13	0	0.0	0.0	0.0	2	0	0	0.001112605267671202	-0.03848918874080628	1	2	-0.34956604873054004	0.0	8.735605704866761e-05
drop_prob_lt_0.7_and_breadth_lt_0.2	abundance_entropy	<=	2.623281549403161	21	35	0.030135138010760298	-0.04500000000000004	11	3	-1.6798764453372868	0.7654741840761368	0.0011111032212545297	0.0	0.0	0.0	0	0	0	0.0	0.0	0.0	0	0	0	0.03854379334695669	-2.1761504607149313	0.0014504094373292758	20	10	3	0.0070237050043898686	-0.0198065737509463	-0.00013622103199095736	1	1	0	0.01139187458783664	0.0	2	0	-0.5489892586164694	0.0	0.0003285471013345796
drop_prob_lt_0.5_and_breadth_lt_0.2	max_zip_af_median	>=	0.999174	28	35	0.0300365645296146	-0.10356444251249719	17	6	-1.4705610629441443	0.6488479620499419	0.0006379537620010137	0.0	0.0	0.0	0	0	0	-0.03452148083749906	-0.5528362415703137	0.0001155514386777708	1	0	1	0.042412553831003785	-1.8674208626993392	0.000875433462919295	25	16	4	0.004852623805953027	0.30461740727402464	-0.0008274880724093991	2	1	1	0.003185924199864437	-0.03452148083749906	2	1	-0.528909924248907	0.30461740727402464	4.0874207296916654e-05
drop_prob_lt_0.5_and_breadth_lt_0.2	max_zip_af_median	>=	1.0	28	35	0.0300365645296146	-0.10356444251249719	17	6	-1.4705610629441443	0.6488479620499419	0.0006379537620010137	0.0	0.0	0.0	0	0	0	-0.03452148083749906	-0.5528362415703137	0.0001155514386777708	1	0	1	0.042412553831003785	-1.8674208626993392	0.000875433462919295	25	16	4	0.004852623805953027	0.30461740727402464	-0.0008274880724093991	2	1	1	0.003185924199864437	-0.03452148083749906	2	1	-0.528909924248907	0.30461740727402464	4.0874207296916654e-05
drop_prob_lt_0.7_and_breadth_lt_0.1	max_zip_af_median	>=	0.8084474	31	35	0.030035654803340226	-0.15723216086192482	17	4	-1.8841452395015814	0.11705400251215181	0.0017440855791312254	0.0	0.0	0.0	0	0	0	-0.09484468220365694	-0.9020086702415805	0.0038013443212979725	2	0	2	0.048780536360543754	-2.2861779844086167	0.001755672937268588	27	16	2	0.009353741496598622	-0.7561258963989701	0.0011178964997235474	2	1	0	-0.00917760108662864	-0.09484468220365694	2	1	-0.9860781377622918	0.0	0.001668728439572527
drop_prob_lt_0.5_and_breadth_lt_0.1	max_zip_af_median	>=	0.999174	28	35	0.02983799143144336	-0.11862786745964304	16	1	-1.089997597312742	0.0	0.0005986421107799725	0.0	0.0	0.0	0	0	0	-0.039542622486547684	-0.15340931749872766	-0.00021594887220503325	1	0	1	0.04237963276173939	-1.3399050429871056	0.0007172047220172979	25	15	0	0.009353741496598622	-0.7561258963989701	0.0011178964997235474	2	1	0	0.0030476879429475814	-0.039542622486547684	2	1	-0.5623600642212008	0.0	0.00040478808738395305
drop_prob_lt_0.5_and_breadth_lt_0.1	max_zip_af_median	>=	1.0	28	35	0.02983799143144336	-0.11862786745964304	16	1	-1.089997597312742	0.0	0.0005986421107799725	0.0	0.0	0.0	0	0	0	-0.039542622486547684	-0.15340931749872766	-0.00021594887220503325	1	0	1	0.04237963276173939	-1.3399050429871056	0.0007172047220172979	25	15	0	0.009353741496598622	-0.7561258963989701	0.0011178964997235474	2	1	0	0.0030476879429475814	-0.039542622486547684	2	1	-0.5623600642212008	0.0	0.00040478808738395305
drop_prob_lt_0.7_and_breadth_lt_0.2	low_prob_xny_frac	>=	0.03398692810457511	14	35	0.029739141867255306	-0.17273442737633715	10	4	-2.486441372163924	0.7654741840761368	0.0018644868920213505	0.0	0.0	0.0	0	0	0	-0.14633105961313783	-3.676764734892906	0.010127120355400088	3	0	3	0.05480974608123516	-2.8146353267058744	0.001291691857575815	11	10	1	0.0	0.0	0.0	0	0	0	-0.02288032838297567	-0.14633105961313783	1	1	-1.622850015399695	0.0	0.0028547030532439757
drop_prob_lt_0.7_and_breadth_lt_0.2	max_breadth_median	>=	0.23899720000000002	28	35	0.029687237052123144	-0.05008388031988542	15	5	-2.6717381696948643	0.7654741840761368	0.0016565080447969909	-0.01669462677329514	0.0688633398204388	2.3628855449597808e-05	2	0	1	0.0	0.0	0.0	0	0	0	0.039259461946222804	-3.4834286931803793	0.0022290577525970784	24	13	4	0.014565852298089932	0.1675743785443391	-0.0011388321592876172	2	2	0	0.009282671867754399	-0.01669462677329514	2	1	-0.8117477437039003	0.1675743785443391	0.00027846361218976476
min_breadth_ge_0.05	low_prob_xny_mass_frac	<=	0.0016178239444095321	28	35	0.02952845203006369	-0.09173441734417342	12	3	-1.8411050916846308	0.03691260936277985	0.0013311850509873807	-0.032722804651518556	0.018204470476597123	5.486628311309379e-06	3	0	2	0.0	0.0	0.0	0	0	0	0.0412206204449477	-2.3804419114316966	0.0017360134858611983	23	11	1	0.009353741496598622	-0.1106800058680335	-0.00014867360931397622	2	1	0	0.004462889322506942	-0.032722804651518556	2	1	-0.6182293617057832	0.018204470476597123	0.00039820662621463284
min_xny_ge_50	low_prob_xny_mass_frac	<=	0.0016178239444095321	28	35	0.02952845203006369	-0.09173441734417342	12	3	-1.8411050916846308	0.03691260936277985	0.0013311850509873807	-0.032722804651518556	0.018204470476597123	5.486628311309379e-06	3	0	2	0.0	0.0	0.0	0	0	0	0.0412206204449477	-2.3804419114316966	0.0017360134858611983	23	11	1	0.009353741496598622	-0.1106800058680335	-0.00014867360931397622	2	1	0	0.004462889322506942	-0.032722804651518556	2	1	-0.6182293617057832	0.018204470476597123	0.00039820662621463284
drop_prob_lt_0.5_and_realaf_lt_0.3	max_mean_depth_median	>=	0.6132042	24	35	0.02947583392903219	0.0	15	0	-0.8612514029369539	0.0	0.0003875289135387959	0.0	0.0	0.0	0	0	0	0.0	0.0	0.0	0	0	0	0.03768913990767951	-1.1149698501959813	0.0005124427421422137	22	14	0	0.0070237050043898686	-0.0198065737509463	-0.00013622103199095736	2	1	0	0.011178211228017345	0.0	2	0	-0.2836941059867319	0.0	9.405542753781408e-05
drop_prob_lt_0.7_and_breadth_lt_0.1	method_dropped_abundance_fraction	<=	0.0759683761237954	31	35	0.029369363690138935	-0.127301885749046	15	5	-0.9940760734316753	0.11705400251215181	0.0004177983790578718	-0.02345352567450043	-0.08907093129994041	2.678399505055366e-05	3	0	2	-0.04243396191634866	-0.16614494508540645	-0.0003070538903569379	1	0	1	0.044699359590156036	-1.2042504869686905	0.0004899244427221323	25	14	2	0.009353741496598622	-0.7561258963989701	0.0011178964997235474	2	1	0	-0.002958596626023607	-0.04243396191634866	2	2	-0.5538980649382519	-0.08907093129994041	0.00033188776178482386
drop_prob_lt_0.5_and_realaf_lt_0.3	max_zip_af_median	>=	0.999174	28	35	0.02935810642837227	-0.11492656875834428	17	4	-1.1131634860759296	0.0	0.0004963761280687524	0.0	0.0	0.0	0	0	0	-0.03830885625278143	-0.18580798699353332	-0.00023131018129118885	1	0	1	0.04179306976824422	-1.4208772186731495	0.0006792421144541413	25	16	3	0.0070237050043898686	-0.0198065737509463	-0.00013622103199095736	2	1	0	0.0026269796299631647	-0.03830885625278143	2	1	-0.4066229448544073	0.0	7.792772529299877e-05
drop_prob_lt_0.5_and_realaf_lt_0.3	max_zip_af_median	>=	1.0	28	35	0.02935810642837227	-0.11492656875834428	17	4	-1.1131634860759296	0.0	0.0004963761280687524	0.0	0.0	0.0	0	0	0	-0.03830885625278143	-0.18580798699353332	-0.00023131018129118885	1	0	1	0.04179306976824422	-1.4208772186731495	0.0006792421144541413	25	16	3	0.0070237050043898686	-0.0198065737509463	-0.00013622103199095736	2	1	0	0.0026269796299631647	-0.03830885625278143	2	1	-0.4066229448544073	0.0	7.792772529299877e-05
drop_prob_lt_0.7_and_breadth_lt_0.2	low_xny25_frac	>=	0.014665801427644386	14	35	0.029306051903193048	-0.17273442737633715	10	4	-2.5778997151148015	0.0	0.0018429052924066967	0.0	0.0	0.0	0	0	0	-0.14633105961313783	-3.676764734892906	0.010127120355400088	3	0	3	0.05424833316485816	-2.933192437938494	0.0012637157099271896	11	10	1	0.0	0.0	0.0	0	0	0	-0.023020681612069917	-0.14633105961313783	1	1	-1.65248929320785	0.0	0.0028477090163318195
min_breadth_ge_0.02	max_zip_af_median	>=	0.8084474	31	35	0.029265799225739478	-0.15364902189697893	15	2	-1.6543920218677417	0.0	0.001680605775829412	0.0	0.0	0.0	0	0	0	-0.08970552937313259	-0.7596607159662861	0.0036834958133045528	2	0	2	0.04790442818593627	-2.0601755043508185	0.0017692857301524355	27	15	0	0.0	0.0	0.0	2	0	0	-0.010450275296799079	-0.08970552937313259	1	1	-0.7049590550792761	0.0	0.001363195385864247
drop_prob_lt_0.7_and_breadth_lt_0.2	abundance_entropy	<=	2.7524095036723892	24	35	0.02924304349490679	-0.04500000000000004	12	4	-2.0201826846588826	0.7654741840761368	0.0012953877529190607	0.0	0.0	0.0	1	0	0	0.0	0.0	0.0	0	0	0	0.03738737453010956	-2.617288178354037	0.001689296793190705	22	11	4	0.0070237050043898686	-0.0198065737509463	-0.00013622103199095736	1	1	0	0.011102769883624857	0.0	2	0	-0.6592736880262459	0.0	0.0003882689402999369
drop_prob_lt_0.7_and_breadth_lt_0.2	probability_median	<=	0.9092501202306336	24	35	0.029202011424921688	-0.17273442737633715	14	8	-3.4796786411044955	0.7654741840761368	0.0028010535192282042	-0.01669462677329514	0.0688633398204388	2.3628855449597808e-05	1	0	1	-0.14633105961313783	-3.676764734892906	0.010127120355400088	3	0	3	0.0554097468312651	-4.123696672519648	0.0025774017701863487	19	13	4	0.007542147293700063	0.1873809522952854	-0.0010026111272966598	1	1	0	-0.025018448065366954	-0.14633105961313783	2	2	-1.8860542788242074	0.1873809522952854	0.0029313849634348436
drop_prob_lt_0.7_and_breadth_lt_0.2	probability_min	>=	0.3622225482687852	21	35	0.02885265047880022	-0.04500000000000004	10	4	-1.9713533241315373	0.0	0.001328959797296157	0.0	0.0	0.0	0	0	0	0.0	0.0	0.0	0	0	0	0.036881309509230666	-2.5539908591519227	0.0017328161099758302	20	9	4	0.0070237050043898686	-0.0198065737509463	-0.00013622103199095736	1	1	0	0.010976253628405134	0.0	2	0	-0.6434493582257172	0.0	0.0003991487694962182
min_xny_ge_25	max_breadth_median	>=	0.23899720000000002	28	35	0.028289211418963563	0.0	14	0	-1.5009966786266735	0.0	0.0012522056411043822	0.0	0.0	0.0	2	0	0	0.0	0.0	0.0	0	0	0	0.03632833661080864	-1.9433163870550922	0.0016252490910074952	24	13	0	0.004628655585945718	-0.032670650723041206	-2.7264009274496903e-05	2	1	0	0.01023924804918859	0.0	2	0	-0.49399675944453336	0.0	0.0003994962704332496
drop_prob_lt_0.5_and_breadth_lt_0.1	max_mean_depth_median	>=	0.6132042	24	35	0.028099033530986355	0.0	13	0	-0.8719052827729741	0.0	0.0005123991459616236	0.0	0.0	0.0	0	0	0	0.0	0.0	0.0	0	0	0	0.035731803355234265	-1.0742382631205982	0.0005814139670077678	22	12	0	0.009353741496598622	-0.7561258963989701	0.0011178964997235474	2	1	0	0.011271386212958222	0.0	2	0	-0.4575910398798921	0.0	0.00042482761668282884
min_breadth_ge_0.05	probability_min	>=	0.3622225482687852	21	35	0.028045904795348464	-0.018333333333333313	9	1	-1.4669360309257928	0.0	0.0010130262249672649	0.0	0.0	0.0	0	0	0	0.0	0.0	0.0	0	0	0	0.036355802512488745	-1.9015837437926943	0.001313182143476084	20	9	1	0.0	0.0	0.0	1	0	0	0.009088950628122186	0.0	1	0	-0.4753959359481736	0.0	0.000328295535869021
min_xny_ge_50	probability_min	>=	0.3622225482687852	21	35	0.028045904795348464	-0.018333333333333313	9	1	-1.4669360309257928	0.0	0.0010130262249672649	0.0	0.0	0.0	0	0	0	0.0	0.0	0.0	0	0	0	0.036355802512488745	-1.9015837437926943	0.001313182143476084	20	9	1	0.0	0.0	0.0	1	0	0	0.009088950628122186	0.0	1	0	-0.4753959359481736	0.0	0.000328295535869021
min_xny_ge_25	max_xny_median	>=	452.7	24	35	0.028007809770612464	0.0	11	0	-1.5384833450345134	0.0	0.001339338695128957	0.0	0.0	0.0	1	0	0	0.0	0.0	0.0	0	0	0	0.03596355669627944	-1.99191021388007	0.0017381993462245366	21	10	0	0.004628655585945718	-0.032670650723041206	-2.7264009274496903e-05	2	1	0	0.010148053070556289	0.0	2	0	-0.5061452161507778	0.0	0.00042773383423750993
min_xny_ge_25	max_real_min_af_median	>=	0.4527	24	35	0.028007809770612464	0.0	11	0	-1.5384833450345134	0.0	0.001339338695128957	0.0	0.0	0.0	1	0	0	0.0	0.0	0.0	0	0	0	0.03596355669627944	-1.99191021388007	0.0017381993462245366	21	10	0	0.004628655585945718	-0.032670650723041206	-2.7264009274496903e-05	2	1	0	0.010148053070556289	0.0	2	0	-0.5061452161507778	0.0	0.00042773383423750993
min_breadth_ge_0.05	abundance_entropy	<=	2.7524095036723892	24	35	0.02789951768541207	-0.018333333333333313	10	1	-1.5556489130203954	0.19677882569514793	0.0011375196188859833	0.0	0.0	0.0	1	0	0	0.0	0.0	0.0	0	0	0	0.03616604144405268	-2.0165819242856977	0.0014745624689262746	22	10	1	0.0	0.0	0.0	1	0	0	0.00904151036101317	0.0	1	0	-0.5041454810714244	0.0	0.00036864061723156864
min_xny_ge_50	abundance_entropy	<=	2.7524095036723892	24	35	0.02789951768541207	-0.018333333333333313	10	1	-1.5556489130203954	0.19677882569514793	0.0011375196188859833	0.0	0.0	0.0	1	0	0	0.0	0.0	0.0	0	0	0	0.03616604144405268	-2.0165819242856977	0.0014745624689262746	22	10	1	0.0	0.0	0.0	1	0	0	0.00904151036101317	0.0	1	0	-0.5041454810714244	0.0	0.00036864061723156864
min_breadth_ge_0.05	max_mean_depth_median	>=	0.7386777000000002	21	35	0.027373495974783283	0.0	9	0	-1.6058182644326677	0.19677882569514793	0.001278585436847243	0.0	0.0	0.0	0	0	0	0.0	0.0	0.0	0	0	0	0.03479129170830436	-2.073417749755826	0.0016684384262326464	19	8	0	0.009353741496598622	-0.1106800058680335	-0.00014867360931397622	2	1	0	0.011036258301225746	0.0	2	0	-0.5460244389059649	0.0	0.00037994120422966753
min_xny_ge_50	max_mean_depth_median	>=	0.7386777000000002	21	35	0.027373495974783283	0.0	9	0	-1.6058182644326677	0.19677882569514793	0.001278585436847243	0.0	0.0	0.0	0	0	0	0.0	0.0	0.0	0	0	0	0.03479129170830436	-2.073417749755826	0.0016684384262326464	19	8	0	0.009353741496598622	-0.1106800058680335	-0.00014867360931397622	2	1	0	0.011036258301225746	0.0	2	0	-0.5460244389059649	0.0	0.00037994120422966753
min_breadth_ge_0.05	max_depth_cv_mean	>=	9.471121925	21	35	0.02725069341961182	-0.2347906403940887	15	3	-2.356473838921217	0.493305692326345	0.0018049470852784617	0.0	0.0	0.0	0	0	0	-0.20336114958170104	0.16902619937305494	0.0033129336401669742	3	0	3	0.05722778649771554	-3.065270479578729	0.0019826553438101182	16	14	0	0.009353741496598622	-0.1106800058680335	-0.00014867360931397622	2	1	0	-0.03419490539684672	-0.20336114958170104	2	1	-0.7517310715184269	0.16902619937305494	0.0012867288436657792
drop_prob_lt_0.7_and_breadth_lt_0.2	n_calls	<=	87.19999999999997	24	35	0.026962857843180796	-0.04500000000000004	12	4	-1.7750912498189033	0.7654741840761368	0.0012890090635378128	0.0	0.0	0.0	1	0	0	0.0	0.0	0.0	0	0	0	0.03387290073759807	-2.3134571296574182	0.0017552956126814327	21	10	4	0.014565852298089932	0.1675743785443391	-0.0011388321592876172	2	2	0	0.012109688258922	0.0	2	0	-0.5364706877782698	0.1675743785443391	0.0001541158633484539
drop_prob_lt_0.7_and_breadth_lt_0.1	max_xny_median	>=	452.7	24	35	0.02677973340481461	-0.020875420875420825	12	1	-1.4693702406092093	0.11705400251215181	0.001281305112776335	0.0	0.0	0.0	1	0	0	0.0	0.0	0.0	0	0	0	0.0340215994879746	-1.8487298751305328	0.0015781439239898013	21	11	1	0.009353741496598622	-0.7561258963989701	0.0011178964997235474	2	1	0	0.010843835246143305	0.0	2	0	-0.6512139428823758	0.0	0.0006740101059283371
drop_prob_lt_0.7_and_breadth_lt_0.1	max_real_min_af_median	>=	0.4527	24	35	0.02677973340481461	-0.020875420875420825	12	1	-1.4693702406092093	0.11705400251215181	0.001281305112776335	0.0	0.0	0.0	1	0	0	0.0	0.0	0.0	0	0	0	0.0340215994879746	-1.8487298751305328	0.0015781439239898013	21	11	1	0.009353741496598622	-0.7561258963989701	0.0011178964997235474	2	1	0	0.010843835246143305	0.0	2	0	-0.6512139428823758	0.0	0.0006740101059283371
min_breadth_ge_0.05	abundance_entropy	<=	2.623281549403161	21	35	0.026705825308831355	-0.018333333333333313	8	1	-1.2130927668158629	0.19677882569514793	0.0009424478010765863	0.0	0.0	0.0	0	0	0	0.0	0.0	0.0	0	0	0	0.03461866243737398	-1.5725276606872296	0.0012216915939881673	20	8	1	0.0	0.0	0.0	1	0	0	0.008654665609343495	0.0	1	0	-0.3931319151718074	0.0	0.0003054228984970418
min_xny_ge_50	abundance_entropy	<=	2.623281549403161	21	35	0.026705825308831355	-0.018333333333333313	8	1	-1.2130927668158629	0.19677882569514793	0.0009424478010765863	0.0	0.0	0.0	0	0	0	0.0	0.0	0.0	0	0	0	0.03461866243737398	-1.5725276606872296	0.0012216915939881673	20	8	1	0.0	0.0	0.0	1	0	0	0.008654665609343495	0.0	1	0	-0.3931319151718074	0.0	0.0003054228984970418
drop_prob_lt_0.5_and_breadth_lt_0.2	method_kept_rows	<=	65.6	24	35	0.02629892381152213	-0.041883116883116966	13	3	-0.8965028748762772	0.6488479620499419	0.00029994325560191994	0.0	0.0	0.0	1	0	0	0.0	0.0	0.0	0	0	0	0.03373174391819883	-1.1846976087117687	0.0004501107441068887	21	12	2	0.004852623805953027	0.30461740727402464	-0.0008274880724093991	2	1	1	0.009646091931037964	0.0	2	0	-0.220020050359436	0.30461740727402464	-9.43443320756276e-05
drop_prob_lt_0.7_and_breadth_lt_0.2	max_xny_median	>=	482.7	21	35	0.026289307111830865	-0.01719479243429145	12	2	-2.1389786552383776	0.7654741840761368	0.0014270769359068394	0.0	0.0	0.0	0	0	0	0.0	0.0	0.0	0	0	0	0.032999779419181495	-2.7851630255715514	0.0019342724842709117	19	10	2	0.014565852298089932	0.1675743785443391	-0.0011388321592876172	2	2	0	0.011891407929317857	0.0	2	0	-0.6543971617568031	0.1675743785443391	0.00019886008124582363
drop_prob_lt_0.7_and_breadth_lt_0.2	max_real_min_af_median	>=	0.4827	21	35	0.026289307111830865	-0.01719479243429145	12	2	-2.1389786552383776	0.7654741840761368	0.0014270769359068394	0.0	0.0	0.0	0	0	0	0.0	0.0	0.0	0	0	0	0.032999779419181495	-2.7851630255715514	0.0019342724842709117	19	10	2	0.014565852298089932	0.1675743785443391	-0.0011388321592876172	2	2	0	0.011891407929317857	0.0	2	0	-0.6543971617568031	0.1675743785443391	0.00019886008124582363
min_xny_ge_25	abundance_entropy	<=	2.7524095036723892	24	35	0.026265162337405334	0.0	11	0	-1.2076553325511954	0.0	0.0010678419477846552	0.0	0.0	0.0	1	0	0	0.0	0.0	0.0	0	0	0	0.0340474326595995	-1.5654791347885866	0.0013842395619430713	22	11	0	0.0	0.0	0.0	1	0	0	0.008511858164899876	0.0	1	0	-0.39136978369714664	0.0	0.0003460598904857678
drop_prob_lt_0.7_and_breadth_lt_0.2	max_mean_depth_median	>=	0.9391045	18	35	0.02625728482658714	-0.004802744425385863	10	1	-1.7405710653981372	0.0	0.0011896581235367521	0.0	0.0	0.0	0	0	0	0.0	0.0	0.0	0	0	0	0.03351694662673223	-2.2548286719049226	0.0015522398662136383	17	9	1	0.0070237050043898686	-0.0198065737509463	-0.00013622103199095736	1	1	0	0.010135162907780524	0.0	2	0	-0.5686588114139672	0.0	0.00035400470855567024
min_breadth_ge_0.02	max_breadth_median	>=	0.23899720000000002	28	35	0.026056592525856747	0.0	12	0	-1.3072563551715952	0.0	0.0011858806981467319	0.0	0.0	0.0	2	0	0	0.0	0.0	0.0	0	0	0	0.03377706438536986	-1.6945915715187345	0.0015372527568568747	24	12	0	0.0	0.0	0.0	2	0	0	0.008444266096342464	0.0	1	0	-0.42364789287968363	0.0	0.0003843131892142187
drop_prob_lt_0.5_and_breadth_lt_0.2	max_xny_median	>=	452.7	24	35	0.026026143631821947	-0.004342162396873683	15	1	-1.1613493237446113	0.6488479620499419	0.0005154288380878994	0.0	0.0	0.0	1	0	0	0.0	0.0	0.0	0	0	0	0.033378139981550446	-1.5280170794670165	0.000729443906588714	21	14	0	0.004852623805953027	0.30461740727402464	-0.0008274880724093991	2	1	1	0.009557690946875868	0.0	2	0	-0.30584991804824796	0.30461740727402464	-2.4511041455171283e-05
drop_prob_lt_0.5_and_breadth_lt_0.2	max_real_min_af_median	>=	0.4527	24	35	0.026026143631821947	-0.004342162396873683	15	1	-1.1613493237446113	0.6488479620499419	0.0005154288380878994	0.0	0.0	0.0	1	0	0	0.0	0.0	0.0	0	0	0	0.033378139981550446	-1.5280170794670165	0.000729443906588714	21	14	0	0.004852623805953027	0.30461740727402464	-0.0008274880724093991	2	1	1	0.009557690946875868	0.0	2	0	-0.30584991804824796	0.30461740727402464	-2.4511041455171283e-05
min_breadth_ge_0.05	n_calls	<=	87.19999999999997	24	35	0.025983615563234027	-0.018333333333333313	10	1	-1.4788519973455647	0.19677882569514793	0.0011671173667923203	0.0	0.0	0.0	1	0	0	0.0	0.0	0.0	0	0	0	0.03298959487851828	-1.908831847976248	0.0015239427798651544	21	9	1	0.009353741496598622	-0.1106800058680335	-0.00014867360931397622	2	1	0	0.010585834093779226	0.0	2	0	-0.5048779634610704	0.0	0.00034381729263779454
min_xny_ge_50	n_calls	<=	87.19999999999997	24	35	0.025983615563234027	-0.018333333333333313	10	1	-1.4788519973455647	0.19677882569514793	0.0011671173667923203	0.0	0.0	0.0	1	0	0	0.0	0.0	0.0	0	0	0	0.03298959487851828	-1.908831847976248	0.0015239427798651544	21	9	1	0.009353741496598622	-0.1106800058680335	-0.00014867360931397622	2	1	0	0.010585834093779226	0.0	2	0	-0.5048779634610704	0.0	0.00034381729263779454
max_xny_ge_10	max_xny_median	>=	265.0	31	35	0.025927178205833977	0.0	11	0	-0.002676842899514144	0.0	-3.1952397983636696e-05	0.0	0.0	0.0	2	0	0	0.0	0.0	0.0	0	0	0	0.033609305081636634	-0.0034699815364072238	-4.1419775163973494e-05	27	11	0	0.0	0.0	0.0	2	0	0	0.008402326270409158	0.0	1	0	-0.0008674953841018059	0.0	-1.0354943790993374e-05
max_xny_ge_10	max_xny_median	>=	387.5	28	35	0.025927178205833977	0.0	11	0	-0.002676842899514144	0.0	-3.1952397983636696e-05	0.0	0.0	0.0	1	0	0	0.0	0.0	0.0	0	0	0	0.033609305081636634	-0.0034699815364072238	-4.1419775163973494e-05	25	11	0	0.0	0.0	0.0	2	0	0	0.008402326270409158	0.0	1	0	-0.0008674953841018059	0.0	-1.0354943790993374e-05
max_xny_ge_10	max_real_min_af_median	>=	0.265	31	35	0.025927178205833977	0.0	11	0	-0.002676842899514144	0.0	-3.1952397983636696e-05	0.0	0.0	0.0	2	0	0	0.0	0.0	0.0	0	0	0	0.033609305081636634	-0.0034699815364072238	-4.1419775163973494e-05	27	11	0	0.0	0.0	0.0	2	0	0	0.008402326270409158	0.0	1	0	-0.0008674953841018059	0.0	-1.0354943790993374e-05
max_xny_ge_10	max_real_min_af_median	>=	0.3875	28	35	0.025927178205833977	0.0	11	0	-0.002676842899514144	0.0	-3.1952397983636696e-05	0.0	0.0	0.0	1	0	0	0.0	0.0	0.0	0	0	0	0.033609305081636634	-0.0034699815364072238	-4.1419775163973494e-05	25	11	0	0.0	0.0	0.0	2	0	0	0.008402326270409158	0.0	1	0	-0.0008674953841018059	0.0	-1.0354943790993374e-05
max_xny_ge_10	max_mean_depth_median	>=	0.270299	31	35	0.025927178205833977	0.0	11	0	-0.002676842899514144	0.0	-3.1952397983636696e-05	0.0	0.0	0.0	3	0	0	0.0	0.0	0.0	0	0	0	0.033609305081636634	-0.0034699815364072238	-4.1419775163973494e-05	26	11	0	0.0	0.0	0.0	2	0	0	0.008402326270409158	0.0	1	0	-0.0008674953841018059	0.0	-1.0354943790993374e-05
max_xny_ge_10	max_mean_depth_median	>=	0.46514669999999997	28	35	0.025927178205833977	0.0	11	0	-0.002676842899514144	0.0	-3.1952397983636696e-05	0.0	0.0	0.0	1	0	0	0.0	0.0	0.0	0	0	0	0.033609305081636634	-0.0034699815364072238	-4.1419775163973494e-05	25	11	0	0.0	0.0	0.0	2	0	0	0.008402326270409158	0.0	1	0	-0.0008674953841018059	0.0	-1.0354943790993374e-05
max_xny_ge_10	max_depth_cv_mean	<=	13.645272558356167	31	35	0.025927178205833977	0.0	11	0	-0.002676842899514144	0.0	-3.1952397983636696e-05	0.0	0.0	0.0	3	0	0	0.0	0.0	0.0	0	0	0	0.033609305081636634	-0.0034699815364072238	-4.1419775163973494e-05	26	11	0	0.0	0.0	0.0	2	0	0	0.008402326270409158	0.0	1	0	-0.0008674953841018059	0.0	-1.0354943790993374e-05
s_xny_ge_10	max_xny_median	>=	265.0	31	35	0.025927178205833977	0.0	11	0	-0.002676842899514144	0.0	-3.1952397983636696e-05	0.0	0.0	0.0	2	0	0	0.0	0.0	0.0	0	0	0	0.033609305081636634	-0.0034699815364072238	-4.1419775163973494e-05	27	11	0	0.0	0.0	0.0	2	0	0	0.008402326270409158	0.0	1	0	-0.0008674953841018059	0.0	-1.0354943790993374e-05
s_xny_ge_10	max_xny_median	>=	387.5	28	35	0.025927178205833977	0.0	11	0	-0.002676842899514144	0.0	-3.1952397983636696e-05	0.0	0.0	0.0	1	0	0	0.0	0.0	0.0	0	0	0	0.033609305081636634	-0.0034699815364072238	-4.1419775163973494e-05	25	11	0	0.0	0.0	0.0	2	0	0	0.008402326270409158	0.0	1	0	-0.0008674953841018059	0.0	-1.0354943790993374e-05
s_xny_ge_10	max_real_min_af_median	>=	0.265	31	35	0.025927178205833977	0.0	11	0	-0.002676842899514144	0.0	-3.1952397983636696e-05	0.0	0.0	0.0	2	0	0	0.0	0.0	0.0	0	0	0	0.033609305081636634	-0.0034699815364072238	-4.1419775163973494e-05	27	11	0	0.0	0.0	0.0	2	0	0	0.008402326270409158	0.0	1	0	-0.0008674953841018059	0.0	-1.0354943790993374e-05
s_xny_ge_10	max_real_min_af_median	>=	0.3875	28	35	0.025927178205833977	0.0	11	0	-0.002676842899514144	0.0	-3.1952397983636696e-05	0.0	0.0	0.0	1	0	0	0.0	0.0	0.0	0	0	0	0.033609305081636634	-0.0034699815364072238	-4.1419775163973494e-05	25	11	0	0.0	0.0	0.0	2	0	0	0.008402326270409158	0.0	1	0	-0.0008674953841018059	0.0	-1.0354943790993374e-05
s_xny_ge_10	max_mean_depth_median	>=	0.270299	31	35	0.025927178205833977	0.0	11	0	-0.002676842899514144	0.0	-3.1952397983636696e-05	0.0	0.0	0.0	3	0	0	0.0	0.0	0.0	0	0	0	0.033609305081636634	-0.0034699815364072238	-4.1419775163973494e-05	26	11	0	0.0	0.0	0.0	2	0	0	0.008402326270409158	0.0	1	0	-0.0008674953841018059	0.0	-1.0354943790993374e-05
s_xny_ge_10	max_mean_depth_median	>=	0.46514669999999997	28	35	0.025927178205833977	0.0	11	0	-0.002676842899514144	0.0	-3.1952397983636696e-05	0.0	0.0	0.0	1	0	0	0.0	0.0	0.0	0	0	0	0.033609305081636634	-0.0034699815364072238	-4.1419775163973494e-05	25	11	0	0.0	0.0	0.0	2	0	0	0.008402326270409158	0.0	1	0	-0.0008674953841018059	0.0	-1.0354943790993374e-05
s_xny_ge_10	max_depth_cv_mean	<=	13.645272558356167	31	35	0.025927178205833977	0.0	11	0	-0.002676842899514144	0.0	-3.1952397983636696e-05	0.0	0.0	0.0	3	0	0	0.0	0.0	0.0	0	0	0	0.033609305081636634	-0.0034699815364072238	-4.1419775163973494e-05	26	11	0	0.0	0.0	0.0	2	0	0	0.008402326270409158	0.0	1	0	-0.0008674953841018059	0.0	-1.0354943790993374e-05
min_breadth_ge_0.02	max_xny_median	>=	452.7	24	35	0.025908013495918637	0.0	10	0	-1.337488521194216	0.0	0.0012575437395203203	0.0	0.0	0.0	1	0	0	0.0	0.0	0.0	0	0	0	0.03358446193915379	-1.7337814163628724	0.0016301492919707854	21	10	0	0.0	0.0	0.0	2	0	0	0.008396115484788448	0.0	1	0	-0.4334453540907181	0.0	0.00040753732299269636
min_breadth_ge_0.02	max_real_min_af_median	>=	0.4527	24	35	0.025908013495918637	0.0	10	0	-1.337488521194216	0.0	0.0012575437395203203	0.0	0.0	0.0	1	0	0	0.0	0.0	0.0	0	0	0	0.03358446193915379	-1.7337814163628724	0.0016301492919707854	21	10	0	0.0	0.0	0.0	2	0	0	0.008396115484788448	0.0	1	0	-0.4334453540907181	0.0	0.00040753732299269636
min_breadth_ge_0.05	max_breadth_median	>=	0.2843749	24	35	0.02585063326268379	0.0	11	0	-1.8858838854988287	0.19677882569514793	0.0013118747034245536	0.0	0.0	0.0	1	0	0	0.0	0.0	0.0	0	0	0	0.03281721041484205	-2.436465777063813	0.0017115911792032344	21	10	0	0.009353741496598622	-0.1106800058680335	-0.00014867360931397622	2	1	0	0.010542737977860168	0.0	2	0	-0.6367864457329616	0.0	0.00039072939247231455
min_xny_ge_50	max_breadth_median	>=	0.2843749	24	35	0.02585063326268379	0.0	11	0	-1.8858838854988287	0.19677882569514793	0.0013118747034245536	0.0	0.0	0.0	1	0	0	0.0	0.0	0.0	0	0	0	0.03281721041484205	-2.436465777063813	0.0017115911792032344	21	10	0	0.009353741496598622	-0.1106800058680335	-0.00014867360931397622	2	1	0	0.010542737977860168	0.0	2	0	-0.6367864457329616	0.0	0.00039072939247231455
drop_prob_lt_0.7_and_breadth_lt_0.2	probability_min	>=	0.3749368973642101	18	35	0.02561767360535034	-0.04500000000000004	8	3	-1.510214013776601	0.0	0.0009395356293407772	0.0	0.0	0.0	0	0	0	0.0	0.0	0.0	0	0	0	0.032687820969573414	-1.9562176790621904	0.0012280070033670043	17	7	3	0.0070237050043898686	-0.0198065737509463	-0.00013622103199095736	1	1	0	0.00992788149349082	0.0	2	0	-0.49400606320328416	0.0	0.00027294649284401173
drop_prob_lt_0.7_and_breadth_lt_0.2	max_breadth_median	>=	0.2843749	24	35	0.025546905571743515	-0.031565656565656575	13	3	-2.528384600686946	0.7654741840761368	0.001651063007557079	0.0	0.0	0.0	1	0	0	0.0	0.0	0.0	0	0	0	0.0320374070524016	-3.289948510412288	0.002224624799373074	21	11	3	0.014565852298089932	0.1675743785443391	-0.0011388321592876172	2	2	0	0.011650814837622883	0.0	2	0	-0.7805935329669872	0.1675743785443391	0.0002714481600213642
min_xny_ge_25	probability_min	>=	0.3622225482687852	21	35	0.025173061702212323	0.0	10	0	-1.0403768113062166	0.0	0.000922044631718658	0.0	0.0	0.0	0	0	0	0.0	0.0	0.0	0	0	0	0.03263174665101597	-1.3486366072487994	0.001195243041116779	20	10	0	0.0	0.0	0.0	1	0	0	0.008157936662753993	0.0	1	0	-0.33715915181219985	0.0	0.00029881076027919474
min_xny_ge_25	abundance_entropy	<=	2.623281549403161	21	35	0.025135651014404365	0.0	9	0	-0.9923099189771922	0.0	0.0009390631452006026	0.0	0.0	0.0	0	0	0	0.0	0.0	0.0	0	0	0	0.03258325131496862	-1.286327672748212	0.0012173040771118924	20	9	0	0.0	0.0	0.0	1	0	0	0.008145812828742155	0.0	1	0	-0.321581918187053	0.0	0.0003043260192779731
drop_prob_lt_0.7_and_breadth_lt_0.2	low_xny25_frac	>=	0.2473913043478261	4	35	0.025133358704832846	0.0	4	0	-0.6889227624698281	0.0	0.0004381580892000438	0.0	0.0	0.0	0	0	0	0.0	0.0	0.0	0	0	0	0.0325802798025611	-0.8930480254238512	0.000567982708222279	4	4	0	0.0	0.0	0.0	0	0	0	0.008145069950640274	0.0	1	0	-0.2232620063559628	0.0	0.00014199567705556974
drop_prob_lt_0.5_and_realaf_lt_0.3	method_kept_rows	<=	66.8	24	35	0.024965350157229504	-0.027564102564102577	13	1	-0.6570209175630978	0.0	0.00028926735027477843	0.0	0.0	0.0	1	0	0	0.0	0.0	0.0	0	0	0	0.03184221649978714	-0.8502266284150565	0.0003850666416147837	21	12	1	0.0070237050043898686	-0.0198065737509463	-0.00013622103199095736	2	1	0	0.009716480376044253	0.0	2	0	-0.2175083005415007	0.0	6.221140240595658e-05
drop_prob_lt_0.7_and_breadth_lt_0.2	max_breadth_median	>=	0.3463384	21	35	0.024771012322238228	-0.004802744425385863	12	1	-1.9536603235463514	0.3747619045905708	0.0013653101704992725	0.0	0.0	0.0	1	0	0	0.0	0.0	0.0	0	0	0	0.031031619506746596	-2.5449355585633695	0.0018542044550388802	18	10	1	0.014565852298089932	0.1675743785443391	-0.0011388321592876172	2	2	0	0.011399367951209133	0.0	2	0	-0.5943402950047576	0.1675743785443391	0.00017884307393781576
drop_prob_lt_0.5_and_xny_lt_500	max_mean_depth_median	>=	0.7386777000000002	21	35	0.024751441608017514	-0.011210249370853576	14	1	-1.5413515942904976	0.08227400347389491	0.001080656133692437	0.0	0.0	0.0	0	0	0	0.0	0.0	0.0	0	0	0	0.030872057899208744	-1.9405718836987995	0.001328133842361856	19	12	1	0.01637744650098849	-0.7759324701499164	0.00098167546773259	2	2	0	0.011812376100049309	0.0	2	0	-0.679126088462179	0.0	0.0005774523275236115
drop_prob_lt_0.5_and_breadth_lt_0.1	method_kept_rows	<=	68.19999999999999	24	35	0.02457558882638554	0.0	11	0	-0.67790242191191	0.0	0.00038029702690446843	0.0	0.0	0.0	1	0	0	0.0	0.0	0.0	0	0	0	0.031164375034455433	-0.8227530731155152	0.0004101704793410852	21	10	0	0.009353741496598622	-0.7561258963989701	0.0011178964997235474	2	1	0	0.010129529132763514	0.0	2	0	-0.3947197423786213	0.0	0.00038201674476615814
drop_prob_lt_0.5_and_breadth_lt_0.2	max_mean_depth_median	>=	0.7386777000000002	21	35	0.024161993211097993	-0.004342162396873683	13	1	-1.0718035868326536	0.6488479620499419	0.0005148518063132958	0.0	0.0	0.0	0	0	0	0.0	0.0	0.0	0	0	0	0.030961648695426804	-1.411939272358923	0.00072869590243645	19	12	0	0.004852623805953027	0.30461740727402464	-0.0008274880724093991	2	1	1	0.008953568125344959	0.0	2	0	-0.2768304662712246	0.30461740727402464	-2.469804249323728e-05
max_xny_ge_10	max_depth_cv_mean	<=	11.6193571374269	28	35	0.024119909843943767	0.0	10	0	-0.0024918477600263398	0.0	-3.44198790376758e-05	0.0	0.0	0.0	3	0	0	0.0	0.0	0.0	0	0	0	0.031266549797704886	-0.0032301730222563663	-4.461836171550567e-05	24	10	0	0.0	0.0	0.0	1	0	0	0.007816637449426221	0.0	1	0	-0.0008075432555640916	0.0	-1.1154590428876418e-05
s_xny_ge_10	max_depth_cv_mean	<=	11.6193571374269	28	35	0.024119909843943767	0.0	10	0	-0.0024918477600263398	0.0	-3.44198790376758e-05	0.0	0.0	0.0	3	0	0	0.0	0.0	0.0	0	0	0	0.031266549797704886	-0.0032301730222563663	-4.461836171550567e-05	24	10	0	0.0	0.0	0.0	1	0	0	0.007816637449426221	0.0	1	0	-0.0008075432555640916	0.0	-1.1154590428876418e-05
min_xny_ge_25	max_mean_depth_median	>=	0.7386777000000002	21	35	0.024098236648373527	0.0	9	0	-1.3367489869745575	0.0	0.0012709731352273871	0.0	0.0	0.0	0	0	0	0.0	0.0	0.0	0	0	0	0.030895591537821555	-1.7304027126912382	0.0016495773241299088	19	8	0	0.004628655585945718	-0.032670650723041206	-2.7264009274496903e-05	2	1	0	0.008881061780941817	0.0	2	0	-0.44076834085356986	0.0	0.000405578328713853
min_breadth_ge_0.02	abundance_entropy	<=	2.7524095036723892	24	35	0.024003931689756505	0.0	10	0	-1.113034797578772	0.0	0.0010730788880255724	0.0	0.0	0.0	1	0	0	0.0	0.0	0.0	0	0	0	0.031116207745980652	-1.44282288575026	0.0013910281881812977	22	10	0	0.0	0.0	0.0	1	0	0	0.007779051936495163	0.0	1	0	-0.360705721437565	0.0	0.0003477570470453244
drop_prob_lt_0.5_and_realaf_lt_0.3	max_xny_median	>=	452.7	24	35	0.023995980449178705	0.0	14	0	-0.8328272230637979	0.0	0.0003848696344899816	0.0	0.0	0.0	1	0	0	0.0	0.0	0.0	0	0	0	0.030585626137499072	-1.0781236911011494	0.0005089955285604174	21	13	0	0.0070237050043898686	-0.0198065737509463	-0.00013622103199095736	2	1	0	0.009402332785472235	0.0	2	0	-0.2744825662130239	0.0	9.3193624142365e-05
drop_prob_lt_0.5_and_realaf_lt_0.3	max_real_min_af_median	>=	0.4527	24	35	0.023995980449178705	0.0	14	0	-0.8328272230637979	0.0	0.0003848696344899816	0.0	0.0	0.0	1	0	0	0.0	0.0	0.0	0	0	0	0.030585626137499072	-1.0781236911011494	0.0005089955285604174	21	13	0	0.0070237050043898686	-0.0198065737509463	-0.00013622103199095736	2	1	0	0.009402332785472235	0.0	2	0	-0.2744825662130239	0.0	9.3193624142365e-05
min_xny_ge_25	n_calls	<=	87.19999999999997	24	35	0.023969198271962637	0.0	11	0	-1.198164752932768	0.0	0.0011243070553103441	0.0	0.0	0.0	1	0	0	0.0	0.0	0.0	0	0	0	0.030728319568400032	-1.5507564833778074	0.0014594546279411496	21	10	0	0.004628655585945718	-0.032670650723041206	-2.7264009274496903e-05	2	1	0	0.008839243788586438	0.0	2	0	-0.39585678352521214	0.0	0.0003580476546666632
drop_prob_lt_0.7_and_breadth_lt_0.1	abundance_entropy	<=	2.7524095036723892	24	35	0.02392330639344218	-0.020875420875420825	11	2	-1.1181127047425865	0.11705400251215181	0.0009784975711352045	0.0	0.0	0.0	1	0	0	0.0	0.0	0.0	0	0	0	0.031011693472980602	-1.449405357999649	0.0012684227773974875	22	11	2	0.0	0.0	0.0	1	0	0	0.007752923368245151	0.0	1	0	-0.3623513394999123	0.0	0.00031710569434937187
min_breadth_ge_0.05	max_xny_median	>=	482.7	21	35	0.02368525641432408	0.0	9	0	-1.5946198432929084	0.19677882569514793	0.0012817082469012682	0.0	0.0	0.0	0	0	0	0.0	0.0	0.0	0	0	0	0.030010240426227613	-2.05890127790799	0.0016724865133397162	19	8	0	0.009353741496598622	-0.1106800058680335	-0.00014867360931397622	2	1	0	0.00984099548070656	0.0	2	0	-0.5423953209440059	0.0	0.000380953226006435
min_breadth_ge_0.05	max_real_min_af_median	>=	0.4827	21	35	0.02368525641432408	0.0	9	0	-1.5946198432929084	0.19677882569514793	0.0012817082469012682	0.0	0.0	0.0	0	0	0	0.0	0.0	0.0	0	0	0	0.030010240426227613	-2.05890127790799	0.0016724865133397162	19	8	0	0.009353741496598622	-0.1106800058680335	-0.00014867360931397622	2	1	0	0.00984099548070656	0.0	2	0	-0.5423953209440059	0.0	0.000380953226006435
min_xny_ge_50	max_xny_median	>=	482.7	21	35	0.02368525641432408	0.0	9	0	-1.5946198432929084	0.19677882569514793	0.0012817082469012682	0.0	0.0	0.0	0	0	0	0.0	0.0	0.0	0	0	0	0.030010240426227613	-2.05890127790799	0.0016724865133397162	19	8	0	0.009353741496598622	-0.1106800058680335	-0.00014867360931397622	2	1	0	0.00984099548070656	0.0	2	0	-0.5423953209440059	0.0	0.000380953226006435
min_xny_ge_50	max_real_min_af_median	>=	0.4827	21	35	0.02368525641432408	0.0	9	0	-1.5946198432929084	0.19677882569514793	0.0012817082469012682	0.0	0.0	0.0	0	0	0	0.0	0.0	0.0	0	0	0	0.030010240426227613	-2.05890127790799	0.0016724865133397162	19	8	0	0.009353741496598622	-0.1106800058680335	-0.00014867360931397622	2	1	0	0.00984099548070656	0.0	2	0	-0.5423953209440059	0.0	0.000380953226006435
drop_prob_lt_0.7_and_breadth_lt_0.2	abundance_entropy	<=	2.5306329745367555	18	35	0.023557052596636006	-0.04500000000000004	9	2	-0.9636752754209019	0.7654741840761368	0.00011212717647107898	0.0	0.0	0.0	0	0	0	0.0	0.0	0.0	0	0	0	0.030016645587906687	-1.2477415367492473	0.0001554404903877659	17	8	2	0.0070237050043898686	-0.0198065737509463	-0.00013622103199095736	1	1	0	0.00926008764807414	0.0	2	0	-0.3168870276250484	0.0	4.804864599202132e-06
min_xny_ge_25	low_prob_xny_mass_frac	<=	0.0001965061820143471	24	35	0.023437341917681067	0.0	10	0	-1.1491943341819384	0.0	0.0011095547862844406	0.0	0.0	0.0	2	0	0	0.0	0.0	0.0	0	0	0	0.030038876146183183	-1.487276310923028	0.0014403313162409043	20	9	0	0.004628655585945718	-0.032670650723041206	-2.7264009274496903e-05	2	1	0	0.008666882933032225	0.0	2	0	-0.3799867404115173	0.0	0.00035326682674160186
min_breadth_ge_0.02	probability_min	>=	0.3622225482687852	21	35	0.023413892660190467	0.0	9	0	-0.9629429305066225	0.0	0.0009267758146302858	0.0	0.0	0.0	0	0	0	0.0	0.0	0.0	0	0	0	0.030351342337283937	-1.2482593543604366	0.0012013760560022223	20	9	0	0.0	0.0	0.0	1	0	0	0.007587835584320984	0.0	1	0	-0.31206483859010914	0.0	0.00030034401400055557
drop_prob_lt_0.7_and_breadth_lt_0.1	probability_min	>=	0.3622225482687852	21	35	0.023388668193644373	-0.020875420875420825	9	2	-1.0542910177242424	0.0	0.0009542123788583101	0.0	0.0	0.0	0	0	0	0.0	0.0	0.0	0	0	0	0.030318643954724188	-1.3666735414943882	0.0012369419725941058	20	9	2	0.0	0.0	0.0	1	0	0	0.007579660988681047	0.0	1	0	-0.34166838537359706	0.0	0.00030923549314852645
max_xny_ge_10	method_dropped_fraction	>=	0.08305169483051708	7	35	0.02323438094591233	0.0	7	0	-0.0022498548874905974	0.0	-3.1076574032486345e-05	0.0	0.0	0.0	0	0	0	0.0	0.0	0.0	0	0	0	0.030118641966923394	-0.0029164785578581816	-4.028444781988971e-05	7	7	0	0.0	0.0	0.0	0	0	0	0.007529660491730848	0.0	1	0	-0.0007291196394645454	0.0	-1.0071111954972427e-05
max_xny_ge_10	method_kept_fraction	<=	0.9169483051694831	7	35	0.02323438094591233	0.0	7	0	-0.0022498548874905974	0.0	-3.1076574032486345e-05	0.0	0.0	0.0	0	0	0	0.0	0.0	0.0	0	0	0	0.030118641966923394	-0.0029164785578581816	-4.028444781988971e-05	7	7	0	0.0	0.0	0.0	0	0	0	0.007529660491730848	0.0	1	0	-0.0007291196394645454	0.0	-1.0071111954972427e-05
s_xny_ge_10	method_dropped_fraction	>=	0.08305169483051708	7	35	0.02323438094591233	0.0	7	0	-0.0022498548874905974	0.0	-3.1076574032486345e-05	0.0	0.0	0.0	0	0	0	0.0	0.0	0.0	0	0	0	0.030118641966923394	-0.0029164785578581816	-4.028444781988971e-05	7	7	0	0.0	0.0	0.0	0	0	0	0.007529660491730848	0.0	1	0	-0.0007291196394645454	0.0	-1.0071111954972427e-05
s_xny_ge_10	method_kept_fraction	<=	0.9169483051694831	7	35	0.02323438094591233	0.0	7	0	-0.0022498548874905974	0.0	-3.1076574032486345e-05	0.0	0.0	0.0	0	0	0	0.0	0.0	0.0	0	0	0	0.030118641966923394	-0.0029164785578581816	-4.028444781988971e-05	7	7	0	0.0	0.0	0.0	0	0	0	0.007529660491730848	0.0	1	0	-0.0007291196394645454	0.0	-1.0071111954972427e-05
min_xny_ge_25	method_kept_rows	<=	59.4	21	35	0.023048826609902998	0.0	9	0	-1.1654232735098908	0.0	0.0011257469273478562	0.0	0.0	0.0	0	0	0	0.0	0.0	0.0	0	0	0	0.029535245191656054	-1.50831382486667	0.001461321128730517	19	8	0	0.004628655585945718	-0.032670650723041206	-2.7264009274496903e-05	2	1	0	0.008540975194400443	0.0	2	0	-0.3852461188974278	0.0	0.000358514279864005
drop_prob_lt_0.7_and_breadth_lt_0.1	abundance_entropy	<=	2.623281549403161	21	35	0.023035468776208063	-0.020875420875420825	10	1	-0.8351511641513898	0.11705400251215181	0.0008124572846933021	0.0	0.0	0.0	0	0	0	0.0	0.0	0.0	0	0	0	0.029860792858047488	-1.0826033609369867	0.001053185369046873	20	10	1	0.0	0.0	0.0	1	0	0	0.007465198214511872	0.0	1	0	-0.2706508402342467	0.0	0.00026329634226171826
drop_prob_lt_0.7_and_breadth_lt_0.1	max_mean_depth_median	>=	0.7386777000000002	21	35	0.02300444596209059	-0.020875420875420825	10	1	-1.2641503234795186	0.11705400251215181	0.0012145201023039747	0.0	0.0	0.0	0	0	0	0.0	0.0	0.0	0	0	0	0.02912770835851753	-1.582704056629082	0.0014915707622663711	19	9	1	0.009353741496598622	-0.7561258963989701	0.0011178964997235474	2	1	0	0.009620362463779038	0.0	2	0	-0.584707488257013	0.0	0.0006523668154974796
min_breadth_ge_0.02	abundance_entropy	<=	2.623281549403161	21	35	0.022932444366066108	0.0	8	0	-0.9135579871092817	0.0	0.000944626619424319	0.0	0.0	0.0	0	0	0	0.0	0.0	0.0	0	0	0	0.02972724269675236	-1.1842418351416615	0.0012245159881426357	20	8	0	0.0	0.0	0.0	1	0	0	0.00743181067418809	0.0	1	0	-0.29606045878541537	0.0	0.0003061289970356589
drop_prob_lt_0.5_and_breadth_lt_0.1	max_xny_median	>=	452.7	24	35	0.022897063087636598	0.0	12	0	-0.8410617243066919	0.0	0.000509851008769854	0.0	0.0	0.0	1	0	0	0.0	0.0	0.0	0	0	0	0.028988508336077176	-1.0342558725161584	0.000578110826203622	21	11	0	0.009353741496598622	-0.7561258963989701	0.0011178964997235474	2	1	0	0.00958556245816895	0.0	2	0	-0.4475954422287821	0.0	0.00042400183148179235
drop_prob_lt_0.5_and_breadth_lt_0.1	max_real_min_af_median	>=	0.4527	24	35	0.022897063087636598	0.0	12	0	-0.8410617243066919	0.0	0.000509851008769854	0.0	0.0	0.0	1	0	0	0.0	0.0	0.0	0	0	0	0.028988508336077176	-1.0342558725161584	0.000578110826203622	21	11	0	0.009353741496598622	-0.7561258963989701	0.0011178964997235474	2	1	0	0.00958556245816895	0.0	2	0	-0.4475954422287821	0.0	0.00042400183148179235
min_breadth_ge_0.02	max_mean_depth_median	>=	0.7386777000000002	21	35	0.022847134325939017	0.0	8	0	-1.2595585414951609	0.0	0.001255458153978609	0.0	0.0	0.0	0	0	0	0.0	0.0	0.0	0	0	0	0.029616655607698727	-1.6327610723085417	0.001627445755157456	19	8	0	0.0	0.0	0.0	2	0	0	0.007404163901924682	0.0	1	0	-0.40819026807713543	0.0	0.000406861438789364
min_breadth_ge_0.02	n_calls	<=	87.19999999999997	24	35	0.022835445999694486	0.0	9	0	-1.1455339723516877	0.0	0.0011196451668264963	0.0	0.0	0.0	1	0	0	0.0	0.0	0.0	0	0	0	0.029601504073678037	-1.4849514456410768	0.001451391882923236	21	9	0	0.0	0.0	0.0	2	0	0	0.007400376018419509	0.0	1	0	-0.3712378614102692	0.0	0.000362847970730809
min_xny_ge_25	max_breadth_median	>=	0.2843749	24	35	0.02259769539242893	0.0	11	0	-1.4711151462737766	0.0	0.0012599495950973395	0.0	0.0	0.0	1	0	0	0.0	0.0	0.0	0	0	0	0.028950445465300782	-1.904581067338374	0.0016352875498872547	21	10	0	0.004628655585945718	-0.032670650723041206	-2.7264009274496903e-05	2	1	0	0.008394775262811625	0.0	2	0	-0.4843129295153538	0.0	0.00040200588515318944
min_breadth_ge_0.05	low_xny25_frac	>=	0.2473913043478261	4	35	0.022558782989260517	0.0	4	0	-0.428445740890851	0.0	0.00016047000327146867	0.0	0.0	0.0	0	0	0	0.0	0.0	0.0	0	0	0	0.029242866837930297	-0.5553926270807328	0.00020801667090745938	4	4	0	0.0	0.0	0.0	0	0	0	0.007310716709482574	0.0	1	0	-0.1388481567701832	0.0	5.2004167726864846e-05
min_xny_ge_50	low_xny25_frac	>=	0.2473913043478261	4	35	0.022558782989260517	0.0	4	0	-0.428445740890851	0.0	0.00016047000327146867	0.0	0.0	0.0	0	0	0	0.0	0.0	0.0	0	0	0	0.029242866837930297	-0.5553926270807328	0.00020801667090745938	4	4	0	0.0	0.0	0.0	0	0	0	0.007310716709482574	0.0	1	0	-0.1388481567701832	0.0	5.2004167726864846e-05
max_xny_ge_10	method_dropped_rows	>=	9.200000000000003	7	35	0.022456549951084672	0.0	7	0	-0.0022377117650830567	0.0	-3.2581640872456474e-05	0.0	0.0	0.0	0	0	0	0.0	0.0	0.0	0	0	0	0.029110342529183833	-0.002900737473255814	-4.223546039022135e-05	7	7	0	0.0	0.0	0.0	0	0	0	0.007277585632295958	0.0	1	0	-0.0007251843683139535	0.0	-1.0558865097555338e-05
s_xny_ge_10	method_dropped_rows	>=	9.200000000000003	7	35	0.022456549951084672	0.0	7	0	-0.0022377117650830567	0.0	-3.2581640872456474e-05	0.0	0.0	0.0	0	0	0	0.0	0.0	0.0	0	0	0	0.029110342529183833	-0.002900737473255814	-4.223546039022135e-05	7	7	0	0.0	0.0	0.0	0	0	0	0.007277585632295958	0.0	1	0	-0.0007251843683139535	0.0	-1.0558865097555338e-05
drop_prob_lt_0.5_and_breadth_lt_0.2	abundance_entropy	<=	2.623281549403161	21	35	0.022451309241994604	-0.041883116883116966	13	1	-0.6322906668391782	0.06153075580935763	0.00013985790911803838	0.0	0.0	0.0	0	0	0	0.0	0.0	0.0	0	0	0	0.028583274572630792	-0.818168895995161	0.00019138773641160214	20	12	1	0.0070237050043898686	-0.0198065737509463	-0.00013622103199095736	1	1	0	0.008901744894255166	0.0	2	0	-0.20949386743652681	0.0	1.3791676105161193e-05
min_breadth_ge_0.05	max_breadth_median	>=	0.3463384	21	35	0.022303522420063646	0.0	8	0	-1.350302866006197	0.0	0.0010498300396782011	0.0	0.0	0.0	1	0	0	0.0	0.0	0.0	0	0	0	0.028219103767001125	-1.7421940851289197	0.0013719036521246295	18	7	0	0.009353741496598622	-0.1106800058680335	-0.00014867360931397622	2	1	0	0.009393211315899937	0.0	2	0	-0.4632185227492383	0.0	0.0003058075107026633
min_xny_ge_50	max_breadth_median	>=	0.3463384	21	35	0.022303522420063646	0.0	8	0	-1.350302866006197	0.0	0.0010498300396782011	0.0	0.0	0.0	1	0	0	0.0	0.0	0.0	0	0	0	0.028219103767001125	-1.7421940851289197	0.0013719036521246295	18	7	0	0.009353741496598622	-0.1106800058680335	-0.00014867360931397622	2	1	0	0.009393211315899937	0.0	2	0	-0.4632185227492383	0.0	0.0003058075107026633
drop_prob_lt_0.7_and_breadth_lt_0.1	n_calls	<=	87.19999999999997	24	35	0.02212041351558876	-0.020875420875420825	11	2	-1.1032135163546217	0.11705400251215181	0.001062643170597385	0.0	0.0	0.0	1	0	0	0.0	0.0	0.0	0	0	0	0.02798174037231146	-1.3740822696153268	0.0012946932582022733	21	10	2	0.009353741496598622	-0.7561258963989701	0.0011178964997235474	2	1	0	0.009333870467227522	0.0	2	0	-0.5325520415035743	0.0	0.0006031474394814552
drop_prob_lt_0.5_and_xny_lt_500	abundance_entropy	<=	2.623281549403161	21	35	0.021985415894119068	-0.041883116883116966	12	3	-1.0590858135137142	0.08227400347389491	0.0006045706739970117	0.0	0.0	0.0	0	0	0	0.0	0.0	0.0	0	0	0	0.027979338751310652	-1.3714218639065963	0.0007937931723658268	20	11	3	0.0070237050043898686	-0.0198065737509463	-0.00013622103199095736	1	1	0	0.00875076093892513	0.0	2	0	-0.34780710941438564	0.0	0.00016439303509371736
drop_prob_lt_0.5_and_breadth_lt_0.2	abundance_entropy	<=	2.7524095036723892	24	35	0.021912834739325728	-0.041883116883116966	13	3	-0.8434766351144429	0.06153075580935763	0.0002849924098723422	0.0	0.0	0.0	1	0	0	0.0	0.0	0.0	0	0	0	0.02788525206917114	-1.0919284845001336	0.00037952505220421824	22	12	3	0.0070237050043898686	-0.0198065737509463	-0.00013622103199095736	1	1	0	0.008727239268390252	0.0	2	0	-0.27793376456276997	0.0	6.082600505331522e-05
drop_prob_lt_0.5_and_breadth_lt_0.2	probability_min	>=	0.3622225482687852	21	35	0.021885667226566458	-0.041883116883116966	10	4	-0.8971014022354138	0.012408353190568988	0.00031436132440106106	0.0	0.0	0.0	0	0	0	0.0	0.0	0.0	0	0	0	0.027850034923001712	-1.1614420715087999	0.000417595867334039	20	9	4	0.0070237050043898686	-0.0198065737509463	-0.00013622103199095736	1	1	0	0.008718434981847895	0.0	2	0	-0.29531216131493654	0.0	7.034370883577041e-05
drop_prob_lt_0.7_and_breadth_lt_0.1	method_kept_rows	<=	60.8	21	35	0.021863535352843515	-0.020875420875420825	10	1	-1.0925127222567559	0.11705400251215181	0.0010668345016450166	0.0	0.0	0.0	0	0	0	0.0	0.0	0.0	0	0	0	0.0276487501613454	-1.360210869858834	0.0013001264651158698	19	9	1	0.009353741496598622	-0.7561258963989701	0.0011178964997235474	2	1	0	0.009250622914486004	0.0	2	0	-0.5290841915644511	0.0	0.0006045057412098543
min_breadth_ge_0.02	low_prob_xny_mass_frac	<=	0.0001965061820143471	24	35	0.021801528039785946	0.0	8	0	-1.0793768994280288	0.0	0.0011053986551298825	0.0	0.0	0.0	2	0	0	0.0	0.0	0.0	0	0	0	0.028261240051574373	-1.3991922770363336	0.0014329241825757734	20	8	0	0.0	0.0	0.0	2	0	0	0.007065310012893593	0.0	1	0	-0.3497980692590834	0.0	0.00035823104564394336
max_xny_ge_10	max_mean_depth_median	>=	0.6132042	24	35	0.021752410103165074	0.0	9	0	-0.002311065824379556	0.0	-1.0861872432332832e-05	0.0	0.0	0.0	0	0	0	0.0	0.0	0.0	0	0	0	0.028197568652251023	-0.002995826068640165	-1.4080205004875892e-05	22	9	0	0.0	0.0	0.0	2	0	0	0.007049392163062756	0.0	1	0	-0.0007489565171600413	0.0	-3.520051251218973e-06
s_xny_ge_10	max_mean_depth_median	>=	0.6132042	24	35	0.021752410103165074	0.0	9	0	-0.002311065824379556	0.0	-1.0861872432332832e-05	0.0	0.0	0.0	0	0	0	0.0	0.0	0.0	0	0	0	0.028197568652251023	-0.002995826068640165	-1.4080205004875892e-05	22	9	0	0.0	0.0	0.0	2	0	0	0.007049392163062756	0.0	1	0	-0.0007489565171600413	0.0	-3.520051251218973e-06
drop_prob_lt_0.5_and_xny_lt_500	method_kept_rows	<=	57.99999999999999	21	35	0.021741681725896956	-0.041883116883116966	13	2	-1.3221081945925075	0.08227400347389491	0.0008760854886764971	0.0	0.0	0.0	0	0	0	0.0	0.0	0.0	0	0	0	0.026970517311274686	-1.6563674766828862	0.0010629496728967488	19	11	2	0.01637744650098849	-0.7759324701499164	0.00098167546773259	2	2	0	0.010836990953065794	0.0	2	0	-0.6080749867082007	0.0	0.0005111562851573347
min_breadth_ge_0.02	method_kept_rows	<=	60.599999999999994	21	35	0.021687872345726972	0.0	7	0	-1.1126644847752327	0.0	0.0011210740457971641	0.0	0.0	0.0	0	0	0	0.0	0.0	0.0	0	0	0	0.02811390859631274	-1.442342850634561	0.0014532441334407684	19	7	0	0.0	0.0	0.0	2	0	0	0.007028477149078185	0.0	1	0	-0.36058571265864026	0.0	0.0003633110333601921
max_xny_ge_10	max_breadth_median	>=	0.198975	31	35	0.02166236984346464	0.0	10	0	-0.0023076627284062566	0.0	-3.470900225338739e-05	0.0	0.0	0.0	3	0	0	0.0	0.0	0.0	0	0	0	0.02808084979708379	-0.0029914146479340367	-4.499315106920587e-05	26	10	0	0.0	0.0	0.0	2	0	0	0.007020212449270947	0.0	1	0	-0.0007478536619835092	0.0	-1.1248287767301468e-05
max_xny_ge_10	low_breadth05_frac	<=	0.3263157894736842	31	35	0.02166236984346464	0.0	10	0	-0.0023076627284062566	0.0	-3.470900225338739e-05	0.0	0.0	0.0	3	0	0	0.0	0.0	0.0	0	0	0	0.02808084979708379	-0.0029914146479340367	-4.499315106920587e-05	26	10	0	0.0	0.0	0.0	2	0	0	0.007020212449270947	0.0	1	0	-0.0007478536619835092	0.0	-1.1248287767301468e-05
s_xny_ge_10	max_breadth_median	>=	0.198975	31	35	0.02166236984346464	0.0	10	0	-0.0023076627284062566	0.0	-3.470900225338739e-05	0.0	0.0	0.0	3	0	0	0.0	0.0	0.0	0	0	0	0.02808084979708379	-0.0029914146479340367	-4.499315106920587e-05	26	10	0	0.0	0.0	0.0	2	0	0	0.007020212449270947	0.0	1	0	-0.0007478536619835092	0.0	-1.1248287767301468e-05
s_xny_ge_10	low_breadth05_frac	<=	0.3263157894736842	31	35	0.02166236984346464	0.0	10	0	-0.0023076627284062566	0.0	-3.470900225338739e-05	0.0	0.0	0.0	3	0	0	0.0	0.0	0.0	0	0	0	0.02808084979708379	-0.0029914146479340367	-4.499315106920587e-05	26	10	0	0.0	0.0	0.0	2	0	0	0.007020212449270947	0.0	1	0	-0.0007478536619835092	0.0	-1.1248287767301468e-05
drop_prob_lt_0.5_and_realaf_lt_0.3	max_mean_depth_median	>=	0.7386777000000002	21	35	0.02165304141827125	0.0	12	0	-0.7599654815401606	0.0	0.0003834865901043427	0.0	0.0	0.0	0	0	0	0.0	0.0	0.0	0	0	0	0.027548482949285705	-0.9836732854223603	0.0005072026932457003	19	11	0	0.0070237050043898686	-0.0198065737509463	-0.00013622103199095736	2	1	0	0.008643046988418893	0.0	2	0	-0.2508699647933267	0.0	9.274541531368574e-05
drop_prob_lt_0.7_and_breadth_lt_0.1	max_breadth_median	>=	0.2843749	24	35	0.021622282213194042	-0.020875420875420825	12	1	-1.4726871146262288	0.11705400251215181	0.00123397237479471	0.0	0.0	0.0	1	0	0	0.0	0.0	0.0	0	0	0	0.02733601460994793	-1.8530295266340764	0.0015167866710506578	21	11	1	0.009353741496598622	-0.7561258963989701	0.0011178964997235474	2	1	0	0.009172439026636638	0.0	2	0	-0.6522888557582616	0.0	0.0006586707926935513
drop_prob_lt_0.5_and_realaf_lt_0.3	abundance_entropy	<=	2.623281549403161	21	35	0.021586999722909915	-0.027564102564102577	12	1	-0.45730378470286215	0.0	0.00012785996396473502	0.0	0.0	0.0	0	0	0	0.0	0.0	0.0	0	0	0	0.02746287334418768	-0.5913340487814178	0.0001758348445462089	20	11	1	0.0070237050043898686	-0.0198065737509463	-0.00013622103199095736	1	1	0	0.008621644587144386	0.0	2	0	-0.15278515563309103	0.0	9.903453138812887e-06
drop_prob_lt_0.5_and_realaf_lt_0.3	abundance_entropy	<=	2.7524095036723892	24	35	0.021443005814971952	-0.027564102564102577	12	3	-0.6841357958887719	0.0	0.0002830489760927162	0.0	0.0	0.0	1	0	0	0.0	0.0	0.0	0	0	0	0.027276214574638465	-0.8853755447631527	0.0003770057861935919	22	11	3	0.0070237050043898686	-0.0198065737509463	-0.00013622103199095736	1	1	0	0.008574979894757084	0.0	2	0	-0.22629552962852476	0.0	6.019618855065864e-05
drop_prob_lt_0.7_and_breadth_lt_0.2	max_xny_p25	>=	234.79999999999998	24	35	0.02142961556846253	-0.031565656565656575	13	3	-2.4588953392879733	0.7654741840761368	0.0014650476575945616	0.0	0.0	0.0	1	0	0	0.0	0.0	0.0	0	0	0	0.026700179270370692	-3.1998698382284343	0.001983493790162403	21	11	3	0.014565852298089932	0.1675743785443391	-0.0011388321592876172	2	2	0	0.010316507892115155	0.0	2	0	-0.7580738649210238	0.1675743785443391	0.0002111654077186965
drop_prob_lt_0.5_and_breadth_lt_0.1	abundance_entropy	<=	2.7524095036723892	24	35	0.021350486753244143	0.0	10	0	-0.595953234230257	0.0	0.00026576402745927144	0.0	0.0	0.0	1	0	0	0.0	0.0	0.0	0	0	0	0.027676556902353516	-0.7725319702984813	0.0003445089244842408	22	10	0	0.0	0.0	0.0	1	0	0	0.006919139225588379	0.0	1	0	-0.19313299257462033	0.0	8.61272311210602e-05
drop_prob_lt_0.5_and_breadth_lt_0.2	method_kept_rows	<=	58.199999999999996	21	35	0.021286657226424997	-0.041883116883116966	12	2	-0.8481557986876312	0.6488479620499419	0.0003069465948290511	0.0	0.0	0.0	0	0	0	0.0	0.0	0.0	0	0	0	0.027234361307887738	-1.122025472911672	0.0004591891468087254	19	11	1	0.004852623805953027	0.30461740727402464	-0.0008274880724093991	2	1	1	0.008021746278460192	0.0	2	0	-0.20435201640941186	0.30461740727402464	-9.207473140016843e-05
drop_prob_lt_0.5_and_realaf_lt_0.3	probability_min	>=	0.3622225482687852	21	35	0.021279295172350596	-0.027564102564102577	10	3	-0.7040972682096681	0.0	0.00031568247912442554	0.0	0.0	0.0	0	0	0	0.0	0.0	0.0	0	0	0	0.027063997074944116	-0.9112515274013513	0.00041930847530877066	20	9	3	0.0070237050043898686	-0.0198065737509463	-0.00013622103199095736	1	1	0	0.008521925519833495	0.0	2	0	-0.2327645252880744	0.0	7.077186082945332e-05
min_breadth_ge_0.05	max_xny_p25	>=	234.79999999999998	24	35	0.021245993620657138	0.0	11	0	-1.917505155899899	0.19677882569514793	0.0013665526452232893	0.0	0.0	0.0	1	0	0	0.0	0.0	0.0	0	0	0	0.0268482331011038	-2.4774563127689038	0.0017824699926460399	21	10	0	0.009353741496598622	-0.1106800058680335	-0.00014867360931397622	2	1	0	0.009050493649425607	0.0	2	0	-0.6470340796592343	0.0	0.0004084490958330159
min_xny_ge_50	max_xny_p25	>=	234.79999999999998	24	35	0.021245993620657138	0.0	11	0	-1.917505155899899	0.19677882569514793	0.0013665526452232893	0.0	0.0	0.0	1	0	0	0.0	0.0	0.0	0	0	0	0.0268482331011038	-2.4774563127689038	0.0017824699926460399	21	10	0	0.009353741496598622	-0.1106800058680335	-0.00014867360931397622	2	1	0	0.009050493649425607	0.0	2	0	-0.6470340796592343	0.0	0.0004084490958330159
max_xny_ge_10	low_real_frac	<=	0.29185471738663227	31	35	0.02122881130047104	0.0	10	0	-0.002486516275488628	0.0	-3.0641623649169904e-05	0.0	0.0	0.0	3	0	0	0.0	0.0	0.0	0	0	0	0.027518829463573573	-0.0032232618385963693	-3.972062324892395e-05	26	10	0	0.0	0.0	0.0	2	0	0	0.006879707365893393	0.0	1	0	-0.0008058154596490923	0.0	-9.930155812230988e-06
s_xny_ge_10	low_real_frac	<=	0.29185471738663227	31	35	0.02122881130047104	0.0	10	0	-0.002486516275488628	0.0	-3.0641623649169904e-05	0.0	0.0	0.0	3	0	0	0.0	0.0	0.0	0	0	0	0.027518829463573573	-0.0032232618385963693	-3.972062324892395e-05	26	10	0	0.0	0.0	0.0	2	0	0	0.006879707365893393	0.0	1	0	-0.0008058154596490923	0.0	-9.930155812230988e-06
drop_prob_lt_0.5_and_xny_lt_500	probability_min	>=	0.3622225482687852	21	35	0.020979775528118354	-0.041883116883116966	10	5	-1.0755169382207543	0.08227400347389491	0.0005374692419519869	0.0	0.0	0.0	0	0	0	0.0	0.0	0.0	0	0	0	0.026675730869457875	-1.392721470008315	0.0007068098345296836	20	9	5	0.0070237050043898686	-0.0198065737509463	-0.00013622103199095736	1	1	0	0.008424858968461936	0.0	2	0	-0.35313201093981533	0.0	0.00014264720063468156
min_breadth_ge_0.02	max_breadth_median	>=	0.2843749	24	35	0.020974593906938822	0.0	10	0	-1.3037577038799921	0.0	0.001187987995050637	0.0	0.0	0.0	1	0	0	0.0	0.0	0.0	0	0	0	0.02718928839788366	-1.6900562828073975	0.0015399844380286035	21	10	0	0.0	0.0	0.0	2	0	0	0.006797322099470915	0.0	1	0	-0.4225140707018494	0.0	0.0003849961095071509
drop_prob_lt_0.5_and_breadth_lt_0.1	probability_min	>=	0.3622225482687852	21	35	0.02088164741763248	0.0	8	0	-0.5347038154262588	0.0	0.00023994241576191628	0.0	0.0	0.0	0	0	0	0.0	0.0	0.0	0	0	0	0.027068802208042104	-0.6931345755525576	0.00031103646487655814	20	8	0	0.0	0.0	0.0	1	0	0	0.006767200552010526	0.0	1	0	-0.1732836438881394	0.0	7.775911621913954e-05
drop_prob_lt_0.5_and_breadth_lt_0.1	abundance_entropy	<=	2.623281549403161	21	35	0.02081837997113736	0.0	9	0	-0.4007401151114945	0.0	0.0001367329125672136	0.0	0.0	0.0	0	0	0	0.0	0.0	0.0	0	0	0	0.026986788851474357	-0.5194779269963817	0.00017724636814268427	20	9	0	0.0	0.0	0.0	1	0	0	0.006746697212868589	0.0	1	0	-0.12986948174909543	0.0	4.431159203567107e-05
min_xny_ge_25	max_xny_median	>=	482.7	21	35	0.02079572699969894	0.0	9	0	-1.3418707572317234	0.0	0.0012729198184321167	0.0	0.0	0.0	0	0	0	0.0	0.0	0.0	0	0	0	0.026614560511761903	-1.737042044506083	0.0016521008023582622	19	8	0	0.004628655585945718	-0.032670650723041206	-2.7264009274496903e-05	2	1	0	0.007810804024426905	0.0	2	0	-0.44242817380728106	0.0	0.0004062091982709413
min_xny_ge_25	max_real_min_af_median	>=	0.4827	21	35	0.02079572699969894	0.0	9	0	-1.3418707572317234	0.0	0.0012729198184321167	0.0	0.0	0.0	0	0	0	0.0	0.0	0.0	0	0	0	0.026614560511761903	-1.737042044506083	0.0016521008023582622	19	8	0	0.004628655585945718	-0.032670650723041206	-2.7264009274496903e-05	2	1	0	0.007810804024426905	0.0	2	0	-0.44242817380728106	0.0	0.0004062091982709413
min_breadth_ge_0.05	max_mean_depth_median	>=	0.9391045	18	35	0.020767278364682694	0.0	6	0	-1.3374667000342335	0.0	0.0010823669989695496	0.0	0.0	0.0	0	0	0	0.0	0.0	0.0	0	0	0	0.026920546028292382	-1.7337531296740063	0.0014030683319975644	17	6	0	0.0	0.0	0.0	1	0	0	0.006730136507073096	0.0	1	0	-0.4334382824185016	0.0	0.0003507670829993911
min_xny_ge_50	max_mean_depth_median	>=	0.9391045	18	35	0.020767278364682694	0.0	6	0	-1.3374667000342335	0.0	0.0010823669989695496	0.0	0.0	0.0	0	0	0	0.0	0.0	0.0	0	0	0	0.026920546028292382	-1.7337531296740063	0.0014030683319975644	17	6	0	0.0	0.0	0.0	1	0	0	0.006730136507073096	0.0	1	0	-0.4334382824185016	0.0	0.0003507670829993911
min_xny_ge_25	low_xny25_frac	>=	0.2473913043478261	4	35	0.020678972312386804	0.0	4	0	-0.34010328745933294	0.0	0.00016670832081445232	0.0	0.0	0.0	0	0	0	0.0	0.0	0.0	0	0	0	0.02680607521976067	-0.4408746318917279	0.00021610337883354932	4	4	0	0.0	0.0	0.0	0	0	0	0.0067015188049401675	0.0	1	0	-0.11021865797293197	0.0	5.402584470838733e-05
drop_prob_lt_0.5_and_breadth_lt_0.2	n_calls	<=	87.19999999999997	24	35	0.020615924041565842	-0.041883116883116966	12	4	-0.8794630562901824	0.6488479620499419	0.0003146231578026721	0.0	0.0	0.0	1	0	0	0.0	0.0	0.0	0	0	0	0.026364892364551792	-1.1626089549890528	0.00046914024695971564	21	11	3	0.004852623805953027	0.30461740727402464	-0.0008274880724093991	2	1	1	0.007804379042626205	0.0	2	0	-0.21449788692875704	0.30461740727402464	-8.958695636242088e-05
drop_prob_lt_0.7_and_breadth_lt_0.1	low_xny25_frac	>=	0.2473913043478261	4	35	0.020149462108232156	0.0	4	0	-0.32411548050145217	0.0	0.0001683406395778781	0.0	0.0	0.0	0	0	0	0.0	0.0	0.0	0	0	0	0.026119673103263907	-0.42014969694632687	0.0002182193476009531	4	4	0	0.0	0.0	0.0	0	0	0	0.006529918275815977	0.0	1	0	-0.10503742423658172	0.0	5.455483690023828e-05
drop_prob_lt_0.5_and_breadth_lt_0.1	max_mean_depth_median	>=	0.7386777000000002	21	35	0.02004571970101354	0.0	10	0	-0.7592471842442617	0.0	0.0005077720108768264	0.0	0.0	0.0	0	0	0	0.0	0.0	0.0	0	0	0	0.025292322464528765	-0.9281999872500454	0.0005754158289348826	19	9	0	0.009353741496598622	-0.7561258963989701	0.0011178964997235474	2	1	0	0.008661515990281848	0.0	2	0	-0.4210814709122539	0.0	0.0004233280821646075
drop_prob_lt_0.7_and_breadth_lt_0.1	max_xny_median	>=	482.7	21	35	0.01999747440019859	-0.020875420875420825	10	1	-1.2890313842178258	0.11705400251215181	0.0012144460112595988	0.0	0.0	0.0	0	0	0	0.0	0.0	0.0	0	0	0	0.025229782259768643	-1.6149572835120727	0.0014914747183199578	19	9	1	0.009353741496598622	-0.7561258963989701	0.0011178964997235474	2	1	0	0.008645880939091816	0.0	2	0	-0.5927707949777608	0.0	0.0006523428045108763
drop_prob_lt_0.7_and_breadth_lt_0.1	max_real_min_af_median	>=	0.4827	21	35	0.01999747440019859	-0.020875420875420825	10	1	-1.2890313842178258	0.11705400251215181	0.0012144460112595988	0.0	0.0	0.0	0	0	0	0.0	0.0	0.0	0	0	0	0.025229782259768643	-1.6149572835120727	0.0014914747183199578	19	9	1	0.009353741496598622	-0.7561258963989701	0.0011178964997235474	2	1	0	0.008645880939091816	0.0	2	0	-0.5927707949777608	0.0	0.0006523428045108763
max_xny_ge_10	low_prob_xny_mass_frac	<=	0.0016178239444095321	28	35	0.01985510148157443	0.0	9	0	-0.0021226675889184526	0.0	-3.7176483307426494e-05	0.0	0.0	0.0	3	0	0	0.0	0.0	0.0	0	0	0	0.025738094513152038	-0.002751606133783179	-4.819173762073805e-05	23	9	0	0.0	0.0	0.0	2	0	0	0.0064345236282880094	0.0	1	0	-0.0006879015334457948	0.0	-1.2047934405184512e-05
s_xny_ge_10	low_prob_xny_mass_frac	<=	0.0016178239444095321	28	35	0.01985510148157443	0.0	9	0	-0.0021226675889184526	0.0	-3.7176483307426494e-05	0.0	0.0	0.0	3	0	0	0.0	0.0	0.0	0	0	0	0.025738094513152038	-0.002751606133783179	-4.819173762073805e-05	23	9	0	0.0	0.0	0.0	2	0	0	0.0064345236282880094	0.0	1	0	-0.0006879015334457948	0.0	-1.2047934405184512e-05
drop_prob_lt_0.5_and_xny_lt_500	max_mean_depth_median	>=	0.9391045	18	35	0.01984311664401376	-0.011210249370853576	11	1	-1.2314162909336335	0.08227400347389491	0.0007787063502396758	0.0	0.0	0.0	0	0	0	0.0	0.0	0.0	0	0	0	0.02520228416784081	-1.5948132235250103	0.0010195246045322432	17	10	1	0.0070237050043898686	-0.0198065737509463	-0.00013622103199095736	1	1	0	0.00805649729305767	0.0	2	0	-0.40365494931898915	0.0	0.00022082589313532147
drop_prob_lt_0.7_and_breadth_lt_0.2	max_xny_median	>=	594.0	18	35	0.019841032282730327	-0.004802744425385863	10	1	-1.6501209758103352	0.3747619045905708	0.0011411382208623571	0.0	0.0	0.0	0	0	0	0.0	0.0	0.0	0	0	0	0.024640904640717838	-2.1514586263129782	0.0015636111869910274	16	8	1	0.014565852298089932	0.1675743785443391	-0.0011388321592876172	2	2	0	0.009801689234701942	0.0	2	0	-0.4959710619421598	0.1675743785443391	0.00010619475692585256
drop_prob_lt_0.7_and_breadth_lt_0.2	max_breadth_median	>=	0.4141	18	35	0.019841032282730327	-0.004802744425385863	10	1	-1.6501209758103352	0.3747619045905708	0.0011411382208623571	0.0	0.0	0.0	0	0	0	0.0	0.0	0.0	0	0	0	0.024640904640717838	-2.1514586263129782	0.0015636111869910274	16	8	1	0.014565852298089932	0.1675743785443391	-0.0011388321592876172	2	2	0	0.009801689234701942	0.0	2	0	-0.4959710619421598	0.1675743785443391	0.00010619475692585256
drop_prob_lt_0.7_and_breadth_lt_0.2	max_real_min_af_median	>=	0.594	18	35	0.019841032282730327	-0.004802744425385863	10	1	-1.6501209758103352	0.3747619045905708	0.0011411382208623571	0.0	0.0	0.0	0	0	0	0.0	0.0	0.0	0	0	0	0.024640904640717838	-2.1514586263129782	0.0015636111869910274	16	8	1	0.014565852298089932	0.1675743785443391	-0.0011388321592876172	2	2	0	0.009801689234701942	0.0	2	0	-0.4959710619421598	0.1675743785443391	0.00010619475692585256
min_xny_ge_25	probability_min	>=	0.3749368973642101	18	35	0.019823601530106497	0.0	7	0	-0.8222675462147352	0.0	0.0008156147852399931	0.0	0.0	0.0	0	0	0	0.0	0.0	0.0	0	0	0	0.025697261242730644	-1.065902374722805	0.0010572784253111021	17	7	0	0.0	0.0	0.0	1	0	0	0.006424315310682661	0.0	1	0	-0.26647559368070123	0.0	0.00026431960632777553
min_breadth_ge_0.02	max_xny_median	>=	482.7	21	35	0.01954474359231937	0.0	8	0	-1.2727466450913465	0.0	0.0012562249881641911	0.0	0.0	0.0	0	0	0	0.0	0.0	0.0	0	0	0	0.025335778730784367	-1.6498567621554494	0.0016284397994720996	19	8	0	0.0	0.0	0.0	2	0	0	0.006333944682696092	0.0	1	0	-0.41246419053886235	0.0	0.0004071099498680249
min_breadth_ge_0.02	max_real_min_af_median	>=	0.4827	21	35	0.01954474359231937	0.0	8	0	-1.2727466450913465	0.0	0.0012562249881641911	0.0	0.0	0.0	0	0	0	0.0	0.0	0.0	0	0	0	0.025335778730784367	-1.6498567621554494	0.0016284397994720996	19	8	0	0.0	0.0	0.0	2	0	0	0.006333944682696092	0.0	1	0	-0.41246419053886235	0.0	0.0004071099498680249
max_xny_ge_10	top3_abundance	>=	0.48593329798767015	28	35	0.01951890826366992	0.0	9	0	-0.0017557190885919942	0.0	-1.744709435088167e-05	0.0	0.0	0.0	3	0	0	0.0	0.0	0.0	0	0	0	0.02530228848994249	-0.0022759321518785107	-2.261660378817994e-05	24	9	0	0.0	0.0	0.0	1	0	0	0.006325572122485622	0.0	1	0	-0.0005689830379696277	0.0	-5.654150947044985e-06
s_xny_ge_10	top3_abundance	>=	0.48593329798767015	28	35	0.01951890826366992	0.0	9	0	-0.0017557190885919942	0.0	-1.744709435088167e-05	0.0	0.0	0.0	3	0	0	0.0	0.0	0.0	0	0	0	0.02530228848994249	-0.0022759321518785107	-2.261660378817994e-05	24	9	0	0.0	0.0	0.0	1	0	0	0.006325572122485622	0.0	1	0	-0.0005689830379696277	0.0	-5.654150947044985e-06
drop_prob_lt_0.5_and_realaf_lt_0.3	max_breadth_median	>=	0.2843749	24	35	0.019461249928614907	-0.0037610143993122014	13	1	-0.8311460901827515	0.0	0.00032904535846283486	0.0	0.0	0.0	1	0	0	0.0	0.0	0.0	0	0	0	0.024707271758990443	-1.075944444773867	0.00043663072630300496	21	12	1	0.0070237050043898686	-0.0198065737509463	-0.00013622103199095736	2	1	0	0.007932744190845078	0.0	2	0	-0.27393775463120335	0.0	7.51024235780119e-05
drop_prob_lt_0.5_and_realaf_lt_0.3	n_calls	<=	87.19999999999997	24	35	0.019448960323704117	-0.027564102564102577	12	2	-0.6633940203698399	0.0	0.00031365842026402597	0.0	0.0	0.0	1	0	0	0.0	0.0	0.0	0	0	0	0.024691340789661644	-0.8584880579793518	0.00041668469530454903	21	11	2	0.0070237050043898686	-0.0198065737509463	-0.00013622103199095736	2	1	0	0.007928761448512879	0.0	2	0	-0.21957365793257452	0.0	7.011591582839792e-05
drop_prob_lt_0.5_and_breadth_lt_0.1	n_calls	<=	87.19999999999997	24	35	0.019373618383035786	0.0	10	0	-0.6470588634456279	0.0	0.0003777488897126987	0.0	0.0	0.0	1	0	0	0.0	0.0	0.0	0	0	0	0.024421080015298344	-0.7827706825110754	0.0004068673385369393	21	9	0	0.009353741496598622	-0.7561258963989701	0.0011178964997235474	2	1	0	0.008443705377974241	0.0	2	0	-0.3847241447275114	0.0	0.0003811909595651217
drop_prob_lt_0.5_and_realaf_lt_0.3	method_kept_rows	<=	60.99999999999999	21	35	0.019346493707767122	-0.027564102564102577	11	1	-0.6221340162105337	0.0	0.0002888117146212224	0.0	0.0	0.0	0	0	0	0.0	0.0	0.0	0	0	0	0.0245585136949285	-0.8050028674024736	0.00038447600280461854	19	10	1	0.0070237050043898686	-0.0198065737509463	-0.00013622103199095736	2	1	0	0.007895554674829592	0.0	2	0	-0.20620236028835498	0.0	6.20637427034153e-05
drop_prob_lt_0.5_and_breadth_lt_0.2	max_breadth_median	>=	0.2843749	24	35	0.019327848754560745	-0.009506833036244777	14	2	-1.052332946302086	0.6488479620499419	0.0004170001933190345	0.0	0.0	0.0	1	0	0	0.0	0.0	0.0	0	0	0	0.0246951651406563	-1.3866995531526316	0.0006018512189253706	21	13	1	0.004852623805953027	0.30461740727402464	-0.0008274880724093991	2	1	1	0.007386947236652332	0.0	2	0	-0.27052053646965174	0.30461740727402464	-5.640921337100714e-05
drop_prob_lt_0.5_and_breadth_lt_0.2	low_xny25_frac	>=	0.2473913043478261	4	35	0.019227366883598218	0.0	4	0	-0.3365331155501382	0.012408353190568988	0.0001827552904067791	0.0	0.0	0.0	0	0	0	0.0	0.0	0.0	0	0	0	0.02492436447873843	-0.43624663126869767	0.0002369050060828618	4	4	0	0.0	0.0	0.0	0	0	0	0.006231091119684607	0.0	1	0	-0.10906165781717442	0.0	5.922625152071545e-05
drop_prob_lt_0.5_and_breadth_lt_0.2	max_mean_depth_median	>=	0.9391045	18	35	0.01919140910225918	0.0	11	0	-0.8152581069699506	0.0	0.0003173480991677659	0.0	0.0	0.0	0	0	0	0.0	0.0	0.0	0	0	0	0.02435747809519598	-1.0553489109794956	0.00042146761240198966	17	10	0	0.0070237050043898686	-0.0198065737509463	-0.00013622103199095736	1	1	0	0.007845295774896462	0.0	2	0	-0.26878887118261047	0.0	7.131164510275807e-05
min_xny_ge_25	abundance_entropy	<=	2.5306329745367555	18	35	0.01911978379795257	0.0	7	0	-0.43789318826637874	0.0	0.00015150289271863887	0.0	0.0	0.0	0	0	0	0.0	0.0	0.0	0	0	0	0.02478490492327185	-0.5676393181230835	0.00019639263870934668	17	7	0	0.0	0.0	0.0	1	0	0	0.006196226230817963	0.0	1	0	-0.1419098295307709	0.0	4.909815967733667e-05
min_breadth_ge_0.02	low_xny25_frac	>=	0.2473913043478261	4	35	0.019052625888777933	0.0	4	0	-0.25541490627451935	0.0	0.00015596949107509354	0.0	0.0	0.0	0	0	0	0.0	0.0	0.0	0	0	0	0.024697848374341767	-0.33109339702252505	0.00020218267361586198	4	4	0	0.0	0.0	0.0	0	0	0	0.006174462093585442	0.0	1	0	-0.08277334925563126	0.0	5.0545668403965495e-05
drop_prob_lt_0.5_and_breadth_lt_0.1	max_breadth_median	>=	0.2843749	24	35	0.01903238446654653	0.0	12	0	-0.8065018730111077	0.0	0.0004365886167364711	0.0	0.0	0.0	1	0	0	0.0	0.0	0.0	0	0	0	0.02397873975318264	-0.9894560652811418	0.0004831410587529405	21	11	0	0.009353741496598622	-0.7561258963989701	0.0011178964997235474	2	1	0	0.008333120312445316	0.0	2	0	-0.436395490420028	0.0	0.000400259389619122
drop_prob_lt_0.5_and_xny_lt_500	max_xny_median	>=	482.7	21	35	0.019032360629250573	-0.011210249370853576	13	2	-1.3736442696527016	0.08227400347389491	0.0008705799618070101	0.0	0.0	0.0	0	0	0	0.0	0.0	0.0	0	0	0	0.02345843440821456	-1.7231734999090635	0.0010558128788066732	19	11	2	0.01637744650098849	-0.7759324701499164	0.00098167546773259	2	2	0	0.009958970227300763	0.0	2	0	-0.624776492514745	0.0	0.0005093720866348158
drop_prob_lt_0.5_and_xny_lt_500	max_real_min_af_median	>=	0.4827	21	35	0.019032360629250573	-0.011210249370853576	13	2	-1.3736442696527016	0.08227400347389491	0.0008705799618070101	0.0	0.0	0.0	0	0	0	0.0	0.0	0.0	0	0	0	0.02345843440821456	-1.7231734999090635	0.0010558128788066732	19	11	2	0.01637744650098849	-0.7759324701499164	0.00098167546773259	2	2	0	0.009958970227300763	0.0	2	0	-0.624776492514745	0.0	0.0005093720866348158
drop_prob_lt_0.5_and_breadth_lt_0.1	method_kept_rows	<=	62.199999999999996	21	35	0.018997348472086333	0.0	9	0	-0.6400928896134199	0.0	0.0003796781803491602	0.0	0.0	0.0	0	0	0	0.0	0.0	0.0	0	0	0	0.02393332272332683	-0.7737407164322874	0.0004093682708434634	19	8	0	0.009353741496598622	-0.7561258963989701	0.0011178964997235474	2	1	0	0.008321766054981363	0.0	2	0	-0.38246665320781437	0.0	0.0003818161926417527
drop_prob_lt_0.5_and_breadth_lt_0.2	probability_min	>=	0.3749368973642101	18	35	0.01873186835971053	-0.041883116883116966	9	2	-0.6862699583370226	0.0	0.00019229080010457595	0.0	0.0	0.0	0	0	0	0.0	0.0	0.0	0	0	0	0.02376177713263292	-0.8881420516405147	0.0002593562988015583	17	8	2	0.0070237050043898686	-0.0198065737509463	-0.00013622103199095736	1	1	0	0.007696370534255697	0.0	2	0	-0.22698715634786526	0.0	3.078381670265023e-05
drop_prob_lt_0.7_and_breadth_lt_0.2	max_xny_p25	>=	270.40000000000003	21	35	0.018709415043449563	-0.01719479243429145	11	2	-1.8538431680899075	0.7654741840761368	0.0011574726545155916	0.0	0.0	0.0	1	0	0	0.0	0.0	0.0	0	0	0	0.023173993404613142	-2.4155429496383496	0.0015847854528378126	18	9	2	0.014565852298089932	0.1675743785443391	-0.0011388321592876172	2	2	0	0.009434961425675768	0.0	2	0	-0.5619921427735026	0.1675743785443391	0.00011148832338754886
min_xny_ge_25	max_xny_p25	>=	234.79999999999998	24	35	0.018534176264971183	0.0	11	0	-1.4715316112702976	0.0	0.0012814910355664448	0.0	0.0	0.0	1	0	0	0.0	0.0	0.0	0	0	0	0.023682920670448148	-1.9051209293709013	0.001663211639384243	21	10	0	0.004628655585945718	-0.032670650723041206	-2.7264009274496903e-05	2	1	0	0.0070778940640984665	0.0	2	0	-0.4844478950234856	0.0	0.0004089869075274365
min_xny_ge_25	max_breadth_median	>=	0.3463384	21	35	0.018446129453170448	0.0	8	0	-1.082185169507697	0.0	0.001046695327735847	0.0	0.0	0.0	1	0	0	0.0	0.0	0.0	0	0	0	0.023568785914410157	-1.4004125789379003	0.0013588468329371719	18	7	0	0.004628655585945718	-0.032670650723041206	-2.7264009274496903e-05	2	1	0	0.007049360375088969	0.0	2	0	-0.35827080741523537	0.0	0.00033289570591566874
drop_prob_lt_0.5_and_xny_lt_500	probability_min	>=	0.3749368973642101	18	35	0.0184305382876133	-0.041883116883116966	9	3	-0.870025497096611	0.08227400347389491	0.00041236192521157796	0.0	0.0	0.0	0	0	0	0.0	0.0	0.0	0	0	0	0.023371164076210586	-1.1263436759585	0.0005446336831995239	17	8	3	0.0070237050043898686	-0.0198065737509463	-0.00013622103199095736	1	1	0	0.007598717270150114	0.0	2	0	-0.28653756242736156	0.0	0.00010210316280214162
drop_prob_lt_0.7_and_breadth_lt_0.1	max_breadth_median	>=	0.3463384	21	35	0.01835640985587374	-0.020875420875420825	9	1	-1.0154085479936377	0.0	0.0009835918628584763	0.0	0.0	0.0	1	0	0	0.0	0.0	0.0	0	0	0	0.023102476368977175	-1.2602610143325694	0.0011922193407629472	18	8	1	0.009353741496598622	-0.7561258963989701	0.0011178964997235474	2	1	0	0.00811405446639395	0.0	2	0	-0.5040967276828849	0.0	0.0005775289601216236
drop_prob_lt_0.5_and_xny_lt_500	low_xny25_frac	>=	0.2473913043478261	4	35	0.01822637551619168	0.0	4	0	-0.47843590945344955	0.04992613464269269	0.00039578622892261374	0.0	0.0	0.0	0	0	0	0.0	0.0	0.0	0	0	0	0.023626783076544772	-0.6201946974396568	0.0005130562226774623	4	4	0	0.0	0.0	0.0	0	0	0	0.005906695769136193	0.0	1	0	-0.1550486743599142	0.0	0.00012826405566936558
drop_prob_lt_0.7_and_breadth_lt_0.2	method_kept_rows	<=	45.0	18	35	0.01817003741763703	-0.04500000000000004	9	3	-1.2437759195195186	0.7654741840761368	0.0010300667194765919	0.0	0.0	0.0	0	0	0	0.0	0.0	0.0	0	0	0	0.022474800185967266	-1.6247150348248827	0.0014196296111205907	16	7	3	0.014565852298089932	0.1675743785443391	-0.0011388321592876172	2	2	0	0.0092601631210143	0.0	2	0	-0.3642851640701359	0.1675743785443391	7.019936295824339e-05
min_breadth_ge_0.02	probability_min	>=	0.3749368973642101	18	35	0.01812245648739521	0.0	6	0	-0.7607022685196542	0.0	0.0008206725021344198	0.0	0.0	0.0	0	0	0	0.0	0.0	0.0	0	0	0	0.023492073224401198	-0.9860955332662183	0.0010638347249890628	17	6	0	0.0	0.0	0.0	1	0	0	0.0058730183061002994	0.0	1	0	-0.2465238833165546	0.0	0.0002659586812472657
drop_prob_lt_0.5_and_breadth_lt_0.1	low_xny25_frac	>=	0.2473913043478261	4	35	0.018038653544756325	0.0	4	0	-0.2661442319155852	0.0	0.00016014373190643535	0.0	0.0	0.0	0	0	0	0.0	0.0	0.0	0	0	0	0.02338343978023968	-0.3450017821127957	0.00020759372654537915	4	4	0	0.0	0.0	0.0	0	0	0	0.00584585994505992	0.0	1	0	-0.08625044552819892	0.0	5.189843163634479e-05
drop_prob_lt_0.5_and_realaf_lt_0.3	low_xny25_frac	>=	0.2473913043478261	4	35	0.017823977397057898	0.0	4	0	-0.22408243439825973	0.0	0.00014126222922718716	0.0	0.0	0.0	0	0	0	0.0	0.0	0.0	0	0	0	0.023105155885075054	-0.2904772297755219	0.00018311770455376115	4	4	0	0.0	0.0	0.0	0	0	0	0.005776288971268763	0.0	1	0	-0.07261930744388047	0.0	4.5779426138440287e-05
drop_prob_lt_0.5_and_breadth_lt_0.2	abundance_entropy	<=	2.5306329745367555	18	35	0.017608430009535176	-0.041883116883116966	10	1	-0.4235689975869002	0.06153075580935763	5.185627056428618e-05	0.0	0.0	0.0	0	0	0	0.0	0.0	0.0	0	0	0	0.022305468160183386	-0.5476037691866524	7.731153828636781e-05	17	9	1	0.0070237050043898686	-0.0198065737509463	-0.00013622103199095736	1	1	0	0.007332293291143314	0.0	2	0	-0.14185258573439968	0.0	-1.4727373426147389e-05
max_xny_ge_10	max_breadth_median	>=	0.23899720000000002	28	35	0.017508523689618482	0.0	9	0	-0.001769003511268303	0.0	-2.540021164135288e-05	0.0	0.0	0.0	2	0	0	0.0	0.0	0.0	0	0	0	0.022696234412468402	-0.0022931526997922447	-3.292620027582781e-05	24	9	0	0.0	0.0	0.0	2	0	0	0.005674058603117101	0.0	1	0	-0.0005732881749480612	0.0	-8.231550068956953e-06
s_xny_ge_10	max_breadth_median	>=	0.23899720000000002	28	35	0.017508523689618482	0.0	9	0	-0.001769003511268303	0.0	-2.540021164135288e-05	0.0	0.0	0.0	2	0	0	0.0	0.0	0.0	0	0	0	0.022696234412468402	-0.0022931526997922447	-3.292620027582781e-05	24	9	0	0.0	0.0	0.0	2	0	0	0.005674058603117101	0.0	1	0	-0.0005732881749480612	0.0	-8.231550068956953e-06
max_xny_ge_10	max_xny_median	>=	452.7	24	35	0.017487601740795736	0.0	8	0	-0.001941885653271669	0.0	-1.3618476702083524e-05	0.0	0.0	0.0	1	0	0	0.0	0.0	0.0	0	0	0	0.022669113367698175	-0.002517259180166978	-1.7653580910108274e-05	21	8	0	0.0	0.0	0.0	2	0	0	0.005667278341924544	0.0	1	0	-0.0006293147950417445	0.0	-4.4133952275270685e-06
max_xny_ge_10	max_real_min_af_median	>=	0.4527	24	35	0.017487601740795736	0.0	8	0	-0.001941885653271669	0.0	-1.3618476702083524e-05	0.0	0.0	0.0	1	0	0	0.0	0.0	0.0	0	0	0	0.022669113367698175	-0.002517259180166978	-1.7653580910108274e-05	21	8	0	0.0	0.0	0.0	2	0	0	0.005667278341924544	0.0	1	0	-0.0006293147950417445	0.0	-4.4133952275270685e-06
s_xny_ge_10	max_xny_median	>=	452.7	24	35	0.017487601740795736	0.0	8	0	-0.001941885653271669	0.0	-1.3618476702083524e-05	0.0	0.0	0.0	1	0	0	0.0	0.0	0.0	0	0	0	0.022669113367698175	-0.002517259180166978	-1.7653580910108274e-05	21	8	0	0.0	0.0	0.0	2	0	0	0.005667278341924544	0.0	1	0	-0.0006293147950417445	0.0	-4.4133952275270685e-06
s_xny_ge_10	max_real_min_af_median	>=	0.4527	24	35	0.017487601740795736	0.0	8	0	-0.001941885653271669	0.0	-1.3618476702083524e-05	0.0	0.0	0.0	1	0	0	0.0	0.0	0.0	0	0	0	0.022669113367698175	-0.002517259180166978	-1.7653580910108274e-05	21	8	0	0.0	0.0	0.0	2	0	0	0.005667278341924544	0.0	1	0	-0.0006293147950417445	0.0	-4.4133952275270685e-06
drop_prob_lt_0.5_and_realaf_lt_0.3	probability_min	>=	0.3749368973642101	18	35	0.01746486360483522	-0.027564102564102577	9	1	-0.4762940604547353	0.0	0.00018317346146579094	0.0	0.0	0.0	0	0	0	0.0	0.0	0.0	0	0	0	0.02211936356149826	-0.6159510729042166	0.00024753752649202216	17	8	1	0.0070237050043898686	-0.0198065737509463	-0.00013622103199095736	1	1	0	0.007285767141472032	0.0	2	0	-0.15893941166379072	0.0	2.78291236252662e-05
min_breadth_ge_0.02	max_breadth_median	>=	0.3463384	21	35	0.017454886305531138	0.0	7	0	-1.0374420625600753	0.0	0.001041856986427936	0.0	0.0	0.0	1	0	0	0.0	0.0	0.0	0	0	0	0.022626704470132954	-1.3448323033186165	0.001350555352776954	18	7	0	0.0	0.0	0.0	2	0	0	0.005656676117533239	0.0	1	0	-0.3362080758296541	0.0	0.0003376388381942385
drop_prob_lt_0.5_and_xny_lt_500	abundance_entropy	<=	2.5306329745367555	18	35	0.01741344148376547	-0.041883116883116966	9	3	-0.8514360808743541	0.08227400347389491	0.0005169633482790393	0.0	0.0	0.0	0	0	0	0.0	0.0	0.0	0	0	0	0.02205270525640784	-1.102246284559278	0.000680228120509196	17	8	3	0.0070237050043898686	-0.0198065737509463	-0.00013622103199095736	1	1	0	0.007269102565199428	0.0	2	0	-0.28051321457755607	0.0	0.00013600177212955966
drop_prob_lt_0.5_and_realaf_lt_0.3	max_xny_median	>=	482.7	21	35	0.017402658584585767	0.0	12	0	-0.7610174748673628	0.0	0.000383780053715694	0.0	0.0	0.0	0	0	0	0.0	0.0	0.0	0	0	0	0.022038727424137858	-0.9850369804761412	0.0005075831090381928	19	11	0	0.0070237050043898686	-0.0198065737509463	-0.00013622103199095736	2	1	0	0.007265608107131932	0.0	2	0	-0.25121088855677187	0.0	9.284051926180886e-05
drop_prob_lt_0.5_and_realaf_lt_0.3	max_real_min_af_median	>=	0.4827	21	35	0.017402658584585767	0.0	12	0	-0.7610174748673628	0.0	0.000383780053715694	0.0	0.0	0.0	0	0	0	0.0	0.0	0.0	0	0	0	0.022038727424137858	-0.9850369804761412	0.0005075831090381928	19	11	0	0.0070237050043898686	-0.0198065737509463	-0.00013622103199095736	2	1	0	0.007265608107131932	0.0	2	0	-0.25121088855677187	0.0	9.284051926180886e-05
drop_prob_lt_0.7_and_breadth_lt_0.1	max_xny_p25	>=	234.79999999999998	24	35	0.017350156497638172	-0.020875420875420825	11	2	-1.4721020740559976	0.11705400251215181	0.0012570940592285616	0.0	0.0	0.0	1	0	0	0.0	0.0	0.0	0	0	0	0.021798073867560695	-1.8522711407097026	0.0015467592249463911	21	10	2	0.009353741496598622	-0.7561258963989701	0.0011178964997235474	2	1	0	0.007787953841039829	0.0	2	0	-0.6520992592771682	0.0	0.0006661639311674847
min_xny_ge_25	max_mean_depth_median	>=	0.9391045	18	35	0.01726419564782899	0.0	6	0	-1.072432653406022	0.0	0.001068655544023619	0.0	0.0	0.0	0	0	0	0.0	0.0	0.0	0	0	0	0.02237951287681536	-1.3901904766374358	0.001385294223734321	17	6	0	0.0	0.0	0.0	1	0	0	0.00559487821920384	0.0	1	0	-0.34754761915935894	0.0	0.00034632355593358026
drop_prob_lt_0.7_and_breadth_lt_0.1	abundance_entropy	<=	2.5306329745367555	18	35	0.01724761159813293	0.0	8	0	-0.2662335171245024	0.11705400251215181	2.8789406685799815e-05	0.0	0.0	0.0	0	0	0	0.0	0.0	0.0	0	0	0	0.022358015034616763	-0.345117522198429	3.731960125937013e-05	17	8	0	0.0	0.0	0.0	1	0	0	0.005589503758654191	0.0	1	0	-0.08627938054960725	0.0	9.329900314842533e-06
min_xny_ge_25	abundance_entropy	<=	2.4094963240988347	14	35	0.017221746020582313	0.0	6	0	-0.407328103873338	0.0	0.0001525525901968131	0.0	0.0	0.0	0	0	0	0.0	0.0	0.0	0	0	0	0.022324485582236334	-0.5280179124284011	0.0001977533576625355	14	6	0	0.0	0.0	0.0	0	0	0	0.005581121395559083	0.0	1	0	-0.13200447810710028	0.0	4.9438339415633874e-05
min_breadth_ge_0.02	max_xny_p25	>=	234.79999999999998	24	35	0.017138276771388954	0.0	10	0	-1.3043021770300918	0.0	0.0012095404285865862	0.0	0.0	0.0	1	0	0	0.0	0.0	0.0	0	0	0	0.022216284703652348	-1.6907620813353037	0.0015679227777974267	21	10	0	0.0	0.0	0.0	2	0	0	0.005554071175913087	0.0	1	0	-0.4226905203338259	0.0	0.0003919806944493567
max_xny_ge_10	low_xny25_frac	>=	0.2473913043478261	4	35	0.017101373783212734	0.0	4	0	-0.0014396000816618531	0.0	-2.8620964365771203e-05	0.0	0.0	0.0	0	0	0	0.0	0.0	0.0	0	0	0	0.02216844749675725	-0.0018661482540061058	-3.710125010377748e-05	4	4	0	0.0	0.0	0.0	0	0	0	0.005542111874189313	0.0	1	0	-0.00046653706350152646	0.0	-9.27531252594437e-06
max_xny_ge_10	method_dropped_fraction	>=	0.21258503401360557	4	35	0.017101373783212734	0.0	4	0	-0.0014396000816618531	0.0	-2.8620964365771203e-05	0.0	0.0	0.0	0	0	0	0.0	0.0	0.0	0	0	0	0.02216844749675725	-0.0018661482540061058	-3.710125010377748e-05	4	4	0	0.0	0.0	0.0	0	0	0	0.005542111874189313	0.0	1	0	-0.00046653706350152646	0.0	-9.27531252594437e-06
max_xny_ge_10	method_kept_fraction	<=	0.7874149659863946	4	35	0.017101373783212734	0.0	4	0	-0.0014396000816618531	0.0	-2.8620964365771203e-05	0.0	0.0	0.0	0	0	0	0.0	0.0	0.0	0	0	0	0.02216844749675725	-0.0018661482540061058	-3.710125010377748e-05	4	4	0	0.0	0.0	0.0	0	0	0	0.005542111874189313	0.0	1	0	-0.00046653706350152646	0.0	-9.27531252594437e-06
s_xny_ge_10	low_xny25_frac	>=	0.2473913043478261	4	35	0.017101373783212734	0.0	4	0	-0.0014396000816618531	0.0	-2.8620964365771203e-05	0.0	0.0	0.0	0	0	0	0.0	0.0	0.0	0	0	0	0.02216844749675725	-0.0018661482540061058	-3.710125010377748e-05	4	4	0	0.0	0.0	0.0	0	0	0	0.005542111874189313	0.0	1	0	-0.00046653706350152646	0.0	-9.27531252594437e-06
s_xny_ge_10	method_dropped_fraction	>=	0.21258503401360557	4	35	0.017101373783212734	0.0	4	0	-0.0014396000816618531	0.0	-2.8620964365771203e-05	0.0	0.0	0.0	0	0	0	0.0	0.0	0.0	0	0	0	0.02216844749675725	-0.0018661482540061058	-3.710125010377748e-05	4	4	0	0.0	0.0	0.0	0	0	0	0.005542111874189313	0.0	1	0	-0.00046653706350152646	0.0	-9.27531252594437e-06
s_xny_ge_10	method_kept_fraction	<=	0.7874149659863946	4	35	0.017101373783212734	0.0	4	0	-0.0014396000816618531	0.0	-2.8620964365771203e-05	0.0	0.0	0.0	0	0	0	0.0	0.0	0.0	0	0	0	0.02216844749675725	-0.0018661482540061058	-3.710125010377748e-05	4	4	0	0.0	0.0	0.0	0	0	0	0.005542111874189313	0.0	1	0	-0.00046653706350152646	0.0	-9.27531252594437e-06
max_xny_ge_10	probability_min	>=	0.3622225482687852	21	35	0.01701652674478287	0.0	6	0	-0.0013530740823125395	0.0	-1.6903792262014582e-05	0.0	0.0	0.0	0	0	0	0.0	0.0	0.0	0	0	0	0.022058460595088907	-0.001753984921516255	-2.1912323302611495e-05	20	6	0	0.0	0.0	0.0	1	0	0	0.005514615148772227	0.0	1	0	-0.0004384962303790637	0.0	-5.478080825652874e-06
s_xny_ge_10	probability_min	>=	0.3622225482687852	21	35	0.01701652674478287	0.0	6	0	-0.0013530740823125395	0.0	-1.6903792262014582e-05	0.0	0.0	0.0	0	0	0	0.0	0.0	0.0	0	0	0	0.022058460595088907	-0.001753984921516255	-2.1912323302611495e-05	20	6	0	0.0	0.0	0.0	1	0	0	0.005514615148772227	0.0	1	0	-0.0004384962303790637	0.0	-5.478080825652874e-06
min_breadth_ge_0.02	abundance_entropy	<=	2.5306329745367555	18	35	0.016916577149614313	0.0	6	0	-0.3591412563984683	0.0	0.00015706636694235522	0.0	0.0	0.0	0	0	0	0.0	0.0	0.0	0	0	0	0.02192889630505559	-0.465553480516533	0.0002036045497400901	17	6	0	0.0	0.0	0.0	1	0	0	0.005482224076263898	0.0	1	0	-0.11638837012913325	0.0	5.090113743502252e-05
min_breadth_ge_0.05	max_xny_p25	>=	270.40000000000003	21	35	0.016907861329450175	0.0	8	0	-1.4748721215296579	0.19677882569514793	0.0011638165310414506	0.0	0.0	0.0	1	0	0	0.0	0.0	0.0	0	0	0	0.02122472827916885	-1.9036727496963683	0.0015196639187066193	18	7	0	0.009353741496598622	-0.1106800058680335	-0.00014867360931397622	2	1	0	0.007644617443941868	0.0	2	0	-0.5035881888911005	0.0	0.0003427475773481608
min_xny_ge_50	max_xny_p25	>=	270.40000000000003	21	35	0.016907861329450175	0.0	8	0	-1.4748721215296579	0.19677882569514793	0.0011638165310414506	0.0	0.0	0.0	1	0	0	0.0	0.0	0.0	0	0	0	0.02122472827916885	-1.9036727496963683	0.0015196639187066193	18	7	0	0.009353741496598622	-0.1106800058680335	-0.00014867360931397622	2	1	0	0.007644617443941868	0.0	2	0	-0.5035881888911005	0.0	0.0003427475773481608
drop_prob_lt_0.5_and_realaf_lt_0.3	max_mean_depth_median	>=	0.9391045	18	35	0.01679876088884716	0.0	10	0	-0.5566185961755828	0.0	0.00019235389397492968	0.0	0.0	0.0	0	0	0	0.0	0.0	0.0	0	0	0	0.021255897077810032	-0.7200754710608708	0.0002594380871520168	17	9	0	0.0070237050043898686	-0.0198065737509463	-0.00013622103199095736	1	1	0	0.007069900520549975	0.0	2	0	-0.18497051120295427	0.0	3.080426379026486e-05
max_xny_ge_10	low_prob_xny_mass_frac	<=	0.0001965061820143471	24	35	0.01657124032619398	0.0	7	0	-0.0015673509780539925	0.0	-3.294238450077496e-05	0.0	0.0	0.0	2	0	0	0.0	0.0	0.0	0	0	0	0.021481237459881085	-0.002031751267847768	-4.2703091019523096e-05	20	7	0	0.0	0.0	0.0	2	0	0	0.005370309364970271	0.0	1	0	-0.000507937816961942	0.0	-1.0675772754880774e-05
s_xny_ge_10	low_prob_xny_mass_frac	<=	0.0001965061820143471	24	35	0.01657124032619398	0.0	7	0	-0.0015673509780539925	0.0	-3.294238450077496e-05	0.0	0.0	0.0	2	0	0	0.0	0.0	0.0	0	0	0	0.021481237459881085	-0.002031751267847768	-4.2703091019523096e-05	20	7	0	0.0	0.0	0.0	2	0	0	0.005370309364970271	0.0	1	0	-0.000507937816961942	0.0	-1.0675772754880774e-05
min_breadth_ge_0.02	max_mean_depth_median	>=	0.9391045	18	35	0.016537328190045924	0.0	6	0	-1.0214901074464113	0.0	0.0010634391083477412	0.0	0.0	0.0	0	0	0	0.0	0.0	0.0	0	0	0	0.021437277283392866	-1.3241538429860886	0.0013785321774878127	17	6	0	0.0	0.0	0.0	1	0	0	0.0053593193208482165	0.0	1	0	-0.33103846074652216	0.0	0.00034463304437195317
drop_prob_lt_0.5_and_realaf_lt_0.3	max_breadth_median	>=	0.3463384	21	35	0.016506803530615018	0.0	11	0	-0.5586417860718081	0.0	0.00016996736311693437	0.0	0.0	0.0	1	0	0	0.0	0.0	0.0	0	0	0	0.020877433835657256	-0.7226981246300513	0.00023041851011387473	18	10	0	0.0070237050043898686	-0.0198065737509463	-0.00013622103199095736	2	1	0	0.006975284710011781	0.0	2	0	-0.1856261745952494	0.0	2.354936953072934e-05
drop_prob_lt_0.5_and_breadth_lt_0.1	max_xny_median	>=	482.7	21	35	0.016419280712382002	0.0	10	0	-0.7644142140397693	0.0	0.0005087245053762996	0.0	0.0	0.0	0	0	0	0.0	0.0	0.0	0	0	0	0.020591383034821217	-0.9348979888368142	0.0005766505440267923	19	9	0	0.009353741496598622	-0.7561258963989701	0.0011178964997235474	2	1	0	0.00748628113285496	0.0	2	0	-0.42275597130894604	0.0	0.00042363676093758494
drop_prob_lt_0.5_and_breadth_lt_0.1	max_real_min_af_median	>=	0.4827	21	35	0.016419280712382002	0.0	10	0	-0.7644142140397693	0.0	0.0005087245053762996	0.0	0.0	0.0	0	0	0	0.0	0.0	0.0	0	0	0	0.020591383034821217	-0.9348979888368142	0.0005766505440267923	19	9	0	0.009353741496598622	-0.7561258963989701	0.0011178964997235474	2	1	0	0.00748628113285496	0.0	2	0	-0.42275597130894604	0.0	0.00042363676093758494
max_xny_ge_10	abundance_entropy	<=	2.7524095036723892	24	35	0.016418155884115885	0.0	7	0	-0.0013400719989549868	0.0	-1.868293086491692e-05	0.0	0.0	0.0	1	0	0	0.0	0.0	0.0	0	0	0	0.021282794664594665	-0.0017371303690157237	-2.421861408415156e-05	22	7	0	0.0	0.0	0.0	1	0	0	0.005320698666148666	0.0	1	0	-0.00043428259225393093	0.0	-6.05465352103789e-06
s_xny_ge_10	abundance_entropy	<=	2.7524095036723892	24	35	0.016418155884115885	0.0	7	0	-0.0013400719989549868	0.0	-1.868293086491692e-05	0.0	0.0	0.0	1	0	0	0.0	0.0	0.0	0	0	0	0.021282794664594665	-0.0017371303690157237	-2.421861408415156e-05	22	7	0	0.0	0.0	0.0	1	0	0	0.005320698666148666	0.0	1	0	-0.00043428259225393093	0.0	-6.05465352103789e-06
max_xny_ge_10	abundance_entropy	<=	2.623281549403161	21	35	0.016227740143081287	0.0	6	0	-0.0013157289932108946	0.0	-1.835040900263366e-05	0.0	0.0	0.0	0	0	0	0.0	0.0	0.0	0	0	0	0.021035959444735002	-0.0017055746208289374	-2.3787567225636223e-05	20	6	0	0.0	0.0	0.0	1	0	0	0.0052589898611837506	0.0	1	0	-0.00042639365520723434	0.0	-5.946891806409056e-06
s_xny_ge_10	abundance_entropy	<=	2.623281549403161	21	35	0.016227740143081287	0.0	6	0	-0.0013157289932108946	0.0	-1.835040900263366e-05	0.0	0.0	0.0	0	0	0	0.0	0.0	0.0	0	0	0	0.021035959444735002	-0.0017055746208289374	-2.3787567225636223e-05	20	6	0	0.0	0.0	0.0	1	0	0	0.0052589898611837506	0.0	1	0	-0.00042639365520723434	0.0	-5.946891806409056e-06
min_breadth_ge_0.05	max_breadth_p25	>=	0.1221914	24	35	0.016188417041743088	-0.018333333333333313	10	1	-1.7839247224005708	0.19677882569514793	0.0012641340207583372	0.0	0.0	0.0	1	0	0	0.0	0.0	0.0	0	0	0	0.020292115313622624	-2.304296491566071	0.0016497051090803613	21	9	1	0.009353741496598622	-0.1106800058680335	-0.00014867360931397622	2	1	0	0.0074114642025553115	0.0	2	0	-0.6037441243585261	0.0	0.00037525787494159627
min_xny_ge_50	max_breadth_p25	>=	0.1221914	24	35	0.016188417041743088	-0.018333333333333313	10	1	-1.7839247224005708	0.19677882569514793	0.0012641340207583372	0.0	0.0	0.0	1	0	0	0.0	0.0	0.0	0	0	0	0.020292115313622624	-2.304296491566071	0.0016497051090803613	21	9	1	0.009353741496598622	-0.1106800058680335	-0.00014867360931397622	2	1	0	0.0074114642025553115	0.0	2	0	-0.6037441243585261	0.0	0.00037525787494159627
drop_prob_lt_0.5_and_breadth_lt_0.1	probability_min	>=	0.3749368973642101	18	35	0.016129591786420837	0.0	6	0	-0.336726844790018	0.0	0.00013326025697524597	0.0	0.0	0.0	0	0	0	0.0	0.0	0.0	0	0	0	0.020908730093508493	-0.4364977617648382	0.00017274477756050403	17	6	0	0.0	0.0	0.0	1	0	0	0.005227182523377123	0.0	1	0	-0.10912444044120954	0.0	4.318619439012601e-05
drop_prob_lt_0.5_and_breadth_lt_0.1	max_breadth_median	>=	0.3463384	21	35	0.015954507651957314	0.0	9	0	-0.5300378682553549	0.0	0.000290732038448522	0.0	0.0	0.0	1	0	0	0.0	0.0	0.0	0	0	0	0.019988899437974397	-0.6310767998570178	0.00029406771652782136	18	8	0	0.009353741496598622	-0.7561258963989701	0.0011178964997235474	2	1	0	0.007335660233643255	0.0	2	0	-0.34680067406399695	0.0	0.0003529910540628422
drop_prob_lt_0.5_and_breadth_lt_0.1	abundance_entropy	<=	2.5306329745367555	18	35	0.01590958572085834	0.0	7	0	-0.20947096415978947	0.0	3.48022920684762e-05	0.0	0.0	0.0	0	0	0	0.0	0.0	0.0	0	0	0	0.020623537045557104	-0.2715364350219493	4.5114082310987665e-05	17	7	0	0.0	0.0	0.0	1	0	0	0.005155884261389276	0.0	1	0	-0.06788410875548732	0.0	1.1278520577746916e-05
max_xny_ge_10	max_mean_depth_median	>=	0.7386777000000002	21	35	0.015702132554654892	0.0	6	0	-0.0016631959265198354	0.0	-1.4439450415393295e-05	0.0	0.0	0.0	0	0	0	0.0	0.0	0.0	0	0	0	0.020354616274552637	-0.0021559947195627493	-1.8717806094028347e-05	19	6	0	0.0	0.0	0.0	2	0	0	0.005088654068638159	0.0	1	0	-0.0005389986798906873	0.0	-4.679451523507087e-06
s_xny_ge_10	max_mean_depth_median	>=	0.7386777000000002	21	35	0.015702132554654892	0.0	6	0	-0.0016631959265198354	0.0	-1.4439450415393295e-05	0.0	0.0	0.0	0	0	0	0.0	0.0	0.0	0	0	0	0.020354616274552637	-0.0021559947195627493	-1.8717806094028347e-05	19	6	0	0.0	0.0	0.0	2	0	0	0.005088654068638159	0.0	1	0	-0.0005389986798906873	0.0	-4.679451523507087e-06
min_xny_ge_25	method_kept_rows	<=	50.0	19	35	0.01564298802028655	0.0	7	0	-1.0608150550595021	0.0	0.0011426329870408353	0.0	0.0	0.0	0	0	0	0.0	0.0	0.0	0	0	0	0.019935084056968068	-1.3727105787272775	0.001483210465369564	17	6	0	0.004628655585945718	-0.032670650723041206	-2.7264009274496903e-05	2	1	0	0.0061409349107284465	0.0	2	0	-0.3513453073625797	0.0	0.0003639866140237668
min_breadth_ge_0.05	max_xny_median	>=	594.0	18	35	0.015576730797794761	0.0	6	0	-1.292943097177169	0.0	0.0010787289961670331	0.0	0.0	0.0	0	0	0	0.0	0.0	0.0	0	0	0	0.019499188701097014	-1.6678388292394388	0.0014093652623879303	16	5	0	0.009353741496598622	-0.1106800058680335	-0.00014867360931397622	2	1	0	0.007213232549423909	0.0	2	0	-0.4446297087768681	0.0	0.0003151729132684885
min_breadth_ge_0.05	max_breadth_median	>=	0.4141	18	35	0.015576730797794761	0.0	6	0	-1.292943097177169	0.0	0.0010787289961670331	0.0	0.0	0.0	0	0	0	0.0	0.0	0.0	0	0	0	0.019499188701097014	-1.6678388292394388	0.0014093652623879303	16	5	0	0.009353741496598622	-0.1106800058680335	-0.00014867360931397622	2	1	0	0.007213232549423909	0.0	2	0	-0.4446297087768681	0.0	0.0003151729132684885
min_breadth_ge_0.05	max_real_min_af_median	>=	0.594	18	35	0.015576730797794761	0.0	6	0	-1.292943097177169	0.0	0.0010787289961670331	0.0	0.0	0.0	0	0	0	0.0	0.0	0.0	0	0	0	0.019499188701097014	-1.6678388292394388	0.0014093652623879303	16	5	0	0.009353741496598622	-0.1106800058680335	-0.00014867360931397622	2	1	0	0.007213232549423909	0.0	2	0	-0.4446297087768681	0.0	0.0003151729132684885
min_xny_ge_50	max_xny_median	>=	594.0	18	35	0.015576730797794761	0.0	6	0	-1.292943097177169	0.0	0.0010787289961670331	0.0	0.0	0.0	0	0	0	0.0	0.0	0.0	0	0	0	0.019499188701097014	-1.6678388292394388	0.0014093652623879303	16	5	0	0.009353741496598622	-0.1106800058680335	-0.00014867360931397622	2	1	0	0.007213232549423909	0.0	2	0	-0.4446297087768681	0.0	0.0003151729132684885
min_xny_ge_50	max_breadth_median	>=	0.4141	18	35	0.015576730797794761	0.0	6	0	-1.292943097177169	0.0	0.0010787289961670331	0.0	0.0	0.0	0	0	0	0.0	0.0	0.0	0	0	0	0.019499188701097014	-1.6678388292394388	0.0014093652623879303	16	5	0	0.009353741496598622	-0.1106800058680335	-0.00014867360931397622	2	1	0	0.007213232549423909	0.0	2	0	-0.4446297087768681	0.0	0.0003151729132684885
min_xny_ge_50	max_real_min_af_median	>=	0.594	18	35	0.015576730797794761	0.0	6	0	-1.292943097177169	0.0	0.0010787289961670331	0.0	0.0	0.0	0	0	0	0.0	0.0	0.0	0	0	0	0.019499188701097014	-1.6678388292394388	0.0014093652623879303	16	5	0	0.009353741496598622	-0.1106800058680335	-0.00014867360931397622	2	1	0	0.007213232549423909	0.0	2	0	-0.4446297087768681	0.0	0.0003151729132684885
drop_prob_lt_0.7_and_breadth_lt_0.1	abundance_entropy	<=	2.4094963240988347	14	35	0.015556216254661996	0.0	7	0	-0.2411621297621697	0.11705400251215181	3.0174272064642516e-05	0.0	0.0	0.0	0	0	0	0.0	0.0	0.0	0	0	0	0.020165465515302586	-0.3126175756176274	3.911479712083289e-05	14	7	0	0.0	0.0	0.0	0	0	0	0.0050413663788256464	0.0	1	0	-0.07815439390440684	0.0	9.778699280208222e-06
max_xny_ge_10	n_calls	<=	87.19999999999997	24	35	0.015551161856514404	0.0	6	0	-0.0014037133353134834	0.0	-3.060688524594291e-05	0.0	0.0	0.0	1	0	0	0.0	0.0	0.0	0	0	0	0.020158913517703856	-0.0018196283976285896	-3.9675591985481545e-05	21	6	0	0.0	0.0	0.0	2	0	0	0.005039728379425964	0.0	1	0	-0.0004549070994071474	0.0	-9.918897996370386e-06
max_xny_ge_10	method_kept_rows	<=	71.19999999999999	24	35	0.015551161856514404	0.0	6	0	-0.0014037133353134834	0.0	-3.060688524594291e-05	0.0	0.0	0.0	1	0	0	0.0	0.0	0.0	0	0	0	0.020158913517703856	-0.0018196283976285896	-3.9675591985481545e-05	21	6	0	0.0	0.0	0.0	2	0	0	0.005039728379425964	0.0	1	0	-0.0004549070994071474	0.0	-9.918897996370386e-06
s_xny_ge_10	n_calls	<=	87.19999999999997	24	35	0.015551161856514404	0.0	6	0	-0.0014037133353134834	0.0	-3.060688524594291e-05	0.0	0.0	0.0	1	0	0	0.0	0.0	0.0	0	0	0	0.020158913517703856	-0.0018196283976285896	-3.9675591985481545e-05	21	6	0	0.0	0.0	0.0	2	0	0	0.005039728379425964	0.0	1	0	-0.0004549070994071474	0.0	-9.918897996370386e-06
s_xny_ge_10	method_kept_rows	<=	71.19999999999999	24	35	0.015551161856514404	0.0	6	0	-0.0014037133353134834	0.0	-3.060688524594291e-05	0.0	0.0	0.0	1	0	0	0.0	0.0	0.0	0	0	0	0.020158913517703856	-0.0018196283976285896	-3.9675591985481545e-05	21	6	0	0.0	0.0	0.0	2	0	0	0.005039728379425964	0.0	1	0	-0.0004549070994071474	0.0	-9.918897996370386e-06
min_breadth_ge_0.02	abundance_entropy	<=	2.4094963240988347	14	35	0.015520600977871028	0.0	5	0	-0.345762826178257	0.0	0.00015761030709123984	0.0	0.0	0.0	0	0	0	0.0	0.0	0.0	0	0	0	0.020119297563906888	-0.4482110709718146	0.00020430965734049607	14	5	0	0.0	0.0	0.0	0	0	0	0.005029824390976722	0.0	1	0	-0.11205276774295365	0.0	5.1077414335124017e-05
max_xny_ge_10	method_kept_rows	<=	64.0	22	35	0.015360746115479808	0.0	5	0	-0.0013793703295693913	0.0	-3.0274363383659645e-05	0.0	0.0	0.0	1	0	0	0.0	0.0	0.0	0	0	0	0.019912078297844197	-0.0017880726494418034	-3.924454512696621e-05	19	5	0	0.0	0.0	0.0	2	0	0	0.004978019574461049	0.0	1	0	-0.00044701816236045086	0.0	-9.811136281741553e-06
s_xny_ge_10	method_kept_rows	<=	64.0	22	35	0.015360746115479808	0.0	5	0	-0.0013793703295693913	0.0	-3.0274363383659645e-05	0.0	0.0	0.0	1	0	0	0.0	0.0	0.0	0	0	0	0.019912078297844197	-0.0017880726494418034	-3.924454512696621e-05	19	5	0	0.0	0.0	0.0	2	0	0	0.004978019574461049	0.0	1	0	-0.00044701816236045086	0.0	-9.811136281741553e-06
max_xny_ge_10	max_depth_cv_mean	<=	11.383777296363634	24	35	0.014945223508649977	0.0	7	0	-0.0014781706621089289	0.0	-2.7726252194632777e-05	0.0	0.0	0.0	3	0	0	0.0	0.0	0.0	0	0	0	0.019373437881583303	-0.0019161471545856485	-3.594143803007953e-05	20	7	0	0.0	0.0	0.0	1	0	0	0.004843359470395826	0.0	1	0	-0.00047903678864641213	0.0	-8.985359507519882e-06
s_xny_ge_10	max_depth_cv_mean	<=	11.383777296363634	24	35	0.014945223508649977	0.0	7	0	-0.0014781706621089289	0.0	-2.7726252194632777e-05	0.0	0.0	0.0	3	0	0	0.0	0.0	0.0	0	0	0	0.019373437881583303	-0.0019161471545856485	-3.594143803007953e-05	20	7	0	0.0	0.0	0.0	1	0	0	0.004843359470395826	0.0	1	0	-0.00047903678864641213	0.0	-8.985359507519882e-06
min_xny_ge_25	top3_abundance	>=	0.5700654222538089	14	35	0.01489231797326158	0.0	7	0	-0.6246149711905077	0.0	0.00028408559162187747	0.0	0.0	0.0	0	0	0	0.0	0.0	0.0	0	0	0	0.01930485663200575	-0.809686073765473	0.0003682591002505819	14	7	0	0.0	0.0	0.0	0	0	0	0.004826214158001437	0.0	1	0	-0.20242151844136824	0.0	9.206477506264547e-05
drop_prob_lt_0.5_and_xny_lt_500	max_xny_median	>=	594.0	18	35	0.014859287423379056	-0.011210249370853576	11	1	-1.09543813755024	0.08227400347389491	0.0006338193715959418	0.0	0.0	0.0	0	0	0	0.0	0.0	0.0	0	0	0	0.01804889506727	-1.3625359212577248	0.0007489010026071401	16	9	1	0.01637744650098849	-0.7759324701499164	0.00098167546773259	2	2	0	0.008606585392064624	0.0	2	0	-0.5346170978519103	0.0	0.00043264411758493255
drop_prob_lt_0.5_and_xny_lt_500	max_breadth_median	>=	0.4141	18	35	0.014859287423379056	-0.011210249370853576	11	1	-1.09543813755024	0.08227400347389491	0.0006338193715959418	0.0	0.0	0.0	0	0	0	0.0	0.0	0.0	0	0	0	0.01804889506727	-1.3625359212577248	0.0007489010026071401	16	9	1	0.01637744650098849	-0.7759324701499164	0.00098167546773259	2	2	0	0.008606585392064624	0.0	2	0	-0.5346170978519103	0.0	0.00043264411758493255
drop_prob_lt_0.5_and_xny_lt_500	max_real_min_af_median	>=	0.594	18	35	0.014859287423379056	-0.011210249370853576	11	1	-1.09543813755024	0.08227400347389491	0.0006338193715959418	0.0	0.0	0.0	0	0	0	0.0	0.0	0.0	0	0	0	0.01804889506727	-1.3625359212577248	0.0007489010026071401	16	9	1	0.01637744650098849	-0.7759324701499164	0.00098167546773259	2	2	0	0.008606585392064624	0.0	2	0	-0.5346170978519103	0.0	0.00043264411758493255
drop_prob_lt_0.5_and_breadth_lt_0.1	abundance_entropy	<=	2.4094963240988347	14	35	0.01483765780412694	0.0	6	0	-0.20411360774025655	0.0	3.5160571903469774e-05	0.0	0.0	0.0	0	0	0	0.0	0.0	0.0	0	0	0	0.01923400085720159	-0.2645917137373696	4.557851913412748e-05	14	6	0	0.0	0.0	0.0	0	0	0	0.004808500214300397	0.0	1	0	-0.0661479284343424	0.0	1.139462978353187e-05
drop_prob_lt_0.5_and_breadth_lt_0.1	max_mean_depth_median	>=	0.9391045	18	35	0.01482649827739264	0.0	7	0	-0.4788997928624281	0.0	0.0002482487000702337	0.0	0.0	0.0	0	0	0	0.0	0.0	0.0	0	0	0	0.019219534804027497	-0.6207960277846291	0.000321803870461414	17	7	0	0.0	0.0	0.0	1	0	0	0.004804883701006874	0.0	1	0	-0.15519900694615726	0.0	8.04509676153535e-05
min_xny_ge_25	max_breadth_p25	>=	0.1221914	24	35	0.014817608082746297	0.0	11	0	-1.3539037575410682	0.0	0.0011644117850941088	0.0	0.0	0.0	1	0	0	0.0	0.0	0.0	0	0	0	0.01886514710089737	-1.7526403782404187	0.0015114422406238075	21	10	0	0.004628655585945718	-0.032670650723041206	-2.7264009274496903e-05	2	1	0	0.005873450671710772	0.0	2	0	-0.446327757240865	0.0	0.00037104455783732766
drop_prob_lt_0.5_and_breadth_lt_0.1	max_xny_p25	>=	234.79999999999998	24	35	0.014812435617441671	0.0	11	0	-0.8037380214936295	0.0	0.0004589375728418586	0.0	0.0	0.0	1	0	0	0.0	0.0	0.0	0	0	0	0.018508435689528195	-0.9858732947955219	0.0005121119277784428	21	10	0	0.009353741496598622	-0.7561258963989701	0.0011178964997235474	2	1	0	0.006965544296531704	0.0	2	0	-0.435499797798623	0.0	0.00040750210687549756
drop_prob_lt_0.7_and_breadth_lt_0.2	max_breadth_p25	>=	0.1221914	24	35	0.014731376176142045	-0.04500000000000004	11	5	-2.1078343784777607	0.7654741840761368	0.001234778495763351	0.0	0.0	0.0	1	0	0	0.0	0.0	0.0	0	0	0	0.018017276354399692	-2.744790814955937	0.0016849967285293523	21	9	5	0.014565852298089932	0.1675743785443391	-0.0011388321592876172	2	2	0	0.008145782163122405	0.0	2	0	-0.6443041091028995	0.1675743785443391	0.0001365411423104338
min_xny_ge_25	max_xny_p25	>=	270.40000000000003	21	35	0.014717778399661983	0.0	8	0	-1.1987205649592159	0.0	0.0011473315727575293	0.0	0.0	0.0	1	0	0	0.0	0.0	0.0	0	0	0	0.01873573825245474	-1.5514769804491289	0.0014893012246319452	18	7	0	0.004628655585945718	-0.032670650723041206	-2.7264009274496903e-05	2	1	0	0.005841098459600114	0.0	2	0	-0.3960369077930425	0.0	0.00036550930383936206
max_xny_ge_10	method_dropped_rows	>=	18.000000000000007	4	35	0.014657430666167702	0.0	4	0	-0.001631738051420533	0.0	-3.250670305202493e-05	0.0	0.0	0.0	0	0	0	0.0	0.0	0.0	0	0	0	0.019000373085772945	-0.0021152159925821724	-4.2138318771143436e-05	4	4	0	0.0	0.0	0.0	0	0	0	0.004750093271443236	0.0	1	0	-0.0005288039981455431	0.0	-1.0534579692785859e-05
s_xny_ge_10	method_dropped_rows	>=	18.000000000000007	4	35	0.014657430666167702	0.0	4	0	-0.001631738051420533	0.0	-3.250670305202493e-05	0.0	0.0	0.0	0	0	0	0.0	0.0	0.0	0	0	0	0.019000373085772945	-0.0021152159925821724	-4.2138318771143436e-05	4	4	0	0.0	0.0	0.0	0	0	0	0.004750093271443236	0.0	1	0	-0.0005288039981455431	0.0	-1.0534579692785859e-05
max_xny_ge_10	top1_abundance	>=	0.3655638067618553	14	35	0.014314702793938469	0.0	6	0	-0.0012170899963771424	0.0	2.6810169863532096e-06	0.0	0.0	0.0	1	0	0	0.0	0.0	0.0	0	0	0	0.018556096214364683	-0.0015777092545629626	3.475392389717124e-06	13	6	0	0.0	0.0	0.0	0	0	0	0.004639024053591171	0.0	1	0	-0.00039442731364074064	0.0	8.68848097429281e-07
max_xny_ge_10	top3_abundance	>=	0.5211896277667296	24	35	0.014314702793938469	0.0	6	0	-0.0012170899963771424	0.0	2.6810169863532096e-06	0.0	0.0	0.0	3	0	0	0.0	0.0	0.0	0	0	0	0.018556096214364683	-0.0015777092545629626	3.475392389717124e-06	20	6	0	0.0	0.0	0.0	1	0	0	0.004639024053591171	0.0	1	0	-0.00039442731364074064	0.0	8.68848097429281e-07
s_xny_ge_10	top1_abundance	>=	0.3655638067618553	14	35	0.014314702793938469	0.0	6	0	-0.0012170899963771424	0.0	2.6810169863532096e-06	0.0	0.0	0.0	1	0	0	0.0	0.0	0.0	0	0	0	0.018556096214364683	-0.0015777092545629626	3.475392389717124e-06	13	6	0	0.0	0.0	0.0	0	0	0	0.004639024053591171	0.0	1	0	-0.00039442731364074064	0.0	8.68848097429281e-07
drop_prob_lt_0.7_and_breadth_lt_0.2	max_xny_p25	>=	312.0	18	35	0.012052210749524435	-0.01719479243429145	8	2	-1.1073922921167911	0.7654741840761368	0.0008351249183903985	0.0	0.0	0.0	1	0	0	0.0	0.0	0.0	0	0	0	0.014544284134710197	-1.4479214437472732	0.0011669272763792289	15	6	2	0.014565852298089932	0.1675743785443391	-0.0011388321592876172	2	2	0	0.007277534108200033	0.0	2	0	-0.3200867663007335	0.1675743785443391	7.023779272902924e-06
drop_prob_lt_0.7_and_breadth_lt_0.2	n_calls	<=	51.0	18	35	0.01203339145490411	-0.04500000000000004	8	3	-0.9157538258205483	0.7654741840761368	0.0007984949731906317	0.0	0.0	0.0	0	0	0	0.0	0.0	0.0	0	0	0	0.014519888752794962	-1.1995012096595508	0.0011194440140832348	16	6	3	0.014565852298089932	0.1675743785443391	-0.0011388321592876172	2	2	0	0.007271435262721223	0.0	2	0	-0.2579817077788029	0.1675743785443391	-4.847036301095582e-06
