method	samples	mean_F1	pooled_F1	pooled_TP	pooled_FP	pooled_FN	mean_L1_union_pp	mean_Pearson_union	mean_added
split_rescue_p0.02_sx300_ani0.93_af0.3_b0.2_d1_top1	0,1,2	0.8354138579934839	0.8338762214983714	256	62	40	44.71389659144912	0.9167603713321979	3.3333333333333335
split_rescue_p0.02_sx300_ani0.93_af0.3_b0.2_d2_top1	0,1,2	0.8316031455380747	0.8300653594771241	254	62	42	45.04576617611118	0.9167335448952277	2.6666666666666665
split_rescue_p0.02_sx300_ani0.93_af0.5_b0.2_d1_top1	0,1,2	0.8316031455380747	0.8300653594771241	254	62	42	45.04576617611118	0.9167335448952277	2.6666666666666665
split_rescue_p0.02_sx300_ani0.93_af0.5_b0.2_d2_top1	0,1,2	0.8316031455380747	0.8300653594771241	254	62	42	45.04576617611118	0.9167335448952277	2.6666666666666665
split_rescue_p0.02_sx500_ani0.93_af0.3_b0.2_d1_top1	0,1,2	0.8316031455380747	0.8300653594771241	254	62	42	45.04576617611118	0.9167335448952277	2.6666666666666665
split_rescue_p0.02_sx500_ani0.93_af0.3_b0.2_d2_top1	0,1,2	0.8316031455380747	0.8300653594771241	254	62	42	45.04576617611118	0.9167335448952277	2.6666666666666665
split_rescue_p0.02_sx500_ani0.93_af0.5_b0.2_d1_top1	0,1,2	0.8316031455380747	0.8300653594771241	254	62	42	45.04576617611118	0.9167335448952277	2.6666666666666665
split_rescue_p0.02_sx500_ani0.93_af0.5_b0.2_d2_top1	0,1,2	0.8316031455380747	0.8300653594771241	254	62	42	45.04576617611118	0.9167335448952277	2.6666666666666665
split_rescue_p0_sx300_ani0.93_af0.5_b0.2_d1_top1	0,1,2	0.8316031455380747	0.8300653594771241	254	62	42	45.04576617611118	0.9167335448952277	2.6666666666666665
split_rescue_p0_sx300_ani0.93_af0.5_b0.2_d2_top1	0,1,2	0.8316031455380747	0.8300653594771241	254	62	42	45.04576617611118	0.9167335448952277	2.6666666666666665
split_rescue_p0_sx500_ani0.93_af0.3_b0.2_d1_top1	0,1,2	0.8316031455380747	0.8300653594771241	254	62	42	45.04576617611118	0.9167335448952277	2.6666666666666665
split_rescue_p0_sx500_ani0.93_af0.3_b0.2_d2_top1	0,1,2	0.8316031455380747	0.8300653594771241	254	62	42	45.04576617611118	0.9167335448952277	2.6666666666666665
split_rescue_p0_sx500_ani0.93_af0.5_b0.2_d1_top1	0,1,2	0.8316031455380747	0.8300653594771241	254	62	42	45.04576617611118	0.9167335448952277	2.6666666666666665
split_rescue_p0_sx500_ani0.93_af0.5_b0.2_d2_top1	0,1,2	0.8316031455380747	0.8300653594771241	254	62	42	45.04576617611118	0.9167335448952277	2.6666666666666665
split_rescue_p0.02_sx300_ani0.95_af0.3_b0.2_d1_top1	0,1,2	0.8315197003445726	0.8300653594771241	254	62	42	46.062153054370185	0.9097434684310395	2.6666666666666665
split_rescue_p0.02_sx300_ani0.95_af0.3_b0.3_d1_top0	0,1,2	0.8315197003445726	0.8300653594771241	254	62	42	46.062153054370185	0.9097434684310395	2.6666666666666665
split_rescue_p0.02_sx300_ani0.95_af0.3_b0.3_d1_top1	0,1,2	0.8315197003445726	0.8300653594771241	254	62	42	46.062153054370185	0.9097434684310395	2.6666666666666665
split_rescue_p0.02_sx300_ani0.95_af0.3_b0.3_d1_top2	0,1,2	0.8315197003445726	0.8300653594771241	254	62	42	46.062153054370185	0.9097434684310395	2.6666666666666665
split_rescue_p0_sx300_ani0.95_af0.3_b0.3_d1_top0	0,1,2	0.8315197003445726	0.8300653594771241	254	62	42	46.062153054370185	0.9097434684310395	2.6666666666666665
split_rescue_p0_sx300_ani0.95_af0.3_b0.3_d1_top1	0,1,2	0.8315197003445726	0.8300653594771241	254	62	42	46.062153054370185	0.9097434684310395	2.6666666666666665
split_rescue_p0_sx300_ani0.95_af0.3_b0.3_d1_top2	0,1,2	0.8315197003445726	0.8300653594771241	254	62	42	46.062153054370185	0.9097434684310395	2.6666666666666665
split_rescue_p0.02_sx300_ani0.93_af0.3_b0.3_d1_top0	0,1,2	0.8303315528404068	0.8287112561174551	254	63	42	47.971194787148306	0.9045330800622419	3.0
split_rescue_p0.02_sx300_ani0.93_af0.3_b0.3_d1_top1	0,1,2	0.8303315528404068	0.8287112561174551	254	63	42	47.971194787148306	0.9045330800622419	3.0
split_rescue_p0.02_sx300_ani0.93_af0.3_b0.3_d1_top2	0,1,2	0.8303315528404068	0.8287112561174551	254	63	42	47.971194787148306	0.9045330800622419	3.0
split_rescue_p0_sx300_ani0.93_af0.3_b0.3_d1_top0	0,1,2	0.8303315528404068	0.8287112561174551	254	63	42	47.971194787148306	0.9045330800622419	3.0
split_rescue_p0_sx300_ani0.93_af0.3_b0.3_d1_top1	0,1,2	0.8303315528404068	0.8287112561174551	254	63	42	47.971194787148306	0.9045330800622419	3.0
split_rescue_p0_sx300_ani0.93_af0.3_b0.3_d1_top2	0,1,2	0.8303315528404068	0.8287112561174551	254	63	42	47.971194787148306	0.9045330800622419	3.0
split_rescue_p0.02_sx300_ani0.93_af0.3_b0.2_d1_top2	0,1,2	0.8298577456653059	0.8284789644012944	256	66	40	47.676060780733216	0.9101052409132112	4.666666666666667
split_rescue_p0.02_sx300_ani0.93_af0.3_b0.2_d5_top1	0,1,2	0.8296007573686984	0.828150572831424	253	62	43	45.365140138491974	0.9166747682740728	2.3333333333333335
split_rescue_p0.02_sx300_ani0.93_af0.5_b0.2_d5_top1	0,1,2	0.8296007573686984	0.828150572831424	253	62	43	45.365140138491974	0.9166747682740728	2.3333333333333335
split_rescue_p0.02_sx500_ani0.93_af0.3_b0.2_d5_top1	0,1,2	0.8296007573686984	0.828150572831424	253	62	43	45.365140138491974	0.9166747682740728	2.3333333333333335
split_rescue_p0.02_sx500_ani0.93_af0.5_b0.2_d5_top1	0,1,2	0.8296007573686984	0.828150572831424	253	62	43	45.365140138491974	0.9166747682740728	2.3333333333333335
split_rescue_p0_sx300_ani0.93_af0.5_b0.2_d5_top1	0,1,2	0.8296007573686984	0.828150572831424	253	62	43	45.365140138491974	0.9166747682740728	2.3333333333333335
split_rescue_p0_sx500_ani0.93_af0.3_b0.2_d5_top1	0,1,2	0.8296007573686984	0.828150572831424	253	62	43	45.365140138491974	0.9166747682740728	2.3333333333333335
split_rescue_p0_sx500_ani0.93_af0.5_b0.2_d5_top1	0,1,2	0.8296007573686984	0.828150572831424	253	62	43	45.365140138491974	0.9166747682740728	2.3333333333333335
split_rescue_p0.05_sx300_ani0.93_af0.3_b0.2_d1_top1	0,1,2	0.8296007573686984	0.828150572831424	253	62	43	47.50679558915166	0.8925459758902026	2.3333333333333335
split_rescue_p0.1_sx300_ani0.93_af0.3_b0.2_d1_top1	0,1,2	0.8296007573686984	0.828150572831424	253	62	43	47.50679558915166	0.8925459758902026	2.3333333333333335
split_rescue_p0.02_sx300_ani0.93_af0.5_b0.2_d1_top0	0,1,2	0.8287210238549977	0.8273615635179155	254	64	42	45.8201357701883	0.9154741325388728	3.3333333333333335
split_rescue_p0.02_sx300_ani0.93_af0.5_b0.2_d1_top2	0,1,2	0.8287210238549977	0.8273615635179155	254	64	42	45.8201357701883	0.9154741325388728	3.3333333333333335
split_rescue_p0.02_sx300_ani0.93_af0.5_b0.2_d2_top0	0,1,2	0.8287210238549977	0.8273615635179155	254	64	42	45.8201357701883	0.9154741325388728	3.3333333333333335
split_rescue_p0.02_sx300_ani0.93_af0.5_b0.2_d2_top2	0,1,2	0.8287210238549977	0.8273615635179155	254	64	42	45.8201357701883	0.9154741325388728	3.3333333333333335
split_rescue_p0.02_sx500_ani0.93_af0.3_b0.2_d1_top0	0,1,2	0.8287210238549977	0.8273615635179155	254	64	42	45.8201357701883	0.9154741325388728	3.3333333333333335
split_rescue_p0.02_sx500_ani0.93_af0.3_b0.2_d1_top2	0,1,2	0.8287210238549977	0.8273615635179155	254	64	42	45.8201357701883	0.9154741325388728	3.3333333333333335
split_rescue_p0.02_sx500_ani0.93_af0.3_b0.2_d2_top0	0,1,2	0.8287210238549977	0.8273615635179155	254	64	42	45.8201357701883	0.9154741325388728	3.3333333333333335
split_rescue_p0.02_sx500_ani0.93_af0.3_b0.2_d2_top2	0,1,2	0.8287210238549977	0.8273615635179155	254	64	42	45.8201357701883	0.9154741325388728	3.3333333333333335
split_rescue_p0.02_sx500_ani0.93_af0.5_b0.2_d1_top0	0,1,2	0.8287210238549977	0.8273615635179155	254	64	42	45.8201357701883	0.9154741325388728	3.3333333333333335
split_rescue_p0.02_sx500_ani0.93_af0.5_b0.2_d1_top2	0,1,2	0.8287210238549977	0.8273615635179155	254	64	42	45.8201357701883	0.9154741325388728	3.3333333333333335
split_rescue_p0.02_sx500_ani0.93_af0.5_b0.2_d2_top0	0,1,2	0.8287210238549977	0.8273615635179155	254	64	42	45.8201357701883	0.9154741325388728	3.3333333333333335
split_rescue_p0.02_sx500_ani0.93_af0.5_b0.2_d2_top2	0,1,2	0.8287210238549977	0.8273615635179155	254	64	42	45.8201357701883	0.9154741325388728	3.3333333333333335
split_rescue_p0.02_sx300_ani0.93_af0.3_b0.2_d1_top0	0,1,2	0.8286772256675815	0.8271405492730209	256	67	40	49.021210088198366	0.9074776549707556	5.0
split_rescue_p0_sx300_ani0.93_af0.3_b0.2_d1_top1	0,1,2	0.828477546916686	0.8271405492730209	256	67	40	47.97911986770266	0.9061939124766704	5.0
split_rescue_p0.02_sx650_ani0.93_af0.3_b0.2_d1_top0	0,1,2	0.8277537291896787	0.8262295081967213	252	62	44	52.21394295515935	0.8805969399353185	2.0
split_rescue_p0.02_sx650_ani0.93_af0.3_b0.2_d1_top1	0,1,2	0.8277537291896787	0.8262295081967213	252	62	44	52.21394295515935	0.8805969399353185	2.0
split_rescue_p0.02_sx650_ani0.93_af0.3_b0.2_d1_top2	0,1,2	0.8277537291896787	0.8262295081967213	252	62	44	52.21394295515935	0.8805969399353185	2.0
split_rescue_p0.02_sx650_ani0.93_af0.3_b0.2_d2_top0	0,1,2	0.8277537291896787	0.8262295081967213	252	62	44	52.21394295515935	0.8805969399353185	2.0
split_rescue_p0.02_sx650_ani0.93_af0.3_b0.2_d2_top1	0,1,2	0.8277537291896787	0.8262295081967213	252	62	44	52.21394295515935	0.8805969399353185	2.0
split_rescue_p0.02_sx650_ani0.93_af0.3_b0.2_d2_top2	0,1,2	0.8277537291896787	0.8262295081967213	252	62	44	52.21394295515935	0.8805969399353185	2.0
split_rescue_p0.02_sx650_ani0.93_af0.5_b0.2_d1_top0	0,1,2	0.8277537291896787	0.8262295081967213	252	62	44	52.21394295515935	0.8805969399353185	2.0
split_rescue_p0.02_sx650_ani0.93_af0.5_b0.2_d1_top1	0,1,2	0.8277537291896787	0.8262295081967213	252	62	44	52.21394295515935	0.8805969399353185	2.0
split_rescue_p0.02_sx650_ani0.93_af0.5_b0.2_d1_top2	0,1,2	0.8277537291896787	0.8262295081967213	252	62	44	52.21394295515935	0.8805969399353185	2.0
split_rescue_p0.02_sx650_ani0.93_af0.5_b0.2_d2_top0	0,1,2	0.8277537291896787	0.8262295081967213	252	62	44	52.21394295515935	0.8805969399353185	2.0
split_rescue_p0.02_sx650_ani0.93_af0.5_b0.2_d2_top1	0,1,2	0.8277537291896787	0.8262295081967213	252	62	44	52.21394295515935	0.8805969399353185	2.0
split_rescue_p0.02_sx650_ani0.93_af0.5_b0.2_d2_top2	0,1,2	0.8277537291896787	0.8262295081967213	252	62	44	52.21394295515935	0.8805969399353185	2.0
split_rescue_p0_sx650_ani0.93_af0.3_b0.2_d1_top0	0,1,2	0.8277537291896787	0.8262295081967213	252	62	44	52.21394295515935	0.8805969399353185	2.0
split_rescue_p0_sx650_ani0.93_af0.3_b0.2_d1_top1	0,1,2	0.8277537291896787	0.8262295081967213	252	62	44	52.21394295515935	0.8805969399353185	2.0
split_rescue_p0_sx650_ani0.93_af0.3_b0.2_d1_top2	0,1,2	0.8277537291896787	0.8262295081967213	252	62	44	52.21394295515935	0.8805969399353185	2.0
split_rescue_p0_sx650_ani0.93_af0.3_b0.2_d2_top0	0,1,2	0.8277537291896787	0.8262295081967213	252	62	44	52.21394295515935	0.8805969399353185	2.0
split_rescue_p0_sx650_ani0.93_af0.3_b0.2_d2_top1	0,1,2	0.8277537291896787	0.8262295081967213	252	62	44	52.21394295515935	0.8805969399353185	2.0
split_rescue_p0_sx650_ani0.93_af0.3_b0.2_d2_top2	0,1,2	0.8277537291896787	0.8262295081967213	252	62	44	52.21394295515935	0.8805969399353185	2.0
split_rescue_p0_sx650_ani0.93_af0.5_b0.2_d1_top0	0,1,2	0.8277537291896787	0.8262295081967213	252	62	44	52.21394295515935	0.8805969399353185	2.0
split_rescue_p0_sx650_ani0.93_af0.5_b0.2_d1_top1	0,1,2	0.8277537291896787	0.8262295081967213	252	62	44	52.21394295515935	0.8805969399353185	2.0
split_rescue_p0_sx650_ani0.93_af0.5_b0.2_d1_top2	0,1,2	0.8277537291896787	0.8262295081967213	252	62	44	52.21394295515935	0.8805969399353185	2.0
split_rescue_p0_sx650_ani0.93_af0.5_b0.2_d2_top0	0,1,2	0.8277537291896787	0.8262295081967213	252	62	44	52.21394295515935	0.8805969399353185	2.0
split_rescue_p0_sx650_ani0.93_af0.5_b0.2_d2_top1	0,1,2	0.8277537291896787	0.8262295081967213	252	62	44	52.21394295515935	0.8805969399353185	2.0
split_rescue_p0_sx650_ani0.93_af0.5_b0.2_d2_top2	0,1,2	0.8277537291896787	0.8262295081967213	252	62	44	52.21394295515935	0.8805969399353185	2.0
split_rescue_p0.02_sx300_ani0.93_af0.5_b0.3_d1_top0	0,1,2	0.8276881296790656	0.8262295081967213	252	62	44	46.397181904052225	0.9097169918389575	2.0
split_rescue_p0.02_sx300_ani0.93_af0.5_b0.3_d1_top1	0,1,2	0.8276881296790656	0.8262295081967213	252	62	44	46.397181904052225	0.9097169918389575	2.0
split_rescue_p0.02_sx300_ani0.93_af0.5_b0.3_d1_top2	0,1,2	0.8276881296790656	0.8262295081967213	252	62	44	46.397181904052225	0.9097169918389575	2.0
split_rescue_p0.02_sx300_ani0.93_af0.5_b0.3_d2_top0	0,1,2	0.8276881296790656	0.8262295081967213	252	62	44	46.397181904052225	0.9097169918389575	2.0
split_rescue_p0.02_sx300_ani0.93_af0.5_b0.3_d2_top1	0,1,2	0.8276881296790656	0.8262295081967213	252	62	44	46.397181904052225	0.9097169918389575	2.0
split_rescue_p0.02_sx300_ani0.93_af0.5_b0.3_d2_top2	0,1,2	0.8276881296790656	0.8262295081967213	252	62	44	46.397181904052225	0.9097169918389575	2.0
split_rescue_p0.02_sx300_ani0.93_af0.5_b0.3_d5_top0	0,1,2	0.8276881296790656	0.8262295081967213	252	62	44	46.397181904052225	0.9097169918389575	2.0
split_rescue_p0.02_sx300_ani0.93_af0.5_b0.3_d5_top1	0,1,2	0.8276881296790656	0.8262295081967213	252	62	44	46.397181904052225	0.9097169918389575	2.0
split_rescue_p0.02_sx300_ani0.93_af0.5_b0.3_d5_top2	0,1,2	0.8276881296790656	0.8262295081967213	252	62	44	46.397181904052225	0.9097169918389575	2.0
split_rescue_p0.02_sx300_ani0.95_af0.3_b0.2_d2_top1	0,1,2	0.8276881296790656	0.8262295081967213	252	62	44	46.397181904052225	0.9097169918389575	2.0
split_rescue_p0.02_sx300_ani0.95_af0.3_b0.2_d5_top1	0,1,2	0.8276881296790656	0.8262295081967213	252	62	44	46.397181904052225	0.9097169918389575	2.0
split_rescue_p0.02_sx300_ani0.95_af0.3_b0.3_d2_top0	0,1,2	0.8276881296790656	0.8262295081967213	252	62	44	46.397181904052225	0.9097169918389575	2.0
split_rescue_p0.02_sx300_ani0.95_af0.3_b0.3_d2_top1	0,1,2	0.8276881296790656	0.8262295081967213	252	62	44	46.397181904052225	0.9097169918389575	2.0
split_rescue_p0.02_sx300_ani0.95_af0.3_b0.3_d2_top2	0,1,2	0.8276881296790656	0.8262295081967213	252	62	44	46.397181904052225	0.9097169918389575	2.0
split_rescue_p0.02_sx300_ani0.95_af0.3_b0.3_d5_top0	0,1,2	0.8276881296790656	0.8262295081967213	252	62	44	46.397181904052225	0.9097169918389575	2.0
split_rescue_p0.02_sx300_ani0.95_af0.3_b0.3_d5_top1	0,1,2	0.8276881296790656	0.8262295081967213	252	62	44	46.397181904052225	0.9097169918389575	2.0
split_rescue_p0.02_sx300_ani0.95_af0.3_b0.3_d5_top2	0,1,2	0.8276881296790656	0.8262295081967213	252	62	44	46.397181904052225	0.9097169918389575	2.0
split_rescue_p0.02_sx300_ani0.95_af0.5_b0.2_d1_top1	0,1,2	0.8276881296790656	0.8262295081967213	252	62	44	46.397181904052225	0.9097169918389575	2.0
split_rescue_p0.02_sx300_ani0.95_af0.5_b0.2_d2_top1	0,1,2	0.8276881296790656	0.8262295081967213	252	62	44	46.397181904052225	0.9097169918389575	2.0
split_rescue_p0.02_sx300_ani0.95_af0.5_b0.2_d5_top1	0,1,2	0.8276881296790656	0.8262295081967213	252	62	44	46.397181904052225	0.9097169918389575	2.0
split_rescue_p0.02_sx300_ani0.95_af0.5_b0.3_d1_top0	0,1,2	0.8276881296790656	0.8262295081967213	252	62	44	46.397181904052225	0.9097169918389575	2.0
split_rescue_p0.02_sx300_ani0.95_af0.5_b0.3_d1_top1	0,1,2	0.8276881296790656	0.8262295081967213	252	62	44	46.397181904052225	0.9097169918389575	2.0
split_rescue_p0.02_sx300_ani0.95_af0.5_b0.3_d1_top2	0,1,2	0.8276881296790656	0.8262295081967213	252	62	44	46.397181904052225	0.9097169918389575	2.0
split_rescue_p0.02_sx300_ani0.95_af0.5_b0.3_d2_top0	0,1,2	0.8276881296790656	0.8262295081967213	252	62	44	46.397181904052225	0.9097169918389575	2.0
split_rescue_p0.02_sx300_ani0.95_af0.5_b0.3_d2_top1	0,1,2	0.8276881296790656	0.8262295081967213	252	62	44	46.397181904052225	0.9097169918389575	2.0
split_rescue_p0.02_sx300_ani0.95_af0.5_b0.3_d2_top2	0,1,2	0.8276881296790656	0.8262295081967213	252	62	44	46.397181904052225	0.9097169918389575	2.0
split_rescue_p0.02_sx300_ani0.95_af0.5_b0.3_d5_top0	0,1,2	0.8276881296790656	0.8262295081967213	252	62	44	46.397181904052225	0.9097169918389575	2.0
split_rescue_p0.02_sx300_ani0.95_af0.5_b0.3_d5_top1	0,1,2	0.8276881296790656	0.8262295081967213	252	62	44	46.397181904052225	0.9097169918389575	2.0
split_rescue_p0.02_sx300_ani0.95_af0.5_b0.3_d5_top2	0,1,2	0.8276881296790656	0.8262295081967213	252	62	44	46.397181904052225	0.9097169918389575	2.0
split_rescue_p0.02_sx500_ani0.93_af0.3_b0.3_d1_top0	0,1,2	0.8276881296790656	0.8262295081967213	252	62	44	46.397181904052225	0.9097169918389575	2.0
split_rescue_p0.02_sx500_ani0.93_af0.3_b0.3_d1_top1	0,1,2	0.8276881296790656	0.8262295081967213	252	62	44	46.397181904052225	0.9097169918389575	2.0
split_rescue_p0.02_sx500_ani0.93_af0.3_b0.3_d1_top2	0,1,2	0.8276881296790656	0.8262295081967213	252	62	44	46.397181904052225	0.9097169918389575	2.0
split_rescue_p0.02_sx500_ani0.93_af0.3_b0.3_d2_top0	0,1,2	0.8276881296790656	0.8262295081967213	252	62	44	46.397181904052225	0.9097169918389575	2.0
split_rescue_p0.02_sx500_ani0.93_af0.3_b0.3_d2_top1	0,1,2	0.8276881296790656	0.8262295081967213	252	62	44	46.397181904052225	0.9097169918389575	2.0
split_rescue_p0.02_sx500_ani0.93_af0.3_b0.3_d2_top2	0,1,2	0.8276881296790656	0.8262295081967213	252	62	44	46.397181904052225	0.9097169918389575	2.0
split_rescue_p0.02_sx500_ani0.93_af0.3_b0.3_d5_top0	0,1,2	0.8276881296790656	0.8262295081967213	252	62	44	46.397181904052225	0.9097169918389575	2.0
split_rescue_p0.02_sx500_ani0.93_af0.3_b0.3_d5_top1	0,1,2	0.8276881296790656	0.8262295081967213	252	62	44	46.397181904052225	0.9097169918389575	2.0
split_rescue_p0.02_sx500_ani0.93_af0.3_b0.3_d5_top2	0,1,2	0.8276881296790656	0.8262295081967213	252	62	44	46.397181904052225	0.9097169918389575	2.0
split_rescue_p0.02_sx500_ani0.93_af0.5_b0.3_d1_top0	0,1,2	0.8276881296790656	0.8262295081967213	252	62	44	46.397181904052225	0.9097169918389575	2.0
split_rescue_p0.02_sx500_ani0.93_af0.5_b0.3_d1_top1	0,1,2	0.8276881296790656	0.8262295081967213	252	62	44	46.397181904052225	0.9097169918389575	2.0
split_rescue_p0.02_sx500_ani0.93_af0.5_b0.3_d1_top2	0,1,2	0.8276881296790656	0.8262295081967213	252	62	44	46.397181904052225	0.9097169918389575	2.0
split_rescue_p0.02_sx500_ani0.93_af0.5_b0.3_d2_top0	0,1,2	0.8276881296790656	0.8262295081967213	252	62	44	46.397181904052225	0.9097169918389575	2.0
split_rescue_p0.02_sx500_ani0.93_af0.5_b0.3_d2_top1	0,1,2	0.8276881296790656	0.8262295081967213	252	62	44	46.397181904052225	0.9097169918389575	2.0
split_rescue_p0.02_sx500_ani0.93_af0.5_b0.3_d2_top2	0,1,2	0.8276881296790656	0.8262295081967213	252	62	44	46.397181904052225	0.9097169918389575	2.0
split_rescue_p0.02_sx500_ani0.93_af0.5_b0.3_d5_top0	0,1,2	0.8276881296790656	0.8262295081967213	252	62	44	46.397181904052225	0.9097169918389575	2.0
split_rescue_p0.02_sx500_ani0.93_af0.5_b0.3_d5_top1	0,1,2	0.8276881296790656	0.8262295081967213	252	62	44	46.397181904052225	0.9097169918389575	2.0
split_rescue_p0.02_sx500_ani0.93_af0.5_b0.3_d5_top2	0,1,2	0.8276881296790656	0.8262295081967213	252	62	44	46.397181904052225	0.9097169918389575	2.0
split_rescue_p0.02_sx500_ani0.95_af0.3_b0.2_d1_top1	0,1,2	0.8276881296790656	0.8262295081967213	252	62	44	46.397181904052225	0.9097169918389575	2.0
split_rescue_p0.02_sx500_ani0.95_af0.3_b0.2_d2_top1	0,1,2	0.8276881296790656	0.8262295081967213	252	62	44	46.397181904052225	0.9097169918389575	2.0
split_rescue_p0.02_sx500_ani0.95_af0.3_b0.2_d5_top1	0,1,2	0.8276881296790656	0.8262295081967213	252	62	44	46.397181904052225	0.9097169918389575	2.0
split_rescue_p0.02_sx500_ani0.95_af0.3_b0.3_d1_top0	0,1,2	0.8276881296790656	0.8262295081967213	252	62	44	46.397181904052225	0.9097169918389575	2.0
split_rescue_p0.02_sx500_ani0.95_af0.3_b0.3_d1_top1	0,1,2	0.8276881296790656	0.8262295081967213	252	62	44	46.397181904052225	0.9097169918389575	2.0
split_rescue_p0.02_sx500_ani0.95_af0.3_b0.3_d1_top2	0,1,2	0.8276881296790656	0.8262295081967213	252	62	44	46.397181904052225	0.9097169918389575	2.0
split_rescue_p0.02_sx500_ani0.95_af0.3_b0.3_d2_top0	0,1,2	0.8276881296790656	0.8262295081967213	252	62	44	46.397181904052225	0.9097169918389575	2.0
split_rescue_p0.02_sx500_ani0.95_af0.3_b0.3_d2_top1	0,1,2	0.8276881296790656	0.8262295081967213	252	62	44	46.397181904052225	0.9097169918389575	2.0
split_rescue_p0.02_sx500_ani0.95_af0.3_b0.3_d2_top2	0,1,2	0.8276881296790656	0.8262295081967213	252	62	44	46.397181904052225	0.9097169918389575	2.0
split_rescue_p0.02_sx500_ani0.95_af0.3_b0.3_d5_top0	0,1,2	0.8276881296790656	0.8262295081967213	252	62	44	46.397181904052225	0.9097169918389575	2.0
split_rescue_p0.02_sx500_ani0.95_af0.3_b0.3_d5_top1	0,1,2	0.8276881296790656	0.8262295081967213	252	62	44	46.397181904052225	0.9097169918389575	2.0
split_rescue_p0.02_sx500_ani0.95_af0.3_b0.3_d5_top2	0,1,2	0.8276881296790656	0.8262295081967213	252	62	44	46.397181904052225	0.9097169918389575	2.0
split_rescue_p0.02_sx500_ani0.95_af0.5_b0.2_d1_top1	0,1,2	0.8276881296790656	0.8262295081967213	252	62	44	46.397181904052225	0.9097169918389575	2.0
split_rescue_p0.02_sx500_ani0.95_af0.5_b0.2_d2_top1	0,1,2	0.8276881296790656	0.8262295081967213	252	62	44	46.397181904052225	0.9097169918389575	2.0
split_rescue_p0.02_sx500_ani0.95_af0.5_b0.2_d5_top1	0,1,2	0.8276881296790656	0.8262295081967213	252	62	44	46.397181904052225	0.9097169918389575	2.0
split_rescue_p0.02_sx500_ani0.95_af0.5_b0.3_d1_top0	0,1,2	0.8276881296790656	0.8262295081967213	252	62	44	46.397181904052225	0.9097169918389575	2.0
split_rescue_p0.02_sx500_ani0.95_af0.5_b0.3_d1_top1	0,1,2	0.8276881296790656	0.8262295081967213	252	62	44	46.397181904052225	0.9097169918389575	2.0
split_rescue_p0.02_sx500_ani0.95_af0.5_b0.3_d1_top2	0,1,2	0.8276881296790656	0.8262295081967213	252	62	44	46.397181904052225	0.9097169918389575	2.0
split_rescue_p0.02_sx500_ani0.95_af0.5_b0.3_d2_top0	0,1,2	0.8276881296790656	0.8262295081967213	252	62	44	46.397181904052225	0.9097169918389575	2.0
split_rescue_p0.02_sx500_ani0.95_af0.5_b0.3_d2_top1	0,1,2	0.8276881296790656	0.8262295081967213	252	62	44	46.397181904052225	0.9097169918389575	2.0
split_rescue_p0.02_sx500_ani0.95_af0.5_b0.3_d2_top2	0,1,2	0.8276881296790656	0.8262295081967213	252	62	44	46.397181904052225	0.9097169918389575	2.0
split_rescue_p0.02_sx500_ani0.95_af0.5_b0.3_d5_top0	0,1,2	0.8276881296790656	0.8262295081967213	252	62	44	46.397181904052225	0.9097169918389575	2.0
split_rescue_p0.02_sx500_ani0.95_af0.5_b0.3_d5_top1	0,1,2	0.8276881296790656	0.8262295081967213	252	62	44	46.397181904052225	0.9097169918389575	2.0
split_rescue_p0.02_sx500_ani0.95_af0.5_b0.3_d5_top2	0,1,2	0.8276881296790656	0.8262295081967213	252	62	44	46.397181904052225	0.9097169918389575	2.0
split_rescue_p0_sx300_ani0.93_af0.5_b0.3_d1_top0	0,1,2	0.8276881296790656	0.8262295081967213	252	62	44	46.397181904052225	0.9097169918389575	2.0
split_rescue_p0_sx300_ani0.93_af0.5_b0.3_d1_top1	0,1,2	0.8276881296790656	0.8262295081967213	252	62	44	46.397181904052225	0.9097169918389575	2.0
split_rescue_p0_sx300_ani0.93_af0.5_b0.3_d1_top2	0,1,2	0.8276881296790656	0.8262295081967213	252	62	44	46.397181904052225	0.9097169918389575	2.0
split_rescue_p0_sx300_ani0.93_af0.5_b0.3_d2_top0	0,1,2	0.8276881296790656	0.8262295081967213	252	62	44	46.397181904052225	0.9097169918389575	2.0
split_rescue_p0_sx300_ani0.93_af0.5_b0.3_d2_top1	0,1,2	0.8276881296790656	0.8262295081967213	252	62	44	46.397181904052225	0.9097169918389575	2.0
split_rescue_p0_sx300_ani0.93_af0.5_b0.3_d2_top2	0,1,2	0.8276881296790656	0.8262295081967213	252	62	44	46.397181904052225	0.9097169918389575	2.0
split_rescue_p0_sx300_ani0.93_af0.5_b0.3_d5_top0	0,1,2	0.8276881296790656	0.8262295081967213	252	62	44	46.397181904052225	0.9097169918389575	2.0
split_rescue_p0_sx300_ani0.93_af0.5_b0.3_d5_top1	0,1,2	0.8276881296790656	0.8262295081967213	252	62	44	46.397181904052225	0.9097169918389575	2.0
split_rescue_p0_sx300_ani0.93_af0.5_b0.3_d5_top2	0,1,2	0.8276881296790656	0.8262295081967213	252	62	44	46.397181904052225	0.9097169918389575	2.0
split_rescue_p0_sx300_ani0.95_af0.3_b0.3_d2_top0	0,1,2	0.8276881296790656	0.8262295081967213	252	62	44	46.397181904052225	0.9097169918389575	2.0
split_rescue_p0_sx300_ani0.95_af0.3_b0.3_d2_top1	0,1,2	0.8276881296790656	0.8262295081967213	252	62	44	46.397181904052225	0.9097169918389575	2.0
split_rescue_p0_sx300_ani0.95_af0.3_b0.3_d2_top2	0,1,2	0.8276881296790656	0.8262295081967213	252	62	44	46.397181904052225	0.9097169918389575	2.0
split_rescue_p0_sx300_ani0.95_af0.3_b0.3_d5_top0	0,1,2	0.8276881296790656	0.8262295081967213	252	62	44	46.397181904052225	0.9097169918389575	2.0
split_rescue_p0_sx300_ani0.95_af0.3_b0.3_d5_top1	0,1,2	0.8276881296790656	0.8262295081967213	252	62	44	46.397181904052225	0.9097169918389575	2.0
split_rescue_p0_sx300_ani0.95_af0.3_b0.3_d5_top2	0,1,2	0.8276881296790656	0.8262295081967213	252	62	44	46.397181904052225	0.9097169918389575	2.0
split_rescue_p0_sx300_ani0.95_af0.5_b0.3_d1_top0	0,1,2	0.8276881296790656	0.8262295081967213	252	62	44	46.397181904052225	0.9097169918389575	2.0
split_rescue_p0_sx300_ani0.95_af0.5_b0.3_d1_top1	0,1,2	0.8276881296790656	0.8262295081967213	252	62	44	46.397181904052225	0.9097169918389575	2.0
split_rescue_p0_sx300_ani0.95_af0.5_b0.3_d1_top2	0,1,2	0.8276881296790656	0.8262295081967213	252	62	44	46.397181904052225	0.9097169918389575	2.0
split_rescue_p0_sx300_ani0.95_af0.5_b0.3_d2_top0	0,1,2	0.8276881296790656	0.8262295081967213	252	62	44	46.397181904052225	0.9097169918389575	2.0
split_rescue_p0_sx300_ani0.95_af0.5_b0.3_d2_top1	0,1,2	0.8276881296790656	0.8262295081967213	252	62	44	46.397181904052225	0.9097169918389575	2.0
split_rescue_p0_sx300_ani0.95_af0.5_b0.3_d2_top2	0,1,2	0.8276881296790656	0.8262295081967213	252	62	44	46.397181904052225	0.9097169918389575	2.0
split_rescue_p0_sx300_ani0.95_af0.5_b0.3_d5_top0	0,1,2	0.8276881296790656	0.8262295081967213	252	62	44	46.397181904052225	0.9097169918389575	2.0
split_rescue_p0_sx300_ani0.95_af0.5_b0.3_d5_top1	0,1,2	0.8276881296790656	0.8262295081967213	252	62	44	46.397181904052225	0.9097169918389575	2.0
split_rescue_p0_sx300_ani0.95_af0.5_b0.3_d5_top2	0,1,2	0.8276881296790656	0.8262295081967213	252	62	44	46.397181904052225	0.9097169918389575	2.0
split_rescue_p0_sx500_ani0.93_af0.3_b0.3_d1_top0	0,1,2	0.8276881296790656	0.8262295081967213	252	62	44	46.397181904052225	0.9097169918389575	2.0
split_rescue_p0_sx500_ani0.93_af0.3_b0.3_d1_top1	0,1,2	0.8276881296790656	0.8262295081967213	252	62	44	46.397181904052225	0.9097169918389575	2.0
split_rescue_p0_sx500_ani0.93_af0.3_b0.3_d1_top2	0,1,2	0.8276881296790656	0.8262295081967213	252	62	44	46.397181904052225	0.9097169918389575	2.0
split_rescue_p0_sx500_ani0.93_af0.3_b0.3_d2_top0	0,1,2	0.8276881296790656	0.8262295081967213	252	62	44	46.397181904052225	0.9097169918389575	2.0
split_rescue_p0_sx500_ani0.93_af0.3_b0.3_d2_top1	0,1,2	0.8276881296790656	0.8262295081967213	252	62	44	46.397181904052225	0.9097169918389575	2.0
split_rescue_p0_sx500_ani0.93_af0.3_b0.3_d2_top2	0,1,2	0.8276881296790656	0.8262295081967213	252	62	44	46.397181904052225	0.9097169918389575	2.0
split_rescue_p0_sx500_ani0.93_af0.3_b0.3_d5_top0	0,1,2	0.8276881296790656	0.8262295081967213	252	62	44	46.397181904052225	0.9097169918389575	2.0
split_rescue_p0_sx500_ani0.93_af0.3_b0.3_d5_top1	0,1,2	0.8276881296790656	0.8262295081967213	252	62	44	46.397181904052225	0.9097169918389575	2.0
split_rescue_p0_sx500_ani0.93_af0.3_b0.3_d5_top2	0,1,2	0.8276881296790656	0.8262295081967213	252	62	44	46.397181904052225	0.9097169918389575	2.0
split_rescue_p0_sx500_ani0.93_af0.5_b0.3_d1_top0	0,1,2	0.8276881296790656	0.8262295081967213	252	62	44	46.397181904052225	0.9097169918389575	2.0
split_rescue_p0_sx500_ani0.93_af0.5_b0.3_d1_top1	0,1,2	0.8276881296790656	0.8262295081967213	252	62	44	46.397181904052225	0.9097169918389575	2.0
split_rescue_p0_sx500_ani0.93_af0.5_b0.3_d1_top2	0,1,2	0.8276881296790656	0.8262295081967213	252	62	44	46.397181904052225	0.9097169918389575	2.0
split_rescue_p0_sx500_ani0.93_af0.5_b0.3_d2_top0	0,1,2	0.8276881296790656	0.8262295081967213	252	62	44	46.397181904052225	0.9097169918389575	2.0
split_rescue_p0_sx500_ani0.93_af0.5_b0.3_d2_top1	0,1,2	0.8276881296790656	0.8262295081967213	252	62	44	46.397181904052225	0.9097169918389575	2.0
split_rescue_p0_sx500_ani0.93_af0.5_b0.3_d2_top2	0,1,2	0.8276881296790656	0.8262295081967213	252	62	44	46.397181904052225	0.9097169918389575	2.0
split_rescue_p0_sx500_ani0.93_af0.5_b0.3_d5_top0	0,1,2	0.8276881296790656	0.8262295081967213	252	62	44	46.397181904052225	0.9097169918389575	2.0
split_rescue_p0_sx500_ani0.93_af0.5_b0.3_d5_top1	0,1,2	0.8276881296790656	0.8262295081967213	252	62	44	46.397181904052225	0.9097169918389575	2.0
split_rescue_p0_sx500_ani0.93_af0.5_b0.3_d5_top2	0,1,2	0.8276881296790656	0.8262295081967213	252	62	44	46.397181904052225	0.9097169918389575	2.0
split_rescue_p0_sx500_ani0.95_af0.3_b0.3_d1_top0	0,1,2	0.8276881296790656	0.8262295081967213	252	62	44	46.397181904052225	0.9097169918389575	2.0
split_rescue_p0_sx500_ani0.95_af0.3_b0.3_d1_top1	0,1,2	0.8276881296790656	0.8262295081967213	252	62	44	46.397181904052225	0.9097169918389575	2.0
split_rescue_p0_sx500_ani0.95_af0.3_b0.3_d1_top2	0,1,2	0.8276881296790656	0.8262295081967213	252	62	44	46.397181904052225	0.9097169918389575	2.0
split_rescue_p0_sx500_ani0.95_af0.3_b0.3_d2_top0	0,1,2	0.8276881296790656	0.8262295081967213	252	62	44	46.397181904052225	0.9097169918389575	2.0
split_rescue_p0_sx500_ani0.95_af0.3_b0.3_d2_top1	0,1,2	0.8276881296790656	0.8262295081967213	252	62	44	46.397181904052225	0.9097169918389575	2.0
split_rescue_p0_sx500_ani0.95_af0.3_b0.3_d2_top2	0,1,2	0.8276881296790656	0.8262295081967213	252	62	44	46.397181904052225	0.9097169918389575	2.0
split_rescue_p0_sx500_ani0.95_af0.3_b0.3_d5_top0	0,1,2	0.8276881296790656	0.8262295081967213	252	62	44	46.397181904052225	0.9097169918389575	2.0
split_rescue_p0_sx500_ani0.95_af0.3_b0.3_d5_top1	0,1,2	0.8276881296790656	0.8262295081967213	252	62	44	46.397181904052225	0.9097169918389575	2.0
split_rescue_p0_sx500_ani0.95_af0.3_b0.3_d5_top2	0,1,2	0.8276881296790656	0.8262295081967213	252	62	44	46.397181904052225	0.9097169918389575	2.0
split_rescue_p0_sx500_ani0.95_af0.5_b0.3_d1_top0	0,1,2	0.8276881296790656	0.8262295081967213	252	62	44	46.397181904052225	0.9097169918389575	2.0
split_rescue_p0_sx500_ani0.95_af0.5_b0.3_d1_top1	0,1,2	0.8276881296790656	0.8262295081967213	252	62	44	46.397181904052225	0.9097169918389575	2.0
split_rescue_p0_sx500_ani0.95_af0.5_b0.3_d1_top2	0,1,2	0.8276881296790656	0.8262295081967213	252	62	44	46.397181904052225	0.9097169918389575	2.0
split_rescue_p0_sx500_ani0.95_af0.5_b0.3_d2_top0	0,1,2	0.8276881296790656	0.8262295081967213	252	62	44	46.397181904052225	0.9097169918389575	2.0
split_rescue_p0_sx500_ani0.95_af0.5_b0.3_d2_top1	0,1,2	0.8276881296790656	0.8262295081967213	252	62	44	46.397181904052225	0.9097169918389575	2.0
split_rescue_p0_sx500_ani0.95_af0.5_b0.3_d2_top2	0,1,2	0.8276881296790656	0.8262295081967213	252	62	44	46.397181904052225	0.9097169918389575	2.0
split_rescue_p0_sx500_ani0.95_af0.5_b0.3_d5_top0	0,1,2	0.8276881296790656	0.8262295081967213	252	62	44	46.397181904052225	0.9097169918389575	2.0
split_rescue_p0_sx500_ani0.95_af0.5_b0.3_d5_top1	0,1,2	0.8276881296790656	0.8262295081967213	252	62	44	46.397181904052225	0.9097169918389575	2.0
split_rescue_p0_sx500_ani0.95_af0.5_b0.3_d5_top2	0,1,2	0.8276881296790656	0.8262295081967213	252	62	44	46.397181904052225	0.9097169918389575	2.0
split_rescue_p0.05_sx300_ani0.95_af0.3_b0.2_d1_top1	0,1,2	0.8276881296790656	0.8262295081967213	252	62	44	48.538837354711916	0.8855881994550873	2.0
split_rescue_p0.05_sx300_ani0.95_af0.3_b0.3_d1_top0	0,1,2	0.8276881296790656	0.8262295081967213	252	62	44	48.538837354711916	0.8855881994550873	2.0
split_rescue_p0.05_sx300_ani0.95_af0.3_b0.3_d1_top1	0,1,2	0.8276881296790656	0.8262295081967213	252	62	44	48.538837354711916	0.8855881994550873	2.0
split_rescue_p0.05_sx300_ani0.95_af0.3_b0.3_d1_top2	0,1,2	0.8276881296790656	0.8262295081967213	252	62	44	48.538837354711916	0.8855881994550873	2.0
split_rescue_p0.1_sx300_ani0.95_af0.3_b0.2_d1_top1	0,1,2	0.8276881296790656	0.8262295081967213	252	62	44	48.538837354711916	0.8855881994550873	2.0
split_rescue_p0.1_sx300_ani0.95_af0.3_b0.3_d1_top0	0,1,2	0.8276881296790656	0.8262295081967213	252	62	44	48.538837354711916	0.8855881994550873	2.0
split_rescue_p0.1_sx300_ani0.95_af0.3_b0.3_d1_top1	0,1,2	0.8276881296790656	0.8262295081967213	252	62	44	48.538837354711916	0.8855881994550873	2.0
split_rescue_p0.1_sx300_ani0.95_af0.3_b0.3_d1_top2	0,1,2	0.8276881296790656	0.8262295081967213	252	62	44	48.538837354711916	0.8855881994550873	2.0
split_rescue_p0.2_sx300_ani0.95_af0.3_b0.2_d1_top0	0,1,2	0.8276881296790656	0.8262295081967213	252	62	44	48.538837354711916	0.8855881994550873	2.0
split_rescue_p0.2_sx300_ani0.95_af0.3_b0.2_d1_top1	0,1,2	0.8276881296790656	0.8262295081967213	252	62	44	48.538837354711916	0.8855881994550873	2.0
split_rescue_p0.2_sx300_ani0.95_af0.3_b0.2_d1_top2	0,1,2	0.8276881296790656	0.8262295081967213	252	62	44	48.538837354711916	0.8855881994550873	2.0
split_rescue_p0.2_sx300_ani0.95_af0.3_b0.3_d1_top0	0,1,2	0.8276881296790656	0.8262295081967213	252	62	44	48.538837354711916	0.8855881994550873	2.0
split_rescue_p0.2_sx300_ani0.95_af0.3_b0.3_d1_top1	0,1,2	0.8276881296790656	0.8262295081967213	252	62	44	48.538837354711916	0.8855881994550873	2.0
split_rescue_p0.2_sx300_ani0.95_af0.3_b0.3_d1_top2	0,1,2	0.8276881296790656	0.8262295081967213	252	62	44	48.538837354711916	0.8855881994550873	2.0
split_rescue_p0_sx300_ani0.93_af0.5_b0.2_d1_top0	0,1,2	0.8275295222758992	0.8260162601626017	254	65	42	46.869582908817485	0.9139849100774903	3.6666666666666665
split_rescue_p0_sx300_ani0.93_af0.5_b0.2_d1_top2	0,1,2	0.8275295222758992	0.8260162601626017	254	65	42	46.869582908817485	0.9139849100774903	3.6666666666666665
split_rescue_p0_sx300_ani0.93_af0.5_b0.2_d2_top0	0,1,2	0.8275295222758992	0.8260162601626017	254	65	42	46.869582908817485	0.9139849100774903	3.6666666666666665
split_rescue_p0_sx300_ani0.93_af0.5_b0.2_d2_top2	0,1,2	0.8275295222758992	0.8260162601626017	254	65	42	46.869582908817485	0.9139849100774903	3.6666666666666665
split_rescue_p0_sx500_ani0.93_af0.3_b0.2_d1_top0	0,1,2	0.8275295222758992	0.8260162601626017	254	65	42	46.869582908817485	0.9139849100774903	3.6666666666666665
split_rescue_p0_sx500_ani0.93_af0.3_b0.2_d1_top2	0,1,2	0.8275295222758992	0.8260162601626017	254	65	42	46.869582908817485	0.9139849100774903	3.6666666666666665
split_rescue_p0_sx500_ani0.93_af0.3_b0.2_d2_top0	0,1,2	0.8275295222758992	0.8260162601626017	254	65	42	46.869582908817485	0.9139849100774903	3.6666666666666665
split_rescue_p0_sx500_ani0.93_af0.3_b0.2_d2_top2	0,1,2	0.8275295222758992	0.8260162601626017	254	65	42	46.869582908817485	0.9139849100774903	3.6666666666666665
split_rescue_p0_sx500_ani0.93_af0.5_b0.2_d1_top0	0,1,2	0.8275295222758992	0.8260162601626017	254	65	42	46.869582908817485	0.9139849100774903	3.6666666666666665
split_rescue_p0_sx500_ani0.93_af0.5_b0.2_d1_top2	0,1,2	0.8275295222758992	0.8260162601626017	254	65	42	46.869582908817485	0.9139849100774903	3.6666666666666665
split_rescue_p0_sx500_ani0.93_af0.5_b0.2_d2_top0	0,1,2	0.8275295222758992	0.8260162601626017	254	65	42	46.869582908817485	0.9139849100774903	3.6666666666666665
split_rescue_p0_sx500_ani0.93_af0.5_b0.2_d2_top2	0,1,2	0.8275295222758992	0.8260162601626017	254	65	42	46.869582908817485	0.9139849100774903	3.6666666666666665
split_rescue_p0.02_sx300_ani0.95_af0.3_b0.2_d1_top0	0,1,2	0.8271602294046727	0.8260162601626017	254	65	42	47.08397094755372	0.9082779695059017	3.6666666666666665
split_rescue_p0.02_sx300_ani0.95_af0.3_b0.2_d1_top2	0,1,2	0.8271602294046727	0.8260162601626017	254	65	42	47.08397094755372	0.9082779695059017	3.6666666666666665
split_rescue_p0_sx300_ani0.93_af0.3_b0.2_d5_top1	0,1,2	0.8270178263694664	0.8254486133768353	253	64	43	48.34111222431875	0.9062477931790595	3.0
split_rescue_p0.1_sx300_ani0.93_af0.3_b0.2_d1_top2	0,1,2	0.8269212425628156	0.8254486133768353	253	64	43	49.607566943743585	0.8871345566681815	3.0
split_rescue_p0.02_sx300_ani0.93_af0.5_b0.2_d5_top0	0,1,2	0.8267213147217807	0.8254486133768353	253	64	43	46.10218672367387	0.9154126248518715	3.0
split_rescue_p0.02_sx300_ani0.93_af0.5_b0.2_d5_top2	0,1,2	0.8267213147217807	0.8254486133768353	253	64	43	46.10218672367387	0.9154126248518715	3.0
split_rescue_p0.02_sx500_ani0.93_af0.3_b0.2_d5_top0	0,1,2	0.8267213147217807	0.8254486133768353	253	64	43	46.10218672367387	0.9154126248518715	3.0
split_rescue_p0.02_sx500_ani0.93_af0.3_b0.2_d5_top2	0,1,2	0.8267213147217807	0.8254486133768353	253	64	43	46.10218672367387	0.9154126248518715	3.0
split_rescue_p0.02_sx500_ani0.93_af0.5_b0.2_d5_top0	0,1,2	0.8267213147217807	0.8254486133768353	253	64	43	46.10218672367387	0.9154126248518715	3.0
split_rescue_p0.02_sx500_ani0.93_af0.5_b0.2_d5_top2	0,1,2	0.8267213147217807	0.8254486133768353	253	64	43	46.10218672367387	0.9154126248518715	3.0
split_rescue_p0_sx300_ani0.95_af0.5_b0.2_d1_top1	0,1,2	0.8264999821748998	0.8248772504091654	252	63	44	47.45278534780092	0.9082047715493885	2.3333333333333335
split_rescue_p0_sx300_ani0.95_af0.5_b0.2_d2_top1	0,1,2	0.8264999821748998	0.8248772504091654	252	63	44	47.45278534780092	0.9082047715493885	2.3333333333333335
split_rescue_p0_sx300_ani0.95_af0.5_b0.2_d5_top1	0,1,2	0.8264999821748998	0.8248772504091654	252	63	44	47.45278534780092	0.9082047715493885	2.3333333333333335
split_rescue_p0_sx500_ani0.95_af0.3_b0.2_d1_top1	0,1,2	0.8264999821748998	0.8248772504091654	252	63	44	47.45278534780092	0.9082047715493885	2.3333333333333335
split_rescue_p0_sx500_ani0.95_af0.3_b0.2_d2_top1	0,1,2	0.8264999821748998	0.8248772504091654	252	63	44	47.45278534780092	0.9082047715493885	2.3333333333333335
split_rescue_p0_sx500_ani0.95_af0.3_b0.2_d5_top1	0,1,2	0.8264999821748998	0.8248772504091654	252	63	44	47.45278534780092	0.9082047715493885	2.3333333333333335
split_rescue_p0_sx500_ani0.95_af0.5_b0.2_d1_top1	0,1,2	0.8264999821748998	0.8248772504091654	252	63	44	47.45278534780092	0.9082047715493885	2.3333333333333335
split_rescue_p0_sx500_ani0.95_af0.5_b0.2_d2_top1	0,1,2	0.8264999821748998	0.8248772504091654	252	63	44	47.45278534780092	0.9082047715493885	2.3333333333333335
split_rescue_p0_sx500_ani0.95_af0.5_b0.2_d5_top1	0,1,2	0.8264999821748998	0.8248772504091654	252	63	44	47.45278534780092	0.9082047715493885	2.3333333333333335
split_rescue_p0.02_sx300_ani0.93_af0.3_b0.3_d2_top0	0,1,2	0.8264999821748998	0.8248772504091654	252	63	44	48.30622363683034	0.9045066034701598	2.3333333333333335
split_rescue_p0.02_sx300_ani0.93_af0.3_b0.3_d2_top1	0,1,2	0.8264999821748998	0.8248772504091654	252	63	44	48.30622363683034	0.9045066034701598	2.3333333333333335
split_rescue_p0.02_sx300_ani0.93_af0.3_b0.3_d2_top2	0,1,2	0.8264999821748998	0.8248772504091654	252	63	44	48.30622363683034	0.9045066034701598	2.3333333333333335
split_rescue_p0.02_sx300_ani0.93_af0.3_b0.3_d5_top0	0,1,2	0.8264999821748998	0.8248772504091654	252	63	44	48.30622363683034	0.9045066034701598	2.3333333333333335
split_rescue_p0.02_sx300_ani0.93_af0.3_b0.3_d5_top1	0,1,2	0.8264999821748998	0.8248772504091654	252	63	44	48.30622363683034	0.9045066034701598	2.3333333333333335
split_rescue_p0.02_sx300_ani0.93_af0.3_b0.3_d5_top2	0,1,2	0.8264999821748998	0.8248772504091654	252	63	44	48.30622363683034	0.9045066034701598	2.3333333333333335
split_rescue_p0_sx300_ani0.93_af0.3_b0.3_d2_top0	0,1,2	0.8264999821748998	0.8248772504091654	252	63	44	48.30622363683034	0.9045066034701598	2.3333333333333335
split_rescue_p0_sx300_ani0.93_af0.3_b0.3_d2_top1	0,1,2	0.8264999821748998	0.8248772504091654	252	63	44	48.30622363683034	0.9045066034701598	2.3333333333333335
split_rescue_p0_sx300_ani0.93_af0.3_b0.3_d2_top2	0,1,2	0.8264999821748998	0.8248772504091654	252	63	44	48.30622363683034	0.9045066034701598	2.3333333333333335
split_rescue_p0_sx300_ani0.93_af0.3_b0.3_d5_top0	0,1,2	0.8264999821748998	0.8248772504091654	252	63	44	48.30622363683034	0.9045066034701598	2.3333333333333335
split_rescue_p0_sx300_ani0.93_af0.3_b0.3_d5_top1	0,1,2	0.8264999821748998	0.8248772504091654	252	63	44	48.30622363683034	0.9045066034701598	2.3333333333333335
split_rescue_p0_sx300_ani0.93_af0.3_b0.3_d5_top2	0,1,2	0.8264999821748998	0.8248772504091654	252	63	44	48.30622363683034	0.9045066034701598	2.3333333333333335
split_rescue_p0.05_sx300_ani0.93_af0.3_b0.3_d1_top0	0,1,2	0.8264999821748998	0.8248772504091654	252	63	44	50.44787908749003	0.8803778110862895	2.3333333333333335
split_rescue_p0.05_sx300_ani0.93_af0.3_b0.3_d1_top1	0,1,2	0.8264999821748998	0.8248772504091654	252	63	44	50.44787908749003	0.8803778110862895	2.3333333333333335
split_rescue_p0.05_sx300_ani0.93_af0.3_b0.3_d1_top2	0,1,2	0.8264999821748998	0.8248772504091654	252	63	44	50.44787908749003	0.8803778110862895	2.3333333333333335
split_rescue_p0.1_sx300_ani0.93_af0.3_b0.3_d1_top0	0,1,2	0.8264999821748998	0.8248772504091654	252	63	44	50.44787908749003	0.8803778110862895	2.3333333333333335
split_rescue_p0.1_sx300_ani0.93_af0.3_b0.3_d1_top1	0,1,2	0.8264999821748998	0.8248772504091654	252	63	44	50.44787908749003	0.8803778110862895	2.3333333333333335
split_rescue_p0.1_sx300_ani0.93_af0.3_b0.3_d1_top2	0,1,2	0.8264999821748998	0.8248772504091654	252	63	44	50.44787908749003	0.8803778110862895	2.3333333333333335
split_rescue_p0.2_sx300_ani0.93_af0.3_b0.2_d1_top0	0,1,2	0.8264999821748998	0.8248772504091654	252	63	44	50.44787908749003	0.8803778110862895	2.3333333333333335
split_rescue_p0.2_sx300_ani0.93_af0.3_b0.2_d1_top1	0,1,2	0.8264999821748998	0.8248772504091654	252	63	44	50.44787908749003	0.8803778110862895	2.3333333333333335
split_rescue_p0.2_sx300_ani0.93_af0.3_b0.2_d1_top2	0,1,2	0.8264999821748998	0.8248772504091654	252	63	44	50.44787908749003	0.8803778110862895	2.3333333333333335
split_rescue_p0.2_sx300_ani0.93_af0.3_b0.3_d1_top0	0,1,2	0.8264999821748998	0.8248772504091654	252	63	44	50.44787908749003	0.8803778110862895	2.3333333333333335
split_rescue_p0.2_sx300_ani0.93_af0.3_b0.3_d1_top1	0,1,2	0.8264999821748998	0.8248772504091654	252	63	44	50.44787908749003	0.8803778110862895	2.3333333333333335
split_rescue_p0.2_sx300_ani0.93_af0.3_b0.3_d1_top2	0,1,2	0.8264999821748998	0.8248772504091654	252	63	44	50.44787908749003	0.8803778110862895	2.3333333333333335
split_rescue_p0.1_sx300_ani0.95_af0.3_b0.2_d1_top0	0,1,2	0.8262001164522813	0.8248772504091654	252	63	44	48.73749615046882	0.8853705865873905	2.3333333333333335
split_rescue_p0.1_sx300_ani0.95_af0.3_b0.2_d1_top2	0,1,2	0.8262001164522813	0.8248772504091654	252	63	44	48.73749615046882	0.8853705865873905	2.3333333333333335
split_rescue_p0.02_sx300_ani0.93_af0.3_b0.2_d2_top2	0,1,2	0.8260542776011727	0.8246753246753247	254	66	42	47.98563982873526	0.9100745130518354	4.0
split_rescue_p0.1_sx300_ani0.93_af0.3_b0.2_d1_top0	0,1,2	0.8257407225650913	0.8241042345276872	253	65	43	50.952716251208734	0.8845069707257261	3.3333333333333335
split_rescue_p0.02_sx300_ani0.93_af0.3_b0.2_d10_top1	0,1,2	0.8257301517275047	0.8243021346469621	251	62	45	47.183993204201705	0.9133505408080862	1.6666666666666667
split_rescue_p0.02_sx300_ani0.93_af0.5_b0.2_d10_top1	0,1,2	0.8257301517275047	0.8243021346469621	251	62	45	47.183993204201705	0.9133505408080862	1.6666666666666667
split_rescue_p0.02_sx500_ani0.93_af0.3_b0.2_d10_top1	0,1,2	0.8257301517275047	0.8243021346469621	251	62	45	47.183993204201705	0.9133505408080862	1.6666666666666667
split_rescue_p0.02_sx500_ani0.93_af0.5_b0.2_d10_top1	0,1,2	0.8257301517275047	0.8243021346469621	251	62	45	47.183993204201705	0.9133505408080862	1.6666666666666667
split_rescue_p0_sx300_ani0.93_af0.5_b0.2_d10_top1	0,1,2	0.8257301517275047	0.8243021346469621	251	62	45	47.183993204201705	0.9133505408080862	1.6666666666666667
split_rescue_p0_sx500_ani0.93_af0.3_b0.2_d10_top1	0,1,2	0.8257301517275047	0.8243021346469621	251	62	45	47.183993204201705	0.9133505408080862	1.6666666666666667
split_rescue_p0_sx500_ani0.93_af0.5_b0.2_d10_top1	0,1,2	0.8257301517275047	0.8243021346469621	251	62	45	47.183993204201705	0.9133505408080862	1.6666666666666667
split_rescue_p0.05_sx300_ani0.93_af0.3_b0.2_d2_top1	0,1,2	0.8257301517275047	0.8243021346469621	251	62	45	47.858996411629334	0.8925304314455857	1.6666666666666667
split_rescue_p0.05_sx300_ani0.93_af0.3_b0.2_d5_top1	0,1,2	0.8257301517275047	0.8243021346469621	251	62	45	47.858996411629334	0.8925304314455857	1.6666666666666667
split_rescue_p0.05_sx300_ani0.93_af0.5_b0.2_d1_top1	0,1,2	0.8257301517275047	0.8243021346469621	251	62	45	47.858996411629334	0.8925304314455857	1.6666666666666667
split_rescue_p0.05_sx300_ani0.93_af0.5_b0.2_d2_top1	0,1,2	0.8257301517275047	0.8243021346469621	251	62	45	47.858996411629334	0.8925304314455857	1.6666666666666667
split_rescue_p0.05_sx300_ani0.93_af0.5_b0.2_d5_top1	0,1,2	0.8257301517275047	0.8243021346469621	251	62	45	47.858996411629334	0.8925304314455857	1.6666666666666667
split_rescue_p0.05_sx500_ani0.93_af0.3_b0.2_d1_top1	0,1,2	0.8257301517275047	0.8243021346469621	251	62	45	47.858996411629334	0.8925304314455857	1.6666666666666667
split_rescue_p0.05_sx500_ani0.93_af0.3_b0.2_d2_top1	0,1,2	0.8257301517275047	0.8243021346469621	251	62	45	47.858996411629334	0.8925304314455857	1.6666666666666667
split_rescue_p0.05_sx500_ani0.93_af0.3_b0.2_d5_top1	0,1,2	0.8257301517275047	0.8243021346469621	251	62	45	47.858996411629334	0.8925304314455857	1.6666666666666667
split_rescue_p0.05_sx500_ani0.93_af0.5_b0.2_d1_top1	0,1,2	0.8257301517275047	0.8243021346469621	251	62	45	47.858996411629334	0.8925304314455857	1.6666666666666667
split_rescue_p0.05_sx500_ani0.93_af0.5_b0.2_d2_top1	0,1,2	0.8257301517275047	0.8243021346469621	251	62	45	47.858996411629334	0.8925304314455857	1.6666666666666667
split_rescue_p0.05_sx500_ani0.93_af0.5_b0.2_d5_top1	0,1,2	0.8257301517275047	0.8243021346469621	251	62	45	47.858996411629334	0.8925304314455857	1.6666666666666667
split_rescue_p0.1_sx300_ani0.93_af0.3_b0.2_d2_top1	0,1,2	0.8257301517275047	0.8243021346469621	251	62	45	47.858996411629334	0.8925304314455857	1.6666666666666667
split_rescue_p0.1_sx300_ani0.93_af0.3_b0.2_d5_top1	0,1,2	0.8257301517275047	0.8243021346469621	251	62	45	47.858996411629334	0.8925304314455857	1.6666666666666667
split_rescue_p0.1_sx300_ani0.93_af0.5_b0.2_d1_top0	0,1,2	0.8257301517275047	0.8243021346469621	251	62	45	47.858996411629334	0.8925304314455857	1.6666666666666667
split_rescue_p0.1_sx300_ani0.93_af0.5_b0.2_d1_top1	0,1,2	0.8257301517275047	0.8243021346469621	251	62	45	47.858996411629334	0.8925304314455857	1.6666666666666667
split_rescue_p0.1_sx300_ani0.93_af0.5_b0.2_d1_top2	0,1,2	0.8257301517275047	0.8243021346469621	251	62	45	47.858996411629334	0.8925304314455857	1.6666666666666667
split_rescue_p0.1_sx300_ani0.93_af0.5_b0.2_d2_top0	0,1,2	0.8257301517275047	0.8243021346469621	251	62	45	47.858996411629334	0.8925304314455857	1.6666666666666667
split_rescue_p0.1_sx300_ani0.93_af0.5_b0.2_d2_top1	0,1,2	0.8257301517275047	0.8243021346469621	251	62	45	47.858996411629334	0.8925304314455857	1.6666666666666667
split_rescue_p0.1_sx300_ani0.93_af0.5_b0.2_d2_top2	0,1,2	0.8257301517275047	0.8243021346469621	251	62	45	47.858996411629334	0.8925304314455857	1.6666666666666667
split_rescue_p0.1_sx300_ani0.93_af0.5_b0.2_d5_top0	0,1,2	0.8257301517275047	0.8243021346469621	251	62	45	47.858996411629334	0.8925304314455857	1.6666666666666667
split_rescue_p0.1_sx300_ani0.93_af0.5_b0.2_d5_top1	0,1,2	0.8257301517275047	0.8243021346469621	251	62	45	47.858996411629334	0.8925304314455857	1.6666666666666667
split_rescue_p0.1_sx300_ani0.93_af0.5_b0.2_d5_top2	0,1,2	0.8257301517275047	0.8243021346469621	251	62	45	47.858996411629334	0.8925304314455857	1.6666666666666667
split_rescue_p0.1_sx500_ani0.93_af0.3_b0.2_d1_top0	0,1,2	0.8257301517275047	0.8243021346469621	251	62	45	47.858996411629334	0.8925304314455857	1.6666666666666667
split_rescue_p0.1_sx500_ani0.93_af0.3_b0.2_d1_top1	0,1,2	0.8257301517275047	0.8243021346469621	251	62	45	47.858996411629334	0.8925304314455857	1.6666666666666667
split_rescue_p0.1_sx500_ani0.93_af0.3_b0.2_d1_top2	0,1,2	0.8257301517275047	0.8243021346469621	251	62	45	47.858996411629334	0.8925304314455857	1.6666666666666667
split_rescue_p0.1_sx500_ani0.93_af0.3_b0.2_d2_top0	0,1,2	0.8257301517275047	0.8243021346469621	251	62	45	47.858996411629334	0.8925304314455857	1.6666666666666667
split_rescue_p0.1_sx500_ani0.93_af0.3_b0.2_d2_top1	0,1,2	0.8257301517275047	0.8243021346469621	251	62	45	47.858996411629334	0.8925304314455857	1.6666666666666667
split_rescue_p0.1_sx500_ani0.93_af0.3_b0.2_d2_top2	0,1,2	0.8257301517275047	0.8243021346469621	251	62	45	47.858996411629334	0.8925304314455857	1.6666666666666667
split_rescue_p0.1_sx500_ani0.93_af0.3_b0.2_d5_top0	0,1,2	0.8257301517275047	0.8243021346469621	251	62	45	47.858996411629334	0.8925304314455857	1.6666666666666667
split_rescue_p0.1_sx500_ani0.93_af0.3_b0.2_d5_top1	0,1,2	0.8257301517275047	0.8243021346469621	251	62	45	47.858996411629334	0.8925304314455857	1.6666666666666667
split_rescue_p0.1_sx500_ani0.93_af0.3_b0.2_d5_top2	0,1,2	0.8257301517275047	0.8243021346469621	251	62	45	47.858996411629334	0.8925304314455857	1.6666666666666667
split_rescue_p0.1_sx500_ani0.93_af0.5_b0.2_d1_top0	0,1,2	0.8257301517275047	0.8243021346469621	251	62	45	47.858996411629334	0.8925304314455857	1.6666666666666667
split_rescue_p0.1_sx500_ani0.93_af0.5_b0.2_d1_top1	0,1,2	0.8257301517275047	0.8243021346469621	251	62	45	47.858996411629334	0.8925304314455857	1.6666666666666667
split_rescue_p0.1_sx500_ani0.93_af0.5_b0.2_d1_top2	0,1,2	0.8257301517275047	0.8243021346469621	251	62	45	47.858996411629334	0.8925304314455857	1.6666666666666667
split_rescue_p0.1_sx500_ani0.93_af0.5_b0.2_d2_top0	0,1,2	0.8257301517275047	0.8243021346469621	251	62	45	47.858996411629334	0.8925304314455857	1.6666666666666667
split_rescue_p0.1_sx500_ani0.93_af0.5_b0.2_d2_top1	0,1,2	0.8257301517275047	0.8243021346469621	251	62	45	47.858996411629334	0.8925304314455857	1.6666666666666667
split_rescue_p0.1_sx500_ani0.93_af0.5_b0.2_d2_top2	0,1,2	0.8257301517275047	0.8243021346469621	251	62	45	47.858996411629334	0.8925304314455857	1.6666666666666667
split_rescue_p0.1_sx500_ani0.93_af0.5_b0.2_d5_top0	0,1,2	0.8257301517275047	0.8243021346469621	251	62	45	47.858996411629334	0.8925304314455857	1.6666666666666667
split_rescue_p0.1_sx500_ani0.93_af0.5_b0.2_d5_top1	0,1,2	0.8257301517275047	0.8243021346469621	251	62	45	47.858996411629334	0.8925304314455857	1.6666666666666667
split_rescue_p0.1_sx500_ani0.93_af0.5_b0.2_d5_top2	0,1,2	0.8257301517275047	0.8243021346469621	251	62	45	47.858996411629334	0.8925304314455857	1.6666666666666667
split_rescue_p0.02_sx650_ani0.93_af0.3_b0.2_d5_top0	0,1,2	0.8257301517275047	0.8243021346469621	251	62	45	52.56717198718288	0.8805433065672917	1.6666666666666667
split_rescue_p0.02_sx650_ani0.93_af0.3_b0.2_d5_top1	0,1,2	0.8257301517275047	0.8243021346469621	251	62	45	52.56717198718288	0.8805433065672917	1.6666666666666667
split_rescue_p0.02_sx650_ani0.93_af0.3_b0.2_d5_top2	0,1,2	0.8257301517275047	0.8243021346469621	251	62	45	52.56717198718288	0.8805433065672917	1.6666666666666667
split_rescue_p0.02_sx650_ani0.93_af0.5_b0.2_d5_top0	0,1,2	0.8257301517275047	0.8243021346469621	251	62	45	52.56717198718288	0.8805433065672917	1.6666666666666667
split_rescue_p0.02_sx650_ani0.93_af0.5_b0.2_d5_top1	0,1,2	0.8257301517275047	0.8243021346469621	251	62	45	52.56717198718288	0.8805433065672917	1.6666666666666667
split_rescue_p0.02_sx650_ani0.93_af0.5_b0.2_d5_top2	0,1,2	0.8257301517275047	0.8243021346469621	251	62	45	52.56717198718288	0.8805433065672917	1.6666666666666667
split_rescue_p0_sx650_ani0.93_af0.3_b0.2_d5_top0	0,1,2	0.8257301517275047	0.8243021346469621	251	62	45	52.56717198718288	0.8805433065672917	1.6666666666666667
split_rescue_p0_sx650_ani0.93_af0.3_b0.2_d5_top1	0,1,2	0.8257301517275047	0.8243021346469621	251	62	45	52.56717198718288	0.8805433065672917	1.6666666666666667
split_rescue_p0_sx650_ani0.93_af0.3_b0.2_d5_top2	0,1,2	0.8257301517275047	0.8243021346469621	251	62	45	52.56717198718288	0.8805433065672917	1.6666666666666667
split_rescue_p0_sx650_ani0.93_af0.5_b0.2_d5_top0	0,1,2	0.8257301517275047	0.8243021346469621	251	62	45	52.56717198718288	0.8805433065672917	1.6666666666666667
split_rescue_p0_sx650_ani0.93_af0.5_b0.2_d5_top1	0,1,2	0.8257301517275047	0.8243021346469621	251	62	45	52.56717198718288	0.8805433065672917	1.6666666666666667
split_rescue_p0_sx650_ani0.93_af0.5_b0.2_d5_top2	0,1,2	0.8257301517275047	0.8243021346469621	251	62	45	52.56717198718288	0.8805433065672917	1.6666666666666667
split_rescue_p0.25_sx300_ani0.93_af0.3_b0.2_d1_top0	0,1,2	0.8256645522168916	0.8243021346469621	251	62	45	51.16065584763834	0.8806633423485781	1.6666666666666667
split_rescue_p0.25_sx300_ani0.93_af0.3_b0.2_d1_top1	0,1,2	0.8256645522168916	0.8243021346469621	251	62	45	51.16065584763834	0.8806633423485781	1.6666666666666667
split_rescue_p0.25_sx300_ani0.93_af0.3_b0.2_d1_top2	0,1,2	0.8256645522168916	0.8243021346469621	251	62	45	51.16065584763834	0.8806633423485781	1.6666666666666667
split_rescue_p0.25_sx300_ani0.93_af0.3_b0.3_d1_top0	0,1,2	0.8256645522168916	0.8243021346469621	251	62	45	51.16065584763834	0.8806633423485781	1.6666666666666667
split_rescue_p0.25_sx300_ani0.93_af0.3_b0.3_d1_top1	0,1,2	0.8256645522168916	0.8243021346469621	251	62	45	51.16065584763834	0.8806633423485781	1.6666666666666667
split_rescue_p0.25_sx300_ani0.93_af0.3_b0.3_d1_top2	0,1,2	0.8256645522168916	0.8243021346469621	251	62	45	51.16065584763834	0.8806633423485781	1.6666666666666667
split_rescue_p0.25_sx300_ani0.95_af0.3_b0.2_d1_top0	0,1,2	0.8256645522168916	0.8243021346469621	251	62	45	51.16065584763834	0.8806633423485781	1.6666666666666667
split_rescue_p0.25_sx300_ani0.95_af0.3_b0.2_d1_top1	0,1,2	0.8256645522168916	0.8243021346469621	251	62	45	51.16065584763834	0.8806633423485781	1.6666666666666667
split_rescue_p0.25_sx300_ani0.95_af0.3_b0.2_d1_top2	0,1,2	0.8256645522168916	0.8243021346469621	251	62	45	51.16065584763834	0.8806633423485781	1.6666666666666667
split_rescue_p0.25_sx300_ani0.95_af0.3_b0.3_d1_top0	0,1,2	0.8256645522168916	0.8243021346469621	251	62	45	51.16065584763834	0.8806633423485781	1.6666666666666667
split_rescue_p0.25_sx300_ani0.95_af0.3_b0.3_d1_top1	0,1,2	0.8256645522168916	0.8243021346469621	251	62	45	51.16065584763834	0.8806633423485781	1.6666666666666667
split_rescue_p0.25_sx300_ani0.95_af0.3_b0.3_d1_top2	0,1,2	0.8256645522168916	0.8243021346469621	251	62	45	51.16065584763834	0.8806633423485781	1.6666666666666667
split_rescue_p0_sx300_ani0.93_af0.5_b0.2_d5_top0	0,1,2	0.8255298131426821	0.8241042345276872	253	65	43	47.15163386230305	0.9139234023904891	3.3333333333333335
split_rescue_p0_sx300_ani0.93_af0.5_b0.2_d5_top2	0,1,2	0.8255298131426821	0.8241042345276872	253	65	43	47.15163386230305	0.9139234023904891	3.3333333333333335
split_rescue_p0_sx500_ani0.93_af0.3_b0.2_d5_top0	0,1,2	0.8255298131426821	0.8241042345276872	253	65	43	47.15163386230305	0.9139234023904891	3.3333333333333335
split_rescue_p0_sx500_ani0.93_af0.3_b0.2_d5_top2	0,1,2	0.8255298131426821	0.8241042345276872	253	65	43	47.15163386230305	0.9139234023904891	3.3333333333333335
split_rescue_p0_sx500_ani0.93_af0.5_b0.2_d5_top0	0,1,2	0.8255298131426821	0.8241042345276872	253	65	43	47.15163386230305	0.9139234023904891	3.3333333333333335
split_rescue_p0_sx500_ani0.93_af0.5_b0.2_d5_top2	0,1,2	0.8255298131426821	0.8241042345276872	253	65	43	47.15163386230305	0.9139234023904891	3.3333333333333335
split_rescue_p0.02_sx300_ani0.93_af0.3_b0.2_d2_top0	0,1,2	0.8248737576034483	0.8233387358184765	254	67	42	49.330789136200416	0.90744692710938	4.333333333333333
split_rescue_p0.02_sx300_ani0.95_af0.5_b0.2_d1_top0	0,1,2	0.8248086870321479	0.8235294117647058	252	64	44	47.13422848923411	0.908454848416756	2.6666666666666665
split_rescue_p0.02_sx300_ani0.95_af0.5_b0.2_d1_top2	0,1,2	0.8248086870321479	0.8235294117647058	252	64	44	47.13422848923411	0.908454848416756	2.6666666666666665
split_rescue_p0.02_sx300_ani0.95_af0.5_b0.2_d2_top0	0,1,2	0.8248086870321479	0.8235294117647058	252	64	44	47.13422848923411	0.908454848416756	2.6666666666666665
split_rescue_p0.02_sx300_ani0.95_af0.5_b0.2_d2_top2	0,1,2	0.8248086870321479	0.8235294117647058	252	64	44	47.13422848923411	0.908454848416756	2.6666666666666665
split_rescue_p0.02_sx300_ani0.95_af0.5_b0.2_d5_top0	0,1,2	0.8248086870321479	0.8235294117647058	252	64	44	47.13422848923411	0.908454848416756	2.6666666666666665
split_rescue_p0.02_sx300_ani0.95_af0.5_b0.2_d5_top2	0,1,2	0.8248086870321479	0.8235294117647058	252	64	44	47.13422848923411	0.908454848416756	2.6666666666666665
split_rescue_p0.02_sx500_ani0.95_af0.3_b0.2_d1_top0	0,1,2	0.8248086870321479	0.8235294117647058	252	64	44	47.13422848923411	0.908454848416756	2.6666666666666665
split_rescue_p0.02_sx500_ani0.95_af0.3_b0.2_d1_top2	0,1,2	0.8248086870321479	0.8235294117647058	252	64	44	47.13422848923411	0.908454848416756	2.6666666666666665
split_rescue_p0.02_sx500_ani0.95_af0.3_b0.2_d2_top0	0,1,2	0.8248086870321479	0.8235294117647058	252	64	44	47.13422848923411	0.908454848416756	2.6666666666666665
split_rescue_p0.02_sx500_ani0.95_af0.3_b0.2_d2_top2	0,1,2	0.8248086870321479	0.8235294117647058	252	64	44	47.13422848923411	0.908454848416756	2.6666666666666665
split_rescue_p0.02_sx500_ani0.95_af0.3_b0.2_d5_top0	0,1,2	0.8248086870321479	0.8235294117647058	252	64	44	47.13422848923411	0.908454848416756	2.6666666666666665
split_rescue_p0.02_sx500_ani0.95_af0.3_b0.2_d5_top2	0,1,2	0.8248086870321479	0.8235294117647058	252	64	44	47.13422848923411	0.908454848416756	2.6666666666666665
split_rescue_p0.02_sx500_ani0.95_af0.5_b0.2_d1_top0	0,1,2	0.8248086870321479	0.8235294117647058	252	64	44	47.13422848923411	0.908454848416756	2.6666666666666665
split_rescue_p0.02_sx500_ani0.95_af0.5_b0.2_d1_top2	0,1,2	0.8248086870321479	0.8235294117647058	252	64	44	47.13422848923411	0.908454848416756	2.6666666666666665
split_rescue_p0.02_sx500_ani0.95_af0.5_b0.2_d2_top0	0,1,2	0.8248086870321479	0.8235294117647058	252	64	44	47.13422848923411	0.908454848416756	2.6666666666666665
split_rescue_p0.02_sx500_ani0.95_af0.5_b0.2_d2_top2	0,1,2	0.8248086870321479	0.8235294117647058	252	64	44	47.13422848923411	0.908454848416756	2.6666666666666665
split_rescue_p0.02_sx500_ani0.95_af0.5_b0.2_d5_top0	0,1,2	0.8248086870321479	0.8235294117647058	252	64	44	47.13422848923411	0.908454848416756	2.6666666666666665
split_rescue_p0.02_sx500_ani0.95_af0.5_b0.2_d5_top2	0,1,2	0.8248086870321479	0.8235294117647058	252	64	44	47.13422848923411	0.908454848416756	2.6666666666666665
split_rescue_p0_sx300_ani0.93_af0.3_b0.2_d2_top1	0,1,2	0.8246762273100788	0.8233387358184765	254	67	42	48.30586992101676	0.9061635218638937	4.333333333333333
split_rescue_p0_sx300_ani0.93_af0.3_b0.2_d10_top1	0,1,2	0.8245386501484062	0.8229508196721312	251	63	45	49.764140575552005	0.903712999542105	2.0
split_rescue_p0.02_sx300_ani0.93_af0.5_b0.2_d10_top0	0,1,2	0.8242449572598541	0.8229508196721312	251	63	45	47.60364420386501	0.9124889689175705	2.0
split_rescue_p0.02_sx300_ani0.93_af0.5_b0.2_d10_top2	0,1,2	0.8242449572598541	0.8229508196721312	251	63	45	47.60364420386501	0.9124889689175705	2.0
split_rescue_p0.02_sx500_ani0.93_af0.3_b0.2_d10_top0	0,1,2	0.8242449572598541	0.8229508196721312	251	63	45	47.60364420386501	0.9124889689175705	2.0
split_rescue_p0.02_sx500_ani0.93_af0.3_b0.2_d10_top2	0,1,2	0.8242449572598541	0.8229508196721312	251	63	45	47.60364420386501	0.9124889689175705	2.0
split_rescue_p0.02_sx500_ani0.93_af0.5_b0.2_d10_top0	0,1,2	0.8242449572598541	0.8229508196721312	251	63	45	47.60364420386501	0.9124889689175705	2.0
split_rescue_p0.02_sx500_ani0.93_af0.5_b0.2_d10_top2	0,1,2	0.8242449572598541	0.8229508196721312	251	63	45	47.60364420386501	0.9124889689175705	2.0
split_rescue_p0.02_sx300_ani0.93_af0.3_b0.2_d5_top2	0,1,2	0.8240573000536768	0.8227642276422764	253	66	43	48.2654765723054	0.9100115556380879	3.6666666666666665
split_rescue_p0.05_sx300_ani0.93_af0.3_b0.2_d1_top2	0,1,2	0.8240573000536768	0.8227642276422764	253	66	43	50.326438505196734	0.8858754326787839	3.6666666666666665
split_rescue_p0_sx300_ani0.95_af0.3_b0.2_d5_top1	0,1,2	0.82393140661638	0.8221859706362155	252	65	44	50.3019455389721	0.8979264089290743	3.0
split_rescue_p0.05_sx300_ani0.93_af0.3_b0.2_d10_top1	0,1,2	0.823865015429083	0.8223684210526317	250	62	46	49.042123755537204	0.8905525838274698	1.3333333333333333
split_rescue_p0.05_sx300_ani0.93_af0.5_b0.2_d10_top1	0,1,2	0.823865015429083	0.8223684210526317	250	62	46	49.042123755537204	0.8905525838274698	1.3333333333333333
split_rescue_p0.05_sx500_ani0.93_af0.3_b0.2_d10_top1	0,1,2	0.823865015429083	0.8223684210526317	250	62	46	49.042123755537204	0.8905525838274698	1.3333333333333333
split_rescue_p0.05_sx500_ani0.93_af0.5_b0.2_d10_top1	0,1,2	0.823865015429083	0.8223684210526317	250	62	46	49.042123755537204	0.8905525838274698	1.3333333333333333
split_rescue_p0.1_sx300_ani0.93_af0.3_b0.2_d10_top1	0,1,2	0.823865015429083	0.8223684210526317	250	62	46	49.042123755537204	0.8905525838274698	1.3333333333333333
split_rescue_p0.1_sx300_ani0.93_af0.5_b0.2_d10_top0	0,1,2	0.823865015429083	0.8223684210526317	250	62	46	49.042123755537204	0.8905525838274698	1.3333333333333333
split_rescue_p0.1_sx300_ani0.93_af0.5_b0.2_d10_top1	0,1,2	0.823865015429083	0.8223684210526317	250	62	46	49.042123755537204	0.8905525838274698	1.3333333333333333
split_rescue_p0.1_sx300_ani0.93_af0.5_b0.2_d10_top2	0,1,2	0.823865015429083	0.8223684210526317	250	62	46	49.042123755537204	0.8905525838274698	1.3333333333333333
split_rescue_p0.1_sx500_ani0.93_af0.3_b0.2_d10_top0	0,1,2	0.823865015429083	0.8223684210526317	250	62	46	49.042123755537204	0.8905525838274698	1.3333333333333333
split_rescue_p0.1_sx500_ani0.93_af0.3_b0.2_d10_top1	0,1,2	0.823865015429083	0.8223684210526317	250	62	46	49.042123755537204	0.8905525838274698	1.3333333333333333
split_rescue_p0.1_sx500_ani0.93_af0.3_b0.2_d10_top2	0,1,2	0.823865015429083	0.8223684210526317	250	62	46	49.042123755537204	0.8905525838274698	1.3333333333333333
split_rescue_p0.1_sx500_ani0.93_af0.5_b0.2_d10_top0	0,1,2	0.823865015429083	0.8223684210526317	250	62	46	49.042123755537204	0.8905525838274698	1.3333333333333333
split_rescue_p0.1_sx500_ani0.93_af0.5_b0.2_d10_top1	0,1,2	0.823865015429083	0.8223684210526317	250	62	46	49.042123755537204	0.8905525838274698	1.3333333333333333
split_rescue_p0.1_sx500_ani0.93_af0.5_b0.2_d10_top2	0,1,2	0.823865015429083	0.8223684210526317	250	62	46	49.042123755537204	0.8905525838274698	1.3333333333333333
split_rescue_p0.02_sx300_ani0.93_af0.5_b0.3_d10_top0	0,1,2	0.8238175240378719	0.8223684210526317	250	62	46	48.21603496976197	0.9063927643729709	1.3333333333333333
split_rescue_p0.02_sx300_ani0.93_af0.5_b0.3_d10_top1	0,1,2	0.8238175240378719	0.8223684210526317	250	62	46	48.21603496976197	0.9063927643729709	1.3333333333333333
split_rescue_p0.02_sx300_ani0.93_af0.5_b0.3_d10_top2	0,1,2	0.8238175240378719	0.8223684210526317	250	62	46	48.21603496976197	0.9063927643729709	1.3333333333333333
split_rescue_p0.02_sx300_ani0.95_af0.3_b0.2_d10_top1	0,1,2	0.8238175240378719	0.8223684210526317	250	62	46	48.21603496976197	0.9063927643729709	1.3333333333333333
split_rescue_p0.02_sx300_ani0.95_af0.3_b0.3_d10_top0	0,1,2	0.8238175240378719	0.8223684210526317	250	62	46	48.21603496976197	0.9063927643729709	1.3333333333333333
split_rescue_p0.02_sx300_ani0.95_af0.3_b0.3_d10_top1	0,1,2	0.8238175240378719	0.8223684210526317	250	62	46	48.21603496976197	0.9063927643729709	1.3333333333333333
split_rescue_p0.02_sx300_ani0.95_af0.3_b0.3_d10_top2	0,1,2	0.8238175240378719	0.8223684210526317	250	62	46	48.21603496976197	0.9063927643729709	1.3333333333333333
split_rescue_p0.02_sx300_ani0.95_af0.5_b0.2_d10_top1	0,1,2	0.8238175240378719	0.8223684210526317	250	62	46	48.21603496976197	0.9063927643729709	1.3333333333333333
split_rescue_p0.02_sx300_ani0.95_af0.5_b0.3_d10_top0	0,1,2	0.8238175240378719	0.8223684210526317	250	62	46	48.21603496976197	0.9063927643729709	1.3333333333333333
split_rescue_p0.02_sx300_ani0.95_af0.5_b0.3_d10_top1	0,1,2	0.8238175240378719	0.8223684210526317	250	62	46	48.21603496976197	0.9063927643729709	1.3333333333333333
split_rescue_p0.02_sx300_ani0.95_af0.5_b0.3_d10_top2	0,1,2	0.8238175240378719	0.8223684210526317	250	62	46	48.21603496976197	0.9063927643729709	1.3333333333333333
split_rescue_p0.02_sx500_ani0.93_af0.3_b0.3_d10_top0	0,1,2	0.8238175240378719	0.8223684210526317	250	62	46	48.21603496976197	0.9063927643729709	1.3333333333333333
split_rescue_p0.02_sx500_ani0.93_af0.3_b0.3_d10_top1	0,1,2	0.8238175240378719	0.8223684210526317	250	62	46	48.21603496976197	0.9063927643729709	1.3333333333333333
split_rescue_p0.02_sx500_ani0.93_af0.3_b0.3_d10_top2	0,1,2	0.8238175240378719	0.8223684210526317	250	62	46	48.21603496976197	0.9063927643729709	1.3333333333333333
split_rescue_p0.02_sx500_ani0.93_af0.5_b0.3_d10_top0	0,1,2	0.8238175240378719	0.8223684210526317	250	62	46	48.21603496976197	0.9063927643729709	1.3333333333333333
split_rescue_p0.02_sx500_ani0.93_af0.5_b0.3_d10_top1	0,1,2	0.8238175240378719	0.8223684210526317	250	62	46	48.21603496976197	0.9063927643729709	1.3333333333333333
split_rescue_p0.02_sx500_ani0.93_af0.5_b0.3_d10_top2	0,1,2	0.8238175240378719	0.8223684210526317	250	62	46	48.21603496976197	0.9063927643729709	1.3333333333333333
split_rescue_p0.02_sx500_ani0.95_af0.3_b0.2_d10_top1	0,1,2	0.8238175240378719	0.8223684210526317	250	62	46	48.21603496976197	0.9063927643729709	1.3333333333333333
split_rescue_p0.02_sx500_ani0.95_af0.3_b0.3_d10_top0	0,1,2	0.8238175240378719	0.8223684210526317	250	62	46	48.21603496976197	0.9063927643729709	1.3333333333333333
split_rescue_p0.02_sx500_ani0.95_af0.3_b0.3_d10_top1	0,1,2	0.8238175240378719	0.8223684210526317	250	62	46	48.21603496976197	0.9063927643729709	1.3333333333333333
split_rescue_p0.02_sx500_ani0.95_af0.3_b0.3_d10_top2	0,1,2	0.8238175240378719	0.8223684210526317	250	62	46	48.21603496976197	0.9063927643729709	1.3333333333333333
split_rescue_p0.02_sx500_ani0.95_af0.5_b0.2_d10_top1	0,1,2	0.8238175240378719	0.8223684210526317	250	62	46	48.21603496976197	0.9063927643729709	1.3333333333333333
split_rescue_p0.02_sx500_ani0.95_af0.5_b0.3_d10_top0	0,1,2	0.8238175240378719	0.8223684210526317	250	62	46	48.21603496976197	0.9063927643729709	1.3333333333333333
split_rescue_p0.02_sx500_ani0.95_af0.5_b0.3_d10_top1	0,1,2	0.8238175240378719	0.8223684210526317	250	62	46	48.21603496976197	0.9063927643729709	1.3333333333333333
split_rescue_p0.02_sx500_ani0.95_af0.5_b0.3_d10_top2	0,1,2	0.8238175240378719	0.8223684210526317	250	62	46	48.21603496976197	0.9063927643729709	1.3333333333333333
split_rescue_p0_sx300_ani0.93_af0.5_b0.3_d10_top0	0,1,2	0.8238175240378719	0.8223684210526317	250	62	46	48.21603496976197	0.9063927643729709	1.3333333333333333
split_rescue_p0_sx300_ani0.93_af0.5_b0.3_d10_top1	0,1,2	0.8238175240378719	0.8223684210526317	250	62	46	48.21603496976197	0.9063927643729709	1.3333333333333333
split_rescue_p0_sx300_ani0.93_af0.5_b0.3_d10_top2	0,1,2	0.8238175240378719	0.8223684210526317	250	62	46	48.21603496976197	0.9063927643729709	1.3333333333333333
split_rescue_p0_sx300_ani0.95_af0.3_b0.3_d10_top0	0,1,2	0.8238175240378719	0.8223684210526317	250	62	46	48.21603496976197	0.9063927643729709	1.3333333333333333
split_rescue_p0_sx300_ani0.95_af0.3_b0.3_d10_top1	0,1,2	0.8238175240378719	0.8223684210526317	250	62	46	48.21603496976197	0.9063927643729709	1.3333333333333333
split_rescue_p0_sx300_ani0.95_af0.3_b0.3_d10_top2	0,1,2	0.8238175240378719	0.8223684210526317	250	62	46	48.21603496976197	0.9063927643729709	1.3333333333333333
split_rescue_p0_sx300_ani0.95_af0.5_b0.3_d10_top0	0,1,2	0.8238175240378719	0.8223684210526317	250	62	46	48.21603496976197	0.9063927643729709	1.3333333333333333
split_rescue_p0_sx300_ani0.95_af0.5_b0.3_d10_top1	0,1,2	0.8238175240378719	0.8223684210526317	250	62	46	48.21603496976197	0.9063927643729709	1.3333333333333333
split_rescue_p0_sx300_ani0.95_af0.5_b0.3_d10_top2	0,1,2	0.8238175240378719	0.8223684210526317	250	62	46	48.21603496976197	0.9063927643729709	1.3333333333333333
split_rescue_p0_sx500_ani0.93_af0.3_b0.3_d10_top0	0,1,2	0.8238175240378719	0.8223684210526317	250	62	46	48.21603496976197	0.9063927643729709	1.3333333333333333
split_rescue_p0_sx500_ani0.93_af0.3_b0.3_d10_top1	0,1,2	0.8238175240378719	0.8223684210526317	250	62	46	48.21603496976197	0.9063927643729709	1.3333333333333333
split_rescue_p0_sx500_ani0.93_af0.3_b0.3_d10_top2	0,1,2	0.8238175240378719	0.8223684210526317	250	62	46	48.21603496976197	0.9063927643729709	1.3333333333333333
split_rescue_p0_sx500_ani0.93_af0.5_b0.3_d10_top0	0,1,2	0.8238175240378719	0.8223684210526317	250	62	46	48.21603496976197	0.9063927643729709	1.3333333333333333
split_rescue_p0_sx500_ani0.93_af0.5_b0.3_d10_top1	0,1,2	0.8238175240378719	0.8223684210526317	250	62	46	48.21603496976197	0.9063927643729709	1.3333333333333333
split_rescue_p0_sx500_ani0.93_af0.5_b0.3_d10_top2	0,1,2	0.8238175240378719	0.8223684210526317	250	62	46	48.21603496976197	0.9063927643729709	1.3333333333333333
split_rescue_p0_sx500_ani0.95_af0.3_b0.3_d10_top0	0,1,2	0.8238175240378719	0.8223684210526317	250	62	46	48.21603496976197	0.9063927643729709	1.3333333333333333
split_rescue_p0_sx500_ani0.95_af0.3_b0.3_d10_top1	0,1,2	0.8238175240378719	0.8223684210526317	250	62	46	48.21603496976197	0.9063927643729709	1.3333333333333333
split_rescue_p0_sx500_ani0.95_af0.3_b0.3_d10_top2	0,1,2	0.8238175240378719	0.8223684210526317	250	62	46	48.21603496976197	0.9063927643729709	1.3333333333333333
split_rescue_p0_sx500_ani0.95_af0.5_b0.3_d10_top0	0,1,2	0.8238175240378719	0.8223684210526317	250	62	46	48.21603496976197	0.9063927643729709	1.3333333333333333
split_rescue_p0_sx500_ani0.95_af0.5_b0.3_d10_top1	0,1,2	0.8238175240378719	0.8223684210526317	250	62	46	48.21603496976197	0.9063927643729709	1.3333333333333333
split_rescue_p0_sx500_ani0.95_af0.5_b0.3_d10_top2	0,1,2	0.8238175240378719	0.8223684210526317	250	62	46	48.21603496976197	0.9063927643729709	1.3333333333333333
split_rescue_p0.05_sx300_ani0.93_af0.5_b0.3_d1_top0	0,1,2	0.8238175240378719	0.8223684210526317	250	62	46	48.89103817718959	0.8855726550104702	1.3333333333333333
split_rescue_p0.05_sx300_ani0.93_af0.5_b0.3_d1_top1	0,1,2	0.8238175240378719	0.8223684210526317	250	62	46	48.89103817718959	0.8855726550104702	1.3333333333333333
split_rescue_p0.05_sx300_ani0.93_af0.5_b0.3_d1_top2	0,1,2	0.8238175240378719	0.8223684210526317	250	62	46	48.89103817718959	0.8855726550104702	1.3333333333333333
split_rescue_p0.05_sx300_ani0.93_af0.5_b0.3_d2_top0	0,1,2	0.8238175240378719	0.8223684210526317	250	62	46	48.89103817718959	0.8855726550104702	1.3333333333333333
split_rescue_p0.05_sx300_ani0.93_af0.5_b0.3_d2_top1	0,1,2	0.8238175240378719	0.8223684210526317	250	62	46	48.89103817718959	0.8855726550104702	1.3333333333333333
split_rescue_p0.05_sx300_ani0.93_af0.5_b0.3_d2_top2	0,1,2	0.8238175240378719	0.8223684210526317	250	62	46	48.89103817718959	0.8855726550104702	1.3333333333333333
split_rescue_p0.05_sx300_ani0.93_af0.5_b0.3_d5_top0	0,1,2	0.8238175240378719	0.8223684210526317	250	62	46	48.89103817718959	0.8855726550104702	1.3333333333333333
split_rescue_p0.05_sx300_ani0.93_af0.5_b0.3_d5_top1	0,1,2	0.8238175240378719	0.8223684210526317	250	62	46	48.89103817718959	0.8855726550104702	1.3333333333333333
split_rescue_p0.05_sx300_ani0.93_af0.5_b0.3_d5_top2	0,1,2	0.8238175240378719	0.8223684210526317	250	62	46	48.89103817718959	0.8855726550104702	1.3333333333333333
split_rescue_p0.05_sx300_ani0.95_af0.3_b0.2_d2_top1	0,1,2	0.8238175240378719	0.8223684210526317	250	62	46	48.89103817718959	0.8855726550104702	1.3333333333333333
split_rescue_p0.05_sx300_ani0.95_af0.3_b0.2_d5_top1	0,1,2	0.8238175240378719	0.8223684210526317	250	62	46	48.89103817718959	0.8855726550104702	1.3333333333333333
split_rescue_p0.05_sx300_ani0.95_af0.3_b0.3_d2_top0	0,1,2	0.8238175240378719	0.8223684210526317	250	62	46	48.89103817718959	0.8855726550104702	1.3333333333333333
split_rescue_p0.05_sx300_ani0.95_af0.3_b0.3_d2_top1	0,1,2	0.8238175240378719	0.8223684210526317	250	62	46	48.89103817718959	0.8855726550104702	1.3333333333333333
split_rescue_p0.05_sx300_ani0.95_af0.3_b0.3_d2_top2	0,1,2	0.8238175240378719	0.8223684210526317	250	62	46	48.89103817718959	0.8855726550104702	1.3333333333333333
split_rescue_p0.05_sx300_ani0.95_af0.3_b0.3_d5_top0	0,1,2	0.8238175240378719	0.8223684210526317	250	62	46	48.89103817718959	0.8855726550104702	1.3333333333333333
split_rescue_p0.05_sx300_ani0.95_af0.3_b0.3_d5_top1	0,1,2	0.8238175240378719	0.8223684210526317	250	62	46	48.89103817718959	0.8855726550104702	1.3333333333333333
split_rescue_p0.05_sx300_ani0.95_af0.3_b0.3_d5_top2	0,1,2	0.8238175240378719	0.8223684210526317	250	62	46	48.89103817718959	0.8855726550104702	1.3333333333333333
split_rescue_p0.05_sx300_ani0.95_af0.5_b0.2_d1_top1	0,1,2	0.8238175240378719	0.8223684210526317	250	62	46	48.89103817718959	0.8855726550104702	1.3333333333333333
split_rescue_p0.05_sx300_ani0.95_af0.5_b0.2_d2_top1	0,1,2	0.8238175240378719	0.8223684210526317	250	62	46	48.89103817718959	0.8855726550104702	1.3333333333333333
split_rescue_p0.05_sx300_ani0.95_af0.5_b0.2_d5_top1	0,1,2	0.8238175240378719	0.8223684210526317	250	62	46	48.89103817718959	0.8855726550104702	1.3333333333333333
split_rescue_p0.05_sx300_ani0.95_af0.5_b0.3_d1_top0	0,1,2	0.8238175240378719	0.8223684210526317	250	62	46	48.89103817718959	0.8855726550104702	1.3333333333333333
split_rescue_p0.05_sx300_ani0.95_af0.5_b0.3_d1_top1	0,1,2	0.8238175240378719	0.8223684210526317	250	62	46	48.89103817718959	0.8855726550104702	1.3333333333333333
split_rescue_p0.05_sx300_ani0.95_af0.5_b0.3_d1_top2	0,1,2	0.8238175240378719	0.8223684210526317	250	62	46	48.89103817718959	0.8855726550104702	1.3333333333333333
split_rescue_p0.05_sx300_ani0.95_af0.5_b0.3_d2_top0	0,1,2	0.8238175240378719	0.8223684210526317	250	62	46	48.89103817718959	0.8855726550104702	1.3333333333333333
split_rescue_p0.05_sx300_ani0.95_af0.5_b0.3_d2_top1	0,1,2	0.8238175240378719	0.8223684210526317	250	62	46	48.89103817718959	0.8855726550104702	1.3333333333333333
split_rescue_p0.05_sx300_ani0.95_af0.5_b0.3_d2_top2	0,1,2	0.8238175240378719	0.8223684210526317	250	62	46	48.89103817718959	0.8855726550104702	1.3333333333333333
split_rescue_p0.05_sx300_ani0.95_af0.5_b0.3_d5_top0	0,1,2	0.8238175240378719	0.8223684210526317	250	62	46	48.89103817718959	0.8855726550104702	1.3333333333333333
split_rescue_p0.05_sx300_ani0.95_af0.5_b0.3_d5_top1	0,1,2	0.8238175240378719	0.8223684210526317	250	62	46	48.89103817718959	0.8855726550104702	1.3333333333333333
split_rescue_p0.05_sx300_ani0.95_af0.5_b0.3_d5_top2	0,1,2	0.8238175240378719	0.8223684210526317	250	62	46	48.89103817718959	0.8855726550104702	1.3333333333333333
split_rescue_p0.05_sx500_ani0.93_af0.3_b0.3_d1_top0	0,1,2	0.8238175240378719	0.8223684210526317	250	62	46	48.89103817718959	0.8855726550104702	1.3333333333333333
split_rescue_p0.05_sx500_ani0.93_af0.3_b0.3_d1_top1	0,1,2	0.8238175240378719	0.8223684210526317	250	62	46	48.89103817718959	0.8855726550104702	1.3333333333333333
split_rescue_p0.05_sx500_ani0.93_af0.3_b0.3_d1_top2	0,1,2	0.8238175240378719	0.8223684210526317	250	62	46	48.89103817718959	0.8855726550104702	1.3333333333333333
split_rescue_p0.05_sx500_ani0.93_af0.3_b0.3_d2_top0	0,1,2	0.8238175240378719	0.8223684210526317	250	62	46	48.89103817718959	0.8855726550104702	1.3333333333333333
split_rescue_p0.05_sx500_ani0.93_af0.3_b0.3_d2_top1	0,1,2	0.8238175240378719	0.8223684210526317	250	62	46	48.89103817718959	0.8855726550104702	1.3333333333333333
split_rescue_p0.05_sx500_ani0.93_af0.3_b0.3_d2_top2	0,1,2	0.8238175240378719	0.8223684210526317	250	62	46	48.89103817718959	0.8855726550104702	1.3333333333333333
split_rescue_p0.05_sx500_ani0.93_af0.3_b0.3_d5_top0	0,1,2	0.8238175240378719	0.8223684210526317	250	62	46	48.89103817718959	0.8855726550104702	1.3333333333333333
split_rescue_p0.05_sx500_ani0.93_af0.3_b0.3_d5_top1	0,1,2	0.8238175240378719	0.8223684210526317	250	62	46	48.89103817718959	0.8855726550104702	1.3333333333333333
split_rescue_p0.05_sx500_ani0.93_af0.3_b0.3_d5_top2	0,1,2	0.8238175240378719	0.8223684210526317	250	62	46	48.89103817718959	0.8855726550104702	1.3333333333333333
split_rescue_p0.05_sx500_ani0.93_af0.5_b0.3_d1_top0	0,1,2	0.8238175240378719	0.8223684210526317	250	62	46	48.89103817718959	0.8855726550104702	1.3333333333333333
split_rescue_p0.05_sx500_ani0.93_af0.5_b0.3_d1_top1	0,1,2	0.8238175240378719	0.8223684210526317	250	62	46	48.89103817718959	0.8855726550104702	1.3333333333333333
split_rescue_p0.05_sx500_ani0.93_af0.5_b0.3_d1_top2	0,1,2	0.8238175240378719	0.8223684210526317	250	62	46	48.89103817718959	0.8855726550104702	1.3333333333333333
split_rescue_p0.05_sx500_ani0.93_af0.5_b0.3_d2_top0	0,1,2	0.8238175240378719	0.8223684210526317	250	62	46	48.89103817718959	0.8855726550104702	1.3333333333333333
split_rescue_p0.05_sx500_ani0.93_af0.5_b0.3_d2_top1	0,1,2	0.8238175240378719	0.8223684210526317	250	62	46	48.89103817718959	0.8855726550104702	1.3333333333333333
split_rescue_p0.05_sx500_ani0.93_af0.5_b0.3_d2_top2	0,1,2	0.8238175240378719	0.8223684210526317	250	62	46	48.89103817718959	0.8855726550104702	1.3333333333333333
split_rescue_p0.05_sx500_ani0.93_af0.5_b0.3_d5_top0	0,1,2	0.8238175240378719	0.8223684210526317	250	62	46	48.89103817718959	0.8855726550104702	1.3333333333333333
split_rescue_p0.05_sx500_ani0.93_af0.5_b0.3_d5_top1	0,1,2	0.8238175240378719	0.8223684210526317	250	62	46	48.89103817718959	0.8855726550104702	1.3333333333333333
split_rescue_p0.05_sx500_ani0.93_af0.5_b0.3_d5_top2	0,1,2	0.8238175240378719	0.8223684210526317	250	62	46	48.89103817718959	0.8855726550104702	1.3333333333333333
split_rescue_p0.05_sx500_ani0.95_af0.3_b0.2_d1_top1	0,1,2	0.8238175240378719	0.8223684210526317	250	62	46	48.89103817718959	0.8855726550104702	1.3333333333333333
split_rescue_p0.05_sx500_ani0.95_af0.3_b0.2_d2_top1	0,1,2	0.8238175240378719	0.8223684210526317	250	62	46	48.89103817718959	0.8855726550104702	1.3333333333333333
split_rescue_p0.05_sx500_ani0.95_af0.3_b0.2_d5_top1	0,1,2	0.8238175240378719	0.8223684210526317	250	62	46	48.89103817718959	0.8855726550104702	1.3333333333333333
split_rescue_p0.05_sx500_ani0.95_af0.3_b0.3_d1_top0	0,1,2	0.8238175240378719	0.8223684210526317	250	62	46	48.89103817718959	0.8855726550104702	1.3333333333333333
split_rescue_p0.05_sx500_ani0.95_af0.3_b0.3_d1_top1	0,1,2	0.8238175240378719	0.8223684210526317	250	62	46	48.89103817718959	0.8855726550104702	1.3333333333333333
split_rescue_p0.05_sx500_ani0.95_af0.3_b0.3_d1_top2	0,1,2	0.8238175240378719	0.8223684210526317	250	62	46	48.89103817718959	0.8855726550104702	1.3333333333333333
split_rescue_p0.05_sx500_ani0.95_af0.3_b0.3_d2_top0	0,1,2	0.8238175240378719	0.8223684210526317	250	62	46	48.89103817718959	0.8855726550104702	1.3333333333333333
split_rescue_p0.05_sx500_ani0.95_af0.3_b0.3_d2_top1	0,1,2	0.8238175240378719	0.8223684210526317	250	62	46	48.89103817718959	0.8855726550104702	1.3333333333333333
split_rescue_p0.05_sx500_ani0.95_af0.3_b0.3_d2_top2	0,1,2	0.8238175240378719	0.8223684210526317	250	62	46	48.89103817718959	0.8855726550104702	1.3333333333333333
split_rescue_p0.05_sx500_ani0.95_af0.3_b0.3_d5_top0	0,1,2	0.8238175240378719	0.8223684210526317	250	62	46	48.89103817718959	0.8855726550104702	1.3333333333333333
split_rescue_p0.05_sx500_ani0.95_af0.3_b0.3_d5_top1	0,1,2	0.8238175240378719	0.8223684210526317	250	62	46	48.89103817718959	0.8855726550104702	1.3333333333333333
split_rescue_p0.05_sx500_ani0.95_af0.3_b0.3_d5_top2	0,1,2	0.8238175240378719	0.8223684210526317	250	62	46	48.89103817718959	0.8855726550104702	1.3333333333333333
split_rescue_p0.05_sx500_ani0.95_af0.5_b0.2_d1_top1	0,1,2	0.8238175240378719	0.8223684210526317	250	62	46	48.89103817718959	0.8855726550104702	1.3333333333333333
split_rescue_p0.05_sx500_ani0.95_af0.5_b0.2_d2_top1	0,1,2	0.8238175240378719	0.8223684210526317	250	62	46	48.89103817718959	0.8855726550104702	1.3333333333333333
split_rescue_p0.05_sx500_ani0.95_af0.5_b0.2_d5_top1	0,1,2	0.8238175240378719	0.8223684210526317	250	62	46	48.89103817718959	0.8855726550104702	1.3333333333333333
split_rescue_p0.05_sx500_ani0.95_af0.5_b0.3_d1_top0	0,1,2	0.8238175240378719	0.8223684210526317	250	62	46	48.89103817718959	0.8855726550104702	1.3333333333333333
split_rescue_p0.05_sx500_ani0.95_af0.5_b0.3_d1_top1	0,1,2	0.8238175240378719	0.8223684210526317	250	62	46	48.89103817718959	0.8855726550104702	1.3333333333333333
split_rescue_p0.05_sx500_ani0.95_af0.5_b0.3_d1_top2	0,1,2	0.8238175240378719	0.8223684210526317	250	62	46	48.89103817718959	0.8855726550104702	1.3333333333333333
split_rescue_p0.05_sx500_ani0.95_af0.5_b0.3_d2_top0	0,1,2	0.8238175240378719	0.8223684210526317	250	62	46	48.89103817718959	0.8855726550104702	1.3333333333333333
split_rescue_p0.05_sx500_ani0.95_af0.5_b0.3_d2_top1	0,1,2	0.8238175240378719	0.8223684210526317	250	62	46	48.89103817718959	0.8855726550104702	1.3333333333333333
split_rescue_p0.05_sx500_ani0.95_af0.5_b0.3_d2_top2	0,1,2	0.8238175240378719	0.8223684210526317	250	62	46	48.89103817718959	0.8855726550104702	1.3333333333333333
split_rescue_p0.05_sx500_ani0.95_af0.5_b0.3_d5_top0	0,1,2	0.8238175240378719	0.8223684210526317	250	62	46	48.89103817718959	0.8855726550104702	1.3333333333333333
split_rescue_p0.05_sx500_ani0.95_af0.5_b0.3_d5_top1	0,1,2	0.8238175240378719	0.8223684210526317	250	62	46	48.89103817718959	0.8855726550104702	1.3333333333333333
split_rescue_p0.05_sx500_ani0.95_af0.5_b0.3_d5_top2	0,1,2	0.8238175240378719	0.8223684210526317	250	62	46	48.89103817718959	0.8855726550104702	1.3333333333333333
split_rescue_p0.1_sx300_ani0.93_af0.5_b0.3_d1_top0	0,1,2	0.8238175240378719	0.8223684210526317	250	62	46	48.89103817718959	0.8855726550104702	1.3333333333333333
split_rescue_p0.1_sx300_ani0.93_af0.5_b0.3_d1_top1	0,1,2	0.8238175240378719	0.8223684210526317	250	62	46	48.89103817718959	0.8855726550104702	1.3333333333333333
split_rescue_p0.1_sx300_ani0.93_af0.5_b0.3_d1_top2	0,1,2	0.8238175240378719	0.8223684210526317	250	62	46	48.89103817718959	0.8855726550104702	1.3333333333333333
split_rescue_p0.1_sx300_ani0.93_af0.5_b0.3_d2_top0	0,1,2	0.8238175240378719	0.8223684210526317	250	62	46	48.89103817718959	0.8855726550104702	1.3333333333333333
split_rescue_p0.1_sx300_ani0.93_af0.5_b0.3_d2_top1	0,1,2	0.8238175240378719	0.8223684210526317	250	62	46	48.89103817718959	0.8855726550104702	1.3333333333333333
split_rescue_p0.1_sx300_ani0.93_af0.5_b0.3_d2_top2	0,1,2	0.8238175240378719	0.8223684210526317	250	62	46	48.89103817718959	0.8855726550104702	1.3333333333333333
split_rescue_p0.1_sx300_ani0.93_af0.5_b0.3_d5_top0	0,1,2	0.8238175240378719	0.8223684210526317	250	62	46	48.89103817718959	0.8855726550104702	1.3333333333333333
split_rescue_p0.1_sx300_ani0.93_af0.5_b0.3_d5_top1	0,1,2	0.8238175240378719	0.8223684210526317	250	62	46	48.89103817718959	0.8855726550104702	1.3333333333333333
split_rescue_p0.1_sx300_ani0.93_af0.5_b0.3_d5_top2	0,1,2	0.8238175240378719	0.8223684210526317	250	62	46	48.89103817718959	0.8855726550104702	1.3333333333333333
split_rescue_p0.1_sx300_ani0.95_af0.3_b0.2_d2_top1	0,1,2	0.8238175240378719	0.8223684210526317	250	62	46	48.89103817718959	0.8855726550104702	1.3333333333333333
split_rescue_p0.1_sx300_ani0.95_af0.3_b0.2_d5_top1	0,1,2	0.8238175240378719	0.8223684210526317	250	62	46	48.89103817718959	0.8855726550104702	1.3333333333333333
split_rescue_p0.1_sx300_ani0.95_af0.3_b0.3_d2_top0	0,1,2	0.8238175240378719	0.8223684210526317	250	62	46	48.89103817718959	0.8855726550104702	1.3333333333333333
split_rescue_p0.1_sx300_ani0.95_af0.3_b0.3_d2_top1	0,1,2	0.8238175240378719	0.8223684210526317	250	62	46	48.89103817718959	0.8855726550104702	1.3333333333333333
split_rescue_p0.1_sx300_ani0.95_af0.3_b0.3_d2_top2	0,1,2	0.8238175240378719	0.8223684210526317	250	62	46	48.89103817718959	0.8855726550104702	1.3333333333333333
split_rescue_p0.1_sx300_ani0.95_af0.3_b0.3_d5_top0	0,1,2	0.8238175240378719	0.8223684210526317	250	62	46	48.89103817718959	0.8855726550104702	1.3333333333333333
split_rescue_p0.1_sx300_ani0.95_af0.3_b0.3_d5_top1	0,1,2	0.8238175240378719	0.8223684210526317	250	62	46	48.89103817718959	0.8855726550104702	1.3333333333333333
split_rescue_p0.1_sx300_ani0.95_af0.3_b0.3_d5_top2	0,1,2	0.8238175240378719	0.8223684210526317	250	62	46	48.89103817718959	0.8855726550104702	1.3333333333333333
split_rescue_p0.1_sx300_ani0.95_af0.5_b0.2_d1_top0	0,1,2	0.8238175240378719	0.8223684210526317	250	62	46	48.89103817718959	0.8855726550104702	1.3333333333333333
split_rescue_p0.1_sx300_ani0.95_af0.5_b0.2_d1_top1	0,1,2	0.8238175240378719	0.8223684210526317	250	62	46	48.89103817718959	0.8855726550104702	1.3333333333333333
split_rescue_p0.1_sx300_ani0.95_af0.5_b0.2_d1_top2	0,1,2	0.8238175240378719	0.8223684210526317	250	62	46	48.89103817718959	0.8855726550104702	1.3333333333333333
split_rescue_p0.1_sx300_ani0.95_af0.5_b0.2_d2_top0	0,1,2	0.8238175240378719	0.8223684210526317	250	62	46	48.89103817718959	0.8855726550104702	1.3333333333333333
split_rescue_p0.1_sx300_ani0.95_af0.5_b0.2_d2_top1	0,1,2	0.8238175240378719	0.8223684210526317	250	62	46	48.89103817718959	0.8855726550104702	1.3333333333333333
split_rescue_p0.1_sx300_ani0.95_af0.5_b0.2_d2_top2	0,1,2	0.8238175240378719	0.8223684210526317	250	62	46	48.89103817718959	0.8855726550104702	1.3333333333333333
split_rescue_p0.1_sx300_ani0.95_af0.5_b0.2_d5_top0	0,1,2	0.8238175240378719	0.8223684210526317	250	62	46	48.89103817718959	0.8855726550104702	1.3333333333333333
split_rescue_p0.1_sx300_ani0.95_af0.5_b0.2_d5_top1	0,1,2	0.8238175240378719	0.8223684210526317	250	62	46	48.89103817718959	0.8855726550104702	1.3333333333333333
split_rescue_p0.1_sx300_ani0.95_af0.5_b0.2_d5_top2	0,1,2	0.8238175240378719	0.8223684210526317	250	62	46	48.89103817718959	0.8855726550104702	1.3333333333333333
split_rescue_p0.1_sx300_ani0.95_af0.5_b0.3_d1_top0	0,1,2	0.8238175240378719	0.8223684210526317	250	62	46	48.89103817718959	0.8855726550104702	1.3333333333333333
split_rescue_p0.1_sx300_ani0.95_af0.5_b0.3_d1_top1	0,1,2	0.8238175240378719	0.8223684210526317	250	62	46	48.89103817718959	0.8855726550104702	1.3333333333333333
split_rescue_p0.1_sx300_ani0.95_af0.5_b0.3_d1_top2	0,1,2	0.8238175240378719	0.8223684210526317	250	62	46	48.89103817718959	0.8855726550104702	1.3333333333333333
split_rescue_p0.1_sx300_ani0.95_af0.5_b0.3_d2_top0	0,1,2	0.8238175240378719	0.8223684210526317	250	62	46	48.89103817718959	0.8855726550104702	1.3333333333333333
split_rescue_p0.1_sx300_ani0.95_af0.5_b0.3_d2_top1	0,1,2	0.8238175240378719	0.8223684210526317	250	62	46	48.89103817718959	0.8855726550104702	1.3333333333333333
split_rescue_p0.1_sx300_ani0.95_af0.5_b0.3_d2_top2	0,1,2	0.8238175240378719	0.8223684210526317	250	62	46	48.89103817718959	0.8855726550104702	1.3333333333333333
split_rescue_p0.1_sx300_ani0.95_af0.5_b0.3_d5_top0	0,1,2	0.8238175240378719	0.8223684210526317	250	62	46	48.89103817718959	0.8855726550104702	1.3333333333333333
split_rescue_p0.1_sx300_ani0.95_af0.5_b0.3_d5_top1	0,1,2	0.8238175240378719	0.8223684210526317	250	62	46	48.89103817718959	0.8855726550104702	1.3333333333333333
split_rescue_p0.1_sx300_ani0.95_af0.5_b0.3_d5_top2	0,1,2	0.8238175240378719	0.8223684210526317	250	62	46	48.89103817718959	0.8855726550104702	1.3333333333333333
split_rescue_p0.1_sx500_ani0.93_af0.3_b0.3_d1_top0	0,1,2	0.8238175240378719	0.8223684210526317	250	62	46	48.89103817718959	0.8855726550104702	1.3333333333333333
split_rescue_p0.1_sx500_ani0.93_af0.3_b0.3_d1_top1	0,1,2	0.8238175240378719	0.8223684210526317	250	62	46	48.89103817718959	0.8855726550104702	1.3333333333333333
split_rescue_p0.1_sx500_ani0.93_af0.3_b0.3_d1_top2	0,1,2	0.8238175240378719	0.8223684210526317	250	62	46	48.89103817718959	0.8855726550104702	1.3333333333333333
split_rescue_p0.1_sx500_ani0.93_af0.3_b0.3_d2_top0	0,1,2	0.8238175240378719	0.8223684210526317	250	62	46	48.89103817718959	0.8855726550104702	1.3333333333333333
split_rescue_p0.1_sx500_ani0.93_af0.3_b0.3_d2_top1	0,1,2	0.8238175240378719	0.8223684210526317	250	62	46	48.89103817718959	0.8855726550104702	1.3333333333333333
split_rescue_p0.1_sx500_ani0.93_af0.3_b0.3_d2_top2	0,1,2	0.8238175240378719	0.8223684210526317	250	62	46	48.89103817718959	0.8855726550104702	1.3333333333333333
split_rescue_p0.1_sx500_ani0.93_af0.3_b0.3_d5_top0	0,1,2	0.8238175240378719	0.8223684210526317	250	62	46	48.89103817718959	0.8855726550104702	1.3333333333333333
split_rescue_p0.1_sx500_ani0.93_af0.3_b0.3_d5_top1	0,1,2	0.8238175240378719	0.8223684210526317	250	62	46	48.89103817718959	0.8855726550104702	1.3333333333333333
split_rescue_p0.1_sx500_ani0.93_af0.3_b0.3_d5_top2	0,1,2	0.8238175240378719	0.8223684210526317	250	62	46	48.89103817718959	0.8855726550104702	1.3333333333333333
split_rescue_p0.1_sx500_ani0.93_af0.5_b0.3_d1_top0	0,1,2	0.8238175240378719	0.8223684210526317	250	62	46	48.89103817718959	0.8855726550104702	1.3333333333333333
split_rescue_p0.1_sx500_ani0.93_af0.5_b0.3_d1_top1	0,1,2	0.8238175240378719	0.8223684210526317	250	62	46	48.89103817718959	0.8855726550104702	1.3333333333333333
split_rescue_p0.1_sx500_ani0.93_af0.5_b0.3_d1_top2	0,1,2	0.8238175240378719	0.8223684210526317	250	62	46	48.89103817718959	0.8855726550104702	1.3333333333333333
split_rescue_p0.1_sx500_ani0.93_af0.5_b0.3_d2_top0	0,1,2	0.8238175240378719	0.8223684210526317	250	62	46	48.89103817718959	0.8855726550104702	1.3333333333333333
split_rescue_p0.1_sx500_ani0.93_af0.5_b0.3_d2_top1	0,1,2	0.8238175240378719	0.8223684210526317	250	62	46	48.89103817718959	0.8855726550104702	1.3333333333333333
split_rescue_p0.1_sx500_ani0.93_af0.5_b0.3_d2_top2	0,1,2	0.8238175240378719	0.8223684210526317	250	62	46	48.89103817718959	0.8855726550104702	1.3333333333333333
split_rescue_p0.1_sx500_ani0.93_af0.5_b0.3_d5_top0	0,1,2	0.8238175240378719	0.8223684210526317	250	62	46	48.89103817718959	0.8855726550104702	1.3333333333333333
split_rescue_p0.1_sx500_ani0.93_af0.5_b0.3_d5_top1	0,1,2	0.8238175240378719	0.8223684210526317	250	62	46	48.89103817718959	0.8855726550104702	1.3333333333333333
split_rescue_p0.1_sx500_ani0.93_af0.5_b0.3_d5_top2	0,1,2	0.8238175240378719	0.8223684210526317	250	62	46	48.89103817718959	0.8855726550104702	1.3333333333333333
split_rescue_p0.1_sx500_ani0.95_af0.3_b0.2_d1_top0	0,1,2	0.8238175240378719	0.8223684210526317	250	62	46	48.89103817718959	0.8855726550104702	1.3333333333333333
split_rescue_p0.1_sx500_ani0.95_af0.3_b0.2_d1_top1	0,1,2	0.8238175240378719	0.8223684210526317	250	62	46	48.89103817718959	0.8855726550104702	1.3333333333333333
split_rescue_p0.1_sx500_ani0.95_af0.3_b0.2_d1_top2	0,1,2	0.8238175240378719	0.8223684210526317	250	62	46	48.89103817718959	0.8855726550104702	1.3333333333333333
split_rescue_p0.1_sx500_ani0.95_af0.3_b0.2_d2_top0	0,1,2	0.8238175240378719	0.8223684210526317	250	62	46	48.89103817718959	0.8855726550104702	1.3333333333333333
split_rescue_p0.1_sx500_ani0.95_af0.3_b0.2_d2_top1	0,1,2	0.8238175240378719	0.8223684210526317	250	62	46	48.89103817718959	0.8855726550104702	1.3333333333333333
split_rescue_p0.1_sx500_ani0.95_af0.3_b0.2_d2_top2	0,1,2	0.8238175240378719	0.8223684210526317	250	62	46	48.89103817718959	0.8855726550104702	1.3333333333333333
split_rescue_p0.1_sx500_ani0.95_af0.3_b0.2_d5_top0	0,1,2	0.8238175240378719	0.8223684210526317	250	62	46	48.89103817718959	0.8855726550104702	1.3333333333333333
split_rescue_p0.1_sx500_ani0.95_af0.3_b0.2_d5_top1	0,1,2	0.8238175240378719	0.8223684210526317	250	62	46	48.89103817718959	0.8855726550104702	1.3333333333333333
split_rescue_p0.1_sx500_ani0.95_af0.3_b0.2_d5_top2	0,1,2	0.8238175240378719	0.8223684210526317	250	62	46	48.89103817718959	0.8855726550104702	1.3333333333333333
split_rescue_p0.1_sx500_ani0.95_af0.3_b0.3_d1_top0	0,1,2	0.8238175240378719	0.8223684210526317	250	62	46	48.89103817718959	0.8855726550104702	1.3333333333333333
split_rescue_p0.1_sx500_ani0.95_af0.3_b0.3_d1_top1	0,1,2	0.8238175240378719	0.8223684210526317	250	62	46	48.89103817718959	0.8855726550104702	1.3333333333333333
split_rescue_p0.1_sx500_ani0.95_af0.3_b0.3_d1_top2	0,1,2	0.8238175240378719	0.8223684210526317	250	62	46	48.89103817718959	0.8855726550104702	1.3333333333333333
split_rescue_p0.1_sx500_ani0.95_af0.3_b0.3_d2_top0	0,1,2	0.8238175240378719	0.8223684210526317	250	62	46	48.89103817718959	0.8855726550104702	1.3333333333333333
split_rescue_p0.1_sx500_ani0.95_af0.3_b0.3_d2_top1	0,1,2	0.8238175240378719	0.8223684210526317	250	62	46	48.89103817718959	0.8855726550104702	1.3333333333333333
split_rescue_p0.1_sx500_ani0.95_af0.3_b0.3_d2_top2	0,1,2	0.8238175240378719	0.8223684210526317	250	62	46	48.89103817718959	0.8855726550104702	1.3333333333333333
split_rescue_p0.1_sx500_ani0.95_af0.3_b0.3_d5_top0	0,1,2	0.8238175240378719	0.8223684210526317	250	62	46	48.89103817718959	0.8855726550104702	1.3333333333333333
split_rescue_p0.1_sx500_ani0.95_af0.3_b0.3_d5_top1	0,1,2	0.8238175240378719	0.8223684210526317	250	62	46	48.89103817718959	0.8855726550104702	1.3333333333333333
split_rescue_p0.1_sx500_ani0.95_af0.3_b0.3_d5_top2	0,1,2	0.8238175240378719	0.8223684210526317	250	62	46	48.89103817718959	0.8855726550104702	1.3333333333333333
split_rescue_p0.1_sx500_ani0.95_af0.5_b0.2_d1_top0	0,1,2	0.8238175240378719	0.8223684210526317	250	62	46	48.89103817718959	0.8855726550104702	1.3333333333333333
split_rescue_p0.1_sx500_ani0.95_af0.5_b0.2_d1_top1	0,1,2	0.8238175240378719	0.8223684210526317	250	62	46	48.89103817718959	0.8855726550104702	1.3333333333333333
split_rescue_p0.1_sx500_ani0.95_af0.5_b0.2_d1_top2	0,1,2	0.8238175240378719	0.8223684210526317	250	62	46	48.89103817718959	0.8855726550104702	1.3333333333333333
split_rescue_p0.1_sx500_ani0.95_af0.5_b0.2_d2_top0	0,1,2	0.8238175240378719	0.8223684210526317	250	62	46	48.89103817718959	0.8855726550104702	1.3333333333333333
split_rescue_p0.1_sx500_ani0.95_af0.5_b0.2_d2_top1	0,1,2	0.8238175240378719	0.8223684210526317	250	62	46	48.89103817718959	0.8855726550104702	1.3333333333333333
split_rescue_p0.1_sx500_ani0.95_af0.5_b0.2_d2_top2	0,1,2	0.8238175240378719	0.8223684210526317	250	62	46	48.89103817718959	0.8855726550104702	1.3333333333333333
split_rescue_p0.1_sx500_ani0.95_af0.5_b0.2_d5_top0	0,1,2	0.8238175240378719	0.8223684210526317	250	62	46	48.89103817718959	0.8855726550104702	1.3333333333333333
split_rescue_p0.1_sx500_ani0.95_af0.5_b0.2_d5_top1	0,1,2	0.8238175240378719	0.8223684210526317	250	62	46	48.89103817718959	0.8855726550104702	1.3333333333333333
split_rescue_p0.1_sx500_ani0.95_af0.5_b0.2_d5_top2	0,1,2	0.8238175240378719	0.8223684210526317	250	62	46	48.89103817718959	0.8855726550104702	1.3333333333333333
split_rescue_p0.1_sx500_ani0.95_af0.5_b0.3_d1_top0	0,1,2	0.8238175240378719	0.8223684210526317	250	62	46	48.89103817718959	0.8855726550104702	1.3333333333333333
split_rescue_p0.1_sx500_ani0.95_af0.5_b0.3_d1_top1	0,1,2	0.8238175240378719	0.8223684210526317	250	62	46	48.89103817718959	0.8855726550104702	1.3333333333333333
split_rescue_p0.1_sx500_ani0.95_af0.5_b0.3_d1_top2	0,1,2	0.8238175240378719	0.8223684210526317	250	62	46	48.89103817718959	0.8855726550104702	1.3333333333333333
split_rescue_p0.1_sx500_ani0.95_af0.5_b0.3_d2_top0	0,1,2	0.8238175240378719	0.8223684210526317	250	62	46	48.89103817718959	0.8855726550104702	1.3333333333333333
split_rescue_p0.1_sx500_ani0.95_af0.5_b0.3_d2_top1	0,1,2	0.8238175240378719	0.8223684210526317	250	62	46	48.89103817718959	0.8855726550104702	1.3333333333333333
split_rescue_p0.1_sx500_ani0.95_af0.5_b0.3_d2_top2	0,1,2	0.8238175240378719	0.8223684210526317	250	62	46	48.89103817718959	0.8855726550104702	1.3333333333333333
split_rescue_p0.1_sx500_ani0.95_af0.5_b0.3_d5_top0	0,1,2	0.8238175240378719	0.8223684210526317	250	62	46	48.89103817718959	0.8855726550104702	1.3333333333333333
split_rescue_p0.1_sx500_ani0.95_af0.5_b0.3_d5_top1	0,1,2	0.8238175240378719	0.8223684210526317	250	62	46	48.89103817718959	0.8855726550104702	1.3333333333333333
split_rescue_p0.1_sx500_ani0.95_af0.5_b0.3_d5_top2	0,1,2	0.8238175240378719	0.8223684210526317	250	62	46	48.89103817718959	0.8855726550104702	1.3333333333333333
split_rescue_p0.2_sx300_ani0.93_af0.5_b0.2_d1_top0	0,1,2	0.8238175240378719	0.8223684210526317	250	62	46	48.89103817718959	0.8855726550104702	1.3333333333333333
split_rescue_p0.2_sx300_ani0.93_af0.5_b0.2_d1_top1	0,1,2	0.8238175240378719	0.8223684210526317	250	62	46	48.89103817718959	0.8855726550104702	1.3333333333333333
split_rescue_p0.2_sx300_ani0.93_af0.5_b0.2_d1_top2	0,1,2	0.8238175240378719	0.8223684210526317	250	62	46	48.89103817718959	0.8855726550104702	1.3333333333333333
split_rescue_p0.2_sx300_ani0.93_af0.5_b0.2_d2_top0	0,1,2	0.8238175240378719	0.8223684210526317	250	62	46	48.89103817718959	0.8855726550104702	1.3333333333333333
split_rescue_p0.2_sx300_ani0.93_af0.5_b0.2_d2_top1	0,1,2	0.8238175240378719	0.8223684210526317	250	62	46	48.89103817718959	0.8855726550104702	1.3333333333333333
split_rescue_p0.2_sx300_ani0.93_af0.5_b0.2_d2_top2	0,1,2	0.8238175240378719	0.8223684210526317	250	62	46	48.89103817718959	0.8855726550104702	1.3333333333333333
split_rescue_p0.2_sx300_ani0.93_af0.5_b0.2_d5_top0	0,1,2	0.8238175240378719	0.8223684210526317	250	62	46	48.89103817718959	0.8855726550104702	1.3333333333333333
split_rescue_p0.2_sx300_ani0.93_af0.5_b0.2_d5_top1	0,1,2	0.8238175240378719	0.8223684210526317	250	62	46	48.89103817718959	0.8855726550104702	1.3333333333333333
split_rescue_p0.2_sx300_ani0.93_af0.5_b0.2_d5_top2	0,1,2	0.8238175240378719	0.8223684210526317	250	62	46	48.89103817718959	0.8855726550104702	1.3333333333333333
split_rescue_p0.2_sx300_ani0.93_af0.5_b0.3_d1_top0	0,1,2	0.8238175240378719	0.8223684210526317	250	62	46	48.89103817718959	0.8855726550104702	1.3333333333333333
split_rescue_p0.2_sx300_ani0.93_af0.5_b0.3_d1_top1	0,1,2	0.8238175240378719	0.8223684210526317	250	62	46	48.89103817718959	0.8855726550104702	1.3333333333333333
split_rescue_p0.2_sx300_ani0.93_af0.5_b0.3_d1_top2	0,1,2	0.8238175240378719	0.8223684210526317	250	62	46	48.89103817718959	0.8855726550104702	1.3333333333333333
split_rescue_p0.2_sx300_ani0.93_af0.5_b0.3_d2_top0	0,1,2	0.8238175240378719	0.8223684210526317	250	62	46	48.89103817718959	0.8855726550104702	1.3333333333333333
split_rescue_p0.2_sx300_ani0.93_af0.5_b0.3_d2_top1	0,1,2	0.8238175240378719	0.8223684210526317	250	62	46	48.89103817718959	0.8855726550104702	1.3333333333333333
split_rescue_p0.2_sx300_ani0.93_af0.5_b0.3_d2_top2	0,1,2	0.8238175240378719	0.8223684210526317	250	62	46	48.89103817718959	0.8855726550104702	1.3333333333333333
split_rescue_p0.2_sx300_ani0.93_af0.5_b0.3_d5_top0	0,1,2	0.8238175240378719	0.8223684210526317	250	62	46	48.89103817718959	0.8855726550104702	1.3333333333333333
split_rescue_p0.2_sx300_ani0.93_af0.5_b0.3_d5_top1	0,1,2	0.8238175240378719	0.8223684210526317	250	62	46	48.89103817718959	0.8855726550104702	1.3333333333333333
split_rescue_p0.2_sx300_ani0.93_af0.5_b0.3_d5_top2	0,1,2	0.8238175240378719	0.8223684210526317	250	62	46	48.89103817718959	0.8855726550104702	1.3333333333333333
split_rescue_p0.2_sx300_ani0.95_af0.3_b0.2_d2_top0	0,1,2	0.8238175240378719	0.8223684210526317	250	62	46	48.89103817718959	0.8855726550104702	1.3333333333333333
split_rescue_p0.2_sx300_ani0.95_af0.3_b0.2_d2_top1	0,1,2	0.8238175240378719	0.8223684210526317	250	62	46	48.89103817718959	0.8855726550104702	1.3333333333333333
split_rescue_p0.2_sx300_ani0.95_af0.3_b0.2_d2_top2	0,1,2	0.8238175240378719	0.8223684210526317	250	62	46	48.89103817718959	0.8855726550104702	1.3333333333333333
split_rescue_p0.2_sx300_ani0.95_af0.3_b0.2_d5_top0	0,1,2	0.8238175240378719	0.8223684210526317	250	62	46	48.89103817718959	0.8855726550104702	1.3333333333333333
split_rescue_p0.2_sx300_ani0.95_af0.3_b0.2_d5_top1	0,1,2	0.8238175240378719	0.8223684210526317	250	62	46	48.89103817718959	0.8855726550104702	1.3333333333333333
split_rescue_p0.2_sx300_ani0.95_af0.3_b0.2_d5_top2	0,1,2	0.8238175240378719	0.8223684210526317	250	62	46	48.89103817718959	0.8855726550104702	1.3333333333333333
split_rescue_p0.2_sx300_ani0.95_af0.3_b0.3_d2_top0	0,1,2	0.8238175240378719	0.8223684210526317	250	62	46	48.89103817718959	0.8855726550104702	1.3333333333333333
split_rescue_p0.2_sx300_ani0.95_af0.3_b0.3_d2_top1	0,1,2	0.8238175240378719	0.8223684210526317	250	62	46	48.89103817718959	0.8855726550104702	1.3333333333333333
split_rescue_p0.2_sx300_ani0.95_af0.3_b0.3_d2_top2	0,1,2	0.8238175240378719	0.8223684210526317	250	62	46	48.89103817718959	0.8855726550104702	1.3333333333333333
split_rescue_p0.2_sx300_ani0.95_af0.3_b0.3_d5_top0	0,1,2	0.8238175240378719	0.8223684210526317	250	62	46	48.89103817718959	0.8855726550104702	1.3333333333333333
split_rescue_p0.2_sx300_ani0.95_af0.3_b0.3_d5_top1	0,1,2	0.8238175240378719	0.8223684210526317	250	62	46	48.89103817718959	0.8855726550104702	1.3333333333333333
split_rescue_p0.2_sx300_ani0.95_af0.3_b0.3_d5_top2	0,1,2	0.8238175240378719	0.8223684210526317	250	62	46	48.89103817718959	0.8855726550104702	1.3333333333333333
split_rescue_p0.2_sx300_ani0.95_af0.5_b0.2_d1_top0	0,1,2	0.8238175240378719	0.8223684210526317	250	62	46	48.89103817718959	0.8855726550104702	1.3333333333333333
split_rescue_p0.2_sx300_ani0.95_af0.5_b0.2_d1_top1	0,1,2	0.8238175240378719	0.8223684210526317	250	62	46	48.89103817718959	0.8855726550104702	1.3333333333333333
split_rescue_p0.2_sx300_ani0.95_af0.5_b0.2_d1_top2	0,1,2	0.8238175240378719	0.8223684210526317	250	62	46	48.89103817718959	0.8855726550104702	1.3333333333333333
split_rescue_p0.2_sx300_ani0.95_af0.5_b0.2_d2_top0	0,1,2	0.8238175240378719	0.8223684210526317	250	62	46	48.89103817718959	0.8855726550104702	1.3333333333333333
split_rescue_p0.2_sx300_ani0.95_af0.5_b0.2_d2_top1	0,1,2	0.8238175240378719	0.8223684210526317	250	62	46	48.89103817718959	0.8855726550104702	1.3333333333333333
split_rescue_p0.2_sx300_ani0.95_af0.5_b0.2_d2_top2	0,1,2	0.8238175240378719	0.8223684210526317	250	62	46	48.89103817718959	0.8855726550104702	1.3333333333333333
split_rescue_p0.2_sx300_ani0.95_af0.5_b0.2_d5_top0	0,1,2	0.8238175240378719	0.8223684210526317	250	62	46	48.89103817718959	0.8855726550104702	1.3333333333333333
split_rescue_p0.2_sx300_ani0.95_af0.5_b0.2_d5_top1	0,1,2	0.8238175240378719	0.8223684210526317	250	62	46	48.89103817718959	0.8855726550104702	1.3333333333333333
split_rescue_p0.2_sx300_ani0.95_af0.5_b0.2_d5_top2	0,1,2	0.8238175240378719	0.8223684210526317	250	62	46	48.89103817718959	0.8855726550104702	1.3333333333333333
split_rescue_p0.2_sx300_ani0.95_af0.5_b0.3_d1_top0	0,1,2	0.8238175240378719	0.8223684210526317	250	62	46	48.89103817718959	0.8855726550104702	1.3333333333333333
split_rescue_p0.2_sx300_ani0.95_af0.5_b0.3_d1_top1	0,1,2	0.8238175240378719	0.8223684210526317	250	62	46	48.89103817718959	0.8855726550104702	1.3333333333333333
split_rescue_p0.2_sx300_ani0.95_af0.5_b0.3_d1_top2	0,1,2	0.8238175240378719	0.8223684210526317	250	62	46	48.89103817718959	0.8855726550104702	1.3333333333333333
split_rescue_p0.2_sx300_ani0.95_af0.5_b0.3_d2_top0	0,1,2	0.8238175240378719	0.8223684210526317	250	62	46	48.89103817718959	0.8855726550104702	1.3333333333333333
split_rescue_p0.2_sx300_ani0.95_af0.5_b0.3_d2_top1	0,1,2	0.8238175240378719	0.8223684210526317	250	62	46	48.89103817718959	0.8855726550104702	1.3333333333333333
split_rescue_p0.2_sx300_ani0.95_af0.5_b0.3_d2_top2	0,1,2	0.8238175240378719	0.8223684210526317	250	62	46	48.89103817718959	0.8855726550104702	1.3333333333333333
split_rescue_p0.2_sx300_ani0.95_af0.5_b0.3_d5_top0	0,1,2	0.8238175240378719	0.8223684210526317	250	62	46	48.89103817718959	0.8855726550104702	1.3333333333333333
split_rescue_p0.2_sx300_ani0.95_af0.5_b0.3_d5_top1	0,1,2	0.8238175240378719	0.8223684210526317	250	62	46	48.89103817718959	0.8855726550104702	1.3333333333333333
split_rescue_p0.2_sx300_ani0.95_af0.5_b0.3_d5_top2	0,1,2	0.8238175240378719	0.8223684210526317	250	62	46	48.89103817718959	0.8855726550104702	1.3333333333333333
split_rescue_p0.2_sx500_ani0.93_af0.3_b0.2_d1_top0	0,1,2	0.8238175240378719	0.8223684210526317	250	62	46	48.89103817718959	0.8855726550104702	1.3333333333333333
split_rescue_p0.2_sx500_ani0.93_af0.3_b0.2_d1_top1	0,1,2	0.8238175240378719	0.8223684210526317	250	62	46	48.89103817718959	0.8855726550104702	1.3333333333333333
split_rescue_p0.2_sx500_ani0.93_af0.3_b0.2_d1_top2	0,1,2	0.8238175240378719	0.8223684210526317	250	62	46	48.89103817718959	0.8855726550104702	1.3333333333333333
split_rescue_p0.2_sx500_ani0.93_af0.3_b0.2_d2_top0	0,1,2	0.8238175240378719	0.8223684210526317	250	62	46	48.89103817718959	0.8855726550104702	1.3333333333333333
split_rescue_p0.2_sx500_ani0.93_af0.3_b0.2_d2_top1	0,1,2	0.8238175240378719	0.8223684210526317	250	62	46	48.89103817718959	0.8855726550104702	1.3333333333333333
split_rescue_p0.2_sx500_ani0.93_af0.3_b0.2_d2_top2	0,1,2	0.8238175240378719	0.8223684210526317	250	62	46	48.89103817718959	0.8855726550104702	1.3333333333333333
split_rescue_p0.2_sx500_ani0.93_af0.3_b0.2_d5_top0	0,1,2	0.8238175240378719	0.8223684210526317	250	62	46	48.89103817718959	0.8855726550104702	1.3333333333333333
split_rescue_p0.2_sx500_ani0.93_af0.3_b0.2_d5_top1	0,1,2	0.8238175240378719	0.8223684210526317	250	62	46	48.89103817718959	0.8855726550104702	1.3333333333333333
split_rescue_p0.2_sx500_ani0.93_af0.3_b0.2_d5_top2	0,1,2	0.8238175240378719	0.8223684210526317	250	62	46	48.89103817718959	0.8855726550104702	1.3333333333333333
split_rescue_p0.2_sx500_ani0.93_af0.3_b0.3_d1_top0	0,1,2	0.8238175240378719	0.8223684210526317	250	62	46	48.89103817718959	0.8855726550104702	1.3333333333333333
split_rescue_p0.2_sx500_ani0.93_af0.3_b0.3_d1_top1	0,1,2	0.8238175240378719	0.8223684210526317	250	62	46	48.89103817718959	0.8855726550104702	1.3333333333333333
split_rescue_p0.2_sx500_ani0.93_af0.3_b0.3_d1_top2	0,1,2	0.8238175240378719	0.8223684210526317	250	62	46	48.89103817718959	0.8855726550104702	1.3333333333333333
split_rescue_p0.2_sx500_ani0.93_af0.3_b0.3_d2_top0	0,1,2	0.8238175240378719	0.8223684210526317	250	62	46	48.89103817718959	0.8855726550104702	1.3333333333333333
split_rescue_p0.2_sx500_ani0.93_af0.3_b0.3_d2_top1	0,1,2	0.8238175240378719	0.8223684210526317	250	62	46	48.89103817718959	0.8855726550104702	1.3333333333333333
split_rescue_p0.2_sx500_ani0.93_af0.3_b0.3_d2_top2	0,1,2	0.8238175240378719	0.8223684210526317	250	62	46	48.89103817718959	0.8855726550104702	1.3333333333333333
split_rescue_p0.2_sx500_ani0.93_af0.3_b0.3_d5_top0	0,1,2	0.8238175240378719	0.8223684210526317	250	62	46	48.89103817718959	0.8855726550104702	1.3333333333333333
split_rescue_p0.2_sx500_ani0.93_af0.3_b0.3_d5_top1	0,1,2	0.8238175240378719	0.8223684210526317	250	62	46	48.89103817718959	0.8855726550104702	1.3333333333333333
split_rescue_p0.2_sx500_ani0.93_af0.3_b0.3_d5_top2	0,1,2	0.8238175240378719	0.8223684210526317	250	62	46	48.89103817718959	0.8855726550104702	1.3333333333333333
split_rescue_p0.2_sx500_ani0.93_af0.5_b0.2_d1_top0	0,1,2	0.8238175240378719	0.8223684210526317	250	62	46	48.89103817718959	0.8855726550104702	1.3333333333333333
split_rescue_p0.2_sx500_ani0.93_af0.5_b0.2_d1_top1	0,1,2	0.8238175240378719	0.8223684210526317	250	62	46	48.89103817718959	0.8855726550104702	1.3333333333333333
split_rescue_p0.2_sx500_ani0.93_af0.5_b0.2_d1_top2	0,1,2	0.8238175240378719	0.8223684210526317	250	62	46	48.89103817718959	0.8855726550104702	1.3333333333333333
split_rescue_p0.2_sx500_ani0.93_af0.5_b0.2_d2_top0	0,1,2	0.8238175240378719	0.8223684210526317	250	62	46	48.89103817718959	0.8855726550104702	1.3333333333333333
split_rescue_p0.2_sx500_ani0.93_af0.5_b0.2_d2_top1	0,1,2	0.8238175240378719	0.8223684210526317	250	62	46	48.89103817718959	0.8855726550104702	1.3333333333333333
split_rescue_p0.2_sx500_ani0.93_af0.5_b0.2_d2_top2	0,1,2	0.8238175240378719	0.8223684210526317	250	62	46	48.89103817718959	0.8855726550104702	1.3333333333333333
split_rescue_p0.2_sx500_ani0.93_af0.5_b0.2_d5_top0	0,1,2	0.8238175240378719	0.8223684210526317	250	62	46	48.89103817718959	0.8855726550104702	1.3333333333333333
split_rescue_p0.2_sx500_ani0.93_af0.5_b0.2_d5_top1	0,1,2	0.8238175240378719	0.8223684210526317	250	62	46	48.89103817718959	0.8855726550104702	1.3333333333333333
split_rescue_p0.2_sx500_ani0.93_af0.5_b0.2_d5_top2	0,1,2	0.8238175240378719	0.8223684210526317	250	62	46	48.89103817718959	0.8855726550104702	1.3333333333333333
split_rescue_p0.2_sx500_ani0.93_af0.5_b0.3_d1_top0	0,1,2	0.8238175240378719	0.8223684210526317	250	62	46	48.89103817718959	0.8855726550104702	1.3333333333333333
split_rescue_p0.2_sx500_ani0.93_af0.5_b0.3_d1_top1	0,1,2	0.8238175240378719	0.8223684210526317	250	62	46	48.89103817718959	0.8855726550104702	1.3333333333333333
split_rescue_p0.2_sx500_ani0.93_af0.5_b0.3_d1_top2	0,1,2	0.8238175240378719	0.8223684210526317	250	62	46	48.89103817718959	0.8855726550104702	1.3333333333333333
split_rescue_p0.2_sx500_ani0.93_af0.5_b0.3_d2_top0	0,1,2	0.8238175240378719	0.8223684210526317	250	62	46	48.89103817718959	0.8855726550104702	1.3333333333333333
split_rescue_p0.2_sx500_ani0.93_af0.5_b0.3_d2_top1	0,1,2	0.8238175240378719	0.8223684210526317	250	62	46	48.89103817718959	0.8855726550104702	1.3333333333333333
split_rescue_p0.2_sx500_ani0.93_af0.5_b0.3_d2_top2	0,1,2	0.8238175240378719	0.8223684210526317	250	62	46	48.89103817718959	0.8855726550104702	1.3333333333333333
split_rescue_p0.2_sx500_ani0.93_af0.5_b0.3_d5_top0	0,1,2	0.8238175240378719	0.8223684210526317	250	62	46	48.89103817718959	0.8855726550104702	1.3333333333333333
split_rescue_p0.2_sx500_ani0.93_af0.5_b0.3_d5_top1	0,1,2	0.8238175240378719	0.8223684210526317	250	62	46	48.89103817718959	0.8855726550104702	1.3333333333333333
split_rescue_p0.2_sx500_ani0.93_af0.5_b0.3_d5_top2	0,1,2	0.8238175240378719	0.8223684210526317	250	62	46	48.89103817718959	0.8855726550104702	1.3333333333333333
split_rescue_p0.2_sx500_ani0.95_af0.3_b0.2_d1_top0	0,1,2	0.8238175240378719	0.8223684210526317	250	62	46	48.89103817718959	0.8855726550104702	1.3333333333333333
split_rescue_p0.2_sx500_ani0.95_af0.3_b0.2_d1_top1	0,1,2	0.8238175240378719	0.8223684210526317	250	62	46	48.89103817718959	0.8855726550104702	1.3333333333333333
split_rescue_p0.2_sx500_ani0.95_af0.3_b0.2_d1_top2	0,1,2	0.8238175240378719	0.8223684210526317	250	62	46	48.89103817718959	0.8855726550104702	1.3333333333333333
split_rescue_p0.2_sx500_ani0.95_af0.3_b0.2_d2_top0	0,1,2	0.8238175240378719	0.8223684210526317	250	62	46	48.89103817718959	0.8855726550104702	1.3333333333333333
split_rescue_p0.2_sx500_ani0.95_af0.3_b0.2_d2_top1	0,1,2	0.8238175240378719	0.8223684210526317	250	62	46	48.89103817718959	0.8855726550104702	1.3333333333333333
split_rescue_p0.2_sx500_ani0.95_af0.3_b0.2_d2_top2	0,1,2	0.8238175240378719	0.8223684210526317	250	62	46	48.89103817718959	0.8855726550104702	1.3333333333333333
split_rescue_p0.2_sx500_ani0.95_af0.3_b0.2_d5_top0	0,1,2	0.8238175240378719	0.8223684210526317	250	62	46	48.89103817718959	0.8855726550104702	1.3333333333333333
split_rescue_p0.2_sx500_ani0.95_af0.3_b0.2_d5_top1	0,1,2	0.8238175240378719	0.8223684210526317	250	62	46	48.89103817718959	0.8855726550104702	1.3333333333333333
split_rescue_p0.2_sx500_ani0.95_af0.3_b0.2_d5_top2	0,1,2	0.8238175240378719	0.8223684210526317	250	62	46	48.89103817718959	0.8855726550104702	1.3333333333333333
split_rescue_p0.2_sx500_ani0.95_af0.3_b0.3_d1_top0	0,1,2	0.8238175240378719	0.8223684210526317	250	62	46	48.89103817718959	0.8855726550104702	1.3333333333333333
split_rescue_p0.2_sx500_ani0.95_af0.3_b0.3_d1_top1	0,1,2	0.8238175240378719	0.8223684210526317	250	62	46	48.89103817718959	0.8855726550104702	1.3333333333333333
split_rescue_p0.2_sx500_ani0.95_af0.3_b0.3_d1_top2	0,1,2	0.8238175240378719	0.8223684210526317	250	62	46	48.89103817718959	0.8855726550104702	1.3333333333333333
split_rescue_p0.2_sx500_ani0.95_af0.3_b0.3_d2_top0	0,1,2	0.8238175240378719	0.8223684210526317	250	62	46	48.89103817718959	0.8855726550104702	1.3333333333333333
split_rescue_p0.2_sx500_ani0.95_af0.3_b0.3_d2_top1	0,1,2	0.8238175240378719	0.8223684210526317	250	62	46	48.89103817718959	0.8855726550104702	1.3333333333333333
split_rescue_p0.2_sx500_ani0.95_af0.3_b0.3_d2_top2	0,1,2	0.8238175240378719	0.8223684210526317	250	62	46	48.89103817718959	0.8855726550104702	1.3333333333333333
split_rescue_p0.2_sx500_ani0.95_af0.3_b0.3_d5_top0	0,1,2	0.8238175240378719	0.8223684210526317	250	62	46	48.89103817718959	0.8855726550104702	1.3333333333333333
split_rescue_p0.2_sx500_ani0.95_af0.3_b0.3_d5_top1	0,1,2	0.8238175240378719	0.8223684210526317	250	62	46	48.89103817718959	0.8855726550104702	1.3333333333333333
split_rescue_p0.2_sx500_ani0.95_af0.3_b0.3_d5_top2	0,1,2	0.8238175240378719	0.8223684210526317	250	62	46	48.89103817718959	0.8855726550104702	1.3333333333333333
split_rescue_p0.2_sx500_ani0.95_af0.5_b0.2_d1_top0	0,1,2	0.8238175240378719	0.8223684210526317	250	62	46	48.89103817718959	0.8855726550104702	1.3333333333333333
split_rescue_p0.2_sx500_ani0.95_af0.5_b0.2_d1_top1	0,1,2	0.8238175240378719	0.8223684210526317	250	62	46	48.89103817718959	0.8855726550104702	1.3333333333333333
split_rescue_p0.2_sx500_ani0.95_af0.5_b0.2_d1_top2	0,1,2	0.8238175240378719	0.8223684210526317	250	62	46	48.89103817718959	0.8855726550104702	1.3333333333333333
split_rescue_p0.2_sx500_ani0.95_af0.5_b0.2_d2_top0	0,1,2	0.8238175240378719	0.8223684210526317	250	62	46	48.89103817718959	0.8855726550104702	1.3333333333333333
split_rescue_p0.2_sx500_ani0.95_af0.5_b0.2_d2_top1	0,1,2	0.8238175240378719	0.8223684210526317	250	62	46	48.89103817718959	0.8855726550104702	1.3333333333333333
split_rescue_p0.2_sx500_ani0.95_af0.5_b0.2_d2_top2	0,1,2	0.8238175240378719	0.8223684210526317	250	62	46	48.89103817718959	0.8855726550104702	1.3333333333333333
split_rescue_p0.2_sx500_ani0.95_af0.5_b0.2_d5_top0	0,1,2	0.8238175240378719	0.8223684210526317	250	62	46	48.89103817718959	0.8855726550104702	1.3333333333333333
split_rescue_p0.2_sx500_ani0.95_af0.5_b0.2_d5_top1	0,1,2	0.8238175240378719	0.8223684210526317	250	62	46	48.89103817718959	0.8855726550104702	1.3333333333333333
split_rescue_p0.2_sx500_ani0.95_af0.5_b0.2_d5_top2	0,1,2	0.8238175240378719	0.8223684210526317	250	62	46	48.89103817718959	0.8855726550104702	1.3333333333333333
split_rescue_p0.2_sx500_ani0.95_af0.5_b0.3_d1_top0	0,1,2	0.8238175240378719	0.8223684210526317	250	62	46	48.89103817718959	0.8855726550104702	1.3333333333333333
split_rescue_p0.2_sx500_ani0.95_af0.5_b0.3_d1_top1	0,1,2	0.8238175240378719	0.8223684210526317	250	62	46	48.89103817718959	0.8855726550104702	1.3333333333333333
split_rescue_p0.2_sx500_ani0.95_af0.5_b0.3_d1_top2	0,1,2	0.8238175240378719	0.8223684210526317	250	62	46	48.89103817718959	0.8855726550104702	1.3333333333333333
split_rescue_p0.2_sx500_ani0.95_af0.5_b0.3_d2_top0	0,1,2	0.8238175240378719	0.8223684210526317	250	62	46	48.89103817718959	0.8855726550104702	1.3333333333333333
split_rescue_p0.2_sx500_ani0.95_af0.5_b0.3_d2_top1	0,1,2	0.8238175240378719	0.8223684210526317	250	62	46	48.89103817718959	0.8855726550104702	1.3333333333333333
split_rescue_p0.2_sx500_ani0.95_af0.5_b0.3_d2_top2	0,1,2	0.8238175240378719	0.8223684210526317	250	62	46	48.89103817718959	0.8855726550104702	1.3333333333333333
split_rescue_p0.2_sx500_ani0.95_af0.5_b0.3_d5_top0	0,1,2	0.8238175240378719	0.8223684210526317	250	62	46	48.89103817718959	0.8855726550104702	1.3333333333333333
split_rescue_p0.2_sx500_ani0.95_af0.5_b0.3_d5_top1	0,1,2	0.8238175240378719	0.8223684210526317	250	62	46	48.89103817718959	0.8855726550104702	1.3333333333333333
split_rescue_p0.2_sx500_ani0.95_af0.5_b0.3_d5_top2	0,1,2	0.8238175240378719	0.8223684210526317	250	62	46	48.89103817718959	0.8855726550104702	1.3333333333333333
split_rescue_p0.02_sx300_ani0.93_af0.3_b0.35_d1_top0	0,1,2	0.8238175240378719	0.8223684210526317	250	62	46	50.06064000388424	0.9028168035113616	1.3333333333333333
split_rescue_p0.02_sx300_ani0.93_af0.3_b0.35_d1_top1	0,1,2	0.8238175240378719	0.8223684210526317	250	62	46	50.06064000388424	0.9028168035113616	1.3333333333333333
split_rescue_p0.02_sx300_ani0.93_af0.3_b0.35_d1_top2	0,1,2	0.8238175240378719	0.8223684210526317	250	62	46	50.06064000388424	0.9028168035113616	1.3333333333333333
split_rescue_p0.02_sx300_ani0.93_af0.3_b0.35_d2_top0	0,1,2	0.8238175240378719	0.8223684210526317	250	62	46	50.06064000388424	0.9028168035113616	1.3333333333333333
split_rescue_p0.02_sx300_ani0.93_af0.3_b0.35_d2_top1	0,1,2	0.8238175240378719	0.8223684210526317	250	62	46	50.06064000388424	0.9028168035113616	1.3333333333333333
split_rescue_p0.02_sx300_ani0.93_af0.3_b0.35_d2_top2	0,1,2	0.8238175240378719	0.8223684210526317	250	62	46	50.06064000388424	0.9028168035113616	1.3333333333333333
split_rescue_p0.02_sx300_ani0.93_af0.3_b0.35_d5_top0	0,1,2	0.8238175240378719	0.8223684210526317	250	62	46	50.06064000388424	0.9028168035113616	1.3333333333333333
split_rescue_p0.02_sx300_ani0.93_af0.3_b0.35_d5_top1	0,1,2	0.8238175240378719	0.8223684210526317	250	62	46	50.06064000388424	0.9028168035113616	1.3333333333333333
split_rescue_p0.02_sx300_ani0.93_af0.3_b0.35_d5_top2	0,1,2	0.8238175240378719	0.8223684210526317	250	62	46	50.06064000388424	0.9028168035113616	1.3333333333333333
split_rescue_p0.02_sx300_ani0.93_af0.5_b0.35_d1_top0	0,1,2	0.8238175240378719	0.8223684210526317	250	62	46	50.06064000388424	0.9028168035113616	1.3333333333333333
split_rescue_p0.02_sx300_ani0.93_af0.5_b0.35_d1_top1	0,1,2	0.8238175240378719	0.8223684210526317	250	62	46	50.06064000388424	0.9028168035113616	1.3333333333333333
split_rescue_p0.02_sx300_ani0.93_af0.5_b0.35_d1_top2	0,1,2	0.8238175240378719	0.8223684210526317	250	62	46	50.06064000388424	0.9028168035113616	1.3333333333333333
split_rescue_p0.02_sx300_ani0.93_af0.5_b0.35_d2_top0	0,1,2	0.8238175240378719	0.8223684210526317	250	62	46	50.06064000388424	0.9028168035113616	1.3333333333333333
split_rescue_p0.02_sx300_ani0.93_af0.5_b0.35_d2_top1	0,1,2	0.8238175240378719	0.8223684210526317	250	62	46	50.06064000388424	0.9028168035113616	1.3333333333333333
split_rescue_p0.02_sx300_ani0.93_af0.5_b0.35_d2_top2	0,1,2	0.8238175240378719	0.8223684210526317	250	62	46	50.06064000388424	0.9028168035113616	1.3333333333333333
split_rescue_p0.02_sx300_ani0.93_af0.5_b0.35_d5_top0	0,1,2	0.8238175240378719	0.8223684210526317	250	62	46	50.06064000388424	0.9028168035113616	1.3333333333333333
split_rescue_p0.02_sx300_ani0.93_af0.5_b0.35_d5_top1	0,1,2	0.8238175240378719	0.8223684210526317	250	62	46	50.06064000388424	0.9028168035113616	1.3333333333333333
split_rescue_p0.02_sx300_ani0.93_af0.5_b0.35_d5_top2	0,1,2	0.8238175240378719	0.8223684210526317	250	62	46	50.06064000388424	0.9028168035113616	1.3333333333333333
split_rescue_p0.02_sx300_ani0.95_af0.3_b0.35_d1_top0	0,1,2	0.8238175240378719	0.8223684210526317	250	62	46	50.06064000388424	0.9028168035113616	1.3333333333333333
split_rescue_p0.02_sx300_ani0.95_af0.3_b0.35_d1_top1	0,1,2	0.8238175240378719	0.8223684210526317	250	62	46	50.06064000388424	0.9028168035113616	1.3333333333333333
split_rescue_p0.02_sx300_ani0.95_af0.3_b0.35_d1_top2	0,1,2	0.8238175240378719	0.8223684210526317	250	62	46	50.06064000388424	0.9028168035113616	1.3333333333333333
split_rescue_p0.02_sx300_ani0.95_af0.3_b0.35_d2_top0	0,1,2	0.8238175240378719	0.8223684210526317	250	62	46	50.06064000388424	0.9028168035113616	1.3333333333333333
split_rescue_p0.02_sx300_ani0.95_af0.3_b0.35_d2_top1	0,1,2	0.8238175240378719	0.8223684210526317	250	62	46	50.06064000388424	0.9028168035113616	1.3333333333333333
split_rescue_p0.02_sx300_ani0.95_af0.3_b0.35_d2_top2	0,1,2	0.8238175240378719	0.8223684210526317	250	62	46	50.06064000388424	0.9028168035113616	1.3333333333333333
split_rescue_p0.02_sx300_ani0.95_af0.3_b0.35_d5_top0	0,1,2	0.8238175240378719	0.8223684210526317	250	62	46	50.06064000388424	0.9028168035113616	1.3333333333333333
split_rescue_p0.02_sx300_ani0.95_af0.3_b0.35_d5_top1	0,1,2	0.8238175240378719	0.8223684210526317	250	62	46	50.06064000388424	0.9028168035113616	1.3333333333333333
split_rescue_p0.02_sx300_ani0.95_af0.3_b0.35_d5_top2	0,1,2	0.8238175240378719	0.8223684210526317	250	62	46	50.06064000388424	0.9028168035113616	1.3333333333333333
split_rescue_p0.02_sx300_ani0.95_af0.5_b0.35_d1_top0	0,1,2	0.8238175240378719	0.8223684210526317	250	62	46	50.06064000388424	0.9028168035113616	1.3333333333333333
split_rescue_p0.02_sx300_ani0.95_af0.5_b0.35_d1_top1	0,1,2	0.8238175240378719	0.8223684210526317	250	62	46	50.06064000388424	0.9028168035113616	1.3333333333333333
split_rescue_p0.02_sx300_ani0.95_af0.5_b0.35_d1_top2	0,1,2	0.8238175240378719	0.8223684210526317	250	62	46	50.06064000388424	0.9028168035113616	1.3333333333333333
split_rescue_p0.02_sx300_ani0.95_af0.5_b0.35_d2_top0	0,1,2	0.8238175240378719	0.8223684210526317	250	62	46	50.06064000388424	0.9028168035113616	1.3333333333333333
split_rescue_p0.02_sx300_ani0.95_af0.5_b0.35_d2_top1	0,1,2	0.8238175240378719	0.8223684210526317	250	62	46	50.06064000388424	0.9028168035113616	1.3333333333333333
split_rescue_p0.02_sx300_ani0.95_af0.5_b0.35_d2_top2	0,1,2	0.8238175240378719	0.8223684210526317	250	62	46	50.06064000388424	0.9028168035113616	1.3333333333333333
split_rescue_p0.02_sx300_ani0.95_af0.5_b0.35_d5_top0	0,1,2	0.8238175240378719	0.8223684210526317	250	62	46	50.06064000388424	0.9028168035113616	1.3333333333333333
split_rescue_p0.02_sx300_ani0.95_af0.5_b0.35_d5_top1	0,1,2	0.8238175240378719	0.8223684210526317	250	62	46	50.06064000388424	0.9028168035113616	1.3333333333333333
split_rescue_p0.02_sx300_ani0.95_af0.5_b0.35_d5_top2	0,1,2	0.8238175240378719	0.8223684210526317	250	62	46	50.06064000388424	0.9028168035113616	1.3333333333333333
split_rescue_p0.02_sx500_ani0.93_af0.3_b0.35_d1_top0	0,1,2	0.8238175240378719	0.8223684210526317	250	62	46	50.06064000388424	0.9028168035113616	1.3333333333333333
split_rescue_p0.02_sx500_ani0.93_af0.3_b0.35_d1_top1	0,1,2	0.8238175240378719	0.8223684210526317	250	62	46	50.06064000388424	0.9028168035113616	1.3333333333333333
split_rescue_p0.02_sx500_ani0.93_af0.3_b0.35_d1_top2	0,1,2	0.8238175240378719	0.8223684210526317	250	62	46	50.06064000388424	0.9028168035113616	1.3333333333333333
split_rescue_p0.02_sx500_ani0.93_af0.3_b0.35_d2_top0	0,1,2	0.8238175240378719	0.8223684210526317	250	62	46	50.06064000388424	0.9028168035113616	1.3333333333333333
split_rescue_p0.02_sx500_ani0.93_af0.3_b0.35_d2_top1	0,1,2	0.8238175240378719	0.8223684210526317	250	62	46	50.06064000388424	0.9028168035113616	1.3333333333333333
split_rescue_p0.02_sx500_ani0.93_af0.3_b0.35_d2_top2	0,1,2	0.8238175240378719	0.8223684210526317	250	62	46	50.06064000388424	0.9028168035113616	1.3333333333333333
split_rescue_p0.02_sx500_ani0.93_af0.3_b0.35_d5_top0	0,1,2	0.8238175240378719	0.8223684210526317	250	62	46	50.06064000388424	0.9028168035113616	1.3333333333333333
split_rescue_p0.02_sx500_ani0.93_af0.3_b0.35_d5_top1	0,1,2	0.8238175240378719	0.8223684210526317	250	62	46	50.06064000388424	0.9028168035113616	1.3333333333333333
split_rescue_p0.02_sx500_ani0.93_af0.3_b0.35_d5_top2	0,1,2	0.8238175240378719	0.8223684210526317	250	62	46	50.06064000388424	0.9028168035113616	1.3333333333333333
split_rescue_p0.02_sx500_ani0.93_af0.5_b0.35_d1_top0	0,1,2	0.8238175240378719	0.8223684210526317	250	62	46	50.06064000388424	0.9028168035113616	1.3333333333333333
split_rescue_p0.02_sx500_ani0.93_af0.5_b0.35_d1_top1	0,1,2	0.8238175240378719	0.8223684210526317	250	62	46	50.06064000388424	0.9028168035113616	1.3333333333333333
split_rescue_p0.02_sx500_ani0.93_af0.5_b0.35_d1_top2	0,1,2	0.8238175240378719	0.8223684210526317	250	62	46	50.06064000388424	0.9028168035113616	1.3333333333333333
split_rescue_p0.02_sx500_ani0.93_af0.5_b0.35_d2_top0	0,1,2	0.8238175240378719	0.8223684210526317	250	62	46	50.06064000388424	0.9028168035113616	1.3333333333333333
split_rescue_p0.02_sx500_ani0.93_af0.5_b0.35_d2_top1	0,1,2	0.8238175240378719	0.8223684210526317	250	62	46	50.06064000388424	0.9028168035113616	1.3333333333333333
split_rescue_p0.02_sx500_ani0.93_af0.5_b0.35_d2_top2	0,1,2	0.8238175240378719	0.8223684210526317	250	62	46	50.06064000388424	0.9028168035113616	1.3333333333333333
split_rescue_p0.02_sx500_ani0.93_af0.5_b0.35_d5_top0	0,1,2	0.8238175240378719	0.8223684210526317	250	62	46	50.06064000388424	0.9028168035113616	1.3333333333333333
split_rescue_p0.02_sx500_ani0.93_af0.5_b0.35_d5_top1	0,1,2	0.8238175240378719	0.8223684210526317	250	62	46	50.06064000388424	0.9028168035113616	1.3333333333333333
split_rescue_p0.02_sx500_ani0.93_af0.5_b0.35_d5_top2	0,1,2	0.8238175240378719	0.8223684210526317	250	62	46	50.06064000388424	0.9028168035113616	1.3333333333333333
split_rescue_p0.02_sx500_ani0.95_af0.3_b0.35_d1_top0	0,1,2	0.8238175240378719	0.8223684210526317	250	62	46	50.06064000388424	0.9028168035113616	1.3333333333333333
split_rescue_p0.02_sx500_ani0.95_af0.3_b0.35_d1_top1	0,1,2	0.8238175240378719	0.8223684210526317	250	62	46	50.06064000388424	0.9028168035113616	1.3333333333333333
split_rescue_p0.02_sx500_ani0.95_af0.3_b0.35_d1_top2	0,1,2	0.8238175240378719	0.8223684210526317	250	62	46	50.06064000388424	0.9028168035113616	1.3333333333333333
split_rescue_p0.02_sx500_ani0.95_af0.3_b0.35_d2_top0	0,1,2	0.8238175240378719	0.8223684210526317	250	62	46	50.06064000388424	0.9028168035113616	1.3333333333333333
split_rescue_p0.02_sx500_ani0.95_af0.3_b0.35_d2_top1	0,1,2	0.8238175240378719	0.8223684210526317	250	62	46	50.06064000388424	0.9028168035113616	1.3333333333333333
split_rescue_p0.02_sx500_ani0.95_af0.3_b0.35_d2_top2	0,1,2	0.8238175240378719	0.8223684210526317	250	62	46	50.06064000388424	0.9028168035113616	1.3333333333333333
split_rescue_p0.02_sx500_ani0.95_af0.3_b0.35_d5_top0	0,1,2	0.8238175240378719	0.8223684210526317	250	62	46	50.06064000388424	0.9028168035113616	1.3333333333333333
split_rescue_p0.02_sx500_ani0.95_af0.3_b0.35_d5_top1	0,1,2	0.8238175240378719	0.8223684210526317	250	62	46	50.06064000388424	0.9028168035113616	1.3333333333333333
split_rescue_p0.02_sx500_ani0.95_af0.3_b0.35_d5_top2	0,1,2	0.8238175240378719	0.8223684210526317	250	62	46	50.06064000388424	0.9028168035113616	1.3333333333333333
split_rescue_p0.02_sx500_ani0.95_af0.5_b0.35_d1_top0	0,1,2	0.8238175240378719	0.8223684210526317	250	62	46	50.06064000388424	0.9028168035113616	1.3333333333333333
split_rescue_p0.02_sx500_ani0.95_af0.5_b0.35_d1_top1	0,1,2	0.8238175240378719	0.8223684210526317	250	62	46	50.06064000388424	0.9028168035113616	1.3333333333333333
split_rescue_p0.02_sx500_ani0.95_af0.5_b0.35_d1_top2	0,1,2	0.8238175240378719	0.8223684210526317	250	62	46	50.06064000388424	0.9028168035113616	1.3333333333333333
split_rescue_p0.02_sx500_ani0.95_af0.5_b0.35_d2_top0	0,1,2	0.8238175240378719	0.8223684210526317	250	62	46	50.06064000388424	0.9028168035113616	1.3333333333333333
split_rescue_p0.02_sx500_ani0.95_af0.5_b0.35_d2_top1	0,1,2	0.8238175240378719	0.8223684210526317	250	62	46	50.06064000388424	0.9028168035113616	1.3333333333333333
split_rescue_p0.02_sx500_ani0.95_af0.5_b0.35_d2_top2	0,1,2	0.8238175240378719	0.8223684210526317	250	62	46	50.06064000388424	0.9028168035113616	1.3333333333333333
split_rescue_p0.02_sx500_ani0.95_af0.5_b0.35_d5_top0	0,1,2	0.8238175240378719	0.8223684210526317	250	62	46	50.06064000388424	0.9028168035113616	1.3333333333333333
split_rescue_p0.02_sx500_ani0.95_af0.5_b0.35_d5_top1	0,1,2	0.8238175240378719	0.8223684210526317	250	62	46	50.06064000388424	0.9028168035113616	1.3333333333333333
split_rescue_p0.02_sx500_ani0.95_af0.5_b0.35_d5_top2	0,1,2	0.8238175240378719	0.8223684210526317	250	62	46	50.06064000388424	0.9028168035113616	1.3333333333333333
split_rescue_p0_sx300_ani0.93_af0.3_b0.35_d1_top0	0,1,2	0.8238175240378719	0.8223684210526317	250	62	46	50.06064000388424	0.9028168035113616	1.3333333333333333
split_rescue_p0_sx300_ani0.93_af0.3_b0.35_d1_top1	0,1,2	0.8238175240378719	0.8223684210526317	250	62	46	50.06064000388424	0.9028168035113616	1.3333333333333333
split_rescue_p0_sx300_ani0.93_af0.3_b0.35_d1_top2	0,1,2	0.8238175240378719	0.8223684210526317	250	62	46	50.06064000388424	0.9028168035113616	1.3333333333333333
split_rescue_p0_sx300_ani0.93_af0.3_b0.35_d2_top0	0,1,2	0.8238175240378719	0.8223684210526317	250	62	46	50.06064000388424	0.9028168035113616	1.3333333333333333
split_rescue_p0_sx300_ani0.93_af0.3_b0.35_d2_top1	0,1,2	0.8238175240378719	0.8223684210526317	250	62	46	50.06064000388424	0.9028168035113616	1.3333333333333333
split_rescue_p0_sx300_ani0.93_af0.3_b0.35_d2_top2	0,1,2	0.8238175240378719	0.8223684210526317	250	62	46	50.06064000388424	0.9028168035113616	1.3333333333333333
split_rescue_p0_sx300_ani0.93_af0.3_b0.35_d5_top0	0,1,2	0.8238175240378719	0.8223684210526317	250	62	46	50.06064000388424	0.9028168035113616	1.3333333333333333
split_rescue_p0_sx300_ani0.93_af0.3_b0.35_d5_top1	0,1,2	0.8238175240378719	0.8223684210526317	250	62	46	50.06064000388424	0.9028168035113616	1.3333333333333333
split_rescue_p0_sx300_ani0.93_af0.3_b0.35_d5_top2	0,1,2	0.8238175240378719	0.8223684210526317	250	62	46	50.06064000388424	0.9028168035113616	1.3333333333333333
split_rescue_p0_sx300_ani0.93_af0.5_b0.35_d1_top0	0,1,2	0.8238175240378719	0.8223684210526317	250	62	46	50.06064000388424	0.9028168035113616	1.3333333333333333
split_rescue_p0_sx300_ani0.93_af0.5_b0.35_d1_top1	0,1,2	0.8238175240378719	0.8223684210526317	250	62	46	50.06064000388424	0.9028168035113616	1.3333333333333333
split_rescue_p0_sx300_ani0.93_af0.5_b0.35_d1_top2	0,1,2	0.8238175240378719	0.8223684210526317	250	62	46	50.06064000388424	0.9028168035113616	1.3333333333333333
split_rescue_p0_sx300_ani0.93_af0.5_b0.35_d2_top0	0,1,2	0.8238175240378719	0.8223684210526317	250	62	46	50.06064000388424	0.9028168035113616	1.3333333333333333
split_rescue_p0_sx300_ani0.93_af0.5_b0.35_d2_top1	0,1,2	0.8238175240378719	0.8223684210526317	250	62	46	50.06064000388424	0.9028168035113616	1.3333333333333333
split_rescue_p0_sx300_ani0.93_af0.5_b0.35_d2_top2	0,1,2	0.8238175240378719	0.8223684210526317	250	62	46	50.06064000388424	0.9028168035113616	1.3333333333333333
split_rescue_p0_sx300_ani0.93_af0.5_b0.35_d5_top0	0,1,2	0.8238175240378719	0.8223684210526317	250	62	46	50.06064000388424	0.9028168035113616	1.3333333333333333
split_rescue_p0_sx300_ani0.93_af0.5_b0.35_d5_top1	0,1,2	0.8238175240378719	0.8223684210526317	250	62	46	50.06064000388424	0.9028168035113616	1.3333333333333333
split_rescue_p0_sx300_ani0.93_af0.5_b0.35_d5_top2	0,1,2	0.8238175240378719	0.8223684210526317	250	62	46	50.06064000388424	0.9028168035113616	1.3333333333333333
split_rescue_p0_sx300_ani0.95_af0.3_b0.35_d1_top0	0,1,2	0.8238175240378719	0.8223684210526317	250	62	46	50.06064000388424	0.9028168035113616	1.3333333333333333
split_rescue_p0_sx300_ani0.95_af0.3_b0.35_d1_top1	0,1,2	0.8238175240378719	0.8223684210526317	250	62	46	50.06064000388424	0.9028168035113616	1.3333333333333333
split_rescue_p0_sx300_ani0.95_af0.3_b0.35_d1_top2	0,1,2	0.8238175240378719	0.8223684210526317	250	62	46	50.06064000388424	0.9028168035113616	1.3333333333333333
split_rescue_p0_sx300_ani0.95_af0.3_b0.35_d2_top0	0,1,2	0.8238175240378719	0.8223684210526317	250	62	46	50.06064000388424	0.9028168035113616	1.3333333333333333
split_rescue_p0_sx300_ani0.95_af0.3_b0.35_d2_top1	0,1,2	0.8238175240378719	0.8223684210526317	250	62	46	50.06064000388424	0.9028168035113616	1.3333333333333333
split_rescue_p0_sx300_ani0.95_af0.3_b0.35_d2_top2	0,1,2	0.8238175240378719	0.8223684210526317	250	62	46	50.06064000388424	0.9028168035113616	1.3333333333333333
split_rescue_p0_sx300_ani0.95_af0.3_b0.35_d5_top0	0,1,2	0.8238175240378719	0.8223684210526317	250	62	46	50.06064000388424	0.9028168035113616	1.3333333333333333
split_rescue_p0_sx300_ani0.95_af0.3_b0.35_d5_top1	0,1,2	0.8238175240378719	0.8223684210526317	250	62	46	50.06064000388424	0.9028168035113616	1.3333333333333333
split_rescue_p0_sx300_ani0.95_af0.3_b0.35_d5_top2	0,1,2	0.8238175240378719	0.8223684210526317	250	62	46	50.06064000388424	0.9028168035113616	1.3333333333333333
split_rescue_p0_sx300_ani0.95_af0.5_b0.35_d1_top0	0,1,2	0.8238175240378719	0.8223684210526317	250	62	46	50.06064000388424	0.9028168035113616	1.3333333333333333
split_rescue_p0_sx300_ani0.95_af0.5_b0.35_d1_top1	0,1,2	0.8238175240378719	0.8223684210526317	250	62	46	50.06064000388424	0.9028168035113616	1.3333333333333333
split_rescue_p0_sx300_ani0.95_af0.5_b0.35_d1_top2	0,1,2	0.8238175240378719	0.8223684210526317	250	62	46	50.06064000388424	0.9028168035113616	1.3333333333333333
split_rescue_p0_sx300_ani0.95_af0.5_b0.35_d2_top0	0,1,2	0.8238175240378719	0.8223684210526317	250	62	46	50.06064000388424	0.9028168035113616	1.3333333333333333
split_rescue_p0_sx300_ani0.95_af0.5_b0.35_d2_top1	0,1,2	0.8238175240378719	0.8223684210526317	250	62	46	50.06064000388424	0.9028168035113616	1.3333333333333333
split_rescue_p0_sx300_ani0.95_af0.5_b0.35_d2_top2	0,1,2	0.8238175240378719	0.8223684210526317	250	62	46	50.06064000388424	0.9028168035113616	1.3333333333333333
split_rescue_p0_sx300_ani0.95_af0.5_b0.35_d5_top0	0,1,2	0.8238175240378719	0.8223684210526317	250	62	46	50.06064000388424	0.9028168035113616	1.3333333333333333
split_rescue_p0_sx300_ani0.95_af0.5_b0.35_d5_top1	0,1,2	0.8238175240378719	0.8223684210526317	250	62	46	50.06064000388424	0.9028168035113616	1.3333333333333333
split_rescue_p0_sx300_ani0.95_af0.5_b0.35_d5_top2	0,1,2	0.8238175240378719	0.8223684210526317	250	62	46	50.06064000388424	0.9028168035113616	1.3333333333333333
split_rescue_p0_sx500_ani0.93_af0.3_b0.35_d1_top0	0,1,2	0.8238175240378719	0.8223684210526317	250	62	46	50.06064000388424	0.9028168035113616	1.3333333333333333
split_rescue_p0_sx500_ani0.93_af0.3_b0.35_d1_top1	0,1,2	0.8238175240378719	0.8223684210526317	250	62	46	50.06064000388424	0.9028168035113616	1.3333333333333333
split_rescue_p0_sx500_ani0.93_af0.3_b0.35_d1_top2	0,1,2	0.8238175240378719	0.8223684210526317	250	62	46	50.06064000388424	0.9028168035113616	1.3333333333333333
split_rescue_p0_sx500_ani0.93_af0.3_b0.35_d2_top0	0,1,2	0.8238175240378719	0.8223684210526317	250	62	46	50.06064000388424	0.9028168035113616	1.3333333333333333
split_rescue_p0_sx500_ani0.93_af0.3_b0.35_d2_top1	0,1,2	0.8238175240378719	0.8223684210526317	250	62	46	50.06064000388424	0.9028168035113616	1.3333333333333333
split_rescue_p0_sx500_ani0.93_af0.3_b0.35_d2_top2	0,1,2	0.8238175240378719	0.8223684210526317	250	62	46	50.06064000388424	0.9028168035113616	1.3333333333333333
split_rescue_p0_sx500_ani0.93_af0.3_b0.35_d5_top0	0,1,2	0.8238175240378719	0.8223684210526317	250	62	46	50.06064000388424	0.9028168035113616	1.3333333333333333
split_rescue_p0_sx500_ani0.93_af0.3_b0.35_d5_top1	0,1,2	0.8238175240378719	0.8223684210526317	250	62	46	50.06064000388424	0.9028168035113616	1.3333333333333333
split_rescue_p0_sx500_ani0.93_af0.3_b0.35_d5_top2	0,1,2	0.8238175240378719	0.8223684210526317	250	62	46	50.06064000388424	0.9028168035113616	1.3333333333333333
split_rescue_p0_sx500_ani0.93_af0.5_b0.35_d1_top0	0,1,2	0.8238175240378719	0.8223684210526317	250	62	46	50.06064000388424	0.9028168035113616	1.3333333333333333
split_rescue_p0_sx500_ani0.93_af0.5_b0.35_d1_top1	0,1,2	0.8238175240378719	0.8223684210526317	250	62	46	50.06064000388424	0.9028168035113616	1.3333333333333333
split_rescue_p0_sx500_ani0.93_af0.5_b0.35_d1_top2	0,1,2	0.8238175240378719	0.8223684210526317	250	62	46	50.06064000388424	0.9028168035113616	1.3333333333333333
split_rescue_p0_sx500_ani0.93_af0.5_b0.35_d2_top0	0,1,2	0.8238175240378719	0.8223684210526317	250	62	46	50.06064000388424	0.9028168035113616	1.3333333333333333
split_rescue_p0_sx500_ani0.93_af0.5_b0.35_d2_top1	0,1,2	0.8238175240378719	0.8223684210526317	250	62	46	50.06064000388424	0.9028168035113616	1.3333333333333333
split_rescue_p0_sx500_ani0.93_af0.5_b0.35_d2_top2	0,1,2	0.8238175240378719	0.8223684210526317	250	62	46	50.06064000388424	0.9028168035113616	1.3333333333333333
split_rescue_p0_sx500_ani0.93_af0.5_b0.35_d5_top0	0,1,2	0.8238175240378719	0.8223684210526317	250	62	46	50.06064000388424	0.9028168035113616	1.3333333333333333
split_rescue_p0_sx500_ani0.93_af0.5_b0.35_d5_top1	0,1,2	0.8238175240378719	0.8223684210526317	250	62	46	50.06064000388424	0.9028168035113616	1.3333333333333333
split_rescue_p0_sx500_ani0.93_af0.5_b0.35_d5_top2	0,1,2	0.8238175240378719	0.8223684210526317	250	62	46	50.06064000388424	0.9028168035113616	1.3333333333333333
split_rescue_p0_sx500_ani0.95_af0.3_b0.35_d1_top0	0,1,2	0.8238175240378719	0.8223684210526317	250	62	46	50.06064000388424	0.9028168035113616	1.3333333333333333
split_rescue_p0_sx500_ani0.95_af0.3_b0.35_d1_top1	0,1,2	0.8238175240378719	0.8223684210526317	250	62	46	50.06064000388424	0.9028168035113616	1.3333333333333333
split_rescue_p0_sx500_ani0.95_af0.3_b0.35_d1_top2	0,1,2	0.8238175240378719	0.8223684210526317	250	62	46	50.06064000388424	0.9028168035113616	1.3333333333333333
split_rescue_p0_sx500_ani0.95_af0.3_b0.35_d2_top0	0,1,2	0.8238175240378719	0.8223684210526317	250	62	46	50.06064000388424	0.9028168035113616	1.3333333333333333
split_rescue_p0_sx500_ani0.95_af0.3_b0.35_d2_top1	0,1,2	0.8238175240378719	0.8223684210526317	250	62	46	50.06064000388424	0.9028168035113616	1.3333333333333333
split_rescue_p0_sx500_ani0.95_af0.3_b0.35_d2_top2	0,1,2	0.8238175240378719	0.8223684210526317	250	62	46	50.06064000388424	0.9028168035113616	1.3333333333333333
split_rescue_p0_sx500_ani0.95_af0.3_b0.35_d5_top0	0,1,2	0.8238175240378719	0.8223684210526317	250	62	46	50.06064000388424	0.9028168035113616	1.3333333333333333
split_rescue_p0_sx500_ani0.95_af0.3_b0.35_d5_top1	0,1,2	0.8238175240378719	0.8223684210526317	250	62	46	50.06064000388424	0.9028168035113616	1.3333333333333333
split_rescue_p0_sx500_ani0.95_af0.3_b0.35_d5_top2	0,1,2	0.8238175240378719	0.8223684210526317	250	62	46	50.06064000388424	0.9028168035113616	1.3333333333333333
split_rescue_p0_sx500_ani0.95_af0.5_b0.35_d1_top0	0,1,2	0.8238175240378719	0.8223684210526317	250	62	46	50.06064000388424	0.9028168035113616	1.3333333333333333
split_rescue_p0_sx500_ani0.95_af0.5_b0.35_d1_top1	0,1,2	0.8238175240378719	0.8223684210526317	250	62	46	50.06064000388424	0.9028168035113616	1.3333333333333333
split_rescue_p0_sx500_ani0.95_af0.5_b0.35_d1_top2	0,1,2	0.8238175240378719	0.8223684210526317	250	62	46	50.06064000388424	0.9028168035113616	1.3333333333333333
split_rescue_p0_sx500_ani0.95_af0.5_b0.35_d2_top0	0,1,2	0.8238175240378719	0.8223684210526317	250	62	46	50.06064000388424	0.9028168035113616	1.3333333333333333
split_rescue_p0_sx500_ani0.95_af0.5_b0.35_d2_top1	0,1,2	0.8238175240378719	0.8223684210526317	250	62	46	50.06064000388424	0.9028168035113616	1.3333333333333333
split_rescue_p0_sx500_ani0.95_af0.5_b0.35_d2_top2	0,1,2	0.8238175240378719	0.8223684210526317	250	62	46	50.06064000388424	0.9028168035113616	1.3333333333333333
split_rescue_p0_sx500_ani0.95_af0.5_b0.35_d5_top0	0,1,2	0.8238175240378719	0.8223684210526317	250	62	46	50.06064000388424	0.9028168035113616	1.3333333333333333
split_rescue_p0_sx500_ani0.95_af0.5_b0.35_d5_top1	0,1,2	0.8238175240378719	0.8223684210526317	250	62	46	50.06064000388424	0.9028168035113616	1.3333333333333333
split_rescue_p0_sx500_ani0.95_af0.5_b0.35_d5_top2	0,1,2	0.8238175240378719	0.8223684210526317	250	62	46	50.06064000388424	0.9028168035113616	1.3333333333333333
split_rescue_p0.02_sx650_ani0.93_af0.3_b0.3_d1_top0	0,1,2	0.8238175240378719	0.8223684210526317	250	62	46	53.59921375274312	0.8735855301321763	1.3333333333333333
split_rescue_p0.02_sx650_ani0.93_af0.3_b0.3_d1_top1	0,1,2	0.8238175240378719	0.8223684210526317	250	62	46	53.59921375274312	0.8735855301321763	1.3333333333333333
split_rescue_p0.02_sx650_ani0.93_af0.3_b0.3_d1_top2	0,1,2	0.8238175240378719	0.8223684210526317	250	62	46	53.59921375274312	0.8735855301321763	1.3333333333333333
split_rescue_p0.02_sx650_ani0.93_af0.3_b0.3_d2_top0	0,1,2	0.8238175240378719	0.8223684210526317	250	62	46	53.59921375274312	0.8735855301321763	1.3333333333333333
split_rescue_p0.02_sx650_ani0.93_af0.3_b0.3_d2_top1	0,1,2	0.8238175240378719	0.8223684210526317	250	62	46	53.59921375274312	0.8735855301321763	1.3333333333333333
split_rescue_p0.02_sx650_ani0.93_af0.3_b0.3_d2_top2	0,1,2	0.8238175240378719	0.8223684210526317	250	62	46	53.59921375274312	0.8735855301321763	1.3333333333333333
split_rescue_p0.02_sx650_ani0.93_af0.3_b0.3_d5_top0	0,1,2	0.8238175240378719	0.8223684210526317	250	62	46	53.59921375274312	0.8735855301321763	1.3333333333333333
split_rescue_p0.02_sx650_ani0.93_af0.3_b0.3_d5_top1	0,1,2	0.8238175240378719	0.8223684210526317	250	62	46	53.59921375274312	0.8735855301321763	1.3333333333333333
split_rescue_p0.02_sx650_ani0.93_af0.3_b0.3_d5_top2	0,1,2	0.8238175240378719	0.8223684210526317	250	62	46	53.59921375274312	0.8735855301321763	1.3333333333333333
split_rescue_p0.02_sx650_ani0.93_af0.5_b0.3_d1_top0	0,1,2	0.8238175240378719	0.8223684210526317	250	62	46	53.59921375274312	0.8735855301321763	1.3333333333333333
split_rescue_p0.02_sx650_ani0.93_af0.5_b0.3_d1_top1	0,1,2	0.8238175240378719	0.8223684210526317	250	62	46	53.59921375274312	0.8735855301321763	1.3333333333333333
split_rescue_p0.02_sx650_ani0.93_af0.5_b0.3_d1_top2	0,1,2	0.8238175240378719	0.8223684210526317	250	62	46	53.59921375274312	0.8735855301321763	1.3333333333333333
split_rescue_p0.02_sx650_ani0.93_af0.5_b0.3_d2_top0	0,1,2	0.8238175240378719	0.8223684210526317	250	62	46	53.59921375274312	0.8735855301321763	1.3333333333333333
split_rescue_p0.02_sx650_ani0.93_af0.5_b0.3_d2_top1	0,1,2	0.8238175240378719	0.8223684210526317	250	62	46	53.59921375274312	0.8735855301321763	1.3333333333333333
split_rescue_p0.02_sx650_ani0.93_af0.5_b0.3_d2_top2	0,1,2	0.8238175240378719	0.8223684210526317	250	62	46	53.59921375274312	0.8735855301321763	1.3333333333333333
split_rescue_p0.02_sx650_ani0.93_af0.5_b0.3_d5_top0	0,1,2	0.8238175240378719	0.8223684210526317	250	62	46	53.59921375274312	0.8735855301321763	1.3333333333333333
split_rescue_p0.02_sx650_ani0.93_af0.5_b0.3_d5_top1	0,1,2	0.8238175240378719	0.8223684210526317	250	62	46	53.59921375274312	0.8735855301321763	1.3333333333333333
split_rescue_p0.02_sx650_ani0.93_af0.5_b0.3_d5_top2	0,1,2	0.8238175240378719	0.8223684210526317	250	62	46	53.59921375274312	0.8735855301321763	1.3333333333333333
split_rescue_p0.02_sx650_ani0.95_af0.3_b0.2_d1_top0	0,1,2	0.8238175240378719	0.8223684210526317	250	62	46	53.59921375274312	0.8735855301321763	1.3333333333333333
split_rescue_p0.02_sx650_ani0.95_af0.3_b0.2_d1_top1	0,1,2	0.8238175240378719	0.8223684210526317	250	62	46	53.59921375274312	0.8735855301321763	1.3333333333333333
split_rescue_p0.02_sx650_ani0.95_af0.3_b0.2_d1_top2	0,1,2	0.8238175240378719	0.8223684210526317	250	62	46	53.59921375274312	0.8735855301321763	1.3333333333333333
split_rescue_p0.02_sx650_ani0.95_af0.3_b0.2_d2_top0	0,1,2	0.8238175240378719	0.8223684210526317	250	62	46	53.59921375274312	0.8735855301321763	1.3333333333333333
split_rescue_p0.02_sx650_ani0.95_af0.3_b0.2_d2_top1	0,1,2	0.8238175240378719	0.8223684210526317	250	62	46	53.59921375274312	0.8735855301321763	1.3333333333333333
split_rescue_p0.02_sx650_ani0.95_af0.3_b0.2_d2_top2	0,1,2	0.8238175240378719	0.8223684210526317	250	62	46	53.59921375274312	0.8735855301321763	1.3333333333333333
split_rescue_p0.02_sx650_ani0.95_af0.3_b0.2_d5_top0	0,1,2	0.8238175240378719	0.8223684210526317	250	62	46	53.59921375274312	0.8735855301321763	1.3333333333333333
split_rescue_p0.02_sx650_ani0.95_af0.3_b0.2_d5_top1	0,1,2	0.8238175240378719	0.8223684210526317	250	62	46	53.59921375274312	0.8735855301321763	1.3333333333333333
split_rescue_p0.02_sx650_ani0.95_af0.3_b0.2_d5_top2	0,1,2	0.8238175240378719	0.8223684210526317	250	62	46	53.59921375274312	0.8735855301321763	1.3333333333333333
split_rescue_p0.02_sx650_ani0.95_af0.3_b0.3_d1_top0	0,1,2	0.8238175240378719	0.8223684210526317	250	62	46	53.59921375274312	0.8735855301321763	1.3333333333333333
split_rescue_p0.02_sx650_ani0.95_af0.3_b0.3_d1_top1	0,1,2	0.8238175240378719	0.8223684210526317	250	62	46	53.59921375274312	0.8735855301321763	1.3333333333333333
split_rescue_p0.02_sx650_ani0.95_af0.3_b0.3_d1_top2	0,1,2	0.8238175240378719	0.8223684210526317	250	62	46	53.59921375274312	0.8735855301321763	1.3333333333333333
split_rescue_p0.02_sx650_ani0.95_af0.3_b0.3_d2_top0	0,1,2	0.8238175240378719	0.8223684210526317	250	62	46	53.59921375274312	0.8735855301321763	1.3333333333333333
split_rescue_p0.02_sx650_ani0.95_af0.3_b0.3_d2_top1	0,1,2	0.8238175240378719	0.8223684210526317	250	62	46	53.59921375274312	0.8735855301321763	1.3333333333333333
split_rescue_p0.02_sx650_ani0.95_af0.3_b0.3_d2_top2	0,1,2	0.8238175240378719	0.8223684210526317	250	62	46	53.59921375274312	0.8735855301321763	1.3333333333333333
split_rescue_p0.02_sx650_ani0.95_af0.3_b0.3_d5_top0	0,1,2	0.8238175240378719	0.8223684210526317	250	62	46	53.59921375274312	0.8735855301321763	1.3333333333333333
split_rescue_p0.02_sx650_ani0.95_af0.3_b0.3_d5_top1	0,1,2	0.8238175240378719	0.8223684210526317	250	62	46	53.59921375274312	0.8735855301321763	1.3333333333333333
split_rescue_p0.02_sx650_ani0.95_af0.3_b0.3_d5_top2	0,1,2	0.8238175240378719	0.8223684210526317	250	62	46	53.59921375274312	0.8735855301321763	1.3333333333333333
split_rescue_p0.02_sx650_ani0.95_af0.5_b0.2_d1_top0	0,1,2	0.8238175240378719	0.8223684210526317	250	62	46	53.59921375274312	0.8735855301321763	1.3333333333333333
split_rescue_p0.02_sx650_ani0.95_af0.5_b0.2_d1_top1	0,1,2	0.8238175240378719	0.8223684210526317	250	62	46	53.59921375274312	0.8735855301321763	1.3333333333333333
split_rescue_p0.02_sx650_ani0.95_af0.5_b0.2_d1_top2	0,1,2	0.8238175240378719	0.8223684210526317	250	62	46	53.59921375274312	0.8735855301321763	1.3333333333333333
split_rescue_p0.02_sx650_ani0.95_af0.5_b0.2_d2_top0	0,1,2	0.8238175240378719	0.8223684210526317	250	62	46	53.59921375274312	0.8735855301321763	1.3333333333333333
split_rescue_p0.02_sx650_ani0.95_af0.5_b0.2_d2_top1	0,1,2	0.8238175240378719	0.8223684210526317	250	62	46	53.59921375274312	0.8735855301321763	1.3333333333333333
split_rescue_p0.02_sx650_ani0.95_af0.5_b0.2_d2_top2	0,1,2	0.8238175240378719	0.8223684210526317	250	62	46	53.59921375274312	0.8735855301321763	1.3333333333333333
split_rescue_p0.02_sx650_ani0.95_af0.5_b0.2_d5_top0	0,1,2	0.8238175240378719	0.8223684210526317	250	62	46	53.59921375274312	0.8735855301321763	1.3333333333333333
split_rescue_p0.02_sx650_ani0.95_af0.5_b0.2_d5_top1	0,1,2	0.8238175240378719	0.8223684210526317	250	62	46	53.59921375274312	0.8735855301321763	1.3333333333333333
split_rescue_p0.02_sx650_ani0.95_af0.5_b0.2_d5_top2	0,1,2	0.8238175240378719	0.8223684210526317	250	62	46	53.59921375274312	0.8735855301321763	1.3333333333333333
split_rescue_p0.02_sx650_ani0.95_af0.5_b0.3_d1_top0	0,1,2	0.8238175240378719	0.8223684210526317	250	62	46	53.59921375274312	0.8735855301321763	1.3333333333333333
split_rescue_p0.02_sx650_ani0.95_af0.5_b0.3_d1_top1	0,1,2	0.8238175240378719	0.8223684210526317	250	62	46	53.59921375274312	0.8735855301321763	1.3333333333333333
split_rescue_p0.02_sx650_ani0.95_af0.5_b0.3_d1_top2	0,1,2	0.8238175240378719	0.8223684210526317	250	62	46	53.59921375274312	0.8735855301321763	1.3333333333333333
split_rescue_p0.02_sx650_ani0.95_af0.5_b0.3_d2_top0	0,1,2	0.8238175240378719	0.8223684210526317	250	62	46	53.59921375274312	0.8735855301321763	1.3333333333333333
split_rescue_p0.02_sx650_ani0.95_af0.5_b0.3_d2_top1	0,1,2	0.8238175240378719	0.8223684210526317	250	62	46	53.59921375274312	0.8735855301321763	1.3333333333333333
split_rescue_p0.02_sx650_ani0.95_af0.5_b0.3_d2_top2	0,1,2	0.8238175240378719	0.8223684210526317	250	62	46	53.59921375274312	0.8735855301321763	1.3333333333333333
split_rescue_p0.02_sx650_ani0.95_af0.5_b0.3_d5_top0	0,1,2	0.8238175240378719	0.8223684210526317	250	62	46	53.59921375274312	0.8735855301321763	1.3333333333333333
split_rescue_p0.02_sx650_ani0.95_af0.5_b0.3_d5_top1	0,1,2	0.8238175240378719	0.8223684210526317	250	62	46	53.59921375274312	0.8735855301321763	1.3333333333333333
split_rescue_p0.02_sx650_ani0.95_af0.5_b0.3_d5_top2	0,1,2	0.8238175240378719	0.8223684210526317	250	62	46	53.59921375274312	0.8735855301321763	1.3333333333333333
split_rescue_p0_sx650_ani0.93_af0.3_b0.3_d1_top0	0,1,2	0.8238175240378719	0.8223684210526317	250	62	46	53.59921375274312	0.8735855301321763	1.3333333333333333
split_rescue_p0_sx650_ani0.93_af0.3_b0.3_d1_top1	0,1,2	0.8238175240378719	0.8223684210526317	250	62	46	53.59921375274312	0.8735855301321763	1.3333333333333333
split_rescue_p0_sx650_ani0.93_af0.3_b0.3_d1_top2	0,1,2	0.8238175240378719	0.8223684210526317	250	62	46	53.59921375274312	0.8735855301321763	1.3333333333333333
split_rescue_p0_sx650_ani0.93_af0.3_b0.3_d2_top0	0,1,2	0.8238175240378719	0.8223684210526317	250	62	46	53.59921375274312	0.8735855301321763	1.3333333333333333
split_rescue_p0_sx650_ani0.93_af0.3_b0.3_d2_top1	0,1,2	0.8238175240378719	0.8223684210526317	250	62	46	53.59921375274312	0.8735855301321763	1.3333333333333333
split_rescue_p0_sx650_ani0.93_af0.3_b0.3_d2_top2	0,1,2	0.8238175240378719	0.8223684210526317	250	62	46	53.59921375274312	0.8735855301321763	1.3333333333333333
split_rescue_p0_sx650_ani0.93_af0.3_b0.3_d5_top0	0,1,2	0.8238175240378719	0.8223684210526317	250	62	46	53.59921375274312	0.8735855301321763	1.3333333333333333
split_rescue_p0_sx650_ani0.93_af0.3_b0.3_d5_top1	0,1,2	0.8238175240378719	0.8223684210526317	250	62	46	53.59921375274312	0.8735855301321763	1.3333333333333333
split_rescue_p0_sx650_ani0.93_af0.3_b0.3_d5_top2	0,1,2	0.8238175240378719	0.8223684210526317	250	62	46	53.59921375274312	0.8735855301321763	1.3333333333333333
split_rescue_p0_sx650_ani0.93_af0.5_b0.3_d1_top0	0,1,2	0.8238175240378719	0.8223684210526317	250	62	46	53.59921375274312	0.8735855301321763	1.3333333333333333
split_rescue_p0_sx650_ani0.93_af0.5_b0.3_d1_top1	0,1,2	0.8238175240378719	0.8223684210526317	250	62	46	53.59921375274312	0.8735855301321763	1.3333333333333333
split_rescue_p0_sx650_ani0.93_af0.5_b0.3_d1_top2	0,1,2	0.8238175240378719	0.8223684210526317	250	62	46	53.59921375274312	0.8735855301321763	1.3333333333333333
split_rescue_p0_sx650_ani0.93_af0.5_b0.3_d2_top0	0,1,2	0.8238175240378719	0.8223684210526317	250	62	46	53.59921375274312	0.8735855301321763	1.3333333333333333
split_rescue_p0_sx650_ani0.93_af0.5_b0.3_d2_top1	0,1,2	0.8238175240378719	0.8223684210526317	250	62	46	53.59921375274312	0.8735855301321763	1.3333333333333333
split_rescue_p0_sx650_ani0.93_af0.5_b0.3_d2_top2	0,1,2	0.8238175240378719	0.8223684210526317	250	62	46	53.59921375274312	0.8735855301321763	1.3333333333333333
split_rescue_p0_sx650_ani0.93_af0.5_b0.3_d5_top0	0,1,2	0.8238175240378719	0.8223684210526317	250	62	46	53.59921375274312	0.8735855301321763	1.3333333333333333
split_rescue_p0_sx650_ani0.93_af0.5_b0.3_d5_top1	0,1,2	0.8238175240378719	0.8223684210526317	250	62	46	53.59921375274312	0.8735855301321763	1.3333333333333333
split_rescue_p0_sx650_ani0.93_af0.5_b0.3_d5_top2	0,1,2	0.8238175240378719	0.8223684210526317	250	62	46	53.59921375274312	0.8735855301321763	1.3333333333333333
split_rescue_p0_sx650_ani0.95_af0.3_b0.2_d1_top0	0,1,2	0.8238175240378719	0.8223684210526317	250	62	46	53.59921375274312	0.8735855301321763	1.3333333333333333
split_rescue_p0_sx650_ani0.95_af0.3_b0.2_d1_top1	0,1,2	0.8238175240378719	0.8223684210526317	250	62	46	53.59921375274312	0.8735855301321763	1.3333333333333333
split_rescue_p0_sx650_ani0.95_af0.3_b0.2_d1_top2	0,1,2	0.8238175240378719	0.8223684210526317	250	62	46	53.59921375274312	0.8735855301321763	1.3333333333333333
split_rescue_p0_sx650_ani0.95_af0.3_b0.2_d2_top0	0,1,2	0.8238175240378719	0.8223684210526317	250	62	46	53.59921375274312	0.8735855301321763	1.3333333333333333
split_rescue_p0_sx650_ani0.95_af0.3_b0.2_d2_top1	0,1,2	0.8238175240378719	0.8223684210526317	250	62	46	53.59921375274312	0.8735855301321763	1.3333333333333333
split_rescue_p0_sx650_ani0.95_af0.3_b0.2_d2_top2	0,1,2	0.8238175240378719	0.8223684210526317	250	62	46	53.59921375274312	0.8735855301321763	1.3333333333333333
split_rescue_p0_sx650_ani0.95_af0.3_b0.2_d5_top0	0,1,2	0.8238175240378719	0.8223684210526317	250	62	46	53.59921375274312	0.8735855301321763	1.3333333333333333
split_rescue_p0_sx650_ani0.95_af0.3_b0.2_d5_top1	0,1,2	0.8238175240378719	0.8223684210526317	250	62	46	53.59921375274312	0.8735855301321763	1.3333333333333333
split_rescue_p0_sx650_ani0.95_af0.3_b0.2_d5_top2	0,1,2	0.8238175240378719	0.8223684210526317	250	62	46	53.59921375274312	0.8735855301321763	1.3333333333333333
split_rescue_p0_sx650_ani0.95_af0.3_b0.3_d1_top0	0,1,2	0.8238175240378719	0.8223684210526317	250	62	46	53.59921375274312	0.8735855301321763	1.3333333333333333
split_rescue_p0_sx650_ani0.95_af0.3_b0.3_d1_top1	0,1,2	0.8238175240378719	0.8223684210526317	250	62	46	53.59921375274312	0.8735855301321763	1.3333333333333333
split_rescue_p0_sx650_ani0.95_af0.3_b0.3_d1_top2	0,1,2	0.8238175240378719	0.8223684210526317	250	62	46	53.59921375274312	0.8735855301321763	1.3333333333333333
split_rescue_p0_sx650_ani0.95_af0.3_b0.3_d2_top0	0,1,2	0.8238175240378719	0.8223684210526317	250	62	46	53.59921375274312	0.8735855301321763	1.3333333333333333
split_rescue_p0_sx650_ani0.95_af0.3_b0.3_d2_top1	0,1,2	0.8238175240378719	0.8223684210526317	250	62	46	53.59921375274312	0.8735855301321763	1.3333333333333333
split_rescue_p0_sx650_ani0.95_af0.3_b0.3_d2_top2	0,1,2	0.8238175240378719	0.8223684210526317	250	62	46	53.59921375274312	0.8735855301321763	1.3333333333333333
split_rescue_p0_sx650_ani0.95_af0.3_b0.3_d5_top0	0,1,2	0.8238175240378719	0.8223684210526317	250	62	46	53.59921375274312	0.8735855301321763	1.3333333333333333
split_rescue_p0_sx650_ani0.95_af0.3_b0.3_d5_top1	0,1,2	0.8238175240378719	0.8223684210526317	250	62	46	53.59921375274312	0.8735855301321763	1.3333333333333333
split_rescue_p0_sx650_ani0.95_af0.3_b0.3_d5_top2	0,1,2	0.8238175240378719	0.8223684210526317	250	62	46	53.59921375274312	0.8735855301321763	1.3333333333333333
split_rescue_p0_sx650_ani0.95_af0.5_b0.2_d1_top0	0,1,2	0.8238175240378719	0.8223684210526317	250	62	46	53.59921375274312	0.8735855301321763	1.3333333333333333
split_rescue_p0_sx650_ani0.95_af0.5_b0.2_d1_top1	0,1,2	0.8238175240378719	0.8223684210526317	250	62	46	53.59921375274312	0.8735855301321763	1.3333333333333333
split_rescue_p0_sx650_ani0.95_af0.5_b0.2_d1_top2	0,1,2	0.8238175240378719	0.8223684210526317	250	62	46	53.59921375274312	0.8735855301321763	1.3333333333333333
split_rescue_p0_sx650_ani0.95_af0.5_b0.2_d2_top0	0,1,2	0.8238175240378719	0.8223684210526317	250	62	46	53.59921375274312	0.8735855301321763	1.3333333333333333
split_rescue_p0_sx650_ani0.95_af0.5_b0.2_d2_top1	0,1,2	0.8238175240378719	0.8223684210526317	250	62	46	53.59921375274312	0.8735855301321763	1.3333333333333333
split_rescue_p0_sx650_ani0.95_af0.5_b0.2_d2_top2	0,1,2	0.8238175240378719	0.8223684210526317	250	62	46	53.59921375274312	0.8735855301321763	1.3333333333333333
split_rescue_p0_sx650_ani0.95_af0.5_b0.2_d5_top0	0,1,2	0.8238175240378719	0.8223684210526317	250	62	46	53.59921375274312	0.8735855301321763	1.3333333333333333
split_rescue_p0_sx650_ani0.95_af0.5_b0.2_d5_top1	0,1,2	0.8238175240378719	0.8223684210526317	250	62	46	53.59921375274312	0.8735855301321763	1.3333333333333333
split_rescue_p0_sx650_ani0.95_af0.5_b0.2_d5_top2	0,1,2	0.8238175240378719	0.8223684210526317	250	62	46	53.59921375274312	0.8735855301321763	1.3333333333333333
split_rescue_p0_sx650_ani0.95_af0.5_b0.3_d1_top0	0,1,2	0.8238175240378719	0.8223684210526317	250	62	46	53.59921375274312	0.8735855301321763	1.3333333333333333
split_rescue_p0_sx650_ani0.95_af0.5_b0.3_d1_top1	0,1,2	0.8238175240378719	0.8223684210526317	250	62	46	53.59921375274312	0.8735855301321763	1.3333333333333333
split_rescue_p0_sx650_ani0.95_af0.5_b0.3_d1_top2	0,1,2	0.8238175240378719	0.8223684210526317	250	62	46	53.59921375274312	0.8735855301321763	1.3333333333333333
split_rescue_p0_sx650_ani0.95_af0.5_b0.3_d2_top0	0,1,2	0.8238175240378719	0.8223684210526317	250	62	46	53.59921375274312	0.8735855301321763	1.3333333333333333
split_rescue_p0_sx650_ani0.95_af0.5_b0.3_d2_top1	0,1,2	0.8238175240378719	0.8223684210526317	250	62	46	53.59921375274312	0.8735855301321763	1.3333333333333333
split_rescue_p0_sx650_ani0.95_af0.5_b0.3_d2_top2	0,1,2	0.8238175240378719	0.8223684210526317	250	62	46	53.59921375274312	0.8735855301321763	1.3333333333333333
split_rescue_p0_sx650_ani0.95_af0.5_b0.3_d5_top0	0,1,2	0.8238175240378719	0.8223684210526317	250	62	46	53.59921375274312	0.8735855301321763	1.3333333333333333
split_rescue_p0_sx650_ani0.95_af0.5_b0.3_d5_top1	0,1,2	0.8238175240378719	0.8223684210526317	250	62	46	53.59921375274312	0.8735855301321763	1.3333333333333333
split_rescue_p0_sx650_ani0.95_af0.5_b0.3_d5_top2	0,1,2	0.8238175240378719	0.8223684210526317	250	62	46	53.59921375274312	0.8735855301321763	1.3333333333333333
split_rescue_p0_sx300_ani0.95_af0.5_b0.2_d1_top0	0,1,2	0.8236205395279822	0.8221859706362155	252	65	44	48.189831932982806	0.9069426281271872	3.0
split_rescue_p0_sx300_ani0.95_af0.5_b0.2_d1_top2	0,1,2	0.8236205395279822	0.8221859706362155	252	65	44	48.189831932982806	0.9069426281271872	3.0
split_rescue_p0_sx300_ani0.95_af0.5_b0.2_d2_top0	0,1,2	0.8236205395279822	0.8221859706362155	252	65	44	48.189831932982806	0.9069426281271872	3.0
split_rescue_p0_sx300_ani0.95_af0.5_b0.2_d2_top2	0,1,2	0.8236205395279822	0.8221859706362155	252	65	44	48.189831932982806	0.9069426281271872	3.0
split_rescue_p0_sx300_ani0.95_af0.5_b0.2_d5_top0	0,1,2	0.8236205395279822	0.8221859706362155	252	65	44	48.189831932982806	0.9069426281271872	3.0
split_rescue_p0_sx300_ani0.95_af0.5_b0.2_d5_top2	0,1,2	0.8236205395279822	0.8221859706362155	252	65	44	48.189831932982806	0.9069426281271872	3.0
split_rescue_p0_sx500_ani0.95_af0.3_b0.2_d1_top0	0,1,2	0.8236205395279822	0.8221859706362155	252	65	44	48.189831932982806	0.9069426281271872	3.0
split_rescue_p0_sx500_ani0.95_af0.3_b0.2_d1_top2	0,1,2	0.8236205395279822	0.8221859706362155	252	65	44	48.189831932982806	0.9069426281271872	3.0
split_rescue_p0_sx500_ani0.95_af0.3_b0.2_d2_top0	0,1,2	0.8236205395279822	0.8221859706362155	252	65	44	48.189831932982806	0.9069426281271872	3.0
split_rescue_p0_sx500_ani0.95_af0.3_b0.2_d2_top2	0,1,2	0.8236205395279822	0.8221859706362155	252	65	44	48.189831932982806	0.9069426281271872	3.0
split_rescue_p0_sx500_ani0.95_af0.3_b0.2_d5_top0	0,1,2	0.8236205395279822	0.8221859706362155	252	65	44	48.189831932982806	0.9069426281271872	3.0
split_rescue_p0_sx500_ani0.95_af0.3_b0.2_d5_top2	0,1,2	0.8236205395279822	0.8221859706362155	252	65	44	48.189831932982806	0.9069426281271872	3.0
split_rescue_p0_sx500_ani0.95_af0.5_b0.2_d1_top0	0,1,2	0.8236205395279822	0.8221859706362155	252	65	44	48.189831932982806	0.9069426281271872	3.0
split_rescue_p0_sx500_ani0.95_af0.5_b0.2_d1_top2	0,1,2	0.8236205395279822	0.8221859706362155	252	65	44	48.189831932982806	0.9069426281271872	3.0
split_rescue_p0_sx500_ani0.95_af0.5_b0.2_d2_top0	0,1,2	0.8236205395279822	0.8221859706362155	252	65	44	48.189831932982806	0.9069426281271872	3.0
split_rescue_p0_sx500_ani0.95_af0.5_b0.2_d2_top2	0,1,2	0.8236205395279822	0.8221859706362155	252	65	44	48.189831932982806	0.9069426281271872	3.0
split_rescue_p0_sx500_ani0.95_af0.5_b0.2_d5_top0	0,1,2	0.8236205395279822	0.8221859706362155	252	65	44	48.189831932982806	0.9069426281271872	3.0
split_rescue_p0_sx500_ani0.95_af0.5_b0.2_d5_top2	0,1,2	0.8236205395279822	0.8221859706362155	252	65	44	48.189831932982806	0.9069426281271872	3.0
split_rescue_p0_sx300_ani0.95_af0.3_b0.2_d1_top1	0,1,2	0.8234147370135007	0.8220064724919094	254	68	42	50.250607896333314	0.8978120706829841	4.666666666666667
split_rescue_p0.02_sx300_ani0.95_af0.3_b0.2_d2_top0	0,1,2	0.8233361739431427	0.8221859706362155	252	65	44	47.395405779030646	0.9082475855572967	3.0
split_rescue_p0.02_sx300_ani0.95_af0.3_b0.2_d2_top2	0,1,2	0.8233361739431427	0.8221859706362155	252	65	44	47.395405779030646	0.9082475855572967	3.0
split_rescue_p0.02_sx300_ani0.95_af0.3_b0.2_d5_top0	0,1,2	0.8233361739431427	0.8221859706362155	252	65	44	47.395405779030646	0.9082475855572967	3.0
split_rescue_p0.02_sx300_ani0.95_af0.3_b0.2_d5_top2	0,1,2	0.8233361739431427	0.8221859706362155	252	65	44	47.395405779030646	0.9082475855572967	3.0
split_rescue_p0.05_sx300_ani0.95_af0.3_b0.2_d1_top0	0,1,2	0.8233361739431427	0.8221859706362155	252	65	44	49.45636771192198	0.8841114625979927	3.0
split_rescue_p0.05_sx300_ani0.95_af0.3_b0.2_d1_top2	0,1,2	0.8233361739431427	0.8221859706362155	252	65	44	49.45636771192198	0.8841114625979927	3.0
split_rescue_p0_sx300_ani0.93_af0.5_b0.2_d10_top0	0,1,2	0.8230534556807557	0.8216039279869067	251	64	45	48.6530913424942	0.9109997464561882	2.3333333333333335
split_rescue_p0_sx300_ani0.93_af0.5_b0.2_d10_top2	0,1,2	0.8230534556807557	0.8216039279869067	251	64	45	48.6530913424942	0.9109997464561882	2.3333333333333335
split_rescue_p0_sx500_ani0.93_af0.3_b0.2_d10_top0	0,1,2	0.8230534556807557	0.8216039279869067	251	64	45	48.6530913424942	0.9109997464561882	2.3333333333333335
split_rescue_p0_sx500_ani0.93_af0.3_b0.2_d10_top2	0,1,2	0.8230534556807557	0.8216039279869067	251	64	45	48.6530913424942	0.9109997464561882	2.3333333333333335
split_rescue_p0_sx500_ani0.93_af0.5_b0.2_d10_top0	0,1,2	0.8230534556807557	0.8216039279869067	251	64	45	48.6530913424942	0.9109997464561882	2.3333333333333335
split_rescue_p0_sx500_ani0.93_af0.5_b0.2_d10_top2	0,1,2	0.8230534556807557	0.8216039279869067	251	64	45	48.6530913424942	0.9109997464561882	2.3333333333333335
split_rescue_p0.02_sx300_ani0.93_af0.3_b0.2_d10_top2	0,1,2	0.8230534556807557	0.8216039279869067	251	64	45	49.50575676270003	0.9072951625632464	2.3333333333333335
split_rescue_p0.1_sx300_ani0.93_af0.3_b0.2_d2_top2	0,1,2	0.8230534556807557	0.8216039279869067	251	64	45	49.95779161224751	0.8871181582233145	2.3333333333333335
split_rescue_p0.1_sx300_ani0.93_af0.3_b0.2_d5_top2	0,1,2	0.8230534556807557	0.8216039279869067	251	64	45	49.95779161224751	0.8871181582233145	2.3333333333333335
split_rescue_p0_sx300_ani0.93_af0.3_b0.2_d1_top2	0,1,2	0.8230195303928022	0.8218298555377208	256	71	40	50.89077511466697	0.8999941609924518	6.333333333333333
split_rescue_p0.02_sx300_ani0.93_af0.3_b0.2_d5_top0	0,1,2	0.8228767800559526	0.8214285714285715	253	67	43	49.61062587977056	0.9073839696956324	4.0
split_rescue_p0.05_sx300_ani0.93_af0.3_b0.2_d1_top0	0,1,2	0.8228767800559526	0.8214285714285715	253	67	43	51.67158781266189	0.8832478467363284	4.0
split_rescue_p0.05_sx300_ani0.93_af0.5_b0.2_d1_top0	0,1,2	0.8228557394841812	0.8216039279869067	251	64	45	48.548599598481665	0.8912598491808342	2.3333333333333335
split_rescue_p0.05_sx300_ani0.93_af0.5_b0.2_d1_top2	0,1,2	0.8228557394841812	0.8216039279869067	251	64	45	48.548599598481665	0.8912598491808342	2.3333333333333335
split_rescue_p0.05_sx300_ani0.93_af0.5_b0.2_d2_top0	0,1,2	0.8228557394841812	0.8216039279869067	251	64	45	48.548599598481665	0.8912598491808342	2.3333333333333335
split_rescue_p0.05_sx300_ani0.93_af0.5_b0.2_d2_top2	0,1,2	0.8228557394841812	0.8216039279869067	251	64	45	48.548599598481665	0.8912598491808342	2.3333333333333335
split_rescue_p0.05_sx300_ani0.93_af0.5_b0.2_d5_top0	0,1,2	0.8228557394841812	0.8216039279869067	251	64	45	48.548599598481665	0.8912598491808342	2.3333333333333335
split_rescue_p0.05_sx300_ani0.93_af0.5_b0.2_d5_top2	0,1,2	0.8228557394841812	0.8216039279869067	251	64	45	48.548599598481665	0.8912598491808342	2.3333333333333335
split_rescue_p0.05_sx500_ani0.93_af0.3_b0.2_d1_top0	0,1,2	0.8228557394841812	0.8216039279869067	251	64	45	48.548599598481665	0.8912598491808342	2.3333333333333335
split_rescue_p0.05_sx500_ani0.93_af0.3_b0.2_d1_top2	0,1,2	0.8228557394841812	0.8216039279869067	251	64	45	48.548599598481665	0.8912598491808342	2.3333333333333335
split_rescue_p0.05_sx500_ani0.93_af0.3_b0.2_d2_top0	0,1,2	0.8228557394841812	0.8216039279869067	251	64	45	48.548599598481665	0.8912598491808342	2.3333333333333335
split_rescue_p0.05_sx500_ani0.93_af0.3_b0.2_d2_top2	0,1,2	0.8228557394841812	0.8216039279869067	251	64	45	48.548599598481665	0.8912598491808342	2.3333333333333335
split_rescue_p0.05_sx500_ani0.93_af0.3_b0.2_d5_top0	0,1,2	0.8228557394841812	0.8216039279869067	251	64	45	48.548599598481665	0.8912598491808342	2.3333333333333335
split_rescue_p0.05_sx500_ani0.93_af0.3_b0.2_d5_top2	0,1,2	0.8228557394841812	0.8216039279869067	251	64	45	48.548599598481665	0.8912598491808342	2.3333333333333335
split_rescue_p0.05_sx500_ani0.93_af0.5_b0.2_d1_top0	0,1,2	0.8228557394841812	0.8216039279869067	251	64	45	48.548599598481665	0.8912598491808342	2.3333333333333335
split_rescue_p0.05_sx500_ani0.93_af0.5_b0.2_d1_top2	0,1,2	0.8228557394841812	0.8216039279869067	251	64	45	48.548599598481665	0.8912598491808342	2.3333333333333335
split_rescue_p0.05_sx500_ani0.93_af0.5_b0.2_d2_top0	0,1,2	0.8228557394841812	0.8216039279869067	251	64	45	48.548599598481665	0.8912598491808342	2.3333333333333335
split_rescue_p0.05_sx500_ani0.93_af0.5_b0.2_d2_top2	0,1,2	0.8228557394841812	0.8216039279869067	251	64	45	48.548599598481665	0.8912598491808342	2.3333333333333335
split_rescue_p0.05_sx500_ani0.93_af0.5_b0.2_d5_top0	0,1,2	0.8228557394841812	0.8216039279869067	251	64	45	48.548599598481665	0.8912598491808342	2.3333333333333335
split_rescue_p0.05_sx500_ani0.93_af0.5_b0.2_d5_top2	0,1,2	0.8228557394841812	0.8216039279869067	251	64	45	48.548599598481665	0.8912598491808342	2.3333333333333335
split_rescue_p0.1_sx300_ani0.93_af0.3_b0.2_d10_top2	0,1,2	0.8226735138499844	0.8210180623973728	250	63	46	50.94423631437221	0.8853587774731456	1.6666666666666667
split_rescue_p0_sx300_ani0.95_af0.5_b0.2_d10_top1	0,1,2	0.8226293765337062	0.8210180623973728	250	63	46	49.27163841351065	0.9048805440834019	1.6666666666666667
split_rescue_p0_sx500_ani0.95_af0.3_b0.2_d10_top1	0,1,2	0.8226293765337062	0.8210180623973728	250	63	46	49.27163841351065	0.9048805440834019	1.6666666666666667
split_rescue_p0_sx500_ani0.95_af0.5_b0.2_d10_top1	0,1,2	0.8226293765337062	0.8210180623973728	250	63	46	49.27163841351065	0.9048805440834019	1.6666666666666667
split_rescue_p0.02_sx300_ani0.93_af0.3_b0.3_d10_top0	0,1,2	0.8226293765337062	0.8210180623973728	250	63	46	50.12507670254008	0.9011823760041732	1.6666666666666667
split_rescue_p0.02_sx300_ani0.93_af0.3_b0.3_d10_top1	0,1,2	0.8226293765337062	0.8210180623973728	250	63	46	50.12507670254008	0.9011823760041732	1.6666666666666667
split_rescue_p0.02_sx300_ani0.93_af0.3_b0.3_d10_top2	0,1,2	0.8226293765337062	0.8210180623973728	250	63	46	50.12507670254008	0.9011823760041732	1.6666666666666667
split_rescue_p0_sx300_ani0.93_af0.3_b0.3_d10_top0	0,1,2	0.8226293765337062	0.8210180623973728	250	63	46	50.12507670254008	0.9011823760041732	1.6666666666666667
split_rescue_p0_sx300_ani0.93_af0.3_b0.3_d10_top1	0,1,2	0.8226293765337062	0.8210180623973728	250	63	46	50.12507670254008	0.9011823760041732	1.6666666666666667
split_rescue_p0_sx300_ani0.93_af0.3_b0.3_d10_top2	0,1,2	0.8226293765337062	0.8210180623973728	250	63	46	50.12507670254008	0.9011823760041732	1.6666666666666667
split_rescue_p0.05_sx300_ani0.93_af0.3_b0.3_d2_top0	0,1,2	0.8226293765337062	0.8210180623973728	250	63	46	50.80007990996771	0.8803622666416727	1.6666666666666667
split_rescue_p0.05_sx300_ani0.93_af0.3_b0.3_d2_top1	0,1,2	0.8226293765337062	0.8210180623973728	250	63	46	50.80007990996771	0.8803622666416727	1.6666666666666667
split_rescue_p0.05_sx300_ani0.93_af0.3_b0.3_d2_top2	0,1,2	0.8226293765337062	0.8210180623973728	250	63	46	50.80007990996771	0.8803622666416727	1.6666666666666667
split_rescue_p0.05_sx300_ani0.93_af0.3_b0.3_d5_top0	0,1,2	0.8226293765337062	0.8210180623973728	250	63	46	50.80007990996771	0.8803622666416727	1.6666666666666667
split_rescue_p0.05_sx300_ani0.93_af0.3_b0.3_d5_top1	0,1,2	0.8226293765337062	0.8210180623973728	250	63	46	50.80007990996771	0.8803622666416727	1.6666666666666667
split_rescue_p0.05_sx300_ani0.93_af0.3_b0.3_d5_top2	0,1,2	0.8226293765337062	0.8210180623973728	250	63	46	50.80007990996771	0.8803622666416727	1.6666666666666667
split_rescue_p0.1_sx300_ani0.93_af0.3_b0.3_d2_top0	0,1,2	0.8226293765337062	0.8210180623973728	250	63	46	50.80007990996771	0.8803622666416727	1.6666666666666667
split_rescue_p0.1_sx300_ani0.93_af0.3_b0.3_d2_top1	0,1,2	0.8226293765337062	0.8210180623973728	250	63	46	50.80007990996771	0.8803622666416727	1.6666666666666667
split_rescue_p0.1_sx300_ani0.93_af0.3_b0.3_d2_top2	0,1,2	0.8226293765337062	0.8210180623973728	250	63	46	50.80007990996771	0.8803622666416727	1.6666666666666667
split_rescue_p0.1_sx300_ani0.93_af0.3_b0.3_d5_top0	0,1,2	0.8226293765337062	0.8210180623973728	250	63	46	50.80007990996771	0.8803622666416727	1.6666666666666667
split_rescue_p0.1_sx300_ani0.93_af0.3_b0.3_d5_top1	0,1,2	0.8226293765337062	0.8210180623973728	250	63	46	50.80007990996771	0.8803622666416727	1.6666666666666667
split_rescue_p0.1_sx300_ani0.93_af0.3_b0.3_d5_top2	0,1,2	0.8226293765337062	0.8210180623973728	250	63	46	50.80007990996771	0.8803622666416727	1.6666666666666667
split_rescue_p0.2_sx300_ani0.93_af0.3_b0.2_d2_top0	0,1,2	0.8226293765337062	0.8210180623973728	250	63	46	50.80007990996771	0.8803622666416727	1.6666666666666667
split_rescue_p0.2_sx300_ani0.93_af0.3_b0.2_d2_top1	0,1,2	0.8226293765337062	0.8210180623973728	250	63	46	50.80007990996771	0.8803622666416727	1.6666666666666667
split_rescue_p0.2_sx300_ani0.93_af0.3_b0.2_d2_top2	0,1,2	0.8226293765337062	0.8210180623973728	250	63	46	50.80007990996771	0.8803622666416727	1.6666666666666667
split_rescue_p0.2_sx300_ani0.93_af0.3_b0.2_d5_top0	0,1,2	0.8226293765337062	0.8210180623973728	250	63	46	50.80007990996771	0.8803622666416727	1.6666666666666667
split_rescue_p0.2_sx300_ani0.93_af0.3_b0.2_d5_top1	0,1,2	0.8226293765337062	0.8210180623973728	250	63	46	50.80007990996771	0.8803622666416727	1.6666666666666667
split_rescue_p0.2_sx300_ani0.93_af0.3_b0.2_d5_top2	0,1,2	0.8226293765337062	0.8210180623973728	250	63	46	50.80007990996771	0.8803622666416727	1.6666666666666667
split_rescue_p0.2_sx300_ani0.93_af0.3_b0.3_d2_top0	0,1,2	0.8226293765337062	0.8210180623973728	250	63	46	50.80007990996771	0.8803622666416727	1.6666666666666667
split_rescue_p0.2_sx300_ani0.93_af0.3_b0.3_d2_top1	0,1,2	0.8226293765337062	0.8210180623973728	250	63	46	50.80007990996771	0.8803622666416727	1.6666666666666667
split_rescue_p0.2_sx300_ani0.93_af0.3_b0.3_d2_top2	0,1,2	0.8226293765337062	0.8210180623973728	250	63	46	50.80007990996771	0.8803622666416727	1.6666666666666667
split_rescue_p0.2_sx300_ani0.93_af0.3_b0.3_d5_top0	0,1,2	0.8226293765337062	0.8210180623973728	250	63	46	50.80007990996771	0.8803622666416727	1.6666666666666667
split_rescue_p0.2_sx300_ani0.93_af0.3_b0.3_d5_top1	0,1,2	0.8226293765337062	0.8210180623973728	250	63	46	50.80007990996771	0.8803622666416727	1.6666666666666667
split_rescue_p0.2_sx300_ani0.93_af0.3_b0.3_d5_top2	0,1,2	0.8226293765337062	0.8210180623973728	250	63	46	50.80007990996771	0.8803622666416727	1.6666666666666667
split_rescue_p0.05_sx300_ani0.93_af0.5_b0.2_d10_top0	0,1,2	0.8223798209614324	0.8210180623973728	250	63	46	49.46177475520051	0.8896910119369542	1.6666666666666667
split_rescue_p0.05_sx300_ani0.93_af0.5_b0.2_d10_top2	0,1,2	0.8223798209614324	0.8210180623973728	250	63	46	49.46177475520051	0.8896910119369542	1.6666666666666667
split_rescue_p0.05_sx500_ani0.93_af0.3_b0.2_d10_top0	0,1,2	0.8223798209614324	0.8210180623973728	250	63	46	49.46177475520051	0.8896910119369542	1.6666666666666667
split_rescue_p0.05_sx500_ani0.93_af0.3_b0.2_d10_top2	0,1,2	0.8223798209614324	0.8210180623973728	250	63	46	49.46177475520051	0.8896910119369542	1.6666666666666667
split_rescue_p0.05_sx500_ani0.93_af0.5_b0.2_d10_top0	0,1,2	0.8223798209614324	0.8210180623973728	250	63	46	49.46177475520051	0.8896910119369542	1.6666666666666667
split_rescue_p0.05_sx500_ani0.93_af0.5_b0.2_d10_top2	0,1,2	0.8223798209614324	0.8210180623973728	250	63	46	49.46177475520051	0.8896910119369542	1.6666666666666667
split_rescue_p0.02_sx300_ani0.95_af0.3_b0.2_d10_top0	0,1,2	0.8223323295702215	0.8210180623973728	250	63	46	48.635685969425275	0.9055311924824552	1.6666666666666667
split_rescue_p0.02_sx300_ani0.95_af0.3_b0.2_d10_top2	0,1,2	0.8223323295702215	0.8210180623973728	250	63	46	48.635685969425275	0.9055311924824552	1.6666666666666667
split_rescue_p0.02_sx300_ani0.95_af0.5_b0.2_d10_top0	0,1,2	0.8223323295702215	0.8210180623973728	250	63	46	48.635685969425275	0.9055311924824552	1.6666666666666667
split_rescue_p0.02_sx300_ani0.95_af0.5_b0.2_d10_top2	0,1,2	0.8223323295702215	0.8210180623973728	250	63	46	48.635685969425275	0.9055311924824552	1.6666666666666667
split_rescue_p0.02_sx500_ani0.95_af0.3_b0.2_d10_top0	0,1,2	0.8223323295702215	0.8210180623973728	250	63	46	48.635685969425275	0.9055311924824552	1.6666666666666667
split_rescue_p0.02_sx500_ani0.95_af0.3_b0.2_d10_top2	0,1,2	0.8223323295702215	0.8210180623973728	250	63	46	48.635685969425275	0.9055311924824552	1.6666666666666667
split_rescue_p0.02_sx500_ani0.95_af0.5_b0.2_d10_top0	0,1,2	0.8223323295702215	0.8210180623973728	250	63	46	48.635685969425275	0.9055311924824552	1.6666666666666667
split_rescue_p0.02_sx500_ani0.95_af0.5_b0.2_d10_top2	0,1,2	0.8223323295702215	0.8210180623973728	250	63	46	48.635685969425275	0.9055311924824552	1.6666666666666667
split_rescue_p0.1_sx300_ani0.95_af0.3_b0.2_d2_top0	0,1,2	0.8223323295702215	0.8210180623973728	250	63	46	49.08772081897274	0.8853541881425233	1.6666666666666667
split_rescue_p0.1_sx300_ani0.95_af0.3_b0.2_d2_top2	0,1,2	0.8223323295702215	0.8210180623973728	250	63	46	49.08772081897274	0.8853541881425233	1.6666666666666667
split_rescue_p0.1_sx300_ani0.95_af0.3_b0.2_d5_top0	0,1,2	0.8223323295702215	0.8210180623973728	250	63	46	49.08772081897274	0.8853541881425233	1.6666666666666667
split_rescue_p0.1_sx300_ani0.95_af0.3_b0.2_d5_top2	0,1,2	0.8223323295702215	0.8210180623973728	250	63	46	49.08772081897274	0.8853541881425233	1.6666666666666667
split_rescue_p0.05_sx300_ani0.93_af0.5_b0.3_d10_top0	0,1,2	0.8219523877394502	0.8204283360790774	249	62	47	50.074165521097456	0.8835948073923544	1.0
split_rescue_p0.05_sx300_ani0.93_af0.5_b0.3_d10_top1	0,1,2	0.8219523877394502	0.8204283360790774	249	62	47	50.074165521097456	0.8835948073923544	1.0
split_rescue_p0.05_sx300_ani0.93_af0.5_b0.3_d10_top2	0,1,2	0.8219523877394502	0.8204283360790774	249	62	47	50.074165521097456	0.8835948073923544	1.0
split_rescue_p0.05_sx300_ani0.95_af0.3_b0.2_d10_top1	0,1,2	0.8219523877394502	0.8204283360790774	249	62	47	50.074165521097456	0.8835948073923544	1.0
split_rescue_p0.05_sx300_ani0.95_af0.3_b0.3_d10_top0	0,1,2	0.8219523877394502	0.8204283360790774	249	62	47	50.074165521097456	0.8835948073923544	1.0
split_rescue_p0.05_sx300_ani0.95_af0.3_b0.3_d10_top1	0,1,2	0.8219523877394502	0.8204283360790774	249	62	47	50.074165521097456	0.8835948073923544	1.0
split_rescue_p0.05_sx300_ani0.95_af0.3_b0.3_d10_top2	0,1,2	0.8219523877394502	0.8204283360790774	249	62	47	50.074165521097456	0.8835948073923544	1.0
split_rescue_p0.05_sx300_ani0.95_af0.5_b0.2_d10_top1	0,1,2	0.8219523877394502	0.8204283360790774	249	62	47	50.074165521097456	0.8835948073923544	1.0
split_rescue_p0.05_sx300_ani0.95_af0.5_b0.3_d10_top0	0,1,2	0.8219523877394502	0.8204283360790774	249	62	47	50.074165521097456	0.8835948073923544	1.0
split_rescue_p0.05_sx300_ani0.95_af0.5_b0.3_d10_top1	0,1,2	0.8219523877394502	0.8204283360790774	249	62	47	50.074165521097456	0.8835948073923544	1.0
split_rescue_p0.05_sx300_ani0.95_af0.5_b0.3_d10_top2	0,1,2	0.8219523877394502	0.8204283360790774	249	62	47	50.074165521097456	0.8835948073923544	1.0
split_rescue_p0.05_sx500_ani0.93_af0.3_b0.3_d10_top0	0,1,2	0.8219523877394502	0.8204283360790774	249	62	47	50.074165521097456	0.8835948073923544	1.0
split_rescue_p0.05_sx500_ani0.93_af0.3_b0.3_d10_top1	0,1,2	0.8219523877394502	0.8204283360790774	249	62	47	50.074165521097456	0.8835948073923544	1.0
split_rescue_p0.05_sx500_ani0.93_af0.3_b0.3_d10_top2	0,1,2	0.8219523877394502	0.8204283360790774	249	62	47	50.074165521097456	0.8835948073923544	1.0
split_rescue_p0.05_sx500_ani0.93_af0.5_b0.3_d10_top0	0,1,2	0.8219523877394502	0.8204283360790774	249	62	47	50.074165521097456	0.8835948073923544	1.0
split_rescue_p0.05_sx500_ani0.93_af0.5_b0.3_d10_top1	0,1,2	0.8219523877394502	0.8204283360790774	249	62	47	50.074165521097456	0.8835948073923544	1.0
split_rescue_p0.05_sx500_ani0.93_af0.5_b0.3_d10_top2	0,1,2	0.8219523877394502	0.8204283360790774	249	62	47	50.074165521097456	0.8835948073923544	1.0
split_rescue_p0.05_sx500_ani0.95_af0.3_b0.2_d10_top1	0,1,2	0.8219523877394502	0.8204283360790774	249	62	47	50.074165521097456	0.8835948073923544	1.0
split_rescue_p0.05_sx500_ani0.95_af0.3_b0.3_d10_top0	0,1,2	0.8219523877394502	0.8204283360790774	249	62	47	50.074165521097456	0.8835948073923544	1.0
split_rescue_p0.05_sx500_ani0.95_af0.3_b0.3_d10_top1	0,1,2	0.8219523877394502	0.8204283360790774	249	62	47	50.074165521097456	0.8835948073923544	1.0
split_rescue_p0.05_sx500_ani0.95_af0.3_b0.3_d10_top2	0,1,2	0.8219523877394502	0.8204283360790774	249	62	47	50.074165521097456	0.8835948073923544	1.0
split_rescue_p0.05_sx500_ani0.95_af0.5_b0.2_d10_top1	0,1,2	0.8219523877394502	0.8204283360790774	249	62	47	50.074165521097456	0.8835948073923544	1.0
split_rescue_p0.05_sx500_ani0.95_af0.5_b0.3_d10_top0	0,1,2	0.8219523877394502	0.8204283360790774	249	62	47	50.074165521097456	0.8835948073923544	1.0
split_rescue_p0.05_sx500_ani0.95_af0.5_b0.3_d10_top1	0,1,2	0.8219523877394502	0.8204283360790774	249	62	47	50.074165521097456	0.8835948073923544	1.0
split_rescue_p0.05_sx500_ani0.95_af0.5_b0.3_d10_top2	0,1,2	0.8219523877394502	0.8204283360790774	249	62	47	50.074165521097456	0.8835948073923544	1.0
split_rescue_p0.1_sx300_ani0.93_af0.5_b0.3_d10_top0	0,1,2	0.8219523877394502	0.8204283360790774	249	62	47	50.074165521097456	0.8835948073923544	1.0
split_rescue_p0.1_sx300_ani0.93_af0.5_b0.3_d10_top1	0,1,2	0.8219523877394502	0.8204283360790774	249	62	47	50.074165521097456	0.8835948073923544	1.0
split_rescue_p0.1_sx300_ani0.93_af0.5_b0.3_d10_top2	0,1,2	0.8219523877394502	0.8204283360790774	249	62	47	50.074165521097456	0.8835948073923544	1.0
split_rescue_p0.1_sx300_ani0.95_af0.3_b0.2_d10_top0	0,1,2	0.8219523877394502	0.8204283360790774	249	62	47	50.074165521097456	0.8835948073923544	1.0
split_rescue_p0.1_sx300_ani0.95_af0.3_b0.2_d10_top1	0,1,2	0.8219523877394502	0.8204283360790774	249	62	47	50.074165521097456	0.8835948073923544	1.0
split_rescue_p0.1_sx300_ani0.95_af0.3_b0.2_d10_top2	0,1,2	0.8219523877394502	0.8204283360790774	249	62	47	50.074165521097456	0.8835948073923544	1.0
split_rescue_p0.1_sx300_ani0.95_af0.3_b0.3_d10_top0	0,1,2	0.8219523877394502	0.8204283360790774	249	62	47	50.074165521097456	0.8835948073923544	1.0
split_rescue_p0.1_sx300_ani0.95_af0.3_b0.3_d10_top1	0,1,2	0.8219523877394502	0.8204283360790774	249	62	47	50.074165521097456	0.8835948073923544	1.0
split_rescue_p0.1_sx300_ani0.95_af0.3_b0.3_d10_top2	0,1,2	0.8219523877394502	0.8204283360790774	249	62	47	50.074165521097456	0.8835948073923544	1.0
split_rescue_p0.1_sx300_ani0.95_af0.5_b0.2_d10_top0	0,1,2	0.8219523877394502	0.8204283360790774	249	62	47	50.074165521097456	0.8835948073923544	1.0
split_rescue_p0.1_sx300_ani0.95_af0.5_b0.2_d10_top1	0,1,2	0.8219523877394502	0.8204283360790774	249	62	47	50.074165521097456	0.8835948073923544	1.0
split_rescue_p0.1_sx300_ani0.95_af0.5_b0.2_d10_top2	0,1,2	0.8219523877394502	0.8204283360790774	249	62	47	50.074165521097456	0.8835948073923544	1.0
split_rescue_p0.1_sx300_ani0.95_af0.5_b0.3_d10_top0	0,1,2	0.8219523877394502	0.8204283360790774	249	62	47	50.074165521097456	0.8835948073923544	1.0
split_rescue_p0.1_sx300_ani0.95_af0.5_b0.3_d10_top1	0,1,2	0.8219523877394502	0.8204283360790774	249	62	47	50.074165521097456	0.8835948073923544	1.0
split_rescue_p0.1_sx300_ani0.95_af0.5_b0.3_d10_top2	0,1,2	0.8219523877394502	0.8204283360790774	249	62	47	50.074165521097456	0.8835948073923544	1.0
split_rescue_p0.1_sx500_ani0.93_af0.3_b0.3_d10_top0	0,1,2	0.8219523877394502	0.8204283360790774	249	62	47	50.074165521097456	0.8835948073923544	1.0
split_rescue_p0.1_sx500_ani0.93_af0.3_b0.3_d10_top1	0,1,2	0.8219523877394502	0.8204283360790774	249	62	47	50.074165521097456	0.8835948073923544	1.0
split_rescue_p0.1_sx500_ani0.93_af0.3_b0.3_d10_top2	0,1,2	0.8219523877394502	0.8204283360790774	249	62	47	50.074165521097456	0.8835948073923544	1.0
split_rescue_p0.1_sx500_ani0.93_af0.5_b0.3_d10_top0	0,1,2	0.8219523877394502	0.8204283360790774	249	62	47	50.074165521097456	0.8835948073923544	1.0
split_rescue_p0.1_sx500_ani0.93_af0.5_b0.3_d10_top1	0,1,2	0.8219523877394502	0.8204283360790774	249	62	47	50.074165521097456	0.8835948073923544	1.0
split_rescue_p0.1_sx500_ani0.93_af0.5_b0.3_d10_top2	0,1,2	0.8219523877394502	0.8204283360790774	249	62	47	50.074165521097456	0.8835948073923544	1.0
split_rescue_p0.1_sx500_ani0.95_af0.3_b0.2_d10_top0	0,1,2	0.8219523877394502	0.8204283360790774	249	62	47	50.074165521097456	0.8835948073923544	1.0
split_rescue_p0.1_sx500_ani0.95_af0.3_b0.2_d10_top1	0,1,2	0.8219523877394502	0.8204283360790774	249	62	47	50.074165521097456	0.8835948073923544	1.0
split_rescue_p0.1_sx500_ani0.95_af0.3_b0.2_d10_top2	0,1,2	0.8219523877394502	0.8204283360790774	249	62	47	50.074165521097456	0.8835948073923544	1.0
split_rescue_p0.1_sx500_ani0.95_af0.3_b0.3_d10_top0	0,1,2	0.8219523877394502	0.8204283360790774	249	62	47	50.074165521097456	0.8835948073923544	1.0
split_rescue_p0.1_sx500_ani0.95_af0.3_b0.3_d10_top1	0,1,2	0.8219523877394502	0.8204283360790774	249	62	47	50.074165521097456	0.8835948073923544	1.0
split_rescue_p0.1_sx500_ani0.95_af0.3_b0.3_d10_top2	0,1,2	0.8219523877394502	0.8204283360790774	249	62	47	50.074165521097456	0.8835948073923544	1.0
split_rescue_p0.1_sx500_ani0.95_af0.5_b0.2_d10_top0	0,1,2	0.8219523877394502	0.8204283360790774	249	62	47	50.074165521097456	0.8835948073923544	1.0
split_rescue_p0.1_sx500_ani0.95_af0.5_b0.2_d10_top1	0,1,2	0.8219523877394502	0.8204283360790774	249	62	47	50.074165521097456	0.8835948073923544	1.0
split_rescue_p0.1_sx500_ani0.95_af0.5_b0.2_d10_top2	0,1,2	0.8219523877394502	0.8204283360790774	249	62	47	50.074165521097456	0.8835948073923544	1.0
split_rescue_p0.1_sx500_ani0.95_af0.5_b0.3_d10_top0	0,1,2	0.8219523877394502	0.8204283360790774	249	62	47	50.074165521097456	0.8835948073923544	1.0
split_rescue_p0.1_sx500_ani0.95_af0.5_b0.3_d10_top1	0,1,2	0.8219523877394502	0.8204283360790774	249	62	47	50.074165521097456	0.8835948073923544	1.0
split_rescue_p0.1_sx500_ani0.95_af0.5_b0.3_d10_top2	0,1,2	0.8219523877394502	0.8204283360790774	249	62	47	50.074165521097456	0.8835948073923544	1.0
split_rescue_p0.2_sx300_ani0.93_af0.5_b0.2_d10_top0	0,1,2	0.8219523877394502	0.8204283360790774	249	62	47	50.074165521097456	0.8835948073923544	1.0
split_rescue_p0.2_sx300_ani0.93_af0.5_b0.2_d10_top1	0,1,2	0.8219523877394502	0.8204283360790774	249	62	47	50.074165521097456	0.8835948073923544	1.0
split_rescue_p0.2_sx300_ani0.93_af0.5_b0.2_d10_top2	0,1,2	0.8219523877394502	0.8204283360790774	249	62	47	50.074165521097456	0.8835948073923544	1.0
split_rescue_p0.2_sx300_ani0.93_af0.5_b0.3_d10_top0	0,1,2	0.8219523877394502	0.8204283360790774	249	62	47	50.074165521097456	0.8835948073923544	1.0
split_rescue_p0.2_sx300_ani0.93_af0.5_b0.3_d10_top1	0,1,2	0.8219523877394502	0.8204283360790774	249	62	47	50.074165521097456	0.8835948073923544	1.0
split_rescue_p0.2_sx300_ani0.93_af0.5_b0.3_d10_top2	0,1,2	0.8219523877394502	0.8204283360790774	249	62	47	50.074165521097456	0.8835948073923544	1.0
split_rescue_p0.2_sx300_ani0.95_af0.3_b0.2_d10_top0	0,1,2	0.8219523877394502	0.8204283360790774	249	62	47	50.074165521097456	0.8835948073923544	1.0
split_rescue_p0.2_sx300_ani0.95_af0.3_b0.2_d10_top1	0,1,2	0.8219523877394502	0.8204283360790774	249	62	47	50.074165521097456	0.8835948073923544	1.0
split_rescue_p0.2_sx300_ani0.95_af0.3_b0.2_d10_top2	0,1,2	0.8219523877394502	0.8204283360790774	249	62	47	50.074165521097456	0.8835948073923544	1.0
split_rescue_p0.2_sx300_ani0.95_af0.3_b0.3_d10_top0	0,1,2	0.8219523877394502	0.8204283360790774	249	62	47	50.074165521097456	0.8835948073923544	1.0
split_rescue_p0.2_sx300_ani0.95_af0.3_b0.3_d10_top1	0,1,2	0.8219523877394502	0.8204283360790774	249	62	47	50.074165521097456	0.8835948073923544	1.0
split_rescue_p0.2_sx300_ani0.95_af0.3_b0.3_d10_top2	0,1,2	0.8219523877394502	0.8204283360790774	249	62	47	50.074165521097456	0.8835948073923544	1.0
split_rescue_p0.2_sx300_ani0.95_af0.5_b0.2_d10_top0	0,1,2	0.8219523877394502	0.8204283360790774	249	62	47	50.074165521097456	0.8835948073923544	1.0
split_rescue_p0.2_sx300_ani0.95_af0.5_b0.2_d10_top1	0,1,2	0.8219523877394502	0.8204283360790774	249	62	47	50.074165521097456	0.8835948073923544	1.0
split_rescue_p0.2_sx300_ani0.95_af0.5_b0.2_d10_top2	0,1,2	0.8219523877394502	0.8204283360790774	249	62	47	50.074165521097456	0.8835948073923544	1.0
split_rescue_p0.2_sx300_ani0.95_af0.5_b0.3_d10_top0	0,1,2	0.8219523877394502	0.8204283360790774	249	62	47	50.074165521097456	0.8835948073923544	1.0
split_rescue_p0.2_sx300_ani0.95_af0.5_b0.3_d10_top1	0,1,2	0.8219523877394502	0.8204283360790774	249	62	47	50.074165521097456	0.8835948073923544	1.0
split_rescue_p0.2_sx300_ani0.95_af0.5_b0.3_d10_top2	0,1,2	0.8219523877394502	0.8204283360790774	249	62	47	50.074165521097456	0.8835948073923544	1.0
split_rescue_p0.2_sx500_ani0.93_af0.3_b0.2_d10_top0	0,1,2	0.8219523877394502	0.8204283360790774	249	62	47	50.074165521097456	0.8835948073923544	1.0
split_rescue_p0.2_sx500_ani0.93_af0.3_b0.2_d10_top1	0,1,2	0.8219523877394502	0.8204283360790774	249	62	47	50.074165521097456	0.8835948073923544	1.0
split_rescue_p0.2_sx500_ani0.93_af0.3_b0.2_d10_top2	0,1,2	0.8219523877394502	0.8204283360790774	249	62	47	50.074165521097456	0.8835948073923544	1.0
split_rescue_p0.2_sx500_ani0.93_af0.3_b0.3_d10_top0	0,1,2	0.8219523877394502	0.8204283360790774	249	62	47	50.074165521097456	0.8835948073923544	1.0
split_rescue_p0.2_sx500_ani0.93_af0.3_b0.3_d10_top1	0,1,2	0.8219523877394502	0.8204283360790774	249	62	47	50.074165521097456	0.8835948073923544	1.0
split_rescue_p0.2_sx500_ani0.93_af0.3_b0.3_d10_top2	0,1,2	0.8219523877394502	0.8204283360790774	249	62	47	50.074165521097456	0.8835948073923544	1.0
split_rescue_p0.2_sx500_ani0.93_af0.5_b0.2_d10_top0	0,1,2	0.8219523877394502	0.8204283360790774	249	62	47	50.074165521097456	0.8835948073923544	1.0
split_rescue_p0.2_sx500_ani0.93_af0.5_b0.2_d10_top1	0,1,2	0.8219523877394502	0.8204283360790774	249	62	47	50.074165521097456	0.8835948073923544	1.0
split_rescue_p0.2_sx500_ani0.93_af0.5_b0.2_d10_top2	0,1,2	0.8219523877394502	0.8204283360790774	249	62	47	50.074165521097456	0.8835948073923544	1.0
split_rescue_p0.2_sx500_ani0.93_af0.5_b0.3_d10_top0	0,1,2	0.8219523877394502	0.8204283360790774	249	62	47	50.074165521097456	0.8835948073923544	1.0
split_rescue_p0.2_sx500_ani0.93_af0.5_b0.3_d10_top1	0,1,2	0.8219523877394502	0.8204283360790774	249	62	47	50.074165521097456	0.8835948073923544	1.0
split_rescue_p0.2_sx500_ani0.93_af0.5_b0.3_d10_top2	0,1,2	0.8219523877394502	0.8204283360790774	249	62	47	50.074165521097456	0.8835948073923544	1.0
split_rescue_p0.2_sx500_ani0.95_af0.3_b0.2_d10_top0	0,1,2	0.8219523877394502	0.8204283360790774	249	62	47	50.074165521097456	0.8835948073923544	1.0
split_rescue_p0.2_sx500_ani0.95_af0.3_b0.2_d10_top1	0,1,2	0.8219523877394502	0.8204283360790774	249	62	47	50.074165521097456	0.8835948073923544	1.0
split_rescue_p0.2_sx500_ani0.95_af0.3_b0.2_d10_top2	0,1,2	0.8219523877394502	0.8204283360790774	249	62	47	50.074165521097456	0.8835948073923544	1.0
split_rescue_p0.2_sx500_ani0.95_af0.3_b0.3_d10_top0	0,1,2	0.8219523877394502	0.8204283360790774	249	62	47	50.074165521097456	0.8835948073923544	1.0
split_rescue_p0.2_sx500_ani0.95_af0.3_b0.3_d10_top1	0,1,2	0.8219523877394502	0.8204283360790774	249	62	47	50.074165521097456	0.8835948073923544	1.0
split_rescue_p0.2_sx500_ani0.95_af0.3_b0.3_d10_top2	0,1,2	0.8219523877394502	0.8204283360790774	249	62	47	50.074165521097456	0.8835948073923544	1.0
split_rescue_p0.2_sx500_ani0.95_af0.5_b0.2_d10_top0	0,1,2	0.8219523877394502	0.8204283360790774	249	62	47	50.074165521097456	0.8835948073923544	1.0
split_rescue_p0.2_sx500_ani0.95_af0.5_b0.2_d10_top1	0,1,2	0.8219523877394502	0.8204283360790774	249	62	47	50.074165521097456	0.8835948073923544	1.0
split_rescue_p0.2_sx500_ani0.95_af0.5_b0.2_d10_top2	0,1,2	0.8219523877394502	0.8204283360790774	249	62	47	50.074165521097456	0.8835948073923544	1.0
split_rescue_p0.2_sx500_ani0.95_af0.5_b0.3_d10_top0	0,1,2	0.8219523877394502	0.8204283360790774	249	62	47	50.074165521097456	0.8835948073923544	1.0
split_rescue_p0.2_sx500_ani0.95_af0.5_b0.3_d10_top1	0,1,2	0.8219523877394502	0.8204283360790774	249	62	47	50.074165521097456	0.8835948073923544	1.0
split_rescue_p0.2_sx500_ani0.95_af0.5_b0.3_d10_top2	0,1,2	0.8219523877394502	0.8204283360790774	249	62	47	50.074165521097456	0.8835948073923544	1.0
split_rescue_p0.02_sx300_ani0.93_af0.3_b0.2_d10_top0	0,1,2	0.8218729356830314	0.8202614379084967	251	65	45	50.85090607016519	0.9046675766207909	2.6666666666666665
split_rescue_p0.1_sx300_ani0.93_af0.3_b0.2_d2_top0	0,1,2	0.8218729356830314	0.8202614379084967	251	65	45	51.30294091971266	0.884490572280859	2.6666666666666665
split_rescue_p0.1_sx300_ani0.93_af0.3_b0.2_d5_top0	0,1,2	0.8218729356830314	0.8202614379084967	251	65	45	51.30294091971266	0.884490572280859	2.6666666666666665
split_rescue_p0_sx300_ani0.93_af0.3_b0.2_d10_top2	0,1,2	0.8218729356830314	0.8202614379084967	251	65	45	51.99852674460232	0.8980888766715539	2.6666666666666665
split_rescue_p0.02_sx650_ani0.93_af0.3_b0.2_d10_top0	0,1,2	0.8218199105470987	0.8204283360790774	249	62	47	54.7549332087119	0.877178722396252	1.0
split_rescue_p0.02_sx650_ani0.93_af0.3_b0.2_d10_top1	0,1,2	0.8218199105470987	0.8204283360790774	249	62	47	54.7549332087119	0.877178722396252	1.0
split_rescue_p0.02_sx650_ani0.93_af0.3_b0.2_d10_top2	0,1,2	0.8218199105470987	0.8204283360790774	249	62	47	54.7549332087119	0.877178722396252	1.0
split_rescue_p0.02_sx650_ani0.93_af0.5_b0.2_d10_top0	0,1,2	0.8218199105470987	0.8204283360790774	249	62	47	54.7549332087119	0.877178722396252	1.0
split_rescue_p0.02_sx650_ani0.93_af0.5_b0.2_d10_top1	0,1,2	0.8218199105470987	0.8204283360790774	249	62	47	54.7549332087119	0.877178722396252	1.0
split_rescue_p0.02_sx650_ani0.93_af0.5_b0.2_d10_top2	0,1,2	0.8218199105470987	0.8204283360790774	249	62	47	54.7549332087119	0.877178722396252	1.0
split_rescue_p0_sx650_ani0.93_af0.3_b0.2_d10_top0	0,1,2	0.8218199105470987	0.8204283360790774	249	62	47	54.7549332087119	0.877178722396252	1.0
split_rescue_p0_sx650_ani0.93_af0.3_b0.2_d10_top1	0,1,2	0.8218199105470987	0.8204283360790774	249	62	47	54.7549332087119	0.877178722396252	1.0
split_rescue_p0_sx650_ani0.93_af0.3_b0.2_d10_top2	0,1,2	0.8218199105470987	0.8204283360790774	249	62	47	54.7549332087119	0.877178722396252	1.0
split_rescue_p0_sx650_ani0.93_af0.5_b0.2_d10_top0	0,1,2	0.8218199105470987	0.8204283360790774	249	62	47	54.7549332087119	0.877178722396252	1.0
split_rescue_p0_sx650_ani0.93_af0.5_b0.2_d10_top1	0,1,2	0.8218199105470987	0.8204283360790774	249	62	47	54.7549332087119	0.877178722396252	1.0
split_rescue_p0_sx650_ani0.93_af0.5_b0.2_d10_top2	0,1,2	0.8218199105470987	0.8204283360790774	249	62	47	54.7549332087119	0.877178722396252	1.0
split_rescue_p0.05_sx650_ani0.93_af0.3_b0.2_d1_top0	0,1,2	0.8218199105470987	0.8204283360790774	249	62	47	55.631052782384074	0.8553633698837673	1.0
split_rescue_p0.05_sx650_ani0.93_af0.3_b0.2_d1_top1	0,1,2	0.8218199105470987	0.8204283360790774	249	62	47	55.631052782384074	0.8553633698837673	1.0
split_rescue_p0.05_sx650_ani0.93_af0.3_b0.2_d1_top2	0,1,2	0.8218199105470987	0.8204283360790774	249	62	47	55.631052782384074	0.8553633698837673	1.0
split_rescue_p0.05_sx650_ani0.93_af0.3_b0.2_d2_top0	0,1,2	0.8218199105470987	0.8204283360790774	249	62	47	55.631052782384074	0.8553633698837673	1.0
split_rescue_p0.05_sx650_ani0.93_af0.3_b0.2_d2_top1	0,1,2	0.8218199105470987	0.8204283360790774	249	62	47	55.631052782384074	0.8553633698837673	1.0
split_rescue_p0.05_sx650_ani0.93_af0.3_b0.2_d2_top2	0,1,2	0.8218199105470987	0.8204283360790774	249	62	47	55.631052782384074	0.8553633698837673	1.0
split_rescue_p0.05_sx650_ani0.93_af0.3_b0.2_d5_top0	0,1,2	0.8218199105470987	0.8204283360790774	249	62	47	55.631052782384074	0.8553633698837673	1.0
split_rescue_p0.05_sx650_ani0.93_af0.3_b0.2_d5_top1	0,1,2	0.8218199105470987	0.8204283360790774	249	62	47	55.631052782384074	0.8553633698837673	1.0
split_rescue_p0.05_sx650_ani0.93_af0.3_b0.2_d5_top2	0,1,2	0.8218199105470987	0.8204283360790774	249	62	47	55.631052782384074	0.8553633698837673	1.0
split_rescue_p0.05_sx650_ani0.93_af0.5_b0.2_d1_top0	0,1,2	0.8218199105470987	0.8204283360790774	249	62	47	55.631052782384074	0.8553633698837673	1.0
split_rescue_p0.05_sx650_ani0.93_af0.5_b0.2_d1_top1	0,1,2	0.8218199105470987	0.8204283360790774	249	62	47	55.631052782384074	0.8553633698837673	1.0
split_rescue_p0.05_sx650_ani0.93_af0.5_b0.2_d1_top2	0,1,2	0.8218199105470987	0.8204283360790774	249	62	47	55.631052782384074	0.8553633698837673	1.0
split_rescue_p0.05_sx650_ani0.93_af0.5_b0.2_d2_top0	0,1,2	0.8218199105470987	0.8204283360790774	249	62	47	55.631052782384074	0.8553633698837673	1.0
split_rescue_p0.05_sx650_ani0.93_af0.5_b0.2_d2_top1	0,1,2	0.8218199105470987	0.8204283360790774	249	62	47	55.631052782384074	0.8553633698837673	1.0
split_rescue_p0.05_sx650_ani0.93_af0.5_b0.2_d2_top2	0,1,2	0.8218199105470987	0.8204283360790774	249	62	47	55.631052782384074	0.8553633698837673	1.0
split_rescue_p0.05_sx650_ani0.93_af0.5_b0.2_d5_top0	0,1,2	0.8218199105470987	0.8204283360790774	249	62	47	55.631052782384074	0.8553633698837673	1.0
split_rescue_p0.05_sx650_ani0.93_af0.5_b0.2_d5_top1	0,1,2	0.8218199105470987	0.8204283360790774	249	62	47	55.631052782384074	0.8553633698837673	1.0
split_rescue_p0.05_sx650_ani0.93_af0.5_b0.2_d5_top2	0,1,2	0.8218199105470987	0.8204283360790774	249	62	47	55.631052782384074	0.8553633698837673	1.0
split_rescue_p0.1_sx650_ani0.93_af0.3_b0.2_d1_top0	0,1,2	0.8218199105470987	0.8204283360790774	249	62	47	55.631052782384074	0.8553633698837673	1.0
split_rescue_p0.1_sx650_ani0.93_af0.3_b0.2_d1_top1	0,1,2	0.8218199105470987	0.8204283360790774	249	62	47	55.631052782384074	0.8553633698837673	1.0
split_rescue_p0.1_sx650_ani0.93_af0.3_b0.2_d1_top2	0,1,2	0.8218199105470987	0.8204283360790774	249	62	47	55.631052782384074	0.8553633698837673	1.0
split_rescue_p0.1_sx650_ani0.93_af0.3_b0.2_d2_top0	0,1,2	0.8218199105470987	0.8204283360790774	249	62	47	55.631052782384074	0.8553633698837673	1.0
split_rescue_p0.1_sx650_ani0.93_af0.3_b0.2_d2_top1	0,1,2	0.8218199105470987	0.8204283360790774	249	62	47	55.631052782384074	0.8553633698837673	1.0
split_rescue_p0.1_sx650_ani0.93_af0.3_b0.2_d2_top2	0,1,2	0.8218199105470987	0.8204283360790774	249	62	47	55.631052782384074	0.8553633698837673	1.0
split_rescue_p0.1_sx650_ani0.93_af0.3_b0.2_d5_top0	0,1,2	0.8218199105470987	0.8204283360790774	249	62	47	55.631052782384074	0.8553633698837673	1.0
split_rescue_p0.1_sx650_ani0.93_af0.3_b0.2_d5_top1	0,1,2	0.8218199105470987	0.8204283360790774	249	62	47	55.631052782384074	0.8553633698837673	1.0
split_rescue_p0.1_sx650_ani0.93_af0.3_b0.2_d5_top2	0,1,2	0.8218199105470987	0.8204283360790774	249	62	47	55.631052782384074	0.8553633698837673	1.0
split_rescue_p0.1_sx650_ani0.93_af0.5_b0.2_d1_top0	0,1,2	0.8218199105470987	0.8204283360790774	249	62	47	55.631052782384074	0.8553633698837673	1.0
split_rescue_p0.1_sx650_ani0.93_af0.5_b0.2_d1_top1	0,1,2	0.8218199105470987	0.8204283360790774	249	62	47	55.631052782384074	0.8553633698837673	1.0
split_rescue_p0.1_sx650_ani0.93_af0.5_b0.2_d1_top2	0,1,2	0.8218199105470987	0.8204283360790774	249	62	47	55.631052782384074	0.8553633698837673	1.0
split_rescue_p0.1_sx650_ani0.93_af0.5_b0.2_d2_top0	0,1,2	0.8218199105470987	0.8204283360790774	249	62	47	55.631052782384074	0.8553633698837673	1.0
split_rescue_p0.1_sx650_ani0.93_af0.5_b0.2_d2_top1	0,1,2	0.8218199105470987	0.8204283360790774	249	62	47	55.631052782384074	0.8553633698837673	1.0
split_rescue_p0.1_sx650_ani0.93_af0.5_b0.2_d2_top2	0,1,2	0.8218199105470987	0.8204283360790774	249	62	47	55.631052782384074	0.8553633698837673	1.0
split_rescue_p0.1_sx650_ani0.93_af0.5_b0.2_d5_top0	0,1,2	0.8218199105470987	0.8204283360790774	249	62	47	55.631052782384074	0.8553633698837673	1.0
split_rescue_p0.1_sx650_ani0.93_af0.5_b0.2_d5_top1	0,1,2	0.8218199105470987	0.8204283360790774	249	62	47	55.631052782384074	0.8553633698837673	1.0
split_rescue_p0.1_sx650_ani0.93_af0.5_b0.2_d5_top2	0,1,2	0.8218199105470987	0.8204283360790774	249	62	47	55.631052782384074	0.8553633698837673	1.0
split_rescue_p0.02_sx300_ani0.93_af0.3_b0.35_d10_top0	0,1,2	0.8217724191558876	0.8204283360790774	249	62	47	50.85690289933456	0.9014708774893224	1.0
split_rescue_p0.02_sx300_ani0.93_af0.3_b0.35_d10_top1	0,1,2	0.8217724191558876	0.8204283360790774	249	62	47	50.85690289933456	0.9014708774893224	1.0
split_rescue_p0.02_sx300_ani0.93_af0.3_b0.35_d10_top2	0,1,2	0.8217724191558876	0.8204283360790774	249	62	47	50.85690289933456	0.9014708774893224	1.0
split_rescue_p0.02_sx300_ani0.93_af0.5_b0.35_d10_top0	0,1,2	0.8217724191558876	0.8204283360790774	249	62	47	50.85690289933456	0.9014708774893224	1.0
split_rescue_p0.02_sx300_ani0.93_af0.5_b0.35_d10_top1	0,1,2	0.8217724191558876	0.8204283360790774	249	62	47	50.85690289933456	0.9014708774893224	1.0
split_rescue_p0.02_sx300_ani0.93_af0.5_b0.35_d10_top2	0,1,2	0.8217724191558876	0.8204283360790774	249	62	47	50.85690289933456	0.9014708774893224	1.0
split_rescue_p0.02_sx300_ani0.95_af0.3_b0.35_d10_top0	0,1,2	0.8217724191558876	0.8204283360790774	249	62	47	50.85690289933456	0.9014708774893224	1.0
split_rescue_p0.02_sx300_ani0.95_af0.3_b0.35_d10_top1	0,1,2	0.8217724191558876	0.8204283360790774	249	62	47	50.85690289933456	0.9014708774893224	1.0
split_rescue_p0.02_sx300_ani0.95_af0.3_b0.35_d10_top2	0,1,2	0.8217724191558876	0.8204283360790774	249	62	47	50.85690289933456	0.9014708774893224	1.0
split_rescue_p0.02_sx300_ani0.95_af0.5_b0.35_d10_top0	0,1,2	0.8217724191558876	0.8204283360790774	249	62	47	50.85690289933456	0.9014708774893224	1.0
split_rescue_p0.02_sx300_ani0.95_af0.5_b0.35_d10_top1	0,1,2	0.8217724191558876	0.8204283360790774	249	62	47	50.85690289933456	0.9014708774893224	1.0
split_rescue_p0.02_sx300_ani0.95_af0.5_b0.35_d10_top2	0,1,2	0.8217724191558876	0.8204283360790774	249	62	47	50.85690289933456	0.9014708774893224	1.0
split_rescue_p0.02_sx500_ani0.93_af0.3_b0.35_d10_top0	0,1,2	0.8217724191558876	0.8204283360790774	249	62	47	50.85690289933456	0.9014708774893224	1.0
split_rescue_p0.02_sx500_ani0.93_af0.3_b0.35_d10_top1	0,1,2	0.8217724191558876	0.8204283360790774	249	62	47	50.85690289933456	0.9014708774893224	1.0
split_rescue_p0.02_sx500_ani0.93_af0.3_b0.35_d10_top2	0,1,2	0.8217724191558876	0.8204283360790774	249	62	47	50.85690289933456	0.9014708774893224	1.0
split_rescue_p0.02_sx500_ani0.93_af0.5_b0.35_d10_top0	0,1,2	0.8217724191558876	0.8204283360790774	249	62	47	50.85690289933456	0.9014708774893224	1.0
split_rescue_p0.02_sx500_ani0.93_af0.5_b0.35_d10_top1	0,1,2	0.8217724191558876	0.8204283360790774	249	62	47	50.85690289933456	0.9014708774893224	1.0
split_rescue_p0.02_sx500_ani0.93_af0.5_b0.35_d10_top2	0,1,2	0.8217724191558876	0.8204283360790774	249	62	47	50.85690289933456	0.9014708774893224	1.0
split_rescue_p0.02_sx500_ani0.95_af0.3_b0.35_d10_top0	0,1,2	0.8217724191558876	0.8204283360790774	249	62	47	50.85690289933456	0.9014708774893224	1.0
split_rescue_p0.02_sx500_ani0.95_af0.3_b0.35_d10_top1	0,1,2	0.8217724191558876	0.8204283360790774	249	62	47	50.85690289933456	0.9014708774893224	1.0
split_rescue_p0.02_sx500_ani0.95_af0.3_b0.35_d10_top2	0,1,2	0.8217724191558876	0.8204283360790774	249	62	47	50.85690289933456	0.9014708774893224	1.0
split_rescue_p0.02_sx500_ani0.95_af0.5_b0.35_d10_top0	0,1,2	0.8217724191558876	0.8204283360790774	249	62	47	50.85690289933456	0.9014708774893224	1.0
split_rescue_p0.02_sx500_ani0.95_af0.5_b0.35_d10_top1	0,1,2	0.8217724191558876	0.8204283360790774	249	62	47	50.85690289933456	0.9014708774893224	1.0
split_rescue_p0.02_sx500_ani0.95_af0.5_b0.35_d10_top2	0,1,2	0.8217724191558876	0.8204283360790774	249	62	47	50.85690289933456	0.9014708774893224	1.0
split_rescue_p0_sx300_ani0.93_af0.3_b0.35_d10_top0	0,1,2	0.8217724191558876	0.8204283360790774	249	62	47	50.85690289933456	0.9014708774893224	1.0
split_rescue_p0_sx300_ani0.93_af0.3_b0.35_d10_top1	0,1,2	0.8217724191558876	0.8204283360790774	249	62	47	50.85690289933456	0.9014708774893224	1.0
split_rescue_p0_sx300_ani0.93_af0.3_b0.35_d10_top2	0,1,2	0.8217724191558876	0.8204283360790774	249	62	47	50.85690289933456	0.9014708774893224	1.0
split_rescue_p0_sx300_ani0.93_af0.5_b0.35_d10_top0	0,1,2	0.8217724191558876	0.8204283360790774	249	62	47	50.85690289933456	0.9014708774893224	1.0
split_rescue_p0_sx300_ani0.93_af0.5_b0.35_d10_top1	0,1,2	0.8217724191558876	0.8204283360790774	249	62	47	50.85690289933456	0.9014708774893224	1.0
split_rescue_p0_sx300_ani0.93_af0.5_b0.35_d10_top2	0,1,2	0.8217724191558876	0.8204283360790774	249	62	47	50.85690289933456	0.9014708774893224	1.0
split_rescue_p0_sx300_ani0.95_af0.3_b0.35_d10_top0	0,1,2	0.8217724191558876	0.8204283360790774	249	62	47	50.85690289933456	0.9014708774893224	1.0
split_rescue_p0_sx300_ani0.95_af0.3_b0.35_d10_top1	0,1,2	0.8217724191558876	0.8204283360790774	249	62	47	50.85690289933456	0.9014708774893224	1.0
split_rescue_p0_sx300_ani0.95_af0.3_b0.35_d10_top2	0,1,2	0.8217724191558876	0.8204283360790774	249	62	47	50.85690289933456	0.9014708774893224	1.0
split_rescue_p0_sx300_ani0.95_af0.5_b0.35_d10_top0	0,1,2	0.8217724191558876	0.8204283360790774	249	62	47	50.85690289933456	0.9014708774893224	1.0
split_rescue_p0_sx300_ani0.95_af0.5_b0.35_d10_top1	0,1,2	0.8217724191558876	0.8204283360790774	249	62	47	50.85690289933456	0.9014708774893224	1.0
split_rescue_p0_sx300_ani0.95_af0.5_b0.35_d10_top2	0,1,2	0.8217724191558876	0.8204283360790774	249	62	47	50.85690289933456	0.9014708774893224	1.0
split_rescue_p0_sx500_ani0.93_af0.3_b0.35_d10_top0	0,1,2	0.8217724191558876	0.8204283360790774	249	62	47	50.85690289933456	0.9014708774893224	1.0
split_rescue_p0_sx500_ani0.93_af0.3_b0.35_d10_top1	0,1,2	0.8217724191558876	0.8204283360790774	249	62	47	50.85690289933456	0.9014708774893224	1.0
split_rescue_p0_sx500_ani0.93_af0.3_b0.35_d10_top2	0,1,2	0.8217724191558876	0.8204283360790774	249	62	47	50.85690289933456	0.9014708774893224	1.0
split_rescue_p0_sx500_ani0.93_af0.5_b0.35_d10_top0	0,1,2	0.8217724191558876	0.8204283360790774	249	62	47	50.85690289933456	0.9014708774893224	1.0
split_rescue_p0_sx500_ani0.93_af0.5_b0.35_d10_top1	0,1,2	0.8217724191558876	0.8204283360790774	249	62	47	50.85690289933456	0.9014708774893224	1.0
split_rescue_p0_sx500_ani0.93_af0.5_b0.35_d10_top2	0,1,2	0.8217724191558876	0.8204283360790774	249	62	47	50.85690289933456	0.9014708774893224	1.0
split_rescue_p0_sx500_ani0.95_af0.3_b0.35_d10_top0	0,1,2	0.8217724191558876	0.8204283360790774	249	62	47	50.85690289933456	0.9014708774893224	1.0
split_rescue_p0_sx500_ani0.95_af0.3_b0.35_d10_top1	0,1,2	0.8217724191558876	0.8204283360790774	249	62	47	50.85690289933456	0.9014708774893224	1.0
split_rescue_p0_sx500_ani0.95_af0.3_b0.35_d10_top2	0,1,2	0.8217724191558876	0.8204283360790774	249	62	47	50.85690289933456	0.9014708774893224	1.0
split_rescue_p0_sx500_ani0.95_af0.5_b0.35_d10_top0	0,1,2	0.8217724191558876	0.8204283360790774	249	62	47	50.85690289933456	0.9014708774893224	1.0
split_rescue_p0_sx500_ani0.95_af0.5_b0.35_d10_top1	0,1,2	0.8217724191558876	0.8204283360790774	249	62	47	50.85690289933456	0.9014708774893224	1.0
split_rescue_p0_sx500_ani0.95_af0.5_b0.35_d10_top2	0,1,2	0.8217724191558876	0.8204283360790774	249	62	47	50.85690289933456	0.9014708774893224	1.0
split_rescue_p0.25_sx300_ani0.93_af0.3_b0.2_d2_top0	0,1,2	0.8217724191558876	0.8204283360790774	249	62	47	51.531906106762186	0.880650768126822	1.0
split_rescue_p0.25_sx300_ani0.93_af0.3_b0.2_d2_top1	0,1,2	0.8217724191558876	0.8204283360790774	249	62	47	51.531906106762186	0.880650768126822	1.0
split_rescue_p0.25_sx300_ani0.93_af0.3_b0.2_d2_top2	0,1,2	0.8217724191558876	0.8204283360790774	249	62	47	51.531906106762186	0.880650768126822	1.0
split_rescue_p0.25_sx300_ani0.93_af0.3_b0.2_d5_top0	0,1,2	0.8217724191558876	0.8204283360790774	249	62	47	51.531906106762186	0.880650768126822	1.0
split_rescue_p0.25_sx300_ani0.93_af0.3_b0.2_d5_top1	0,1,2	0.8217724191558876	0.8204283360790774	249	62	47	51.531906106762186	0.880650768126822	1.0
split_rescue_p0.25_sx300_ani0.93_af0.3_b0.2_d5_top2	0,1,2	0.8217724191558876	0.8204283360790774	249	62	47	51.531906106762186	0.880650768126822	1.0
split_rescue_p0.25_sx300_ani0.93_af0.3_b0.3_d2_top0	0,1,2	0.8217724191558876	0.8204283360790774	249	62	47	51.531906106762186	0.880650768126822	1.0
split_rescue_p0.25_sx300_ani0.93_af0.3_b0.3_d2_top1	0,1,2	0.8217724191558876	0.8204283360790774	249	62	47	51.531906106762186	0.880650768126822	1.0
split_rescue_p0.25_sx300_ani0.93_af0.3_b0.3_d2_top2	0,1,2	0.8217724191558876	0.8204283360790774	249	62	47	51.531906106762186	0.880650768126822	1.0
split_rescue_p0.25_sx300_ani0.93_af0.3_b0.3_d5_top0	0,1,2	0.8217724191558876	0.8204283360790774	249	62	47	51.531906106762186	0.880650768126822	1.0
split_rescue_p0.25_sx300_ani0.93_af0.3_b0.3_d5_top1	0,1,2	0.8217724191558876	0.8204283360790774	249	62	47	51.531906106762186	0.880650768126822	1.0
split_rescue_p0.25_sx300_ani0.93_af0.3_b0.3_d5_top2	0,1,2	0.8217724191558876	0.8204283360790774	249	62	47	51.531906106762186	0.880650768126822	1.0
split_rescue_p0.25_sx300_ani0.93_af0.5_b0.2_d1_top0	0,1,2	0.8217724191558876	0.8204283360790774	249	62	47	51.531906106762186	0.880650768126822	1.0
split_rescue_p0.25_sx300_ani0.93_af0.5_b0.2_d1_top1	0,1,2	0.8217724191558876	0.8204283360790774	249	62	47	51.531906106762186	0.880650768126822	1.0
split_rescue_p0.25_sx300_ani0.93_af0.5_b0.2_d1_top2	0,1,2	0.8217724191558876	0.8204283360790774	249	62	47	51.531906106762186	0.880650768126822	1.0
split_rescue_p0.25_sx300_ani0.93_af0.5_b0.2_d2_top0	0,1,2	0.8217724191558876	0.8204283360790774	249	62	47	51.531906106762186	0.880650768126822	1.0
split_rescue_p0.25_sx300_ani0.93_af0.5_b0.2_d2_top1	0,1,2	0.8217724191558876	0.8204283360790774	249	62	47	51.531906106762186	0.880650768126822	1.0
split_rescue_p0.25_sx300_ani0.93_af0.5_b0.2_d2_top2	0,1,2	0.8217724191558876	0.8204283360790774	249	62	47	51.531906106762186	0.880650768126822	1.0
split_rescue_p0.25_sx300_ani0.93_af0.5_b0.2_d5_top0	0,1,2	0.8217724191558876	0.8204283360790774	249	62	47	51.531906106762186	0.880650768126822	1.0
split_rescue_p0.25_sx300_ani0.93_af0.5_b0.2_d5_top1	0,1,2	0.8217724191558876	0.8204283360790774	249	62	47	51.531906106762186	0.880650768126822	1.0
split_rescue_p0.25_sx300_ani0.93_af0.5_b0.2_d5_top2	0,1,2	0.8217724191558876	0.8204283360790774	249	62	47	51.531906106762186	0.880650768126822	1.0
split_rescue_p0.25_sx300_ani0.93_af0.5_b0.3_d1_top0	0,1,2	0.8217724191558876	0.8204283360790774	249	62	47	51.531906106762186	0.880650768126822	1.0
split_rescue_p0.25_sx300_ani0.93_af0.5_b0.3_d1_top1	0,1,2	0.8217724191558876	0.8204283360790774	249	62	47	51.531906106762186	0.880650768126822	1.0
split_rescue_p0.25_sx300_ani0.93_af0.5_b0.3_d1_top2	0,1,2	0.8217724191558876	0.8204283360790774	249	62	47	51.531906106762186	0.880650768126822	1.0
split_rescue_p0.25_sx300_ani0.93_af0.5_b0.3_d2_top0	0,1,2	0.8217724191558876	0.8204283360790774	249	62	47	51.531906106762186	0.880650768126822	1.0
split_rescue_p0.25_sx300_ani0.93_af0.5_b0.3_d2_top1	0,1,2	0.8217724191558876	0.8204283360790774	249	62	47	51.531906106762186	0.880650768126822	1.0
split_rescue_p0.25_sx300_ani0.93_af0.5_b0.3_d2_top2	0,1,2	0.8217724191558876	0.8204283360790774	249	62	47	51.531906106762186	0.880650768126822	1.0
split_rescue_p0.25_sx300_ani0.93_af0.5_b0.3_d5_top0	0,1,2	0.8217724191558876	0.8204283360790774	249	62	47	51.531906106762186	0.880650768126822	1.0
split_rescue_p0.25_sx300_ani0.93_af0.5_b0.3_d5_top1	0,1,2	0.8217724191558876	0.8204283360790774	249	62	47	51.531906106762186	0.880650768126822	1.0
split_rescue_p0.25_sx300_ani0.93_af0.5_b0.3_d5_top2	0,1,2	0.8217724191558876	0.8204283360790774	249	62	47	51.531906106762186	0.880650768126822	1.0
split_rescue_p0.25_sx300_ani0.95_af0.3_b0.2_d2_top0	0,1,2	0.8217724191558876	0.8204283360790774	249	62	47	51.531906106762186	0.880650768126822	1.0
split_rescue_p0.25_sx300_ani0.95_af0.3_b0.2_d2_top1	0,1,2	0.8217724191558876	0.8204283360790774	249	62	47	51.531906106762186	0.880650768126822	1.0
split_rescue_p0.25_sx300_ani0.95_af0.3_b0.2_d2_top2	0,1,2	0.8217724191558876	0.8204283360790774	249	62	47	51.531906106762186	0.880650768126822	1.0
split_rescue_p0.25_sx300_ani0.95_af0.3_b0.2_d5_top0	0,1,2	0.8217724191558876	0.8204283360790774	249	62	47	51.531906106762186	0.880650768126822	1.0
split_rescue_p0.25_sx300_ani0.95_af0.3_b0.2_d5_top1	0,1,2	0.8217724191558876	0.8204283360790774	249	62	47	51.531906106762186	0.880650768126822	1.0
split_rescue_p0.25_sx300_ani0.95_af0.3_b0.2_d5_top2	0,1,2	0.8217724191558876	0.8204283360790774	249	62	47	51.531906106762186	0.880650768126822	1.0
split_rescue_p0.25_sx300_ani0.95_af0.3_b0.3_d2_top0	0,1,2	0.8217724191558876	0.8204283360790774	249	62	47	51.531906106762186	0.880650768126822	1.0
split_rescue_p0.25_sx300_ani0.95_af0.3_b0.3_d2_top1	0,1,2	0.8217724191558876	0.8204283360790774	249	62	47	51.531906106762186	0.880650768126822	1.0
split_rescue_p0.25_sx300_ani0.95_af0.3_b0.3_d2_top2	0,1,2	0.8217724191558876	0.8204283360790774	249	62	47	51.531906106762186	0.880650768126822	1.0
split_rescue_p0.25_sx300_ani0.95_af0.3_b0.3_d5_top0	0,1,2	0.8217724191558876	0.8204283360790774	249	62	47	51.531906106762186	0.880650768126822	1.0
split_rescue_p0.25_sx300_ani0.95_af0.3_b0.3_d5_top1	0,1,2	0.8217724191558876	0.8204283360790774	249	62	47	51.531906106762186	0.880650768126822	1.0
split_rescue_p0.25_sx300_ani0.95_af0.3_b0.3_d5_top2	0,1,2	0.8217724191558876	0.8204283360790774	249	62	47	51.531906106762186	0.880650768126822	1.0
split_rescue_p0.25_sx300_ani0.95_af0.5_b0.2_d1_top0	0,1,2	0.8217724191558876	0.8204283360790774	249	62	47	51.531906106762186	0.880650768126822	1.0
split_rescue_p0.25_sx300_ani0.95_af0.5_b0.2_d1_top1	0,1,2	0.8217724191558876	0.8204283360790774	249	62	47	51.531906106762186	0.880650768126822	1.0
split_rescue_p0.25_sx300_ani0.95_af0.5_b0.2_d1_top2	0,1,2	0.8217724191558876	0.8204283360790774	249	62	47	51.531906106762186	0.880650768126822	1.0
split_rescue_p0.25_sx300_ani0.95_af0.5_b0.2_d2_top0	0,1,2	0.8217724191558876	0.8204283360790774	249	62	47	51.531906106762186	0.880650768126822	1.0
split_rescue_p0.25_sx300_ani0.95_af0.5_b0.2_d2_top1	0,1,2	0.8217724191558876	0.8204283360790774	249	62	47	51.531906106762186	0.880650768126822	1.0
split_rescue_p0.25_sx300_ani0.95_af0.5_b0.2_d2_top2	0,1,2	0.8217724191558876	0.8204283360790774	249	62	47	51.531906106762186	0.880650768126822	1.0
split_rescue_p0.25_sx300_ani0.95_af0.5_b0.2_d5_top0	0,1,2	0.8217724191558876	0.8204283360790774	249	62	47	51.531906106762186	0.880650768126822	1.0
split_rescue_p0.25_sx300_ani0.95_af0.5_b0.2_d5_top1	0,1,2	0.8217724191558876	0.8204283360790774	249	62	47	51.531906106762186	0.880650768126822	1.0
split_rescue_p0.25_sx300_ani0.95_af0.5_b0.2_d5_top2	0,1,2	0.8217724191558876	0.8204283360790774	249	62	47	51.531906106762186	0.880650768126822	1.0
split_rescue_p0.25_sx300_ani0.95_af0.5_b0.3_d1_top0	0,1,2	0.8217724191558876	0.8204283360790774	249	62	47	51.531906106762186	0.880650768126822	1.0
split_rescue_p0.25_sx300_ani0.95_af0.5_b0.3_d1_top1	0,1,2	0.8217724191558876	0.8204283360790774	249	62	47	51.531906106762186	0.880650768126822	1.0
split_rescue_p0.25_sx300_ani0.95_af0.5_b0.3_d1_top2	0,1,2	0.8217724191558876	0.8204283360790774	249	62	47	51.531906106762186	0.880650768126822	1.0
split_rescue_p0.25_sx300_ani0.95_af0.5_b0.3_d2_top0	0,1,2	0.8217724191558876	0.8204283360790774	249	62	47	51.531906106762186	0.880650768126822	1.0
split_rescue_p0.25_sx300_ani0.95_af0.5_b0.3_d2_top1	0,1,2	0.8217724191558876	0.8204283360790774	249	62	47	51.531906106762186	0.880650768126822	1.0
split_rescue_p0.25_sx300_ani0.95_af0.5_b0.3_d2_top2	0,1,2	0.8217724191558876	0.8204283360790774	249	62	47	51.531906106762186	0.880650768126822	1.0
split_rescue_p0.25_sx300_ani0.95_af0.5_b0.3_d5_top0	0,1,2	0.8217724191558876	0.8204283360790774	249	62	47	51.531906106762186	0.880650768126822	1.0
split_rescue_p0.25_sx300_ani0.95_af0.5_b0.3_d5_top1	0,1,2	0.8217724191558876	0.8204283360790774	249	62	47	51.531906106762186	0.880650768126822	1.0
split_rescue_p0.25_sx300_ani0.95_af0.5_b0.3_d5_top2	0,1,2	0.8217724191558876	0.8204283360790774	249	62	47	51.531906106762186	0.880650768126822	1.0
split_rescue_p0.25_sx500_ani0.93_af0.3_b0.2_d1_top0	0,1,2	0.8217724191558876	0.8204283360790774	249	62	47	51.531906106762186	0.880650768126822	1.0
split_rescue_p0.25_sx500_ani0.93_af0.3_b0.2_d1_top1	0,1,2	0.8217724191558876	0.8204283360790774	249	62	47	51.531906106762186	0.880650768126822	1.0
split_rescue_p0.25_sx500_ani0.93_af0.3_b0.2_d1_top2	0,1,2	0.8217724191558876	0.8204283360790774	249	62	47	51.531906106762186	0.880650768126822	1.0
split_rescue_p0.25_sx500_ani0.93_af0.3_b0.2_d2_top0	0,1,2	0.8217724191558876	0.8204283360790774	249	62	47	51.531906106762186	0.880650768126822	1.0
split_rescue_p0.25_sx500_ani0.93_af0.3_b0.2_d2_top1	0,1,2	0.8217724191558876	0.8204283360790774	249	62	47	51.531906106762186	0.880650768126822	1.0
split_rescue_p0.25_sx500_ani0.93_af0.3_b0.2_d2_top2	0,1,2	0.8217724191558876	0.8204283360790774	249	62	47	51.531906106762186	0.880650768126822	1.0
split_rescue_p0.25_sx500_ani0.93_af0.3_b0.2_d5_top0	0,1,2	0.8217724191558876	0.8204283360790774	249	62	47	51.531906106762186	0.880650768126822	1.0
split_rescue_p0.25_sx500_ani0.93_af0.3_b0.2_d5_top1	0,1,2	0.8217724191558876	0.8204283360790774	249	62	47	51.531906106762186	0.880650768126822	1.0
split_rescue_p0.25_sx500_ani0.93_af0.3_b0.2_d5_top2	0,1,2	0.8217724191558876	0.8204283360790774	249	62	47	51.531906106762186	0.880650768126822	1.0
split_rescue_p0.25_sx500_ani0.93_af0.3_b0.3_d1_top0	0,1,2	0.8217724191558876	0.8204283360790774	249	62	47	51.531906106762186	0.880650768126822	1.0
split_rescue_p0.25_sx500_ani0.93_af0.3_b0.3_d1_top1	0,1,2	0.8217724191558876	0.8204283360790774	249	62	47	51.531906106762186	0.880650768126822	1.0
split_rescue_p0.25_sx500_ani0.93_af0.3_b0.3_d1_top2	0,1,2	0.8217724191558876	0.8204283360790774	249	62	47	51.531906106762186	0.880650768126822	1.0
split_rescue_p0.25_sx500_ani0.93_af0.3_b0.3_d2_top0	0,1,2	0.8217724191558876	0.8204283360790774	249	62	47	51.531906106762186	0.880650768126822	1.0
split_rescue_p0.25_sx500_ani0.93_af0.3_b0.3_d2_top1	0,1,2	0.8217724191558876	0.8204283360790774	249	62	47	51.531906106762186	0.880650768126822	1.0
split_rescue_p0.25_sx500_ani0.93_af0.3_b0.3_d2_top2	0,1,2	0.8217724191558876	0.8204283360790774	249	62	47	51.531906106762186	0.880650768126822	1.0
split_rescue_p0.25_sx500_ani0.93_af0.3_b0.3_d5_top0	0,1,2	0.8217724191558876	0.8204283360790774	249	62	47	51.531906106762186	0.880650768126822	1.0
split_rescue_p0.25_sx500_ani0.93_af0.3_b0.3_d5_top1	0,1,2	0.8217724191558876	0.8204283360790774	249	62	47	51.531906106762186	0.880650768126822	1.0
split_rescue_p0.25_sx500_ani0.93_af0.3_b0.3_d5_top2	0,1,2	0.8217724191558876	0.8204283360790774	249	62	47	51.531906106762186	0.880650768126822	1.0
split_rescue_p0.25_sx500_ani0.93_af0.5_b0.2_d1_top0	0,1,2	0.8217724191558876	0.8204283360790774	249	62	47	51.531906106762186	0.880650768126822	1.0
split_rescue_p0.25_sx500_ani0.93_af0.5_b0.2_d1_top1	0,1,2	0.8217724191558876	0.8204283360790774	249	62	47	51.531906106762186	0.880650768126822	1.0
split_rescue_p0.25_sx500_ani0.93_af0.5_b0.2_d1_top2	0,1,2	0.8217724191558876	0.8204283360790774	249	62	47	51.531906106762186	0.880650768126822	1.0
split_rescue_p0.25_sx500_ani0.93_af0.5_b0.2_d2_top0	0,1,2	0.8217724191558876	0.8204283360790774	249	62	47	51.531906106762186	0.880650768126822	1.0
split_rescue_p0.25_sx500_ani0.93_af0.5_b0.2_d2_top1	0,1,2	0.8217724191558876	0.8204283360790774	249	62	47	51.531906106762186	0.880650768126822	1.0
split_rescue_p0.25_sx500_ani0.93_af0.5_b0.2_d2_top2	0,1,2	0.8217724191558876	0.8204283360790774	249	62	47	51.531906106762186	0.880650768126822	1.0
split_rescue_p0.25_sx500_ani0.93_af0.5_b0.2_d5_top0	0,1,2	0.8217724191558876	0.8204283360790774	249	62	47	51.531906106762186	0.880650768126822	1.0
split_rescue_p0.25_sx500_ani0.93_af0.5_b0.2_d5_top1	0,1,2	0.8217724191558876	0.8204283360790774	249	62	47	51.531906106762186	0.880650768126822	1.0
split_rescue_p0.25_sx500_ani0.93_af0.5_b0.2_d5_top2	0,1,2	0.8217724191558876	0.8204283360790774	249	62	47	51.531906106762186	0.880650768126822	1.0
split_rescue_p0.25_sx500_ani0.93_af0.5_b0.3_d1_top0	0,1,2	0.8217724191558876	0.8204283360790774	249	62	47	51.531906106762186	0.880650768126822	1.0
split_rescue_p0.25_sx500_ani0.93_af0.5_b0.3_d1_top1	0,1,2	0.8217724191558876	0.8204283360790774	249	62	47	51.531906106762186	0.880650768126822	1.0
split_rescue_p0.25_sx500_ani0.93_af0.5_b0.3_d1_top2	0,1,2	0.8217724191558876	0.8204283360790774	249	62	47	51.531906106762186	0.880650768126822	1.0
split_rescue_p0.25_sx500_ani0.93_af0.5_b0.3_d2_top0	0,1,2	0.8217724191558876	0.8204283360790774	249	62	47	51.531906106762186	0.880650768126822	1.0
split_rescue_p0.25_sx500_ani0.93_af0.5_b0.3_d2_top1	0,1,2	0.8217724191558876	0.8204283360790774	249	62	47	51.531906106762186	0.880650768126822	1.0
split_rescue_p0.25_sx500_ani0.93_af0.5_b0.3_d2_top2	0,1,2	0.8217724191558876	0.8204283360790774	249	62	47	51.531906106762186	0.880650768126822	1.0
split_rescue_p0.25_sx500_ani0.93_af0.5_b0.3_d5_top0	0,1,2	0.8217724191558876	0.8204283360790774	249	62	47	51.531906106762186	0.880650768126822	1.0
split_rescue_p0.25_sx500_ani0.93_af0.5_b0.3_d5_top1	0,1,2	0.8217724191558876	0.8204283360790774	249	62	47	51.531906106762186	0.880650768126822	1.0
split_rescue_p0.25_sx500_ani0.93_af0.5_b0.3_d5_top2	0,1,2	0.8217724191558876	0.8204283360790774	249	62	47	51.531906106762186	0.880650768126822	1.0
split_rescue_p0.25_sx500_ani0.95_af0.3_b0.2_d1_top0	0,1,2	0.8217724191558876	0.8204283360790774	249	62	47	51.531906106762186	0.880650768126822	1.0
split_rescue_p0.25_sx500_ani0.95_af0.3_b0.2_d1_top1	0,1,2	0.8217724191558876	0.8204283360790774	249	62	47	51.531906106762186	0.880650768126822	1.0
split_rescue_p0.25_sx500_ani0.95_af0.3_b0.2_d1_top2	0,1,2	0.8217724191558876	0.8204283360790774	249	62	47	51.531906106762186	0.880650768126822	1.0
split_rescue_p0.25_sx500_ani0.95_af0.3_b0.2_d2_top0	0,1,2	0.8217724191558876	0.8204283360790774	249	62	47	51.531906106762186	0.880650768126822	1.0
split_rescue_p0.25_sx500_ani0.95_af0.3_b0.2_d2_top1	0,1,2	0.8217724191558876	0.8204283360790774	249	62	47	51.531906106762186	0.880650768126822	1.0
split_rescue_p0.25_sx500_ani0.95_af0.3_b0.2_d2_top2	0,1,2	0.8217724191558876	0.8204283360790774	249	62	47	51.531906106762186	0.880650768126822	1.0
split_rescue_p0.25_sx500_ani0.95_af0.3_b0.2_d5_top0	0,1,2	0.8217724191558876	0.8204283360790774	249	62	47	51.531906106762186	0.880650768126822	1.0
split_rescue_p0.25_sx500_ani0.95_af0.3_b0.2_d5_top1	0,1,2	0.8217724191558876	0.8204283360790774	249	62	47	51.531906106762186	0.880650768126822	1.0
split_rescue_p0.25_sx500_ani0.95_af0.3_b0.2_d5_top2	0,1,2	0.8217724191558876	0.8204283360790774	249	62	47	51.531906106762186	0.880650768126822	1.0
split_rescue_p0.25_sx500_ani0.95_af0.3_b0.3_d1_top0	0,1,2	0.8217724191558876	0.8204283360790774	249	62	47	51.531906106762186	0.880650768126822	1.0
split_rescue_p0.25_sx500_ani0.95_af0.3_b0.3_d1_top1	0,1,2	0.8217724191558876	0.8204283360790774	249	62	47	51.531906106762186	0.880650768126822	1.0
split_rescue_p0.25_sx500_ani0.95_af0.3_b0.3_d1_top2	0,1,2	0.8217724191558876	0.8204283360790774	249	62	47	51.531906106762186	0.880650768126822	1.0
split_rescue_p0.25_sx500_ani0.95_af0.3_b0.3_d2_top0	0,1,2	0.8217724191558876	0.8204283360790774	249	62	47	51.531906106762186	0.880650768126822	1.0
split_rescue_p0.25_sx500_ani0.95_af0.3_b0.3_d2_top1	0,1,2	0.8217724191558876	0.8204283360790774	249	62	47	51.531906106762186	0.880650768126822	1.0
split_rescue_p0.25_sx500_ani0.95_af0.3_b0.3_d2_top2	0,1,2	0.8217724191558876	0.8204283360790774	249	62	47	51.531906106762186	0.880650768126822	1.0
split_rescue_p0.25_sx500_ani0.95_af0.3_b0.3_d5_top0	0,1,2	0.8217724191558876	0.8204283360790774	249	62	47	51.531906106762186	0.880650768126822	1.0
split_rescue_p0.25_sx500_ani0.95_af0.3_b0.3_d5_top1	0,1,2	0.8217724191558876	0.8204283360790774	249	62	47	51.531906106762186	0.880650768126822	1.0
split_rescue_p0.25_sx500_ani0.95_af0.3_b0.3_d5_top2	0,1,2	0.8217724191558876	0.8204283360790774	249	62	47	51.531906106762186	0.880650768126822	1.0
split_rescue_p0.25_sx500_ani0.95_af0.5_b0.2_d1_top0	0,1,2	0.8217724191558876	0.8204283360790774	249	62	47	51.531906106762186	0.880650768126822	1.0
split_rescue_p0.25_sx500_ani0.95_af0.5_b0.2_d1_top1	0,1,2	0.8217724191558876	0.8204283360790774	249	62	47	51.531906106762186	0.880650768126822	1.0
split_rescue_p0.25_sx500_ani0.95_af0.5_b0.2_d1_top2	0,1,2	0.8217724191558876	0.8204283360790774	249	62	47	51.531906106762186	0.880650768126822	1.0
split_rescue_p0.25_sx500_ani0.95_af0.5_b0.2_d2_top0	0,1,2	0.8217724191558876	0.8204283360790774	249	62	47	51.531906106762186	0.880650768126822	1.0
split_rescue_p0.25_sx500_ani0.95_af0.5_b0.2_d2_top1	0,1,2	0.8217724191558876	0.8204283360790774	249	62	47	51.531906106762186	0.880650768126822	1.0
split_rescue_p0.25_sx500_ani0.95_af0.5_b0.2_d2_top2	0,1,2	0.8217724191558876	0.8204283360790774	249	62	47	51.531906106762186	0.880650768126822	1.0
split_rescue_p0.25_sx500_ani0.95_af0.5_b0.2_d5_top0	0,1,2	0.8217724191558876	0.8204283360790774	249	62	47	51.531906106762186	0.880650768126822	1.0
split_rescue_p0.25_sx500_ani0.95_af0.5_b0.2_d5_top1	0,1,2	0.8217724191558876	0.8204283360790774	249	62	47	51.531906106762186	0.880650768126822	1.0
split_rescue_p0.25_sx500_ani0.95_af0.5_b0.2_d5_top2	0,1,2	0.8217724191558876	0.8204283360790774	249	62	47	51.531906106762186	0.880650768126822	1.0
split_rescue_p0.25_sx500_ani0.95_af0.5_b0.3_d1_top0	0,1,2	0.8217724191558876	0.8204283360790774	249	62	47	51.531906106762186	0.880650768126822	1.0
split_rescue_p0.25_sx500_ani0.95_af0.5_b0.3_d1_top1	0,1,2	0.8217724191558876	0.8204283360790774	249	62	47	51.531906106762186	0.880650768126822	1.0
split_rescue_p0.25_sx500_ani0.95_af0.5_b0.3_d1_top2	0,1,2	0.8217724191558876	0.8204283360790774	249	62	47	51.531906106762186	0.880650768126822	1.0
split_rescue_p0.25_sx500_ani0.95_af0.5_b0.3_d2_top0	0,1,2	0.8217724191558876	0.8204283360790774	249	62	47	51.531906106762186	0.880650768126822	1.0
split_rescue_p0.25_sx500_ani0.95_af0.5_b0.3_d2_top1	0,1,2	0.8217724191558876	0.8204283360790774	249	62	47	51.531906106762186	0.880650768126822	1.0
split_rescue_p0.25_sx500_ani0.95_af0.5_b0.3_d2_top2	0,1,2	0.8217724191558876	0.8204283360790774	249	62	47	51.531906106762186	0.880650768126822	1.0
split_rescue_p0.25_sx500_ani0.95_af0.5_b0.3_d5_top0	0,1,2	0.8217724191558876	0.8204283360790774	249	62	47	51.531906106762186	0.880650768126822	1.0
split_rescue_p0.25_sx500_ani0.95_af0.5_b0.3_d5_top1	0,1,2	0.8217724191558876	0.8204283360790774	249	62	47	51.531906106762186	0.880650768126822	1.0
split_rescue_p0.25_sx500_ani0.95_af0.5_b0.3_d5_top2	0,1,2	0.8217724191558876	0.8204283360790774	249	62	47	51.531906106762186	0.880650768126822	1.0
split_rescue_p0_sx300_ani0.93_af0.3_b0.2_d5_top2	0,1,2	0.8214987297648588	0.820097244732577	253	68	43	51.14949954287078	0.9000264015859828	4.333333333333333
split_rescue_p0.1_sx300_ani0.93_af0.3_b0.2_d10_top0	0,1,2	0.8214929938522602	0.819672131147541	250	64	46	52.28938562183737	0.8827311915306901	2.0
split_rescue_p0_sx300_ani0.95_af0.3_b0.2_d10_top1	0,1,2	0.8214522303953197	0.819672131147541	250	64	46	51.72497389020537	0.8953916152921196	2.0
split_rescue_p0.05_sx300_ani0.93_af0.3_b0.2_d10_top2	0,1,2	0.8211883193823338	0.819672131147541	250	64	46	51.36388731403553	0.88449720558263	2.0
split_rescue_p0_sx300_ani0.95_af0.5_b0.2_d10_top0	0,1,2	0.8211441820660556	0.819672131147541	250	64	46	49.691289413173955	0.9040189721928863	2.0
split_rescue_p0_sx300_ani0.95_af0.5_b0.2_d10_top2	0,1,2	0.8211441820660556	0.819672131147541	250	64	46	49.691289413173955	0.9040189721928863	2.0
split_rescue_p0_sx500_ani0.95_af0.3_b0.2_d10_top0	0,1,2	0.8211441820660556	0.819672131147541	250	64	46	49.691289413173955	0.9040189721928863	2.0
split_rescue_p0_sx500_ani0.95_af0.3_b0.2_d10_top2	0,1,2	0.8211441820660556	0.819672131147541	250	64	46	49.691289413173955	0.9040189721928863	2.0
split_rescue_p0_sx500_ani0.95_af0.5_b0.2_d10_top0	0,1,2	0.8211441820660556	0.819672131147541	250	64	46	49.691289413173955	0.9040189721928863	2.0
split_rescue_p0_sx500_ani0.95_af0.5_b0.2_d10_top2	0,1,2	0.8211441820660556	0.819672131147541	250	64	46	49.691289413173955	0.9040189721928863	2.0
split_rescue_p0.05_sx300_ani0.95_af0.5_b0.2_d1_top0	0,1,2	0.8209431117945485	0.819672131147541	250	64	46	49.58064136404192	0.8843020727457187	2.0
split_rescue_p0.05_sx300_ani0.95_af0.5_b0.2_d1_top2	0,1,2	0.8209431117945485	0.819672131147541	250	64	46	49.58064136404192	0.8843020727457187	2.0
split_rescue_p0.05_sx300_ani0.95_af0.5_b0.2_d2_top0	0,1,2	0.8209431117945485	0.819672131147541	250	64	46	49.58064136404192	0.8843020727457187	2.0
split_rescue_p0.05_sx300_ani0.95_af0.5_b0.2_d2_top2	0,1,2	0.8209431117945485	0.819672131147541	250	64	46	49.58064136404192	0.8843020727457187	2.0
split_rescue_p0.05_sx300_ani0.95_af0.5_b0.2_d5_top0	0,1,2	0.8209431117945485	0.819672131147541	250	64	46	49.58064136404192	0.8843020727457187	2.0
split_rescue_p0.05_sx300_ani0.95_af0.5_b0.2_d5_top2	0,1,2	0.8209431117945485	0.819672131147541	250	64	46	49.58064136404192	0.8843020727457187	2.0
split_rescue_p0.05_sx500_ani0.95_af0.3_b0.2_d1_top0	0,1,2	0.8209431117945485	0.819672131147541	250	64	46	49.58064136404192	0.8843020727457187	2.0
split_rescue_p0.05_sx500_ani0.95_af0.3_b0.2_d1_top2	0,1,2	0.8209431117945485	0.819672131147541	250	64	46	49.58064136404192	0.8843020727457187	2.0
split_rescue_p0.05_sx500_ani0.95_af0.3_b0.2_d2_top0	0,1,2	0.8209431117945485	0.819672131147541	250	64	46	49.58064136404192	0.8843020727457187	2.0
split_rescue_p0.05_sx500_ani0.95_af0.3_b0.2_d2_top2	0,1,2	0.8209431117945485	0.819672131147541	250	64	46	49.58064136404192	0.8843020727457187	2.0
split_rescue_p0.05_sx500_ani0.95_af0.3_b0.2_d5_top0	0,1,2	0.8209431117945485	0.819672131147541	250	64	46	49.58064136404192	0.8843020727457187	2.0
split_rescue_p0.05_sx500_ani0.95_af0.3_b0.2_d5_top2	0,1,2	0.8209431117945485	0.819672131147541	250	64	46	49.58064136404192	0.8843020727457187	2.0
split_rescue_p0.05_sx500_ani0.95_af0.5_b0.2_d1_top0	0,1,2	0.8209431117945485	0.819672131147541	250	64	46	49.58064136404192	0.8843020727457187	2.0
split_rescue_p0.05_sx500_ani0.95_af0.5_b0.2_d1_top2	0,1,2	0.8209431117945485	0.819672131147541	250	64	46	49.58064136404192	0.8843020727457187	2.0
split_rescue_p0.05_sx500_ani0.95_af0.5_b0.2_d2_top0	0,1,2	0.8209431117945485	0.819672131147541	250	64	46	49.58064136404192	0.8843020727457187	2.0
split_rescue_p0.05_sx500_ani0.95_af0.5_b0.2_d2_top2	0,1,2	0.8209431117945485	0.819672131147541	250	64	46	49.58064136404192	0.8843020727457187	2.0
split_rescue_p0.05_sx500_ani0.95_af0.5_b0.2_d5_top0	0,1,2	0.8209431117945485	0.819672131147541	250	64	46	49.58064136404192	0.8843020727457187	2.0
split_rescue_p0.05_sx500_ani0.95_af0.5_b0.2_d5_top2	0,1,2	0.8209431117945485	0.819672131147541	250	64	46	49.58064136404192	0.8843020727457187	2.0
split_rescue_p0.05_sx300_ani0.93_af0.3_b0.3_d10_top0	0,1,2	0.8207642402352845	0.819078947368421	249	63	47	51.98320725387557	0.8783844190235568	1.3333333333333333
split_rescue_p0.05_sx300_ani0.93_af0.3_b0.3_d10_top1	0,1,2	0.8207642402352845	0.819078947368421	249	63	47	51.98320725387557	0.8783844190235568	1.3333333333333333
split_rescue_p0.05_sx300_ani0.93_af0.3_b0.3_d10_top2	0,1,2	0.8207642402352845	0.819078947368421	249	63	47	51.98320725387557	0.8783844190235568	1.3333333333333333
split_rescue_p0.1_sx300_ani0.93_af0.3_b0.3_d10_top0	0,1,2	0.8207642402352845	0.819078947368421	249	63	47	51.98320725387557	0.8783844190235568	1.3333333333333333
split_rescue_p0.1_sx300_ani0.93_af0.3_b0.3_d10_top1	0,1,2	0.8207642402352845	0.819078947368421	249	63	47	51.98320725387557	0.8783844190235568	1.3333333333333333
split_rescue_p0.1_sx300_ani0.93_af0.3_b0.3_d10_top2	0,1,2	0.8207642402352845	0.819078947368421	249	63	47	51.98320725387557	0.8783844190235568	1.3333333333333333
split_rescue_p0.2_sx300_ani0.93_af0.3_b0.2_d10_top0	0,1,2	0.8207642402352845	0.819078947368421	249	63	47	51.98320725387557	0.8783844190235568	1.3333333333333333
split_rescue_p0.2_sx300_ani0.93_af0.3_b0.2_d10_top1	0,1,2	0.8207642402352845	0.819078947368421	249	63	47	51.98320725387557	0.8783844190235568	1.3333333333333333
split_rescue_p0.2_sx300_ani0.93_af0.3_b0.2_d10_top2	0,1,2	0.8207642402352845	0.819078947368421	249	63	47	51.98320725387557	0.8783844190235568	1.3333333333333333
split_rescue_p0.2_sx300_ani0.93_af0.3_b0.3_d10_top0	0,1,2	0.8207642402352845	0.819078947368421	249	63	47	51.98320725387557	0.8783844190235568	1.3333333333333333
split_rescue_p0.2_sx300_ani0.93_af0.3_b0.3_d10_top1	0,1,2	0.8207642402352845	0.819078947368421	249	63	47	51.98320725387557	0.8783844190235568	1.3333333333333333
split_rescue_p0.2_sx300_ani0.93_af0.3_b0.3_d10_top2	0,1,2	0.8207642402352845	0.819078947368421	249	63	47	51.98320725387557	0.8783844190235568	1.3333333333333333
split_rescue_p0_sx300_ani0.93_af0.3_b0.2_d1_top0	0,1,2	0.8206908334109899	0.8191999999999999	256	73	40	52.997248328229254	0.8963472846663129	7.0
split_rescue_p0.05_sx300_ani0.95_af0.3_b0.2_d10_top0	0,1,2	0.8204671932717996	0.819078947368421	249	63	47	50.49381652076077	0.8827332355018388	1.3333333333333333
split_rescue_p0.05_sx300_ani0.95_af0.3_b0.2_d10_top2	0,1,2	0.8204671932717996	0.819078947368421	249	63	47	50.49381652076077	0.8827332355018388	1.3333333333333333
split_rescue_p0.05_sx300_ani0.95_af0.5_b0.2_d10_top0	0,1,2	0.8204671932717996	0.819078947368421	249	63	47	50.49381652076077	0.8827332355018388	1.3333333333333333
split_rescue_p0.05_sx300_ani0.95_af0.5_b0.2_d10_top2	0,1,2	0.8204671932717996	0.819078947368421	249	63	47	50.49381652076077	0.8827332355018388	1.3333333333333333
split_rescue_p0.05_sx500_ani0.95_af0.3_b0.2_d10_top0	0,1,2	0.8204671932717996	0.819078947368421	249	63	47	50.49381652076077	0.8827332355018388	1.3333333333333333
split_rescue_p0.05_sx500_ani0.95_af0.3_b0.2_d10_top2	0,1,2	0.8204671932717996	0.819078947368421	249	63	47	50.49381652076077	0.8827332355018388	1.3333333333333333
split_rescue_p0.05_sx500_ani0.95_af0.5_b0.2_d10_top0	0,1,2	0.8204671932717996	0.819078947368421	249	63	47	50.49381652076077	0.8827332355018388	1.3333333333333333
split_rescue_p0.05_sx500_ani0.95_af0.5_b0.2_d10_top2	0,1,2	0.8204671932717996	0.819078947368421	249	63	47	50.49381652076077	0.8827332355018388	1.3333333333333333
split_rescue_p0.05_sx300_ani0.93_af0.3_b0.2_d2_top2	0,1,2	0.8201945952119626	0.8189233278955954	251	66	45	50.65389035786171	0.8858559737475269	3.0
split_rescue_p0.05_sx300_ani0.93_af0.3_b0.2_d5_top2	0,1,2	0.8201945952119626	0.8189233278955954	251	66	45	50.65389035786171	0.8858559737475269	3.0
split_rescue_p0.05_sx300_ani0.93_af0.3_b0.2_d10_top0	0,1,2	0.8200077993846095	0.8183306055646481	250	65	46	52.70903662150068	0.8818696196401744	2.3333333333333335
split_rescue_p0_sx300_ani0.95_af0.3_b0.2_d10_top0	0,1,2	0.8199670359276693	0.8183306055646481	250	65	46	52.14462488986867	0.8945300434016041	2.3333333333333335
split_rescue_p0_sx300_ani0.95_af0.3_b0.2_d10_top2	0,1,2	0.8199670359276693	0.8183306055646481	250	65	46	52.14462488986867	0.8945300434016041	2.3333333333333335
split_rescue_p0.05_sx650_ani0.93_af0.3_b0.2_d10_top0	0,1,2	0.8199363985215987	0.8184818481848185	248	62	48	57.27762729402745	0.8533281713364836	0.6666666666666666
split_rescue_p0.05_sx650_ani0.93_af0.3_b0.2_d10_top1	0,1,2	0.8199363985215987	0.8184818481848185	248	62	48	57.27762729402745	0.8533281713364836	0.6666666666666666
split_rescue_p0.05_sx650_ani0.93_af0.3_b0.2_d10_top2	0,1,2	0.8199363985215987	0.8184818481848185	248	62	48	57.27762729402745	0.8533281713364836	0.6666666666666666
split_rescue_p0.05_sx650_ani0.93_af0.5_b0.2_d10_top0	0,1,2	0.8199363985215987	0.8184818481848185	248	62	48	57.27762729402745	0.8533281713364836	0.6666666666666666
split_rescue_p0.05_sx650_ani0.93_af0.5_b0.2_d10_top1	0,1,2	0.8199363985215987	0.8184818481848185	248	62	48	57.27762729402745	0.8533281713364836	0.6666666666666666
split_rescue_p0.05_sx650_ani0.93_af0.5_b0.2_d10_top2	0,1,2	0.8199363985215987	0.8184818481848185	248	62	48	57.27762729402745	0.8533281713364836	0.6666666666666666
split_rescue_p0.1_sx650_ani0.93_af0.3_b0.2_d10_top0	0,1,2	0.8199363985215987	0.8184818481848185	248	62	48	57.27762729402745	0.8533281713364836	0.6666666666666666
split_rescue_p0.1_sx650_ani0.93_af0.3_b0.2_d10_top1	0,1,2	0.8199363985215987	0.8184818481848185	248	62	48	57.27762729402745	0.8533281713364836	0.6666666666666666
split_rescue_p0.1_sx650_ani0.93_af0.3_b0.2_d10_top2	0,1,2	0.8199363985215987	0.8184818481848185	248	62	48	57.27762729402745	0.8533281713364836	0.6666666666666666
split_rescue_p0.1_sx650_ani0.93_af0.5_b0.2_d10_top0	0,1,2	0.8199363985215987	0.8184818481848185	248	62	48	57.27762729402745	0.8533281713364836	0.6666666666666666
split_rescue_p0.1_sx650_ani0.93_af0.5_b0.2_d10_top1	0,1,2	0.8199363985215987	0.8184818481848185	248	62	48	57.27762729402745	0.8533281713364836	0.6666666666666666
split_rescue_p0.1_sx650_ani0.93_af0.5_b0.2_d10_top2	0,1,2	0.8199363985215987	0.8184818481848185	248	62	48	57.27762729402745	0.8533281713364836	0.6666666666666666
split_rescue_p0.02_sx300_ani0.93_af0.3_b0.45_d10_top0	0,1,2	0.819907282857466	0.8184818481848185	248	62	48	52.715033450670056	0.8786729205087062	0.6666666666666666
split_rescue_p0.02_sx300_ani0.93_af0.3_b0.45_d10_top1	0,1,2	0.819907282857466	0.8184818481848185	248	62	48	52.715033450670056	0.8786729205087062	0.6666666666666666
split_rescue_p0.02_sx300_ani0.93_af0.3_b0.45_d10_top2	0,1,2	0.819907282857466	0.8184818481848185	248	62	48	52.715033450670056	0.8786729205087062	0.6666666666666666
split_rescue_p0.02_sx300_ani0.93_af0.3_b0.45_d1_top0	0,1,2	0.819907282857466	0.8184818481848185	248	62	48	52.715033450670056	0.8786729205087062	0.6666666666666666
split_rescue_p0.02_sx300_ani0.93_af0.3_b0.45_d1_top1	0,1,2	0.819907282857466	0.8184818481848185	248	62	48	52.715033450670056	0.8786729205087062	0.6666666666666666
split_rescue_p0.02_sx300_ani0.93_af0.3_b0.45_d1_top2	0,1,2	0.819907282857466	0.8184818481848185	248	62	48	52.715033450670056	0.8786729205087062	0.6666666666666666
split_rescue_p0.02_sx300_ani0.93_af0.3_b0.45_d2_top0	0,1,2	0.819907282857466	0.8184818481848185	248	62	48	52.715033450670056	0.8786729205087062	0.6666666666666666
split_rescue_p0.02_sx300_ani0.93_af0.3_b0.45_d2_top1	0,1,2	0.819907282857466	0.8184818481848185	248	62	48	52.715033450670056	0.8786729205087062	0.6666666666666666
split_rescue_p0.02_sx300_ani0.93_af0.3_b0.45_d2_top2	0,1,2	0.819907282857466	0.8184818481848185	248	62	48	52.715033450670056	0.8786729205087062	0.6666666666666666
split_rescue_p0.02_sx300_ani0.93_af0.3_b0.45_d5_top0	0,1,2	0.819907282857466	0.8184818481848185	248	62	48	52.715033450670056	0.8786729205087062	0.6666666666666666
split_rescue_p0.02_sx300_ani0.93_af0.3_b0.45_d5_top1	0,1,2	0.819907282857466	0.8184818481848185	248	62	48	52.715033450670056	0.8786729205087062	0.6666666666666666
split_rescue_p0.02_sx300_ani0.93_af0.3_b0.45_d5_top2	0,1,2	0.819907282857466	0.8184818481848185	248	62	48	52.715033450670056	0.8786729205087062	0.6666666666666666
split_rescue_p0.02_sx300_ani0.93_af0.5_b0.45_d10_top0	0,1,2	0.819907282857466	0.8184818481848185	248	62	48	52.715033450670056	0.8786729205087062	0.6666666666666666
split_rescue_p0.02_sx300_ani0.93_af0.5_b0.45_d10_top1	0,1,2	0.819907282857466	0.8184818481848185	248	62	48	52.715033450670056	0.8786729205087062	0.6666666666666666
split_rescue_p0.02_sx300_ani0.93_af0.5_b0.45_d10_top2	0,1,2	0.819907282857466	0.8184818481848185	248	62	48	52.715033450670056	0.8786729205087062	0.6666666666666666
split_rescue_p0.02_sx300_ani0.93_af0.5_b0.45_d1_top0	0,1,2	0.819907282857466	0.8184818481848185	248	62	48	52.715033450670056	0.8786729205087062	0.6666666666666666
split_rescue_p0.02_sx300_ani0.93_af0.5_b0.45_d1_top1	0,1,2	0.819907282857466	0.8184818481848185	248	62	48	52.715033450670056	0.8786729205087062	0.6666666666666666
split_rescue_p0.02_sx300_ani0.93_af0.5_b0.45_d1_top2	0,1,2	0.819907282857466	0.8184818481848185	248	62	48	52.715033450670056	0.8786729205087062	0.6666666666666666
split_rescue_p0.02_sx300_ani0.93_af0.5_b0.45_d2_top0	0,1,2	0.819907282857466	0.8184818481848185	248	62	48	52.715033450670056	0.8786729205087062	0.6666666666666666
split_rescue_p0.02_sx300_ani0.93_af0.5_b0.45_d2_top1	0,1,2	0.819907282857466	0.8184818481848185	248	62	48	52.715033450670056	0.8786729205087062	0.6666666666666666
split_rescue_p0.02_sx300_ani0.93_af0.5_b0.45_d2_top2	0,1,2	0.819907282857466	0.8184818481848185	248	62	48	52.715033450670056	0.8786729205087062	0.6666666666666666
split_rescue_p0.02_sx300_ani0.93_af0.5_b0.45_d5_top0	0,1,2	0.819907282857466	0.8184818481848185	248	62	48	52.715033450670056	0.8786729205087062	0.6666666666666666
split_rescue_p0.02_sx300_ani0.93_af0.5_b0.45_d5_top1	0,1,2	0.819907282857466	0.8184818481848185	248	62	48	52.715033450670056	0.8786729205087062	0.6666666666666666
split_rescue_p0.02_sx300_ani0.93_af0.5_b0.45_d5_top2	0,1,2	0.819907282857466	0.8184818481848185	248	62	48	52.715033450670056	0.8786729205087062	0.6666666666666666
split_rescue_p0.02_sx300_ani0.95_af0.3_b0.45_d10_top0	0,1,2	0.819907282857466	0.8184818481848185	248	62	48	52.715033450670056	0.8786729205087062	0.6666666666666666
split_rescue_p0.02_sx300_ani0.95_af0.3_b0.45_d10_top1	0,1,2	0.819907282857466	0.8184818481848185	248	62	48	52.715033450670056	0.8786729205087062	0.6666666666666666
split_rescue_p0.02_sx300_ani0.95_af0.3_b0.45_d10_top2	0,1,2	0.819907282857466	0.8184818481848185	248	62	48	52.715033450670056	0.8786729205087062	0.6666666666666666
split_rescue_p0.02_sx300_ani0.95_af0.3_b0.45_d1_top0	0,1,2	0.819907282857466	0.8184818481848185	248	62	48	52.715033450670056	0.8786729205087062	0.6666666666666666
split_rescue_p0.02_sx300_ani0.95_af0.3_b0.45_d1_top1	0,1,2	0.819907282857466	0.8184818481848185	248	62	48	52.715033450670056	0.8786729205087062	0.6666666666666666
split_rescue_p0.02_sx300_ani0.95_af0.3_b0.45_d1_top2	0,1,2	0.819907282857466	0.8184818481848185	248	62	48	52.715033450670056	0.8786729205087062	0.6666666666666666
split_rescue_p0.02_sx300_ani0.95_af0.3_b0.45_d2_top0	0,1,2	0.819907282857466	0.8184818481848185	248	62	48	52.715033450670056	0.8786729205087062	0.6666666666666666
split_rescue_p0.02_sx300_ani0.95_af0.3_b0.45_d2_top1	0,1,2	0.819907282857466	0.8184818481848185	248	62	48	52.715033450670056	0.8786729205087062	0.6666666666666666
split_rescue_p0.02_sx300_ani0.95_af0.3_b0.45_d2_top2	0,1,2	0.819907282857466	0.8184818481848185	248	62	48	52.715033450670056	0.8786729205087062	0.6666666666666666
split_rescue_p0.02_sx300_ani0.95_af0.3_b0.45_d5_top0	0,1,2	0.819907282857466	0.8184818481848185	248	62	48	52.715033450670056	0.8786729205087062	0.6666666666666666
split_rescue_p0.02_sx300_ani0.95_af0.3_b0.45_d5_top1	0,1,2	0.819907282857466	0.8184818481848185	248	62	48	52.715033450670056	0.8786729205087062	0.6666666666666666
split_rescue_p0.02_sx300_ani0.95_af0.3_b0.45_d5_top2	0,1,2	0.819907282857466	0.8184818481848185	248	62	48	52.715033450670056	0.8786729205087062	0.6666666666666666
split_rescue_p0.02_sx300_ani0.95_af0.5_b0.45_d10_top0	0,1,2	0.819907282857466	0.8184818481848185	248	62	48	52.715033450670056	0.8786729205087062	0.6666666666666666
split_rescue_p0.02_sx300_ani0.95_af0.5_b0.45_d10_top1	0,1,2	0.819907282857466	0.8184818481848185	248	62	48	52.715033450670056	0.8786729205087062	0.6666666666666666
split_rescue_p0.02_sx300_ani0.95_af0.5_b0.45_d10_top2	0,1,2	0.819907282857466	0.8184818481848185	248	62	48	52.715033450670056	0.8786729205087062	0.6666666666666666
split_rescue_p0.02_sx300_ani0.95_af0.5_b0.45_d1_top0	0,1,2	0.819907282857466	0.8184818481848185	248	62	48	52.715033450670056	0.8786729205087062	0.6666666666666666
split_rescue_p0.02_sx300_ani0.95_af0.5_b0.45_d1_top1	0,1,2	0.819907282857466	0.8184818481848185	248	62	48	52.715033450670056	0.8786729205087062	0.6666666666666666
split_rescue_p0.02_sx300_ani0.95_af0.5_b0.45_d1_top2	0,1,2	0.819907282857466	0.8184818481848185	248	62	48	52.715033450670056	0.8786729205087062	0.6666666666666666
split_rescue_p0.02_sx300_ani0.95_af0.5_b0.45_d2_top0	0,1,2	0.819907282857466	0.8184818481848185	248	62	48	52.715033450670056	0.8786729205087062	0.6666666666666666
split_rescue_p0.02_sx300_ani0.95_af0.5_b0.45_d2_top1	0,1,2	0.819907282857466	0.8184818481848185	248	62	48	52.715033450670056	0.8786729205087062	0.6666666666666666
split_rescue_p0.02_sx300_ani0.95_af0.5_b0.45_d2_top2	0,1,2	0.819907282857466	0.8184818481848185	248	62	48	52.715033450670056	0.8786729205087062	0.6666666666666666
split_rescue_p0.02_sx300_ani0.95_af0.5_b0.45_d5_top0	0,1,2	0.819907282857466	0.8184818481848185	248	62	48	52.715033450670056	0.8786729205087062	0.6666666666666666
split_rescue_p0.02_sx300_ani0.95_af0.5_b0.45_d5_top1	0,1,2	0.819907282857466	0.8184818481848185	248	62	48	52.715033450670056	0.8786729205087062	0.6666666666666666
split_rescue_p0.02_sx300_ani0.95_af0.5_b0.45_d5_top2	0,1,2	0.819907282857466	0.8184818481848185	248	62	48	52.715033450670056	0.8786729205087062	0.6666666666666666
split_rescue_p0.02_sx500_ani0.93_af0.3_b0.45_d10_top0	0,1,2	0.819907282857466	0.8184818481848185	248	62	48	52.715033450670056	0.8786729205087062	0.6666666666666666
split_rescue_p0.02_sx500_ani0.93_af0.3_b0.45_d10_top1	0,1,2	0.819907282857466	0.8184818481848185	248	62	48	52.715033450670056	0.8786729205087062	0.6666666666666666
split_rescue_p0.02_sx500_ani0.93_af0.3_b0.45_d10_top2	0,1,2	0.819907282857466	0.8184818481848185	248	62	48	52.715033450670056	0.8786729205087062	0.6666666666666666
split_rescue_p0.02_sx500_ani0.93_af0.3_b0.45_d1_top0	0,1,2	0.819907282857466	0.8184818481848185	248	62	48	52.715033450670056	0.8786729205087062	0.6666666666666666
split_rescue_p0.02_sx500_ani0.93_af0.3_b0.45_d1_top1	0,1,2	0.819907282857466	0.8184818481848185	248	62	48	52.715033450670056	0.8786729205087062	0.6666666666666666
split_rescue_p0.02_sx500_ani0.93_af0.3_b0.45_d1_top2	0,1,2	0.819907282857466	0.8184818481848185	248	62	48	52.715033450670056	0.8786729205087062	0.6666666666666666
split_rescue_p0.02_sx500_ani0.93_af0.3_b0.45_d2_top0	0,1,2	0.819907282857466	0.8184818481848185	248	62	48	52.715033450670056	0.8786729205087062	0.6666666666666666
split_rescue_p0.02_sx500_ani0.93_af0.3_b0.45_d2_top1	0,1,2	0.819907282857466	0.8184818481848185	248	62	48	52.715033450670056	0.8786729205087062	0.6666666666666666
split_rescue_p0.02_sx500_ani0.93_af0.3_b0.45_d2_top2	0,1,2	0.819907282857466	0.8184818481848185	248	62	48	52.715033450670056	0.8786729205087062	0.6666666666666666
split_rescue_p0.02_sx500_ani0.93_af0.3_b0.45_d5_top0	0,1,2	0.819907282857466	0.8184818481848185	248	62	48	52.715033450670056	0.8786729205087062	0.6666666666666666
split_rescue_p0.02_sx500_ani0.93_af0.3_b0.45_d5_top1	0,1,2	0.819907282857466	0.8184818481848185	248	62	48	52.715033450670056	0.8786729205087062	0.6666666666666666
split_rescue_p0.02_sx500_ani0.93_af0.3_b0.45_d5_top2	0,1,2	0.819907282857466	0.8184818481848185	248	62	48	52.715033450670056	0.8786729205087062	0.6666666666666666
split_rescue_p0.02_sx500_ani0.93_af0.5_b0.45_d10_top0	0,1,2	0.819907282857466	0.8184818481848185	248	62	48	52.715033450670056	0.8786729205087062	0.6666666666666666
split_rescue_p0.02_sx500_ani0.93_af0.5_b0.45_d10_top1	0,1,2	0.819907282857466	0.8184818481848185	248	62	48	52.715033450670056	0.8786729205087062	0.6666666666666666
split_rescue_p0.02_sx500_ani0.93_af0.5_b0.45_d10_top2	0,1,2	0.819907282857466	0.8184818481848185	248	62	48	52.715033450670056	0.8786729205087062	0.6666666666666666
split_rescue_p0.02_sx500_ani0.93_af0.5_b0.45_d1_top0	0,1,2	0.819907282857466	0.8184818481848185	248	62	48	52.715033450670056	0.8786729205087062	0.6666666666666666
split_rescue_p0.02_sx500_ani0.93_af0.5_b0.45_d1_top1	0,1,2	0.819907282857466	0.8184818481848185	248	62	48	52.715033450670056	0.8786729205087062	0.6666666666666666
split_rescue_p0.02_sx500_ani0.93_af0.5_b0.45_d1_top2	0,1,2	0.819907282857466	0.8184818481848185	248	62	48	52.715033450670056	0.8786729205087062	0.6666666666666666
split_rescue_p0.02_sx500_ani0.93_af0.5_b0.45_d2_top0	0,1,2	0.819907282857466	0.8184818481848185	248	62	48	52.715033450670056	0.8786729205087062	0.6666666666666666
split_rescue_p0.02_sx500_ani0.93_af0.5_b0.45_d2_top1	0,1,2	0.819907282857466	0.8184818481848185	248	62	48	52.715033450670056	0.8786729205087062	0.6666666666666666
split_rescue_p0.02_sx500_ani0.93_af0.5_b0.45_d2_top2	0,1,2	0.819907282857466	0.8184818481848185	248	62	48	52.715033450670056	0.8786729205087062	0.6666666666666666
split_rescue_p0.02_sx500_ani0.93_af0.5_b0.45_d5_top0	0,1,2	0.819907282857466	0.8184818481848185	248	62	48	52.715033450670056	0.8786729205087062	0.6666666666666666
split_rescue_p0.02_sx500_ani0.93_af0.5_b0.45_d5_top1	0,1,2	0.819907282857466	0.8184818481848185	248	62	48	52.715033450670056	0.8786729205087062	0.6666666666666666
split_rescue_p0.02_sx500_ani0.93_af0.5_b0.45_d5_top2	0,1,2	0.819907282857466	0.8184818481848185	248	62	48	52.715033450670056	0.8786729205087062	0.6666666666666666
split_rescue_p0.02_sx500_ani0.95_af0.3_b0.45_d10_top0	0,1,2	0.819907282857466	0.8184818481848185	248	62	48	52.715033450670056	0.8786729205087062	0.6666666666666666
split_rescue_p0.02_sx500_ani0.95_af0.3_b0.45_d10_top1	0,1,2	0.819907282857466	0.8184818481848185	248	62	48	52.715033450670056	0.8786729205087062	0.6666666666666666
split_rescue_p0.02_sx500_ani0.95_af0.3_b0.45_d10_top2	0,1,2	0.819907282857466	0.8184818481848185	248	62	48	52.715033450670056	0.8786729205087062	0.6666666666666666
split_rescue_p0.02_sx500_ani0.95_af0.3_b0.45_d1_top0	0,1,2	0.819907282857466	0.8184818481848185	248	62	48	52.715033450670056	0.8786729205087062	0.6666666666666666
split_rescue_p0.02_sx500_ani0.95_af0.3_b0.45_d1_top1	0,1,2	0.819907282857466	0.8184818481848185	248	62	48	52.715033450670056	0.8786729205087062	0.6666666666666666
split_rescue_p0.02_sx500_ani0.95_af0.3_b0.45_d1_top2	0,1,2	0.819907282857466	0.8184818481848185	248	62	48	52.715033450670056	0.8786729205087062	0.6666666666666666
split_rescue_p0.02_sx500_ani0.95_af0.3_b0.45_d2_top0	0,1,2	0.819907282857466	0.8184818481848185	248	62	48	52.715033450670056	0.8786729205087062	0.6666666666666666
split_rescue_p0.02_sx500_ani0.95_af0.3_b0.45_d2_top1	0,1,2	0.819907282857466	0.8184818481848185	248	62	48	52.715033450670056	0.8786729205087062	0.6666666666666666
split_rescue_p0.02_sx500_ani0.95_af0.3_b0.45_d2_top2	0,1,2	0.819907282857466	0.8184818481848185	248	62	48	52.715033450670056	0.8786729205087062	0.6666666666666666
split_rescue_p0.02_sx500_ani0.95_af0.3_b0.45_d5_top0	0,1,2	0.819907282857466	0.8184818481848185	248	62	48	52.715033450670056	0.8786729205087062	0.6666666666666666
split_rescue_p0.02_sx500_ani0.95_af0.3_b0.45_d5_top1	0,1,2	0.819907282857466	0.8184818481848185	248	62	48	52.715033450670056	0.8786729205087062	0.6666666666666666
split_rescue_p0.02_sx500_ani0.95_af0.3_b0.45_d5_top2	0,1,2	0.819907282857466	0.8184818481848185	248	62	48	52.715033450670056	0.8786729205087062	0.6666666666666666
split_rescue_p0.02_sx500_ani0.95_af0.5_b0.45_d10_top0	0,1,2	0.819907282857466	0.8184818481848185	248	62	48	52.715033450670056	0.8786729205087062	0.6666666666666666
split_rescue_p0.02_sx500_ani0.95_af0.5_b0.45_d10_top1	0,1,2	0.819907282857466	0.8184818481848185	248	62	48	52.715033450670056	0.8786729205087062	0.6666666666666666
split_rescue_p0.02_sx500_ani0.95_af0.5_b0.45_d10_top2	0,1,2	0.819907282857466	0.8184818481848185	248	62	48	52.715033450670056	0.8786729205087062	0.6666666666666666
split_rescue_p0.02_sx500_ani0.95_af0.5_b0.45_d1_top0	0,1,2	0.819907282857466	0.8184818481848185	248	62	48	52.715033450670056	0.8786729205087062	0.6666666666666666
split_rescue_p0.02_sx500_ani0.95_af0.5_b0.45_d1_top1	0,1,2	0.819907282857466	0.8184818481848185	248	62	48	52.715033450670056	0.8786729205087062	0.6666666666666666
split_rescue_p0.02_sx500_ani0.95_af0.5_b0.45_d1_top2	0,1,2	0.819907282857466	0.8184818481848185	248	62	48	52.715033450670056	0.8786729205087062	0.6666666666666666
split_rescue_p0.02_sx500_ani0.95_af0.5_b0.45_d2_top0	0,1,2	0.819907282857466	0.8184818481848185	248	62	48	52.715033450670056	0.8786729205087062	0.6666666666666666
split_rescue_p0.02_sx500_ani0.95_af0.5_b0.45_d2_top1	0,1,2	0.819907282857466	0.8184818481848185	248	62	48	52.715033450670056	0.8786729205087062	0.6666666666666666
split_rescue_p0.02_sx500_ani0.95_af0.5_b0.45_d2_top2	0,1,2	0.819907282857466	0.8184818481848185	248	62	48	52.715033450670056	0.8786729205087062	0.6666666666666666
split_rescue_p0.02_sx500_ani0.95_af0.5_b0.45_d5_top0	0,1,2	0.819907282857466	0.8184818481848185	248	62	48	52.715033450670056	0.8786729205087062	0.6666666666666666
split_rescue_p0.02_sx500_ani0.95_af0.5_b0.45_d5_top1	0,1,2	0.819907282857466	0.8184818481848185	248	62	48	52.715033450670056	0.8786729205087062	0.6666666666666666
split_rescue_p0.02_sx500_ani0.95_af0.5_b0.45_d5_top2	0,1,2	0.819907282857466	0.8184818481848185	248	62	48	52.715033450670056	0.8786729205087062	0.6666666666666666
split_rescue_p0.05_sx300_ani0.93_af0.3_b0.35_d10_top0	0,1,2	0.819907282857466	0.8184818481848185	248	62	48	52.715033450670056	0.8786729205087062	0.6666666666666666
split_rescue_p0.05_sx300_ani0.93_af0.3_b0.35_d10_top1	0,1,2	0.819907282857466	0.8184818481848185	248	62	48	52.715033450670056	0.8786729205087062	0.6666666666666666
split_rescue_p0.05_sx300_ani0.93_af0.3_b0.35_d10_top2	0,1,2	0.819907282857466	0.8184818481848185	248	62	48	52.715033450670056	0.8786729205087062	0.6666666666666666
split_rescue_p0.05_sx300_ani0.93_af0.3_b0.35_d1_top0	0,1,2	0.819907282857466	0.8184818481848185	248	62	48	52.715033450670056	0.8786729205087062	0.6666666666666666
split_rescue_p0.05_sx300_ani0.93_af0.3_b0.35_d1_top1	0,1,2	0.819907282857466	0.8184818481848185	248	62	48	52.715033450670056	0.8786729205087062	0.6666666666666666
split_rescue_p0.05_sx300_ani0.93_af0.3_b0.35_d1_top2	0,1,2	0.819907282857466	0.8184818481848185	248	62	48	52.715033450670056	0.8786729205087062	0.6666666666666666
split_rescue_p0.05_sx300_ani0.93_af0.3_b0.35_d2_top0	0,1,2	0.819907282857466	0.8184818481848185	248	62	48	52.715033450670056	0.8786729205087062	0.6666666666666666
split_rescue_p0.05_sx300_ani0.93_af0.3_b0.35_d2_top1	0,1,2	0.819907282857466	0.8184818481848185	248	62	48	52.715033450670056	0.8786729205087062	0.6666666666666666
split_rescue_p0.05_sx300_ani0.93_af0.3_b0.35_d2_top2	0,1,2	0.819907282857466	0.8184818481848185	248	62	48	52.715033450670056	0.8786729205087062	0.6666666666666666
split_rescue_p0.05_sx300_ani0.93_af0.3_b0.35_d5_top0	0,1,2	0.819907282857466	0.8184818481848185	248	62	48	52.715033450670056	0.8786729205087062	0.6666666666666666
split_rescue_p0.05_sx300_ani0.93_af0.3_b0.35_d5_top1	0,1,2	0.819907282857466	0.8184818481848185	248	62	48	52.715033450670056	0.8786729205087062	0.6666666666666666
split_rescue_p0.05_sx300_ani0.93_af0.3_b0.35_d5_top2	0,1,2	0.819907282857466	0.8184818481848185	248	62	48	52.715033450670056	0.8786729205087062	0.6666666666666666
split_rescue_p0.05_sx300_ani0.93_af0.3_b0.45_d10_top0	0,1,2	0.819907282857466	0.8184818481848185	248	62	48	52.715033450670056	0.8786729205087062	0.6666666666666666
split_rescue_p0.05_sx300_ani0.93_af0.3_b0.45_d10_top1	0,1,2	0.819907282857466	0.8184818481848185	248	62	48	52.715033450670056	0.8786729205087062	0.6666666666666666
split_rescue_p0.05_sx300_ani0.93_af0.3_b0.45_d10_top2	0,1,2	0.819907282857466	0.8184818481848185	248	62	48	52.715033450670056	0.8786729205087062	0.6666666666666666
split_rescue_p0.05_sx300_ani0.93_af0.3_b0.45_d1_top0	0,1,2	0.819907282857466	0.8184818481848185	248	62	48	52.715033450670056	0.8786729205087062	0.6666666666666666
split_rescue_p0.05_sx300_ani0.93_af0.3_b0.45_d1_top1	0,1,2	0.819907282857466	0.8184818481848185	248	62	48	52.715033450670056	0.8786729205087062	0.6666666666666666
split_rescue_p0.05_sx300_ani0.93_af0.3_b0.45_d1_top2	0,1,2	0.819907282857466	0.8184818481848185	248	62	48	52.715033450670056	0.8786729205087062	0.6666666666666666
split_rescue_p0.05_sx300_ani0.93_af0.3_b0.45_d2_top0	0,1,2	0.819907282857466	0.8184818481848185	248	62	48	52.715033450670056	0.8786729205087062	0.6666666666666666
split_rescue_p0.05_sx300_ani0.93_af0.3_b0.45_d2_top1	0,1,2	0.819907282857466	0.8184818481848185	248	62	48	52.715033450670056	0.8786729205087062	0.6666666666666666
split_rescue_p0.05_sx300_ani0.93_af0.3_b0.45_d2_top2	0,1,2	0.819907282857466	0.8184818481848185	248	62	48	52.715033450670056	0.8786729205087062	0.6666666666666666
split_rescue_p0.05_sx300_ani0.93_af0.3_b0.45_d5_top0	0,1,2	0.819907282857466	0.8184818481848185	248	62	48	52.715033450670056	0.8786729205087062	0.6666666666666666
split_rescue_p0.05_sx300_ani0.93_af0.3_b0.45_d5_top1	0,1,2	0.819907282857466	0.8184818481848185	248	62	48	52.715033450670056	0.8786729205087062	0.6666666666666666
split_rescue_p0.05_sx300_ani0.93_af0.3_b0.45_d5_top2	0,1,2	0.819907282857466	0.8184818481848185	248	62	48	52.715033450670056	0.8786729205087062	0.6666666666666666
split_rescue_p0.05_sx300_ani0.93_af0.5_b0.35_d10_top0	0,1,2	0.819907282857466	0.8184818481848185	248	62	48	52.715033450670056	0.8786729205087062	0.6666666666666666
split_rescue_p0.05_sx300_ani0.93_af0.5_b0.35_d10_top1	0,1,2	0.819907282857466	0.8184818481848185	248	62	48	52.715033450670056	0.8786729205087062	0.6666666666666666
split_rescue_p0.05_sx300_ani0.93_af0.5_b0.35_d10_top2	0,1,2	0.819907282857466	0.8184818481848185	248	62	48	52.715033450670056	0.8786729205087062	0.6666666666666666
split_rescue_p0.05_sx300_ani0.93_af0.5_b0.35_d1_top0	0,1,2	0.819907282857466	0.8184818481848185	248	62	48	52.715033450670056	0.8786729205087062	0.6666666666666666
split_rescue_p0.05_sx300_ani0.93_af0.5_b0.35_d1_top1	0,1,2	0.819907282857466	0.8184818481848185	248	62	48	52.715033450670056	0.8786729205087062	0.6666666666666666
split_rescue_p0.05_sx300_ani0.93_af0.5_b0.35_d1_top2	0,1,2	0.819907282857466	0.8184818481848185	248	62	48	52.715033450670056	0.8786729205087062	0.6666666666666666
split_rescue_p0.05_sx300_ani0.93_af0.5_b0.35_d2_top0	0,1,2	0.819907282857466	0.8184818481848185	248	62	48	52.715033450670056	0.8786729205087062	0.6666666666666666
split_rescue_p0.05_sx300_ani0.93_af0.5_b0.35_d2_top1	0,1,2	0.819907282857466	0.8184818481848185	248	62	48	52.715033450670056	0.8786729205087062	0.6666666666666666
split_rescue_p0.05_sx300_ani0.93_af0.5_b0.35_d2_top2	0,1,2	0.819907282857466	0.8184818481848185	248	62	48	52.715033450670056	0.8786729205087062	0.6666666666666666
split_rescue_p0.05_sx300_ani0.93_af0.5_b0.35_d5_top0	0,1,2	0.819907282857466	0.8184818481848185	248	62	48	52.715033450670056	0.8786729205087062	0.6666666666666666
split_rescue_p0.05_sx300_ani0.93_af0.5_b0.35_d5_top1	0,1,2	0.819907282857466	0.8184818481848185	248	62	48	52.715033450670056	0.8786729205087062	0.6666666666666666
split_rescue_p0.05_sx300_ani0.93_af0.5_b0.35_d5_top2	0,1,2	0.819907282857466	0.8184818481848185	248	62	48	52.715033450670056	0.8786729205087062	0.6666666666666666
split_rescue_p0.05_sx300_ani0.93_af0.5_b0.45_d10_top0	0,1,2	0.819907282857466	0.8184818481848185	248	62	48	52.715033450670056	0.8786729205087062	0.6666666666666666
split_rescue_p0.05_sx300_ani0.93_af0.5_b0.45_d10_top1	0,1,2	0.819907282857466	0.8184818481848185	248	62	48	52.715033450670056	0.8786729205087062	0.6666666666666666
split_rescue_p0.05_sx300_ani0.93_af0.5_b0.45_d10_top2	0,1,2	0.819907282857466	0.8184818481848185	248	62	48	52.715033450670056	0.8786729205087062	0.6666666666666666
split_rescue_p0.05_sx300_ani0.93_af0.5_b0.45_d1_top0	0,1,2	0.819907282857466	0.8184818481848185	248	62	48	52.715033450670056	0.8786729205087062	0.6666666666666666
split_rescue_p0.05_sx300_ani0.93_af0.5_b0.45_d1_top1	0,1,2	0.819907282857466	0.8184818481848185	248	62	48	52.715033450670056	0.8786729205087062	0.6666666666666666
split_rescue_p0.05_sx300_ani0.93_af0.5_b0.45_d1_top2	0,1,2	0.819907282857466	0.8184818481848185	248	62	48	52.715033450670056	0.8786729205087062	0.6666666666666666
split_rescue_p0.05_sx300_ani0.93_af0.5_b0.45_d2_top0	0,1,2	0.819907282857466	0.8184818481848185	248	62	48	52.715033450670056	0.8786729205087062	0.6666666666666666
split_rescue_p0.05_sx300_ani0.93_af0.5_b0.45_d2_top1	0,1,2	0.819907282857466	0.8184818481848185	248	62	48	52.715033450670056	0.8786729205087062	0.6666666666666666
split_rescue_p0.05_sx300_ani0.93_af0.5_b0.45_d2_top2	0,1,2	0.819907282857466	0.8184818481848185	248	62	48	52.715033450670056	0.8786729205087062	0.6666666666666666
split_rescue_p0.05_sx300_ani0.93_af0.5_b0.45_d5_top0	0,1,2	0.819907282857466	0.8184818481848185	248	62	48	52.715033450670056	0.8786729205087062	0.6666666666666666
split_rescue_p0.05_sx300_ani0.93_af0.5_b0.45_d5_top1	0,1,2	0.819907282857466	0.8184818481848185	248	62	48	52.715033450670056	0.8786729205087062	0.6666666666666666
split_rescue_p0.05_sx300_ani0.93_af0.5_b0.45_d5_top2	0,1,2	0.819907282857466	0.8184818481848185	248	62	48	52.715033450670056	0.8786729205087062	0.6666666666666666
split_rescue_p0.05_sx300_ani0.95_af0.3_b0.35_d10_top0	0,1,2	0.819907282857466	0.8184818481848185	248	62	48	52.715033450670056	0.8786729205087062	0.6666666666666666
split_rescue_p0.05_sx300_ani0.95_af0.3_b0.35_d10_top1	0,1,2	0.819907282857466	0.8184818481848185	248	62	48	52.715033450670056	0.8786729205087062	0.6666666666666666
split_rescue_p0.05_sx300_ani0.95_af0.3_b0.35_d10_top2	0,1,2	0.819907282857466	0.8184818481848185	248	62	48	52.715033450670056	0.8786729205087062	0.6666666666666666
split_rescue_p0.05_sx300_ani0.95_af0.3_b0.35_d1_top0	0,1,2	0.819907282857466	0.8184818481848185	248	62	48	52.715033450670056	0.8786729205087062	0.6666666666666666
split_rescue_p0.05_sx300_ani0.95_af0.3_b0.35_d1_top1	0,1,2	0.819907282857466	0.8184818481848185	248	62	48	52.715033450670056	0.8786729205087062	0.6666666666666666
split_rescue_p0.05_sx300_ani0.95_af0.3_b0.35_d1_top2	0,1,2	0.819907282857466	0.8184818481848185	248	62	48	52.715033450670056	0.8786729205087062	0.6666666666666666
split_rescue_p0.05_sx300_ani0.95_af0.3_b0.35_d2_top0	0,1,2	0.819907282857466	0.8184818481848185	248	62	48	52.715033450670056	0.8786729205087062	0.6666666666666666
split_rescue_p0.05_sx300_ani0.95_af0.3_b0.35_d2_top1	0,1,2	0.819907282857466	0.8184818481848185	248	62	48	52.715033450670056	0.8786729205087062	0.6666666666666666
split_rescue_p0.05_sx300_ani0.95_af0.3_b0.35_d2_top2	0,1,2	0.819907282857466	0.8184818481848185	248	62	48	52.715033450670056	0.8786729205087062	0.6666666666666666
split_rescue_p0.05_sx300_ani0.95_af0.3_b0.35_d5_top0	0,1,2	0.819907282857466	0.8184818481848185	248	62	48	52.715033450670056	0.8786729205087062	0.6666666666666666
split_rescue_p0.05_sx300_ani0.95_af0.3_b0.35_d5_top1	0,1,2	0.819907282857466	0.8184818481848185	248	62	48	52.715033450670056	0.8786729205087062	0.6666666666666666
split_rescue_p0.05_sx300_ani0.95_af0.3_b0.35_d5_top2	0,1,2	0.819907282857466	0.8184818481848185	248	62	48	52.715033450670056	0.8786729205087062	0.6666666666666666
split_rescue_p0.05_sx300_ani0.95_af0.3_b0.45_d10_top0	0,1,2	0.819907282857466	0.8184818481848185	248	62	48	52.715033450670056	0.8786729205087062	0.6666666666666666
split_rescue_p0.05_sx300_ani0.95_af0.3_b0.45_d10_top1	0,1,2	0.819907282857466	0.8184818481848185	248	62	48	52.715033450670056	0.8786729205087062	0.6666666666666666
split_rescue_p0.05_sx300_ani0.95_af0.3_b0.45_d10_top2	0,1,2	0.819907282857466	0.8184818481848185	248	62	48	52.715033450670056	0.8786729205087062	0.6666666666666666
split_rescue_p0.05_sx300_ani0.95_af0.3_b0.45_d1_top0	0,1,2	0.819907282857466	0.8184818481848185	248	62	48	52.715033450670056	0.8786729205087062	0.6666666666666666
split_rescue_p0.05_sx300_ani0.95_af0.3_b0.45_d1_top1	0,1,2	0.819907282857466	0.8184818481848185	248	62	48	52.715033450670056	0.8786729205087062	0.6666666666666666
split_rescue_p0.05_sx300_ani0.95_af0.3_b0.45_d1_top2	0,1,2	0.819907282857466	0.8184818481848185	248	62	48	52.715033450670056	0.8786729205087062	0.6666666666666666
split_rescue_p0.05_sx300_ani0.95_af0.3_b0.45_d2_top0	0,1,2	0.819907282857466	0.8184818481848185	248	62	48	52.715033450670056	0.8786729205087062	0.6666666666666666
split_rescue_p0.05_sx300_ani0.95_af0.3_b0.45_d2_top1	0,1,2	0.819907282857466	0.8184818481848185	248	62	48	52.715033450670056	0.8786729205087062	0.6666666666666666
split_rescue_p0.05_sx300_ani0.95_af0.3_b0.45_d2_top2	0,1,2	0.819907282857466	0.8184818481848185	248	62	48	52.715033450670056	0.8786729205087062	0.6666666666666666
split_rescue_p0.05_sx300_ani0.95_af0.3_b0.45_d5_top0	0,1,2	0.819907282857466	0.8184818481848185	248	62	48	52.715033450670056	0.8786729205087062	0.6666666666666666
split_rescue_p0.05_sx300_ani0.95_af0.3_b0.45_d5_top1	0,1,2	0.819907282857466	0.8184818481848185	248	62	48	52.715033450670056	0.8786729205087062	0.6666666666666666
split_rescue_p0.05_sx300_ani0.95_af0.3_b0.45_d5_top2	0,1,2	0.819907282857466	0.8184818481848185	248	62	48	52.715033450670056	0.8786729205087062	0.6666666666666666
split_rescue_p0.05_sx300_ani0.95_af0.5_b0.35_d10_top0	0,1,2	0.819907282857466	0.8184818481848185	248	62	48	52.715033450670056	0.8786729205087062	0.6666666666666666
split_rescue_p0.05_sx300_ani0.95_af0.5_b0.35_d10_top1	0,1,2	0.819907282857466	0.8184818481848185	248	62	48	52.715033450670056	0.8786729205087062	0.6666666666666666
split_rescue_p0.05_sx300_ani0.95_af0.5_b0.35_d10_top2	0,1,2	0.819907282857466	0.8184818481848185	248	62	48	52.715033450670056	0.8786729205087062	0.6666666666666666
split_rescue_p0.05_sx300_ani0.95_af0.5_b0.35_d1_top0	0,1,2	0.819907282857466	0.8184818481848185	248	62	48	52.715033450670056	0.8786729205087062	0.6666666666666666
split_rescue_p0.05_sx300_ani0.95_af0.5_b0.35_d1_top1	0,1,2	0.819907282857466	0.8184818481848185	248	62	48	52.715033450670056	0.8786729205087062	0.6666666666666666
split_rescue_p0.05_sx300_ani0.95_af0.5_b0.35_d1_top2	0,1,2	0.819907282857466	0.8184818481848185	248	62	48	52.715033450670056	0.8786729205087062	0.6666666666666666
split_rescue_p0.05_sx300_ani0.95_af0.5_b0.35_d2_top0	0,1,2	0.819907282857466	0.8184818481848185	248	62	48	52.715033450670056	0.8786729205087062	0.6666666666666666
split_rescue_p0.05_sx300_ani0.95_af0.5_b0.35_d2_top1	0,1,2	0.819907282857466	0.8184818481848185	248	62	48	52.715033450670056	0.8786729205087062	0.6666666666666666
split_rescue_p0.05_sx300_ani0.95_af0.5_b0.35_d2_top2	0,1,2	0.819907282857466	0.8184818481848185	248	62	48	52.715033450670056	0.8786729205087062	0.6666666666666666
split_rescue_p0.05_sx300_ani0.95_af0.5_b0.35_d5_top0	0,1,2	0.819907282857466	0.8184818481848185	248	62	48	52.715033450670056	0.8786729205087062	0.6666666666666666
split_rescue_p0.05_sx300_ani0.95_af0.5_b0.35_d5_top1	0,1,2	0.819907282857466	0.8184818481848185	248	62	48	52.715033450670056	0.8786729205087062	0.6666666666666666
split_rescue_p0.05_sx300_ani0.95_af0.5_b0.35_d5_top2	0,1,2	0.819907282857466	0.8184818481848185	248	62	48	52.715033450670056	0.8786729205087062	0.6666666666666666
split_rescue_p0.05_sx300_ani0.95_af0.5_b0.45_d10_top0	0,1,2	0.819907282857466	0.8184818481848185	248	62	48	52.715033450670056	0.8786729205087062	0.6666666666666666
split_rescue_p0.05_sx300_ani0.95_af0.5_b0.45_d10_top1	0,1,2	0.819907282857466	0.8184818481848185	248	62	48	52.715033450670056	0.8786729205087062	0.6666666666666666
split_rescue_p0.05_sx300_ani0.95_af0.5_b0.45_d10_top2	0,1,2	0.819907282857466	0.8184818481848185	248	62	48	52.715033450670056	0.8786729205087062	0.6666666666666666
split_rescue_p0.05_sx300_ani0.95_af0.5_b0.45_d1_top0	0,1,2	0.819907282857466	0.8184818481848185	248	62	48	52.715033450670056	0.8786729205087062	0.6666666666666666
split_rescue_p0.05_sx300_ani0.95_af0.5_b0.45_d1_top1	0,1,2	0.819907282857466	0.8184818481848185	248	62	48	52.715033450670056	0.8786729205087062	0.6666666666666666
split_rescue_p0.05_sx300_ani0.95_af0.5_b0.45_d1_top2	0,1,2	0.819907282857466	0.8184818481848185	248	62	48	52.715033450670056	0.8786729205087062	0.6666666666666666
split_rescue_p0.05_sx300_ani0.95_af0.5_b0.45_d2_top0	0,1,2	0.819907282857466	0.8184818481848185	248	62	48	52.715033450670056	0.8786729205087062	0.6666666666666666
split_rescue_p0.05_sx300_ani0.95_af0.5_b0.45_d2_top1	0,1,2	0.819907282857466	0.8184818481848185	248	62	48	52.715033450670056	0.8786729205087062	0.6666666666666666
split_rescue_p0.05_sx300_ani0.95_af0.5_b0.45_d2_top2	0,1,2	0.819907282857466	0.8184818481848185	248	62	48	52.715033450670056	0.8786729205087062	0.6666666666666666
split_rescue_p0.05_sx300_ani0.95_af0.5_b0.45_d5_top0	0,1,2	0.819907282857466	0.8184818481848185	248	62	48	52.715033450670056	0.8786729205087062	0.6666666666666666
split_rescue_p0.05_sx300_ani0.95_af0.5_b0.45_d5_top1	0,1,2	0.819907282857466	0.8184818481848185	248	62	48	52.715033450670056	0.8786729205087062	0.6666666666666666
split_rescue_p0.05_sx300_ani0.95_af0.5_b0.45_d5_top2	0,1,2	0.819907282857466	0.8184818481848185	248	62	48	52.715033450670056	0.8786729205087062	0.6666666666666666
split_rescue_p0.05_sx500_ani0.93_af0.3_b0.35_d10_top0	0,1,2	0.819907282857466	0.8184818481848185	248	62	48	52.715033450670056	0.8786729205087062	0.6666666666666666
split_rescue_p0.05_sx500_ani0.93_af0.3_b0.35_d10_top1	0,1,2	0.819907282857466	0.8184818481848185	248	62	48	52.715033450670056	0.8786729205087062	0.6666666666666666
split_rescue_p0.05_sx500_ani0.93_af0.3_b0.35_d10_top2	0,1,2	0.819907282857466	0.8184818481848185	248	62	48	52.715033450670056	0.8786729205087062	0.6666666666666666
split_rescue_p0.05_sx500_ani0.93_af0.3_b0.35_d1_top0	0,1,2	0.819907282857466	0.8184818481848185	248	62	48	52.715033450670056	0.8786729205087062	0.6666666666666666
split_rescue_p0.05_sx500_ani0.93_af0.3_b0.35_d1_top1	0,1,2	0.819907282857466	0.8184818481848185	248	62	48	52.715033450670056	0.8786729205087062	0.6666666666666666
split_rescue_p0.05_sx500_ani0.93_af0.3_b0.35_d1_top2	0,1,2	0.819907282857466	0.8184818481848185	248	62	48	52.715033450670056	0.8786729205087062	0.6666666666666666
split_rescue_p0.05_sx500_ani0.93_af0.3_b0.35_d2_top0	0,1,2	0.819907282857466	0.8184818481848185	248	62	48	52.715033450670056	0.8786729205087062	0.6666666666666666
split_rescue_p0.05_sx500_ani0.93_af0.3_b0.35_d2_top1	0,1,2	0.819907282857466	0.8184818481848185	248	62	48	52.715033450670056	0.8786729205087062	0.6666666666666666
split_rescue_p0.05_sx500_ani0.93_af0.3_b0.35_d2_top2	0,1,2	0.819907282857466	0.8184818481848185	248	62	48	52.715033450670056	0.8786729205087062	0.6666666666666666
split_rescue_p0.05_sx500_ani0.93_af0.3_b0.35_d5_top0	0,1,2	0.819907282857466	0.8184818481848185	248	62	48	52.715033450670056	0.8786729205087062	0.6666666666666666
split_rescue_p0.05_sx500_ani0.93_af0.3_b0.35_d5_top1	0,1,2	0.819907282857466	0.8184818481848185	248	62	48	52.715033450670056	0.8786729205087062	0.6666666666666666
split_rescue_p0.05_sx500_ani0.93_af0.3_b0.35_d5_top2	0,1,2	0.819907282857466	0.8184818481848185	248	62	48	52.715033450670056	0.8786729205087062	0.6666666666666666
split_rescue_p0.05_sx500_ani0.93_af0.3_b0.45_d10_top0	0,1,2	0.819907282857466	0.8184818481848185	248	62	48	52.715033450670056	0.8786729205087062	0.6666666666666666
split_rescue_p0.05_sx500_ani0.93_af0.3_b0.45_d10_top1	0,1,2	0.819907282857466	0.8184818481848185	248	62	48	52.715033450670056	0.8786729205087062	0.6666666666666666
split_rescue_p0.05_sx500_ani0.93_af0.3_b0.45_d10_top2	0,1,2	0.819907282857466	0.8184818481848185	248	62	48	52.715033450670056	0.8786729205087062	0.6666666666666666
split_rescue_p0.05_sx500_ani0.93_af0.3_b0.45_d1_top0	0,1,2	0.819907282857466	0.8184818481848185	248	62	48	52.715033450670056	0.8786729205087062	0.6666666666666666
split_rescue_p0.05_sx500_ani0.93_af0.3_b0.45_d1_top1	0,1,2	0.819907282857466	0.8184818481848185	248	62	48	52.715033450670056	0.8786729205087062	0.6666666666666666
split_rescue_p0.05_sx500_ani0.93_af0.3_b0.45_d1_top2	0,1,2	0.819907282857466	0.8184818481848185	248	62	48	52.715033450670056	0.8786729205087062	0.6666666666666666
split_rescue_p0.05_sx500_ani0.93_af0.3_b0.45_d2_top0	0,1,2	0.819907282857466	0.8184818481848185	248	62	48	52.715033450670056	0.8786729205087062	0.6666666666666666
split_rescue_p0.05_sx500_ani0.93_af0.3_b0.45_d2_top1	0,1,2	0.819907282857466	0.8184818481848185	248	62	48	52.715033450670056	0.8786729205087062	0.6666666666666666
split_rescue_p0.05_sx500_ani0.93_af0.3_b0.45_d2_top2	0,1,2	0.819907282857466	0.8184818481848185	248	62	48	52.715033450670056	0.8786729205087062	0.6666666666666666
split_rescue_p0.05_sx500_ani0.93_af0.3_b0.45_d5_top0	0,1,2	0.819907282857466	0.8184818481848185	248	62	48	52.715033450670056	0.8786729205087062	0.6666666666666666
split_rescue_p0.05_sx500_ani0.93_af0.3_b0.45_d5_top1	0,1,2	0.819907282857466	0.8184818481848185	248	62	48	52.715033450670056	0.8786729205087062	0.6666666666666666
split_rescue_p0.05_sx500_ani0.93_af0.3_b0.45_d5_top2	0,1,2	0.819907282857466	0.8184818481848185	248	62	48	52.715033450670056	0.8786729205087062	0.6666666666666666
split_rescue_p0.05_sx500_ani0.93_af0.5_b0.35_d10_top0	0,1,2	0.819907282857466	0.8184818481848185	248	62	48	52.715033450670056	0.8786729205087062	0.6666666666666666
split_rescue_p0.05_sx500_ani0.93_af0.5_b0.35_d10_top1	0,1,2	0.819907282857466	0.8184818481848185	248	62	48	52.715033450670056	0.8786729205087062	0.6666666666666666
split_rescue_p0.05_sx500_ani0.93_af0.5_b0.35_d10_top2	0,1,2	0.819907282857466	0.8184818481848185	248	62	48	52.715033450670056	0.8786729205087062	0.6666666666666666
split_rescue_p0.05_sx500_ani0.93_af0.5_b0.35_d1_top0	0,1,2	0.819907282857466	0.8184818481848185	248	62	48	52.715033450670056	0.8786729205087062	0.6666666666666666
split_rescue_p0.05_sx500_ani0.93_af0.5_b0.35_d1_top1	0,1,2	0.819907282857466	0.8184818481848185	248	62	48	52.715033450670056	0.8786729205087062	0.6666666666666666
split_rescue_p0.05_sx500_ani0.93_af0.5_b0.35_d1_top2	0,1,2	0.819907282857466	0.8184818481848185	248	62	48	52.715033450670056	0.8786729205087062	0.6666666666666666
split_rescue_p0.05_sx500_ani0.93_af0.5_b0.35_d2_top0	0,1,2	0.819907282857466	0.8184818481848185	248	62	48	52.715033450670056	0.8786729205087062	0.6666666666666666
split_rescue_p0.05_sx500_ani0.93_af0.5_b0.35_d2_top1	0,1,2	0.819907282857466	0.8184818481848185	248	62	48	52.715033450670056	0.8786729205087062	0.6666666666666666
split_rescue_p0.05_sx500_ani0.93_af0.5_b0.35_d2_top2	0,1,2	0.819907282857466	0.8184818481848185	248	62	48	52.715033450670056	0.8786729205087062	0.6666666666666666
split_rescue_p0.05_sx500_ani0.93_af0.5_b0.35_d5_top0	0,1,2	0.819907282857466	0.8184818481848185	248	62	48	52.715033450670056	0.8786729205087062	0.6666666666666666
split_rescue_p0.05_sx500_ani0.93_af0.5_b0.35_d5_top1	0,1,2	0.819907282857466	0.8184818481848185	248	62	48	52.715033450670056	0.8786729205087062	0.6666666666666666
split_rescue_p0.05_sx500_ani0.93_af0.5_b0.35_d5_top2	0,1,2	0.819907282857466	0.8184818481848185	248	62	48	52.715033450670056	0.8786729205087062	0.6666666666666666
split_rescue_p0.05_sx500_ani0.93_af0.5_b0.45_d10_top0	0,1,2	0.819907282857466	0.8184818481848185	248	62	48	52.715033450670056	0.8786729205087062	0.6666666666666666
split_rescue_p0.05_sx500_ani0.93_af0.5_b0.45_d10_top1	0,1,2	0.819907282857466	0.8184818481848185	248	62	48	52.715033450670056	0.8786729205087062	0.6666666666666666
split_rescue_p0.05_sx500_ani0.93_af0.5_b0.45_d10_top2	0,1,2	0.819907282857466	0.8184818481848185	248	62	48	52.715033450670056	0.8786729205087062	0.6666666666666666
split_rescue_p0.05_sx500_ani0.93_af0.5_b0.45_d1_top0	0,1,2	0.819907282857466	0.8184818481848185	248	62	48	52.715033450670056	0.8786729205087062	0.6666666666666666
split_rescue_p0.05_sx500_ani0.93_af0.5_b0.45_d1_top1	0,1,2	0.819907282857466	0.8184818481848185	248	62	48	52.715033450670056	0.8786729205087062	0.6666666666666666
split_rescue_p0.05_sx500_ani0.93_af0.5_b0.45_d1_top2	0,1,2	0.819907282857466	0.8184818481848185	248	62	48	52.715033450670056	0.8786729205087062	0.6666666666666666
split_rescue_p0.05_sx500_ani0.93_af0.5_b0.45_d2_top0	0,1,2	0.819907282857466	0.8184818481848185	248	62	48	52.715033450670056	0.8786729205087062	0.6666666666666666
split_rescue_p0.05_sx500_ani0.93_af0.5_b0.45_d2_top1	0,1,2	0.819907282857466	0.8184818481848185	248	62	48	52.715033450670056	0.8786729205087062	0.6666666666666666
split_rescue_p0.05_sx500_ani0.93_af0.5_b0.45_d2_top2	0,1,2	0.819907282857466	0.8184818481848185	248	62	48	52.715033450670056	0.8786729205087062	0.6666666666666666
split_rescue_p0.05_sx500_ani0.93_af0.5_b0.45_d5_top0	0,1,2	0.819907282857466	0.8184818481848185	248	62	48	52.715033450670056	0.8786729205087062	0.6666666666666666
split_rescue_p0.05_sx500_ani0.93_af0.5_b0.45_d5_top1	0,1,2	0.819907282857466	0.8184818481848185	248	62	48	52.715033450670056	0.8786729205087062	0.6666666666666666
split_rescue_p0.05_sx500_ani0.93_af0.5_b0.45_d5_top2	0,1,2	0.819907282857466	0.8184818481848185	248	62	48	52.715033450670056	0.8786729205087062	0.6666666666666666
split_rescue_p0.05_sx500_ani0.95_af0.3_b0.35_d10_top0	0,1,2	0.819907282857466	0.8184818481848185	248	62	48	52.715033450670056	0.8786729205087062	0.6666666666666666
split_rescue_p0.05_sx500_ani0.95_af0.3_b0.35_d10_top1	0,1,2	0.819907282857466	0.8184818481848185	248	62	48	52.715033450670056	0.8786729205087062	0.6666666666666666
split_rescue_p0.05_sx500_ani0.95_af0.3_b0.35_d10_top2	0,1,2	0.819907282857466	0.8184818481848185	248	62	48	52.715033450670056	0.8786729205087062	0.6666666666666666
split_rescue_p0.05_sx500_ani0.95_af0.3_b0.35_d1_top0	0,1,2	0.819907282857466	0.8184818481848185	248	62	48	52.715033450670056	0.8786729205087062	0.6666666666666666
split_rescue_p0.05_sx500_ani0.95_af0.3_b0.35_d1_top1	0,1,2	0.819907282857466	0.8184818481848185	248	62	48	52.715033450670056	0.8786729205087062	0.6666666666666666
split_rescue_p0.05_sx500_ani0.95_af0.3_b0.35_d1_top2	0,1,2	0.819907282857466	0.8184818481848185	248	62	48	52.715033450670056	0.8786729205087062	0.6666666666666666
split_rescue_p0.05_sx500_ani0.95_af0.3_b0.35_d2_top0	0,1,2	0.819907282857466	0.8184818481848185	248	62	48	52.715033450670056	0.8786729205087062	0.6666666666666666
split_rescue_p0.05_sx500_ani0.95_af0.3_b0.35_d2_top1	0,1,2	0.819907282857466	0.8184818481848185	248	62	48	52.715033450670056	0.8786729205087062	0.6666666666666666
split_rescue_p0.05_sx500_ani0.95_af0.3_b0.35_d2_top2	0,1,2	0.819907282857466	0.8184818481848185	248	62	48	52.715033450670056	0.8786729205087062	0.6666666666666666
split_rescue_p0.05_sx500_ani0.95_af0.3_b0.35_d5_top0	0,1,2	0.819907282857466	0.8184818481848185	248	62	48	52.715033450670056	0.8786729205087062	0.6666666666666666
split_rescue_p0.05_sx500_ani0.95_af0.3_b0.35_d5_top1	0,1,2	0.819907282857466	0.8184818481848185	248	62	48	52.715033450670056	0.8786729205087062	0.6666666666666666
split_rescue_p0.05_sx500_ani0.95_af0.3_b0.35_d5_top2	0,1,2	0.819907282857466	0.8184818481848185	248	62	48	52.715033450670056	0.8786729205087062	0.6666666666666666
split_rescue_p0.05_sx500_ani0.95_af0.3_b0.45_d10_top0	0,1,2	0.819907282857466	0.8184818481848185	248	62	48	52.715033450670056	0.8786729205087062	0.6666666666666666
split_rescue_p0.05_sx500_ani0.95_af0.3_b0.45_d10_top1	0,1,2	0.819907282857466	0.8184818481848185	248	62	48	52.715033450670056	0.8786729205087062	0.6666666666666666
split_rescue_p0.05_sx500_ani0.95_af0.3_b0.45_d10_top2	0,1,2	0.819907282857466	0.8184818481848185	248	62	48	52.715033450670056	0.8786729205087062	0.6666666666666666
split_rescue_p0.05_sx500_ani0.95_af0.3_b0.45_d1_top0	0,1,2	0.819907282857466	0.8184818481848185	248	62	48	52.715033450670056	0.8786729205087062	0.6666666666666666
split_rescue_p0.05_sx500_ani0.95_af0.3_b0.45_d1_top1	0,1,2	0.819907282857466	0.8184818481848185	248	62	48	52.715033450670056	0.8786729205087062	0.6666666666666666
split_rescue_p0.05_sx500_ani0.95_af0.3_b0.45_d1_top2	0,1,2	0.819907282857466	0.8184818481848185	248	62	48	52.715033450670056	0.8786729205087062	0.6666666666666666
split_rescue_p0.05_sx500_ani0.95_af0.3_b0.45_d2_top0	0,1,2	0.819907282857466	0.8184818481848185	248	62	48	52.715033450670056	0.8786729205087062	0.6666666666666666
split_rescue_p0.05_sx500_ani0.95_af0.3_b0.45_d2_top1	0,1,2	0.819907282857466	0.8184818481848185	248	62	48	52.715033450670056	0.8786729205087062	0.6666666666666666
split_rescue_p0.05_sx500_ani0.95_af0.3_b0.45_d2_top2	0,1,2	0.819907282857466	0.8184818481848185	248	62	48	52.715033450670056	0.8786729205087062	0.6666666666666666
split_rescue_p0.05_sx500_ani0.95_af0.3_b0.45_d5_top0	0,1,2	0.819907282857466	0.8184818481848185	248	62	48	52.715033450670056	0.8786729205087062	0.6666666666666666
split_rescue_p0.05_sx500_ani0.95_af0.3_b0.45_d5_top1	0,1,2	0.819907282857466	0.8184818481848185	248	62	48	52.715033450670056	0.8786729205087062	0.6666666666666666
split_rescue_p0.05_sx500_ani0.95_af0.3_b0.45_d5_top2	0,1,2	0.819907282857466	0.8184818481848185	248	62	48	52.715033450670056	0.8786729205087062	0.6666666666666666
split_rescue_p0.05_sx500_ani0.95_af0.5_b0.35_d10_top0	0,1,2	0.819907282857466	0.8184818481848185	248	62	48	52.715033450670056	0.8786729205087062	0.6666666666666666
split_rescue_p0.05_sx500_ani0.95_af0.5_b0.35_d10_top1	0,1,2	0.819907282857466	0.8184818481848185	248	62	48	52.715033450670056	0.8786729205087062	0.6666666666666666
split_rescue_p0.05_sx500_ani0.95_af0.5_b0.35_d10_top2	0,1,2	0.819907282857466	0.8184818481848185	248	62	48	52.715033450670056	0.8786729205087062	0.6666666666666666
split_rescue_p0.05_sx500_ani0.95_af0.5_b0.35_d1_top0	0,1,2	0.819907282857466	0.8184818481848185	248	62	48	52.715033450670056	0.8786729205087062	0.6666666666666666
split_rescue_p0.05_sx500_ani0.95_af0.5_b0.35_d1_top1	0,1,2	0.819907282857466	0.8184818481848185	248	62	48	52.715033450670056	0.8786729205087062	0.6666666666666666
split_rescue_p0.05_sx500_ani0.95_af0.5_b0.35_d1_top2	0,1,2	0.819907282857466	0.8184818481848185	248	62	48	52.715033450670056	0.8786729205087062	0.6666666666666666
split_rescue_p0.05_sx500_ani0.95_af0.5_b0.35_d2_top0	0,1,2	0.819907282857466	0.8184818481848185	248	62	48	52.715033450670056	0.8786729205087062	0.6666666666666666
split_rescue_p0.05_sx500_ani0.95_af0.5_b0.35_d2_top1	0,1,2	0.819907282857466	0.8184818481848185	248	62	48	52.715033450670056	0.8786729205087062	0.6666666666666666
split_rescue_p0.05_sx500_ani0.95_af0.5_b0.35_d2_top2	0,1,2	0.819907282857466	0.8184818481848185	248	62	48	52.715033450670056	0.8786729205087062	0.6666666666666666
split_rescue_p0.05_sx500_ani0.95_af0.5_b0.35_d5_top0	0,1,2	0.819907282857466	0.8184818481848185	248	62	48	52.715033450670056	0.8786729205087062	0.6666666666666666
split_rescue_p0.05_sx500_ani0.95_af0.5_b0.35_d5_top1	0,1,2	0.819907282857466	0.8184818481848185	248	62	48	52.715033450670056	0.8786729205087062	0.6666666666666666
split_rescue_p0.05_sx500_ani0.95_af0.5_b0.35_d5_top2	0,1,2	0.819907282857466	0.8184818481848185	248	62	48	52.715033450670056	0.8786729205087062	0.6666666666666666
split_rescue_p0.05_sx500_ani0.95_af0.5_b0.45_d10_top0	0,1,2	0.819907282857466	0.8184818481848185	248	62	48	52.715033450670056	0.8786729205087062	0.6666666666666666
split_rescue_p0.05_sx500_ani0.95_af0.5_b0.45_d10_top1	0,1,2	0.819907282857466	0.8184818481848185	248	62	48	52.715033450670056	0.8786729205087062	0.6666666666666666
split_rescue_p0.05_sx500_ani0.95_af0.5_b0.45_d10_top2	0,1,2	0.819907282857466	0.8184818481848185	248	62	48	52.715033450670056	0.8786729205087062	0.6666666666666666
split_rescue_p0.05_sx500_ani0.95_af0.5_b0.45_d1_top0	0,1,2	0.819907282857466	0.8184818481848185	248	62	48	52.715033450670056	0.8786729205087062	0.6666666666666666
split_rescue_p0.05_sx500_ani0.95_af0.5_b0.45_d1_top1	0,1,2	0.819907282857466	0.8184818481848185	248	62	48	52.715033450670056	0.8786729205087062	0.6666666666666666
split_rescue_p0.05_sx500_ani0.95_af0.5_b0.45_d1_top2	0,1,2	0.819907282857466	0.8184818481848185	248	62	48	52.715033450670056	0.8786729205087062	0.6666666666666666
split_rescue_p0.05_sx500_ani0.95_af0.5_b0.45_d2_top0	0,1,2	0.819907282857466	0.8184818481848185	248	62	48	52.715033450670056	0.8786729205087062	0.6666666666666666
split_rescue_p0.05_sx500_ani0.95_af0.5_b0.45_d2_top1	0,1,2	0.819907282857466	0.8184818481848185	248	62	48	52.715033450670056	0.8786729205087062	0.6666666666666666
split_rescue_p0.05_sx500_ani0.95_af0.5_b0.45_d2_top2	0,1,2	0.819907282857466	0.8184818481848185	248	62	48	52.715033450670056	0.8786729205087062	0.6666666666666666
split_rescue_p0.05_sx500_ani0.95_af0.5_b0.45_d5_top0	0,1,2	0.819907282857466	0.8184818481848185	248	62	48	52.715033450670056	0.8786729205087062	0.6666666666666666
split_rescue_p0.05_sx500_ani0.95_af0.5_b0.45_d5_top1	0,1,2	0.819907282857466	0.8184818481848185	248	62	48	52.715033450670056	0.8786729205087062	0.6666666666666666
split_rescue_p0.05_sx500_ani0.95_af0.5_b0.45_d5_top2	0,1,2	0.819907282857466	0.8184818481848185	248	62	48	52.715033450670056	0.8786729205087062	0.6666666666666666
split_rescue_p0.1_sx300_ani0.93_af0.3_b0.35_d10_top0	0,1,2	0.819907282857466	0.8184818481848185	248	62	48	52.715033450670056	0.8786729205087062	0.6666666666666666
split_rescue_p0.1_sx300_ani0.93_af0.3_b0.35_d10_top1	0,1,2	0.819907282857466	0.8184818481848185	248	62	48	52.715033450670056	0.8786729205087062	0.6666666666666666
split_rescue_p0.1_sx300_ani0.93_af0.3_b0.35_d10_top2	0,1,2	0.819907282857466	0.8184818481848185	248	62	48	52.715033450670056	0.8786729205087062	0.6666666666666666
split_rescue_p0.1_sx300_ani0.93_af0.3_b0.35_d1_top0	0,1,2	0.819907282857466	0.8184818481848185	248	62	48	52.715033450670056	0.8786729205087062	0.6666666666666666
split_rescue_p0.1_sx300_ani0.93_af0.3_b0.35_d1_top1	0,1,2	0.819907282857466	0.8184818481848185	248	62	48	52.715033450670056	0.8786729205087062	0.6666666666666666
split_rescue_p0.1_sx300_ani0.93_af0.3_b0.35_d1_top2	0,1,2	0.819907282857466	0.8184818481848185	248	62	48	52.715033450670056	0.8786729205087062	0.6666666666666666
split_rescue_p0.1_sx300_ani0.93_af0.3_b0.35_d2_top0	0,1,2	0.819907282857466	0.8184818481848185	248	62	48	52.715033450670056	0.8786729205087062	0.6666666666666666
split_rescue_p0.1_sx300_ani0.93_af0.3_b0.35_d2_top1	0,1,2	0.819907282857466	0.8184818481848185	248	62	48	52.715033450670056	0.8786729205087062	0.6666666666666666
split_rescue_p0.1_sx300_ani0.93_af0.3_b0.35_d2_top2	0,1,2	0.819907282857466	0.8184818481848185	248	62	48	52.715033450670056	0.8786729205087062	0.6666666666666666
split_rescue_p0.1_sx300_ani0.93_af0.3_b0.35_d5_top0	0,1,2	0.819907282857466	0.8184818481848185	248	62	48	52.715033450670056	0.8786729205087062	0.6666666666666666
split_rescue_p0.1_sx300_ani0.93_af0.3_b0.35_d5_top1	0,1,2	0.819907282857466	0.8184818481848185	248	62	48	52.715033450670056	0.8786729205087062	0.6666666666666666
split_rescue_p0.1_sx300_ani0.93_af0.3_b0.35_d5_top2	0,1,2	0.819907282857466	0.8184818481848185	248	62	48	52.715033450670056	0.8786729205087062	0.6666666666666666
split_rescue_p0.1_sx300_ani0.93_af0.3_b0.45_d10_top0	0,1,2	0.819907282857466	0.8184818481848185	248	62	48	52.715033450670056	0.8786729205087062	0.6666666666666666
split_rescue_p0.1_sx300_ani0.93_af0.3_b0.45_d10_top1	0,1,2	0.819907282857466	0.8184818481848185	248	62	48	52.715033450670056	0.8786729205087062	0.6666666666666666
split_rescue_p0.1_sx300_ani0.93_af0.3_b0.45_d10_top2	0,1,2	0.819907282857466	0.8184818481848185	248	62	48	52.715033450670056	0.8786729205087062	0.6666666666666666
split_rescue_p0.1_sx300_ani0.93_af0.3_b0.45_d1_top0	0,1,2	0.819907282857466	0.8184818481848185	248	62	48	52.715033450670056	0.8786729205087062	0.6666666666666666
split_rescue_p0.1_sx300_ani0.93_af0.3_b0.45_d1_top1	0,1,2	0.819907282857466	0.8184818481848185	248	62	48	52.715033450670056	0.8786729205087062	0.6666666666666666
split_rescue_p0.1_sx300_ani0.93_af0.3_b0.45_d1_top2	0,1,2	0.819907282857466	0.8184818481848185	248	62	48	52.715033450670056	0.8786729205087062	0.6666666666666666
split_rescue_p0.1_sx300_ani0.93_af0.3_b0.45_d2_top0	0,1,2	0.819907282857466	0.8184818481848185	248	62	48	52.715033450670056	0.8786729205087062	0.6666666666666666
split_rescue_p0.1_sx300_ani0.93_af0.3_b0.45_d2_top1	0,1,2	0.819907282857466	0.8184818481848185	248	62	48	52.715033450670056	0.8786729205087062	0.6666666666666666
split_rescue_p0.1_sx300_ani0.93_af0.3_b0.45_d2_top2	0,1,2	0.819907282857466	0.8184818481848185	248	62	48	52.715033450670056	0.8786729205087062	0.6666666666666666
split_rescue_p0.1_sx300_ani0.93_af0.3_b0.45_d5_top0	0,1,2	0.819907282857466	0.8184818481848185	248	62	48	52.715033450670056	0.8786729205087062	0.6666666666666666
split_rescue_p0.1_sx300_ani0.93_af0.3_b0.45_d5_top1	0,1,2	0.819907282857466	0.8184818481848185	248	62	48	52.715033450670056	0.8786729205087062	0.6666666666666666
split_rescue_p0.1_sx300_ani0.93_af0.3_b0.45_d5_top2	0,1,2	0.819907282857466	0.8184818481848185	248	62	48	52.715033450670056	0.8786729205087062	0.6666666666666666
split_rescue_p0.1_sx300_ani0.93_af0.5_b0.35_d10_top0	0,1,2	0.819907282857466	0.8184818481848185	248	62	48	52.715033450670056	0.8786729205087062	0.6666666666666666
split_rescue_p0.1_sx300_ani0.93_af0.5_b0.35_d10_top1	0,1,2	0.819907282857466	0.8184818481848185	248	62	48	52.715033450670056	0.8786729205087062	0.6666666666666666
split_rescue_p0.1_sx300_ani0.93_af0.5_b0.35_d10_top2	0,1,2	0.819907282857466	0.8184818481848185	248	62	48	52.715033450670056	0.8786729205087062	0.6666666666666666
split_rescue_p0.1_sx300_ani0.93_af0.5_b0.35_d1_top0	0,1,2	0.819907282857466	0.8184818481848185	248	62	48	52.715033450670056	0.8786729205087062	0.6666666666666666
split_rescue_p0.1_sx300_ani0.93_af0.5_b0.35_d1_top1	0,1,2	0.819907282857466	0.8184818481848185	248	62	48	52.715033450670056	0.8786729205087062	0.6666666666666666
split_rescue_p0.1_sx300_ani0.93_af0.5_b0.35_d1_top2	0,1,2	0.819907282857466	0.8184818481848185	248	62	48	52.715033450670056	0.8786729205087062	0.6666666666666666
split_rescue_p0.1_sx300_ani0.93_af0.5_b0.35_d2_top0	0,1,2	0.819907282857466	0.8184818481848185	248	62	48	52.715033450670056	0.8786729205087062	0.6666666666666666
split_rescue_p0.1_sx300_ani0.93_af0.5_b0.35_d2_top1	0,1,2	0.819907282857466	0.8184818481848185	248	62	48	52.715033450670056	0.8786729205087062	0.6666666666666666
split_rescue_p0.1_sx300_ani0.93_af0.5_b0.35_d2_top2	0,1,2	0.819907282857466	0.8184818481848185	248	62	48	52.715033450670056	0.8786729205087062	0.6666666666666666
split_rescue_p0.1_sx300_ani0.93_af0.5_b0.35_d5_top0	0,1,2	0.819907282857466	0.8184818481848185	248	62	48	52.715033450670056	0.8786729205087062	0.6666666666666666
split_rescue_p0.1_sx300_ani0.93_af0.5_b0.35_d5_top1	0,1,2	0.819907282857466	0.8184818481848185	248	62	48	52.715033450670056	0.8786729205087062	0.6666666666666666
split_rescue_p0.1_sx300_ani0.93_af0.5_b0.35_d5_top2	0,1,2	0.819907282857466	0.8184818481848185	248	62	48	52.715033450670056	0.8786729205087062	0.6666666666666666
split_rescue_p0.1_sx300_ani0.93_af0.5_b0.45_d10_top0	0,1,2	0.819907282857466	0.8184818481848185	248	62	48	52.715033450670056	0.8786729205087062	0.6666666666666666
split_rescue_p0.1_sx300_ani0.93_af0.5_b0.45_d10_top1	0,1,2	0.819907282857466	0.8184818481848185	248	62	48	52.715033450670056	0.8786729205087062	0.6666666666666666
split_rescue_p0.1_sx300_ani0.93_af0.5_b0.45_d10_top2	0,1,2	0.819907282857466	0.8184818481848185	248	62	48	52.715033450670056	0.8786729205087062	0.6666666666666666
split_rescue_p0.1_sx300_ani0.93_af0.5_b0.45_d1_top0	0,1,2	0.819907282857466	0.8184818481848185	248	62	48	52.715033450670056	0.8786729205087062	0.6666666666666666
split_rescue_p0.1_sx300_ani0.93_af0.5_b0.45_d1_top1	0,1,2	0.819907282857466	0.8184818481848185	248	62	48	52.715033450670056	0.8786729205087062	0.6666666666666666
split_rescue_p0.1_sx300_ani0.93_af0.5_b0.45_d1_top2	0,1,2	0.819907282857466	0.8184818481848185	248	62	48	52.715033450670056	0.8786729205087062	0.6666666666666666
split_rescue_p0.1_sx300_ani0.93_af0.5_b0.45_d2_top0	0,1,2	0.819907282857466	0.8184818481848185	248	62	48	52.715033450670056	0.8786729205087062	0.6666666666666666
split_rescue_p0.1_sx300_ani0.93_af0.5_b0.45_d2_top1	0,1,2	0.819907282857466	0.8184818481848185	248	62	48	52.715033450670056	0.8786729205087062	0.6666666666666666
split_rescue_p0.1_sx300_ani0.93_af0.5_b0.45_d2_top2	0,1,2	0.819907282857466	0.8184818481848185	248	62	48	52.715033450670056	0.8786729205087062	0.6666666666666666
split_rescue_p0.1_sx300_ani0.93_af0.5_b0.45_d5_top0	0,1,2	0.819907282857466	0.8184818481848185	248	62	48	52.715033450670056	0.8786729205087062	0.6666666666666666
split_rescue_p0.1_sx300_ani0.93_af0.5_b0.45_d5_top1	0,1,2	0.819907282857466	0.8184818481848185	248	62	48	52.715033450670056	0.8786729205087062	0.6666666666666666
split_rescue_p0.1_sx300_ani0.93_af0.5_b0.45_d5_top2	0,1,2	0.819907282857466	0.8184818481848185	248	62	48	52.715033450670056	0.8786729205087062	0.6666666666666666
split_rescue_p0.1_sx300_ani0.95_af0.3_b0.35_d10_top0	0,1,2	0.819907282857466	0.8184818481848185	248	62	48	52.715033450670056	0.8786729205087062	0.6666666666666666
split_rescue_p0.1_sx300_ani0.95_af0.3_b0.35_d10_top1	0,1,2	0.819907282857466	0.8184818481848185	248	62	48	52.715033450670056	0.8786729205087062	0.6666666666666666
split_rescue_p0.1_sx300_ani0.95_af0.3_b0.35_d10_top2	0,1,2	0.819907282857466	0.8184818481848185	248	62	48	52.715033450670056	0.8786729205087062	0.6666666666666666
split_rescue_p0.1_sx300_ani0.95_af0.3_b0.35_d1_top0	0,1,2	0.819907282857466	0.8184818481848185	248	62	48	52.715033450670056	0.8786729205087062	0.6666666666666666
split_rescue_p0.1_sx300_ani0.95_af0.3_b0.35_d1_top1	0,1,2	0.819907282857466	0.8184818481848185	248	62	48	52.715033450670056	0.8786729205087062	0.6666666666666666
split_rescue_p0.1_sx300_ani0.95_af0.3_b0.35_d1_top2	0,1,2	0.819907282857466	0.8184818481848185	248	62	48	52.715033450670056	0.8786729205087062	0.6666666666666666
split_rescue_p0.1_sx300_ani0.95_af0.3_b0.35_d2_top0	0,1,2	0.819907282857466	0.8184818481848185	248	62	48	52.715033450670056	0.8786729205087062	0.6666666666666666
split_rescue_p0.1_sx300_ani0.95_af0.3_b0.35_d2_top1	0,1,2	0.819907282857466	0.8184818481848185	248	62	48	52.715033450670056	0.8786729205087062	0.6666666666666666
split_rescue_p0.1_sx300_ani0.95_af0.3_b0.35_d2_top2	0,1,2	0.819907282857466	0.8184818481848185	248	62	48	52.715033450670056	0.8786729205087062	0.6666666666666666
split_rescue_p0.1_sx300_ani0.95_af0.3_b0.35_d5_top0	0,1,2	0.819907282857466	0.8184818481848185	248	62	48	52.715033450670056	0.8786729205087062	0.6666666666666666
split_rescue_p0.1_sx300_ani0.95_af0.3_b0.35_d5_top1	0,1,2	0.819907282857466	0.8184818481848185	248	62	48	52.715033450670056	0.8786729205087062	0.6666666666666666
split_rescue_p0.1_sx300_ani0.95_af0.3_b0.35_d5_top2	0,1,2	0.819907282857466	0.8184818481848185	248	62	48	52.715033450670056	0.8786729205087062	0.6666666666666666
split_rescue_p0.1_sx300_ani0.95_af0.3_b0.45_d10_top0	0,1,2	0.819907282857466	0.8184818481848185	248	62	48	52.715033450670056	0.8786729205087062	0.6666666666666666
split_rescue_p0.1_sx300_ani0.95_af0.3_b0.45_d10_top1	0,1,2	0.819907282857466	0.8184818481848185	248	62	48	52.715033450670056	0.8786729205087062	0.6666666666666666
split_rescue_p0.1_sx300_ani0.95_af0.3_b0.45_d10_top2	0,1,2	0.819907282857466	0.8184818481848185	248	62	48	52.715033450670056	0.8786729205087062	0.6666666666666666
split_rescue_p0.1_sx300_ani0.95_af0.3_b0.45_d1_top0	0,1,2	0.819907282857466	0.8184818481848185	248	62	48	52.715033450670056	0.8786729205087062	0.6666666666666666
split_rescue_p0.1_sx300_ani0.95_af0.3_b0.45_d1_top1	0,1,2	0.819907282857466	0.8184818481848185	248	62	48	52.715033450670056	0.8786729205087062	0.6666666666666666
split_rescue_p0.1_sx300_ani0.95_af0.3_b0.45_d1_top2	0,1,2	0.819907282857466	0.8184818481848185	248	62	48	52.715033450670056	0.8786729205087062	0.6666666666666666
split_rescue_p0.1_sx300_ani0.95_af0.3_b0.45_d2_top0	0,1,2	0.819907282857466	0.8184818481848185	248	62	48	52.715033450670056	0.8786729205087062	0.6666666666666666
split_rescue_p0.1_sx300_ani0.95_af0.3_b0.45_d2_top1	0,1,2	0.819907282857466	0.8184818481848185	248	62	48	52.715033450670056	0.8786729205087062	0.6666666666666666
split_rescue_p0.1_sx300_ani0.95_af0.3_b0.45_d2_top2	0,1,2	0.819907282857466	0.8184818481848185	248	62	48	52.715033450670056	0.8786729205087062	0.6666666666666666
split_rescue_p0.1_sx300_ani0.95_af0.3_b0.45_d5_top0	0,1,2	0.819907282857466	0.8184818481848185	248	62	48	52.715033450670056	0.8786729205087062	0.6666666666666666
split_rescue_p0.1_sx300_ani0.95_af0.3_b0.45_d5_top1	0,1,2	0.819907282857466	0.8184818481848185	248	62	48	52.715033450670056	0.8786729205087062	0.6666666666666666
split_rescue_p0.1_sx300_ani0.95_af0.3_b0.45_d5_top2	0,1,2	0.819907282857466	0.8184818481848185	248	62	48	52.715033450670056	0.8786729205087062	0.6666666666666666
split_rescue_p0.1_sx300_ani0.95_af0.5_b0.35_d10_top0	0,1,2	0.819907282857466	0.8184818481848185	248	62	48	52.715033450670056	0.8786729205087062	0.6666666666666666
split_rescue_p0.1_sx300_ani0.95_af0.5_b0.35_d10_top1	0,1,2	0.819907282857466	0.8184818481848185	248	62	48	52.715033450670056	0.8786729205087062	0.6666666666666666
split_rescue_p0.1_sx300_ani0.95_af0.5_b0.35_d10_top2	0,1,2	0.819907282857466	0.8184818481848185	248	62	48	52.715033450670056	0.8786729205087062	0.6666666666666666
split_rescue_p0.1_sx300_ani0.95_af0.5_b0.35_d1_top0	0,1,2	0.819907282857466	0.8184818481848185	248	62	48	52.715033450670056	0.8786729205087062	0.6666666666666666
split_rescue_p0.1_sx300_ani0.95_af0.5_b0.35_d1_top1	0,1,2	0.819907282857466	0.8184818481848185	248	62	48	52.715033450670056	0.8786729205087062	0.6666666666666666
split_rescue_p0.1_sx300_ani0.95_af0.5_b0.35_d1_top2	0,1,2	0.819907282857466	0.8184818481848185	248	62	48	52.715033450670056	0.8786729205087062	0.6666666666666666
split_rescue_p0.1_sx300_ani0.95_af0.5_b0.35_d2_top0	0,1,2	0.819907282857466	0.8184818481848185	248	62	48	52.715033450670056	0.8786729205087062	0.6666666666666666
split_rescue_p0.1_sx300_ani0.95_af0.5_b0.35_d2_top1	0,1,2	0.819907282857466	0.8184818481848185	248	62	48	52.715033450670056	0.8786729205087062	0.6666666666666666
split_rescue_p0.1_sx300_ani0.95_af0.5_b0.35_d2_top2	0,1,2	0.819907282857466	0.8184818481848185	248	62	48	52.715033450670056	0.8786729205087062	0.6666666666666666
split_rescue_p0.1_sx300_ani0.95_af0.5_b0.35_d5_top0	0,1,2	0.819907282857466	0.8184818481848185	248	62	48	52.715033450670056	0.8786729205087062	0.6666666666666666
split_rescue_p0.1_sx300_ani0.95_af0.5_b0.35_d5_top1	0,1,2	0.819907282857466	0.8184818481848185	248	62	48	52.715033450670056	0.8786729205087062	0.6666666666666666
split_rescue_p0.1_sx300_ani0.95_af0.5_b0.35_d5_top2	0,1,2	0.819907282857466	0.8184818481848185	248	62	48	52.715033450670056	0.8786729205087062	0.6666666666666666
split_rescue_p0.1_sx300_ani0.95_af0.5_b0.45_d10_top0	0,1,2	0.819907282857466	0.8184818481848185	248	62	48	52.715033450670056	0.8786729205087062	0.6666666666666666
split_rescue_p0.1_sx300_ani0.95_af0.5_b0.45_d10_top1	0,1,2	0.819907282857466	0.8184818481848185	248	62	48	52.715033450670056	0.8786729205087062	0.6666666666666666
split_rescue_p0.1_sx300_ani0.95_af0.5_b0.45_d10_top2	0,1,2	0.819907282857466	0.8184818481848185	248	62	48	52.715033450670056	0.8786729205087062	0.6666666666666666
split_rescue_p0.1_sx300_ani0.95_af0.5_b0.45_d1_top0	0,1,2	0.819907282857466	0.8184818481848185	248	62	48	52.715033450670056	0.8786729205087062	0.6666666666666666
split_rescue_p0.1_sx300_ani0.95_af0.5_b0.45_d1_top1	0,1,2	0.819907282857466	0.8184818481848185	248	62	48	52.715033450670056	0.8786729205087062	0.6666666666666666
split_rescue_p0.1_sx300_ani0.95_af0.5_b0.45_d1_top2	0,1,2	0.819907282857466	0.8184818481848185	248	62	48	52.715033450670056	0.8786729205087062	0.6666666666666666
split_rescue_p0.1_sx300_ani0.95_af0.5_b0.45_d2_top0	0,1,2	0.819907282857466	0.8184818481848185	248	62	48	52.715033450670056	0.8786729205087062	0.6666666666666666
split_rescue_p0.1_sx300_ani0.95_af0.5_b0.45_d2_top1	0,1,2	0.819907282857466	0.8184818481848185	248	62	48	52.715033450670056	0.8786729205087062	0.6666666666666666
split_rescue_p0.1_sx300_ani0.95_af0.5_b0.45_d2_top2	0,1,2	0.819907282857466	0.8184818481848185	248	62	48	52.715033450670056	0.8786729205087062	0.6666666666666666
split_rescue_p0.1_sx300_ani0.95_af0.5_b0.45_d5_top0	0,1,2	0.819907282857466	0.8184818481848185	248	62	48	52.715033450670056	0.8786729205087062	0.6666666666666666
split_rescue_p0.1_sx300_ani0.95_af0.5_b0.45_d5_top1	0,1,2	0.819907282857466	0.8184818481848185	248	62	48	52.715033450670056	0.8786729205087062	0.6666666666666666
split_rescue_p0.1_sx300_ani0.95_af0.5_b0.45_d5_top2	0,1,2	0.819907282857466	0.8184818481848185	248	62	48	52.715033450670056	0.8786729205087062	0.6666666666666666
split_rescue_p0.1_sx500_ani0.93_af0.3_b0.35_d10_top0	0,1,2	0.819907282857466	0.8184818481848185	248	62	48	52.715033450670056	0.8786729205087062	0.6666666666666666
split_rescue_p0.1_sx500_ani0.93_af0.3_b0.35_d10_top1	0,1,2	0.819907282857466	0.8184818481848185	248	62	48	52.715033450670056	0.8786729205087062	0.6666666666666666
split_rescue_p0.1_sx500_ani0.93_af0.3_b0.35_d10_top2	0,1,2	0.819907282857466	0.8184818481848185	248	62	48	52.715033450670056	0.8786729205087062	0.6666666666666666
split_rescue_p0.1_sx500_ani0.93_af0.3_b0.35_d1_top0	0,1,2	0.819907282857466	0.8184818481848185	248	62	48	52.715033450670056	0.8786729205087062	0.6666666666666666
split_rescue_p0.1_sx500_ani0.93_af0.3_b0.35_d1_top1	0,1,2	0.819907282857466	0.8184818481848185	248	62	48	52.715033450670056	0.8786729205087062	0.6666666666666666
split_rescue_p0.1_sx500_ani0.93_af0.3_b0.35_d1_top2	0,1,2	0.819907282857466	0.8184818481848185	248	62	48	52.715033450670056	0.8786729205087062	0.6666666666666666
split_rescue_p0.1_sx500_ani0.93_af0.3_b0.35_d2_top0	0,1,2	0.819907282857466	0.8184818481848185	248	62	48	52.715033450670056	0.8786729205087062	0.6666666666666666
split_rescue_p0.1_sx500_ani0.93_af0.3_b0.35_d2_top1	0,1,2	0.819907282857466	0.8184818481848185	248	62	48	52.715033450670056	0.8786729205087062	0.6666666666666666
split_rescue_p0.1_sx500_ani0.93_af0.3_b0.35_d2_top2	0,1,2	0.819907282857466	0.8184818481848185	248	62	48	52.715033450670056	0.8786729205087062	0.6666666666666666
split_rescue_p0.1_sx500_ani0.93_af0.3_b0.35_d5_top0	0,1,2	0.819907282857466	0.8184818481848185	248	62	48	52.715033450670056	0.8786729205087062	0.6666666666666666
split_rescue_p0.1_sx500_ani0.93_af0.3_b0.35_d5_top1	0,1,2	0.819907282857466	0.8184818481848185	248	62	48	52.715033450670056	0.8786729205087062	0.6666666666666666
split_rescue_p0.1_sx500_ani0.93_af0.3_b0.35_d5_top2	0,1,2	0.819907282857466	0.8184818481848185	248	62	48	52.715033450670056	0.8786729205087062	0.6666666666666666
split_rescue_p0.1_sx500_ani0.93_af0.3_b0.45_d10_top0	0,1,2	0.819907282857466	0.8184818481848185	248	62	48	52.715033450670056	0.8786729205087062	0.6666666666666666
split_rescue_p0.1_sx500_ani0.93_af0.3_b0.45_d10_top1	0,1,2	0.819907282857466	0.8184818481848185	248	62	48	52.715033450670056	0.8786729205087062	0.6666666666666666
split_rescue_p0.1_sx500_ani0.93_af0.3_b0.45_d10_top2	0,1,2	0.819907282857466	0.8184818481848185	248	62	48	52.715033450670056	0.8786729205087062	0.6666666666666666
split_rescue_p0.1_sx500_ani0.93_af0.3_b0.45_d1_top0	0,1,2	0.819907282857466	0.8184818481848185	248	62	48	52.715033450670056	0.8786729205087062	0.6666666666666666
split_rescue_p0.1_sx500_ani0.93_af0.3_b0.45_d1_top1	0,1,2	0.819907282857466	0.8184818481848185	248	62	48	52.715033450670056	0.8786729205087062	0.6666666666666666
split_rescue_p0.1_sx500_ani0.93_af0.3_b0.45_d1_top2	0,1,2	0.819907282857466	0.8184818481848185	248	62	48	52.715033450670056	0.8786729205087062	0.6666666666666666
split_rescue_p0.1_sx500_ani0.93_af0.3_b0.45_d2_top0	0,1,2	0.819907282857466	0.8184818481848185	248	62	48	52.715033450670056	0.8786729205087062	0.6666666666666666
split_rescue_p0.1_sx500_ani0.93_af0.3_b0.45_d2_top1	0,1,2	0.819907282857466	0.8184818481848185	248	62	48	52.715033450670056	0.8786729205087062	0.6666666666666666
split_rescue_p0.1_sx500_ani0.93_af0.3_b0.45_d2_top2	0,1,2	0.819907282857466	0.8184818481848185	248	62	48	52.715033450670056	0.8786729205087062	0.6666666666666666
split_rescue_p0.1_sx500_ani0.93_af0.3_b0.45_d5_top0	0,1,2	0.819907282857466	0.8184818481848185	248	62	48	52.715033450670056	0.8786729205087062	0.6666666666666666
split_rescue_p0.1_sx500_ani0.93_af0.3_b0.45_d5_top1	0,1,2	0.819907282857466	0.8184818481848185	248	62	48	52.715033450670056	0.8786729205087062	0.6666666666666666
split_rescue_p0.1_sx500_ani0.93_af0.3_b0.45_d5_top2	0,1,2	0.819907282857466	0.8184818481848185	248	62	48	52.715033450670056	0.8786729205087062	0.6666666666666666
split_rescue_p0.1_sx500_ani0.93_af0.5_b0.35_d10_top0	0,1,2	0.819907282857466	0.8184818481848185	248	62	48	52.715033450670056	0.8786729205087062	0.6666666666666666
split_rescue_p0.1_sx500_ani0.93_af0.5_b0.35_d10_top1	0,1,2	0.819907282857466	0.8184818481848185	248	62	48	52.715033450670056	0.8786729205087062	0.6666666666666666
split_rescue_p0.1_sx500_ani0.93_af0.5_b0.35_d10_top2	0,1,2	0.819907282857466	0.8184818481848185	248	62	48	52.715033450670056	0.8786729205087062	0.6666666666666666
split_rescue_p0.1_sx500_ani0.93_af0.5_b0.35_d1_top0	0,1,2	0.819907282857466	0.8184818481848185	248	62	48	52.715033450670056	0.8786729205087062	0.6666666666666666
split_rescue_p0.1_sx500_ani0.93_af0.5_b0.35_d1_top1	0,1,2	0.819907282857466	0.8184818481848185	248	62	48	52.715033450670056	0.8786729205087062	0.6666666666666666
split_rescue_p0.1_sx500_ani0.93_af0.5_b0.35_d1_top2	0,1,2	0.819907282857466	0.8184818481848185	248	62	48	52.715033450670056	0.8786729205087062	0.6666666666666666
split_rescue_p0.1_sx500_ani0.93_af0.5_b0.35_d2_top0	0,1,2	0.819907282857466	0.8184818481848185	248	62	48	52.715033450670056	0.8786729205087062	0.6666666666666666
split_rescue_p0.1_sx500_ani0.93_af0.5_b0.35_d2_top1	0,1,2	0.819907282857466	0.8184818481848185	248	62	48	52.715033450670056	0.8786729205087062	0.6666666666666666
split_rescue_p0.1_sx500_ani0.93_af0.5_b0.35_d2_top2	0,1,2	0.819907282857466	0.8184818481848185	248	62	48	52.715033450670056	0.8786729205087062	0.6666666666666666
split_rescue_p0.1_sx500_ani0.93_af0.5_b0.35_d5_top0	0,1,2	0.819907282857466	0.8184818481848185	248	62	48	52.715033450670056	0.8786729205087062	0.6666666666666666
split_rescue_p0.1_sx500_ani0.93_af0.5_b0.35_d5_top1	0,1,2	0.819907282857466	0.8184818481848185	248	62	48	52.715033450670056	0.8786729205087062	0.6666666666666666
split_rescue_p0.1_sx500_ani0.93_af0.5_b0.35_d5_top2	0,1,2	0.819907282857466	0.8184818481848185	248	62	48	52.715033450670056	0.8786729205087062	0.6666666666666666
split_rescue_p0.1_sx500_ani0.93_af0.5_b0.45_d10_top0	0,1,2	0.819907282857466	0.8184818481848185	248	62	48	52.715033450670056	0.8786729205087062	0.6666666666666666
split_rescue_p0.1_sx500_ani0.93_af0.5_b0.45_d10_top1	0,1,2	0.819907282857466	0.8184818481848185	248	62	48	52.715033450670056	0.8786729205087062	0.6666666666666666
split_rescue_p0.1_sx500_ani0.93_af0.5_b0.45_d10_top2	0,1,2	0.819907282857466	0.8184818481848185	248	62	48	52.715033450670056	0.8786729205087062	0.6666666666666666
split_rescue_p0.1_sx500_ani0.93_af0.5_b0.45_d1_top0	0,1,2	0.819907282857466	0.8184818481848185	248	62	48	52.715033450670056	0.8786729205087062	0.6666666666666666
split_rescue_p0.1_sx500_ani0.93_af0.5_b0.45_d1_top1	0,1,2	0.819907282857466	0.8184818481848185	248	62	48	52.715033450670056	0.8786729205087062	0.6666666666666666
split_rescue_p0.1_sx500_ani0.93_af0.5_b0.45_d1_top2	0,1,2	0.819907282857466	0.8184818481848185	248	62	48	52.715033450670056	0.8786729205087062	0.6666666666666666
split_rescue_p0.1_sx500_ani0.93_af0.5_b0.45_d2_top0	0,1,2	0.819907282857466	0.8184818481848185	248	62	48	52.715033450670056	0.8786729205087062	0.6666666666666666
split_rescue_p0.1_sx500_ani0.93_af0.5_b0.45_d2_top1	0,1,2	0.819907282857466	0.8184818481848185	248	62	48	52.715033450670056	0.8786729205087062	0.6666666666666666
split_rescue_p0.1_sx500_ani0.93_af0.5_b0.45_d2_top2	0,1,2	0.819907282857466	0.8184818481848185	248	62	48	52.715033450670056	0.8786729205087062	0.6666666666666666
split_rescue_p0.1_sx500_ani0.93_af0.5_b0.45_d5_top0	0,1,2	0.819907282857466	0.8184818481848185	248	62	48	52.715033450670056	0.8786729205087062	0.6666666666666666
split_rescue_p0.1_sx500_ani0.93_af0.5_b0.45_d5_top1	0,1,2	0.819907282857466	0.8184818481848185	248	62	48	52.715033450670056	0.8786729205087062	0.6666666666666666
split_rescue_p0.1_sx500_ani0.93_af0.5_b0.45_d5_top2	0,1,2	0.819907282857466	0.8184818481848185	248	62	48	52.715033450670056	0.8786729205087062	0.6666666666666666
split_rescue_p0.1_sx500_ani0.95_af0.3_b0.35_d10_top0	0,1,2	0.819907282857466	0.8184818481848185	248	62	48	52.715033450670056	0.8786729205087062	0.6666666666666666
split_rescue_p0.1_sx500_ani0.95_af0.3_b0.35_d10_top1	0,1,2	0.819907282857466	0.8184818481848185	248	62	48	52.715033450670056	0.8786729205087062	0.6666666666666666
split_rescue_p0.1_sx500_ani0.95_af0.3_b0.35_d10_top2	0,1,2	0.819907282857466	0.8184818481848185	248	62	48	52.715033450670056	0.8786729205087062	0.6666666666666666
split_rescue_p0.1_sx500_ani0.95_af0.3_b0.35_d1_top0	0,1,2	0.819907282857466	0.8184818481848185	248	62	48	52.715033450670056	0.8786729205087062	0.6666666666666666
split_rescue_p0.1_sx500_ani0.95_af0.3_b0.35_d1_top1	0,1,2	0.819907282857466	0.8184818481848185	248	62	48	52.715033450670056	0.8786729205087062	0.6666666666666666
split_rescue_p0.1_sx500_ani0.95_af0.3_b0.35_d1_top2	0,1,2	0.819907282857466	0.8184818481848185	248	62	48	52.715033450670056	0.8786729205087062	0.6666666666666666
split_rescue_p0.1_sx500_ani0.95_af0.3_b0.35_d2_top0	0,1,2	0.819907282857466	0.8184818481848185	248	62	48	52.715033450670056	0.8786729205087062	0.6666666666666666
split_rescue_p0.1_sx500_ani0.95_af0.3_b0.35_d2_top1	0,1,2	0.819907282857466	0.8184818481848185	248	62	48	52.715033450670056	0.8786729205087062	0.6666666666666666
split_rescue_p0.1_sx500_ani0.95_af0.3_b0.35_d2_top2	0,1,2	0.819907282857466	0.8184818481848185	248	62	48	52.715033450670056	0.8786729205087062	0.6666666666666666
split_rescue_p0.1_sx500_ani0.95_af0.3_b0.35_d5_top0	0,1,2	0.819907282857466	0.8184818481848185	248	62	48	52.715033450670056	0.8786729205087062	0.6666666666666666
split_rescue_p0.1_sx500_ani0.95_af0.3_b0.35_d5_top1	0,1,2	0.819907282857466	0.8184818481848185	248	62	48	52.715033450670056	0.8786729205087062	0.6666666666666666
split_rescue_p0.1_sx500_ani0.95_af0.3_b0.35_d5_top2	0,1,2	0.819907282857466	0.8184818481848185	248	62	48	52.715033450670056	0.8786729205087062	0.6666666666666666
split_rescue_p0.1_sx500_ani0.95_af0.3_b0.45_d10_top0	0,1,2	0.819907282857466	0.8184818481848185	248	62	48	52.715033450670056	0.8786729205087062	0.6666666666666666
split_rescue_p0.1_sx500_ani0.95_af0.3_b0.45_d10_top1	0,1,2	0.819907282857466	0.8184818481848185	248	62	48	52.715033450670056	0.8786729205087062	0.6666666666666666
split_rescue_p0.1_sx500_ani0.95_af0.3_b0.45_d10_top2	0,1,2	0.819907282857466	0.8184818481848185	248	62	48	52.715033450670056	0.8786729205087062	0.6666666666666666
split_rescue_p0.1_sx500_ani0.95_af0.3_b0.45_d1_top0	0,1,2	0.819907282857466	0.8184818481848185	248	62	48	52.715033450670056	0.8786729205087062	0.6666666666666666
split_rescue_p0.1_sx500_ani0.95_af0.3_b0.45_d1_top1	0,1,2	0.819907282857466	0.8184818481848185	248	62	48	52.715033450670056	0.8786729205087062	0.6666666666666666
split_rescue_p0.1_sx500_ani0.95_af0.3_b0.45_d1_top2	0,1,2	0.819907282857466	0.8184818481848185	248	62	48	52.715033450670056	0.8786729205087062	0.6666666666666666
split_rescue_p0.1_sx500_ani0.95_af0.3_b0.45_d2_top0	0,1,2	0.819907282857466	0.8184818481848185	248	62	48	52.715033450670056	0.8786729205087062	0.6666666666666666
split_rescue_p0.1_sx500_ani0.95_af0.3_b0.45_d2_top1	0,1,2	0.819907282857466	0.8184818481848185	248	62	48	52.715033450670056	0.8786729205087062	0.6666666666666666
split_rescue_p0.1_sx500_ani0.95_af0.3_b0.45_d2_top2	0,1,2	0.819907282857466	0.8184818481848185	248	62	48	52.715033450670056	0.8786729205087062	0.6666666666666666
split_rescue_p0.1_sx500_ani0.95_af0.3_b0.45_d5_top0	0,1,2	0.819907282857466	0.8184818481848185	248	62	48	52.715033450670056	0.8786729205087062	0.6666666666666666
split_rescue_p0.1_sx500_ani0.95_af0.3_b0.45_d5_top1	0,1,2	0.819907282857466	0.8184818481848185	248	62	48	52.715033450670056	0.8786729205087062	0.6666666666666666
split_rescue_p0.1_sx500_ani0.95_af0.3_b0.45_d5_top2	0,1,2	0.819907282857466	0.8184818481848185	248	62	48	52.715033450670056	0.8786729205087062	0.6666666666666666
split_rescue_p0.1_sx500_ani0.95_af0.5_b0.35_d10_top0	0,1,2	0.819907282857466	0.8184818481848185	248	62	48	52.715033450670056	0.8786729205087062	0.6666666666666666
split_rescue_p0.1_sx500_ani0.95_af0.5_b0.35_d10_top1	0,1,2	0.819907282857466	0.8184818481848185	248	62	48	52.715033450670056	0.8786729205087062	0.6666666666666666
split_rescue_p0.1_sx500_ani0.95_af0.5_b0.35_d10_top2	0,1,2	0.819907282857466	0.8184818481848185	248	62	48	52.715033450670056	0.8786729205087062	0.6666666666666666
split_rescue_p0.1_sx500_ani0.95_af0.5_b0.35_d1_top0	0,1,2	0.819907282857466	0.8184818481848185	248	62	48	52.715033450670056	0.8786729205087062	0.6666666666666666
split_rescue_p0.1_sx500_ani0.95_af0.5_b0.35_d1_top1	0,1,2	0.819907282857466	0.8184818481848185	248	62	48	52.715033450670056	0.8786729205087062	0.6666666666666666
split_rescue_p0.1_sx500_ani0.95_af0.5_b0.35_d1_top2	0,1,2	0.819907282857466	0.8184818481848185	248	62	48	52.715033450670056	0.8786729205087062	0.6666666666666666
split_rescue_p0.1_sx500_ani0.95_af0.5_b0.35_d2_top0	0,1,2	0.819907282857466	0.8184818481848185	248	62	48	52.715033450670056	0.8786729205087062	0.6666666666666666
split_rescue_p0.1_sx500_ani0.95_af0.5_b0.35_d2_top1	0,1,2	0.819907282857466	0.8184818481848185	248	62	48	52.715033450670056	0.8786729205087062	0.6666666666666666
split_rescue_p0.1_sx500_ani0.95_af0.5_b0.35_d2_top2	0,1,2	0.819907282857466	0.8184818481848185	248	62	48	52.715033450670056	0.8786729205087062	0.6666666666666666
split_rescue_p0.1_sx500_ani0.95_af0.5_b0.35_d5_top0	0,1,2	0.819907282857466	0.8184818481848185	248	62	48	52.715033450670056	0.8786729205087062	0.6666666666666666
split_rescue_p0.1_sx500_ani0.95_af0.5_b0.35_d5_top1	0,1,2	0.819907282857466	0.8184818481848185	248	62	48	52.715033450670056	0.8786729205087062	0.6666666666666666
split_rescue_p0.1_sx500_ani0.95_af0.5_b0.35_d5_top2	0,1,2	0.819907282857466	0.8184818481848185	248	62	48	52.715033450670056	0.8786729205087062	0.6666666666666666
split_rescue_p0.1_sx500_ani0.95_af0.5_b0.45_d10_top0	0,1,2	0.819907282857466	0.8184818481848185	248	62	48	52.715033450670056	0.8786729205087062	0.6666666666666666
split_rescue_p0.1_sx500_ani0.95_af0.5_b0.45_d10_top1	0,1,2	0.819907282857466	0.8184818481848185	248	62	48	52.715033450670056	0.8786729205087062	0.6666666666666666
split_rescue_p0.1_sx500_ani0.95_af0.5_b0.45_d10_top2	0,1,2	0.819907282857466	0.8184818481848185	248	62	48	52.715033450670056	0.8786729205087062	0.6666666666666666
split_rescue_p0.1_sx500_ani0.95_af0.5_b0.45_d1_top0	0,1,2	0.819907282857466	0.8184818481848185	248	62	48	52.715033450670056	0.8786729205087062	0.6666666666666666
split_rescue_p0.1_sx500_ani0.95_af0.5_b0.45_d1_top1	0,1,2	0.819907282857466	0.8184818481848185	248	62	48	52.715033450670056	0.8786729205087062	0.6666666666666666
split_rescue_p0.1_sx500_ani0.95_af0.5_b0.45_d1_top2	0,1,2	0.819907282857466	0.8184818481848185	248	62	48	52.715033450670056	0.8786729205087062	0.6666666666666666
split_rescue_p0.1_sx500_ani0.95_af0.5_b0.45_d2_top0	0,1,2	0.819907282857466	0.8184818481848185	248	62	48	52.715033450670056	0.8786729205087062	0.6666666666666666
split_rescue_p0.1_sx500_ani0.95_af0.5_b0.45_d2_top1	0,1,2	0.819907282857466	0.8184818481848185	248	62	48	52.715033450670056	0.8786729205087062	0.6666666666666666
split_rescue_p0.1_sx500_ani0.95_af0.5_b0.45_d2_top2	0,1,2	0.819907282857466	0.8184818481848185	248	62	48	52.715033450670056	0.8786729205087062	0.6666666666666666
split_rescue_p0.1_sx500_ani0.95_af0.5_b0.45_d5_top0	0,1,2	0.819907282857466	0.8184818481848185	248	62	48	52.715033450670056	0.8786729205087062	0.6666666666666666
split_rescue_p0.1_sx500_ani0.95_af0.5_b0.45_d5_top1	0,1,2	0.819907282857466	0.8184818481848185	248	62	48	52.715033450670056	0.8786729205087062	0.6666666666666666
split_rescue_p0.1_sx500_ani0.95_af0.5_b0.45_d5_top2	0,1,2	0.819907282857466	0.8184818481848185	248	62	48	52.715033450670056	0.8786729205087062	0.6666666666666666
split_rescue_p0.25_sx300_ani0.93_af0.3_b0.2_d10_top0	0,1,2	0.819907282857466	0.8184818481848185	248	62	48	52.715033450670056	0.8786729205087062	0.6666666666666666
split_rescue_p0.25_sx300_ani0.93_af0.3_b0.2_d10_top1	0,1,2	0.819907282857466	0.8184818481848185	248	62	48	52.715033450670056	0.8786729205087062	0.6666666666666666
split_rescue_p0.25_sx300_ani0.93_af0.3_b0.2_d10_top2	0,1,2	0.819907282857466	0.8184818481848185	248	62	48	52.715033450670056	0.8786729205087062	0.6666666666666666
split_rescue_p0.25_sx300_ani0.93_af0.3_b0.35_d10_top0	0,1,2	0.819907282857466	0.8184818481848185	248	62	48	52.715033450670056	0.8786729205087062	0.6666666666666666
split_rescue_p0.25_sx300_ani0.93_af0.3_b0.35_d10_top1	0,1,2	0.819907282857466	0.8184818481848185	248	62	48	52.715033450670056	0.8786729205087062	0.6666666666666666
split_rescue_p0.25_sx300_ani0.93_af0.3_b0.35_d10_top2	0,1,2	0.819907282857466	0.8184818481848185	248	62	48	52.715033450670056	0.8786729205087062	0.6666666666666666
split_rescue_p0.25_sx300_ani0.93_af0.3_b0.35_d1_top0	0,1,2	0.819907282857466	0.8184818481848185	248	62	48	52.715033450670056	0.8786729205087062	0.6666666666666666
split_rescue_p0.25_sx300_ani0.93_af0.3_b0.35_d1_top1	0,1,2	0.819907282857466	0.8184818481848185	248	62	48	52.715033450670056	0.8786729205087062	0.6666666666666666
split_rescue_p0.25_sx300_ani0.93_af0.3_b0.35_d1_top2	0,1,2	0.819907282857466	0.8184818481848185	248	62	48	52.715033450670056	0.8786729205087062	0.6666666666666666
split_rescue_p0.25_sx300_ani0.93_af0.3_b0.35_d2_top0	0,1,2	0.819907282857466	0.8184818481848185	248	62	48	52.715033450670056	0.8786729205087062	0.6666666666666666
split_rescue_p0.25_sx300_ani0.93_af0.3_b0.35_d2_top1	0,1,2	0.819907282857466	0.8184818481848185	248	62	48	52.715033450670056	0.8786729205087062	0.6666666666666666
split_rescue_p0.25_sx300_ani0.93_af0.3_b0.35_d2_top2	0,1,2	0.819907282857466	0.8184818481848185	248	62	48	52.715033450670056	0.8786729205087062	0.6666666666666666
split_rescue_p0.25_sx300_ani0.93_af0.3_b0.35_d5_top0	0,1,2	0.819907282857466	0.8184818481848185	248	62	48	52.715033450670056	0.8786729205087062	0.6666666666666666
split_rescue_p0.25_sx300_ani0.93_af0.3_b0.35_d5_top1	0,1,2	0.819907282857466	0.8184818481848185	248	62	48	52.715033450670056	0.8786729205087062	0.6666666666666666
split_rescue_p0.25_sx300_ani0.93_af0.3_b0.35_d5_top2	0,1,2	0.819907282857466	0.8184818481848185	248	62	48	52.715033450670056	0.8786729205087062	0.6666666666666666
split_rescue_p0.25_sx300_ani0.93_af0.3_b0.3_d10_top0	0,1,2	0.819907282857466	0.8184818481848185	248	62	48	52.715033450670056	0.8786729205087062	0.6666666666666666
split_rescue_p0.25_sx300_ani0.93_af0.3_b0.3_d10_top1	0,1,2	0.819907282857466	0.8184818481848185	248	62	48	52.715033450670056	0.8786729205087062	0.6666666666666666
split_rescue_p0.25_sx300_ani0.93_af0.3_b0.3_d10_top2	0,1,2	0.819907282857466	0.8184818481848185	248	62	48	52.715033450670056	0.8786729205087062	0.6666666666666666
split_rescue_p0.25_sx300_ani0.93_af0.3_b0.45_d10_top0	0,1,2	0.819907282857466	0.8184818481848185	248	62	48	52.715033450670056	0.8786729205087062	0.6666666666666666
split_rescue_p0.25_sx300_ani0.93_af0.3_b0.45_d10_top1	0,1,2	0.819907282857466	0.8184818481848185	248	62	48	52.715033450670056	0.8786729205087062	0.6666666666666666
split_rescue_p0.25_sx300_ani0.93_af0.3_b0.45_d10_top2	0,1,2	0.819907282857466	0.8184818481848185	248	62	48	52.715033450670056	0.8786729205087062	0.6666666666666666
split_rescue_p0.25_sx300_ani0.93_af0.3_b0.45_d1_top0	0,1,2	0.819907282857466	0.8184818481848185	248	62	48	52.715033450670056	0.8786729205087062	0.6666666666666666
split_rescue_p0.25_sx300_ani0.93_af0.3_b0.45_d1_top1	0,1,2	0.819907282857466	0.8184818481848185	248	62	48	52.715033450670056	0.8786729205087062	0.6666666666666666
split_rescue_p0.25_sx300_ani0.93_af0.3_b0.45_d1_top2	0,1,2	0.819907282857466	0.8184818481848185	248	62	48	52.715033450670056	0.8786729205087062	0.6666666666666666
split_rescue_p0.25_sx300_ani0.93_af0.3_b0.45_d2_top0	0,1,2	0.819907282857466	0.8184818481848185	248	62	48	52.715033450670056	0.8786729205087062	0.6666666666666666
split_rescue_p0.25_sx300_ani0.93_af0.3_b0.45_d2_top1	0,1,2	0.819907282857466	0.8184818481848185	248	62	48	52.715033450670056	0.8786729205087062	0.6666666666666666
split_rescue_p0.25_sx300_ani0.93_af0.3_b0.45_d2_top2	0,1,2	0.819907282857466	0.8184818481848185	248	62	48	52.715033450670056	0.8786729205087062	0.6666666666666666
split_rescue_p0.25_sx300_ani0.93_af0.3_b0.45_d5_top0	0,1,2	0.819907282857466	0.8184818481848185	248	62	48	52.715033450670056	0.8786729205087062	0.6666666666666666
split_rescue_p0.25_sx300_ani0.93_af0.3_b0.45_d5_top1	0,1,2	0.819907282857466	0.8184818481848185	248	62	48	52.715033450670056	0.8786729205087062	0.6666666666666666
split_rescue_p0.25_sx300_ani0.93_af0.3_b0.45_d5_top2	0,1,2	0.819907282857466	0.8184818481848185	248	62	48	52.715033450670056	0.8786729205087062	0.6666666666666666
split_rescue_p0.25_sx300_ani0.93_af0.5_b0.2_d10_top0	0,1,2	0.819907282857466	0.8184818481848185	248	62	48	52.715033450670056	0.8786729205087062	0.6666666666666666
split_rescue_p0.25_sx300_ani0.93_af0.5_b0.2_d10_top1	0,1,2	0.819907282857466	0.8184818481848185	248	62	48	52.715033450670056	0.8786729205087062	0.6666666666666666
split_rescue_p0.25_sx300_ani0.93_af0.5_b0.2_d10_top2	0,1,2	0.819907282857466	0.8184818481848185	248	62	48	52.715033450670056	0.8786729205087062	0.6666666666666666
split_rescue_p0.25_sx300_ani0.93_af0.5_b0.35_d10_top0	0,1,2	0.819907282857466	0.8184818481848185	248	62	48	52.715033450670056	0.8786729205087062	0.6666666666666666
split_rescue_p0.25_sx300_ani0.93_af0.5_b0.35_d10_top1	0,1,2	0.819907282857466	0.8184818481848185	248	62	48	52.715033450670056	0.8786729205087062	0.6666666666666666
split_rescue_p0.25_sx300_ani0.93_af0.5_b0.35_d10_top2	0,1,2	0.819907282857466	0.8184818481848185	248	62	48	52.715033450670056	0.8786729205087062	0.6666666666666666
split_rescue_p0.25_sx300_ani0.93_af0.5_b0.35_d1_top0	0,1,2	0.819907282857466	0.8184818481848185	248	62	48	52.715033450670056	0.8786729205087062	0.6666666666666666
split_rescue_p0.25_sx300_ani0.93_af0.5_b0.35_d1_top1	0,1,2	0.819907282857466	0.8184818481848185	248	62	48	52.715033450670056	0.8786729205087062	0.6666666666666666
split_rescue_p0.25_sx300_ani0.93_af0.5_b0.35_d1_top2	0,1,2	0.819907282857466	0.8184818481848185	248	62	48	52.715033450670056	0.8786729205087062	0.6666666666666666
split_rescue_p0.25_sx300_ani0.93_af0.5_b0.35_d2_top0	0,1,2	0.819907282857466	0.8184818481848185	248	62	48	52.715033450670056	0.8786729205087062	0.6666666666666666
split_rescue_p0.25_sx300_ani0.93_af0.5_b0.35_d2_top1	0,1,2	0.819907282857466	0.8184818481848185	248	62	48	52.715033450670056	0.8786729205087062	0.6666666666666666
split_rescue_p0.25_sx300_ani0.93_af0.5_b0.35_d2_top2	0,1,2	0.819907282857466	0.8184818481848185	248	62	48	52.715033450670056	0.8786729205087062	0.6666666666666666
split_rescue_p0.25_sx300_ani0.93_af0.5_b0.35_d5_top0	0,1,2	0.819907282857466	0.8184818481848185	248	62	48	52.715033450670056	0.8786729205087062	0.6666666666666666
split_rescue_p0.25_sx300_ani0.93_af0.5_b0.35_d5_top1	0,1,2	0.819907282857466	0.8184818481848185	248	62	48	52.715033450670056	0.8786729205087062	0.6666666666666666
split_rescue_p0.25_sx300_ani0.93_af0.5_b0.35_d5_top2	0,1,2	0.819907282857466	0.8184818481848185	248	62	48	52.715033450670056	0.8786729205087062	0.6666666666666666
split_rescue_p0.25_sx300_ani0.93_af0.5_b0.3_d10_top0	0,1,2	0.819907282857466	0.8184818481848185	248	62	48	52.715033450670056	0.8786729205087062	0.6666666666666666
split_rescue_p0.25_sx300_ani0.93_af0.5_b0.3_d10_top1	0,1,2	0.819907282857466	0.8184818481848185	248	62	48	52.715033450670056	0.8786729205087062	0.6666666666666666
split_rescue_p0.25_sx300_ani0.93_af0.5_b0.3_d10_top2	0,1,2	0.819907282857466	0.8184818481848185	248	62	48	52.715033450670056	0.8786729205087062	0.6666666666666666
split_rescue_p0.25_sx300_ani0.93_af0.5_b0.45_d10_top0	0,1,2	0.819907282857466	0.8184818481848185	248	62	48	52.715033450670056	0.8786729205087062	0.6666666666666666
split_rescue_p0.25_sx300_ani0.93_af0.5_b0.45_d10_top1	0,1,2	0.819907282857466	0.8184818481848185	248	62	48	52.715033450670056	0.8786729205087062	0.6666666666666666
split_rescue_p0.25_sx300_ani0.93_af0.5_b0.45_d10_top2	0,1,2	0.819907282857466	0.8184818481848185	248	62	48	52.715033450670056	0.8786729205087062	0.6666666666666666
split_rescue_p0.25_sx300_ani0.93_af0.5_b0.45_d1_top0	0,1,2	0.819907282857466	0.8184818481848185	248	62	48	52.715033450670056	0.8786729205087062	0.6666666666666666
split_rescue_p0.25_sx300_ani0.93_af0.5_b0.45_d1_top1	0,1,2	0.819907282857466	0.8184818481848185	248	62	48	52.715033450670056	0.8786729205087062	0.6666666666666666
split_rescue_p0.25_sx300_ani0.93_af0.5_b0.45_d1_top2	0,1,2	0.819907282857466	0.8184818481848185	248	62	48	52.715033450670056	0.8786729205087062	0.6666666666666666
split_rescue_p0.25_sx300_ani0.93_af0.5_b0.45_d2_top0	0,1,2	0.819907282857466	0.8184818481848185	248	62	48	52.715033450670056	0.8786729205087062	0.6666666666666666
split_rescue_p0.25_sx300_ani0.93_af0.5_b0.45_d2_top1	0,1,2	0.819907282857466	0.8184818481848185	248	62	48	52.715033450670056	0.8786729205087062	0.6666666666666666
split_rescue_p0.25_sx300_ani0.93_af0.5_b0.45_d2_top2	0,1,2	0.819907282857466	0.8184818481848185	248	62	48	52.715033450670056	0.8786729205087062	0.6666666666666666
split_rescue_p0.25_sx300_ani0.93_af0.5_b0.45_d5_top0	0,1,2	0.819907282857466	0.8184818481848185	248	62	48	52.715033450670056	0.8786729205087062	0.6666666666666666
split_rescue_p0.25_sx300_ani0.93_af0.5_b0.45_d5_top1	0,1,2	0.819907282857466	0.8184818481848185	248	62	48	52.715033450670056	0.8786729205087062	0.6666666666666666
split_rescue_p0.25_sx300_ani0.93_af0.5_b0.45_d5_top2	0,1,2	0.819907282857466	0.8184818481848185	248	62	48	52.715033450670056	0.8786729205087062	0.6666666666666666
split_rescue_p0.25_sx300_ani0.95_af0.3_b0.2_d10_top0	0,1,2	0.819907282857466	0.8184818481848185	248	62	48	52.715033450670056	0.8786729205087062	0.6666666666666666
split_rescue_p0.25_sx300_ani0.95_af0.3_b0.2_d10_top1	0,1,2	0.819907282857466	0.8184818481848185	248	62	48	52.715033450670056	0.8786729205087062	0.6666666666666666
split_rescue_p0.25_sx300_ani0.95_af0.3_b0.2_d10_top2	0,1,2	0.819907282857466	0.8184818481848185	248	62	48	52.715033450670056	0.8786729205087062	0.6666666666666666
split_rescue_p0.25_sx300_ani0.95_af0.3_b0.35_d10_top0	0,1,2	0.819907282857466	0.8184818481848185	248	62	48	52.715033450670056	0.8786729205087062	0.6666666666666666
split_rescue_p0.25_sx300_ani0.95_af0.3_b0.35_d10_top1	0,1,2	0.819907282857466	0.8184818481848185	248	62	48	52.715033450670056	0.8786729205087062	0.6666666666666666
split_rescue_p0.25_sx300_ani0.95_af0.3_b0.35_d10_top2	0,1,2	0.819907282857466	0.8184818481848185	248	62	48	52.715033450670056	0.8786729205087062	0.6666666666666666
split_rescue_p0.25_sx300_ani0.95_af0.3_b0.35_d1_top0	0,1,2	0.819907282857466	0.8184818481848185	248	62	48	52.715033450670056	0.8786729205087062	0.6666666666666666
split_rescue_p0.25_sx300_ani0.95_af0.3_b0.35_d1_top1	0,1,2	0.819907282857466	0.8184818481848185	248	62	48	52.715033450670056	0.8786729205087062	0.6666666666666666
split_rescue_p0.25_sx300_ani0.95_af0.3_b0.35_d1_top2	0,1,2	0.819907282857466	0.8184818481848185	248	62	48	52.715033450670056	0.8786729205087062	0.6666666666666666
split_rescue_p0.25_sx300_ani0.95_af0.3_b0.35_d2_top0	0,1,2	0.819907282857466	0.8184818481848185	248	62	48	52.715033450670056	0.8786729205087062	0.6666666666666666
split_rescue_p0.25_sx300_ani0.95_af0.3_b0.35_d2_top1	0,1,2	0.819907282857466	0.8184818481848185	248	62	48	52.715033450670056	0.8786729205087062	0.6666666666666666
split_rescue_p0.25_sx300_ani0.95_af0.3_b0.35_d2_top2	0,1,2	0.819907282857466	0.8184818481848185	248	62	48	52.715033450670056	0.8786729205087062	0.6666666666666666
split_rescue_p0.25_sx300_ani0.95_af0.3_b0.35_d5_top0	0,1,2	0.819907282857466	0.8184818481848185	248	62	48	52.715033450670056	0.8786729205087062	0.6666666666666666
split_rescue_p0.25_sx300_ani0.95_af0.3_b0.35_d5_top1	0,1,2	0.819907282857466	0.8184818481848185	248	62	48	52.715033450670056	0.8786729205087062	0.6666666666666666
split_rescue_p0.25_sx300_ani0.95_af0.3_b0.35_d5_top2	0,1,2	0.819907282857466	0.8184818481848185	248	62	48	52.715033450670056	0.8786729205087062	0.6666666666666666
split_rescue_p0.25_sx300_ani0.95_af0.3_b0.3_d10_top0	0,1,2	0.819907282857466	0.8184818481848185	248	62	48	52.715033450670056	0.8786729205087062	0.6666666666666666
split_rescue_p0.25_sx300_ani0.95_af0.3_b0.3_d10_top1	0,1,2	0.819907282857466	0.8184818481848185	248	62	48	52.715033450670056	0.8786729205087062	0.6666666666666666
split_rescue_p0.25_sx300_ani0.95_af0.3_b0.3_d10_top2	0,1,2	0.819907282857466	0.8184818481848185	248	62	48	52.715033450670056	0.8786729205087062	0.6666666666666666
split_rescue_p0.25_sx300_ani0.95_af0.3_b0.45_d10_top0	0,1,2	0.819907282857466	0.8184818481848185	248	62	48	52.715033450670056	0.8786729205087062	0.6666666666666666
split_rescue_p0.25_sx300_ani0.95_af0.3_b0.45_d10_top1	0,1,2	0.819907282857466	0.8184818481848185	248	62	48	52.715033450670056	0.8786729205087062	0.6666666666666666
split_rescue_p0.25_sx300_ani0.95_af0.3_b0.45_d10_top2	0,1,2	0.819907282857466	0.8184818481848185	248	62	48	52.715033450670056	0.8786729205087062	0.6666666666666666
split_rescue_p0.25_sx300_ani0.95_af0.3_b0.45_d1_top0	0,1,2	0.819907282857466	0.8184818481848185	248	62	48	52.715033450670056	0.8786729205087062	0.6666666666666666
split_rescue_p0.25_sx300_ani0.95_af0.3_b0.45_d1_top1	0,1,2	0.819907282857466	0.8184818481848185	248	62	48	52.715033450670056	0.8786729205087062	0.6666666666666666
split_rescue_p0.25_sx300_ani0.95_af0.3_b0.45_d1_top2	0,1,2	0.819907282857466	0.8184818481848185	248	62	48	52.715033450670056	0.8786729205087062	0.6666666666666666
split_rescue_p0.25_sx300_ani0.95_af0.3_b0.45_d2_top0	0,1,2	0.819907282857466	0.8184818481848185	248	62	48	52.715033450670056	0.8786729205087062	0.6666666666666666
split_rescue_p0.25_sx300_ani0.95_af0.3_b0.45_d2_top1	0,1,2	0.819907282857466	0.8184818481848185	248	62	48	52.715033450670056	0.8786729205087062	0.6666666666666666
split_rescue_p0.25_sx300_ani0.95_af0.3_b0.45_d2_top2	0,1,2	0.819907282857466	0.8184818481848185	248	62	48	52.715033450670056	0.8786729205087062	0.6666666666666666
split_rescue_p0.25_sx300_ani0.95_af0.3_b0.45_d5_top0	0,1,2	0.819907282857466	0.8184818481848185	248	62	48	52.715033450670056	0.8786729205087062	0.6666666666666666
split_rescue_p0.25_sx300_ani0.95_af0.3_b0.45_d5_top1	0,1,2	0.819907282857466	0.8184818481848185	248	62	48	52.715033450670056	0.8786729205087062	0.6666666666666666
split_rescue_p0.25_sx300_ani0.95_af0.3_b0.45_d5_top2	0,1,2	0.819907282857466	0.8184818481848185	248	62	48	52.715033450670056	0.8786729205087062	0.6666666666666666
split_rescue_p0.25_sx300_ani0.95_af0.5_b0.2_d10_top0	0,1,2	0.819907282857466	0.8184818481848185	248	62	48	52.715033450670056	0.8786729205087062	0.6666666666666666
split_rescue_p0.25_sx300_ani0.95_af0.5_b0.2_d10_top1	0,1,2	0.819907282857466	0.8184818481848185	248	62	48	52.715033450670056	0.8786729205087062	0.6666666666666666
split_rescue_p0.25_sx300_ani0.95_af0.5_b0.2_d10_top2	0,1,2	0.819907282857466	0.8184818481848185	248	62	48	52.715033450670056	0.8786729205087062	0.6666666666666666
split_rescue_p0.25_sx300_ani0.95_af0.5_b0.35_d10_top0	0,1,2	0.819907282857466	0.8184818481848185	248	62	48	52.715033450670056	0.8786729205087062	0.6666666666666666
split_rescue_p0.25_sx300_ani0.95_af0.5_b0.35_d10_top1	0,1,2	0.819907282857466	0.8184818481848185	248	62	48	52.715033450670056	0.8786729205087062	0.6666666666666666
split_rescue_p0.25_sx300_ani0.95_af0.5_b0.35_d10_top2	0,1,2	0.819907282857466	0.8184818481848185	248	62	48	52.715033450670056	0.8786729205087062	0.6666666666666666
split_rescue_p0.25_sx300_ani0.95_af0.5_b0.35_d1_top0	0,1,2	0.819907282857466	0.8184818481848185	248	62	48	52.715033450670056	0.8786729205087062	0.6666666666666666
split_rescue_p0.25_sx300_ani0.95_af0.5_b0.35_d1_top1	0,1,2	0.819907282857466	0.8184818481848185	248	62	48	52.715033450670056	0.8786729205087062	0.6666666666666666
split_rescue_p0.25_sx300_ani0.95_af0.5_b0.35_d1_top2	0,1,2	0.819907282857466	0.8184818481848185	248	62	48	52.715033450670056	0.8786729205087062	0.6666666666666666
split_rescue_p0.25_sx300_ani0.95_af0.5_b0.35_d2_top0	0,1,2	0.819907282857466	0.8184818481848185	248	62	48	52.715033450670056	0.8786729205087062	0.6666666666666666
split_rescue_p0.25_sx300_ani0.95_af0.5_b0.35_d2_top1	0,1,2	0.819907282857466	0.8184818481848185	248	62	48	52.715033450670056	0.8786729205087062	0.6666666666666666
split_rescue_p0.25_sx300_ani0.95_af0.5_b0.35_d2_top2	0,1,2	0.819907282857466	0.8184818481848185	248	62	48	52.715033450670056	0.8786729205087062	0.6666666666666666
split_rescue_p0.25_sx300_ani0.95_af0.5_b0.35_d5_top0	0,1,2	0.819907282857466	0.8184818481848185	248	62	48	52.715033450670056	0.8786729205087062	0.6666666666666666
split_rescue_p0.25_sx300_ani0.95_af0.5_b0.35_d5_top1	0,1,2	0.819907282857466	0.8184818481848185	248	62	48	52.715033450670056	0.8786729205087062	0.6666666666666666
split_rescue_p0.25_sx300_ani0.95_af0.5_b0.35_d5_top2	0,1,2	0.819907282857466	0.8184818481848185	248	62	48	52.715033450670056	0.8786729205087062	0.6666666666666666
split_rescue_p0.25_sx300_ani0.95_af0.5_b0.3_d10_top0	0,1,2	0.819907282857466	0.8184818481848185	248	62	48	52.715033450670056	0.8786729205087062	0.6666666666666666
split_rescue_p0.25_sx300_ani0.95_af0.5_b0.3_d10_top1	0,1,2	0.819907282857466	0.8184818481848185	248	62	48	52.715033450670056	0.8786729205087062	0.6666666666666666
split_rescue_p0.25_sx300_ani0.95_af0.5_b0.3_d10_top2	0,1,2	0.819907282857466	0.8184818481848185	248	62	48	52.715033450670056	0.8786729205087062	0.6666666666666666
split_rescue_p0.25_sx300_ani0.95_af0.5_b0.45_d10_top0	0,1,2	0.819907282857466	0.8184818481848185	248	62	48	52.715033450670056	0.8786729205087062	0.6666666666666666
split_rescue_p0.25_sx300_ani0.95_af0.5_b0.45_d10_top1	0,1,2	0.819907282857466	0.8184818481848185	248	62	48	52.715033450670056	0.8786729205087062	0.6666666666666666
split_rescue_p0.25_sx300_ani0.95_af0.5_b0.45_d10_top2	0,1,2	0.819907282857466	0.8184818481848185	248	62	48	52.715033450670056	0.8786729205087062	0.6666666666666666
split_rescue_p0.25_sx300_ani0.95_af0.5_b0.45_d1_top0	0,1,2	0.819907282857466	0.8184818481848185	248	62	48	52.715033450670056	0.8786729205087062	0.6666666666666666
split_rescue_p0.25_sx300_ani0.95_af0.5_b0.45_d1_top1	0,1,2	0.819907282857466	0.8184818481848185	248	62	48	52.715033450670056	0.8786729205087062	0.6666666666666666
split_rescue_p0.25_sx300_ani0.95_af0.5_b0.45_d1_top2	0,1,2	0.819907282857466	0.8184818481848185	248	62	48	52.715033450670056	0.8786729205087062	0.6666666666666666
split_rescue_p0.25_sx300_ani0.95_af0.5_b0.45_d2_top0	0,1,2	0.819907282857466	0.8184818481848185	248	62	48	52.715033450670056	0.8786729205087062	0.6666666666666666
split_rescue_p0.25_sx300_ani0.95_af0.5_b0.45_d2_top1	0,1,2	0.819907282857466	0.8184818481848185	248	62	48	52.715033450670056	0.8786729205087062	0.6666666666666666
split_rescue_p0.25_sx300_ani0.95_af0.5_b0.45_d2_top2	0,1,2	0.819907282857466	0.8184818481848185	248	62	48	52.715033450670056	0.8786729205087062	0.6666666666666666
split_rescue_p0.25_sx300_ani0.95_af0.5_b0.45_d5_top0	0,1,2	0.819907282857466	0.8184818481848185	248	62	48	52.715033450670056	0.8786729205087062	0.6666666666666666
split_rescue_p0.25_sx300_ani0.95_af0.5_b0.45_d5_top1	0,1,2	0.819907282857466	0.8184818481848185	248	62	48	52.715033450670056	0.8786729205087062	0.6666666666666666
split_rescue_p0.25_sx300_ani0.95_af0.5_b0.45_d5_top2	0,1,2	0.819907282857466	0.8184818481848185	248	62	48	52.715033450670056	0.8786729205087062	0.6666666666666666
split_rescue_p0.25_sx500_ani0.93_af0.3_b0.2_d10_top0	0,1,2	0.819907282857466	0.8184818481848185	248	62	48	52.715033450670056	0.8786729205087062	0.6666666666666666
split_rescue_p0.25_sx500_ani0.93_af0.3_b0.2_d10_top1	0,1,2	0.819907282857466	0.8184818481848185	248	62	48	52.715033450670056	0.8786729205087062	0.6666666666666666
split_rescue_p0.25_sx500_ani0.93_af0.3_b0.2_d10_top2	0,1,2	0.819907282857466	0.8184818481848185	248	62	48	52.715033450670056	0.8786729205087062	0.6666666666666666
split_rescue_p0.25_sx500_ani0.93_af0.3_b0.35_d10_top0	0,1,2	0.819907282857466	0.8184818481848185	248	62	48	52.715033450670056	0.8786729205087062	0.6666666666666666
split_rescue_p0.25_sx500_ani0.93_af0.3_b0.35_d10_top1	0,1,2	0.819907282857466	0.8184818481848185	248	62	48	52.715033450670056	0.8786729205087062	0.6666666666666666
split_rescue_p0.25_sx500_ani0.93_af0.3_b0.35_d10_top2	0,1,2	0.819907282857466	0.8184818481848185	248	62	48	52.715033450670056	0.8786729205087062	0.6666666666666666
split_rescue_p0.25_sx500_ani0.93_af0.3_b0.35_d1_top0	0,1,2	0.819907282857466	0.8184818481848185	248	62	48	52.715033450670056	0.8786729205087062	0.6666666666666666
split_rescue_p0.25_sx500_ani0.93_af0.3_b0.35_d1_top1	0,1,2	0.819907282857466	0.8184818481848185	248	62	48	52.715033450670056	0.8786729205087062	0.6666666666666666
split_rescue_p0.25_sx500_ani0.93_af0.3_b0.35_d1_top2	0,1,2	0.819907282857466	0.8184818481848185	248	62	48	52.715033450670056	0.8786729205087062	0.6666666666666666
split_rescue_p0.25_sx500_ani0.93_af0.3_b0.35_d2_top0	0,1,2	0.819907282857466	0.8184818481848185	248	62	48	52.715033450670056	0.8786729205087062	0.6666666666666666
split_rescue_p0.25_sx500_ani0.93_af0.3_b0.35_d2_top1	0,1,2	0.819907282857466	0.8184818481848185	248	62	48	52.715033450670056	0.8786729205087062	0.6666666666666666
split_rescue_p0.25_sx500_ani0.93_af0.3_b0.35_d2_top2	0,1,2	0.819907282857466	0.8184818481848185	248	62	48	52.715033450670056	0.8786729205087062	0.6666666666666666
split_rescue_p0.25_sx500_ani0.93_af0.3_b0.35_d5_top0	0,1,2	0.819907282857466	0.8184818481848185	248	62	48	52.715033450670056	0.8786729205087062	0.6666666666666666
split_rescue_p0.25_sx500_ani0.93_af0.3_b0.35_d5_top1	0,1,2	0.819907282857466	0.8184818481848185	248	62	48	52.715033450670056	0.8786729205087062	0.6666666666666666
split_rescue_p0.25_sx500_ani0.93_af0.3_b0.35_d5_top2	0,1,2	0.819907282857466	0.8184818481848185	248	62	48	52.715033450670056	0.8786729205087062	0.6666666666666666
split_rescue_p0.25_sx500_ani0.93_af0.3_b0.3_d10_top0	0,1,2	0.819907282857466	0.8184818481848185	248	62	48	52.715033450670056	0.8786729205087062	0.6666666666666666
split_rescue_p0.25_sx500_ani0.93_af0.3_b0.3_d10_top1	0,1,2	0.819907282857466	0.8184818481848185	248	62	48	52.715033450670056	0.8786729205087062	0.6666666666666666
split_rescue_p0.25_sx500_ani0.93_af0.3_b0.3_d10_top2	0,1,2	0.819907282857466	0.8184818481848185	248	62	48	52.715033450670056	0.8786729205087062	0.6666666666666666
split_rescue_p0.25_sx500_ani0.93_af0.3_b0.45_d10_top0	0,1,2	0.819907282857466	0.8184818481848185	248	62	48	52.715033450670056	0.8786729205087062	0.6666666666666666
split_rescue_p0.25_sx500_ani0.93_af0.3_b0.45_d10_top1	0,1,2	0.819907282857466	0.8184818481848185	248	62	48	52.715033450670056	0.8786729205087062	0.6666666666666666
split_rescue_p0.25_sx500_ani0.93_af0.3_b0.45_d10_top2	0,1,2	0.819907282857466	0.8184818481848185	248	62	48	52.715033450670056	0.8786729205087062	0.6666666666666666
split_rescue_p0.25_sx500_ani0.93_af0.3_b0.45_d1_top0	0,1,2	0.819907282857466	0.8184818481848185	248	62	48	52.715033450670056	0.8786729205087062	0.6666666666666666
split_rescue_p0.25_sx500_ani0.93_af0.3_b0.45_d1_top1	0,1,2	0.819907282857466	0.8184818481848185	248	62	48	52.715033450670056	0.8786729205087062	0.6666666666666666
split_rescue_p0.25_sx500_ani0.93_af0.3_b0.45_d1_top2	0,1,2	0.819907282857466	0.8184818481848185	248	62	48	52.715033450670056	0.8786729205087062	0.6666666666666666
split_rescue_p0.25_sx500_ani0.93_af0.3_b0.45_d2_top0	0,1,2	0.819907282857466	0.8184818481848185	248	62	48	52.715033450670056	0.8786729205087062	0.6666666666666666
split_rescue_p0.25_sx500_ani0.93_af0.3_b0.45_d2_top1	0,1,2	0.819907282857466	0.8184818481848185	248	62	48	52.715033450670056	0.8786729205087062	0.6666666666666666
split_rescue_p0.25_sx500_ani0.93_af0.3_b0.45_d2_top2	0,1,2	0.819907282857466	0.8184818481848185	248	62	48	52.715033450670056	0.8786729205087062	0.6666666666666666
split_rescue_p0.25_sx500_ani0.93_af0.3_b0.45_d5_top0	0,1,2	0.819907282857466	0.8184818481848185	248	62	48	52.715033450670056	0.8786729205087062	0.6666666666666666
split_rescue_p0.25_sx500_ani0.93_af0.3_b0.45_d5_top1	0,1,2	0.819907282857466	0.8184818481848185	248	62	48	52.715033450670056	0.8786729205087062	0.6666666666666666
split_rescue_p0.25_sx500_ani0.93_af0.3_b0.45_d5_top2	0,1,2	0.819907282857466	0.8184818481848185	248	62	48	52.715033450670056	0.8786729205087062	0.6666666666666666
split_rescue_p0.25_sx500_ani0.93_af0.5_b0.2_d10_top0	0,1,2	0.819907282857466	0.8184818481848185	248	62	48	52.715033450670056	0.8786729205087062	0.6666666666666666
split_rescue_p0.25_sx500_ani0.93_af0.5_b0.2_d10_top1	0,1,2	0.819907282857466	0.8184818481848185	248	62	48	52.715033450670056	0.8786729205087062	0.6666666666666666
split_rescue_p0.25_sx500_ani0.93_af0.5_b0.2_d10_top2	0,1,2	0.819907282857466	0.8184818481848185	248	62	48	52.715033450670056	0.8786729205087062	0.6666666666666666
split_rescue_p0.25_sx500_ani0.93_af0.5_b0.35_d10_top0	0,1,2	0.819907282857466	0.8184818481848185	248	62	48	52.715033450670056	0.8786729205087062	0.6666666666666666
split_rescue_p0.25_sx500_ani0.93_af0.5_b0.35_d10_top1	0,1,2	0.819907282857466	0.8184818481848185	248	62	48	52.715033450670056	0.8786729205087062	0.6666666666666666
split_rescue_p0.25_sx500_ani0.93_af0.5_b0.35_d10_top2	0,1,2	0.819907282857466	0.8184818481848185	248	62	48	52.715033450670056	0.8786729205087062	0.6666666666666666
split_rescue_p0.25_sx500_ani0.93_af0.5_b0.35_d1_top0	0,1,2	0.819907282857466	0.8184818481848185	248	62	48	52.715033450670056	0.8786729205087062	0.6666666666666666
split_rescue_p0.25_sx500_ani0.93_af0.5_b0.35_d1_top1	0,1,2	0.819907282857466	0.8184818481848185	248	62	48	52.715033450670056	0.8786729205087062	0.6666666666666666
split_rescue_p0.25_sx500_ani0.93_af0.5_b0.35_d1_top2	0,1,2	0.819907282857466	0.8184818481848185	248	62	48	52.715033450670056	0.8786729205087062	0.6666666666666666
split_rescue_p0.25_sx500_ani0.93_af0.5_b0.35_d2_top0	0,1,2	0.819907282857466	0.8184818481848185	248	62	48	52.715033450670056	0.8786729205087062	0.6666666666666666
split_rescue_p0.25_sx500_ani0.93_af0.5_b0.35_d2_top1	0,1,2	0.819907282857466	0.8184818481848185	248	62	48	52.715033450670056	0.8786729205087062	0.6666666666666666
split_rescue_p0.25_sx500_ani0.93_af0.5_b0.35_d2_top2	0,1,2	0.819907282857466	0.8184818481848185	248	62	48	52.715033450670056	0.8786729205087062	0.6666666666666666
split_rescue_p0.25_sx500_ani0.93_af0.5_b0.35_d5_top0	0,1,2	0.819907282857466	0.8184818481848185	248	62	48	52.715033450670056	0.8786729205087062	0.6666666666666666
split_rescue_p0.25_sx500_ani0.93_af0.5_b0.35_d5_top1	0,1,2	0.819907282857466	0.8184818481848185	248	62	48	52.715033450670056	0.8786729205087062	0.6666666666666666
split_rescue_p0.25_sx500_ani0.93_af0.5_b0.35_d5_top2	0,1,2	0.819907282857466	0.8184818481848185	248	62	48	52.715033450670056	0.8786729205087062	0.6666666666666666
split_rescue_p0.25_sx500_ani0.93_af0.5_b0.3_d10_top0	0,1,2	0.819907282857466	0.8184818481848185	248	62	48	52.715033450670056	0.8786729205087062	0.6666666666666666
split_rescue_p0.25_sx500_ani0.93_af0.5_b0.3_d10_top1	0,1,2	0.819907282857466	0.8184818481848185	248	62	48	52.715033450670056	0.8786729205087062	0.6666666666666666
split_rescue_p0.25_sx500_ani0.93_af0.5_b0.3_d10_top2	0,1,2	0.819907282857466	0.8184818481848185	248	62	48	52.715033450670056	0.8786729205087062	0.6666666666666666
split_rescue_p0.25_sx500_ani0.93_af0.5_b0.45_d10_top0	0,1,2	0.819907282857466	0.8184818481848185	248	62	48	52.715033450670056	0.8786729205087062	0.6666666666666666
split_rescue_p0.25_sx500_ani0.93_af0.5_b0.45_d10_top1	0,1,2	0.819907282857466	0.8184818481848185	248	62	48	52.715033450670056	0.8786729205087062	0.6666666666666666
split_rescue_p0.25_sx500_ani0.93_af0.5_b0.45_d10_top2	0,1,2	0.819907282857466	0.8184818481848185	248	62	48	52.715033450670056	0.8786729205087062	0.6666666666666666
split_rescue_p0.25_sx500_ani0.93_af0.5_b0.45_d1_top0	0,1,2	0.819907282857466	0.8184818481848185	248	62	48	52.715033450670056	0.8786729205087062	0.6666666666666666
split_rescue_p0.25_sx500_ani0.93_af0.5_b0.45_d1_top1	0,1,2	0.819907282857466	0.8184818481848185	248	62	48	52.715033450670056	0.8786729205087062	0.6666666666666666
split_rescue_p0.25_sx500_ani0.93_af0.5_b0.45_d1_top2	0,1,2	0.819907282857466	0.8184818481848185	248	62	48	52.715033450670056	0.8786729205087062	0.6666666666666666
split_rescue_p0.25_sx500_ani0.93_af0.5_b0.45_d2_top0	0,1,2	0.819907282857466	0.8184818481848185	248	62	48	52.715033450670056	0.8786729205087062	0.6666666666666666
split_rescue_p0.25_sx500_ani0.93_af0.5_b0.45_d2_top1	0,1,2	0.819907282857466	0.8184818481848185	248	62	48	52.715033450670056	0.8786729205087062	0.6666666666666666
split_rescue_p0.25_sx500_ani0.93_af0.5_b0.45_d2_top2	0,1,2	0.819907282857466	0.8184818481848185	248	62	48	52.715033450670056	0.8786729205087062	0.6666666666666666
split_rescue_p0.25_sx500_ani0.93_af0.5_b0.45_d5_top0	0,1,2	0.819907282857466	0.8184818481848185	248	62	48	52.715033450670056	0.8786729205087062	0.6666666666666666
split_rescue_p0.25_sx500_ani0.93_af0.5_b0.45_d5_top1	0,1,2	0.819907282857466	0.8184818481848185	248	62	48	52.715033450670056	0.8786729205087062	0.6666666666666666
split_rescue_p0.25_sx500_ani0.93_af0.5_b0.45_d5_top2	0,1,2	0.819907282857466	0.8184818481848185	248	62	48	52.715033450670056	0.8786729205087062	0.6666666666666666
split_rescue_p0.25_sx500_ani0.95_af0.3_b0.2_d10_top0	0,1,2	0.819907282857466	0.8184818481848185	248	62	48	52.715033450670056	0.8786729205087062	0.6666666666666666
split_rescue_p0.25_sx500_ani0.95_af0.3_b0.2_d10_top1	0,1,2	0.819907282857466	0.8184818481848185	248	62	48	52.715033450670056	0.8786729205087062	0.6666666666666666
split_rescue_p0.25_sx500_ani0.95_af0.3_b0.2_d10_top2	0,1,2	0.819907282857466	0.8184818481848185	248	62	48	52.715033450670056	0.8786729205087062	0.6666666666666666
split_rescue_p0.25_sx500_ani0.95_af0.3_b0.35_d10_top0	0,1,2	0.819907282857466	0.8184818481848185	248	62	48	52.715033450670056	0.8786729205087062	0.6666666666666666
split_rescue_p0.25_sx500_ani0.95_af0.3_b0.35_d10_top1	0,1,2	0.819907282857466	0.8184818481848185	248	62	48	52.715033450670056	0.8786729205087062	0.6666666666666666
split_rescue_p0.25_sx500_ani0.95_af0.3_b0.35_d10_top2	0,1,2	0.819907282857466	0.8184818481848185	248	62	48	52.715033450670056	0.8786729205087062	0.6666666666666666
split_rescue_p0.25_sx500_ani0.95_af0.3_b0.35_d1_top0	0,1,2	0.819907282857466	0.8184818481848185	248	62	48	52.715033450670056	0.8786729205087062	0.6666666666666666
split_rescue_p0.25_sx500_ani0.95_af0.3_b0.35_d1_top1	0,1,2	0.819907282857466	0.8184818481848185	248	62	48	52.715033450670056	0.8786729205087062	0.6666666666666666
split_rescue_p0.25_sx500_ani0.95_af0.3_b0.35_d1_top2	0,1,2	0.819907282857466	0.8184818481848185	248	62	48	52.715033450670056	0.8786729205087062	0.6666666666666666
split_rescue_p0.25_sx500_ani0.95_af0.3_b0.35_d2_top0	0,1,2	0.819907282857466	0.8184818481848185	248	62	48	52.715033450670056	0.8786729205087062	0.6666666666666666
split_rescue_p0.25_sx500_ani0.95_af0.3_b0.35_d2_top1	0,1,2	0.819907282857466	0.8184818481848185	248	62	48	52.715033450670056	0.8786729205087062	0.6666666666666666
split_rescue_p0.25_sx500_ani0.95_af0.3_b0.35_d2_top2	0,1,2	0.819907282857466	0.8184818481848185	248	62	48	52.715033450670056	0.8786729205087062	0.6666666666666666
split_rescue_p0.25_sx500_ani0.95_af0.3_b0.35_d5_top0	0,1,2	0.819907282857466	0.8184818481848185	248	62	48	52.715033450670056	0.8786729205087062	0.6666666666666666
split_rescue_p0.25_sx500_ani0.95_af0.3_b0.35_d5_top1	0,1,2	0.819907282857466	0.8184818481848185	248	62	48	52.715033450670056	0.8786729205087062	0.6666666666666666
split_rescue_p0.25_sx500_ani0.95_af0.3_b0.35_d5_top2	0,1,2	0.819907282857466	0.8184818481848185	248	62	48	52.715033450670056	0.8786729205087062	0.6666666666666666
split_rescue_p0.25_sx500_ani0.95_af0.3_b0.3_d10_top0	0,1,2	0.819907282857466	0.8184818481848185	248	62	48	52.715033450670056	0.8786729205087062	0.6666666666666666
split_rescue_p0.25_sx500_ani0.95_af0.3_b0.3_d10_top1	0,1,2	0.819907282857466	0.8184818481848185	248	62	48	52.715033450670056	0.8786729205087062	0.6666666666666666
split_rescue_p0.25_sx500_ani0.95_af0.3_b0.3_d10_top2	0,1,2	0.819907282857466	0.8184818481848185	248	62	48	52.715033450670056	0.8786729205087062	0.6666666666666666
split_rescue_p0.25_sx500_ani0.95_af0.3_b0.45_d10_top0	0,1,2	0.819907282857466	0.8184818481848185	248	62	48	52.715033450670056	0.8786729205087062	0.6666666666666666
split_rescue_p0.25_sx500_ani0.95_af0.3_b0.45_d10_top1	0,1,2	0.819907282857466	0.8184818481848185	248	62	48	52.715033450670056	0.8786729205087062	0.6666666666666666
split_rescue_p0.25_sx500_ani0.95_af0.3_b0.45_d10_top2	0,1,2	0.819907282857466	0.8184818481848185	248	62	48	52.715033450670056	0.8786729205087062	0.6666666666666666
split_rescue_p0.25_sx500_ani0.95_af0.3_b0.45_d1_top0	0,1,2	0.819907282857466	0.8184818481848185	248	62	48	52.715033450670056	0.8786729205087062	0.6666666666666666
split_rescue_p0.25_sx500_ani0.95_af0.3_b0.45_d1_top1	0,1,2	0.819907282857466	0.8184818481848185	248	62	48	52.715033450670056	0.8786729205087062	0.6666666666666666
split_rescue_p0.25_sx500_ani0.95_af0.3_b0.45_d1_top2	0,1,2	0.819907282857466	0.8184818481848185	248	62	48	52.715033450670056	0.8786729205087062	0.6666666666666666
split_rescue_p0.25_sx500_ani0.95_af0.3_b0.45_d2_top0	0,1,2	0.819907282857466	0.8184818481848185	248	62	48	52.715033450670056	0.8786729205087062	0.6666666666666666
split_rescue_p0.25_sx500_ani0.95_af0.3_b0.45_d2_top1	0,1,2	0.819907282857466	0.8184818481848185	248	62	48	52.715033450670056	0.8786729205087062	0.6666666666666666
split_rescue_p0.25_sx500_ani0.95_af0.3_b0.45_d2_top2	0,1,2	0.819907282857466	0.8184818481848185	248	62	48	52.715033450670056	0.8786729205087062	0.6666666666666666
split_rescue_p0.25_sx500_ani0.95_af0.3_b0.45_d5_top0	0,1,2	0.819907282857466	0.8184818481848185	248	62	48	52.715033450670056	0.8786729205087062	0.6666666666666666
split_rescue_p0.25_sx500_ani0.95_af0.3_b0.45_d5_top1	0,1,2	0.819907282857466	0.8184818481848185	248	62	48	52.715033450670056	0.8786729205087062	0.6666666666666666
split_rescue_p0.25_sx500_ani0.95_af0.3_b0.45_d5_top2	0,1,2	0.819907282857466	0.8184818481848185	248	62	48	52.715033450670056	0.8786729205087062	0.6666666666666666
split_rescue_p0.25_sx500_ani0.95_af0.5_b0.2_d10_top0	0,1,2	0.819907282857466	0.8184818481848185	248	62	48	52.715033450670056	0.8786729205087062	0.6666666666666666
split_rescue_p0.25_sx500_ani0.95_af0.5_b0.2_d10_top1	0,1,2	0.819907282857466	0.8184818481848185	248	62	48	52.715033450670056	0.8786729205087062	0.6666666666666666
split_rescue_p0.25_sx500_ani0.95_af0.5_b0.2_d10_top2	0,1,2	0.819907282857466	0.8184818481848185	248	62	48	52.715033450670056	0.8786729205087062	0.6666666666666666
split_rescue_p0.25_sx500_ani0.95_af0.5_b0.35_d10_top0	0,1,2	0.819907282857466	0.8184818481848185	248	62	48	52.715033450670056	0.8786729205087062	0.6666666666666666
split_rescue_p0.25_sx500_ani0.95_af0.5_b0.35_d10_top1	0,1,2	0.819907282857466	0.8184818481848185	248	62	48	52.715033450670056	0.8786729205087062	0.6666666666666666
split_rescue_p0.25_sx500_ani0.95_af0.5_b0.35_d10_top2	0,1,2	0.819907282857466	0.8184818481848185	248	62	48	52.715033450670056	0.8786729205087062	0.6666666666666666
split_rescue_p0.25_sx500_ani0.95_af0.5_b0.35_d1_top0	0,1,2	0.819907282857466	0.8184818481848185	248	62	48	52.715033450670056	0.8786729205087062	0.6666666666666666
split_rescue_p0.25_sx500_ani0.95_af0.5_b0.35_d1_top1	0,1,2	0.819907282857466	0.8184818481848185	248	62	48	52.715033450670056	0.8786729205087062	0.6666666666666666
split_rescue_p0.25_sx500_ani0.95_af0.5_b0.35_d1_top2	0,1,2	0.819907282857466	0.8184818481848185	248	62	48	52.715033450670056	0.8786729205087062	0.6666666666666666
split_rescue_p0.25_sx500_ani0.95_af0.5_b0.35_d2_top0	0,1,2	0.819907282857466	0.8184818481848185	248	62	48	52.715033450670056	0.8786729205087062	0.6666666666666666
split_rescue_p0.25_sx500_ani0.95_af0.5_b0.35_d2_top1	0,1,2	0.819907282857466	0.8184818481848185	248	62	48	52.715033450670056	0.8786729205087062	0.6666666666666666
split_rescue_p0.25_sx500_ani0.95_af0.5_b0.35_d2_top2	0,1,2	0.819907282857466	0.8184818481848185	248	62	48	52.715033450670056	0.8786729205087062	0.6666666666666666
split_rescue_p0.25_sx500_ani0.95_af0.5_b0.35_d5_top0	0,1,2	0.819907282857466	0.8184818481848185	248	62	48	52.715033450670056	0.8786729205087062	0.6666666666666666
split_rescue_p0.25_sx500_ani0.95_af0.5_b0.35_d5_top1	0,1,2	0.819907282857466	0.8184818481848185	248	62	48	52.715033450670056	0.8786729205087062	0.6666666666666666
split_rescue_p0.25_sx500_ani0.95_af0.5_b0.35_d5_top2	0,1,2	0.819907282857466	0.8184818481848185	248	62	48	52.715033450670056	0.8786729205087062	0.6666666666666666
split_rescue_p0.25_sx500_ani0.95_af0.5_b0.3_d10_top0	0,1,2	0.819907282857466	0.8184818481848185	248	62	48	52.715033450670056	0.8786729205087062	0.6666666666666666
split_rescue_p0.25_sx500_ani0.95_af0.5_b0.3_d10_top1	0,1,2	0.819907282857466	0.8184818481848185	248	62	48	52.715033450670056	0.8786729205087062	0.6666666666666666
split_rescue_p0.25_sx500_ani0.95_af0.5_b0.3_d10_top2	0,1,2	0.819907282857466	0.8184818481848185	248	62	48	52.715033450670056	0.8786729205087062	0.6666666666666666
split_rescue_p0.25_sx500_ani0.95_af0.5_b0.45_d10_top0	0,1,2	0.819907282857466	0.8184818481848185	248	62	48	52.715033450670056	0.8786729205087062	0.6666666666666666
split_rescue_p0.25_sx500_ani0.95_af0.5_b0.45_d10_top1	0,1,2	0.819907282857466	0.8184818481848185	248	62	48	52.715033450670056	0.8786729205087062	0.6666666666666666
split_rescue_p0.25_sx500_ani0.95_af0.5_b0.45_d10_top2	0,1,2	0.819907282857466	0.8184818481848185	248	62	48	52.715033450670056	0.8786729205087062	0.6666666666666666
split_rescue_p0.25_sx500_ani0.95_af0.5_b0.45_d1_top0	0,1,2	0.819907282857466	0.8184818481848185	248	62	48	52.715033450670056	0.8786729205087062	0.6666666666666666
split_rescue_p0.25_sx500_ani0.95_af0.5_b0.45_d1_top1	0,1,2	0.819907282857466	0.8184818481848185	248	62	48	52.715033450670056	0.8786729205087062	0.6666666666666666
split_rescue_p0.25_sx500_ani0.95_af0.5_b0.45_d1_top2	0,1,2	0.819907282857466	0.8184818481848185	248	62	48	52.715033450670056	0.8786729205087062	0.6666666666666666
split_rescue_p0.25_sx500_ani0.95_af0.5_b0.45_d2_top0	0,1,2	0.819907282857466	0.8184818481848185	248	62	48	52.715033450670056	0.8786729205087062	0.6666666666666666
split_rescue_p0.25_sx500_ani0.95_af0.5_b0.45_d2_top1	0,1,2	0.819907282857466	0.8184818481848185	248	62	48	52.715033450670056	0.8786729205087062	0.6666666666666666
split_rescue_p0.25_sx500_ani0.95_af0.5_b0.45_d2_top2	0,1,2	0.819907282857466	0.8184818481848185	248	62	48	52.715033450670056	0.8786729205087062	0.6666666666666666
split_rescue_p0.25_sx500_ani0.95_af0.5_b0.45_d5_top0	0,1,2	0.819907282857466	0.8184818481848185	248	62	48	52.715033450670056	0.8786729205087062	0.6666666666666666
split_rescue_p0.25_sx500_ani0.95_af0.5_b0.45_d5_top1	0,1,2	0.819907282857466	0.8184818481848185	248	62	48	52.715033450670056	0.8786729205087062	0.6666666666666666
split_rescue_p0.25_sx500_ani0.95_af0.5_b0.45_d5_top2	0,1,2	0.819907282857466	0.8184818481848185	248	62	48	52.715033450670056	0.8786729205087062	0.6666666666666666
split_rescue_p0.2_sx300_ani0.93_af0.3_b0.35_d10_top0	0,1,2	0.819907282857466	0.8184818481848185	248	62	48	52.715033450670056	0.8786729205087062	0.6666666666666666
split_rescue_p0.2_sx300_ani0.93_af0.3_b0.35_d10_top1	0,1,2	0.819907282857466	0.8184818481848185	248	62	48	52.715033450670056	0.8786729205087062	0.6666666666666666
split_rescue_p0.2_sx300_ani0.93_af0.3_b0.35_d10_top2	0,1,2	0.819907282857466	0.8184818481848185	248	62	48	52.715033450670056	0.8786729205087062	0.6666666666666666
split_rescue_p0.2_sx300_ani0.93_af0.3_b0.35_d1_top0	0,1,2	0.819907282857466	0.8184818481848185	248	62	48	52.715033450670056	0.8786729205087062	0.6666666666666666
split_rescue_p0.2_sx300_ani0.93_af0.3_b0.35_d1_top1	0,1,2	0.819907282857466	0.8184818481848185	248	62	48	52.715033450670056	0.8786729205087062	0.6666666666666666
split_rescue_p0.2_sx300_ani0.93_af0.3_b0.35_d1_top2	0,1,2	0.819907282857466	0.8184818481848185	248	62	48	52.715033450670056	0.8786729205087062	0.6666666666666666
split_rescue_p0.2_sx300_ani0.93_af0.3_b0.35_d2_top0	0,1,2	0.819907282857466	0.8184818481848185	248	62	48	52.715033450670056	0.8786729205087062	0.6666666666666666
split_rescue_p0.2_sx300_ani0.93_af0.3_b0.35_d2_top1	0,1,2	0.819907282857466	0.8184818481848185	248	62	48	52.715033450670056	0.8786729205087062	0.6666666666666666
split_rescue_p0.2_sx300_ani0.93_af0.3_b0.35_d2_top2	0,1,2	0.819907282857466	0.8184818481848185	248	62	48	52.715033450670056	0.8786729205087062	0.6666666666666666
split_rescue_p0.2_sx300_ani0.93_af0.3_b0.35_d5_top0	0,1,2	0.819907282857466	0.8184818481848185	248	62	48	52.715033450670056	0.8786729205087062	0.6666666666666666
split_rescue_p0.2_sx300_ani0.93_af0.3_b0.35_d5_top1	0,1,2	0.819907282857466	0.8184818481848185	248	62	48	52.715033450670056	0.8786729205087062	0.6666666666666666
split_rescue_p0.2_sx300_ani0.93_af0.3_b0.35_d5_top2	0,1,2	0.819907282857466	0.8184818481848185	248	62	48	52.715033450670056	0.8786729205087062	0.6666666666666666
split_rescue_p0.2_sx300_ani0.93_af0.3_b0.45_d10_top0	0,1,2	0.819907282857466	0.8184818481848185	248	62	48	52.715033450670056	0.8786729205087062	0.6666666666666666
split_rescue_p0.2_sx300_ani0.93_af0.3_b0.45_d10_top1	0,1,2	0.819907282857466	0.8184818481848185	248	62	48	52.715033450670056	0.8786729205087062	0.6666666666666666
split_rescue_p0.2_sx300_ani0.93_af0.3_b0.45_d10_top2	0,1,2	0.819907282857466	0.8184818481848185	248	62	48	52.715033450670056	0.8786729205087062	0.6666666666666666
split_rescue_p0.2_sx300_ani0.93_af0.3_b0.45_d1_top0	0,1,2	0.819907282857466	0.8184818481848185	248	62	48	52.715033450670056	0.8786729205087062	0.6666666666666666
split_rescue_p0.2_sx300_ani0.93_af0.3_b0.45_d1_top1	0,1,2	0.819907282857466	0.8184818481848185	248	62	48	52.715033450670056	0.8786729205087062	0.6666666666666666
split_rescue_p0.2_sx300_ani0.93_af0.3_b0.45_d1_top2	0,1,2	0.819907282857466	0.8184818481848185	248	62	48	52.715033450670056	0.8786729205087062	0.6666666666666666
split_rescue_p0.2_sx300_ani0.93_af0.3_b0.45_d2_top0	0,1,2	0.819907282857466	0.8184818481848185	248	62	48	52.715033450670056	0.8786729205087062	0.6666666666666666
split_rescue_p0.2_sx300_ani0.93_af0.3_b0.45_d2_top1	0,1,2	0.819907282857466	0.8184818481848185	248	62	48	52.715033450670056	0.8786729205087062	0.6666666666666666
split_rescue_p0.2_sx300_ani0.93_af0.3_b0.45_d2_top2	0,1,2	0.819907282857466	0.8184818481848185	248	62	48	52.715033450670056	0.8786729205087062	0.6666666666666666
split_rescue_p0.2_sx300_ani0.93_af0.3_b0.45_d5_top0	0,1,2	0.819907282857466	0.8184818481848185	248	62	48	52.715033450670056	0.8786729205087062	0.6666666666666666
split_rescue_p0.2_sx300_ani0.93_af0.3_b0.45_d5_top1	0,1,2	0.819907282857466	0.8184818481848185	248	62	48	52.715033450670056	0.8786729205087062	0.6666666666666666
split_rescue_p0.2_sx300_ani0.93_af0.3_b0.45_d5_top2	0,1,2	0.819907282857466	0.8184818481848185	248	62	48	52.715033450670056	0.8786729205087062	0.6666666666666666
split_rescue_p0.2_sx300_ani0.93_af0.5_b0.35_d10_top0	0,1,2	0.819907282857466	0.8184818481848185	248	62	48	52.715033450670056	0.8786729205087062	0.6666666666666666
split_rescue_p0.2_sx300_ani0.93_af0.5_b0.35_d10_top1	0,1,2	0.819907282857466	0.8184818481848185	248	62	48	52.715033450670056	0.8786729205087062	0.6666666666666666
split_rescue_p0.2_sx300_ani0.93_af0.5_b0.35_d10_top2	0,1,2	0.819907282857466	0.8184818481848185	248	62	48	52.715033450670056	0.8786729205087062	0.6666666666666666
split_rescue_p0.2_sx300_ani0.93_af0.5_b0.35_d1_top0	0,1,2	0.819907282857466	0.8184818481848185	248	62	48	52.715033450670056	0.8786729205087062	0.6666666666666666
split_rescue_p0.2_sx300_ani0.93_af0.5_b0.35_d1_top1	0,1,2	0.819907282857466	0.8184818481848185	248	62	48	52.715033450670056	0.8786729205087062	0.6666666666666666
split_rescue_p0.2_sx300_ani0.93_af0.5_b0.35_d1_top2	0,1,2	0.819907282857466	0.8184818481848185	248	62	48	52.715033450670056	0.8786729205087062	0.6666666666666666
split_rescue_p0.2_sx300_ani0.93_af0.5_b0.35_d2_top0	0,1,2	0.819907282857466	0.8184818481848185	248	62	48	52.715033450670056	0.8786729205087062	0.6666666666666666
split_rescue_p0.2_sx300_ani0.93_af0.5_b0.35_d2_top1	0,1,2	0.819907282857466	0.8184818481848185	248	62	48	52.715033450670056	0.8786729205087062	0.6666666666666666
split_rescue_p0.2_sx300_ani0.93_af0.5_b0.35_d2_top2	0,1,2	0.819907282857466	0.8184818481848185	248	62	48	52.715033450670056	0.8786729205087062	0.6666666666666666
split_rescue_p0.2_sx300_ani0.93_af0.5_b0.35_d5_top0	0,1,2	0.819907282857466	0.8184818481848185	248	62	48	52.715033450670056	0.8786729205087062	0.6666666666666666
split_rescue_p0.2_sx300_ani0.93_af0.5_b0.35_d5_top1	0,1,2	0.819907282857466	0.8184818481848185	248	62	48	52.715033450670056	0.8786729205087062	0.6666666666666666
split_rescue_p0.2_sx300_ani0.93_af0.5_b0.35_d5_top2	0,1,2	0.819907282857466	0.8184818481848185	248	62	48	52.715033450670056	0.8786729205087062	0.6666666666666666
split_rescue_p0.2_sx300_ani0.93_af0.5_b0.45_d10_top0	0,1,2	0.819907282857466	0.8184818481848185	248	62	48	52.715033450670056	0.8786729205087062	0.6666666666666666
split_rescue_p0.2_sx300_ani0.93_af0.5_b0.45_d10_top1	0,1,2	0.819907282857466	0.8184818481848185	248	62	48	52.715033450670056	0.8786729205087062	0.6666666666666666
split_rescue_p0.2_sx300_ani0.93_af0.5_b0.45_d10_top2	0,1,2	0.819907282857466	0.8184818481848185	248	62	48	52.715033450670056	0.8786729205087062	0.6666666666666666
split_rescue_p0.2_sx300_ani0.93_af0.5_b0.45_d1_top0	0,1,2	0.819907282857466	0.8184818481848185	248	62	48	52.715033450670056	0.8786729205087062	0.6666666666666666
split_rescue_p0.2_sx300_ani0.93_af0.5_b0.45_d1_top1	0,1,2	0.819907282857466	0.8184818481848185	248	62	48	52.715033450670056	0.8786729205087062	0.6666666666666666
split_rescue_p0.2_sx300_ani0.93_af0.5_b0.45_d1_top2	0,1,2	0.819907282857466	0.8184818481848185	248	62	48	52.715033450670056	0.8786729205087062	0.6666666666666666
split_rescue_p0.2_sx300_ani0.93_af0.5_b0.45_d2_top0	0,1,2	0.819907282857466	0.8184818481848185	248	62	48	52.715033450670056	0.8786729205087062	0.6666666666666666
split_rescue_p0.2_sx300_ani0.93_af0.5_b0.45_d2_top1	0,1,2	0.819907282857466	0.8184818481848185	248	62	48	52.715033450670056	0.8786729205087062	0.6666666666666666
split_rescue_p0.2_sx300_ani0.93_af0.5_b0.45_d2_top2	0,1,2	0.819907282857466	0.8184818481848185	248	62	48	52.715033450670056	0.8786729205087062	0.6666666666666666
split_rescue_p0.2_sx300_ani0.93_af0.5_b0.45_d5_top0	0,1,2	0.819907282857466	0.8184818481848185	248	62	48	52.715033450670056	0.8786729205087062	0.6666666666666666
split_rescue_p0.2_sx300_ani0.93_af0.5_b0.45_d5_top1	0,1,2	0.819907282857466	0.8184818481848185	248	62	48	52.715033450670056	0.8786729205087062	0.6666666666666666
split_rescue_p0.2_sx300_ani0.93_af0.5_b0.45_d5_top2	0,1,2	0.819907282857466	0.8184818481848185	248	62	48	52.715033450670056	0.8786729205087062	0.6666666666666666
split_rescue_p0.2_sx300_ani0.95_af0.3_b0.35_d10_top0	0,1,2	0.819907282857466	0.8184818481848185	248	62	48	52.715033450670056	0.8786729205087062	0.6666666666666666
split_rescue_p0.2_sx300_ani0.95_af0.3_b0.35_d10_top1	0,1,2	0.819907282857466	0.8184818481848185	248	62	48	52.715033450670056	0.8786729205087062	0.6666666666666666
split_rescue_p0.2_sx300_ani0.95_af0.3_b0.35_d10_top2	0,1,2	0.819907282857466	0.8184818481848185	248	62	48	52.715033450670056	0.8786729205087062	0.6666666666666666
split_rescue_p0.2_sx300_ani0.95_af0.3_b0.35_d1_top0	0,1,2	0.819907282857466	0.8184818481848185	248	62	48	52.715033450670056	0.8786729205087062	0.6666666666666666
split_rescue_p0.2_sx300_ani0.95_af0.3_b0.35_d1_top1	0,1,2	0.819907282857466	0.8184818481848185	248	62	48	52.715033450670056	0.8786729205087062	0.6666666666666666
split_rescue_p0.2_sx300_ani0.95_af0.3_b0.35_d1_top2	0,1,2	0.819907282857466	0.8184818481848185	248	62	48	52.715033450670056	0.8786729205087062	0.6666666666666666
split_rescue_p0.2_sx300_ani0.95_af0.3_b0.35_d2_top0	0,1,2	0.819907282857466	0.8184818481848185	248	62	48	52.715033450670056	0.8786729205087062	0.6666666666666666
split_rescue_p0.2_sx300_ani0.95_af0.3_b0.35_d2_top1	0,1,2	0.819907282857466	0.8184818481848185	248	62	48	52.715033450670056	0.8786729205087062	0.6666666666666666
split_rescue_p0.2_sx300_ani0.95_af0.3_b0.35_d2_top2	0,1,2	0.819907282857466	0.8184818481848185	248	62	48	52.715033450670056	0.8786729205087062	0.6666666666666666
split_rescue_p0.2_sx300_ani0.95_af0.3_b0.35_d5_top0	0,1,2	0.819907282857466	0.8184818481848185	248	62	48	52.715033450670056	0.8786729205087062	0.6666666666666666
split_rescue_p0.2_sx300_ani0.95_af0.3_b0.35_d5_top1	0,1,2	0.819907282857466	0.8184818481848185	248	62	48	52.715033450670056	0.8786729205087062	0.6666666666666666
split_rescue_p0.2_sx300_ani0.95_af0.3_b0.35_d5_top2	0,1,2	0.819907282857466	0.8184818481848185	248	62	48	52.715033450670056	0.8786729205087062	0.6666666666666666
split_rescue_p0.2_sx300_ani0.95_af0.3_b0.45_d10_top0	0,1,2	0.819907282857466	0.8184818481848185	248	62	48	52.715033450670056	0.8786729205087062	0.6666666666666666
split_rescue_p0.2_sx300_ani0.95_af0.3_b0.45_d10_top1	0,1,2	0.819907282857466	0.8184818481848185	248	62	48	52.715033450670056	0.8786729205087062	0.6666666666666666
split_rescue_p0.2_sx300_ani0.95_af0.3_b0.45_d10_top2	0,1,2	0.819907282857466	0.8184818481848185	248	62	48	52.715033450670056	0.8786729205087062	0.6666666666666666
split_rescue_p0.2_sx300_ani0.95_af0.3_b0.45_d1_top0	0,1,2	0.819907282857466	0.8184818481848185	248	62	48	52.715033450670056	0.8786729205087062	0.6666666666666666
split_rescue_p0.2_sx300_ani0.95_af0.3_b0.45_d1_top1	0,1,2	0.819907282857466	0.8184818481848185	248	62	48	52.715033450670056	0.8786729205087062	0.6666666666666666
split_rescue_p0.2_sx300_ani0.95_af0.3_b0.45_d1_top2	0,1,2	0.819907282857466	0.8184818481848185	248	62	48	52.715033450670056	0.8786729205087062	0.6666666666666666
split_rescue_p0.2_sx300_ani0.95_af0.3_b0.45_d2_top0	0,1,2	0.819907282857466	0.8184818481848185	248	62	48	52.715033450670056	0.8786729205087062	0.6666666666666666
split_rescue_p0.2_sx300_ani0.95_af0.3_b0.45_d2_top1	0,1,2	0.819907282857466	0.8184818481848185	248	62	48	52.715033450670056	0.8786729205087062	0.6666666666666666
split_rescue_p0.2_sx300_ani0.95_af0.3_b0.45_d2_top2	0,1,2	0.819907282857466	0.8184818481848185	248	62	48	52.715033450670056	0.8786729205087062	0.6666666666666666
split_rescue_p0.2_sx300_ani0.95_af0.3_b0.45_d5_top0	0,1,2	0.819907282857466	0.8184818481848185	248	62	48	52.715033450670056	0.8786729205087062	0.6666666666666666
split_rescue_p0.2_sx300_ani0.95_af0.3_b0.45_d5_top1	0,1,2	0.819907282857466	0.8184818481848185	248	62	48	52.715033450670056	0.8786729205087062	0.6666666666666666
split_rescue_p0.2_sx300_ani0.95_af0.3_b0.45_d5_top2	0,1,2	0.819907282857466	0.8184818481848185	248	62	48	52.715033450670056	0.8786729205087062	0.6666666666666666
split_rescue_p0.2_sx300_ani0.95_af0.5_b0.35_d10_top0	0,1,2	0.819907282857466	0.8184818481848185	248	62	48	52.715033450670056	0.8786729205087062	0.6666666666666666
split_rescue_p0.2_sx300_ani0.95_af0.5_b0.35_d10_top1	0,1,2	0.819907282857466	0.8184818481848185	248	62	48	52.715033450670056	0.8786729205087062	0.6666666666666666
split_rescue_p0.2_sx300_ani0.95_af0.5_b0.35_d10_top2	0,1,2	0.819907282857466	0.8184818481848185	248	62	48	52.715033450670056	0.8786729205087062	0.6666666666666666
split_rescue_p0.2_sx300_ani0.95_af0.5_b0.35_d1_top0	0,1,2	0.819907282857466	0.8184818481848185	248	62	48	52.715033450670056	0.8786729205087062	0.6666666666666666
split_rescue_p0.2_sx300_ani0.95_af0.5_b0.35_d1_top1	0,1,2	0.819907282857466	0.8184818481848185	248	62	48	52.715033450670056	0.8786729205087062	0.6666666666666666
split_rescue_p0.2_sx300_ani0.95_af0.5_b0.35_d1_top2	0,1,2	0.819907282857466	0.8184818481848185	248	62	48	52.715033450670056	0.8786729205087062	0.6666666666666666
split_rescue_p0.2_sx300_ani0.95_af0.5_b0.35_d2_top0	0,1,2	0.819907282857466	0.8184818481848185	248	62	48	52.715033450670056	0.8786729205087062	0.6666666666666666
split_rescue_p0.2_sx300_ani0.95_af0.5_b0.35_d2_top1	0,1,2	0.819907282857466	0.8184818481848185	248	62	48	52.715033450670056	0.8786729205087062	0.6666666666666666
split_rescue_p0.2_sx300_ani0.95_af0.5_b0.35_d2_top2	0,1,2	0.819907282857466	0.8184818481848185	248	62	48	52.715033450670056	0.8786729205087062	0.6666666666666666
split_rescue_p0.2_sx300_ani0.95_af0.5_b0.35_d5_top0	0,1,2	0.819907282857466	0.8184818481848185	248	62	48	52.715033450670056	0.8786729205087062	0.6666666666666666
split_rescue_p0.2_sx300_ani0.95_af0.5_b0.35_d5_top1	0,1,2	0.819907282857466	0.8184818481848185	248	62	48	52.715033450670056	0.8786729205087062	0.6666666666666666
split_rescue_p0.2_sx300_ani0.95_af0.5_b0.35_d5_top2	0,1,2	0.819907282857466	0.8184818481848185	248	62	48	52.715033450670056	0.8786729205087062	0.6666666666666666
split_rescue_p0.2_sx300_ani0.95_af0.5_b0.45_d10_top0	0,1,2	0.819907282857466	0.8184818481848185	248	62	48	52.715033450670056	0.8786729205087062	0.6666666666666666
split_rescue_p0.2_sx300_ani0.95_af0.5_b0.45_d10_top1	0,1,2	0.819907282857466	0.8184818481848185	248	62	48	52.715033450670056	0.8786729205087062	0.6666666666666666
split_rescue_p0.2_sx300_ani0.95_af0.5_b0.45_d10_top2	0,1,2	0.819907282857466	0.8184818481848185	248	62	48	52.715033450670056	0.8786729205087062	0.6666666666666666
split_rescue_p0.2_sx300_ani0.95_af0.5_b0.45_d1_top0	0,1,2	0.819907282857466	0.8184818481848185	248	62	48	52.715033450670056	0.8786729205087062	0.6666666666666666
split_rescue_p0.2_sx300_ani0.95_af0.5_b0.45_d1_top1	0,1,2	0.819907282857466	0.8184818481848185	248	62	48	52.715033450670056	0.8786729205087062	0.6666666666666666
split_rescue_p0.2_sx300_ani0.95_af0.5_b0.45_d1_top2	0,1,2	0.819907282857466	0.8184818481848185	248	62	48	52.715033450670056	0.8786729205087062	0.6666666666666666
split_rescue_p0.2_sx300_ani0.95_af0.5_b0.45_d2_top0	0,1,2	0.819907282857466	0.8184818481848185	248	62	48	52.715033450670056	0.8786729205087062	0.6666666666666666
split_rescue_p0.2_sx300_ani0.95_af0.5_b0.45_d2_top1	0,1,2	0.819907282857466	0.8184818481848185	248	62	48	52.715033450670056	0.8786729205087062	0.6666666666666666
split_rescue_p0.2_sx300_ani0.95_af0.5_b0.45_d2_top2	0,1,2	0.819907282857466	0.8184818481848185	248	62	48	52.715033450670056	0.8786729205087062	0.6666666666666666
split_rescue_p0.2_sx300_ani0.95_af0.5_b0.45_d5_top0	0,1,2	0.819907282857466	0.8184818481848185	248	62	48	52.715033450670056	0.8786729205087062	0.6666666666666666
split_rescue_p0.2_sx300_ani0.95_af0.5_b0.45_d5_top1	0,1,2	0.819907282857466	0.8184818481848185	248	62	48	52.715033450670056	0.8786729205087062	0.6666666666666666
split_rescue_p0.2_sx300_ani0.95_af0.5_b0.45_d5_top2	0,1,2	0.819907282857466	0.8184818481848185	248	62	48	52.715033450670056	0.8786729205087062	0.6666666666666666
split_rescue_p0.2_sx500_ani0.93_af0.3_b0.35_d10_top0	0,1,2	0.819907282857466	0.8184818481848185	248	62	48	52.715033450670056	0.8786729205087062	0.6666666666666666
split_rescue_p0.2_sx500_ani0.93_af0.3_b0.35_d10_top1	0,1,2	0.819907282857466	0.8184818481848185	248	62	48	52.715033450670056	0.8786729205087062	0.6666666666666666
split_rescue_p0.2_sx500_ani0.93_af0.3_b0.35_d10_top2	0,1,2	0.819907282857466	0.8184818481848185	248	62	48	52.715033450670056	0.8786729205087062	0.6666666666666666
split_rescue_p0.2_sx500_ani0.93_af0.3_b0.35_d1_top0	0,1,2	0.819907282857466	0.8184818481848185	248	62	48	52.715033450670056	0.8786729205087062	0.6666666666666666
split_rescue_p0.2_sx500_ani0.93_af0.3_b0.35_d1_top1	0,1,2	0.819907282857466	0.8184818481848185	248	62	48	52.715033450670056	0.8786729205087062	0.6666666666666666
split_rescue_p0.2_sx500_ani0.93_af0.3_b0.35_d1_top2	0,1,2	0.819907282857466	0.8184818481848185	248	62	48	52.715033450670056	0.8786729205087062	0.6666666666666666
split_rescue_p0.2_sx500_ani0.93_af0.3_b0.35_d2_top0	0,1,2	0.819907282857466	0.8184818481848185	248	62	48	52.715033450670056	0.8786729205087062	0.6666666666666666
split_rescue_p0.2_sx500_ani0.93_af0.3_b0.35_d2_top1	0,1,2	0.819907282857466	0.8184818481848185	248	62	48	52.715033450670056	0.8786729205087062	0.6666666666666666
split_rescue_p0.2_sx500_ani0.93_af0.3_b0.35_d2_top2	0,1,2	0.819907282857466	0.8184818481848185	248	62	48	52.715033450670056	0.8786729205087062	0.6666666666666666
split_rescue_p0.2_sx500_ani0.93_af0.3_b0.35_d5_top0	0,1,2	0.819907282857466	0.8184818481848185	248	62	48	52.715033450670056	0.8786729205087062	0.6666666666666666
split_rescue_p0.2_sx500_ani0.93_af0.3_b0.35_d5_top1	0,1,2	0.819907282857466	0.8184818481848185	248	62	48	52.715033450670056	0.8786729205087062	0.6666666666666666
split_rescue_p0.2_sx500_ani0.93_af0.3_b0.35_d5_top2	0,1,2	0.819907282857466	0.8184818481848185	248	62	48	52.715033450670056	0.8786729205087062	0.6666666666666666
split_rescue_p0.2_sx500_ani0.93_af0.3_b0.45_d10_top0	0,1,2	0.819907282857466	0.8184818481848185	248	62	48	52.715033450670056	0.8786729205087062	0.6666666666666666
split_rescue_p0.2_sx500_ani0.93_af0.3_b0.45_d10_top1	0,1,2	0.819907282857466	0.8184818481848185	248	62	48	52.715033450670056	0.8786729205087062	0.6666666666666666
split_rescue_p0.2_sx500_ani0.93_af0.3_b0.45_d10_top2	0,1,2	0.819907282857466	0.8184818481848185	248	62	48	52.715033450670056	0.8786729205087062	0.6666666666666666
split_rescue_p0.2_sx500_ani0.93_af0.3_b0.45_d1_top0	0,1,2	0.819907282857466	0.8184818481848185	248	62	48	52.715033450670056	0.8786729205087062	0.6666666666666666
split_rescue_p0.2_sx500_ani0.93_af0.3_b0.45_d1_top1	0,1,2	0.819907282857466	0.8184818481848185	248	62	48	52.715033450670056	0.8786729205087062	0.6666666666666666
split_rescue_p0.2_sx500_ani0.93_af0.3_b0.45_d1_top2	0,1,2	0.819907282857466	0.8184818481848185	248	62	48	52.715033450670056	0.8786729205087062	0.6666666666666666
split_rescue_p0.2_sx500_ani0.93_af0.3_b0.45_d2_top0	0,1,2	0.819907282857466	0.8184818481848185	248	62	48	52.715033450670056	0.8786729205087062	0.6666666666666666
split_rescue_p0.2_sx500_ani0.93_af0.3_b0.45_d2_top1	0,1,2	0.819907282857466	0.8184818481848185	248	62	48	52.715033450670056	0.8786729205087062	0.6666666666666666
split_rescue_p0.2_sx500_ani0.93_af0.3_b0.45_d2_top2	0,1,2	0.819907282857466	0.8184818481848185	248	62	48	52.715033450670056	0.8786729205087062	0.6666666666666666
split_rescue_p0.2_sx500_ani0.93_af0.3_b0.45_d5_top0	0,1,2	0.819907282857466	0.8184818481848185	248	62	48	52.715033450670056	0.8786729205087062	0.6666666666666666
split_rescue_p0.2_sx500_ani0.93_af0.3_b0.45_d5_top1	0,1,2	0.819907282857466	0.8184818481848185	248	62	48	52.715033450670056	0.8786729205087062	0.6666666666666666
split_rescue_p0.2_sx500_ani0.93_af0.3_b0.45_d5_top2	0,1,2	0.819907282857466	0.8184818481848185	248	62	48	52.715033450670056	0.8786729205087062	0.6666666666666666
split_rescue_p0.2_sx500_ani0.93_af0.5_b0.35_d10_top0	0,1,2	0.819907282857466	0.8184818481848185	248	62	48	52.715033450670056	0.8786729205087062	0.6666666666666666
split_rescue_p0.2_sx500_ani0.93_af0.5_b0.35_d10_top1	0,1,2	0.819907282857466	0.8184818481848185	248	62	48	52.715033450670056	0.8786729205087062	0.6666666666666666
split_rescue_p0.2_sx500_ani0.93_af0.5_b0.35_d10_top2	0,1,2	0.819907282857466	0.8184818481848185	248	62	48	52.715033450670056	0.8786729205087062	0.6666666666666666
split_rescue_p0.2_sx500_ani0.93_af0.5_b0.35_d1_top0	0,1,2	0.819907282857466	0.8184818481848185	248	62	48	52.715033450670056	0.8786729205087062	0.6666666666666666
split_rescue_p0.2_sx500_ani0.93_af0.5_b0.35_d1_top1	0,1,2	0.819907282857466	0.8184818481848185	248	62	48	52.715033450670056	0.8786729205087062	0.6666666666666666
split_rescue_p0.2_sx500_ani0.93_af0.5_b0.35_d1_top2	0,1,2	0.819907282857466	0.8184818481848185	248	62	48	52.715033450670056	0.8786729205087062	0.6666666666666666
split_rescue_p0.2_sx500_ani0.93_af0.5_b0.35_d2_top0	0,1,2	0.819907282857466	0.8184818481848185	248	62	48	52.715033450670056	0.8786729205087062	0.6666666666666666
split_rescue_p0.2_sx500_ani0.93_af0.5_b0.35_d2_top1	0,1,2	0.819907282857466	0.8184818481848185	248	62	48	52.715033450670056	0.8786729205087062	0.6666666666666666
split_rescue_p0.2_sx500_ani0.93_af0.5_b0.35_d2_top2	0,1,2	0.819907282857466	0.8184818481848185	248	62	48	52.715033450670056	0.8786729205087062	0.6666666666666666
split_rescue_p0.2_sx500_ani0.93_af0.5_b0.35_d5_top0	0,1,2	0.819907282857466	0.8184818481848185	248	62	48	52.715033450670056	0.8786729205087062	0.6666666666666666
split_rescue_p0.2_sx500_ani0.93_af0.5_b0.35_d5_top1	0,1,2	0.819907282857466	0.8184818481848185	248	62	48	52.715033450670056	0.8786729205087062	0.6666666666666666
split_rescue_p0.2_sx500_ani0.93_af0.5_b0.35_d5_top2	0,1,2	0.819907282857466	0.8184818481848185	248	62	48	52.715033450670056	0.8786729205087062	0.6666666666666666
split_rescue_p0.2_sx500_ani0.93_af0.5_b0.45_d10_top0	0,1,2	0.819907282857466	0.8184818481848185	248	62	48	52.715033450670056	0.8786729205087062	0.6666666666666666
split_rescue_p0.2_sx500_ani0.93_af0.5_b0.45_d10_top1	0,1,2	0.819907282857466	0.8184818481848185	248	62	48	52.715033450670056	0.8786729205087062	0.6666666666666666
split_rescue_p0.2_sx500_ani0.93_af0.5_b0.45_d10_top2	0,1,2	0.819907282857466	0.8184818481848185	248	62	48	52.715033450670056	0.8786729205087062	0.6666666666666666
split_rescue_p0.2_sx500_ani0.93_af0.5_b0.45_d1_top0	0,1,2	0.819907282857466	0.8184818481848185	248	62	48	52.715033450670056	0.8786729205087062	0.6666666666666666
split_rescue_p0.2_sx500_ani0.93_af0.5_b0.45_d1_top1	0,1,2	0.819907282857466	0.8184818481848185	248	62	48	52.715033450670056	0.8786729205087062	0.6666666666666666
split_rescue_p0.2_sx500_ani0.93_af0.5_b0.45_d1_top2	0,1,2	0.819907282857466	0.8184818481848185	248	62	48	52.715033450670056	0.8786729205087062	0.6666666666666666
split_rescue_p0.2_sx500_ani0.93_af0.5_b0.45_d2_top0	0,1,2	0.819907282857466	0.8184818481848185	248	62	48	52.715033450670056	0.8786729205087062	0.6666666666666666
split_rescue_p0.2_sx500_ani0.93_af0.5_b0.45_d2_top1	0,1,2	0.819907282857466	0.8184818481848185	248	62	48	52.715033450670056	0.8786729205087062	0.6666666666666666
split_rescue_p0.2_sx500_ani0.93_af0.5_b0.45_d2_top2	0,1,2	0.819907282857466	0.8184818481848185	248	62	48	52.715033450670056	0.8786729205087062	0.6666666666666666
split_rescue_p0.2_sx500_ani0.93_af0.5_b0.45_d5_top0	0,1,2	0.819907282857466	0.8184818481848185	248	62	48	52.715033450670056	0.8786729205087062	0.6666666666666666
split_rescue_p0.2_sx500_ani0.93_af0.5_b0.45_d5_top1	0,1,2	0.819907282857466	0.8184818481848185	248	62	48	52.715033450670056	0.8786729205087062	0.6666666666666666
split_rescue_p0.2_sx500_ani0.93_af0.5_b0.45_d5_top2	0,1,2	0.819907282857466	0.8184818481848185	248	62	48	52.715033450670056	0.8786729205087062	0.6666666666666666
split_rescue_p0.2_sx500_ani0.95_af0.3_b0.35_d10_top0	0,1,2	0.819907282857466	0.8184818481848185	248	62	48	52.715033450670056	0.8786729205087062	0.6666666666666666
split_rescue_p0.2_sx500_ani0.95_af0.3_b0.35_d10_top1	0,1,2	0.819907282857466	0.8184818481848185	248	62	48	52.715033450670056	0.8786729205087062	0.6666666666666666
split_rescue_p0.2_sx500_ani0.95_af0.3_b0.35_d10_top2	0,1,2	0.819907282857466	0.8184818481848185	248	62	48	52.715033450670056	0.8786729205087062	0.6666666666666666
split_rescue_p0.2_sx500_ani0.95_af0.3_b0.35_d1_top0	0,1,2	0.819907282857466	0.8184818481848185	248	62	48	52.715033450670056	0.8786729205087062	0.6666666666666666
split_rescue_p0.2_sx500_ani0.95_af0.3_b0.35_d1_top1	0,1,2	0.819907282857466	0.8184818481848185	248	62	48	52.715033450670056	0.8786729205087062	0.6666666666666666
split_rescue_p0.2_sx500_ani0.95_af0.3_b0.35_d1_top2	0,1,2	0.819907282857466	0.8184818481848185	248	62	48	52.715033450670056	0.8786729205087062	0.6666666666666666
split_rescue_p0.2_sx500_ani0.95_af0.3_b0.35_d2_top0	0,1,2	0.819907282857466	0.8184818481848185	248	62	48	52.715033450670056	0.8786729205087062	0.6666666666666666
split_rescue_p0.2_sx500_ani0.95_af0.3_b0.35_d2_top1	0,1,2	0.819907282857466	0.8184818481848185	248	62	48	52.715033450670056	0.8786729205087062	0.6666666666666666
split_rescue_p0.2_sx500_ani0.95_af0.3_b0.35_d2_top2	0,1,2	0.819907282857466	0.8184818481848185	248	62	48	52.715033450670056	0.8786729205087062	0.6666666666666666
split_rescue_p0.2_sx500_ani0.95_af0.3_b0.35_d5_top0	0,1,2	0.819907282857466	0.8184818481848185	248	62	48	52.715033450670056	0.8786729205087062	0.6666666666666666
split_rescue_p0.2_sx500_ani0.95_af0.3_b0.35_d5_top1	0,1,2	0.819907282857466	0.8184818481848185	248	62	48	52.715033450670056	0.8786729205087062	0.6666666666666666
split_rescue_p0.2_sx500_ani0.95_af0.3_b0.35_d5_top2	0,1,2	0.819907282857466	0.8184818481848185	248	62	48	52.715033450670056	0.8786729205087062	0.6666666666666666
split_rescue_p0.2_sx500_ani0.95_af0.3_b0.45_d10_top0	0,1,2	0.819907282857466	0.8184818481848185	248	62	48	52.715033450670056	0.8786729205087062	0.6666666666666666
split_rescue_p0.2_sx500_ani0.95_af0.3_b0.45_d10_top1	0,1,2	0.819907282857466	0.8184818481848185	248	62	48	52.715033450670056	0.8786729205087062	0.6666666666666666
split_rescue_p0.2_sx500_ani0.95_af0.3_b0.45_d10_top2	0,1,2	0.819907282857466	0.8184818481848185	248	62	48	52.715033450670056	0.8786729205087062	0.6666666666666666
split_rescue_p0.2_sx500_ani0.95_af0.3_b0.45_d1_top0	0,1,2	0.819907282857466	0.8184818481848185	248	62	48	52.715033450670056	0.8786729205087062	0.6666666666666666
split_rescue_p0.2_sx500_ani0.95_af0.3_b0.45_d1_top1	0,1,2	0.819907282857466	0.8184818481848185	248	62	48	52.715033450670056	0.8786729205087062	0.6666666666666666
split_rescue_p0.2_sx500_ani0.95_af0.3_b0.45_d1_top2	0,1,2	0.819907282857466	0.8184818481848185	248	62	48	52.715033450670056	0.8786729205087062	0.6666666666666666
split_rescue_p0.2_sx500_ani0.95_af0.3_b0.45_d2_top0	0,1,2	0.819907282857466	0.8184818481848185	248	62	48	52.715033450670056	0.8786729205087062	0.6666666666666666
split_rescue_p0.2_sx500_ani0.95_af0.3_b0.45_d2_top1	0,1,2	0.819907282857466	0.8184818481848185	248	62	48	52.715033450670056	0.8786729205087062	0.6666666666666666
split_rescue_p0.2_sx500_ani0.95_af0.3_b0.45_d2_top2	0,1,2	0.819907282857466	0.8184818481848185	248	62	48	52.715033450670056	0.8786729205087062	0.6666666666666666
split_rescue_p0.2_sx500_ani0.95_af0.3_b0.45_d5_top0	0,1,2	0.819907282857466	0.8184818481848185	248	62	48	52.715033450670056	0.8786729205087062	0.6666666666666666
split_rescue_p0.2_sx500_ani0.95_af0.3_b0.45_d5_top1	0,1,2	0.819907282857466	0.8184818481848185	248	62	48	52.715033450670056	0.8786729205087062	0.6666666666666666
split_rescue_p0.2_sx500_ani0.95_af0.3_b0.45_d5_top2	0,1,2	0.819907282857466	0.8184818481848185	248	62	48	52.715033450670056	0.8786729205087062	0.6666666666666666
split_rescue_p0.2_sx500_ani0.95_af0.5_b0.35_d10_top0	0,1,2	0.819907282857466	0.8184818481848185	248	62	48	52.715033450670056	0.8786729205087062	0.6666666666666666
split_rescue_p0.2_sx500_ani0.95_af0.5_b0.35_d10_top1	0,1,2	0.819907282857466	0.8184818481848185	248	62	48	52.715033450670056	0.8786729205087062	0.6666666666666666
split_rescue_p0.2_sx500_ani0.95_af0.5_b0.35_d10_top2	0,1,2	0.819907282857466	0.8184818481848185	248	62	48	52.715033450670056	0.8786729205087062	0.6666666666666666
split_rescue_p0.2_sx500_ani0.95_af0.5_b0.35_d1_top0	0,1,2	0.819907282857466	0.8184818481848185	248	62	48	52.715033450670056	0.8786729205087062	0.6666666666666666
split_rescue_p0.2_sx500_ani0.95_af0.5_b0.35_d1_top1	0,1,2	0.819907282857466	0.8184818481848185	248	62	48	52.715033450670056	0.8786729205087062	0.6666666666666666
split_rescue_p0.2_sx500_ani0.95_af0.5_b0.35_d1_top2	0,1,2	0.819907282857466	0.8184818481848185	248	62	48	52.715033450670056	0.8786729205087062	0.6666666666666666
split_rescue_p0.2_sx500_ani0.95_af0.5_b0.35_d2_top0	0,1,2	0.819907282857466	0.8184818481848185	248	62	48	52.715033450670056	0.8786729205087062	0.6666666666666666
split_rescue_p0.2_sx500_ani0.95_af0.5_b0.35_d2_top1	0,1,2	0.819907282857466	0.8184818481848185	248	62	48	52.715033450670056	0.8786729205087062	0.6666666666666666
split_rescue_p0.2_sx500_ani0.95_af0.5_b0.35_d2_top2	0,1,2	0.819907282857466	0.8184818481848185	248	62	48	52.715033450670056	0.8786729205087062	0.6666666666666666
split_rescue_p0.2_sx500_ani0.95_af0.5_b0.35_d5_top0	0,1,2	0.819907282857466	0.8184818481848185	248	62	48	52.715033450670056	0.8786729205087062	0.6666666666666666
split_rescue_p0.2_sx500_ani0.95_af0.5_b0.35_d5_top1	0,1,2	0.819907282857466	0.8184818481848185	248	62	48	52.715033450670056	0.8786729205087062	0.6666666666666666
split_rescue_p0.2_sx500_ani0.95_af0.5_b0.35_d5_top2	0,1,2	0.819907282857466	0.8184818481848185	248	62	48	52.715033450670056	0.8786729205087062	0.6666666666666666
split_rescue_p0.2_sx500_ani0.95_af0.5_b0.45_d10_top0	0,1,2	0.819907282857466	0.8184818481848185	248	62	48	52.715033450670056	0.8786729205087062	0.6666666666666666
split_rescue_p0.2_sx500_ani0.95_af0.5_b0.45_d10_top1	0,1,2	0.819907282857466	0.8184818481848185	248	62	48	52.715033450670056	0.8786729205087062	0.6666666666666666
split_rescue_p0.2_sx500_ani0.95_af0.5_b0.45_d10_top2	0,1,2	0.819907282857466	0.8184818481848185	248	62	48	52.715033450670056	0.8786729205087062	0.6666666666666666
split_rescue_p0.2_sx500_ani0.95_af0.5_b0.45_d1_top0	0,1,2	0.819907282857466	0.8184818481848185	248	62	48	52.715033450670056	0.8786729205087062	0.6666666666666666
split_rescue_p0.2_sx500_ani0.95_af0.5_b0.45_d1_top1	0,1,2	0.819907282857466	0.8184818481848185	248	62	48	52.715033450670056	0.8786729205087062	0.6666666666666666
split_rescue_p0.2_sx500_ani0.95_af0.5_b0.45_d1_top2	0,1,2	0.819907282857466	0.8184818481848185	248	62	48	52.715033450670056	0.8786729205087062	0.6666666666666666
split_rescue_p0.2_sx500_ani0.95_af0.5_b0.45_d2_top0	0,1,2	0.819907282857466	0.8184818481848185	248	62	48	52.715033450670056	0.8786729205087062	0.6666666666666666
split_rescue_p0.2_sx500_ani0.95_af0.5_b0.45_d2_top1	0,1,2	0.819907282857466	0.8184818481848185	248	62	48	52.715033450670056	0.8786729205087062	0.6666666666666666
split_rescue_p0.2_sx500_ani0.95_af0.5_b0.45_d2_top2	0,1,2	0.819907282857466	0.8184818481848185	248	62	48	52.715033450670056	0.8786729205087062	0.6666666666666666
split_rescue_p0.2_sx500_ani0.95_af0.5_b0.45_d5_top0	0,1,2	0.819907282857466	0.8184818481848185	248	62	48	52.715033450670056	0.8786729205087062	0.6666666666666666
split_rescue_p0.2_sx500_ani0.95_af0.5_b0.45_d5_top1	0,1,2	0.819907282857466	0.8184818481848185	248	62	48	52.715033450670056	0.8786729205087062	0.6666666666666666
split_rescue_p0.2_sx500_ani0.95_af0.5_b0.45_d5_top2	0,1,2	0.819907282857466	0.8184818481848185	248	62	48	52.715033450670056	0.8786729205087062	0.6666666666666666
split_rescue_p0_sx300_ani0.93_af0.3_b0.45_d10_top0	0,1,2	0.819907282857466	0.8184818481848185	248	62	48	52.715033450670056	0.8786729205087062	0.6666666666666666
split_rescue_p0_sx300_ani0.93_af0.3_b0.45_d10_top1	0,1,2	0.819907282857466	0.8184818481848185	248	62	48	52.715033450670056	0.8786729205087062	0.6666666666666666
split_rescue_p0_sx300_ani0.93_af0.3_b0.45_d10_top2	0,1,2	0.819907282857466	0.8184818481848185	248	62	48	52.715033450670056	0.8786729205087062	0.6666666666666666
split_rescue_p0_sx300_ani0.93_af0.3_b0.45_d1_top0	0,1,2	0.819907282857466	0.8184818481848185	248	62	48	52.715033450670056	0.8786729205087062	0.6666666666666666
split_rescue_p0_sx300_ani0.93_af0.3_b0.45_d1_top1	0,1,2	0.819907282857466	0.8184818481848185	248	62	48	52.715033450670056	0.8786729205087062	0.6666666666666666
split_rescue_p0_sx300_ani0.93_af0.3_b0.45_d1_top2	0,1,2	0.819907282857466	0.8184818481848185	248	62	48	52.715033450670056	0.8786729205087062	0.6666666666666666
split_rescue_p0_sx300_ani0.93_af0.3_b0.45_d2_top0	0,1,2	0.819907282857466	0.8184818481848185	248	62	48	52.715033450670056	0.8786729205087062	0.6666666666666666
split_rescue_p0_sx300_ani0.93_af0.3_b0.45_d2_top1	0,1,2	0.819907282857466	0.8184818481848185	248	62	48	52.715033450670056	0.8786729205087062	0.6666666666666666
split_rescue_p0_sx300_ani0.93_af0.3_b0.45_d2_top2	0,1,2	0.819907282857466	0.8184818481848185	248	62	48	52.715033450670056	0.8786729205087062	0.6666666666666666
split_rescue_p0_sx300_ani0.93_af0.3_b0.45_d5_top0	0,1,2	0.819907282857466	0.8184818481848185	248	62	48	52.715033450670056	0.8786729205087062	0.6666666666666666
split_rescue_p0_sx300_ani0.93_af0.3_b0.45_d5_top1	0,1,2	0.819907282857466	0.8184818481848185	248	62	48	52.715033450670056	0.8786729205087062	0.6666666666666666
split_rescue_p0_sx300_ani0.93_af0.3_b0.45_d5_top2	0,1,2	0.819907282857466	0.8184818481848185	248	62	48	52.715033450670056	0.8786729205087062	0.6666666666666666
split_rescue_p0_sx300_ani0.93_af0.5_b0.45_d10_top0	0,1,2	0.819907282857466	0.8184818481848185	248	62	48	52.715033450670056	0.8786729205087062	0.6666666666666666
split_rescue_p0_sx300_ani0.93_af0.5_b0.45_d10_top1	0,1,2	0.819907282857466	0.8184818481848185	248	62	48	52.715033450670056	0.8786729205087062	0.6666666666666666
split_rescue_p0_sx300_ani0.93_af0.5_b0.45_d10_top2	0,1,2	0.819907282857466	0.8184818481848185	248	62	48	52.715033450670056	0.8786729205087062	0.6666666666666666
split_rescue_p0_sx300_ani0.93_af0.5_b0.45_d1_top0	0,1,2	0.819907282857466	0.8184818481848185	248	62	48	52.715033450670056	0.8786729205087062	0.6666666666666666
split_rescue_p0_sx300_ani0.93_af0.5_b0.45_d1_top1	0,1,2	0.819907282857466	0.8184818481848185	248	62	48	52.715033450670056	0.8786729205087062	0.6666666666666666
split_rescue_p0_sx300_ani0.93_af0.5_b0.45_d1_top2	0,1,2	0.819907282857466	0.8184818481848185	248	62	48	52.715033450670056	0.8786729205087062	0.6666666666666666
split_rescue_p0_sx300_ani0.93_af0.5_b0.45_d2_top0	0,1,2	0.819907282857466	0.8184818481848185	248	62	48	52.715033450670056	0.8786729205087062	0.6666666666666666
split_rescue_p0_sx300_ani0.93_af0.5_b0.45_d2_top1	0,1,2	0.819907282857466	0.8184818481848185	248	62	48	52.715033450670056	0.8786729205087062	0.6666666666666666
split_rescue_p0_sx300_ani0.93_af0.5_b0.45_d2_top2	0,1,2	0.819907282857466	0.8184818481848185	248	62	48	52.715033450670056	0.8786729205087062	0.6666666666666666
split_rescue_p0_sx300_ani0.93_af0.5_b0.45_d5_top0	0,1,2	0.819907282857466	0.8184818481848185	248	62	48	52.715033450670056	0.8786729205087062	0.6666666666666666
split_rescue_p0_sx300_ani0.93_af0.5_b0.45_d5_top1	0,1,2	0.819907282857466	0.8184818481848185	248	62	48	52.715033450670056	0.8786729205087062	0.6666666666666666
split_rescue_p0_sx300_ani0.93_af0.5_b0.45_d5_top2	0,1,2	0.819907282857466	0.8184818481848185	248	62	48	52.715033450670056	0.8786729205087062	0.6666666666666666
split_rescue_p0_sx300_ani0.95_af0.3_b0.45_d10_top0	0,1,2	0.819907282857466	0.8184818481848185	248	62	48	52.715033450670056	0.8786729205087062	0.6666666666666666
split_rescue_p0_sx300_ani0.95_af0.3_b0.45_d10_top1	0,1,2	0.819907282857466	0.8184818481848185	248	62	48	52.715033450670056	0.8786729205087062	0.6666666666666666
split_rescue_p0_sx300_ani0.95_af0.3_b0.45_d10_top2	0,1,2	0.819907282857466	0.8184818481848185	248	62	48	52.715033450670056	0.8786729205087062	0.6666666666666666
split_rescue_p0_sx300_ani0.95_af0.3_b0.45_d1_top0	0,1,2	0.819907282857466	0.8184818481848185	248	62	48	52.715033450670056	0.8786729205087062	0.6666666666666666
split_rescue_p0_sx300_ani0.95_af0.3_b0.45_d1_top1	0,1,2	0.819907282857466	0.8184818481848185	248	62	48	52.715033450670056	0.8786729205087062	0.6666666666666666
split_rescue_p0_sx300_ani0.95_af0.3_b0.45_d1_top2	0,1,2	0.819907282857466	0.8184818481848185	248	62	48	52.715033450670056	0.8786729205087062	0.6666666666666666
split_rescue_p0_sx300_ani0.95_af0.3_b0.45_d2_top0	0,1,2	0.819907282857466	0.8184818481848185	248	62	48	52.715033450670056	0.8786729205087062	0.6666666666666666
split_rescue_p0_sx300_ani0.95_af0.3_b0.45_d2_top1	0,1,2	0.819907282857466	0.8184818481848185	248	62	48	52.715033450670056	0.8786729205087062	0.6666666666666666
split_rescue_p0_sx300_ani0.95_af0.3_b0.45_d2_top2	0,1,2	0.819907282857466	0.8184818481848185	248	62	48	52.715033450670056	0.8786729205087062	0.6666666666666666
split_rescue_p0_sx300_ani0.95_af0.3_b0.45_d5_top0	0,1,2	0.819907282857466	0.8184818481848185	248	62	48	52.715033450670056	0.8786729205087062	0.6666666666666666
split_rescue_p0_sx300_ani0.95_af0.3_b0.45_d5_top1	0,1,2	0.819907282857466	0.8184818481848185	248	62	48	52.715033450670056	0.8786729205087062	0.6666666666666666
split_rescue_p0_sx300_ani0.95_af0.3_b0.45_d5_top2	0,1,2	0.819907282857466	0.8184818481848185	248	62	48	52.715033450670056	0.8786729205087062	0.6666666666666666
split_rescue_p0_sx300_ani0.95_af0.5_b0.45_d10_top0	0,1,2	0.819907282857466	0.8184818481848185	248	62	48	52.715033450670056	0.8786729205087062	0.6666666666666666
split_rescue_p0_sx300_ani0.95_af0.5_b0.45_d10_top1	0,1,2	0.819907282857466	0.8184818481848185	248	62	48	52.715033450670056	0.8786729205087062	0.6666666666666666
split_rescue_p0_sx300_ani0.95_af0.5_b0.45_d10_top2	0,1,2	0.819907282857466	0.8184818481848185	248	62	48	52.715033450670056	0.8786729205087062	0.6666666666666666
split_rescue_p0_sx300_ani0.95_af0.5_b0.45_d1_top0	0,1,2	0.819907282857466	0.8184818481848185	248	62	48	52.715033450670056	0.8786729205087062	0.6666666666666666
split_rescue_p0_sx300_ani0.95_af0.5_b0.45_d1_top1	0,1,2	0.819907282857466	0.8184818481848185	248	62	48	52.715033450670056	0.8786729205087062	0.6666666666666666
split_rescue_p0_sx300_ani0.95_af0.5_b0.45_d1_top2	0,1,2	0.819907282857466	0.8184818481848185	248	62	48	52.715033450670056	0.8786729205087062	0.6666666666666666
split_rescue_p0_sx300_ani0.95_af0.5_b0.45_d2_top0	0,1,2	0.819907282857466	0.8184818481848185	248	62	48	52.715033450670056	0.8786729205087062	0.6666666666666666
split_rescue_p0_sx300_ani0.95_af0.5_b0.45_d2_top1	0,1,2	0.819907282857466	0.8184818481848185	248	62	48	52.715033450670056	0.8786729205087062	0.6666666666666666
split_rescue_p0_sx300_ani0.95_af0.5_b0.45_d2_top2	0,1,2	0.819907282857466	0.8184818481848185	248	62	48	52.715033450670056	0.8786729205087062	0.6666666666666666
split_rescue_p0_sx300_ani0.95_af0.5_b0.45_d5_top0	0,1,2	0.819907282857466	0.8184818481848185	248	62	48	52.715033450670056	0.8786729205087062	0.6666666666666666
split_rescue_p0_sx300_ani0.95_af0.5_b0.45_d5_top1	0,1,2	0.819907282857466	0.8184818481848185	248	62	48	52.715033450670056	0.8786729205087062	0.6666666666666666
split_rescue_p0_sx300_ani0.95_af0.5_b0.45_d5_top2	0,1,2	0.819907282857466	0.8184818481848185	248	62	48	52.715033450670056	0.8786729205087062	0.6666666666666666
split_rescue_p0_sx500_ani0.93_af0.3_b0.45_d10_top0	0,1,2	0.819907282857466	0.8184818481848185	248	62	48	52.715033450670056	0.8786729205087062	0.6666666666666666
split_rescue_p0_sx500_ani0.93_af0.3_b0.45_d10_top1	0,1,2	0.819907282857466	0.8184818481848185	248	62	48	52.715033450670056	0.8786729205087062	0.6666666666666666
split_rescue_p0_sx500_ani0.93_af0.3_b0.45_d10_top2	0,1,2	0.819907282857466	0.8184818481848185	248	62	48	52.715033450670056	0.8786729205087062	0.6666666666666666
split_rescue_p0_sx500_ani0.93_af0.3_b0.45_d1_top0	0,1,2	0.819907282857466	0.8184818481848185	248	62	48	52.715033450670056	0.8786729205087062	0.6666666666666666
split_rescue_p0_sx500_ani0.93_af0.3_b0.45_d1_top1	0,1,2	0.819907282857466	0.8184818481848185	248	62	48	52.715033450670056	0.8786729205087062	0.6666666666666666
split_rescue_p0_sx500_ani0.93_af0.3_b0.45_d1_top2	0,1,2	0.819907282857466	0.8184818481848185	248	62	48	52.715033450670056	0.8786729205087062	0.6666666666666666
split_rescue_p0_sx500_ani0.93_af0.3_b0.45_d2_top0	0,1,2	0.819907282857466	0.8184818481848185	248	62	48	52.715033450670056	0.8786729205087062	0.6666666666666666
split_rescue_p0_sx500_ani0.93_af0.3_b0.45_d2_top1	0,1,2	0.819907282857466	0.8184818481848185	248	62	48	52.715033450670056	0.8786729205087062	0.6666666666666666
split_rescue_p0_sx500_ani0.93_af0.3_b0.45_d2_top2	0,1,2	0.819907282857466	0.8184818481848185	248	62	48	52.715033450670056	0.8786729205087062	0.6666666666666666
split_rescue_p0_sx500_ani0.93_af0.3_b0.45_d5_top0	0,1,2	0.819907282857466	0.8184818481848185	248	62	48	52.715033450670056	0.8786729205087062	0.6666666666666666
split_rescue_p0_sx500_ani0.93_af0.3_b0.45_d5_top1	0,1,2	0.819907282857466	0.8184818481848185	248	62	48	52.715033450670056	0.8786729205087062	0.6666666666666666
split_rescue_p0_sx500_ani0.93_af0.3_b0.45_d5_top2	0,1,2	0.819907282857466	0.8184818481848185	248	62	48	52.715033450670056	0.8786729205087062	0.6666666666666666
split_rescue_p0_sx500_ani0.93_af0.5_b0.45_d10_top0	0,1,2	0.819907282857466	0.8184818481848185	248	62	48	52.715033450670056	0.8786729205087062	0.6666666666666666
split_rescue_p0_sx500_ani0.93_af0.5_b0.45_d10_top1	0,1,2	0.819907282857466	0.8184818481848185	248	62	48	52.715033450670056	0.8786729205087062	0.6666666666666666
split_rescue_p0_sx500_ani0.93_af0.5_b0.45_d10_top2	0,1,2	0.819907282857466	0.8184818481848185	248	62	48	52.715033450670056	0.8786729205087062	0.6666666666666666
split_rescue_p0_sx500_ani0.93_af0.5_b0.45_d1_top0	0,1,2	0.819907282857466	0.8184818481848185	248	62	48	52.715033450670056	0.8786729205087062	0.6666666666666666
split_rescue_p0_sx500_ani0.93_af0.5_b0.45_d1_top1	0,1,2	0.819907282857466	0.8184818481848185	248	62	48	52.715033450670056	0.8786729205087062	0.6666666666666666
split_rescue_p0_sx500_ani0.93_af0.5_b0.45_d1_top2	0,1,2	0.819907282857466	0.8184818481848185	248	62	48	52.715033450670056	0.8786729205087062	0.6666666666666666
split_rescue_p0_sx500_ani0.93_af0.5_b0.45_d2_top0	0,1,2	0.819907282857466	0.8184818481848185	248	62	48	52.715033450670056	0.8786729205087062	0.6666666666666666
split_rescue_p0_sx500_ani0.93_af0.5_b0.45_d2_top1	0,1,2	0.819907282857466	0.8184818481848185	248	62	48	52.715033450670056	0.8786729205087062	0.6666666666666666
split_rescue_p0_sx500_ani0.93_af0.5_b0.45_d2_top2	0,1,2	0.819907282857466	0.8184818481848185	248	62	48	52.715033450670056	0.8786729205087062	0.6666666666666666
split_rescue_p0_sx500_ani0.93_af0.5_b0.45_d5_top0	0,1,2	0.819907282857466	0.8184818481848185	248	62	48	52.715033450670056	0.8786729205087062	0.6666666666666666
split_rescue_p0_sx500_ani0.93_af0.5_b0.45_d5_top1	0,1,2	0.819907282857466	0.8184818481848185	248	62	48	52.715033450670056	0.8786729205087062	0.6666666666666666
split_rescue_p0_sx500_ani0.93_af0.5_b0.45_d5_top2	0,1,2	0.819907282857466	0.8184818481848185	248	62	48	52.715033450670056	0.8786729205087062	0.6666666666666666
split_rescue_p0_sx500_ani0.95_af0.3_b0.45_d10_top0	0,1,2	0.819907282857466	0.8184818481848185	248	62	48	52.715033450670056	0.8786729205087062	0.6666666666666666
split_rescue_p0_sx500_ani0.95_af0.3_b0.45_d10_top1	0,1,2	0.819907282857466	0.8184818481848185	248	62	48	52.715033450670056	0.8786729205087062	0.6666666666666666
split_rescue_p0_sx500_ani0.95_af0.3_b0.45_d10_top2	0,1,2	0.819907282857466	0.8184818481848185	248	62	48	52.715033450670056	0.8786729205087062	0.6666666666666666
split_rescue_p0_sx500_ani0.95_af0.3_b0.45_d1_top0	0,1,2	0.819907282857466	0.8184818481848185	248	62	48	52.715033450670056	0.8786729205087062	0.6666666666666666
split_rescue_p0_sx500_ani0.95_af0.3_b0.45_d1_top1	0,1,2	0.819907282857466	0.8184818481848185	248	62	48	52.715033450670056	0.8786729205087062	0.6666666666666666
split_rescue_p0_sx500_ani0.95_af0.3_b0.45_d1_top2	0,1,2	0.819907282857466	0.8184818481848185	248	62	48	52.715033450670056	0.8786729205087062	0.6666666666666666
split_rescue_p0_sx500_ani0.95_af0.3_b0.45_d2_top0	0,1,2	0.819907282857466	0.8184818481848185	248	62	48	52.715033450670056	0.8786729205087062	0.6666666666666666
split_rescue_p0_sx500_ani0.95_af0.3_b0.45_d2_top1	0,1,2	0.819907282857466	0.8184818481848185	248	62	48	52.715033450670056	0.8786729205087062	0.6666666666666666
split_rescue_p0_sx500_ani0.95_af0.3_b0.45_d2_top2	0,1,2	0.819907282857466	0.8184818481848185	248	62	48	52.715033450670056	0.8786729205087062	0.6666666666666666
split_rescue_p0_sx500_ani0.95_af0.3_b0.45_d5_top0	0,1,2	0.819907282857466	0.8184818481848185	248	62	48	52.715033450670056	0.8786729205087062	0.6666666666666666
split_rescue_p0_sx500_ani0.95_af0.3_b0.45_d5_top1	0,1,2	0.819907282857466	0.8184818481848185	248	62	48	52.715033450670056	0.8786729205087062	0.6666666666666666
split_rescue_p0_sx500_ani0.95_af0.3_b0.45_d5_top2	0,1,2	0.819907282857466	0.8184818481848185	248	62	48	52.715033450670056	0.8786729205087062	0.6666666666666666
split_rescue_p0_sx500_ani0.95_af0.5_b0.45_d10_top0	0,1,2	0.819907282857466	0.8184818481848185	248	62	48	52.715033450670056	0.8786729205087062	0.6666666666666666
split_rescue_p0_sx500_ani0.95_af0.5_b0.45_d10_top1	0,1,2	0.819907282857466	0.8184818481848185	248	62	48	52.715033450670056	0.8786729205087062	0.6666666666666666
split_rescue_p0_sx500_ani0.95_af0.5_b0.45_d10_top2	0,1,2	0.819907282857466	0.8184818481848185	248	62	48	52.715033450670056	0.8786729205087062	0.6666666666666666
split_rescue_p0_sx500_ani0.95_af0.5_b0.45_d1_top0	0,1,2	0.819907282857466	0.8184818481848185	248	62	48	52.715033450670056	0.8786729205087062	0.6666666666666666
split_rescue_p0_sx500_ani0.95_af0.5_b0.45_d1_top1	0,1,2	0.819907282857466	0.8184818481848185	248	62	48	52.715033450670056	0.8786729205087062	0.6666666666666666
split_rescue_p0_sx500_ani0.95_af0.5_b0.45_d1_top2	0,1,2	0.819907282857466	0.8184818481848185	248	62	48	52.715033450670056	0.8786729205087062	0.6666666666666666
split_rescue_p0_sx500_ani0.95_af0.5_b0.45_d2_top0	0,1,2	0.819907282857466	0.8184818481848185	248	62	48	52.715033450670056	0.8786729205087062	0.6666666666666666
split_rescue_p0_sx500_ani0.95_af0.5_b0.45_d2_top1	0,1,2	0.819907282857466	0.8184818481848185	248	62	48	52.715033450670056	0.8786729205087062	0.6666666666666666
split_rescue_p0_sx500_ani0.95_af0.5_b0.45_d2_top2	0,1,2	0.819907282857466	0.8184818481848185	248	62	48	52.715033450670056	0.8786729205087062	0.6666666666666666
split_rescue_p0_sx500_ani0.95_af0.5_b0.45_d5_top0	0,1,2	0.819907282857466	0.8184818481848185	248	62	48	52.715033450670056	0.8786729205087062	0.6666666666666666
split_rescue_p0_sx500_ani0.95_af0.5_b0.45_d5_top1	0,1,2	0.819907282857466	0.8184818481848185	248	62	48	52.715033450670056	0.8786729205087062	0.6666666666666666
split_rescue_p0_sx500_ani0.95_af0.5_b0.45_d5_top2	0,1,2	0.819907282857466	0.8184818481848185	248	62	48	52.715033450670056	0.8786729205087062	0.6666666666666666
split_rescue_p0.02_sx650_ani0.93_af0.3_b0.3_d10_top0	0,1,2	0.819907282857466	0.8184818481848185	248	62	48	55.78697497427214	0.8702209459611367	0.6666666666666666
split_rescue_p0.02_sx650_ani0.93_af0.3_b0.3_d10_top1	0,1,2	0.819907282857466	0.8184818481848185	248	62	48	55.78697497427214	0.8702209459611367	0.6666666666666666
split_rescue_p0.02_sx650_ani0.93_af0.3_b0.3_d10_top2	0,1,2	0.819907282857466	0.8184818481848185	248	62	48	55.78697497427214	0.8702209459611367	0.6666666666666666
split_rescue_p0.02_sx650_ani0.93_af0.5_b0.3_d10_top0	0,1,2	0.819907282857466	0.8184818481848185	248	62	48	55.78697497427214	0.8702209459611367	0.6666666666666666
split_rescue_p0.02_sx650_ani0.93_af0.5_b0.3_d10_top1	0,1,2	0.819907282857466	0.8184818481848185	248	62	48	55.78697497427214	0.8702209459611367	0.6666666666666666
split_rescue_p0.02_sx650_ani0.93_af0.5_b0.3_d10_top2	0,1,2	0.819907282857466	0.8184818481848185	248	62	48	55.78697497427214	0.8702209459611367	0.6666666666666666
split_rescue_p0.02_sx650_ani0.95_af0.3_b0.2_d10_top0	0,1,2	0.819907282857466	0.8184818481848185	248	62	48	55.78697497427214	0.8702209459611367	0.6666666666666666
split_rescue_p0.02_sx650_ani0.95_af0.3_b0.2_d10_top1	0,1,2	0.819907282857466	0.8184818481848185	248	62	48	55.78697497427214	0.8702209459611367	0.6666666666666666
split_rescue_p0.02_sx650_ani0.95_af0.3_b0.2_d10_top2	0,1,2	0.819907282857466	0.8184818481848185	248	62	48	55.78697497427214	0.8702209459611367	0.6666666666666666
split_rescue_p0.02_sx650_ani0.95_af0.3_b0.3_d10_top0	0,1,2	0.819907282857466	0.8184818481848185	248	62	48	55.78697497427214	0.8702209459611367	0.6666666666666666
split_rescue_p0.02_sx650_ani0.95_af0.3_b0.3_d10_top1	0,1,2	0.819907282857466	0.8184818481848185	248	62	48	55.78697497427214	0.8702209459611367	0.6666666666666666
split_rescue_p0.02_sx650_ani0.95_af0.3_b0.3_d10_top2	0,1,2	0.819907282857466	0.8184818481848185	248	62	48	55.78697497427214	0.8702209459611367	0.6666666666666666
split_rescue_p0.02_sx650_ani0.95_af0.5_b0.2_d10_top0	0,1,2	0.819907282857466	0.8184818481848185	248	62	48	55.78697497427214	0.8702209459611367	0.6666666666666666
split_rescue_p0.02_sx650_ani0.95_af0.5_b0.2_d10_top1	0,1,2	0.819907282857466	0.8184818481848185	248	62	48	55.78697497427214	0.8702209459611367	0.6666666666666666
split_rescue_p0.02_sx650_ani0.95_af0.5_b0.2_d10_top2	0,1,2	0.819907282857466	0.8184818481848185	248	62	48	55.78697497427214	0.8702209459611367	0.6666666666666666
split_rescue_p0.02_sx650_ani0.95_af0.5_b0.3_d10_top0	0,1,2	0.819907282857466	0.8184818481848185	248	62	48	55.78697497427214	0.8702209459611367	0.6666666666666666
split_rescue_p0.02_sx650_ani0.95_af0.5_b0.3_d10_top1	0,1,2	0.819907282857466	0.8184818481848185	248	62	48	55.78697497427214	0.8702209459611367	0.6666666666666666
split_rescue_p0.02_sx650_ani0.95_af0.5_b0.3_d10_top2	0,1,2	0.819907282857466	0.8184818481848185	248	62	48	55.78697497427214	0.8702209459611367	0.6666666666666666
split_rescue_p0_sx650_ani0.93_af0.3_b0.3_d10_top0	0,1,2	0.819907282857466	0.8184818481848185	248	62	48	55.78697497427214	0.8702209459611367	0.6666666666666666
split_rescue_p0_sx650_ani0.93_af0.3_b0.3_d10_top1	0,1,2	0.819907282857466	0.8184818481848185	248	62	48	55.78697497427214	0.8702209459611367	0.6666666666666666
split_rescue_p0_sx650_ani0.93_af0.3_b0.3_d10_top2	0,1,2	0.819907282857466	0.8184818481848185	248	62	48	55.78697497427214	0.8702209459611367	0.6666666666666666
split_rescue_p0_sx650_ani0.93_af0.5_b0.3_d10_top0	0,1,2	0.819907282857466	0.8184818481848185	248	62	48	55.78697497427214	0.8702209459611367	0.6666666666666666
split_rescue_p0_sx650_ani0.93_af0.5_b0.3_d10_top1	0,1,2	0.819907282857466	0.8184818481848185	248	62	48	55.78697497427214	0.8702209459611367	0.6666666666666666
split_rescue_p0_sx650_ani0.93_af0.5_b0.3_d10_top2	0,1,2	0.819907282857466	0.8184818481848185	248	62	48	55.78697497427214	0.8702209459611367	0.6666666666666666
split_rescue_p0_sx650_ani0.95_af0.3_b0.2_d10_top0	0,1,2	0.819907282857466	0.8184818481848185	248	62	48	55.78697497427214	0.8702209459611367	0.6666666666666666
split_rescue_p0_sx650_ani0.95_af0.3_b0.2_d10_top1	0,1,2	0.819907282857466	0.8184818481848185	248	62	48	55.78697497427214	0.8702209459611367	0.6666666666666666
split_rescue_p0_sx650_ani0.95_af0.3_b0.2_d10_top2	0,1,2	0.819907282857466	0.8184818481848185	248	62	48	55.78697497427214	0.8702209459611367	0.6666666666666666
split_rescue_p0_sx650_ani0.95_af0.3_b0.3_d10_top0	0,1,2	0.819907282857466	0.8184818481848185	248	62	48	55.78697497427214	0.8702209459611367	0.6666666666666666
split_rescue_p0_sx650_ani0.95_af0.3_b0.3_d10_top1	0,1,2	0.819907282857466	0.8184818481848185	248	62	48	55.78697497427214	0.8702209459611367	0.6666666666666666
split_rescue_p0_sx650_ani0.95_af0.3_b0.3_d10_top2	0,1,2	0.819907282857466	0.8184818481848185	248	62	48	55.78697497427214	0.8702209459611367	0.6666666666666666
split_rescue_p0_sx650_ani0.95_af0.5_b0.2_d10_top0	0,1,2	0.819907282857466	0.8184818481848185	248	62	48	55.78697497427214	0.8702209459611367	0.6666666666666666
split_rescue_p0_sx650_ani0.95_af0.5_b0.2_d10_top1	0,1,2	0.819907282857466	0.8184818481848185	248	62	48	55.78697497427214	0.8702209459611367	0.6666666666666666
split_rescue_p0_sx650_ani0.95_af0.5_b0.2_d10_top2	0,1,2	0.819907282857466	0.8184818481848185	248	62	48	55.78697497427214	0.8702209459611367	0.6666666666666666
split_rescue_p0_sx650_ani0.95_af0.5_b0.3_d10_top0	0,1,2	0.819907282857466	0.8184818481848185	248	62	48	55.78697497427214	0.8702209459611367	0.6666666666666666
split_rescue_p0_sx650_ani0.95_af0.5_b0.3_d10_top1	0,1,2	0.819907282857466	0.8184818481848185	248	62	48	55.78697497427214	0.8702209459611367	0.6666666666666666
split_rescue_p0_sx650_ani0.95_af0.5_b0.3_d10_top2	0,1,2	0.819907282857466	0.8184818481848185	248	62	48	55.78697497427214	0.8702209459611367	0.6666666666666666
split_rescue_p0.05_sx650_ani0.93_af0.3_b0.3_d1_top0	0,1,2	0.819907282857466	0.8184818481848185	248	62	48	56.66309454794433	0.848405593448652	0.6666666666666666
split_rescue_p0.05_sx650_ani0.93_af0.3_b0.3_d1_top1	0,1,2	0.819907282857466	0.8184818481848185	248	62	48	56.66309454794433	0.848405593448652	0.6666666666666666
split_rescue_p0.05_sx650_ani0.93_af0.3_b0.3_d1_top2	0,1,2	0.819907282857466	0.8184818481848185	248	62	48	56.66309454794433	0.848405593448652	0.6666666666666666
split_rescue_p0.05_sx650_ani0.93_af0.3_b0.3_d2_top0	0,1,2	0.819907282857466	0.8184818481848185	248	62	48	56.66309454794433	0.848405593448652	0.6666666666666666
split_rescue_p0.05_sx650_ani0.93_af0.3_b0.3_d2_top1	0,1,2	0.819907282857466	0.8184818481848185	248	62	48	56.66309454794433	0.848405593448652	0.6666666666666666
split_rescue_p0.05_sx650_ani0.93_af0.3_b0.3_d2_top2	0,1,2	0.819907282857466	0.8184818481848185	248	62	48	56.66309454794433	0.848405593448652	0.6666666666666666
split_rescue_p0.05_sx650_ani0.93_af0.3_b0.3_d5_top0	0,1,2	0.819907282857466	0.8184818481848185	248	62	48	56.66309454794433	0.848405593448652	0.6666666666666666
split_rescue_p0.05_sx650_ani0.93_af0.3_b0.3_d5_top1	0,1,2	0.819907282857466	0.8184818481848185	248	62	48	56.66309454794433	0.848405593448652	0.6666666666666666
split_rescue_p0.05_sx650_ani0.93_af0.3_b0.3_d5_top2	0,1,2	0.819907282857466	0.8184818481848185	248	62	48	56.66309454794433	0.848405593448652	0.6666666666666666
split_rescue_p0.05_sx650_ani0.93_af0.5_b0.3_d1_top0	0,1,2	0.819907282857466	0.8184818481848185	248	62	48	56.66309454794433	0.848405593448652	0.6666666666666666
split_rescue_p0.05_sx650_ani0.93_af0.5_b0.3_d1_top1	0,1,2	0.819907282857466	0.8184818481848185	248	62	48	56.66309454794433	0.848405593448652	0.6666666666666666
split_rescue_p0.05_sx650_ani0.93_af0.5_b0.3_d1_top2	0,1,2	0.819907282857466	0.8184818481848185	248	62	48	56.66309454794433	0.848405593448652	0.6666666666666666
split_rescue_p0.05_sx650_ani0.93_af0.5_b0.3_d2_top0	0,1,2	0.819907282857466	0.8184818481848185	248	62	48	56.66309454794433	0.848405593448652	0.6666666666666666
split_rescue_p0.05_sx650_ani0.93_af0.5_b0.3_d2_top1	0,1,2	0.819907282857466	0.8184818481848185	248	62	48	56.66309454794433	0.848405593448652	0.6666666666666666
split_rescue_p0.05_sx650_ani0.93_af0.5_b0.3_d2_top2	0,1,2	0.819907282857466	0.8184818481848185	248	62	48	56.66309454794433	0.848405593448652	0.6666666666666666
split_rescue_p0.05_sx650_ani0.93_af0.5_b0.3_d5_top0	0,1,2	0.819907282857466	0.8184818481848185	248	62	48	56.66309454794433	0.848405593448652	0.6666666666666666
split_rescue_p0.05_sx650_ani0.93_af0.5_b0.3_d5_top1	0,1,2	0.819907282857466	0.8184818481848185	248	62	48	56.66309454794433	0.848405593448652	0.6666666666666666
split_rescue_p0.05_sx650_ani0.93_af0.5_b0.3_d5_top2	0,1,2	0.819907282857466	0.8184818481848185	248	62	48	56.66309454794433	0.848405593448652	0.6666666666666666
split_rescue_p0.05_sx650_ani0.95_af0.3_b0.2_d1_top0	0,1,2	0.819907282857466	0.8184818481848185	248	62	48	56.66309454794433	0.848405593448652	0.6666666666666666
split_rescue_p0.05_sx650_ani0.95_af0.3_b0.2_d1_top1	0,1,2	0.819907282857466	0.8184818481848185	248	62	48	56.66309454794433	0.848405593448652	0.6666666666666666
split_rescue_p0.05_sx650_ani0.95_af0.3_b0.2_d1_top2	0,1,2	0.819907282857466	0.8184818481848185	248	62	48	56.66309454794433	0.848405593448652	0.6666666666666666
split_rescue_p0.05_sx650_ani0.95_af0.3_b0.2_d2_top0	0,1,2	0.819907282857466	0.8184818481848185	248	62	48	56.66309454794433	0.848405593448652	0.6666666666666666
split_rescue_p0.05_sx650_ani0.95_af0.3_b0.2_d2_top1	0,1,2	0.819907282857466	0.8184818481848185	248	62	48	56.66309454794433	0.848405593448652	0.6666666666666666
split_rescue_p0.05_sx650_ani0.95_af0.3_b0.2_d2_top2	0,1,2	0.819907282857466	0.8184818481848185	248	62	48	56.66309454794433	0.848405593448652	0.6666666666666666
split_rescue_p0.05_sx650_ani0.95_af0.3_b0.2_d5_top0	0,1,2	0.819907282857466	0.8184818481848185	248	62	48	56.66309454794433	0.848405593448652	0.6666666666666666
split_rescue_p0.05_sx650_ani0.95_af0.3_b0.2_d5_top1	0,1,2	0.819907282857466	0.8184818481848185	248	62	48	56.66309454794433	0.848405593448652	0.6666666666666666
split_rescue_p0.05_sx650_ani0.95_af0.3_b0.2_d5_top2	0,1,2	0.819907282857466	0.8184818481848185	248	62	48	56.66309454794433	0.848405593448652	0.6666666666666666
split_rescue_p0.05_sx650_ani0.95_af0.3_b0.3_d1_top0	0,1,2	0.819907282857466	0.8184818481848185	248	62	48	56.66309454794433	0.848405593448652	0.6666666666666666
split_rescue_p0.05_sx650_ani0.95_af0.3_b0.3_d1_top1	0,1,2	0.819907282857466	0.8184818481848185	248	62	48	56.66309454794433	0.848405593448652	0.6666666666666666
split_rescue_p0.05_sx650_ani0.95_af0.3_b0.3_d1_top2	0,1,2	0.819907282857466	0.8184818481848185	248	62	48	56.66309454794433	0.848405593448652	0.6666666666666666
split_rescue_p0.05_sx650_ani0.95_af0.3_b0.3_d2_top0	0,1,2	0.819907282857466	0.8184818481848185	248	62	48	56.66309454794433	0.848405593448652	0.6666666666666666
split_rescue_p0.05_sx650_ani0.95_af0.3_b0.3_d2_top1	0,1,2	0.819907282857466	0.8184818481848185	248	62	48	56.66309454794433	0.848405593448652	0.6666666666666666
split_rescue_p0.05_sx650_ani0.95_af0.3_b0.3_d2_top2	0,1,2	0.819907282857466	0.8184818481848185	248	62	48	56.66309454794433	0.848405593448652	0.6666666666666666
split_rescue_p0.05_sx650_ani0.95_af0.3_b0.3_d5_top0	0,1,2	0.819907282857466	0.8184818481848185	248	62	48	56.66309454794433	0.848405593448652	0.6666666666666666
split_rescue_p0.05_sx650_ani0.95_af0.3_b0.3_d5_top1	0,1,2	0.819907282857466	0.8184818481848185	248	62	48	56.66309454794433	0.848405593448652	0.6666666666666666
split_rescue_p0.05_sx650_ani0.95_af0.3_b0.3_d5_top2	0,1,2	0.819907282857466	0.8184818481848185	248	62	48	56.66309454794433	0.848405593448652	0.6666666666666666
split_rescue_p0.05_sx650_ani0.95_af0.5_b0.2_d1_top0	0,1,2	0.819907282857466	0.8184818481848185	248	62	48	56.66309454794433	0.848405593448652	0.6666666666666666
split_rescue_p0.05_sx650_ani0.95_af0.5_b0.2_d1_top1	0,1,2	0.819907282857466	0.8184818481848185	248	62	48	56.66309454794433	0.848405593448652	0.6666666666666666
split_rescue_p0.05_sx650_ani0.95_af0.5_b0.2_d1_top2	0,1,2	0.819907282857466	0.8184818481848185	248	62	48	56.66309454794433	0.848405593448652	0.6666666666666666
split_rescue_p0.05_sx650_ani0.95_af0.5_b0.2_d2_top0	0,1,2	0.819907282857466	0.8184818481848185	248	62	48	56.66309454794433	0.848405593448652	0.6666666666666666
split_rescue_p0.05_sx650_ani0.95_af0.5_b0.2_d2_top1	0,1,2	0.819907282857466	0.8184818481848185	248	62	48	56.66309454794433	0.848405593448652	0.6666666666666666
split_rescue_p0.05_sx650_ani0.95_af0.5_b0.2_d2_top2	0,1,2	0.819907282857466	0.8184818481848185	248	62	48	56.66309454794433	0.848405593448652	0.6666666666666666
split_rescue_p0.05_sx650_ani0.95_af0.5_b0.2_d5_top0	0,1,2	0.819907282857466	0.8184818481848185	248	62	48	56.66309454794433	0.848405593448652	0.6666666666666666
split_rescue_p0.05_sx650_ani0.95_af0.5_b0.2_d5_top1	0,1,2	0.819907282857466	0.8184818481848185	248	62	48	56.66309454794433	0.848405593448652	0.6666666666666666
split_rescue_p0.05_sx650_ani0.95_af0.5_b0.2_d5_top2	0,1,2	0.819907282857466	0.8184818481848185	248	62	48	56.66309454794433	0.848405593448652	0.6666666666666666
split_rescue_p0.05_sx650_ani0.95_af0.5_b0.3_d1_top0	0,1,2	0.819907282857466	0.8184818481848185	248	62	48	56.66309454794433	0.848405593448652	0.6666666666666666
split_rescue_p0.05_sx650_ani0.95_af0.5_b0.3_d1_top1	0,1,2	0.819907282857466	0.8184818481848185	248	62	48	56.66309454794433	0.848405593448652	0.6666666666666666
split_rescue_p0.05_sx650_ani0.95_af0.5_b0.3_d1_top2	0,1,2	0.819907282857466	0.8184818481848185	248	62	48	56.66309454794433	0.848405593448652	0.6666666666666666
split_rescue_p0.05_sx650_ani0.95_af0.5_b0.3_d2_top0	0,1,2	0.819907282857466	0.8184818481848185	248	62	48	56.66309454794433	0.848405593448652	0.6666666666666666
split_rescue_p0.05_sx650_ani0.95_af0.5_b0.3_d2_top1	0,1,2	0.819907282857466	0.8184818481848185	248	62	48	56.66309454794433	0.848405593448652	0.6666666666666666
split_rescue_p0.05_sx650_ani0.95_af0.5_b0.3_d2_top2	0,1,2	0.819907282857466	0.8184818481848185	248	62	48	56.66309454794433	0.848405593448652	0.6666666666666666
split_rescue_p0.05_sx650_ani0.95_af0.5_b0.3_d5_top0	0,1,2	0.819907282857466	0.8184818481848185	248	62	48	56.66309454794433	0.848405593448652	0.6666666666666666
split_rescue_p0.05_sx650_ani0.95_af0.5_b0.3_d5_top1	0,1,2	0.819907282857466	0.8184818481848185	248	62	48	56.66309454794433	0.848405593448652	0.6666666666666666
split_rescue_p0.05_sx650_ani0.95_af0.5_b0.3_d5_top2	0,1,2	0.819907282857466	0.8184818481848185	248	62	48	56.66309454794433	0.848405593448652	0.6666666666666666
split_rescue_p0.1_sx650_ani0.93_af0.3_b0.3_d1_top0	0,1,2	0.819907282857466	0.8184818481848185	248	62	48	56.66309454794433	0.848405593448652	0.6666666666666666
split_rescue_p0.1_sx650_ani0.93_af0.3_b0.3_d1_top1	0,1,2	0.819907282857466	0.8184818481848185	248	62	48	56.66309454794433	0.848405593448652	0.6666666666666666
split_rescue_p0.1_sx650_ani0.93_af0.3_b0.3_d1_top2	0,1,2	0.819907282857466	0.8184818481848185	248	62	48	56.66309454794433	0.848405593448652	0.6666666666666666
split_rescue_p0.1_sx650_ani0.93_af0.3_b0.3_d2_top0	0,1,2	0.819907282857466	0.8184818481848185	248	62	48	56.66309454794433	0.848405593448652	0.6666666666666666
split_rescue_p0.1_sx650_ani0.93_af0.3_b0.3_d2_top1	0,1,2	0.819907282857466	0.8184818481848185	248	62	48	56.66309454794433	0.848405593448652	0.6666666666666666
split_rescue_p0.1_sx650_ani0.93_af0.3_b0.3_d2_top2	0,1,2	0.819907282857466	0.8184818481848185	248	62	48	56.66309454794433	0.848405593448652	0.6666666666666666
split_rescue_p0.1_sx650_ani0.93_af0.3_b0.3_d5_top0	0,1,2	0.819907282857466	0.8184818481848185	248	62	48	56.66309454794433	0.848405593448652	0.6666666666666666
split_rescue_p0.1_sx650_ani0.93_af0.3_b0.3_d5_top1	0,1,2	0.819907282857466	0.8184818481848185	248	62	48	56.66309454794433	0.848405593448652	0.6666666666666666
split_rescue_p0.1_sx650_ani0.93_af0.3_b0.3_d5_top2	0,1,2	0.819907282857466	0.8184818481848185	248	62	48	56.66309454794433	0.848405593448652	0.6666666666666666
split_rescue_p0.1_sx650_ani0.93_af0.5_b0.3_d1_top0	0,1,2	0.819907282857466	0.8184818481848185	248	62	48	56.66309454794433	0.848405593448652	0.6666666666666666
split_rescue_p0.1_sx650_ani0.93_af0.5_b0.3_d1_top1	0,1,2	0.819907282857466	0.8184818481848185	248	62	48	56.66309454794433	0.848405593448652	0.6666666666666666
split_rescue_p0.1_sx650_ani0.93_af0.5_b0.3_d1_top2	0,1,2	0.819907282857466	0.8184818481848185	248	62	48	56.66309454794433	0.848405593448652	0.6666666666666666
split_rescue_p0.1_sx650_ani0.93_af0.5_b0.3_d2_top0	0,1,2	0.819907282857466	0.8184818481848185	248	62	48	56.66309454794433	0.848405593448652	0.6666666666666666
split_rescue_p0.1_sx650_ani0.93_af0.5_b0.3_d2_top1	0,1,2	0.819907282857466	0.8184818481848185	248	62	48	56.66309454794433	0.848405593448652	0.6666666666666666
split_rescue_p0.1_sx650_ani0.93_af0.5_b0.3_d2_top2	0,1,2	0.819907282857466	0.8184818481848185	248	62	48	56.66309454794433	0.848405593448652	0.6666666666666666
split_rescue_p0.1_sx650_ani0.93_af0.5_b0.3_d5_top0	0,1,2	0.819907282857466	0.8184818481848185	248	62	48	56.66309454794433	0.848405593448652	0.6666666666666666
split_rescue_p0.1_sx650_ani0.93_af0.5_b0.3_d5_top1	0,1,2	0.819907282857466	0.8184818481848185	248	62	48	56.66309454794433	0.848405593448652	0.6666666666666666
split_rescue_p0.1_sx650_ani0.93_af0.5_b0.3_d5_top2	0,1,2	0.819907282857466	0.8184818481848185	248	62	48	56.66309454794433	0.848405593448652	0.6666666666666666
split_rescue_p0.1_sx650_ani0.95_af0.3_b0.2_d1_top0	0,1,2	0.819907282857466	0.8184818481848185	248	62	48	56.66309454794433	0.848405593448652	0.6666666666666666
split_rescue_p0.1_sx650_ani0.95_af0.3_b0.2_d1_top1	0,1,2	0.819907282857466	0.8184818481848185	248	62	48	56.66309454794433	0.848405593448652	0.6666666666666666
split_rescue_p0.1_sx650_ani0.95_af0.3_b0.2_d1_top2	0,1,2	0.819907282857466	0.8184818481848185	248	62	48	56.66309454794433	0.848405593448652	0.6666666666666666
split_rescue_p0.1_sx650_ani0.95_af0.3_b0.2_d2_top0	0,1,2	0.819907282857466	0.8184818481848185	248	62	48	56.66309454794433	0.848405593448652	0.6666666666666666
split_rescue_p0.1_sx650_ani0.95_af0.3_b0.2_d2_top1	0,1,2	0.819907282857466	0.8184818481848185	248	62	48	56.66309454794433	0.848405593448652	0.6666666666666666
split_rescue_p0.1_sx650_ani0.95_af0.3_b0.2_d2_top2	0,1,2	0.819907282857466	0.8184818481848185	248	62	48	56.66309454794433	0.848405593448652	0.6666666666666666
split_rescue_p0.1_sx650_ani0.95_af0.3_b0.2_d5_top0	0,1,2	0.819907282857466	0.8184818481848185	248	62	48	56.66309454794433	0.848405593448652	0.6666666666666666
split_rescue_p0.1_sx650_ani0.95_af0.3_b0.2_d5_top1	0,1,2	0.819907282857466	0.8184818481848185	248	62	48	56.66309454794433	0.848405593448652	0.6666666666666666
split_rescue_p0.1_sx650_ani0.95_af0.3_b0.2_d5_top2	0,1,2	0.819907282857466	0.8184818481848185	248	62	48	56.66309454794433	0.848405593448652	0.6666666666666666
split_rescue_p0.1_sx650_ani0.95_af0.3_b0.3_d1_top0	0,1,2	0.819907282857466	0.8184818481848185	248	62	48	56.66309454794433	0.848405593448652	0.6666666666666666
split_rescue_p0.1_sx650_ani0.95_af0.3_b0.3_d1_top1	0,1,2	0.819907282857466	0.8184818481848185	248	62	48	56.66309454794433	0.848405593448652	0.6666666666666666
split_rescue_p0.1_sx650_ani0.95_af0.3_b0.3_d1_top2	0,1,2	0.819907282857466	0.8184818481848185	248	62	48	56.66309454794433	0.848405593448652	0.6666666666666666
split_rescue_p0.1_sx650_ani0.95_af0.3_b0.3_d2_top0	0,1,2	0.819907282857466	0.8184818481848185	248	62	48	56.66309454794433	0.848405593448652	0.6666666666666666
split_rescue_p0.1_sx650_ani0.95_af0.3_b0.3_d2_top1	0,1,2	0.819907282857466	0.8184818481848185	248	62	48	56.66309454794433	0.848405593448652	0.6666666666666666
split_rescue_p0.1_sx650_ani0.95_af0.3_b0.3_d2_top2	0,1,2	0.819907282857466	0.8184818481848185	248	62	48	56.66309454794433	0.848405593448652	0.6666666666666666
split_rescue_p0.1_sx650_ani0.95_af0.3_b0.3_d5_top0	0,1,2	0.819907282857466	0.8184818481848185	248	62	48	56.66309454794433	0.848405593448652	0.6666666666666666
split_rescue_p0.1_sx650_ani0.95_af0.3_b0.3_d5_top1	0,1,2	0.819907282857466	0.8184818481848185	248	62	48	56.66309454794433	0.848405593448652	0.6666666666666666
split_rescue_p0.1_sx650_ani0.95_af0.3_b0.3_d5_top2	0,1,2	0.819907282857466	0.8184818481848185	248	62	48	56.66309454794433	0.848405593448652	0.6666666666666666
split_rescue_p0.1_sx650_ani0.95_af0.5_b0.2_d1_top0	0,1,2	0.819907282857466	0.8184818481848185	248	62	48	56.66309454794433	0.848405593448652	0.6666666666666666
split_rescue_p0.1_sx650_ani0.95_af0.5_b0.2_d1_top1	0,1,2	0.819907282857466	0.8184818481848185	248	62	48	56.66309454794433	0.848405593448652	0.6666666666666666
split_rescue_p0.1_sx650_ani0.95_af0.5_b0.2_d1_top2	0,1,2	0.819907282857466	0.8184818481848185	248	62	48	56.66309454794433	0.848405593448652	0.6666666666666666
split_rescue_p0.1_sx650_ani0.95_af0.5_b0.2_d2_top0	0,1,2	0.819907282857466	0.8184818481848185	248	62	48	56.66309454794433	0.848405593448652	0.6666666666666666
split_rescue_p0.1_sx650_ani0.95_af0.5_b0.2_d2_top1	0,1,2	0.819907282857466	0.8184818481848185	248	62	48	56.66309454794433	0.848405593448652	0.6666666666666666
split_rescue_p0.1_sx650_ani0.95_af0.5_b0.2_d2_top2	0,1,2	0.819907282857466	0.8184818481848185	248	62	48	56.66309454794433	0.848405593448652	0.6666666666666666
split_rescue_p0.1_sx650_ani0.95_af0.5_b0.2_d5_top0	0,1,2	0.819907282857466	0.8184818481848185	248	62	48	56.66309454794433	0.848405593448652	0.6666666666666666
split_rescue_p0.1_sx650_ani0.95_af0.5_b0.2_d5_top1	0,1,2	0.819907282857466	0.8184818481848185	248	62	48	56.66309454794433	0.848405593448652	0.6666666666666666
split_rescue_p0.1_sx650_ani0.95_af0.5_b0.2_d5_top2	0,1,2	0.819907282857466	0.8184818481848185	248	62	48	56.66309454794433	0.848405593448652	0.6666666666666666
split_rescue_p0.1_sx650_ani0.95_af0.5_b0.3_d1_top0	0,1,2	0.819907282857466	0.8184818481848185	248	62	48	56.66309454794433	0.848405593448652	0.6666666666666666
split_rescue_p0.1_sx650_ani0.95_af0.5_b0.3_d1_top1	0,1,2	0.819907282857466	0.8184818481848185	248	62	48	56.66309454794433	0.848405593448652	0.6666666666666666
split_rescue_p0.1_sx650_ani0.95_af0.5_b0.3_d1_top2	0,1,2	0.819907282857466	0.8184818481848185	248	62	48	56.66309454794433	0.848405593448652	0.6666666666666666
split_rescue_p0.1_sx650_ani0.95_af0.5_b0.3_d2_top0	0,1,2	0.819907282857466	0.8184818481848185	248	62	48	56.66309454794433	0.848405593448652	0.6666666666666666
split_rescue_p0.1_sx650_ani0.95_af0.5_b0.3_d2_top1	0,1,2	0.819907282857466	0.8184818481848185	248	62	48	56.66309454794433	0.848405593448652	0.6666666666666666
split_rescue_p0.1_sx650_ani0.95_af0.5_b0.3_d2_top2	0,1,2	0.819907282857466	0.8184818481848185	248	62	48	56.66309454794433	0.848405593448652	0.6666666666666666
split_rescue_p0.1_sx650_ani0.95_af0.5_b0.3_d5_top0	0,1,2	0.819907282857466	0.8184818481848185	248	62	48	56.66309454794433	0.848405593448652	0.6666666666666666
split_rescue_p0.1_sx650_ani0.95_af0.5_b0.3_d5_top1	0,1,2	0.819907282857466	0.8184818481848185	248	62	48	56.66309454794433	0.848405593448652	0.6666666666666666
split_rescue_p0.1_sx650_ani0.95_af0.5_b0.3_d5_top2	0,1,2	0.819907282857466	0.8184818481848185	248	62	48	56.66309454794433	0.848405593448652	0.6666666666666666
split_rescue_p0.2_sx650_ani0.93_af0.3_b0.2_d1_top0	0,1,2	0.819907282857466	0.8184818481848185	248	62	48	56.66309454794433	0.848405593448652	0.6666666666666666
split_rescue_p0.2_sx650_ani0.93_af0.3_b0.2_d1_top1	0,1,2	0.819907282857466	0.8184818481848185	248	62	48	56.66309454794433	0.848405593448652	0.6666666666666666
split_rescue_p0.2_sx650_ani0.93_af0.3_b0.2_d1_top2	0,1,2	0.819907282857466	0.8184818481848185	248	62	48	56.66309454794433	0.848405593448652	0.6666666666666666
split_rescue_p0.2_sx650_ani0.93_af0.3_b0.2_d2_top0	0,1,2	0.819907282857466	0.8184818481848185	248	62	48	56.66309454794433	0.848405593448652	0.6666666666666666
split_rescue_p0.2_sx650_ani0.93_af0.3_b0.2_d2_top1	0,1,2	0.819907282857466	0.8184818481848185	248	62	48	56.66309454794433	0.848405593448652	0.6666666666666666
split_rescue_p0.2_sx650_ani0.93_af0.3_b0.2_d2_top2	0,1,2	0.819907282857466	0.8184818481848185	248	62	48	56.66309454794433	0.848405593448652	0.6666666666666666
split_rescue_p0.2_sx650_ani0.93_af0.3_b0.2_d5_top0	0,1,2	0.819907282857466	0.8184818481848185	248	62	48	56.66309454794433	0.848405593448652	0.6666666666666666
split_rescue_p0.2_sx650_ani0.93_af0.3_b0.2_d5_top1	0,1,2	0.819907282857466	0.8184818481848185	248	62	48	56.66309454794433	0.848405593448652	0.6666666666666666
split_rescue_p0.2_sx650_ani0.93_af0.3_b0.2_d5_top2	0,1,2	0.819907282857466	0.8184818481848185	248	62	48	56.66309454794433	0.848405593448652	0.6666666666666666
split_rescue_p0.2_sx650_ani0.93_af0.3_b0.3_d1_top0	0,1,2	0.819907282857466	0.8184818481848185	248	62	48	56.66309454794433	0.848405593448652	0.6666666666666666
split_rescue_p0.2_sx650_ani0.93_af0.3_b0.3_d1_top1	0,1,2	0.819907282857466	0.8184818481848185	248	62	48	56.66309454794433	0.848405593448652	0.6666666666666666
split_rescue_p0.2_sx650_ani0.93_af0.3_b0.3_d1_top2	0,1,2	0.819907282857466	0.8184818481848185	248	62	48	56.66309454794433	0.848405593448652	0.6666666666666666
split_rescue_p0.2_sx650_ani0.93_af0.3_b0.3_d2_top0	0,1,2	0.819907282857466	0.8184818481848185	248	62	48	56.66309454794433	0.848405593448652	0.6666666666666666
split_rescue_p0.2_sx650_ani0.93_af0.3_b0.3_d2_top1	0,1,2	0.819907282857466	0.8184818481848185	248	62	48	56.66309454794433	0.848405593448652	0.6666666666666666
split_rescue_p0.2_sx650_ani0.93_af0.3_b0.3_d2_top2	0,1,2	0.819907282857466	0.8184818481848185	248	62	48	56.66309454794433	0.848405593448652	0.6666666666666666
split_rescue_p0.2_sx650_ani0.93_af0.3_b0.3_d5_top0	0,1,2	0.819907282857466	0.8184818481848185	248	62	48	56.66309454794433	0.848405593448652	0.6666666666666666
split_rescue_p0.2_sx650_ani0.93_af0.3_b0.3_d5_top1	0,1,2	0.819907282857466	0.8184818481848185	248	62	48	56.66309454794433	0.848405593448652	0.6666666666666666
split_rescue_p0.2_sx650_ani0.93_af0.3_b0.3_d5_top2	0,1,2	0.819907282857466	0.8184818481848185	248	62	48	56.66309454794433	0.848405593448652	0.6666666666666666
split_rescue_p0.2_sx650_ani0.93_af0.5_b0.2_d1_top0	0,1,2	0.819907282857466	0.8184818481848185	248	62	48	56.66309454794433	0.848405593448652	0.6666666666666666
split_rescue_p0.2_sx650_ani0.93_af0.5_b0.2_d1_top1	0,1,2	0.819907282857466	0.8184818481848185	248	62	48	56.66309454794433	0.848405593448652	0.6666666666666666
split_rescue_p0.2_sx650_ani0.93_af0.5_b0.2_d1_top2	0,1,2	0.819907282857466	0.8184818481848185	248	62	48	56.66309454794433	0.848405593448652	0.6666666666666666
split_rescue_p0.2_sx650_ani0.93_af0.5_b0.2_d2_top0	0,1,2	0.819907282857466	0.8184818481848185	248	62	48	56.66309454794433	0.848405593448652	0.6666666666666666
split_rescue_p0.2_sx650_ani0.93_af0.5_b0.2_d2_top1	0,1,2	0.819907282857466	0.8184818481848185	248	62	48	56.66309454794433	0.848405593448652	0.6666666666666666
split_rescue_p0.2_sx650_ani0.93_af0.5_b0.2_d2_top2	0,1,2	0.819907282857466	0.8184818481848185	248	62	48	56.66309454794433	0.848405593448652	0.6666666666666666
split_rescue_p0.2_sx650_ani0.93_af0.5_b0.2_d5_top0	0,1,2	0.819907282857466	0.8184818481848185	248	62	48	56.66309454794433	0.848405593448652	0.6666666666666666
split_rescue_p0.2_sx650_ani0.93_af0.5_b0.2_d5_top1	0,1,2	0.819907282857466	0.8184818481848185	248	62	48	56.66309454794433	0.848405593448652	0.6666666666666666
split_rescue_p0.2_sx650_ani0.93_af0.5_b0.2_d5_top2	0,1,2	0.819907282857466	0.8184818481848185	248	62	48	56.66309454794433	0.848405593448652	0.6666666666666666
split_rescue_p0.2_sx650_ani0.93_af0.5_b0.3_d1_top0	0,1,2	0.819907282857466	0.8184818481848185	248	62	48	56.66309454794433	0.848405593448652	0.6666666666666666
split_rescue_p0.2_sx650_ani0.93_af0.5_b0.3_d1_top1	0,1,2	0.819907282857466	0.8184818481848185	248	62	48	56.66309454794433	0.848405593448652	0.6666666666666666
split_rescue_p0.2_sx650_ani0.93_af0.5_b0.3_d1_top2	0,1,2	0.819907282857466	0.8184818481848185	248	62	48	56.66309454794433	0.848405593448652	0.6666666666666666
split_rescue_p0.2_sx650_ani0.93_af0.5_b0.3_d2_top0	0,1,2	0.819907282857466	0.8184818481848185	248	62	48	56.66309454794433	0.848405593448652	0.6666666666666666
split_rescue_p0.2_sx650_ani0.93_af0.5_b0.3_d2_top1	0,1,2	0.819907282857466	0.8184818481848185	248	62	48	56.66309454794433	0.848405593448652	0.6666666666666666
split_rescue_p0.2_sx650_ani0.93_af0.5_b0.3_d2_top2	0,1,2	0.819907282857466	0.8184818481848185	248	62	48	56.66309454794433	0.848405593448652	0.6666666666666666
split_rescue_p0.2_sx650_ani0.93_af0.5_b0.3_d5_top0	0,1,2	0.819907282857466	0.8184818481848185	248	62	48	56.66309454794433	0.848405593448652	0.6666666666666666
split_rescue_p0.2_sx650_ani0.93_af0.5_b0.3_d5_top1	0,1,2	0.819907282857466	0.8184818481848185	248	62	48	56.66309454794433	0.848405593448652	0.6666666666666666
split_rescue_p0.2_sx650_ani0.93_af0.5_b0.3_d5_top2	0,1,2	0.819907282857466	0.8184818481848185	248	62	48	56.66309454794433	0.848405593448652	0.6666666666666666
split_rescue_p0.2_sx650_ani0.95_af0.3_b0.2_d1_top0	0,1,2	0.819907282857466	0.8184818481848185	248	62	48	56.66309454794433	0.848405593448652	0.6666666666666666
split_rescue_p0.2_sx650_ani0.95_af0.3_b0.2_d1_top1	0,1,2	0.819907282857466	0.8184818481848185	248	62	48	56.66309454794433	0.848405593448652	0.6666666666666666
split_rescue_p0.2_sx650_ani0.95_af0.3_b0.2_d1_top2	0,1,2	0.819907282857466	0.8184818481848185	248	62	48	56.66309454794433	0.848405593448652	0.6666666666666666
split_rescue_p0.2_sx650_ani0.95_af0.3_b0.2_d2_top0	0,1,2	0.819907282857466	0.8184818481848185	248	62	48	56.66309454794433	0.848405593448652	0.6666666666666666
split_rescue_p0.2_sx650_ani0.95_af0.3_b0.2_d2_top1	0,1,2	0.819907282857466	0.8184818481848185	248	62	48	56.66309454794433	0.848405593448652	0.6666666666666666
split_rescue_p0.2_sx650_ani0.95_af0.3_b0.2_d2_top2	0,1,2	0.819907282857466	0.8184818481848185	248	62	48	56.66309454794433	0.848405593448652	0.6666666666666666
split_rescue_p0.2_sx650_ani0.95_af0.3_b0.2_d5_top0	0,1,2	0.819907282857466	0.8184818481848185	248	62	48	56.66309454794433	0.848405593448652	0.6666666666666666
split_rescue_p0.2_sx650_ani0.95_af0.3_b0.2_d5_top1	0,1,2	0.819907282857466	0.8184818481848185	248	62	48	56.66309454794433	0.848405593448652	0.6666666666666666
split_rescue_p0.2_sx650_ani0.95_af0.3_b0.2_d5_top2	0,1,2	0.819907282857466	0.8184818481848185	248	62	48	56.66309454794433	0.848405593448652	0.6666666666666666
split_rescue_p0.2_sx650_ani0.95_af0.3_b0.3_d1_top0	0,1,2	0.819907282857466	0.8184818481848185	248	62	48	56.66309454794433	0.848405593448652	0.6666666666666666
split_rescue_p0.2_sx650_ani0.95_af0.3_b0.3_d1_top1	0,1,2	0.819907282857466	0.8184818481848185	248	62	48	56.66309454794433	0.848405593448652	0.6666666666666666
split_rescue_p0.2_sx650_ani0.95_af0.3_b0.3_d1_top2	0,1,2	0.819907282857466	0.8184818481848185	248	62	48	56.66309454794433	0.848405593448652	0.6666666666666666
split_rescue_p0.2_sx650_ani0.95_af0.3_b0.3_d2_top0	0,1,2	0.819907282857466	0.8184818481848185	248	62	48	56.66309454794433	0.848405593448652	0.6666666666666666
split_rescue_p0.2_sx650_ani0.95_af0.3_b0.3_d2_top1	0,1,2	0.819907282857466	0.8184818481848185	248	62	48	56.66309454794433	0.848405593448652	0.6666666666666666
split_rescue_p0.2_sx650_ani0.95_af0.3_b0.3_d2_top2	0,1,2	0.819907282857466	0.8184818481848185	248	62	48	56.66309454794433	0.848405593448652	0.6666666666666666
split_rescue_p0.2_sx650_ani0.95_af0.3_b0.3_d5_top0	0,1,2	0.819907282857466	0.8184818481848185	248	62	48	56.66309454794433	0.848405593448652	0.6666666666666666
split_rescue_p0.2_sx650_ani0.95_af0.3_b0.3_d5_top1	0,1,2	0.819907282857466	0.8184818481848185	248	62	48	56.66309454794433	0.848405593448652	0.6666666666666666
split_rescue_p0.2_sx650_ani0.95_af0.3_b0.3_d5_top2	0,1,2	0.819907282857466	0.8184818481848185	248	62	48	56.66309454794433	0.848405593448652	0.6666666666666666
split_rescue_p0.2_sx650_ani0.95_af0.5_b0.2_d1_top0	0,1,2	0.819907282857466	0.8184818481848185	248	62	48	56.66309454794433	0.848405593448652	0.6666666666666666
split_rescue_p0.2_sx650_ani0.95_af0.5_b0.2_d1_top1	0,1,2	0.819907282857466	0.8184818481848185	248	62	48	56.66309454794433	0.848405593448652	0.6666666666666666
split_rescue_p0.2_sx650_ani0.95_af0.5_b0.2_d1_top2	0,1,2	0.819907282857466	0.8184818481848185	248	62	48	56.66309454794433	0.848405593448652	0.6666666666666666
split_rescue_p0.2_sx650_ani0.95_af0.5_b0.2_d2_top0	0,1,2	0.819907282857466	0.8184818481848185	248	62	48	56.66309454794433	0.848405593448652	0.6666666666666666
split_rescue_p0.2_sx650_ani0.95_af0.5_b0.2_d2_top1	0,1,2	0.819907282857466	0.8184818481848185	248	62	48	56.66309454794433	0.848405593448652	0.6666666666666666
split_rescue_p0.2_sx650_ani0.95_af0.5_b0.2_d2_top2	0,1,2	0.819907282857466	0.8184818481848185	248	62	48	56.66309454794433	0.848405593448652	0.6666666666666666
split_rescue_p0.2_sx650_ani0.95_af0.5_b0.2_d5_top0	0,1,2	0.819907282857466	0.8184818481848185	248	62	48	56.66309454794433	0.848405593448652	0.6666666666666666
split_rescue_p0.2_sx650_ani0.95_af0.5_b0.2_d5_top1	0,1,2	0.819907282857466	0.8184818481848185	248	62	48	56.66309454794433	0.848405593448652	0.6666666666666666
split_rescue_p0.2_sx650_ani0.95_af0.5_b0.2_d5_top2	0,1,2	0.819907282857466	0.8184818481848185	248	62	48	56.66309454794433	0.848405593448652	0.6666666666666666
split_rescue_p0.2_sx650_ani0.95_af0.5_b0.3_d1_top0	0,1,2	0.819907282857466	0.8184818481848185	248	62	48	56.66309454794433	0.848405593448652	0.6666666666666666
split_rescue_p0.2_sx650_ani0.95_af0.5_b0.3_d1_top1	0,1,2	0.819907282857466	0.8184818481848185	248	62	48	56.66309454794433	0.848405593448652	0.6666666666666666
split_rescue_p0.2_sx650_ani0.95_af0.5_b0.3_d1_top2	0,1,2	0.819907282857466	0.8184818481848185	248	62	48	56.66309454794433	0.848405593448652	0.6666666666666666
split_rescue_p0.2_sx650_ani0.95_af0.5_b0.3_d2_top0	0,1,2	0.819907282857466	0.8184818481848185	248	62	48	56.66309454794433	0.848405593448652	0.6666666666666666
split_rescue_p0.2_sx650_ani0.95_af0.5_b0.3_d2_top1	0,1,2	0.819907282857466	0.8184818481848185	248	62	48	56.66309454794433	0.848405593448652	0.6666666666666666
split_rescue_p0.2_sx650_ani0.95_af0.5_b0.3_d2_top2	0,1,2	0.819907282857466	0.8184818481848185	248	62	48	56.66309454794433	0.848405593448652	0.6666666666666666
split_rescue_p0.2_sx650_ani0.95_af0.5_b0.3_d5_top0	0,1,2	0.819907282857466	0.8184818481848185	248	62	48	56.66309454794433	0.848405593448652	0.6666666666666666
split_rescue_p0.2_sx650_ani0.95_af0.5_b0.3_d5_top1	0,1,2	0.819907282857466	0.8184818481848185	248	62	48	56.66309454794433	0.848405593448652	0.6666666666666666
split_rescue_p0.2_sx650_ani0.95_af0.5_b0.3_d5_top2	0,1,2	0.819907282857466	0.8184818481848185	248	62	48	56.66309454794433	0.848405593448652	0.6666666666666666
split_rescue_p0.02_sx650_ani0.93_af0.3_b0.35_d1_top0	0,1,2	0.819907282857466	0.8184818481848185	248	62	48	57.85911631981762	0.866640994095465	0.6666666666666666
split_rescue_p0.02_sx650_ani0.93_af0.3_b0.35_d1_top1	0,1,2	0.819907282857466	0.8184818481848185	248	62	48	57.85911631981762	0.866640994095465	0.6666666666666666
split_rescue_p0.02_sx650_ani0.93_af0.3_b0.35_d1_top2	0,1,2	0.819907282857466	0.8184818481848185	248	62	48	57.85911631981762	0.866640994095465	0.6666666666666666
split_rescue_p0.02_sx650_ani0.93_af0.3_b0.35_d2_top0	0,1,2	0.819907282857466	0.8184818481848185	248	62	48	57.85911631981762	0.866640994095465	0.6666666666666666
split_rescue_p0.02_sx650_ani0.93_af0.3_b0.35_d2_top1	0,1,2	0.819907282857466	0.8184818481848185	248	62	48	57.85911631981762	0.866640994095465	0.6666666666666666
split_rescue_p0.02_sx650_ani0.93_af0.3_b0.35_d2_top2	0,1,2	0.819907282857466	0.8184818481848185	248	62	48	57.85911631981762	0.866640994095465	0.6666666666666666
split_rescue_p0.02_sx650_ani0.93_af0.3_b0.35_d5_top0	0,1,2	0.819907282857466	0.8184818481848185	248	62	48	57.85911631981762	0.866640994095465	0.6666666666666666
split_rescue_p0.02_sx650_ani0.93_af0.3_b0.35_d5_top1	0,1,2	0.819907282857466	0.8184818481848185	248	62	48	57.85911631981762	0.866640994095465	0.6666666666666666
split_rescue_p0.02_sx650_ani0.93_af0.3_b0.35_d5_top2	0,1,2	0.819907282857466	0.8184818481848185	248	62	48	57.85911631981762	0.866640994095465	0.6666666666666666
split_rescue_p0.02_sx650_ani0.93_af0.5_b0.35_d1_top0	0,1,2	0.819907282857466	0.8184818481848185	248	62	48	57.85911631981762	0.866640994095465	0.6666666666666666
split_rescue_p0.02_sx650_ani0.93_af0.5_b0.35_d1_top1	0,1,2	0.819907282857466	0.8184818481848185	248	62	48	57.85911631981762	0.866640994095465	0.6666666666666666
split_rescue_p0.02_sx650_ani0.93_af0.5_b0.35_d1_top2	0,1,2	0.819907282857466	0.8184818481848185	248	62	48	57.85911631981762	0.866640994095465	0.6666666666666666
split_rescue_p0.02_sx650_ani0.93_af0.5_b0.35_d2_top0	0,1,2	0.819907282857466	0.8184818481848185	248	62	48	57.85911631981762	0.866640994095465	0.6666666666666666
split_rescue_p0.02_sx650_ani0.93_af0.5_b0.35_d2_top1	0,1,2	0.819907282857466	0.8184818481848185	248	62	48	57.85911631981762	0.866640994095465	0.6666666666666666
split_rescue_p0.02_sx650_ani0.93_af0.5_b0.35_d2_top2	0,1,2	0.819907282857466	0.8184818481848185	248	62	48	57.85911631981762	0.866640994095465	0.6666666666666666
split_rescue_p0.02_sx650_ani0.93_af0.5_b0.35_d5_top0	0,1,2	0.819907282857466	0.8184818481848185	248	62	48	57.85911631981762	0.866640994095465	0.6666666666666666
split_rescue_p0.02_sx650_ani0.93_af0.5_b0.35_d5_top1	0,1,2	0.819907282857466	0.8184818481848185	248	62	48	57.85911631981762	0.866640994095465	0.6666666666666666
split_rescue_p0.02_sx650_ani0.93_af0.5_b0.35_d5_top2	0,1,2	0.819907282857466	0.8184818481848185	248	62	48	57.85911631981762	0.866640994095465	0.6666666666666666
split_rescue_p0.02_sx650_ani0.95_af0.3_b0.35_d1_top0	0,1,2	0.819907282857466	0.8184818481848185	248	62	48	57.85911631981762	0.866640994095465	0.6666666666666666
split_rescue_p0.02_sx650_ani0.95_af0.3_b0.35_d1_top1	0,1,2	0.819907282857466	0.8184818481848185	248	62	48	57.85911631981762	0.866640994095465	0.6666666666666666
split_rescue_p0.02_sx650_ani0.95_af0.3_b0.35_d1_top2	0,1,2	0.819907282857466	0.8184818481848185	248	62	48	57.85911631981762	0.866640994095465	0.6666666666666666
split_rescue_p0.02_sx650_ani0.95_af0.3_b0.35_d2_top0	0,1,2	0.819907282857466	0.8184818481848185	248	62	48	57.85911631981762	0.866640994095465	0.6666666666666666
split_rescue_p0.02_sx650_ani0.95_af0.3_b0.35_d2_top1	0,1,2	0.819907282857466	0.8184818481848185	248	62	48	57.85911631981762	0.866640994095465	0.6666666666666666
split_rescue_p0.02_sx650_ani0.95_af0.3_b0.35_d2_top2	0,1,2	0.819907282857466	0.8184818481848185	248	62	48	57.85911631981762	0.866640994095465	0.6666666666666666
split_rescue_p0.02_sx650_ani0.95_af0.3_b0.35_d5_top0	0,1,2	0.819907282857466	0.8184818481848185	248	62	48	57.85911631981762	0.866640994095465	0.6666666666666666
split_rescue_p0.02_sx650_ani0.95_af0.3_b0.35_d5_top1	0,1,2	0.819907282857466	0.8184818481848185	248	62	48	57.85911631981762	0.866640994095465	0.6666666666666666
split_rescue_p0.02_sx650_ani0.95_af0.3_b0.35_d5_top2	0,1,2	0.819907282857466	0.8184818481848185	248	62	48	57.85911631981762	0.866640994095465	0.6666666666666666
split_rescue_p0.02_sx650_ani0.95_af0.5_b0.35_d1_top0	0,1,2	0.819907282857466	0.8184818481848185	248	62	48	57.85911631981762	0.866640994095465	0.6666666666666666
split_rescue_p0.02_sx650_ani0.95_af0.5_b0.35_d1_top1	0,1,2	0.819907282857466	0.8184818481848185	248	62	48	57.85911631981762	0.866640994095465	0.6666666666666666
split_rescue_p0.02_sx650_ani0.95_af0.5_b0.35_d1_top2	0,1,2	0.819907282857466	0.8184818481848185	248	62	48	57.85911631981762	0.866640994095465	0.6666666666666666
split_rescue_p0.02_sx650_ani0.95_af0.5_b0.35_d2_top0	0,1,2	0.819907282857466	0.8184818481848185	248	62	48	57.85911631981762	0.866640994095465	0.6666666666666666
split_rescue_p0.02_sx650_ani0.95_af0.5_b0.35_d2_top1	0,1,2	0.819907282857466	0.8184818481848185	248	62	48	57.85911631981762	0.866640994095465	0.6666666666666666
split_rescue_p0.02_sx650_ani0.95_af0.5_b0.35_d2_top2	0,1,2	0.819907282857466	0.8184818481848185	248	62	48	57.85911631981762	0.866640994095465	0.6666666666666666
split_rescue_p0.02_sx650_ani0.95_af0.5_b0.35_d5_top0	0,1,2	0.819907282857466	0.8184818481848185	248	62	48	57.85911631981762	0.866640994095465	0.6666666666666666
split_rescue_p0.02_sx650_ani0.95_af0.5_b0.35_d5_top1	0,1,2	0.819907282857466	0.8184818481848185	248	62	48	57.85911631981762	0.866640994095465	0.6666666666666666
split_rescue_p0.02_sx650_ani0.95_af0.5_b0.35_d5_top2	0,1,2	0.819907282857466	0.8184818481848185	248	62	48	57.85911631981762	0.866640994095465	0.6666666666666666
split_rescue_p0_sx650_ani0.93_af0.3_b0.35_d1_top0	0,1,2	0.819907282857466	0.8184818481848185	248	62	48	57.85911631981762	0.866640994095465	0.6666666666666666
split_rescue_p0_sx650_ani0.93_af0.3_b0.35_d1_top1	0,1,2	0.819907282857466	0.8184818481848185	248	62	48	57.85911631981762	0.866640994095465	0.6666666666666666
split_rescue_p0_sx650_ani0.93_af0.3_b0.35_d1_top2	0,1,2	0.819907282857466	0.8184818481848185	248	62	48	57.85911631981762	0.866640994095465	0.6666666666666666
split_rescue_p0_sx650_ani0.93_af0.3_b0.35_d2_top0	0,1,2	0.819907282857466	0.8184818481848185	248	62	48	57.85911631981762	0.866640994095465	0.6666666666666666
split_rescue_p0_sx650_ani0.93_af0.3_b0.35_d2_top1	0,1,2	0.819907282857466	0.8184818481848185	248	62	48	57.85911631981762	0.866640994095465	0.6666666666666666
split_rescue_p0_sx650_ani0.93_af0.3_b0.35_d2_top2	0,1,2	0.819907282857466	0.8184818481848185	248	62	48	57.85911631981762	0.866640994095465	0.6666666666666666
split_rescue_p0_sx650_ani0.93_af0.3_b0.35_d5_top0	0,1,2	0.819907282857466	0.8184818481848185	248	62	48	57.85911631981762	0.866640994095465	0.6666666666666666
split_rescue_p0_sx650_ani0.93_af0.3_b0.35_d5_top1	0,1,2	0.819907282857466	0.8184818481848185	248	62	48	57.85911631981762	0.866640994095465	0.6666666666666666
split_rescue_p0_sx650_ani0.93_af0.3_b0.35_d5_top2	0,1,2	0.819907282857466	0.8184818481848185	248	62	48	57.85911631981762	0.866640994095465	0.6666666666666666
split_rescue_p0_sx650_ani0.93_af0.5_b0.35_d1_top0	0,1,2	0.819907282857466	0.8184818481848185	248	62	48	57.85911631981762	0.866640994095465	0.6666666666666666
split_rescue_p0_sx650_ani0.93_af0.5_b0.35_d1_top1	0,1,2	0.819907282857466	0.8184818481848185	248	62	48	57.85911631981762	0.866640994095465	0.6666666666666666
split_rescue_p0_sx650_ani0.93_af0.5_b0.35_d1_top2	0,1,2	0.819907282857466	0.8184818481848185	248	62	48	57.85911631981762	0.866640994095465	0.6666666666666666
split_rescue_p0_sx650_ani0.93_af0.5_b0.35_d2_top0	0,1,2	0.819907282857466	0.8184818481848185	248	62	48	57.85911631981762	0.866640994095465	0.6666666666666666
split_rescue_p0_sx650_ani0.93_af0.5_b0.35_d2_top1	0,1,2	0.819907282857466	0.8184818481848185	248	62	48	57.85911631981762	0.866640994095465	0.6666666666666666
split_rescue_p0_sx650_ani0.93_af0.5_b0.35_d2_top2	0,1,2	0.819907282857466	0.8184818481848185	248	62	48	57.85911631981762	0.866640994095465	0.6666666666666666
split_rescue_p0_sx650_ani0.93_af0.5_b0.35_d5_top0	0,1,2	0.819907282857466	0.8184818481848185	248	62	48	57.85911631981762	0.866640994095465	0.6666666666666666
split_rescue_p0_sx650_ani0.93_af0.5_b0.35_d5_top1	0,1,2	0.819907282857466	0.8184818481848185	248	62	48	57.85911631981762	0.866640994095465	0.6666666666666666
split_rescue_p0_sx650_ani0.93_af0.5_b0.35_d5_top2	0,1,2	0.819907282857466	0.8184818481848185	248	62	48	57.85911631981762	0.866640994095465	0.6666666666666666
split_rescue_p0_sx650_ani0.95_af0.3_b0.35_d1_top0	0,1,2	0.819907282857466	0.8184818481848185	248	62	48	57.85911631981762	0.866640994095465	0.6666666666666666
split_rescue_p0_sx650_ani0.95_af0.3_b0.35_d1_top1	0,1,2	0.819907282857466	0.8184818481848185	248	62	48	57.85911631981762	0.866640994095465	0.6666666666666666
split_rescue_p0_sx650_ani0.95_af0.3_b0.35_d1_top2	0,1,2	0.819907282857466	0.8184818481848185	248	62	48	57.85911631981762	0.866640994095465	0.6666666666666666
split_rescue_p0_sx650_ani0.95_af0.3_b0.35_d2_top0	0,1,2	0.819907282857466	0.8184818481848185	248	62	48	57.85911631981762	0.866640994095465	0.6666666666666666
split_rescue_p0_sx650_ani0.95_af0.3_b0.35_d2_top1	0,1,2	0.819907282857466	0.8184818481848185	248	62	48	57.85911631981762	0.866640994095465	0.6666666666666666
split_rescue_p0_sx650_ani0.95_af0.3_b0.35_d2_top2	0,1,2	0.819907282857466	0.8184818481848185	248	62	48	57.85911631981762	0.866640994095465	0.6666666666666666
split_rescue_p0_sx650_ani0.95_af0.3_b0.35_d5_top0	0,1,2	0.819907282857466	0.8184818481848185	248	62	48	57.85911631981762	0.866640994095465	0.6666666666666666
split_rescue_p0_sx650_ani0.95_af0.3_b0.35_d5_top1	0,1,2	0.819907282857466	0.8184818481848185	248	62	48	57.85911631981762	0.866640994095465	0.6666666666666666
split_rescue_p0_sx650_ani0.95_af0.3_b0.35_d5_top2	0,1,2	0.819907282857466	0.8184818481848185	248	62	48	57.85911631981762	0.866640994095465	0.6666666666666666
split_rescue_p0_sx650_ani0.95_af0.5_b0.35_d1_top0	0,1,2	0.819907282857466	0.8184818481848185	248	62	48	57.85911631981762	0.866640994095465	0.6666666666666666
split_rescue_p0_sx650_ani0.95_af0.5_b0.35_d1_top1	0,1,2	0.819907282857466	0.8184818481848185	248	62	48	57.85911631981762	0.866640994095465	0.6666666666666666
split_rescue_p0_sx650_ani0.95_af0.5_b0.35_d1_top2	0,1,2	0.819907282857466	0.8184818481848185	248	62	48	57.85911631981762	0.866640994095465	0.6666666666666666
split_rescue_p0_sx650_ani0.95_af0.5_b0.35_d2_top0	0,1,2	0.819907282857466	0.8184818481848185	248	62	48	57.85911631981762	0.866640994095465	0.6666666666666666
split_rescue_p0_sx650_ani0.95_af0.5_b0.35_d2_top1	0,1,2	0.819907282857466	0.8184818481848185	248	62	48	57.85911631981762	0.866640994095465	0.6666666666666666
split_rescue_p0_sx650_ani0.95_af0.5_b0.35_d2_top2	0,1,2	0.819907282857466	0.8184818481848185	248	62	48	57.85911631981762	0.866640994095465	0.6666666666666666
split_rescue_p0_sx650_ani0.95_af0.5_b0.35_d5_top0	0,1,2	0.819907282857466	0.8184818481848185	248	62	48	57.85911631981762	0.866640994095465	0.6666666666666666
split_rescue_p0_sx650_ani0.95_af0.5_b0.35_d5_top1	0,1,2	0.819907282857466	0.8184818481848185	248	62	48	57.85911631981762	0.866640994095465	0.6666666666666666
split_rescue_p0_sx650_ani0.95_af0.5_b0.35_d5_top2	0,1,2	0.819907282857466	0.8184818481848185	248	62	48	57.85911631981762	0.866640994095465	0.6666666666666666
split_rescue_p0_sx300_ani0.95_af0.3_b0.2_d2_top1	0,1,2	0.8195928300094967	0.818181818181818	252	68	44	50.57950177860488	0.8977820238239329	4.0
split_rescue_p0_sx300_ani0.95_af0.3_b0.2_d5_top0	0,1,2	0.8195928300094967	0.818181818181818	252	68	44	51.29559768813712	0.8964675683160331	4.0
split_rescue_p0_sx300_ani0.95_af0.3_b0.2_d5_top2	0,1,2	0.8195928300094967	0.818181818181818	252	68	44	51.29559768813712	0.8964675683160331	4.0
split_rescue_p0_sx300_ani0.93_af0.3_b0.2_d10_top0	0,1,2	0.819544238701219	0.8175895765472312	251	67	45	54.104999958164605	0.894442000345415	3.3333333333333335
split_rescue_p0.05_sx300_ani0.95_af0.3_b0.2_d2_top0	0,1,2	0.8194734691014283	0.8183306055646481	250	65	46	49.78381956458694	0.8840920036667357	2.3333333333333335
split_rescue_p0.05_sx300_ani0.95_af0.3_b0.2_d2_top2	0,1,2	0.8194734691014283	0.8183306055646481	250	65	46	49.78381956458694	0.8840920036667357	2.3333333333333335
split_rescue_p0.05_sx300_ani0.95_af0.3_b0.2_d5_top0	0,1,2	0.8194734691014283	0.8183306055646481	250	65	46	49.78381956458694	0.8840920036667357	2.3333333333333335
split_rescue_p0.05_sx300_ani0.95_af0.3_b0.2_d5_top2	0,1,2	0.8194734691014283	0.8183306055646481	250	65	46	49.78381956458694	0.8840920036667357	2.3333333333333335
split_rescue_p0_sx300_ani0.93_af0.3_b0.2_d2_top2	0,1,2	0.8192257468997707	0.8180354267310789	254	71	42	51.191355355884944	0.899959985320877	5.666666666666667
split_rescue_p0_sx300_ani0.93_af0.3_b0.2_d5_top0	0,1,2	0.8191700327830466	0.8174474959612278	253	70	43	53.25597275643306	0.896379525259844	5.0
split_rescue_p0_sx300_ani0.95_af0.3_b0.2_d1_top0	0,1,2	0.8191425858092525	0.8180354267310789	254	71	42	51.313341490196386	0.8963708003464456	5.666666666666667
split_rescue_p0_sx300_ani0.95_af0.3_b0.2_d1_top2	0,1,2	0.8191425858092525	0.8180354267310789	254	71	42	51.313341490196386	0.8963708003464456	5.666666666666667
split_rescue_p0.05_sx300_ani0.93_af0.3_b0.2_d2_top0	0,1,2	0.8190140752142382	0.8175895765472312	251	67	45	51.99903966532687	0.8832283878050714	3.3333333333333335
split_rescue_p0.05_sx300_ani0.93_af0.3_b0.2_d5_top0	0,1,2	0.8190140752142382	0.8175895765472312	251	67	45	51.99903966532687	0.8832283878050714	3.3333333333333335
split_rescue_p0.05_sx650_ani0.93_af0.3_b0.3_d10_top0	0,1,2	0.818023770831966	0.8165289256198346	247	62	49	58.30966905958769	0.8463703949013682	0.3333333333333333
split_rescue_p0.05_sx650_ani0.93_af0.3_b0.3_d10_top1	0,1,2	0.818023770831966	0.8165289256198346	247	62	49	58.30966905958769	0.8463703949013682	0.3333333333333333
split_rescue_p0.05_sx650_ani0.93_af0.3_b0.3_d10_top2	0,1,2	0.818023770831966	0.8165289256198346	247	62	49	58.30966905958769	0.8463703949013682	0.3333333333333333
split_rescue_p0.05_sx650_ani0.93_af0.5_b0.3_d10_top0	0,1,2	0.818023770831966	0.8165289256198346	247	62	49	58.30966905958769	0.8463703949013682	0.3333333333333333
split_rescue_p0.05_sx650_ani0.93_af0.5_b0.3_d10_top1	0,1,2	0.818023770831966	0.8165289256198346	247	62	49	58.30966905958769	0.8463703949013682	0.3333333333333333
split_rescue_p0.05_sx650_ani0.93_af0.5_b0.3_d10_top2	0,1,2	0.818023770831966	0.8165289256198346	247	62	49	58.30966905958769	0.8463703949013682	0.3333333333333333
split_rescue_p0.05_sx650_ani0.95_af0.3_b0.2_d10_top0	0,1,2	0.818023770831966	0.8165289256198346	247	62	49	58.30966905958769	0.8463703949013682	0.3333333333333333
split_rescue_p0.05_sx650_ani0.95_af0.3_b0.2_d10_top1	0,1,2	0.818023770831966	0.8165289256198346	247	62	49	58.30966905958769	0.8463703949013682	0.3333333333333333
split_rescue_p0.05_sx650_ani0.95_af0.3_b0.2_d10_top2	0,1,2	0.818023770831966	0.8165289256198346	247	62	49	58.30966905958769	0.8463703949013682	0.3333333333333333
split_rescue_p0.05_sx650_ani0.95_af0.3_b0.3_d10_top0	0,1,2	0.818023770831966	0.8165289256198346	247	62	49	58.30966905958769	0.8463703949013682	0.3333333333333333
split_rescue_p0.05_sx650_ani0.95_af0.3_b0.3_d10_top1	0,1,2	0.818023770831966	0.8165289256198346	247	62	49	58.30966905958769	0.8463703949013682	0.3333333333333333
split_rescue_p0.05_sx650_ani0.95_af0.3_b0.3_d10_top2	0,1,2	0.818023770831966	0.8165289256198346	247	62	49	58.30966905958769	0.8463703949013682	0.3333333333333333
split_rescue_p0.05_sx650_ani0.95_af0.5_b0.2_d10_top0	0,1,2	0.818023770831966	0.8165289256198346	247	62	49	58.30966905958769	0.8463703949013682	0.3333333333333333
split_rescue_p0.05_sx650_ani0.95_af0.5_b0.2_d10_top1	0,1,2	0.818023770831966	0.8165289256198346	247	62	49	58.30966905958769	0.8463703949013682	0.3333333333333333
split_rescue_p0.05_sx650_ani0.95_af0.5_b0.2_d10_top2	0,1,2	0.818023770831966	0.8165289256198346	247	62	49	58.30966905958769	0.8463703949013682	0.3333333333333333
split_rescue_p0.05_sx650_ani0.95_af0.5_b0.3_d10_top0	0,1,2	0.818023770831966	0.8165289256198346	247	62	49	58.30966905958769	0.8463703949013682	0.3333333333333333
split_rescue_p0.05_sx650_ani0.95_af0.5_b0.3_d10_top1	0,1,2	0.818023770831966	0.8165289256198346	247	62	49	58.30966905958769	0.8463703949013682	0.3333333333333333
split_rescue_p0.05_sx650_ani0.95_af0.5_b0.3_d10_top2	0,1,2	0.818023770831966	0.8165289256198346	247	62	49	58.30966905958769	0.8463703949013682	0.3333333333333333
split_rescue_p0.1_sx650_ani0.93_af0.3_b0.3_d10_top0	0,1,2	0.818023770831966	0.8165289256198346	247	62	49	58.30966905958769	0.8463703949013682	0.3333333333333333
split_rescue_p0.1_sx650_ani0.93_af0.3_b0.3_d10_top1	0,1,2	0.818023770831966	0.8165289256198346	247	62	49	58.30966905958769	0.8463703949013682	0.3333333333333333
split_rescue_p0.1_sx650_ani0.93_af0.3_b0.3_d10_top2	0,1,2	0.818023770831966	0.8165289256198346	247	62	49	58.30966905958769	0.8463703949013682	0.3333333333333333
split_rescue_p0.1_sx650_ani0.93_af0.5_b0.3_d10_top0	0,1,2	0.818023770831966	0.8165289256198346	247	62	49	58.30966905958769	0.8463703949013682	0.3333333333333333
split_rescue_p0.1_sx650_ani0.93_af0.5_b0.3_d10_top1	0,1,2	0.818023770831966	0.8165289256198346	247	62	49	58.30966905958769	0.8463703949013682	0.3333333333333333
split_rescue_p0.1_sx650_ani0.93_af0.5_b0.3_d10_top2	0,1,2	0.818023770831966	0.8165289256198346	247	62	49	58.30966905958769	0.8463703949013682	0.3333333333333333
split_rescue_p0.1_sx650_ani0.95_af0.3_b0.2_d10_top0	0,1,2	0.818023770831966	0.8165289256198346	247	62	49	58.30966905958769	0.8463703949013682	0.3333333333333333
split_rescue_p0.1_sx650_ani0.95_af0.3_b0.2_d10_top1	0,1,2	0.818023770831966	0.8165289256198346	247	62	49	58.30966905958769	0.8463703949013682	0.3333333333333333
split_rescue_p0.1_sx650_ani0.95_af0.3_b0.2_d10_top2	0,1,2	0.818023770831966	0.8165289256198346	247	62	49	58.30966905958769	0.8463703949013682	0.3333333333333333
split_rescue_p0.1_sx650_ani0.95_af0.3_b0.3_d10_top0	0,1,2	0.818023770831966	0.8165289256198346	247	62	49	58.30966905958769	0.8463703949013682	0.3333333333333333
split_rescue_p0.1_sx650_ani0.95_af0.3_b0.3_d10_top1	0,1,2	0.818023770831966	0.8165289256198346	247	62	49	58.30966905958769	0.8463703949013682	0.3333333333333333
split_rescue_p0.1_sx650_ani0.95_af0.3_b0.3_d10_top2	0,1,2	0.818023770831966	0.8165289256198346	247	62	49	58.30966905958769	0.8463703949013682	0.3333333333333333
split_rescue_p0.1_sx650_ani0.95_af0.5_b0.2_d10_top0	0,1,2	0.818023770831966	0.8165289256198346	247	62	49	58.30966905958769	0.8463703949013682	0.3333333333333333
split_rescue_p0.1_sx650_ani0.95_af0.5_b0.2_d10_top1	0,1,2	0.818023770831966	0.8165289256198346	247	62	49	58.30966905958769	0.8463703949013682	0.3333333333333333
split_rescue_p0.1_sx650_ani0.95_af0.5_b0.2_d10_top2	0,1,2	0.818023770831966	0.8165289256198346	247	62	49	58.30966905958769	0.8463703949013682	0.3333333333333333
split_rescue_p0.1_sx650_ani0.95_af0.5_b0.3_d10_top0	0,1,2	0.818023770831966	0.8165289256198346	247	62	49	58.30966905958769	0.8463703949013682	0.3333333333333333
split_rescue_p0.1_sx650_ani0.95_af0.5_b0.3_d10_top1	0,1,2	0.818023770831966	0.8165289256198346	247	62	49	58.30966905958769	0.8463703949013682	0.3333333333333333
split_rescue_p0.1_sx650_ani0.95_af0.5_b0.3_d10_top2	0,1,2	0.818023770831966	0.8165289256198346	247	62	49	58.30966905958769	0.8463703949013682	0.3333333333333333
split_rescue_p0.2_sx650_ani0.93_af0.3_b0.2_d10_top0	0,1,2	0.818023770831966	0.8165289256198346	247	62	49	58.30966905958769	0.8463703949013682	0.3333333333333333
split_rescue_p0.2_sx650_ani0.93_af0.3_b0.2_d10_top1	0,1,2	0.818023770831966	0.8165289256198346	247	62	49	58.30966905958769	0.8463703949013682	0.3333333333333333
split_rescue_p0.2_sx650_ani0.93_af0.3_b0.2_d10_top2	0,1,2	0.818023770831966	0.8165289256198346	247	62	49	58.30966905958769	0.8463703949013682	0.3333333333333333
split_rescue_p0.2_sx650_ani0.93_af0.3_b0.3_d10_top0	0,1,2	0.818023770831966	0.8165289256198346	247	62	49	58.30966905958769	0.8463703949013682	0.3333333333333333
split_rescue_p0.2_sx650_ani0.93_af0.3_b0.3_d10_top1	0,1,2	0.818023770831966	0.8165289256198346	247	62	49	58.30966905958769	0.8463703949013682	0.3333333333333333
split_rescue_p0.2_sx650_ani0.93_af0.3_b0.3_d10_top2	0,1,2	0.818023770831966	0.8165289256198346	247	62	49	58.30966905958769	0.8463703949013682	0.3333333333333333
split_rescue_p0.2_sx650_ani0.93_af0.5_b0.2_d10_top0	0,1,2	0.818023770831966	0.8165289256198346	247	62	49	58.30966905958769	0.8463703949013682	0.3333333333333333
split_rescue_p0.2_sx650_ani0.93_af0.5_b0.2_d10_top1	0,1,2	0.818023770831966	0.8165289256198346	247	62	49	58.30966905958769	0.8463703949013682	0.3333333333333333
split_rescue_p0.2_sx650_ani0.93_af0.5_b0.2_d10_top2	0,1,2	0.818023770831966	0.8165289256198346	247	62	49	58.30966905958769	0.8463703949013682	0.3333333333333333
split_rescue_p0.2_sx650_ani0.93_af0.5_b0.3_d10_top0	0,1,2	0.818023770831966	0.8165289256198346	247	62	49	58.30966905958769	0.8463703949013682	0.3333333333333333
split_rescue_p0.2_sx650_ani0.93_af0.5_b0.3_d10_top1	0,1,2	0.818023770831966	0.8165289256198346	247	62	49	58.30966905958769	0.8463703949013682	0.3333333333333333
split_rescue_p0.2_sx650_ani0.93_af0.5_b0.3_d10_top2	0,1,2	0.818023770831966	0.8165289256198346	247	62	49	58.30966905958769	0.8463703949013682	0.3333333333333333
split_rescue_p0.2_sx650_ani0.95_af0.3_b0.2_d10_top0	0,1,2	0.818023770831966	0.8165289256198346	247	62	49	58.30966905958769	0.8463703949013682	0.3333333333333333
split_rescue_p0.2_sx650_ani0.95_af0.3_b0.2_d10_top1	0,1,2	0.818023770831966	0.8165289256198346	247	62	49	58.30966905958769	0.8463703949013682	0.3333333333333333
split_rescue_p0.2_sx650_ani0.95_af0.3_b0.2_d10_top2	0,1,2	0.818023770831966	0.8165289256198346	247	62	49	58.30966905958769	0.8463703949013682	0.3333333333333333
split_rescue_p0.2_sx650_ani0.95_af0.3_b0.3_d10_top0	0,1,2	0.818023770831966	0.8165289256198346	247	62	49	58.30966905958769	0.8463703949013682	0.3333333333333333
split_rescue_p0.2_sx650_ani0.95_af0.3_b0.3_d10_top1	0,1,2	0.818023770831966	0.8165289256198346	247	62	49	58.30966905958769	0.8463703949013682	0.3333333333333333
split_rescue_p0.2_sx650_ani0.95_af0.3_b0.3_d10_top2	0,1,2	0.818023770831966	0.8165289256198346	247	62	49	58.30966905958769	0.8463703949013682	0.3333333333333333
split_rescue_p0.2_sx650_ani0.95_af0.5_b0.2_d10_top0	0,1,2	0.818023770831966	0.8165289256198346	247	62	49	58.30966905958769	0.8463703949013682	0.3333333333333333
split_rescue_p0.2_sx650_ani0.95_af0.5_b0.2_d10_top1	0,1,2	0.818023770831966	0.8165289256198346	247	62	49	58.30966905958769	0.8463703949013682	0.3333333333333333
split_rescue_p0.2_sx650_ani0.95_af0.5_b0.2_d10_top2	0,1,2	0.818023770831966	0.8165289256198346	247	62	49	58.30966905958769	0.8463703949013682	0.3333333333333333
split_rescue_p0.2_sx650_ani0.95_af0.5_b0.3_d10_top0	0,1,2	0.818023770831966	0.8165289256198346	247	62	49	58.30966905958769	0.8463703949013682	0.3333333333333333
split_rescue_p0.2_sx650_ani0.95_af0.5_b0.3_d10_top1	0,1,2	0.818023770831966	0.8165289256198346	247	62	49	58.30966905958769	0.8463703949013682	0.3333333333333333
split_rescue_p0.2_sx650_ani0.95_af0.5_b0.3_d10_top2	0,1,2	0.818023770831966	0.8165289256198346	247	62	49	58.30966905958769	0.8463703949013682	0.3333333333333333
split_rescue_p0.02_sx650_ani0.93_af0.3_b0.35_d10_top0	0,1,2	0.8178403051959952	0.8165289256198346	247	62	49	58.75777770274866	0.8653001221029625	0.3333333333333333
split_rescue_p0.02_sx650_ani0.93_af0.3_b0.35_d10_top1	0,1,2	0.8178403051959952	0.8165289256198346	247	62	49	58.75777770274866	0.8653001221029625	0.3333333333333333
split_rescue_p0.02_sx650_ani0.93_af0.3_b0.35_d10_top2	0,1,2	0.8178403051959952	0.8165289256198346	247	62	49	58.75777770274866	0.8653001221029625	0.3333333333333333
split_rescue_p0.02_sx650_ani0.93_af0.5_b0.35_d10_top0	0,1,2	0.8178403051959952	0.8165289256198346	247	62	49	58.75777770274866	0.8653001221029625	0.3333333333333333
split_rescue_p0.02_sx650_ani0.93_af0.5_b0.35_d10_top1	0,1,2	0.8178403051959952	0.8165289256198346	247	62	49	58.75777770274866	0.8653001221029625	0.3333333333333333
split_rescue_p0.02_sx650_ani0.93_af0.5_b0.35_d10_top2	0,1,2	0.8178403051959952	0.8165289256198346	247	62	49	58.75777770274866	0.8653001221029625	0.3333333333333333
split_rescue_p0.02_sx650_ani0.95_af0.3_b0.35_d10_top0	0,1,2	0.8178403051959952	0.8165289256198346	247	62	49	58.75777770274866	0.8653001221029625	0.3333333333333333
split_rescue_p0.02_sx650_ani0.95_af0.3_b0.35_d10_top1	0,1,2	0.8178403051959952	0.8165289256198346	247	62	49	58.75777770274866	0.8653001221029625	0.3333333333333333
split_rescue_p0.02_sx650_ani0.95_af0.3_b0.35_d10_top2	0,1,2	0.8178403051959952	0.8165289256198346	247	62	49	58.75777770274866	0.8653001221029625	0.3333333333333333
split_rescue_p0.02_sx650_ani0.95_af0.5_b0.35_d10_top0	0,1,2	0.8178403051959952	0.8165289256198346	247	62	49	58.75777770274866	0.8653001221029625	0.3333333333333333
split_rescue_p0.02_sx650_ani0.95_af0.5_b0.35_d10_top1	0,1,2	0.8178403051959952	0.8165289256198346	247	62	49	58.75777770274866	0.8653001221029625	0.3333333333333333
split_rescue_p0.02_sx650_ani0.95_af0.5_b0.35_d10_top2	0,1,2	0.8178403051959952	0.8165289256198346	247	62	49	58.75777770274866	0.8653001221029625	0.3333333333333333
split_rescue_p0_sx650_ani0.93_af0.3_b0.35_d10_top0	0,1,2	0.8178403051959952	0.8165289256198346	247	62	49	58.75777770274866	0.8653001221029625	0.3333333333333333
split_rescue_p0_sx650_ani0.93_af0.3_b0.35_d10_top1	0,1,2	0.8178403051959952	0.8165289256198346	247	62	49	58.75777770274866	0.8653001221029625	0.3333333333333333
split_rescue_p0_sx650_ani0.93_af0.3_b0.35_d10_top2	0,1,2	0.8178403051959952	0.8165289256198346	247	62	49	58.75777770274866	0.8653001221029625	0.3333333333333333
split_rescue_p0_sx650_ani0.93_af0.5_b0.35_d10_top0	0,1,2	0.8178403051959952	0.8165289256198346	247	62	49	58.75777770274866	0.8653001221029625	0.3333333333333333
split_rescue_p0_sx650_ani0.93_af0.5_b0.35_d10_top1	0,1,2	0.8178403051959952	0.8165289256198346	247	62	49	58.75777770274866	0.8653001221029625	0.3333333333333333
split_rescue_p0_sx650_ani0.93_af0.5_b0.35_d10_top2	0,1,2	0.8178403051959952	0.8165289256198346	247	62	49	58.75777770274866	0.8653001221029625	0.3333333333333333
split_rescue_p0_sx650_ani0.95_af0.3_b0.35_d10_top0	0,1,2	0.8178403051959952	0.8165289256198346	247	62	49	58.75777770274866	0.8653001221029625	0.3333333333333333
split_rescue_p0_sx650_ani0.95_af0.3_b0.35_d10_top1	0,1,2	0.8178403051959952	0.8165289256198346	247	62	49	58.75777770274866	0.8653001221029625	0.3333333333333333
split_rescue_p0_sx650_ani0.95_af0.3_b0.35_d10_top2	0,1,2	0.8178403051959952	0.8165289256198346	247	62	49	58.75777770274866	0.8653001221029625	0.3333333333333333
split_rescue_p0_sx650_ani0.95_af0.5_b0.35_d10_top0	0,1,2	0.8178403051959952	0.8165289256198346	247	62	49	58.75777770274866	0.8653001221029625	0.3333333333333333
split_rescue_p0_sx650_ani0.95_af0.5_b0.35_d10_top1	0,1,2	0.8178403051959952	0.8165289256198346	247	62	49	58.75777770274866	0.8653001221029625	0.3333333333333333
split_rescue_p0_sx650_ani0.95_af0.5_b0.35_d10_top2	0,1,2	0.8178403051959952	0.8165289256198346	247	62	49	58.75777770274866	0.8653001221029625	0.3333333333333333
split_rescue_p0.25_sx650_ani0.93_af0.3_b0.2_d1_top0	0,1,2	0.8178403051959952	0.8165289256198346	247	62	49	59.63389727642086	0.8434847695904777	0.3333333333333333
split_rescue_p0.25_sx650_ani0.93_af0.3_b0.2_d1_top1	0,1,2	0.8178403051959952	0.8165289256198346	247	62	49	59.63389727642086	0.8434847695904777	0.3333333333333333
split_rescue_p0.25_sx650_ani0.93_af0.3_b0.2_d1_top2	0,1,2	0.8178403051959952	0.8165289256198346	247	62	49	59.63389727642086	0.8434847695904777	0.3333333333333333
split_rescue_p0.25_sx650_ani0.93_af0.3_b0.2_d2_top0	0,1,2	0.8178403051959952	0.8165289256198346	247	62	49	59.63389727642086	0.8434847695904777	0.3333333333333333
split_rescue_p0.25_sx650_ani0.93_af0.3_b0.2_d2_top1	0,1,2	0.8178403051959952	0.8165289256198346	247	62	49	59.63389727642086	0.8434847695904777	0.3333333333333333
split_rescue_p0.25_sx650_ani0.93_af0.3_b0.2_d2_top2	0,1,2	0.8178403051959952	0.8165289256198346	247	62	49	59.63389727642086	0.8434847695904777	0.3333333333333333
split_rescue_p0.25_sx650_ani0.93_af0.3_b0.2_d5_top0	0,1,2	0.8178403051959952	0.8165289256198346	247	62	49	59.63389727642086	0.8434847695904777	0.3333333333333333
split_rescue_p0.25_sx650_ani0.93_af0.3_b0.2_d5_top1	0,1,2	0.8178403051959952	0.8165289256198346	247	62	49	59.63389727642086	0.8434847695904777	0.3333333333333333
split_rescue_p0.25_sx650_ani0.93_af0.3_b0.2_d5_top2	0,1,2	0.8178403051959952	0.8165289256198346	247	62	49	59.63389727642086	0.8434847695904777	0.3333333333333333
split_rescue_p0.25_sx650_ani0.93_af0.3_b0.3_d1_top0	0,1,2	0.8178403051959952	0.8165289256198346	247	62	49	59.63389727642086	0.8434847695904777	0.3333333333333333
split_rescue_p0.25_sx650_ani0.93_af0.3_b0.3_d1_top1	0,1,2	0.8178403051959952	0.8165289256198346	247	62	49	59.63389727642086	0.8434847695904777	0.3333333333333333
split_rescue_p0.25_sx650_ani0.93_af0.3_b0.3_d1_top2	0,1,2	0.8178403051959952	0.8165289256198346	247	62	49	59.63389727642086	0.8434847695904777	0.3333333333333333
split_rescue_p0.25_sx650_ani0.93_af0.3_b0.3_d2_top0	0,1,2	0.8178403051959952	0.8165289256198346	247	62	49	59.63389727642086	0.8434847695904777	0.3333333333333333
split_rescue_p0.25_sx650_ani0.93_af0.3_b0.3_d2_top1	0,1,2	0.8178403051959952	0.8165289256198346	247	62	49	59.63389727642086	0.8434847695904777	0.3333333333333333
split_rescue_p0.25_sx650_ani0.93_af0.3_b0.3_d2_top2	0,1,2	0.8178403051959952	0.8165289256198346	247	62	49	59.63389727642086	0.8434847695904777	0.3333333333333333
split_rescue_p0.25_sx650_ani0.93_af0.3_b0.3_d5_top0	0,1,2	0.8178403051959952	0.8165289256198346	247	62	49	59.63389727642086	0.8434847695904777	0.3333333333333333
split_rescue_p0.25_sx650_ani0.93_af0.3_b0.3_d5_top1	0,1,2	0.8178403051959952	0.8165289256198346	247	62	49	59.63389727642086	0.8434847695904777	0.3333333333333333
split_rescue_p0.25_sx650_ani0.93_af0.3_b0.3_d5_top2	0,1,2	0.8178403051959952	0.8165289256198346	247	62	49	59.63389727642086	0.8434847695904777	0.3333333333333333
split_rescue_p0.25_sx650_ani0.93_af0.5_b0.2_d1_top0	0,1,2	0.8178403051959952	0.8165289256198346	247	62	49	59.63389727642086	0.8434847695904777	0.3333333333333333
split_rescue_p0.25_sx650_ani0.93_af0.5_b0.2_d1_top1	0,1,2	0.8178403051959952	0.8165289256198346	247	62	49	59.63389727642086	0.8434847695904777	0.3333333333333333
split_rescue_p0.25_sx650_ani0.93_af0.5_b0.2_d1_top2	0,1,2	0.8178403051959952	0.8165289256198346	247	62	49	59.63389727642086	0.8434847695904777	0.3333333333333333
split_rescue_p0.25_sx650_ani0.93_af0.5_b0.2_d2_top0	0,1,2	0.8178403051959952	0.8165289256198346	247	62	49	59.63389727642086	0.8434847695904777	0.3333333333333333
split_rescue_p0.25_sx650_ani0.93_af0.5_b0.2_d2_top1	0,1,2	0.8178403051959952	0.8165289256198346	247	62	49	59.63389727642086	0.8434847695904777	0.3333333333333333
split_rescue_p0.25_sx650_ani0.93_af0.5_b0.2_d2_top2	0,1,2	0.8178403051959952	0.8165289256198346	247	62	49	59.63389727642086	0.8434847695904777	0.3333333333333333
split_rescue_p0.25_sx650_ani0.93_af0.5_b0.2_d5_top0	0,1,2	0.8178403051959952	0.8165289256198346	247	62	49	59.63389727642086	0.8434847695904777	0.3333333333333333
split_rescue_p0.25_sx650_ani0.93_af0.5_b0.2_d5_top1	0,1,2	0.8178403051959952	0.8165289256198346	247	62	49	59.63389727642086	0.8434847695904777	0.3333333333333333
split_rescue_p0.25_sx650_ani0.93_af0.5_b0.2_d5_top2	0,1,2	0.8178403051959952	0.8165289256198346	247	62	49	59.63389727642086	0.8434847695904777	0.3333333333333333
split_rescue_p0.25_sx650_ani0.93_af0.5_b0.3_d1_top0	0,1,2	0.8178403051959952	0.8165289256198346	247	62	49	59.63389727642086	0.8434847695904777	0.3333333333333333
split_rescue_p0.25_sx650_ani0.93_af0.5_b0.3_d1_top1	0,1,2	0.8178403051959952	0.8165289256198346	247	62	49	59.63389727642086	0.8434847695904777	0.3333333333333333
split_rescue_p0.25_sx650_ani0.93_af0.5_b0.3_d1_top2	0,1,2	0.8178403051959952	0.8165289256198346	247	62	49	59.63389727642086	0.8434847695904777	0.3333333333333333
split_rescue_p0.25_sx650_ani0.93_af0.5_b0.3_d2_top0	0,1,2	0.8178403051959952	0.8165289256198346	247	62	49	59.63389727642086	0.8434847695904777	0.3333333333333333
split_rescue_p0.25_sx650_ani0.93_af0.5_b0.3_d2_top1	0,1,2	0.8178403051959952	0.8165289256198346	247	62	49	59.63389727642086	0.8434847695904777	0.3333333333333333
split_rescue_p0.25_sx650_ani0.93_af0.5_b0.3_d2_top2	0,1,2	0.8178403051959952	0.8165289256198346	247	62	49	59.63389727642086	0.8434847695904777	0.3333333333333333
split_rescue_p0.25_sx650_ani0.93_af0.5_b0.3_d5_top0	0,1,2	0.8178403051959952	0.8165289256198346	247	62	49	59.63389727642086	0.8434847695904777	0.3333333333333333
split_rescue_p0.25_sx650_ani0.93_af0.5_b0.3_d5_top1	0,1,2	0.8178403051959952	0.8165289256198346	247	62	49	59.63389727642086	0.8434847695904777	0.3333333333333333
split_rescue_p0.25_sx650_ani0.93_af0.5_b0.3_d5_top2	0,1,2	0.8178403051959952	0.8165289256198346	247	62	49	59.63389727642086	0.8434847695904777	0.3333333333333333
split_rescue_p0.25_sx650_ani0.95_af0.3_b0.2_d1_top0	0,1,2	0.8178403051959952	0.8165289256198346	247	62	49	59.63389727642086	0.8434847695904777	0.3333333333333333
split_rescue_p0.25_sx650_ani0.95_af0.3_b0.2_d1_top1	0,1,2	0.8178403051959952	0.8165289256198346	247	62	49	59.63389727642086	0.8434847695904777	0.3333333333333333
split_rescue_p0.25_sx650_ani0.95_af0.3_b0.2_d1_top2	0,1,2	0.8178403051959952	0.8165289256198346	247	62	49	59.63389727642086	0.8434847695904777	0.3333333333333333
split_rescue_p0.25_sx650_ani0.95_af0.3_b0.2_d2_top0	0,1,2	0.8178403051959952	0.8165289256198346	247	62	49	59.63389727642086	0.8434847695904777	0.3333333333333333
split_rescue_p0.25_sx650_ani0.95_af0.3_b0.2_d2_top1	0,1,2	0.8178403051959952	0.8165289256198346	247	62	49	59.63389727642086	0.8434847695904777	0.3333333333333333
split_rescue_p0.25_sx650_ani0.95_af0.3_b0.2_d2_top2	0,1,2	0.8178403051959952	0.8165289256198346	247	62	49	59.63389727642086	0.8434847695904777	0.3333333333333333
split_rescue_p0.25_sx650_ani0.95_af0.3_b0.2_d5_top0	0,1,2	0.8178403051959952	0.8165289256198346	247	62	49	59.63389727642086	0.8434847695904777	0.3333333333333333
split_rescue_p0.25_sx650_ani0.95_af0.3_b0.2_d5_top1	0,1,2	0.8178403051959952	0.8165289256198346	247	62	49	59.63389727642086	0.8434847695904777	0.3333333333333333
split_rescue_p0.25_sx650_ani0.95_af0.3_b0.2_d5_top2	0,1,2	0.8178403051959952	0.8165289256198346	247	62	49	59.63389727642086	0.8434847695904777	0.3333333333333333
split_rescue_p0.25_sx650_ani0.95_af0.3_b0.3_d1_top0	0,1,2	0.8178403051959952	0.8165289256198346	247	62	49	59.63389727642086	0.8434847695904777	0.3333333333333333
split_rescue_p0.25_sx650_ani0.95_af0.3_b0.3_d1_top1	0,1,2	0.8178403051959952	0.8165289256198346	247	62	49	59.63389727642086	0.8434847695904777	0.3333333333333333
split_rescue_p0.25_sx650_ani0.95_af0.3_b0.3_d1_top2	0,1,2	0.8178403051959952	0.8165289256198346	247	62	49	59.63389727642086	0.8434847695904777	0.3333333333333333
split_rescue_p0.25_sx650_ani0.95_af0.3_b0.3_d2_top0	0,1,2	0.8178403051959952	0.8165289256198346	247	62	49	59.63389727642086	0.8434847695904777	0.3333333333333333
split_rescue_p0.25_sx650_ani0.95_af0.3_b0.3_d2_top1	0,1,2	0.8178403051959952	0.8165289256198346	247	62	49	59.63389727642086	0.8434847695904777	0.3333333333333333
split_rescue_p0.25_sx650_ani0.95_af0.3_b0.3_d2_top2	0,1,2	0.8178403051959952	0.8165289256198346	247	62	49	59.63389727642086	0.8434847695904777	0.3333333333333333
split_rescue_p0.25_sx650_ani0.95_af0.3_b0.3_d5_top0	0,1,2	0.8178403051959952	0.8165289256198346	247	62	49	59.63389727642086	0.8434847695904777	0.3333333333333333
split_rescue_p0.25_sx650_ani0.95_af0.3_b0.3_d5_top1	0,1,2	0.8178403051959952	0.8165289256198346	247	62	49	59.63389727642086	0.8434847695904777	0.3333333333333333
split_rescue_p0.25_sx650_ani0.95_af0.3_b0.3_d5_top2	0,1,2	0.8178403051959952	0.8165289256198346	247	62	49	59.63389727642086	0.8434847695904777	0.3333333333333333
split_rescue_p0.25_sx650_ani0.95_af0.5_b0.2_d1_top0	0,1,2	0.8178403051959952	0.8165289256198346	247	62	49	59.63389727642086	0.8434847695904777	0.3333333333333333
split_rescue_p0.25_sx650_ani0.95_af0.5_b0.2_d1_top1	0,1,2	0.8178403051959952	0.8165289256198346	247	62	49	59.63389727642086	0.8434847695904777	0.3333333333333333
split_rescue_p0.25_sx650_ani0.95_af0.5_b0.2_d1_top2	0,1,2	0.8178403051959952	0.8165289256198346	247	62	49	59.63389727642086	0.8434847695904777	0.3333333333333333
split_rescue_p0.25_sx650_ani0.95_af0.5_b0.2_d2_top0	0,1,2	0.8178403051959952	0.8165289256198346	247	62	49	59.63389727642086	0.8434847695904777	0.3333333333333333
split_rescue_p0.25_sx650_ani0.95_af0.5_b0.2_d2_top1	0,1,2	0.8178403051959952	0.8165289256198346	247	62	49	59.63389727642086	0.8434847695904777	0.3333333333333333
split_rescue_p0.25_sx650_ani0.95_af0.5_b0.2_d2_top2	0,1,2	0.8178403051959952	0.8165289256198346	247	62	49	59.63389727642086	0.8434847695904777	0.3333333333333333
split_rescue_p0.25_sx650_ani0.95_af0.5_b0.2_d5_top0	0,1,2	0.8178403051959952	0.8165289256198346	247	62	49	59.63389727642086	0.8434847695904777	0.3333333333333333
split_rescue_p0.25_sx650_ani0.95_af0.5_b0.2_d5_top1	0,1,2	0.8178403051959952	0.8165289256198346	247	62	49	59.63389727642086	0.8434847695904777	0.3333333333333333
split_rescue_p0.25_sx650_ani0.95_af0.5_b0.2_d5_top2	0,1,2	0.8178403051959952	0.8165289256198346	247	62	49	59.63389727642086	0.8434847695904777	0.3333333333333333
split_rescue_p0.25_sx650_ani0.95_af0.5_b0.3_d1_top0	0,1,2	0.8178403051959952	0.8165289256198346	247	62	49	59.63389727642086	0.8434847695904777	0.3333333333333333
split_rescue_p0.25_sx650_ani0.95_af0.5_b0.3_d1_top1	0,1,2	0.8178403051959952	0.8165289256198346	247	62	49	59.63389727642086	0.8434847695904777	0.3333333333333333
split_rescue_p0.25_sx650_ani0.95_af0.5_b0.3_d1_top2	0,1,2	0.8178403051959952	0.8165289256198346	247	62	49	59.63389727642086	0.8434847695904777	0.3333333333333333
split_rescue_p0.25_sx650_ani0.95_af0.5_b0.3_d2_top0	0,1,2	0.8178403051959952	0.8165289256198346	247	62	49	59.63389727642086	0.8434847695904777	0.3333333333333333
split_rescue_p0.25_sx650_ani0.95_af0.5_b0.3_d2_top1	0,1,2	0.8178403051959952	0.8165289256198346	247	62	49	59.63389727642086	0.8434847695904777	0.3333333333333333
split_rescue_p0.25_sx650_ani0.95_af0.5_b0.3_d2_top2	0,1,2	0.8178403051959952	0.8165289256198346	247	62	49	59.63389727642086	0.8434847695904777	0.3333333333333333
split_rescue_p0.25_sx650_ani0.95_af0.5_b0.3_d5_top0	0,1,2	0.8178403051959952	0.8165289256198346	247	62	49	59.63389727642086	0.8434847695904777	0.3333333333333333
split_rescue_p0.25_sx650_ani0.95_af0.5_b0.3_d5_top1	0,1,2	0.8178403051959952	0.8165289256198346	247	62	49	59.63389727642086	0.8434847695904777	0.3333333333333333
split_rescue_p0.25_sx650_ani0.95_af0.5_b0.3_d5_top2	0,1,2	0.8178403051959952	0.8165289256198346	247	62	49	59.63389727642086	0.8434847695904777	0.3333333333333333
split_rescue_p0_sx300_ani0.93_af0.3_b0.2_d2_top0	0,1,2	0.8168970499179583	0.8154093097913323	254	73	42	53.29782856944723	0.8963131089947383	6.333333333333333
baseline_split_p025	0,1,2	0.8159567931704953	0.8145695364238409	246	62	50	61.28047178806421	0.8414495710431943	0.0
split_rescue_p0.02_sx650_ani0.93_af0.3_b0.45_d10_top0	0,1,2	0.8159567931704953	0.8145695364238409	246	62	50	61.28047178806421	0.8414495710431943	0.0
split_rescue_p0.02_sx650_ani0.93_af0.3_b0.45_d10_top1	0,1,2	0.8159567931704953	0.8145695364238409	246	62	50	61.28047178806421	0.8414495710431943	0.0
split_rescue_p0.02_sx650_ani0.93_af0.3_b0.45_d10_top2	0,1,2	0.8159567931704953	0.8145695364238409	246	62	50	61.28047178806421	0.8414495710431943	0.0
split_rescue_p0.02_sx650_ani0.93_af0.3_b0.45_d1_top0	0,1,2	0.8159567931704953	0.8145695364238409	246	62	50	61.28047178806421	0.8414495710431943	0.0
split_rescue_p0.02_sx650_ani0.93_af0.3_b0.45_d1_top1	0,1,2	0.8159567931704953	0.8145695364238409	246	62	50	61.28047178806421	0.8414495710431943	0.0
split_rescue_p0.02_sx650_ani0.93_af0.3_b0.45_d1_top2	0,1,2	0.8159567931704953	0.8145695364238409	246	62	50	61.28047178806421	0.8414495710431943	0.0
split_rescue_p0.02_sx650_ani0.93_af0.3_b0.45_d2_top0	0,1,2	0.8159567931704953	0.8145695364238409	246	62	50	61.28047178806421	0.8414495710431943	0.0
split_rescue_p0.02_sx650_ani0.93_af0.3_b0.45_d2_top1	0,1,2	0.8159567931704953	0.8145695364238409	246	62	50	61.28047178806421	0.8414495710431943	0.0
split_rescue_p0.02_sx650_ani0.93_af0.3_b0.45_d2_top2	0,1,2	0.8159567931704953	0.8145695364238409	246	62	50	61.28047178806421	0.8414495710431943	0.0
split_rescue_p0.02_sx650_ani0.93_af0.3_b0.45_d5_top0	0,1,2	0.8159567931704953	0.8145695364238409	246	62	50	61.28047178806421	0.8414495710431943	0.0
split_rescue_p0.02_sx650_ani0.93_af0.3_b0.45_d5_top1	0,1,2	0.8159567931704953	0.8145695364238409	246	62	50	61.28047178806421	0.8414495710431943	0.0
split_rescue_p0.02_sx650_ani0.93_af0.3_b0.45_d5_top2	0,1,2	0.8159567931704953	0.8145695364238409	246	62	50	61.28047178806421	0.8414495710431943	0.0
split_rescue_p0.02_sx650_ani0.93_af0.5_b0.45_d10_top0	0,1,2	0.8159567931704953	0.8145695364238409	246	62	50	61.28047178806421	0.8414495710431943	0.0
split_rescue_p0.02_sx650_ani0.93_af0.5_b0.45_d10_top1	0,1,2	0.8159567931704953	0.8145695364238409	246	62	50	61.28047178806421	0.8414495710431943	0.0
split_rescue_p0.02_sx650_ani0.93_af0.5_b0.45_d10_top2	0,1,2	0.8159567931704953	0.8145695364238409	246	62	50	61.28047178806421	0.8414495710431943	0.0
split_rescue_p0.02_sx650_ani0.93_af0.5_b0.45_d1_top0	0,1,2	0.8159567931704953	0.8145695364238409	246	62	50	61.28047178806421	0.8414495710431943	0.0
split_rescue_p0.02_sx650_ani0.93_af0.5_b0.45_d1_top1	0,1,2	0.8159567931704953	0.8145695364238409	246	62	50	61.28047178806421	0.8414495710431943	0.0
split_rescue_p0.02_sx650_ani0.93_af0.5_b0.45_d1_top2	0,1,2	0.8159567931704953	0.8145695364238409	246	62	50	61.28047178806421	0.8414495710431943	0.0
split_rescue_p0.02_sx650_ani0.93_af0.5_b0.45_d2_top0	0,1,2	0.8159567931704953	0.8145695364238409	246	62	50	61.28047178806421	0.8414495710431943	0.0
split_rescue_p0.02_sx650_ani0.93_af0.5_b0.45_d2_top1	0,1,2	0.8159567931704953	0.8145695364238409	246	62	50	61.28047178806421	0.8414495710431943	0.0
split_rescue_p0.02_sx650_ani0.93_af0.5_b0.45_d2_top2	0,1,2	0.8159567931704953	0.8145695364238409	246	62	50	61.28047178806421	0.8414495710431943	0.0
split_rescue_p0.02_sx650_ani0.93_af0.5_b0.45_d5_top0	0,1,2	0.8159567931704953	0.8145695364238409	246	62	50	61.28047178806421	0.8414495710431943	0.0
split_rescue_p0.02_sx650_ani0.93_af0.5_b0.45_d5_top1	0,1,2	0.8159567931704953	0.8145695364238409	246	62	50	61.28047178806421	0.8414495710431943	0.0
split_rescue_p0.02_sx650_ani0.93_af0.5_b0.45_d5_top2	0,1,2	0.8159567931704953	0.8145695364238409	246	62	50	61.28047178806421	0.8414495710431943	0.0
split_rescue_p0.02_sx650_ani0.95_af0.3_b0.45_d10_top0	0,1,2	0.8159567931704953	0.8145695364238409	246	62	50	61.28047178806421	0.8414495710431943	0.0
split_rescue_p0.02_sx650_ani0.95_af0.3_b0.45_d10_top1	0,1,2	0.8159567931704953	0.8145695364238409	246	62	50	61.28047178806421	0.8414495710431943	0.0
split_rescue_p0.02_sx650_ani0.95_af0.3_b0.45_d10_top2	0,1,2	0.8159567931704953	0.8145695364238409	246	62	50	61.28047178806421	0.8414495710431943	0.0
split_rescue_p0.02_sx650_ani0.95_af0.3_b0.45_d1_top0	0,1,2	0.8159567931704953	0.8145695364238409	246	62	50	61.28047178806421	0.8414495710431943	0.0
split_rescue_p0.02_sx650_ani0.95_af0.3_b0.45_d1_top1	0,1,2	0.8159567931704953	0.8145695364238409	246	62	50	61.28047178806421	0.8414495710431943	0.0
split_rescue_p0.02_sx650_ani0.95_af0.3_b0.45_d1_top2	0,1,2	0.8159567931704953	0.8145695364238409	246	62	50	61.28047178806421	0.8414495710431943	0.0
split_rescue_p0.02_sx650_ani0.95_af0.3_b0.45_d2_top0	0,1,2	0.8159567931704953	0.8145695364238409	246	62	50	61.28047178806421	0.8414495710431943	0.0
split_rescue_p0.02_sx650_ani0.95_af0.3_b0.45_d2_top1	0,1,2	0.8159567931704953	0.8145695364238409	246	62	50	61.28047178806421	0.8414495710431943	0.0
split_rescue_p0.02_sx650_ani0.95_af0.3_b0.45_d2_top2	0,1,2	0.8159567931704953	0.8145695364238409	246	62	50	61.28047178806421	0.8414495710431943	0.0
split_rescue_p0.02_sx650_ani0.95_af0.3_b0.45_d5_top0	0,1,2	0.8159567931704953	0.8145695364238409	246	62	50	61.28047178806421	0.8414495710431943	0.0
split_rescue_p0.02_sx650_ani0.95_af0.3_b0.45_d5_top1	0,1,2	0.8159567931704953	0.8145695364238409	246	62	50	61.28047178806421	0.8414495710431943	0.0
split_rescue_p0.02_sx650_ani0.95_af0.3_b0.45_d5_top2	0,1,2	0.8159567931704953	0.8145695364238409	246	62	50	61.28047178806421	0.8414495710431943	0.0
split_rescue_p0.02_sx650_ani0.95_af0.5_b0.45_d10_top0	0,1,2	0.8159567931704953	0.8145695364238409	246	62	50	61.28047178806421	0.8414495710431943	0.0
split_rescue_p0.02_sx650_ani0.95_af0.5_b0.45_d10_top1	0,1,2	0.8159567931704953	0.8145695364238409	246	62	50	61.28047178806421	0.8414495710431943	0.0
split_rescue_p0.02_sx650_ani0.95_af0.5_b0.45_d10_top2	0,1,2	0.8159567931704953	0.8145695364238409	246	62	50	61.28047178806421	0.8414495710431943	0.0
split_rescue_p0.02_sx650_ani0.95_af0.5_b0.45_d1_top0	0,1,2	0.8159567931704953	0.8145695364238409	246	62	50	61.28047178806421	0.8414495710431943	0.0
split_rescue_p0.02_sx650_ani0.95_af0.5_b0.45_d1_top1	0,1,2	0.8159567931704953	0.8145695364238409	246	62	50	61.28047178806421	0.8414495710431943	0.0
split_rescue_p0.02_sx650_ani0.95_af0.5_b0.45_d1_top2	0,1,2	0.8159567931704953	0.8145695364238409	246	62	50	61.28047178806421	0.8414495710431943	0.0
split_rescue_p0.02_sx650_ani0.95_af0.5_b0.45_d2_top0	0,1,2	0.8159567931704953	0.8145695364238409	246	62	50	61.28047178806421	0.8414495710431943	0.0
split_rescue_p0.02_sx650_ani0.95_af0.5_b0.45_d2_top1	0,1,2	0.8159567931704953	0.8145695364238409	246	62	50	61.28047178806421	0.8414495710431943	0.0
split_rescue_p0.02_sx650_ani0.95_af0.5_b0.45_d2_top2	0,1,2	0.8159567931704953	0.8145695364238409	246	62	50	61.28047178806421	0.8414495710431943	0.0
split_rescue_p0.02_sx650_ani0.95_af0.5_b0.45_d5_top0	0,1,2	0.8159567931704953	0.8145695364238409	246	62	50	61.28047178806421	0.8414495710431943	0.0
split_rescue_p0.02_sx650_ani0.95_af0.5_b0.45_d5_top1	0,1,2	0.8159567931704953	0.8145695364238409	246	62	50	61.28047178806421	0.8414495710431943	0.0
split_rescue_p0.02_sx650_ani0.95_af0.5_b0.45_d5_top2	0,1,2	0.8159567931704953	0.8145695364238409	246	62	50	61.28047178806421	0.8414495710431943	0.0
split_rescue_p0.05_sx650_ani0.93_af0.3_b0.35_d10_top0	0,1,2	0.8159567931704953	0.8145695364238409	246	62	50	61.28047178806421	0.8414495710431943	0.0
split_rescue_p0.05_sx650_ani0.93_af0.3_b0.35_d10_top1	0,1,2	0.8159567931704953	0.8145695364238409	246	62	50	61.28047178806421	0.8414495710431943	0.0
split_rescue_p0.05_sx650_ani0.93_af0.3_b0.35_d10_top2	0,1,2	0.8159567931704953	0.8145695364238409	246	62	50	61.28047178806421	0.8414495710431943	0.0
split_rescue_p0.05_sx650_ani0.93_af0.3_b0.35_d1_top0	0,1,2	0.8159567931704953	0.8145695364238409	246	62	50	61.28047178806421	0.8414495710431943	0.0
split_rescue_p0.05_sx650_ani0.93_af0.3_b0.35_d1_top1	0,1,2	0.8159567931704953	0.8145695364238409	246	62	50	61.28047178806421	0.8414495710431943	0.0
split_rescue_p0.05_sx650_ani0.93_af0.3_b0.35_d1_top2	0,1,2	0.8159567931704953	0.8145695364238409	246	62	50	61.28047178806421	0.8414495710431943	0.0
split_rescue_p0.05_sx650_ani0.93_af0.3_b0.35_d2_top0	0,1,2	0.8159567931704953	0.8145695364238409	246	62	50	61.28047178806421	0.8414495710431943	0.0
split_rescue_p0.05_sx650_ani0.93_af0.3_b0.35_d2_top1	0,1,2	0.8159567931704953	0.8145695364238409	246	62	50	61.28047178806421	0.8414495710431943	0.0
split_rescue_p0.05_sx650_ani0.93_af0.3_b0.35_d2_top2	0,1,2	0.8159567931704953	0.8145695364238409	246	62	50	61.28047178806421	0.8414495710431943	0.0
split_rescue_p0.05_sx650_ani0.93_af0.3_b0.35_d5_top0	0,1,2	0.8159567931704953	0.8145695364238409	246	62	50	61.28047178806421	0.8414495710431943	0.0
split_rescue_p0.05_sx650_ani0.93_af0.3_b0.35_d5_top1	0,1,2	0.8159567931704953	0.8145695364238409	246	62	50	61.28047178806421	0.8414495710431943	0.0
split_rescue_p0.05_sx650_ani0.93_af0.3_b0.35_d5_top2	0,1,2	0.8159567931704953	0.8145695364238409	246	62	50	61.28047178806421	0.8414495710431943	0.0
split_rescue_p0.05_sx650_ani0.93_af0.3_b0.45_d10_top0	0,1,2	0.8159567931704953	0.8145695364238409	246	62	50	61.28047178806421	0.8414495710431943	0.0
split_rescue_p0.05_sx650_ani0.93_af0.3_b0.45_d10_top1	0,1,2	0.8159567931704953	0.8145695364238409	246	62	50	61.28047178806421	0.8414495710431943	0.0
split_rescue_p0.05_sx650_ani0.93_af0.3_b0.45_d10_top2	0,1,2	0.8159567931704953	0.8145695364238409	246	62	50	61.28047178806421	0.8414495710431943	0.0
split_rescue_p0.05_sx650_ani0.93_af0.3_b0.45_d1_top0	0,1,2	0.8159567931704953	0.8145695364238409	246	62	50	61.28047178806421	0.8414495710431943	0.0
split_rescue_p0.05_sx650_ani0.93_af0.3_b0.45_d1_top1	0,1,2	0.8159567931704953	0.8145695364238409	246	62	50	61.28047178806421	0.8414495710431943	0.0
split_rescue_p0.05_sx650_ani0.93_af0.3_b0.45_d1_top2	0,1,2	0.8159567931704953	0.8145695364238409	246	62	50	61.28047178806421	0.8414495710431943	0.0
split_rescue_p0.05_sx650_ani0.93_af0.3_b0.45_d2_top0	0,1,2	0.8159567931704953	0.8145695364238409	246	62	50	61.28047178806421	0.8414495710431943	0.0
split_rescue_p0.05_sx650_ani0.93_af0.3_b0.45_d2_top1	0,1,2	0.8159567931704953	0.8145695364238409	246	62	50	61.28047178806421	0.8414495710431943	0.0
split_rescue_p0.05_sx650_ani0.93_af0.3_b0.45_d2_top2	0,1,2	0.8159567931704953	0.8145695364238409	246	62	50	61.28047178806421	0.8414495710431943	0.0
split_rescue_p0.05_sx650_ani0.93_af0.3_b0.45_d5_top0	0,1,2	0.8159567931704953	0.8145695364238409	246	62	50	61.28047178806421	0.8414495710431943	0.0
split_rescue_p0.05_sx650_ani0.93_af0.3_b0.45_d5_top1	0,1,2	0.8159567931704953	0.8145695364238409	246	62	50	61.28047178806421	0.8414495710431943	0.0
split_rescue_p0.05_sx650_ani0.93_af0.3_b0.45_d5_top2	0,1,2	0.8159567931704953	0.8145695364238409	246	62	50	61.28047178806421	0.8414495710431943	0.0
split_rescue_p0.05_sx650_ani0.93_af0.5_b0.35_d10_top0	0,1,2	0.8159567931704953	0.8145695364238409	246	62	50	61.28047178806421	0.8414495710431943	0.0
split_rescue_p0.05_sx650_ani0.93_af0.5_b0.35_d10_top1	0,1,2	0.8159567931704953	0.8145695364238409	246	62	50	61.28047178806421	0.8414495710431943	0.0
split_rescue_p0.05_sx650_ani0.93_af0.5_b0.35_d10_top2	0,1,2	0.8159567931704953	0.8145695364238409	246	62	50	61.28047178806421	0.8414495710431943	0.0
split_rescue_p0.05_sx650_ani0.93_af0.5_b0.35_d1_top0	0,1,2	0.8159567931704953	0.8145695364238409	246	62	50	61.28047178806421	0.8414495710431943	0.0
split_rescue_p0.05_sx650_ani0.93_af0.5_b0.35_d1_top1	0,1,2	0.8159567931704953	0.8145695364238409	246	62	50	61.28047178806421	0.8414495710431943	0.0
split_rescue_p0.05_sx650_ani0.93_af0.5_b0.35_d1_top2	0,1,2	0.8159567931704953	0.8145695364238409	246	62	50	61.28047178806421	0.8414495710431943	0.0
split_rescue_p0.05_sx650_ani0.93_af0.5_b0.35_d2_top0	0,1,2	0.8159567931704953	0.8145695364238409	246	62	50	61.28047178806421	0.8414495710431943	0.0
split_rescue_p0.05_sx650_ani0.93_af0.5_b0.35_d2_top1	0,1,2	0.8159567931704953	0.8145695364238409	246	62	50	61.28047178806421	0.8414495710431943	0.0
split_rescue_p0.05_sx650_ani0.93_af0.5_b0.35_d2_top2	0,1,2	0.8159567931704953	0.8145695364238409	246	62	50	61.28047178806421	0.8414495710431943	0.0
split_rescue_p0.05_sx650_ani0.93_af0.5_b0.35_d5_top0	0,1,2	0.8159567931704953	0.8145695364238409	246	62	50	61.28047178806421	0.8414495710431943	0.0
split_rescue_p0.05_sx650_ani0.93_af0.5_b0.35_d5_top1	0,1,2	0.8159567931704953	0.8145695364238409	246	62	50	61.28047178806421	0.8414495710431943	0.0
split_rescue_p0.05_sx650_ani0.93_af0.5_b0.35_d5_top2	0,1,2	0.8159567931704953	0.8145695364238409	246	62	50	61.28047178806421	0.8414495710431943	0.0
split_rescue_p0.05_sx650_ani0.93_af0.5_b0.45_d10_top0	0,1,2	0.8159567931704953	0.8145695364238409	246	62	50	61.28047178806421	0.8414495710431943	0.0
split_rescue_p0.05_sx650_ani0.93_af0.5_b0.45_d10_top1	0,1,2	0.8159567931704953	0.8145695364238409	246	62	50	61.28047178806421	0.8414495710431943	0.0
split_rescue_p0.05_sx650_ani0.93_af0.5_b0.45_d10_top2	0,1,2	0.8159567931704953	0.8145695364238409	246	62	50	61.28047178806421	0.8414495710431943	0.0
split_rescue_p0.05_sx650_ani0.93_af0.5_b0.45_d1_top0	0,1,2	0.8159567931704953	0.8145695364238409	246	62	50	61.28047178806421	0.8414495710431943	0.0
split_rescue_p0.05_sx650_ani0.93_af0.5_b0.45_d1_top1	0,1,2	0.8159567931704953	0.8145695364238409	246	62	50	61.28047178806421	0.8414495710431943	0.0
split_rescue_p0.05_sx650_ani0.93_af0.5_b0.45_d1_top2	0,1,2	0.8159567931704953	0.8145695364238409	246	62	50	61.28047178806421	0.8414495710431943	0.0
split_rescue_p0.05_sx650_ani0.93_af0.5_b0.45_d2_top0	0,1,2	0.8159567931704953	0.8145695364238409	246	62	50	61.28047178806421	0.8414495710431943	0.0
split_rescue_p0.05_sx650_ani0.93_af0.5_b0.45_d2_top1	0,1,2	0.8159567931704953	0.8145695364238409	246	62	50	61.28047178806421	0.8414495710431943	0.0
split_rescue_p0.05_sx650_ani0.93_af0.5_b0.45_d2_top2	0,1,2	0.8159567931704953	0.8145695364238409	246	62	50	61.28047178806421	0.8414495710431943	0.0
split_rescue_p0.05_sx650_ani0.93_af0.5_b0.45_d5_top0	0,1,2	0.8159567931704953	0.8145695364238409	246	62	50	61.28047178806421	0.8414495710431943	0.0
split_rescue_p0.05_sx650_ani0.93_af0.5_b0.45_d5_top1	0,1,2	0.8159567931704953	0.8145695364238409	246	62	50	61.28047178806421	0.8414495710431943	0.0
split_rescue_p0.05_sx650_ani0.93_af0.5_b0.45_d5_top2	0,1,2	0.8159567931704953	0.8145695364238409	246	62	50	61.28047178806421	0.8414495710431943	0.0
split_rescue_p0.05_sx650_ani0.95_af0.3_b0.35_d10_top0	0,1,2	0.8159567931704953	0.8145695364238409	246	62	50	61.28047178806421	0.8414495710431943	0.0
split_rescue_p0.05_sx650_ani0.95_af0.3_b0.35_d10_top1	0,1,2	0.8159567931704953	0.8145695364238409	246	62	50	61.28047178806421	0.8414495710431943	0.0
split_rescue_p0.05_sx650_ani0.95_af0.3_b0.35_d10_top2	0,1,2	0.8159567931704953	0.8145695364238409	246	62	50	61.28047178806421	0.8414495710431943	0.0
split_rescue_p0.05_sx650_ani0.95_af0.3_b0.35_d1_top0	0,1,2	0.8159567931704953	0.8145695364238409	246	62	50	61.28047178806421	0.8414495710431943	0.0
split_rescue_p0.05_sx650_ani0.95_af0.3_b0.35_d1_top1	0,1,2	0.8159567931704953	0.8145695364238409	246	62	50	61.28047178806421	0.8414495710431943	0.0
split_rescue_p0.05_sx650_ani0.95_af0.3_b0.35_d1_top2	0,1,2	0.8159567931704953	0.8145695364238409	246	62	50	61.28047178806421	0.8414495710431943	0.0
split_rescue_p0.05_sx650_ani0.95_af0.3_b0.35_d2_top0	0,1,2	0.8159567931704953	0.8145695364238409	246	62	50	61.28047178806421	0.8414495710431943	0.0
split_rescue_p0.05_sx650_ani0.95_af0.3_b0.35_d2_top1	0,1,2	0.8159567931704953	0.8145695364238409	246	62	50	61.28047178806421	0.8414495710431943	0.0
split_rescue_p0.05_sx650_ani0.95_af0.3_b0.35_d2_top2	0,1,2	0.8159567931704953	0.8145695364238409	246	62	50	61.28047178806421	0.8414495710431943	0.0
split_rescue_p0.05_sx650_ani0.95_af0.3_b0.35_d5_top0	0,1,2	0.8159567931704953	0.8145695364238409	246	62	50	61.28047178806421	0.8414495710431943	0.0
split_rescue_p0.05_sx650_ani0.95_af0.3_b0.35_d5_top1	0,1,2	0.8159567931704953	0.8145695364238409	246	62	50	61.28047178806421	0.8414495710431943	0.0
split_rescue_p0.05_sx650_ani0.95_af0.3_b0.35_d5_top2	0,1,2	0.8159567931704953	0.8145695364238409	246	62	50	61.28047178806421	0.8414495710431943	0.0
split_rescue_p0.05_sx650_ani0.95_af0.3_b0.45_d10_top0	0,1,2	0.8159567931704953	0.8145695364238409	246	62	50	61.28047178806421	0.8414495710431943	0.0
split_rescue_p0.05_sx650_ani0.95_af0.3_b0.45_d10_top1	0,1,2	0.8159567931704953	0.8145695364238409	246	62	50	61.28047178806421	0.8414495710431943	0.0
split_rescue_p0.05_sx650_ani0.95_af0.3_b0.45_d10_top2	0,1,2	0.8159567931704953	0.8145695364238409	246	62	50	61.28047178806421	0.8414495710431943	0.0
split_rescue_p0.05_sx650_ani0.95_af0.3_b0.45_d1_top0	0,1,2	0.8159567931704953	0.8145695364238409	246	62	50	61.28047178806421	0.8414495710431943	0.0
split_rescue_p0.05_sx650_ani0.95_af0.3_b0.45_d1_top1	0,1,2	0.8159567931704953	0.8145695364238409	246	62	50	61.28047178806421	0.8414495710431943	0.0
split_rescue_p0.05_sx650_ani0.95_af0.3_b0.45_d1_top2	0,1,2	0.8159567931704953	0.8145695364238409	246	62	50	61.28047178806421	0.8414495710431943	0.0
split_rescue_p0.05_sx650_ani0.95_af0.3_b0.45_d2_top0	0,1,2	0.8159567931704953	0.8145695364238409	246	62	50	61.28047178806421	0.8414495710431943	0.0
split_rescue_p0.05_sx650_ani0.95_af0.3_b0.45_d2_top1	0,1,2	0.8159567931704953	0.8145695364238409	246	62	50	61.28047178806421	0.8414495710431943	0.0
split_rescue_p0.05_sx650_ani0.95_af0.3_b0.45_d2_top2	0,1,2	0.8159567931704953	0.8145695364238409	246	62	50	61.28047178806421	0.8414495710431943	0.0
split_rescue_p0.05_sx650_ani0.95_af0.3_b0.45_d5_top0	0,1,2	0.8159567931704953	0.8145695364238409	246	62	50	61.28047178806421	0.8414495710431943	0.0
split_rescue_p0.05_sx650_ani0.95_af0.3_b0.45_d5_top1	0,1,2	0.8159567931704953	0.8145695364238409	246	62	50	61.28047178806421	0.8414495710431943	0.0
split_rescue_p0.05_sx650_ani0.95_af0.3_b0.45_d5_top2	0,1,2	0.8159567931704953	0.8145695364238409	246	62	50	61.28047178806421	0.8414495710431943	0.0
split_rescue_p0.05_sx650_ani0.95_af0.5_b0.35_d10_top0	0,1,2	0.8159567931704953	0.8145695364238409	246	62	50	61.28047178806421	0.8414495710431943	0.0
split_rescue_p0.05_sx650_ani0.95_af0.5_b0.35_d10_top1	0,1,2	0.8159567931704953	0.8145695364238409	246	62	50	61.28047178806421	0.8414495710431943	0.0
split_rescue_p0.05_sx650_ani0.95_af0.5_b0.35_d10_top2	0,1,2	0.8159567931704953	0.8145695364238409	246	62	50	61.28047178806421	0.8414495710431943	0.0
split_rescue_p0.05_sx650_ani0.95_af0.5_b0.35_d1_top0	0,1,2	0.8159567931704953	0.8145695364238409	246	62	50	61.28047178806421	0.8414495710431943	0.0
split_rescue_p0.05_sx650_ani0.95_af0.5_b0.35_d1_top1	0,1,2	0.8159567931704953	0.8145695364238409	246	62	50	61.28047178806421	0.8414495710431943	0.0
split_rescue_p0.05_sx650_ani0.95_af0.5_b0.35_d1_top2	0,1,2	0.8159567931704953	0.8145695364238409	246	62	50	61.28047178806421	0.8414495710431943	0.0
split_rescue_p0.05_sx650_ani0.95_af0.5_b0.35_d2_top0	0,1,2	0.8159567931704953	0.8145695364238409	246	62	50	61.28047178806421	0.8414495710431943	0.0
split_rescue_p0.05_sx650_ani0.95_af0.5_b0.35_d2_top1	0,1,2	0.8159567931704953	0.8145695364238409	246	62	50	61.28047178806421	0.8414495710431943	0.0
split_rescue_p0.05_sx650_ani0.95_af0.5_b0.35_d2_top2	0,1,2	0.8159567931704953	0.8145695364238409	246	62	50	61.28047178806421	0.8414495710431943	0.0
split_rescue_p0.05_sx650_ani0.95_af0.5_b0.35_d5_top0	0,1,2	0.8159567931704953	0.8145695364238409	246	62	50	61.28047178806421	0.8414495710431943	0.0
split_rescue_p0.05_sx650_ani0.95_af0.5_b0.35_d5_top1	0,1,2	0.8159567931704953	0.8145695364238409	246	62	50	61.28047178806421	0.8414495710431943	0.0
split_rescue_p0.05_sx650_ani0.95_af0.5_b0.35_d5_top2	0,1,2	0.8159567931704953	0.8145695364238409	246	62	50	61.28047178806421	0.8414495710431943	0.0
split_rescue_p0.05_sx650_ani0.95_af0.5_b0.45_d10_top0	0,1,2	0.8159567931704953	0.8145695364238409	246	62	50	61.28047178806421	0.8414495710431943	0.0
split_rescue_p0.05_sx650_ani0.95_af0.5_b0.45_d10_top1	0,1,2	0.8159567931704953	0.8145695364238409	246	62	50	61.28047178806421	0.8414495710431943	0.0
split_rescue_p0.05_sx650_ani0.95_af0.5_b0.45_d10_top2	0,1,2	0.8159567931704953	0.8145695364238409	246	62	50	61.28047178806421	0.8414495710431943	0.0
split_rescue_p0.05_sx650_ani0.95_af0.5_b0.45_d1_top0	0,1,2	0.8159567931704953	0.8145695364238409	246	62	50	61.28047178806421	0.8414495710431943	0.0
split_rescue_p0.05_sx650_ani0.95_af0.5_b0.45_d1_top1	0,1,2	0.8159567931704953	0.8145695364238409	246	62	50	61.28047178806421	0.8414495710431943	0.0
split_rescue_p0.05_sx650_ani0.95_af0.5_b0.45_d1_top2	0,1,2	0.8159567931704953	0.8145695364238409	246	62	50	61.28047178806421	0.8414495710431943	0.0
split_rescue_p0.05_sx650_ani0.95_af0.5_b0.45_d2_top0	0,1,2	0.8159567931704953	0.8145695364238409	246	62	50	61.28047178806421	0.8414495710431943	0.0
split_rescue_p0.05_sx650_ani0.95_af0.5_b0.45_d2_top1	0,1,2	0.8159567931704953	0.8145695364238409	246	62	50	61.28047178806421	0.8414495710431943	0.0
split_rescue_p0.05_sx650_ani0.95_af0.5_b0.45_d2_top2	0,1,2	0.8159567931704953	0.8145695364238409	246	62	50	61.28047178806421	0.8414495710431943	0.0
split_rescue_p0.05_sx650_ani0.95_af0.5_b0.45_d5_top0	0,1,2	0.8159567931704953	0.8145695364238409	246	62	50	61.28047178806421	0.8414495710431943	0.0
split_rescue_p0.05_sx650_ani0.95_af0.5_b0.45_d5_top1	0,1,2	0.8159567931704953	0.8145695364238409	246	62	50	61.28047178806421	0.8414495710431943	0.0
split_rescue_p0.05_sx650_ani0.95_af0.5_b0.45_d5_top2	0,1,2	0.8159567931704953	0.8145695364238409	246	62	50	61.28047178806421	0.8414495710431943	0.0
split_rescue_p0.1_sx650_ani0.93_af0.3_b0.35_d10_top0	0,1,2	0.8159567931704953	0.8145695364238409	246	62	50	61.28047178806421	0.8414495710431943	0.0
split_rescue_p0.1_sx650_ani0.93_af0.3_b0.35_d10_top1	0,1,2	0.8159567931704953	0.8145695364238409	246	62	50	61.28047178806421	0.8414495710431943	0.0
split_rescue_p0.1_sx650_ani0.93_af0.3_b0.35_d10_top2	0,1,2	0.8159567931704953	0.8145695364238409	246	62	50	61.28047178806421	0.8414495710431943	0.0
split_rescue_p0.1_sx650_ani0.93_af0.3_b0.35_d1_top0	0,1,2	0.8159567931704953	0.8145695364238409	246	62	50	61.28047178806421	0.8414495710431943	0.0
split_rescue_p0.1_sx650_ani0.93_af0.3_b0.35_d1_top1	0,1,2	0.8159567931704953	0.8145695364238409	246	62	50	61.28047178806421	0.8414495710431943	0.0
split_rescue_p0.1_sx650_ani0.93_af0.3_b0.35_d1_top2	0,1,2	0.8159567931704953	0.8145695364238409	246	62	50	61.28047178806421	0.8414495710431943	0.0
split_rescue_p0.1_sx650_ani0.93_af0.3_b0.35_d2_top0	0,1,2	0.8159567931704953	0.8145695364238409	246	62	50	61.28047178806421	0.8414495710431943	0.0
split_rescue_p0.1_sx650_ani0.93_af0.3_b0.35_d2_top1	0,1,2	0.8159567931704953	0.8145695364238409	246	62	50	61.28047178806421	0.8414495710431943	0.0
split_rescue_p0.1_sx650_ani0.93_af0.3_b0.35_d2_top2	0,1,2	0.8159567931704953	0.8145695364238409	246	62	50	61.28047178806421	0.8414495710431943	0.0
split_rescue_p0.1_sx650_ani0.93_af0.3_b0.35_d5_top0	0,1,2	0.8159567931704953	0.8145695364238409	246	62	50	61.28047178806421	0.8414495710431943	0.0
split_rescue_p0.1_sx650_ani0.93_af0.3_b0.35_d5_top1	0,1,2	0.8159567931704953	0.8145695364238409	246	62	50	61.28047178806421	0.8414495710431943	0.0
split_rescue_p0.1_sx650_ani0.93_af0.3_b0.35_d5_top2	0,1,2	0.8159567931704953	0.8145695364238409	246	62	50	61.28047178806421	0.8414495710431943	0.0
split_rescue_p0.1_sx650_ani0.93_af0.3_b0.45_d10_top0	0,1,2	0.8159567931704953	0.8145695364238409	246	62	50	61.28047178806421	0.8414495710431943	0.0
split_rescue_p0.1_sx650_ani0.93_af0.3_b0.45_d10_top1	0,1,2	0.8159567931704953	0.8145695364238409	246	62	50	61.28047178806421	0.8414495710431943	0.0
split_rescue_p0.1_sx650_ani0.93_af0.3_b0.45_d10_top2	0,1,2	0.8159567931704953	0.8145695364238409	246	62	50	61.28047178806421	0.8414495710431943	0.0
split_rescue_p0.1_sx650_ani0.93_af0.3_b0.45_d1_top0	0,1,2	0.8159567931704953	0.8145695364238409	246	62	50	61.28047178806421	0.8414495710431943	0.0
split_rescue_p0.1_sx650_ani0.93_af0.3_b0.45_d1_top1	0,1,2	0.8159567931704953	0.8145695364238409	246	62	50	61.28047178806421	0.8414495710431943	0.0
split_rescue_p0.1_sx650_ani0.93_af0.3_b0.45_d1_top2	0,1,2	0.8159567931704953	0.8145695364238409	246	62	50	61.28047178806421	0.8414495710431943	0.0
split_rescue_p0.1_sx650_ani0.93_af0.3_b0.45_d2_top0	0,1,2	0.8159567931704953	0.8145695364238409	246	62	50	61.28047178806421	0.8414495710431943	0.0
split_rescue_p0.1_sx650_ani0.93_af0.3_b0.45_d2_top1	0,1,2	0.8159567931704953	0.8145695364238409	246	62	50	61.28047178806421	0.8414495710431943	0.0
split_rescue_p0.1_sx650_ani0.93_af0.3_b0.45_d2_top2	0,1,2	0.8159567931704953	0.8145695364238409	246	62	50	61.28047178806421	0.8414495710431943	0.0
split_rescue_p0.1_sx650_ani0.93_af0.3_b0.45_d5_top0	0,1,2	0.8159567931704953	0.8145695364238409	246	62	50	61.28047178806421	0.8414495710431943	0.0
split_rescue_p0.1_sx650_ani0.93_af0.3_b0.45_d5_top1	0,1,2	0.8159567931704953	0.8145695364238409	246	62	50	61.28047178806421	0.8414495710431943	0.0
split_rescue_p0.1_sx650_ani0.93_af0.3_b0.45_d5_top2	0,1,2	0.8159567931704953	0.8145695364238409	246	62	50	61.28047178806421	0.8414495710431943	0.0
split_rescue_p0.1_sx650_ani0.93_af0.5_b0.35_d10_top0	0,1,2	0.8159567931704953	0.8145695364238409	246	62	50	61.28047178806421	0.8414495710431943	0.0
split_rescue_p0.1_sx650_ani0.93_af0.5_b0.35_d10_top1	0,1,2	0.8159567931704953	0.8145695364238409	246	62	50	61.28047178806421	0.8414495710431943	0.0
split_rescue_p0.1_sx650_ani0.93_af0.5_b0.35_d10_top2	0,1,2	0.8159567931704953	0.8145695364238409	246	62	50	61.28047178806421	0.8414495710431943	0.0
split_rescue_p0.1_sx650_ani0.93_af0.5_b0.35_d1_top0	0,1,2	0.8159567931704953	0.8145695364238409	246	62	50	61.28047178806421	0.8414495710431943	0.0
split_rescue_p0.1_sx650_ani0.93_af0.5_b0.35_d1_top1	0,1,2	0.8159567931704953	0.8145695364238409	246	62	50	61.28047178806421	0.8414495710431943	0.0
split_rescue_p0.1_sx650_ani0.93_af0.5_b0.35_d1_top2	0,1,2	0.8159567931704953	0.8145695364238409	246	62	50	61.28047178806421	0.8414495710431943	0.0
split_rescue_p0.1_sx650_ani0.93_af0.5_b0.35_d2_top0	0,1,2	0.8159567931704953	0.8145695364238409	246	62	50	61.28047178806421	0.8414495710431943	0.0
split_rescue_p0.1_sx650_ani0.93_af0.5_b0.35_d2_top1	0,1,2	0.8159567931704953	0.8145695364238409	246	62	50	61.28047178806421	0.8414495710431943	0.0
split_rescue_p0.1_sx650_ani0.93_af0.5_b0.35_d2_top2	0,1,2	0.8159567931704953	0.8145695364238409	246	62	50	61.28047178806421	0.8414495710431943	0.0
split_rescue_p0.1_sx650_ani0.93_af0.5_b0.35_d5_top0	0,1,2	0.8159567931704953	0.8145695364238409	246	62	50	61.28047178806421	0.8414495710431943	0.0
split_rescue_p0.1_sx650_ani0.93_af0.5_b0.35_d5_top1	0,1,2	0.8159567931704953	0.8145695364238409	246	62	50	61.28047178806421	0.8414495710431943	0.0
split_rescue_p0.1_sx650_ani0.93_af0.5_b0.35_d5_top2	0,1,2	0.8159567931704953	0.8145695364238409	246	62	50	61.28047178806421	0.8414495710431943	0.0
split_rescue_p0.1_sx650_ani0.93_af0.5_b0.45_d10_top0	0,1,2	0.8159567931704953	0.8145695364238409	246	62	50	61.28047178806421	0.8414495710431943	0.0
split_rescue_p0.1_sx650_ani0.93_af0.5_b0.45_d10_top1	0,1,2	0.8159567931704953	0.8145695364238409	246	62	50	61.28047178806421	0.8414495710431943	0.0
split_rescue_p0.1_sx650_ani0.93_af0.5_b0.45_d10_top2	0,1,2	0.8159567931704953	0.8145695364238409	246	62	50	61.28047178806421	0.8414495710431943	0.0
split_rescue_p0.1_sx650_ani0.93_af0.5_b0.45_d1_top0	0,1,2	0.8159567931704953	0.8145695364238409	246	62	50	61.28047178806421	0.8414495710431943	0.0
split_rescue_p0.1_sx650_ani0.93_af0.5_b0.45_d1_top1	0,1,2	0.8159567931704953	0.8145695364238409	246	62	50	61.28047178806421	0.8414495710431943	0.0
split_rescue_p0.1_sx650_ani0.93_af0.5_b0.45_d1_top2	0,1,2	0.8159567931704953	0.8145695364238409	246	62	50	61.28047178806421	0.8414495710431943	0.0
split_rescue_p0.1_sx650_ani0.93_af0.5_b0.45_d2_top0	0,1,2	0.8159567931704953	0.8145695364238409	246	62	50	61.28047178806421	0.8414495710431943	0.0
split_rescue_p0.1_sx650_ani0.93_af0.5_b0.45_d2_top1	0,1,2	0.8159567931704953	0.8145695364238409	246	62	50	61.28047178806421	0.8414495710431943	0.0
split_rescue_p0.1_sx650_ani0.93_af0.5_b0.45_d2_top2	0,1,2	0.8159567931704953	0.8145695364238409	246	62	50	61.28047178806421	0.8414495710431943	0.0
split_rescue_p0.1_sx650_ani0.93_af0.5_b0.45_d5_top0	0,1,2	0.8159567931704953	0.8145695364238409	246	62	50	61.28047178806421	0.8414495710431943	0.0
split_rescue_p0.1_sx650_ani0.93_af0.5_b0.45_d5_top1	0,1,2	0.8159567931704953	0.8145695364238409	246	62	50	61.28047178806421	0.8414495710431943	0.0
split_rescue_p0.1_sx650_ani0.93_af0.5_b0.45_d5_top2	0,1,2	0.8159567931704953	0.8145695364238409	246	62	50	61.28047178806421	0.8414495710431943	0.0
split_rescue_p0.1_sx650_ani0.95_af0.3_b0.35_d10_top0	0,1,2	0.8159567931704953	0.8145695364238409	246	62	50	61.28047178806421	0.8414495710431943	0.0
split_rescue_p0.1_sx650_ani0.95_af0.3_b0.35_d10_top1	0,1,2	0.8159567931704953	0.8145695364238409	246	62	50	61.28047178806421	0.8414495710431943	0.0
split_rescue_p0.1_sx650_ani0.95_af0.3_b0.35_d10_top2	0,1,2	0.8159567931704953	0.8145695364238409	246	62	50	61.28047178806421	0.8414495710431943	0.0
split_rescue_p0.1_sx650_ani0.95_af0.3_b0.35_d1_top0	0,1,2	0.8159567931704953	0.8145695364238409	246	62	50	61.28047178806421	0.8414495710431943	0.0
split_rescue_p0.1_sx650_ani0.95_af0.3_b0.35_d1_top1	0,1,2	0.8159567931704953	0.8145695364238409	246	62	50	61.28047178806421	0.8414495710431943	0.0
split_rescue_p0.1_sx650_ani0.95_af0.3_b0.35_d1_top2	0,1,2	0.8159567931704953	0.8145695364238409	246	62	50	61.28047178806421	0.8414495710431943	0.0
split_rescue_p0.1_sx650_ani0.95_af0.3_b0.35_d2_top0	0,1,2	0.8159567931704953	0.8145695364238409	246	62	50	61.28047178806421	0.8414495710431943	0.0
split_rescue_p0.1_sx650_ani0.95_af0.3_b0.35_d2_top1	0,1,2	0.8159567931704953	0.8145695364238409	246	62	50	61.28047178806421	0.8414495710431943	0.0
split_rescue_p0.1_sx650_ani0.95_af0.3_b0.35_d2_top2	0,1,2	0.8159567931704953	0.8145695364238409	246	62	50	61.28047178806421	0.8414495710431943	0.0
split_rescue_p0.1_sx650_ani0.95_af0.3_b0.35_d5_top0	0,1,2	0.8159567931704953	0.8145695364238409	246	62	50	61.28047178806421	0.8414495710431943	0.0
split_rescue_p0.1_sx650_ani0.95_af0.3_b0.35_d5_top1	0,1,2	0.8159567931704953	0.8145695364238409	246	62	50	61.28047178806421	0.8414495710431943	0.0
split_rescue_p0.1_sx650_ani0.95_af0.3_b0.35_d5_top2	0,1,2	0.8159567931704953	0.8145695364238409	246	62	50	61.28047178806421	0.8414495710431943	0.0
split_rescue_p0.1_sx650_ani0.95_af0.3_b0.45_d10_top0	0,1,2	0.8159567931704953	0.8145695364238409	246	62	50	61.28047178806421	0.8414495710431943	0.0
split_rescue_p0.1_sx650_ani0.95_af0.3_b0.45_d10_top1	0,1,2	0.8159567931704953	0.8145695364238409	246	62	50	61.28047178806421	0.8414495710431943	0.0
split_rescue_p0.1_sx650_ani0.95_af0.3_b0.45_d10_top2	0,1,2	0.8159567931704953	0.8145695364238409	246	62	50	61.28047178806421	0.8414495710431943	0.0
split_rescue_p0.1_sx650_ani0.95_af0.3_b0.45_d1_top0	0,1,2	0.8159567931704953	0.8145695364238409	246	62	50	61.28047178806421	0.8414495710431943	0.0
split_rescue_p0.1_sx650_ani0.95_af0.3_b0.45_d1_top1	0,1,2	0.8159567931704953	0.8145695364238409	246	62	50	61.28047178806421	0.8414495710431943	0.0
split_rescue_p0.1_sx650_ani0.95_af0.3_b0.45_d1_top2	0,1,2	0.8159567931704953	0.8145695364238409	246	62	50	61.28047178806421	0.8414495710431943	0.0
split_rescue_p0.1_sx650_ani0.95_af0.3_b0.45_d2_top0	0,1,2	0.8159567931704953	0.8145695364238409	246	62	50	61.28047178806421	0.8414495710431943	0.0
split_rescue_p0.1_sx650_ani0.95_af0.3_b0.45_d2_top1	0,1,2	0.8159567931704953	0.8145695364238409	246	62	50	61.28047178806421	0.8414495710431943	0.0
split_rescue_p0.1_sx650_ani0.95_af0.3_b0.45_d2_top2	0,1,2	0.8159567931704953	0.8145695364238409	246	62	50	61.28047178806421	0.8414495710431943	0.0
split_rescue_p0.1_sx650_ani0.95_af0.3_b0.45_d5_top0	0,1,2	0.8159567931704953	0.8145695364238409	246	62	50	61.28047178806421	0.8414495710431943	0.0
split_rescue_p0.1_sx650_ani0.95_af0.3_b0.45_d5_top1	0,1,2	0.8159567931704953	0.8145695364238409	246	62	50	61.28047178806421	0.8414495710431943	0.0
split_rescue_p0.1_sx650_ani0.95_af0.3_b0.45_d5_top2	0,1,2	0.8159567931704953	0.8145695364238409	246	62	50	61.28047178806421	0.8414495710431943	0.0
split_rescue_p0.1_sx650_ani0.95_af0.5_b0.35_d10_top0	0,1,2	0.8159567931704953	0.8145695364238409	246	62	50	61.28047178806421	0.8414495710431943	0.0
split_rescue_p0.1_sx650_ani0.95_af0.5_b0.35_d10_top1	0,1,2	0.8159567931704953	0.8145695364238409	246	62	50	61.28047178806421	0.8414495710431943	0.0
split_rescue_p0.1_sx650_ani0.95_af0.5_b0.35_d10_top2	0,1,2	0.8159567931704953	0.8145695364238409	246	62	50	61.28047178806421	0.8414495710431943	0.0
split_rescue_p0.1_sx650_ani0.95_af0.5_b0.35_d1_top0	0,1,2	0.8159567931704953	0.8145695364238409	246	62	50	61.28047178806421	0.8414495710431943	0.0
split_rescue_p0.1_sx650_ani0.95_af0.5_b0.35_d1_top1	0,1,2	0.8159567931704953	0.8145695364238409	246	62	50	61.28047178806421	0.8414495710431943	0.0
split_rescue_p0.1_sx650_ani0.95_af0.5_b0.35_d1_top2	0,1,2	0.8159567931704953	0.8145695364238409	246	62	50	61.28047178806421	0.8414495710431943	0.0
split_rescue_p0.1_sx650_ani0.95_af0.5_b0.35_d2_top0	0,1,2	0.8159567931704953	0.8145695364238409	246	62	50	61.28047178806421	0.8414495710431943	0.0
split_rescue_p0.1_sx650_ani0.95_af0.5_b0.35_d2_top1	0,1,2	0.8159567931704953	0.8145695364238409	246	62	50	61.28047178806421	0.8414495710431943	0.0
split_rescue_p0.1_sx650_ani0.95_af0.5_b0.35_d2_top2	0,1,2	0.8159567931704953	0.8145695364238409	246	62	50	61.28047178806421	0.8414495710431943	0.0
split_rescue_p0.1_sx650_ani0.95_af0.5_b0.35_d5_top0	0,1,2	0.8159567931704953	0.8145695364238409	246	62	50	61.28047178806421	0.8414495710431943	0.0
split_rescue_p0.1_sx650_ani0.95_af0.5_b0.35_d5_top1	0,1,2	0.8159567931704953	0.8145695364238409	246	62	50	61.28047178806421	0.8414495710431943	0.0
split_rescue_p0.1_sx650_ani0.95_af0.5_b0.35_d5_top2	0,1,2	0.8159567931704953	0.8145695364238409	246	62	50	61.28047178806421	0.8414495710431943	0.0
split_rescue_p0.1_sx650_ani0.95_af0.5_b0.45_d10_top0	0,1,2	0.8159567931704953	0.8145695364238409	246	62	50	61.28047178806421	0.8414495710431943	0.0
split_rescue_p0.1_sx650_ani0.95_af0.5_b0.45_d10_top1	0,1,2	0.8159567931704953	0.8145695364238409	246	62	50	61.28047178806421	0.8414495710431943	0.0
split_rescue_p0.1_sx650_ani0.95_af0.5_b0.45_d10_top2	0,1,2	0.8159567931704953	0.8145695364238409	246	62	50	61.28047178806421	0.8414495710431943	0.0
split_rescue_p0.1_sx650_ani0.95_af0.5_b0.45_d1_top0	0,1,2	0.8159567931704953	0.8145695364238409	246	62	50	61.28047178806421	0.8414495710431943	0.0
split_rescue_p0.1_sx650_ani0.95_af0.5_b0.45_d1_top1	0,1,2	0.8159567931704953	0.8145695364238409	246	62	50	61.28047178806421	0.8414495710431943	0.0
split_rescue_p0.1_sx650_ani0.95_af0.5_b0.45_d1_top2	0,1,2	0.8159567931704953	0.8145695364238409	246	62	50	61.28047178806421	0.8414495710431943	0.0
split_rescue_p0.1_sx650_ani0.95_af0.5_b0.45_d2_top0	0,1,2	0.8159567931704953	0.8145695364238409	246	62	50	61.28047178806421	0.8414495710431943	0.0
split_rescue_p0.1_sx650_ani0.95_af0.5_b0.45_d2_top1	0,1,2	0.8159567931704953	0.8145695364238409	246	62	50	61.28047178806421	0.8414495710431943	0.0
split_rescue_p0.1_sx650_ani0.95_af0.5_b0.45_d2_top2	0,1,2	0.8159567931704953	0.8145695364238409	246	62	50	61.28047178806421	0.8414495710431943	0.0
split_rescue_p0.1_sx650_ani0.95_af0.5_b0.45_d5_top0	0,1,2	0.8159567931704953	0.8145695364238409	246	62	50	61.28047178806421	0.8414495710431943	0.0
split_rescue_p0.1_sx650_ani0.95_af0.5_b0.45_d5_top1	0,1,2	0.8159567931704953	0.8145695364238409	246	62	50	61.28047178806421	0.8414495710431943	0.0
split_rescue_p0.1_sx650_ani0.95_af0.5_b0.45_d5_top2	0,1,2	0.8159567931704953	0.8145695364238409	246	62	50	61.28047178806421	0.8414495710431943	0.0
split_rescue_p0.25_sx650_ani0.93_af0.3_b0.2_d10_top0	0,1,2	0.8159567931704953	0.8145695364238409	246	62	50	61.28047178806421	0.8414495710431943	0.0
split_rescue_p0.25_sx650_ani0.93_af0.3_b0.2_d10_top1	0,1,2	0.8159567931704953	0.8145695364238409	246	62	50	61.28047178806421	0.8414495710431943	0.0
split_rescue_p0.25_sx650_ani0.93_af0.3_b0.2_d10_top2	0,1,2	0.8159567931704953	0.8145695364238409	246	62	50	61.28047178806421	0.8414495710431943	0.0
split_rescue_p0.25_sx650_ani0.93_af0.3_b0.35_d10_top0	0,1,2	0.8159567931704953	0.8145695364238409	246	62	50	61.28047178806421	0.8414495710431943	0.0
split_rescue_p0.25_sx650_ani0.93_af0.3_b0.35_d10_top1	0,1,2	0.8159567931704953	0.8145695364238409	246	62	50	61.28047178806421	0.8414495710431943	0.0
split_rescue_p0.25_sx650_ani0.93_af0.3_b0.35_d10_top2	0,1,2	0.8159567931704953	0.8145695364238409	246	62	50	61.28047178806421	0.8414495710431943	0.0
split_rescue_p0.25_sx650_ani0.93_af0.3_b0.35_d1_top0	0,1,2	0.8159567931704953	0.8145695364238409	246	62	50	61.28047178806421	0.8414495710431943	0.0
split_rescue_p0.25_sx650_ani0.93_af0.3_b0.35_d1_top1	0,1,2	0.8159567931704953	0.8145695364238409	246	62	50	61.28047178806421	0.8414495710431943	0.0
split_rescue_p0.25_sx650_ani0.93_af0.3_b0.35_d1_top2	0,1,2	0.8159567931704953	0.8145695364238409	246	62	50	61.28047178806421	0.8414495710431943	0.0
split_rescue_p0.25_sx650_ani0.93_af0.3_b0.35_d2_top0	0,1,2	0.8159567931704953	0.8145695364238409	246	62	50	61.28047178806421	0.8414495710431943	0.0
split_rescue_p0.25_sx650_ani0.93_af0.3_b0.35_d2_top1	0,1,2	0.8159567931704953	0.8145695364238409	246	62	50	61.28047178806421	0.8414495710431943	0.0
split_rescue_p0.25_sx650_ani0.93_af0.3_b0.35_d2_top2	0,1,2	0.8159567931704953	0.8145695364238409	246	62	50	61.28047178806421	0.8414495710431943	0.0
split_rescue_p0.25_sx650_ani0.93_af0.3_b0.35_d5_top0	0,1,2	0.8159567931704953	0.8145695364238409	246	62	50	61.28047178806421	0.8414495710431943	0.0
split_rescue_p0.25_sx650_ani0.93_af0.3_b0.35_d5_top1	0,1,2	0.8159567931704953	0.8145695364238409	246	62	50	61.28047178806421	0.8414495710431943	0.0
split_rescue_p0.25_sx650_ani0.93_af0.3_b0.35_d5_top2	0,1,2	0.8159567931704953	0.8145695364238409	246	62	50	61.28047178806421	0.8414495710431943	0.0
split_rescue_p0.25_sx650_ani0.93_af0.3_b0.3_d10_top0	0,1,2	0.8159567931704953	0.8145695364238409	246	62	50	61.28047178806421	0.8414495710431943	0.0
split_rescue_p0.25_sx650_ani0.93_af0.3_b0.3_d10_top1	0,1,2	0.8159567931704953	0.8145695364238409	246	62	50	61.28047178806421	0.8414495710431943	0.0
split_rescue_p0.25_sx650_ani0.93_af0.3_b0.3_d10_top2	0,1,2	0.8159567931704953	0.8145695364238409	246	62	50	61.28047178806421	0.8414495710431943	0.0
split_rescue_p0.25_sx650_ani0.93_af0.3_b0.45_d10_top0	0,1,2	0.8159567931704953	0.8145695364238409	246	62	50	61.28047178806421	0.8414495710431943	0.0
split_rescue_p0.25_sx650_ani0.93_af0.3_b0.45_d10_top1	0,1,2	0.8159567931704953	0.8145695364238409	246	62	50	61.28047178806421	0.8414495710431943	0.0
split_rescue_p0.25_sx650_ani0.93_af0.3_b0.45_d10_top2	0,1,2	0.8159567931704953	0.8145695364238409	246	62	50	61.28047178806421	0.8414495710431943	0.0
split_rescue_p0.25_sx650_ani0.93_af0.3_b0.45_d1_top0	0,1,2	0.8159567931704953	0.8145695364238409	246	62	50	61.28047178806421	0.8414495710431943	0.0
split_rescue_p0.25_sx650_ani0.93_af0.3_b0.45_d1_top1	0,1,2	0.8159567931704953	0.8145695364238409	246	62	50	61.28047178806421	0.8414495710431943	0.0
split_rescue_p0.25_sx650_ani0.93_af0.3_b0.45_d1_top2	0,1,2	0.8159567931704953	0.8145695364238409	246	62	50	61.28047178806421	0.8414495710431943	0.0
split_rescue_p0.25_sx650_ani0.93_af0.3_b0.45_d2_top0	0,1,2	0.8159567931704953	0.8145695364238409	246	62	50	61.28047178806421	0.8414495710431943	0.0
split_rescue_p0.25_sx650_ani0.93_af0.3_b0.45_d2_top1	0,1,2	0.8159567931704953	0.8145695364238409	246	62	50	61.28047178806421	0.8414495710431943	0.0
split_rescue_p0.25_sx650_ani0.93_af0.3_b0.45_d2_top2	0,1,2	0.8159567931704953	0.8145695364238409	246	62	50	61.28047178806421	0.8414495710431943	0.0
split_rescue_p0.25_sx650_ani0.93_af0.3_b0.45_d5_top0	0,1,2	0.8159567931704953	0.8145695364238409	246	62	50	61.28047178806421	0.8414495710431943	0.0
split_rescue_p0.25_sx650_ani0.93_af0.3_b0.45_d5_top1	0,1,2	0.8159567931704953	0.8145695364238409	246	62	50	61.28047178806421	0.8414495710431943	0.0
split_rescue_p0.25_sx650_ani0.93_af0.3_b0.45_d5_top2	0,1,2	0.8159567931704953	0.8145695364238409	246	62	50	61.28047178806421	0.8414495710431943	0.0
split_rescue_p0.25_sx650_ani0.93_af0.5_b0.2_d10_top0	0,1,2	0.8159567931704953	0.8145695364238409	246	62	50	61.28047178806421	0.8414495710431943	0.0
split_rescue_p0.25_sx650_ani0.93_af0.5_b0.2_d10_top1	0,1,2	0.8159567931704953	0.8145695364238409	246	62	50	61.28047178806421	0.8414495710431943	0.0
split_rescue_p0.25_sx650_ani0.93_af0.5_b0.2_d10_top2	0,1,2	0.8159567931704953	0.8145695364238409	246	62	50	61.28047178806421	0.8414495710431943	0.0
split_rescue_p0.25_sx650_ani0.93_af0.5_b0.35_d10_top0	0,1,2	0.8159567931704953	0.8145695364238409	246	62	50	61.28047178806421	0.8414495710431943	0.0
split_rescue_p0.25_sx650_ani0.93_af0.5_b0.35_d10_top1	0,1,2	0.8159567931704953	0.8145695364238409	246	62	50	61.28047178806421	0.8414495710431943	0.0
split_rescue_p0.25_sx650_ani0.93_af0.5_b0.35_d10_top2	0,1,2	0.8159567931704953	0.8145695364238409	246	62	50	61.28047178806421	0.8414495710431943	0.0
split_rescue_p0.25_sx650_ani0.93_af0.5_b0.35_d1_top0	0,1,2	0.8159567931704953	0.8145695364238409	246	62	50	61.28047178806421	0.8414495710431943	0.0
split_rescue_p0.25_sx650_ani0.93_af0.5_b0.35_d1_top1	0,1,2	0.8159567931704953	0.8145695364238409	246	62	50	61.28047178806421	0.8414495710431943	0.0
split_rescue_p0.25_sx650_ani0.93_af0.5_b0.35_d1_top2	0,1,2	0.8159567931704953	0.8145695364238409	246	62	50	61.28047178806421	0.8414495710431943	0.0
split_rescue_p0.25_sx650_ani0.93_af0.5_b0.35_d2_top0	0,1,2	0.8159567931704953	0.8145695364238409	246	62	50	61.28047178806421	0.8414495710431943	0.0
split_rescue_p0.25_sx650_ani0.93_af0.5_b0.35_d2_top1	0,1,2	0.8159567931704953	0.8145695364238409	246	62	50	61.28047178806421	0.8414495710431943	0.0
split_rescue_p0.25_sx650_ani0.93_af0.5_b0.35_d2_top2	0,1,2	0.8159567931704953	0.8145695364238409	246	62	50	61.28047178806421	0.8414495710431943	0.0
split_rescue_p0.25_sx650_ani0.93_af0.5_b0.35_d5_top0	0,1,2	0.8159567931704953	0.8145695364238409	246	62	50	61.28047178806421	0.8414495710431943	0.0
split_rescue_p0.25_sx650_ani0.93_af0.5_b0.35_d5_top1	0,1,2	0.8159567931704953	0.8145695364238409	246	62	50	61.28047178806421	0.8414495710431943	0.0
split_rescue_p0.25_sx650_ani0.93_af0.5_b0.35_d5_top2	0,1,2	0.8159567931704953	0.8145695364238409	246	62	50	61.28047178806421	0.8414495710431943	0.0
split_rescue_p0.25_sx650_ani0.93_af0.5_b0.3_d10_top0	0,1,2	0.8159567931704953	0.8145695364238409	246	62	50	61.28047178806421	0.8414495710431943	0.0
split_rescue_p0.25_sx650_ani0.93_af0.5_b0.3_d10_top1	0,1,2	0.8159567931704953	0.8145695364238409	246	62	50	61.28047178806421	0.8414495710431943	0.0
split_rescue_p0.25_sx650_ani0.93_af0.5_b0.3_d10_top2	0,1,2	0.8159567931704953	0.8145695364238409	246	62	50	61.28047178806421	0.8414495710431943	0.0
split_rescue_p0.25_sx650_ani0.93_af0.5_b0.45_d10_top0	0,1,2	0.8159567931704953	0.8145695364238409	246	62	50	61.28047178806421	0.8414495710431943	0.0
split_rescue_p0.25_sx650_ani0.93_af0.5_b0.45_d10_top1	0,1,2	0.8159567931704953	0.8145695364238409	246	62	50	61.28047178806421	0.8414495710431943	0.0
split_rescue_p0.25_sx650_ani0.93_af0.5_b0.45_d10_top2	0,1,2	0.8159567931704953	0.8145695364238409	246	62	50	61.28047178806421	0.8414495710431943	0.0
split_rescue_p0.25_sx650_ani0.93_af0.5_b0.45_d1_top0	0,1,2	0.8159567931704953	0.8145695364238409	246	62	50	61.28047178806421	0.8414495710431943	0.0
split_rescue_p0.25_sx650_ani0.93_af0.5_b0.45_d1_top1	0,1,2	0.8159567931704953	0.8145695364238409	246	62	50	61.28047178806421	0.8414495710431943	0.0
split_rescue_p0.25_sx650_ani0.93_af0.5_b0.45_d1_top2	0,1,2	0.8159567931704953	0.8145695364238409	246	62	50	61.28047178806421	0.8414495710431943	0.0
split_rescue_p0.25_sx650_ani0.93_af0.5_b0.45_d2_top0	0,1,2	0.8159567931704953	0.8145695364238409	246	62	50	61.28047178806421	0.8414495710431943	0.0
split_rescue_p0.25_sx650_ani0.93_af0.5_b0.45_d2_top1	0,1,2	0.8159567931704953	0.8145695364238409	246	62	50	61.28047178806421	0.8414495710431943	0.0
split_rescue_p0.25_sx650_ani0.93_af0.5_b0.45_d2_top2	0,1,2	0.8159567931704953	0.8145695364238409	246	62	50	61.28047178806421	0.8414495710431943	0.0
split_rescue_p0.25_sx650_ani0.93_af0.5_b0.45_d5_top0	0,1,2	0.8159567931704953	0.8145695364238409	246	62	50	61.28047178806421	0.8414495710431943	0.0
split_rescue_p0.25_sx650_ani0.93_af0.5_b0.45_d5_top1	0,1,2	0.8159567931704953	0.8145695364238409	246	62	50	61.28047178806421	0.8414495710431943	0.0
split_rescue_p0.25_sx650_ani0.93_af0.5_b0.45_d5_top2	0,1,2	0.8159567931704953	0.8145695364238409	246	62	50	61.28047178806421	0.8414495710431943	0.0
split_rescue_p0.25_sx650_ani0.95_af0.3_b0.2_d10_top0	0,1,2	0.8159567931704953	0.8145695364238409	246	62	50	61.28047178806421	0.8414495710431943	0.0
split_rescue_p0.25_sx650_ani0.95_af0.3_b0.2_d10_top1	0,1,2	0.8159567931704953	0.8145695364238409	246	62	50	61.28047178806421	0.8414495710431943	0.0
split_rescue_p0.25_sx650_ani0.95_af0.3_b0.2_d10_top2	0,1,2	0.8159567931704953	0.8145695364238409	246	62	50	61.28047178806421	0.8414495710431943	0.0
split_rescue_p0.25_sx650_ani0.95_af0.3_b0.35_d10_top0	0,1,2	0.8159567931704953	0.8145695364238409	246	62	50	61.28047178806421	0.8414495710431943	0.0
split_rescue_p0.25_sx650_ani0.95_af0.3_b0.35_d10_top1	0,1,2	0.8159567931704953	0.8145695364238409	246	62	50	61.28047178806421	0.8414495710431943	0.0
split_rescue_p0.25_sx650_ani0.95_af0.3_b0.35_d10_top2	0,1,2	0.8159567931704953	0.8145695364238409	246	62	50	61.28047178806421	0.8414495710431943	0.0
split_rescue_p0.25_sx650_ani0.95_af0.3_b0.35_d1_top0	0,1,2	0.8159567931704953	0.8145695364238409	246	62	50	61.28047178806421	0.8414495710431943	0.0
split_rescue_p0.25_sx650_ani0.95_af0.3_b0.35_d1_top1	0,1,2	0.8159567931704953	0.8145695364238409	246	62	50	61.28047178806421	0.8414495710431943	0.0
split_rescue_p0.25_sx650_ani0.95_af0.3_b0.35_d1_top2	0,1,2	0.8159567931704953	0.8145695364238409	246	62	50	61.28047178806421	0.8414495710431943	0.0
split_rescue_p0.25_sx650_ani0.95_af0.3_b0.35_d2_top0	0,1,2	0.8159567931704953	0.8145695364238409	246	62	50	61.28047178806421	0.8414495710431943	0.0
split_rescue_p0.25_sx650_ani0.95_af0.3_b0.35_d2_top1	0,1,2	0.8159567931704953	0.8145695364238409	246	62	50	61.28047178806421	0.8414495710431943	0.0
split_rescue_p0.25_sx650_ani0.95_af0.3_b0.35_d2_top2	0,1,2	0.8159567931704953	0.8145695364238409	246	62	50	61.28047178806421	0.8414495710431943	0.0
split_rescue_p0.25_sx650_ani0.95_af0.3_b0.35_d5_top0	0,1,2	0.8159567931704953	0.8145695364238409	246	62	50	61.28047178806421	0.8414495710431943	0.0
split_rescue_p0.25_sx650_ani0.95_af0.3_b0.35_d5_top1	0,1,2	0.8159567931704953	0.8145695364238409	246	62	50	61.28047178806421	0.8414495710431943	0.0
split_rescue_p0.25_sx650_ani0.95_af0.3_b0.35_d5_top2	0,1,2	0.8159567931704953	0.8145695364238409	246	62	50	61.28047178806421	0.8414495710431943	0.0
split_rescue_p0.25_sx650_ani0.95_af0.3_b0.3_d10_top0	0,1,2	0.8159567931704953	0.8145695364238409	246	62	50	61.28047178806421	0.8414495710431943	0.0
split_rescue_p0.25_sx650_ani0.95_af0.3_b0.3_d10_top1	0,1,2	0.8159567931704953	0.8145695364238409	246	62	50	61.28047178806421	0.8414495710431943	0.0
split_rescue_p0.25_sx650_ani0.95_af0.3_b0.3_d10_top2	0,1,2	0.8159567931704953	0.8145695364238409	246	62	50	61.28047178806421	0.8414495710431943	0.0
split_rescue_p0.25_sx650_ani0.95_af0.3_b0.45_d10_top0	0,1,2	0.8159567931704953	0.8145695364238409	246	62	50	61.28047178806421	0.8414495710431943	0.0
split_rescue_p0.25_sx650_ani0.95_af0.3_b0.45_d10_top1	0,1,2	0.8159567931704953	0.8145695364238409	246	62	50	61.28047178806421	0.8414495710431943	0.0
split_rescue_p0.25_sx650_ani0.95_af0.3_b0.45_d10_top2	0,1,2	0.8159567931704953	0.8145695364238409	246	62	50	61.28047178806421	0.8414495710431943	0.0
split_rescue_p0.25_sx650_ani0.95_af0.3_b0.45_d1_top0	0,1,2	0.8159567931704953	0.8145695364238409	246	62	50	61.28047178806421	0.8414495710431943	0.0
split_rescue_p0.25_sx650_ani0.95_af0.3_b0.45_d1_top1	0,1,2	0.8159567931704953	0.8145695364238409	246	62	50	61.28047178806421	0.8414495710431943	0.0
split_rescue_p0.25_sx650_ani0.95_af0.3_b0.45_d1_top2	0,1,2	0.8159567931704953	0.8145695364238409	246	62	50	61.28047178806421	0.8414495710431943	0.0
split_rescue_p0.25_sx650_ani0.95_af0.3_b0.45_d2_top0	0,1,2	0.8159567931704953	0.8145695364238409	246	62	50	61.28047178806421	0.8414495710431943	0.0
split_rescue_p0.25_sx650_ani0.95_af0.3_b0.45_d2_top1	0,1,2	0.8159567931704953	0.8145695364238409	246	62	50	61.28047178806421	0.8414495710431943	0.0
split_rescue_p0.25_sx650_ani0.95_af0.3_b0.45_d2_top2	0,1,2	0.8159567931704953	0.8145695364238409	246	62	50	61.28047178806421	0.8414495710431943	0.0
split_rescue_p0.25_sx650_ani0.95_af0.3_b0.45_d5_top0	0,1,2	0.8159567931704953	0.8145695364238409	246	62	50	61.28047178806421	0.8414495710431943	0.0
split_rescue_p0.25_sx650_ani0.95_af0.3_b0.45_d5_top1	0,1,2	0.8159567931704953	0.8145695364238409	246	62	50	61.28047178806421	0.8414495710431943	0.0
split_rescue_p0.25_sx650_ani0.95_af0.3_b0.45_d5_top2	0,1,2	0.8159567931704953	0.8145695364238409	246	62	50	61.28047178806421	0.8414495710431943	0.0
split_rescue_p0.25_sx650_ani0.95_af0.5_b0.2_d10_top0	0,1,2	0.8159567931704953	0.8145695364238409	246	62	50	61.28047178806421	0.8414495710431943	0.0
split_rescue_p0.25_sx650_ani0.95_af0.5_b0.2_d10_top1	0,1,2	0.8159567931704953	0.8145695364238409	246	62	50	61.28047178806421	0.8414495710431943	0.0
split_rescue_p0.25_sx650_ani0.95_af0.5_b0.2_d10_top2	0,1,2	0.8159567931704953	0.8145695364238409	246	62	50	61.28047178806421	0.8414495710431943	0.0
split_rescue_p0.25_sx650_ani0.95_af0.5_b0.35_d10_top0	0,1,2	0.8159567931704953	0.8145695364238409	246	62	50	61.28047178806421	0.8414495710431943	0.0
split_rescue_p0.25_sx650_ani0.95_af0.5_b0.35_d10_top1	0,1,2	0.8159567931704953	0.8145695364238409	246	62	50	61.28047178806421	0.8414495710431943	0.0
split_rescue_p0.25_sx650_ani0.95_af0.5_b0.35_d10_top2	0,1,2	0.8159567931704953	0.8145695364238409	246	62	50	61.28047178806421	0.8414495710431943	0.0
split_rescue_p0.25_sx650_ani0.95_af0.5_b0.35_d1_top0	0,1,2	0.8159567931704953	0.8145695364238409	246	62	50	61.28047178806421	0.8414495710431943	0.0
split_rescue_p0.25_sx650_ani0.95_af0.5_b0.35_d1_top1	0,1,2	0.8159567931704953	0.8145695364238409	246	62	50	61.28047178806421	0.8414495710431943	0.0
split_rescue_p0.25_sx650_ani0.95_af0.5_b0.35_d1_top2	0,1,2	0.8159567931704953	0.8145695364238409	246	62	50	61.28047178806421	0.8414495710431943	0.0
split_rescue_p0.25_sx650_ani0.95_af0.5_b0.35_d2_top0	0,1,2	0.8159567931704953	0.8145695364238409	246	62	50	61.28047178806421	0.8414495710431943	0.0
split_rescue_p0.25_sx650_ani0.95_af0.5_b0.35_d2_top1	0,1,2	0.8159567931704953	0.8145695364238409	246	62	50	61.28047178806421	0.8414495710431943	0.0
split_rescue_p0.25_sx650_ani0.95_af0.5_b0.35_d2_top2	0,1,2	0.8159567931704953	0.8145695364238409	246	62	50	61.28047178806421	0.8414495710431943	0.0
split_rescue_p0.25_sx650_ani0.95_af0.5_b0.35_d5_top0	0,1,2	0.8159567931704953	0.8145695364238409	246	62	50	61.28047178806421	0.8414495710431943	0.0
split_rescue_p0.25_sx650_ani0.95_af0.5_b0.35_d5_top1	0,1,2	0.8159567931704953	0.8145695364238409	246	62	50	61.28047178806421	0.8414495710431943	0.0
split_rescue_p0.25_sx650_ani0.95_af0.5_b0.35_d5_top2	0,1,2	0.8159567931704953	0.8145695364238409	246	62	50	61.28047178806421	0.8414495710431943	0.0
split_rescue_p0.25_sx650_ani0.95_af0.5_b0.3_d10_top0	0,1,2	0.8159567931704953	0.8145695364238409	246	62	50	61.28047178806421	0.8414495710431943	0.0
split_rescue_p0.25_sx650_ani0.95_af0.5_b0.3_d10_top1	0,1,2	0.8159567931704953	0.8145695364238409	246	62	50	61.28047178806421	0.8414495710431943	0.0
split_rescue_p0.25_sx650_ani0.95_af0.5_b0.3_d10_top2	0,1,2	0.8159567931704953	0.8145695364238409	246	62	50	61.28047178806421	0.8414495710431943	0.0
split_rescue_p0.25_sx650_ani0.95_af0.5_b0.45_d10_top0	0,1,2	0.8159567931704953	0.8145695364238409	246	62	50	61.28047178806421	0.8414495710431943	0.0
split_rescue_p0.25_sx650_ani0.95_af0.5_b0.45_d10_top1	0,1,2	0.8159567931704953	0.8145695364238409	246	62	50	61.28047178806421	0.8414495710431943	0.0
split_rescue_p0.25_sx650_ani0.95_af0.5_b0.45_d10_top2	0,1,2	0.8159567931704953	0.8145695364238409	246	62	50	61.28047178806421	0.8414495710431943	0.0
split_rescue_p0.25_sx650_ani0.95_af0.5_b0.45_d1_top0	0,1,2	0.8159567931704953	0.8145695364238409	246	62	50	61.28047178806421	0.8414495710431943	0.0
split_rescue_p0.25_sx650_ani0.95_af0.5_b0.45_d1_top1	0,1,2	0.8159567931704953	0.8145695364238409	246	62	50	61.28047178806421	0.8414495710431943	0.0
split_rescue_p0.25_sx650_ani0.95_af0.5_b0.45_d1_top2	0,1,2	0.8159567931704953	0.8145695364238409	246	62	50	61.28047178806421	0.8414495710431943	0.0
split_rescue_p0.25_sx650_ani0.95_af0.5_b0.45_d2_top0	0,1,2	0.8159567931704953	0.8145695364238409	246	62	50	61.28047178806421	0.8414495710431943	0.0
split_rescue_p0.25_sx650_ani0.95_af0.5_b0.45_d2_top1	0,1,2	0.8159567931704953	0.8145695364238409	246	62	50	61.28047178806421	0.8414495710431943	0.0
split_rescue_p0.25_sx650_ani0.95_af0.5_b0.45_d2_top2	0,1,2	0.8159567931704953	0.8145695364238409	246	62	50	61.28047178806421	0.8414495710431943	0.0
split_rescue_p0.25_sx650_ani0.95_af0.5_b0.45_d5_top0	0,1,2	0.8159567931704953	0.8145695364238409	246	62	50	61.28047178806421	0.8414495710431943	0.0
split_rescue_p0.25_sx650_ani0.95_af0.5_b0.45_d5_top1	0,1,2	0.8159567931704953	0.8145695364238409	246	62	50	61.28047178806421	0.8414495710431943	0.0
split_rescue_p0.25_sx650_ani0.95_af0.5_b0.45_d5_top2	0,1,2	0.8159567931704953	0.8145695364238409	246	62	50	61.28047178806421	0.8414495710431943	0.0
split_rescue_p0.2_sx650_ani0.93_af0.3_b0.35_d10_top0	0,1,2	0.8159567931704953	0.8145695364238409	246	62	50	61.28047178806421	0.8414495710431943	0.0
split_rescue_p0.2_sx650_ani0.93_af0.3_b0.35_d10_top1	0,1,2	0.8159567931704953	0.8145695364238409	246	62	50	61.28047178806421	0.8414495710431943	0.0
split_rescue_p0.2_sx650_ani0.93_af0.3_b0.35_d10_top2	0,1,2	0.8159567931704953	0.8145695364238409	246	62	50	61.28047178806421	0.8414495710431943	0.0
split_rescue_p0.2_sx650_ani0.93_af0.3_b0.35_d1_top0	0,1,2	0.8159567931704953	0.8145695364238409	246	62	50	61.28047178806421	0.8414495710431943	0.0
split_rescue_p0.2_sx650_ani0.93_af0.3_b0.35_d1_top1	0,1,2	0.8159567931704953	0.8145695364238409	246	62	50	61.28047178806421	0.8414495710431943	0.0
split_rescue_p0.2_sx650_ani0.93_af0.3_b0.35_d1_top2	0,1,2	0.8159567931704953	0.8145695364238409	246	62	50	61.28047178806421	0.8414495710431943	0.0
split_rescue_p0.2_sx650_ani0.93_af0.3_b0.35_d2_top0	0,1,2	0.8159567931704953	0.8145695364238409	246	62	50	61.28047178806421	0.8414495710431943	0.0
split_rescue_p0.2_sx650_ani0.93_af0.3_b0.35_d2_top1	0,1,2	0.8159567931704953	0.8145695364238409	246	62	50	61.28047178806421	0.8414495710431943	0.0
split_rescue_p0.2_sx650_ani0.93_af0.3_b0.35_d2_top2	0,1,2	0.8159567931704953	0.8145695364238409	246	62	50	61.28047178806421	0.8414495710431943	0.0
split_rescue_p0.2_sx650_ani0.93_af0.3_b0.35_d5_top0	0,1,2	0.8159567931704953	0.8145695364238409	246	62	50	61.28047178806421	0.8414495710431943	0.0
split_rescue_p0.2_sx650_ani0.93_af0.3_b0.35_d5_top1	0,1,2	0.8159567931704953	0.8145695364238409	246	62	50	61.28047178806421	0.8414495710431943	0.0
split_rescue_p0.2_sx650_ani0.93_af0.3_b0.35_d5_top2	0,1,2	0.8159567931704953	0.8145695364238409	246	62	50	61.28047178806421	0.8414495710431943	0.0
split_rescue_p0.2_sx650_ani0.93_af0.3_b0.45_d10_top0	0,1,2	0.8159567931704953	0.8145695364238409	246	62	50	61.28047178806421	0.8414495710431943	0.0
split_rescue_p0.2_sx650_ani0.93_af0.3_b0.45_d10_top1	0,1,2	0.8159567931704953	0.8145695364238409	246	62	50	61.28047178806421	0.8414495710431943	0.0
split_rescue_p0.2_sx650_ani0.93_af0.3_b0.45_d10_top2	0,1,2	0.8159567931704953	0.8145695364238409	246	62	50	61.28047178806421	0.8414495710431943	0.0
split_rescue_p0.2_sx650_ani0.93_af0.3_b0.45_d1_top0	0,1,2	0.8159567931704953	0.8145695364238409	246	62	50	61.28047178806421	0.8414495710431943	0.0
split_rescue_p0.2_sx650_ani0.93_af0.3_b0.45_d1_top1	0,1,2	0.8159567931704953	0.8145695364238409	246	62	50	61.28047178806421	0.8414495710431943	0.0
split_rescue_p0.2_sx650_ani0.93_af0.3_b0.45_d1_top2	0,1,2	0.8159567931704953	0.8145695364238409	246	62	50	61.28047178806421	0.8414495710431943	0.0
split_rescue_p0.2_sx650_ani0.93_af0.3_b0.45_d2_top0	0,1,2	0.8159567931704953	0.8145695364238409	246	62	50	61.28047178806421	0.8414495710431943	0.0
split_rescue_p0.2_sx650_ani0.93_af0.3_b0.45_d2_top1	0,1,2	0.8159567931704953	0.8145695364238409	246	62	50	61.28047178806421	0.8414495710431943	0.0
split_rescue_p0.2_sx650_ani0.93_af0.3_b0.45_d2_top2	0,1,2	0.8159567931704953	0.8145695364238409	246	62	50	61.28047178806421	0.8414495710431943	0.0
split_rescue_p0.2_sx650_ani0.93_af0.3_b0.45_d5_top0	0,1,2	0.8159567931704953	0.8145695364238409	246	62	50	61.28047178806421	0.8414495710431943	0.0
split_rescue_p0.2_sx650_ani0.93_af0.3_b0.45_d5_top1	0,1,2	0.8159567931704953	0.8145695364238409	246	62	50	61.28047178806421	0.8414495710431943	0.0
split_rescue_p0.2_sx650_ani0.93_af0.3_b0.45_d5_top2	0,1,2	0.8159567931704953	0.8145695364238409	246	62	50	61.28047178806421	0.8414495710431943	0.0
split_rescue_p0.2_sx650_ani0.93_af0.5_b0.35_d10_top0	0,1,2	0.8159567931704953	0.8145695364238409	246	62	50	61.28047178806421	0.8414495710431943	0.0
split_rescue_p0.2_sx650_ani0.93_af0.5_b0.35_d10_top1	0,1,2	0.8159567931704953	0.8145695364238409	246	62	50	61.28047178806421	0.8414495710431943	0.0
split_rescue_p0.2_sx650_ani0.93_af0.5_b0.35_d10_top2	0,1,2	0.8159567931704953	0.8145695364238409	246	62	50	61.28047178806421	0.8414495710431943	0.0
split_rescue_p0.2_sx650_ani0.93_af0.5_b0.35_d1_top0	0,1,2	0.8159567931704953	0.8145695364238409	246	62	50	61.28047178806421	0.8414495710431943	0.0
split_rescue_p0.2_sx650_ani0.93_af0.5_b0.35_d1_top1	0,1,2	0.8159567931704953	0.8145695364238409	246	62	50	61.28047178806421	0.8414495710431943	0.0
split_rescue_p0.2_sx650_ani0.93_af0.5_b0.35_d1_top2	0,1,2	0.8159567931704953	0.8145695364238409	246	62	50	61.28047178806421	0.8414495710431943	0.0
split_rescue_p0.2_sx650_ani0.93_af0.5_b0.35_d2_top0	0,1,2	0.8159567931704953	0.8145695364238409	246	62	50	61.28047178806421	0.8414495710431943	0.0
split_rescue_p0.2_sx650_ani0.93_af0.5_b0.35_d2_top1	0,1,2	0.8159567931704953	0.8145695364238409	246	62	50	61.28047178806421	0.8414495710431943	0.0
split_rescue_p0.2_sx650_ani0.93_af0.5_b0.35_d2_top2	0,1,2	0.8159567931704953	0.8145695364238409	246	62	50	61.28047178806421	0.8414495710431943	0.0
split_rescue_p0.2_sx650_ani0.93_af0.5_b0.35_d5_top0	0,1,2	0.8159567931704953	0.8145695364238409	246	62	50	61.28047178806421	0.8414495710431943	0.0
split_rescue_p0.2_sx650_ani0.93_af0.5_b0.35_d5_top1	0,1,2	0.8159567931704953	0.8145695364238409	246	62	50	61.28047178806421	0.8414495710431943	0.0
split_rescue_p0.2_sx650_ani0.93_af0.5_b0.35_d5_top2	0,1,2	0.8159567931704953	0.8145695364238409	246	62	50	61.28047178806421	0.8414495710431943	0.0
split_rescue_p0.2_sx650_ani0.93_af0.5_b0.45_d10_top0	0,1,2	0.8159567931704953	0.8145695364238409	246	62	50	61.28047178806421	0.8414495710431943	0.0
split_rescue_p0.2_sx650_ani0.93_af0.5_b0.45_d10_top1	0,1,2	0.8159567931704953	0.8145695364238409	246	62	50	61.28047178806421	0.8414495710431943	0.0
split_rescue_p0.2_sx650_ani0.93_af0.5_b0.45_d10_top2	0,1,2	0.8159567931704953	0.8145695364238409	246	62	50	61.28047178806421	0.8414495710431943	0.0
split_rescue_p0.2_sx650_ani0.93_af0.5_b0.45_d1_top0	0,1,2	0.8159567931704953	0.8145695364238409	246	62	50	61.28047178806421	0.8414495710431943	0.0
split_rescue_p0.2_sx650_ani0.93_af0.5_b0.45_d1_top1	0,1,2	0.8159567931704953	0.8145695364238409	246	62	50	61.28047178806421	0.8414495710431943	0.0
split_rescue_p0.2_sx650_ani0.93_af0.5_b0.45_d1_top2	0,1,2	0.8159567931704953	0.8145695364238409	246	62	50	61.28047178806421	0.8414495710431943	0.0
split_rescue_p0.2_sx650_ani0.93_af0.5_b0.45_d2_top0	0,1,2	0.8159567931704953	0.8145695364238409	246	62	50	61.28047178806421	0.8414495710431943	0.0
split_rescue_p0.2_sx650_ani0.93_af0.5_b0.45_d2_top1	0,1,2	0.8159567931704953	0.8145695364238409	246	62	50	61.28047178806421	0.8414495710431943	0.0
split_rescue_p0.2_sx650_ani0.93_af0.5_b0.45_d2_top2	0,1,2	0.8159567931704953	0.8145695364238409	246	62	50	61.28047178806421	0.8414495710431943	0.0
split_rescue_p0.2_sx650_ani0.93_af0.5_b0.45_d5_top0	0,1,2	0.8159567931704953	0.8145695364238409	246	62	50	61.28047178806421	0.8414495710431943	0.0
split_rescue_p0.2_sx650_ani0.93_af0.5_b0.45_d5_top1	0,1,2	0.8159567931704953	0.8145695364238409	246	62	50	61.28047178806421	0.8414495710431943	0.0
split_rescue_p0.2_sx650_ani0.93_af0.5_b0.45_d5_top2	0,1,2	0.8159567931704953	0.8145695364238409	246	62	50	61.28047178806421	0.8414495710431943	0.0
split_rescue_p0.2_sx650_ani0.95_af0.3_b0.35_d10_top0	0,1,2	0.8159567931704953	0.8145695364238409	246	62	50	61.28047178806421	0.8414495710431943	0.0
split_rescue_p0.2_sx650_ani0.95_af0.3_b0.35_d10_top1	0,1,2	0.8159567931704953	0.8145695364238409	246	62	50	61.28047178806421	0.8414495710431943	0.0
split_rescue_p0.2_sx650_ani0.95_af0.3_b0.35_d10_top2	0,1,2	0.8159567931704953	0.8145695364238409	246	62	50	61.28047178806421	0.8414495710431943	0.0
split_rescue_p0.2_sx650_ani0.95_af0.3_b0.35_d1_top0	0,1,2	0.8159567931704953	0.8145695364238409	246	62	50	61.28047178806421	0.8414495710431943	0.0
split_rescue_p0.2_sx650_ani0.95_af0.3_b0.35_d1_top1	0,1,2	0.8159567931704953	0.8145695364238409	246	62	50	61.28047178806421	0.8414495710431943	0.0
split_rescue_p0.2_sx650_ani0.95_af0.3_b0.35_d1_top2	0,1,2	0.8159567931704953	0.8145695364238409	246	62	50	61.28047178806421	0.8414495710431943	0.0
split_rescue_p0.2_sx650_ani0.95_af0.3_b0.35_d2_top0	0,1,2	0.8159567931704953	0.8145695364238409	246	62	50	61.28047178806421	0.8414495710431943	0.0
split_rescue_p0.2_sx650_ani0.95_af0.3_b0.35_d2_top1	0,1,2	0.8159567931704953	0.8145695364238409	246	62	50	61.28047178806421	0.8414495710431943	0.0
split_rescue_p0.2_sx650_ani0.95_af0.3_b0.35_d2_top2	0,1,2	0.8159567931704953	0.8145695364238409	246	62	50	61.28047178806421	0.8414495710431943	0.0
split_rescue_p0.2_sx650_ani0.95_af0.3_b0.35_d5_top0	0,1,2	0.8159567931704953	0.8145695364238409	246	62	50	61.28047178806421	0.8414495710431943	0.0
split_rescue_p0.2_sx650_ani0.95_af0.3_b0.35_d5_top1	0,1,2	0.8159567931704953	0.8145695364238409	246	62	50	61.28047178806421	0.8414495710431943	0.0
split_rescue_p0.2_sx650_ani0.95_af0.3_b0.35_d5_top2	0,1,2	0.8159567931704953	0.8145695364238409	246	62	50	61.28047178806421	0.8414495710431943	0.0
split_rescue_p0.2_sx650_ani0.95_af0.3_b0.45_d10_top0	0,1,2	0.8159567931704953	0.8145695364238409	246	62	50	61.28047178806421	0.8414495710431943	0.0
split_rescue_p0.2_sx650_ani0.95_af0.3_b0.45_d10_top1	0,1,2	0.8159567931704953	0.8145695364238409	246	62	50	61.28047178806421	0.8414495710431943	0.0
split_rescue_p0.2_sx650_ani0.95_af0.3_b0.45_d10_top2	0,1,2	0.8159567931704953	0.8145695364238409	246	62	50	61.28047178806421	0.8414495710431943	0.0
split_rescue_p0.2_sx650_ani0.95_af0.3_b0.45_d1_top0	0,1,2	0.8159567931704953	0.8145695364238409	246	62	50	61.28047178806421	0.8414495710431943	0.0
split_rescue_p0.2_sx650_ani0.95_af0.3_b0.45_d1_top1	0,1,2	0.8159567931704953	0.8145695364238409	246	62	50	61.28047178806421	0.8414495710431943	0.0
split_rescue_p0.2_sx650_ani0.95_af0.3_b0.45_d1_top2	0,1,2	0.8159567931704953	0.8145695364238409	246	62	50	61.28047178806421	0.8414495710431943	0.0
split_rescue_p0.2_sx650_ani0.95_af0.3_b0.45_d2_top0	0,1,2	0.8159567931704953	0.8145695364238409	246	62	50	61.28047178806421	0.8414495710431943	0.0
split_rescue_p0.2_sx650_ani0.95_af0.3_b0.45_d2_top1	0,1,2	0.8159567931704953	0.8145695364238409	246	62	50	61.28047178806421	0.8414495710431943	0.0
split_rescue_p0.2_sx650_ani0.95_af0.3_b0.45_d2_top2	0,1,2	0.8159567931704953	0.8145695364238409	246	62	50	61.28047178806421	0.8414495710431943	0.0
split_rescue_p0.2_sx650_ani0.95_af0.3_b0.45_d5_top0	0,1,2	0.8159567931704953	0.8145695364238409	246	62	50	61.28047178806421	0.8414495710431943	0.0
split_rescue_p0.2_sx650_ani0.95_af0.3_b0.45_d5_top1	0,1,2	0.8159567931704953	0.8145695364238409	246	62	50	61.28047178806421	0.8414495710431943	0.0
split_rescue_p0.2_sx650_ani0.95_af0.3_b0.45_d5_top2	0,1,2	0.8159567931704953	0.8145695364238409	246	62	50	61.28047178806421	0.8414495710431943	0.0
split_rescue_p0.2_sx650_ani0.95_af0.5_b0.35_d10_top0	0,1,2	0.8159567931704953	0.8145695364238409	246	62	50	61.28047178806421	0.8414495710431943	0.0
split_rescue_p0.2_sx650_ani0.95_af0.5_b0.35_d10_top1	0,1,2	0.8159567931704953	0.8145695364238409	246	62	50	61.28047178806421	0.8414495710431943	0.0
split_rescue_p0.2_sx650_ani0.95_af0.5_b0.35_d10_top2	0,1,2	0.8159567931704953	0.8145695364238409	246	62	50	61.28047178806421	0.8414495710431943	0.0
split_rescue_p0.2_sx650_ani0.95_af0.5_b0.35_d1_top0	0,1,2	0.8159567931704953	0.8145695364238409	246	62	50	61.28047178806421	0.8414495710431943	0.0
split_rescue_p0.2_sx650_ani0.95_af0.5_b0.35_d1_top1	0,1,2	0.8159567931704953	0.8145695364238409	246	62	50	61.28047178806421	0.8414495710431943	0.0
split_rescue_p0.2_sx650_ani0.95_af0.5_b0.35_d1_top2	0,1,2	0.8159567931704953	0.8145695364238409	246	62	50	61.28047178806421	0.8414495710431943	0.0
split_rescue_p0.2_sx650_ani0.95_af0.5_b0.35_d2_top0	0,1,2	0.8159567931704953	0.8145695364238409	246	62	50	61.28047178806421	0.8414495710431943	0.0
split_rescue_p0.2_sx650_ani0.95_af0.5_b0.35_d2_top1	0,1,2	0.8159567931704953	0.8145695364238409	246	62	50	61.28047178806421	0.8414495710431943	0.0
split_rescue_p0.2_sx650_ani0.95_af0.5_b0.35_d2_top2	0,1,2	0.8159567931704953	0.8145695364238409	246	62	50	61.28047178806421	0.8414495710431943	0.0
split_rescue_p0.2_sx650_ani0.95_af0.5_b0.35_d5_top0	0,1,2	0.8159567931704953	0.8145695364238409	246	62	50	61.28047178806421	0.8414495710431943	0.0
split_rescue_p0.2_sx650_ani0.95_af0.5_b0.35_d5_top1	0,1,2	0.8159567931704953	0.8145695364238409	246	62	50	61.28047178806421	0.8414495710431943	0.0
split_rescue_p0.2_sx650_ani0.95_af0.5_b0.35_d5_top2	0,1,2	0.8159567931704953	0.8145695364238409	246	62	50	61.28047178806421	0.8414495710431943	0.0
split_rescue_p0.2_sx650_ani0.95_af0.5_b0.45_d10_top0	0,1,2	0.8159567931704953	0.8145695364238409	246	62	50	61.28047178806421	0.8414495710431943	0.0
split_rescue_p0.2_sx650_ani0.95_af0.5_b0.45_d10_top1	0,1,2	0.8159567931704953	0.8145695364238409	246	62	50	61.28047178806421	0.8414495710431943	0.0
split_rescue_p0.2_sx650_ani0.95_af0.5_b0.45_d10_top2	0,1,2	0.8159567931704953	0.8145695364238409	246	62	50	61.28047178806421	0.8414495710431943	0.0
split_rescue_p0.2_sx650_ani0.95_af0.5_b0.45_d1_top0	0,1,2	0.8159567931704953	0.8145695364238409	246	62	50	61.28047178806421	0.8414495710431943	0.0
split_rescue_p0.2_sx650_ani0.95_af0.5_b0.45_d1_top1	0,1,2	0.8159567931704953	0.8145695364238409	246	62	50	61.28047178806421	0.8414495710431943	0.0
split_rescue_p0.2_sx650_ani0.95_af0.5_b0.45_d1_top2	0,1,2	0.8159567931704953	0.8145695364238409	246	62	50	61.28047178806421	0.8414495710431943	0.0
split_rescue_p0.2_sx650_ani0.95_af0.5_b0.45_d2_top0	0,1,2	0.8159567931704953	0.8145695364238409	246	62	50	61.28047178806421	0.8414495710431943	0.0
split_rescue_p0.2_sx650_ani0.95_af0.5_b0.45_d2_top1	0,1,2	0.8159567931704953	0.8145695364238409	246	62	50	61.28047178806421	0.8414495710431943	0.0
split_rescue_p0.2_sx650_ani0.95_af0.5_b0.45_d2_top2	0,1,2	0.8159567931704953	0.8145695364238409	246	62	50	61.28047178806421	0.8414495710431943	0.0
split_rescue_p0.2_sx650_ani0.95_af0.5_b0.45_d5_top0	0,1,2	0.8159567931704953	0.8145695364238409	246	62	50	61.28047178806421	0.8414495710431943	0.0
split_rescue_p0.2_sx650_ani0.95_af0.5_b0.45_d5_top1	0,1,2	0.8159567931704953	0.8145695364238409	246	62	50	61.28047178806421	0.8414495710431943	0.0
split_rescue_p0.2_sx650_ani0.95_af0.5_b0.45_d5_top2	0,1,2	0.8159567931704953	0.8145695364238409	246	62	50	61.28047178806421	0.8414495710431943	0.0
split_rescue_p0_sx650_ani0.93_af0.3_b0.45_d10_top0	0,1,2	0.8159567931704953	0.8145695364238409	246	62	50	61.28047178806421	0.8414495710431943	0.0
split_rescue_p0_sx650_ani0.93_af0.3_b0.45_d10_top1	0,1,2	0.8159567931704953	0.8145695364238409	246	62	50	61.28047178806421	0.8414495710431943	0.0
split_rescue_p0_sx650_ani0.93_af0.3_b0.45_d10_top2	0,1,2	0.8159567931704953	0.8145695364238409	246	62	50	61.28047178806421	0.8414495710431943	0.0
split_rescue_p0_sx650_ani0.93_af0.3_b0.45_d1_top0	0,1,2	0.8159567931704953	0.8145695364238409	246	62	50	61.28047178806421	0.8414495710431943	0.0
split_rescue_p0_sx650_ani0.93_af0.3_b0.45_d1_top1	0,1,2	0.8159567931704953	0.8145695364238409	246	62	50	61.28047178806421	0.8414495710431943	0.0
split_rescue_p0_sx650_ani0.93_af0.3_b0.45_d1_top2	0,1,2	0.8159567931704953	0.8145695364238409	246	62	50	61.28047178806421	0.8414495710431943	0.0
split_rescue_p0_sx650_ani0.93_af0.3_b0.45_d2_top0	0,1,2	0.8159567931704953	0.8145695364238409	246	62	50	61.28047178806421	0.8414495710431943	0.0
split_rescue_p0_sx650_ani0.93_af0.3_b0.45_d2_top1	0,1,2	0.8159567931704953	0.8145695364238409	246	62	50	61.28047178806421	0.8414495710431943	0.0
split_rescue_p0_sx650_ani0.93_af0.3_b0.45_d2_top2	0,1,2	0.8159567931704953	0.8145695364238409	246	62	50	61.28047178806421	0.8414495710431943	0.0
split_rescue_p0_sx650_ani0.93_af0.3_b0.45_d5_top0	0,1,2	0.8159567931704953	0.8145695364238409	246	62	50	61.28047178806421	0.8414495710431943	0.0
split_rescue_p0_sx650_ani0.93_af0.3_b0.45_d5_top1	0,1,2	0.8159567931704953	0.8145695364238409	246	62	50	61.28047178806421	0.8414495710431943	0.0
split_rescue_p0_sx650_ani0.93_af0.3_b0.45_d5_top2	0,1,2	0.8159567931704953	0.8145695364238409	246	62	50	61.28047178806421	0.8414495710431943	0.0
split_rescue_p0_sx650_ani0.93_af0.5_b0.45_d10_top0	0,1,2	0.8159567931704953	0.8145695364238409	246	62	50	61.28047178806421	0.8414495710431943	0.0
split_rescue_p0_sx650_ani0.93_af0.5_b0.45_d10_top1	0,1,2	0.8159567931704953	0.8145695364238409	246	62	50	61.28047178806421	0.8414495710431943	0.0
split_rescue_p0_sx650_ani0.93_af0.5_b0.45_d10_top2	0,1,2	0.8159567931704953	0.8145695364238409	246	62	50	61.28047178806421	0.8414495710431943	0.0
split_rescue_p0_sx650_ani0.93_af0.5_b0.45_d1_top0	0,1,2	0.8159567931704953	0.8145695364238409	246	62	50	61.28047178806421	0.8414495710431943	0.0
split_rescue_p0_sx650_ani0.93_af0.5_b0.45_d1_top1	0,1,2	0.8159567931704953	0.8145695364238409	246	62	50	61.28047178806421	0.8414495710431943	0.0
split_rescue_p0_sx650_ani0.93_af0.5_b0.45_d1_top2	0,1,2	0.8159567931704953	0.8145695364238409	246	62	50	61.28047178806421	0.8414495710431943	0.0
split_rescue_p0_sx650_ani0.93_af0.5_b0.45_d2_top0	0,1,2	0.8159567931704953	0.8145695364238409	246	62	50	61.28047178806421	0.8414495710431943	0.0
split_rescue_p0_sx650_ani0.93_af0.5_b0.45_d2_top1	0,1,2	0.8159567931704953	0.8145695364238409	246	62	50	61.28047178806421	0.8414495710431943	0.0
split_rescue_p0_sx650_ani0.93_af0.5_b0.45_d2_top2	0,1,2	0.8159567931704953	0.8145695364238409	246	62	50	61.28047178806421	0.8414495710431943	0.0
split_rescue_p0_sx650_ani0.93_af0.5_b0.45_d5_top0	0,1,2	0.8159567931704953	0.8145695364238409	246	62	50	61.28047178806421	0.8414495710431943	0.0
split_rescue_p0_sx650_ani0.93_af0.5_b0.45_d5_top1	0,1,2	0.8159567931704953	0.8145695364238409	246	62	50	61.28047178806421	0.8414495710431943	0.0
split_rescue_p0_sx650_ani0.93_af0.5_b0.45_d5_top2	0,1,2	0.8159567931704953	0.8145695364238409	246	62	50	61.28047178806421	0.8414495710431943	0.0
split_rescue_p0_sx650_ani0.95_af0.3_b0.45_d10_top0	0,1,2	0.8159567931704953	0.8145695364238409	246	62	50	61.28047178806421	0.8414495710431943	0.0
split_rescue_p0_sx650_ani0.95_af0.3_b0.45_d10_top1	0,1,2	0.8159567931704953	0.8145695364238409	246	62	50	61.28047178806421	0.8414495710431943	0.0
split_rescue_p0_sx650_ani0.95_af0.3_b0.45_d10_top2	0,1,2	0.8159567931704953	0.8145695364238409	246	62	50	61.28047178806421	0.8414495710431943	0.0
split_rescue_p0_sx650_ani0.95_af0.3_b0.45_d1_top0	0,1,2	0.8159567931704953	0.8145695364238409	246	62	50	61.28047178806421	0.8414495710431943	0.0
split_rescue_p0_sx650_ani0.95_af0.3_b0.45_d1_top1	0,1,2	0.8159567931704953	0.8145695364238409	246	62	50	61.28047178806421	0.8414495710431943	0.0
split_rescue_p0_sx650_ani0.95_af0.3_b0.45_d1_top2	0,1,2	0.8159567931704953	0.8145695364238409	246	62	50	61.28047178806421	0.8414495710431943	0.0
split_rescue_p0_sx650_ani0.95_af0.3_b0.45_d2_top0	0,1,2	0.8159567931704953	0.8145695364238409	246	62	50	61.28047178806421	0.8414495710431943	0.0
split_rescue_p0_sx650_ani0.95_af0.3_b0.45_d2_top1	0,1,2	0.8159567931704953	0.8145695364238409	246	62	50	61.28047178806421	0.8414495710431943	0.0
split_rescue_p0_sx650_ani0.95_af0.3_b0.45_d2_top2	0,1,2	0.8159567931704953	0.8145695364238409	246	62	50	61.28047178806421	0.8414495710431943	0.0
split_rescue_p0_sx650_ani0.95_af0.3_b0.45_d5_top0	0,1,2	0.8159567931704953	0.8145695364238409	246	62	50	61.28047178806421	0.8414495710431943	0.0
split_rescue_p0_sx650_ani0.95_af0.3_b0.45_d5_top1	0,1,2	0.8159567931704953	0.8145695364238409	246	62	50	61.28047178806421	0.8414495710431943	0.0
split_rescue_p0_sx650_ani0.95_af0.3_b0.45_d5_top2	0,1,2	0.8159567931704953	0.8145695364238409	246	62	50	61.28047178806421	0.8414495710431943	0.0
split_rescue_p0_sx650_ani0.95_af0.5_b0.45_d10_top0	0,1,2	0.8159567931704953	0.8145695364238409	246	62	50	61.28047178806421	0.8414495710431943	0.0
split_rescue_p0_sx650_ani0.95_af0.5_b0.45_d10_top1	0,1,2	0.8159567931704953	0.8145695364238409	246	62	50	61.28047178806421	0.8414495710431943	0.0
split_rescue_p0_sx650_ani0.95_af0.5_b0.45_d10_top2	0,1,2	0.8159567931704953	0.8145695364238409	246	62	50	61.28047178806421	0.8414495710431943	0.0
split_rescue_p0_sx650_ani0.95_af0.5_b0.45_d1_top0	0,1,2	0.8159567931704953	0.8145695364238409	246	62	50	61.28047178806421	0.8414495710431943	0.0
split_rescue_p0_sx650_ani0.95_af0.5_b0.45_d1_top1	0,1,2	0.8159567931704953	0.8145695364238409	246	62	50	61.28047178806421	0.8414495710431943	0.0
split_rescue_p0_sx650_ani0.95_af0.5_b0.45_d1_top2	0,1,2	0.8159567931704953	0.8145695364238409	246	62	50	61.28047178806421	0.8414495710431943	0.0
split_rescue_p0_sx650_ani0.95_af0.5_b0.45_d2_top0	0,1,2	0.8159567931704953	0.8145695364238409	246	62	50	61.28047178806421	0.8414495710431943	0.0
split_rescue_p0_sx650_ani0.95_af0.5_b0.45_d2_top1	0,1,2	0.8159567931704953	0.8145695364238409	246	62	50	61.28047178806421	0.8414495710431943	0.0
split_rescue_p0_sx650_ani0.95_af0.5_b0.45_d2_top2	0,1,2	0.8159567931704953	0.8145695364238409	246	62	50	61.28047178806421	0.8414495710431943	0.0
split_rescue_p0_sx650_ani0.95_af0.5_b0.45_d5_top0	0,1,2	0.8159567931704953	0.8145695364238409	246	62	50	61.28047178806421	0.8414495710431943	0.0
split_rescue_p0_sx650_ani0.95_af0.5_b0.45_d5_top1	0,1,2	0.8159567931704953	0.8145695364238409	246	62	50	61.28047178806421	0.8414495710431943	0.0
split_rescue_p0_sx650_ani0.95_af0.5_b0.45_d5_top2	0,1,2	0.8159567931704953	0.8145695364238409	246	62	50	61.28047178806421	0.8414495710431943	0.0
baseline_current_p1	0,1,2	0.8159567931704953	0.8145695364238409	246	62	50	80.9483906539083	0.7465356143019871	0.0
split_rescue_p0_sx300_ani0.95_af0.3_b0.2_d2_top0	0,1,2	0.8153284822664458	0.8142164781906299	252	71	44	51.6157502875891	0.896336962702507	5.0
split_rescue_p0_sx300_ani0.95_af0.3_b0.2_d2_top2	0,1,2	0.8153284822664458	0.8142164781906299	252	71	44	51.6157502875891	0.896336962702507	5.0
