panel	sample	method	truth_species	pred_species	TP	FP	FN	precision	recall	F1	L1_union_pp	Pearson_union	added_species	rule	added_rows	added_mass_before_norm
hmp_airskin_gtdb_source_abundance	0	zero_mass	33	36	29	7	4	0.8055555555555556	0.8787878787878788	0.8405797101449276	18.780365281635753	0.9895037710483946	0	candidate-surface abundance policy; fixed calls	0	0.0
hmp_airskin_gtdb_source_abundance	0	normalized_depth_alpha0.05	33	36	29	7	4	0.8055555555555556	0.8787878787878788	0.8405797101449276	18.780365281635753	0.9895037710483946	0	candidate-surface abundance policy; fixed calls	0	0.0
hmp_airskin_gtdb_source_abundance	0	normalized_depth_alpha0.1	33	36	29	7	4	0.8055555555555556	0.8787878787878788	0.8405797101449276	18.780365281635753	0.9895037710483946	0	candidate-surface abundance policy; fixed calls	0	0.0
hmp_airskin_gtdb_source_abundance	0	normalized_depth_alpha0.25	33	36	29	7	4	0.8055555555555556	0.8787878787878788	0.8405797101449276	18.780365281635753	0.9895037710483946	0	candidate-surface abundance policy; fixed calls	0	0.0
hmp_airskin_gtdb_source_abundance	0	normalized_depth_alpha0.5	33	36	29	7	4	0.8055555555555556	0.8787878787878788	0.8405797101449276	18.780365281635753	0.9895037710483946	0	candidate-surface abundance policy; fixed calls	0	0.0
hmp_airskin_gtdb_source_abundance	0	normalized_depth_alpha1	33	36	29	7	4	0.8055555555555556	0.8787878787878788	0.8405797101449276	18.780365281635753	0.9895037710483946	0	candidate-surface abundance policy; fixed calls	0	0.0
hmp_airskin_gtdb_source_abundance	0	normalized_depth_alpha2	33	36	29	7	4	0.8055555555555556	0.8787878787878788	0.8405797101449276	18.780365281635753	0.9895037710483946	0	candidate-surface abundance policy; fixed calls	0	0.0
hmp_airskin_gtdb_source_abundance	0	normalized_depth_alpha5	33	36	29	7	4	0.8055555555555556	0.8787878787878788	0.8405797101449276	18.780365281635753	0.9895037710483946	0	candidate-surface abundance policy; fixed calls	0	0.0
hmp_airskin_gtdb_source_abundance	0	normalized_depth_alpha10	33	36	29	7	4	0.8055555555555556	0.8787878787878788	0.8405797101449276	18.780365281635753	0.9895037710483946	0	candidate-surface abundance policy; fixed calls	0	0.0
hmp_airskin_gtdb_source_abundance	0	normalized_depth_cap0.001	33	36	29	7	4	0.8055555555555556	0.8787878787878788	0.8405797101449276	18.780365281635753	0.9895037710483946	0	candidate-surface abundance policy; fixed calls	0	0.0
hmp_airskin_gtdb_source_abundance	0	normalized_depth_cap0.003	33	36	29	7	4	0.8055555555555556	0.8787878787878788	0.8405797101449276	18.780365281635753	0.9895037710483946	0	candidate-surface abundance policy; fixed calls	0	0.0
hmp_airskin_gtdb_source_abundance	0	normalized_depth_cap0.005	33	36	29	7	4	0.8055555555555556	0.8787878787878788	0.8405797101449276	18.780365281635753	0.9895037710483946	0	candidate-surface abundance policy; fixed calls	0	0.0
hmp_airskin_gtdb_source_abundance	0	normalized_depth_cap0.01	33	36	29	7	4	0.8055555555555556	0.8787878787878788	0.8405797101449276	18.780365281635753	0.9895037710483946	0	candidate-surface abundance policy; fixed calls	0	0.0
hmp_airskin_gtdb_source_abundance	0	normalized_depth_cap0.02	33	36	29	7	4	0.8055555555555556	0.8787878787878788	0.8405797101449276	18.780365281635753	0.9895037710483946	0	candidate-surface abundance policy; fixed calls	0	0.0
hmp_airskin_gtdb_source_abundance	0	normalized_depth_cap0.05	33	36	29	7	4	0.8055555555555556	0.8787878787878788	0.8405797101449276	18.780365281635753	0.9895037710483946	0	candidate-surface abundance policy; fixed calls	0	0.0
hmp_airskin_gtdb_source_abundance	0	normalized_depth_alpha0.25_cap0.001	33	36	29	7	4	0.8055555555555556	0.8787878787878788	0.8405797101449276	18.780365281635753	0.9895037710483946	0	candidate-surface abundance policy; fixed calls	0	0.0
hmp_airskin_gtdb_source_abundance	0	normalized_depth_alpha0.25_cap0.003	33	36	29	7	4	0.8055555555555556	0.8787878787878788	0.8405797101449276	18.780365281635753	0.9895037710483946	0	candidate-surface abundance policy; fixed calls	0	0.0
hmp_airskin_gtdb_source_abundance	0	normalized_depth_alpha0.25_cap0.005	33	36	29	7	4	0.8055555555555556	0.8787878787878788	0.8405797101449276	18.780365281635753	0.9895037710483946	0	candidate-surface abundance policy; fixed calls	0	0.0
hmp_airskin_gtdb_source_abundance	0	normalized_depth_alpha0.25_cap0.01	33	36	29	7	4	0.8055555555555556	0.8787878787878788	0.8405797101449276	18.780365281635753	0.9895037710483946	0	candidate-surface abundance policy; fixed calls	0	0.0
hmp_airskin_gtdb_source_abundance	0	normalized_depth_alpha0.25_cap0.02	33	36	29	7	4	0.8055555555555556	0.8787878787878788	0.8405797101449276	18.780365281635753	0.9895037710483946	0	candidate-surface abundance policy; fixed calls	0	0.0
hmp_airskin_gtdb_source_abundance	0	normalized_depth_alpha0.25_cap0.05	33	36	29	7	4	0.8055555555555556	0.8787878787878788	0.8405797101449276	18.780365281635753	0.9895037710483946	0	candidate-surface abundance policy; fixed calls	0	0.0
hmp_airskin_gtdb_source_abundance	0	normalized_depth_alpha0.5_cap0.001	33	36	29	7	4	0.8055555555555556	0.8787878787878788	0.8405797101449276	18.780365281635753	0.9895037710483946	0	candidate-surface abundance policy; fixed calls	0	0.0
hmp_airskin_gtdb_source_abundance	0	normalized_depth_alpha0.5_cap0.003	33	36	29	7	4	0.8055555555555556	0.8787878787878788	0.8405797101449276	18.780365281635753	0.9895037710483946	0	candidate-surface abundance policy; fixed calls	0	0.0
hmp_airskin_gtdb_source_abundance	0	normalized_depth_alpha0.5_cap0.005	33	36	29	7	4	0.8055555555555556	0.8787878787878788	0.8405797101449276	18.780365281635753	0.9895037710483946	0	candidate-surface abundance policy; fixed calls	0	0.0
hmp_airskin_gtdb_source_abundance	0	normalized_depth_alpha0.5_cap0.01	33	36	29	7	4	0.8055555555555556	0.8787878787878788	0.8405797101449276	18.780365281635753	0.9895037710483946	0	candidate-surface abundance policy; fixed calls	0	0.0
hmp_airskin_gtdb_source_abundance	0	normalized_depth_alpha0.5_cap0.02	33	36	29	7	4	0.8055555555555556	0.8787878787878788	0.8405797101449276	18.780365281635753	0.9895037710483946	0	candidate-surface abundance policy; fixed calls	0	0.0
hmp_airskin_gtdb_source_abundance	0	normalized_depth_alpha0.5_cap0.05	33	36	29	7	4	0.8055555555555556	0.8787878787878788	0.8405797101449276	18.780365281635753	0.9895037710483946	0	candidate-surface abundance policy; fixed calls	0	0.0
hmp_airskin_gtdb_source_abundance	0	normalized_depth_alpha1_cap0.001	33	36	29	7	4	0.8055555555555556	0.8787878787878788	0.8405797101449276	18.780365281635753	0.9895037710483946	0	candidate-surface abundance policy; fixed calls	0	0.0
hmp_airskin_gtdb_source_abundance	0	normalized_depth_alpha1_cap0.003	33	36	29	7	4	0.8055555555555556	0.8787878787878788	0.8405797101449276	18.780365281635753	0.9895037710483946	0	candidate-surface abundance policy; fixed calls	0	0.0
hmp_airskin_gtdb_source_abundance	0	normalized_depth_alpha1_cap0.005	33	36	29	7	4	0.8055555555555556	0.8787878787878788	0.8405797101449276	18.780365281635753	0.9895037710483946	0	candidate-surface abundance policy; fixed calls	0	0.0
hmp_airskin_gtdb_source_abundance	0	normalized_depth_alpha1_cap0.01	33	36	29	7	4	0.8055555555555556	0.8787878787878788	0.8405797101449276	18.780365281635753	0.9895037710483946	0	candidate-surface abundance policy; fixed calls	0	0.0
hmp_airskin_gtdb_source_abundance	0	normalized_depth_alpha1_cap0.02	33	36	29	7	4	0.8055555555555556	0.8787878787878788	0.8405797101449276	18.780365281635753	0.9895037710483946	0	candidate-surface abundance policy; fixed calls	0	0.0
hmp_airskin_gtdb_source_abundance	0	normalized_depth_alpha1_cap0.05	33	36	29	7	4	0.8055555555555556	0.8787878787878788	0.8405797101449276	18.780365281635753	0.9895037710483946	0	candidate-surface abundance policy; fixed calls	0	0.0
hmp_airskin_gtdb_source_abundance	0	normalized_depth_alpha2_cap0.001	33	36	29	7	4	0.8055555555555556	0.8787878787878788	0.8405797101449276	18.780365281635753	0.9895037710483946	0	candidate-surface abundance policy; fixed calls	0	0.0
hmp_airskin_gtdb_source_abundance	0	normalized_depth_alpha2_cap0.003	33	36	29	7	4	0.8055555555555556	0.8787878787878788	0.8405797101449276	18.780365281635753	0.9895037710483946	0	candidate-surface abundance policy; fixed calls	0	0.0
hmp_airskin_gtdb_source_abundance	0	normalized_depth_alpha2_cap0.005	33	36	29	7	4	0.8055555555555556	0.8787878787878788	0.8405797101449276	18.780365281635753	0.9895037710483946	0	candidate-surface abundance policy; fixed calls	0	0.0
hmp_airskin_gtdb_source_abundance	0	normalized_depth_alpha2_cap0.01	33	36	29	7	4	0.8055555555555556	0.8787878787878788	0.8405797101449276	18.780365281635753	0.9895037710483946	0	candidate-surface abundance policy; fixed calls	0	0.0
hmp_airskin_gtdb_source_abundance	0	normalized_depth_alpha2_cap0.02	33	36	29	7	4	0.8055555555555556	0.8787878787878788	0.8405797101449276	18.780365281635753	0.9895037710483946	0	candidate-surface abundance policy; fixed calls	0	0.0
hmp_airskin_gtdb_source_abundance	0	normalized_depth_alpha2_cap0.05	33	36	29	7	4	0.8055555555555556	0.8787878787878788	0.8405797101449276	18.780365281635753	0.9895037710483946	0	candidate-surface abundance policy; fixed calls	0	0.0
hmp_airskin_gtdb_source_abundance	0	xny_share_alpha0.05	33	36	29	7	4	0.8055555555555556	0.8787878787878788	0.8405797101449276	18.780365281635753	0.9895037710483946	0	candidate-surface abundance policy; fixed calls	0	0.0
hmp_airskin_gtdb_source_abundance	0	xny_share_alpha0.1	33	36	29	7	4	0.8055555555555556	0.8787878787878788	0.8405797101449276	18.780365281635753	0.9895037710483946	0	candidate-surface abundance policy; fixed calls	0	0.0
hmp_airskin_gtdb_source_abundance	0	xny_share_alpha0.25	33	36	29	7	4	0.8055555555555556	0.8787878787878788	0.8405797101449276	18.780365281635753	0.9895037710483946	0	candidate-surface abundance policy; fixed calls	0	0.0
hmp_airskin_gtdb_source_abundance	0	xny_share_alpha0.5	33	36	29	7	4	0.8055555555555556	0.8787878787878788	0.8405797101449276	18.780365281635753	0.9895037710483946	0	candidate-surface abundance policy; fixed calls	0	0.0
hmp_airskin_gtdb_source_abundance	0	xny_share_alpha1	33	36	29	7	4	0.8055555555555556	0.8787878787878788	0.8405797101449276	18.780365281635753	0.9895037710483946	0	candidate-surface abundance policy; fixed calls	0	0.0
hmp_airskin_gtdb_source_abundance	0	xny_share_alpha2	33	36	29	7	4	0.8055555555555556	0.8787878787878788	0.8405797101449276	18.780365281635753	0.9895037710483946	0	candidate-surface abundance policy; fixed calls	0	0.0
hmp_airskin_gtdb_source_abundance	0	xny_share_alpha5	33	36	29	7	4	0.8055555555555556	0.8787878787878788	0.8405797101449276	18.780365281635753	0.9895037710483946	0	candidate-surface abundance policy; fixed calls	0	0.0
hmp_airskin_gtdb_source_abundance	0	xny_share_alpha10	33	36	29	7	4	0.8055555555555556	0.8787878787878788	0.8405797101449276	18.780365281635753	0.9895037710483946	0	candidate-surface abundance policy; fixed calls	0	0.0
hmp_airskin_gtdb_source_abundance	0	xny_share_cap0.001	33	36	29	7	4	0.8055555555555556	0.8787878787878788	0.8405797101449276	18.780365281635753	0.9895037710483946	0	candidate-surface abundance policy; fixed calls	0	0.0
hmp_airskin_gtdb_source_abundance	0	xny_share_cap0.003	33	36	29	7	4	0.8055555555555556	0.8787878787878788	0.8405797101449276	18.780365281635753	0.9895037710483946	0	candidate-surface abundance policy; fixed calls	0	0.0
hmp_airskin_gtdb_source_abundance	0	xny_share_cap0.005	33	36	29	7	4	0.8055555555555556	0.8787878787878788	0.8405797101449276	18.780365281635753	0.9895037710483946	0	candidate-surface abundance policy; fixed calls	0	0.0
hmp_airskin_gtdb_source_abundance	0	xny_share_cap0.01	33	36	29	7	4	0.8055555555555556	0.8787878787878788	0.8405797101449276	18.780365281635753	0.9895037710483946	0	candidate-surface abundance policy; fixed calls	0	0.0
hmp_airskin_gtdb_source_abundance	0	xny_share_cap0.02	33	36	29	7	4	0.8055555555555556	0.8787878787878788	0.8405797101449276	18.780365281635753	0.9895037710483946	0	candidate-surface abundance policy; fixed calls	0	0.0
hmp_airskin_gtdb_source_abundance	0	xny_share_cap0.05	33	36	29	7	4	0.8055555555555556	0.8787878787878788	0.8405797101449276	18.780365281635753	0.9895037710483946	0	candidate-surface abundance policy; fixed calls	0	0.0
hmp_airskin_gtdb_source_abundance	0	xny_share_alpha0.25_cap0.001	33	36	29	7	4	0.8055555555555556	0.8787878787878788	0.8405797101449276	18.780365281635753	0.9895037710483946	0	candidate-surface abundance policy; fixed calls	0	0.0
hmp_airskin_gtdb_source_abundance	0	xny_share_alpha0.25_cap0.003	33	36	29	7	4	0.8055555555555556	0.8787878787878788	0.8405797101449276	18.780365281635753	0.9895037710483946	0	candidate-surface abundance policy; fixed calls	0	0.0
hmp_airskin_gtdb_source_abundance	0	xny_share_alpha0.25_cap0.005	33	36	29	7	4	0.8055555555555556	0.8787878787878788	0.8405797101449276	18.780365281635753	0.9895037710483946	0	candidate-surface abundance policy; fixed calls	0	0.0
hmp_airskin_gtdb_source_abundance	0	xny_share_alpha0.25_cap0.01	33	36	29	7	4	0.8055555555555556	0.8787878787878788	0.8405797101449276	18.780365281635753	0.9895037710483946	0	candidate-surface abundance policy; fixed calls	0	0.0
hmp_airskin_gtdb_source_abundance	0	xny_share_alpha0.25_cap0.02	33	36	29	7	4	0.8055555555555556	0.8787878787878788	0.8405797101449276	18.780365281635753	0.9895037710483946	0	candidate-surface abundance policy; fixed calls	0	0.0
hmp_airskin_gtdb_source_abundance	0	xny_share_alpha0.25_cap0.05	33	36	29	7	4	0.8055555555555556	0.8787878787878788	0.8405797101449276	18.780365281635753	0.9895037710483946	0	candidate-surface abundance policy; fixed calls	0	0.0
hmp_airskin_gtdb_source_abundance	0	xny_share_alpha0.5_cap0.001	33	36	29	7	4	0.8055555555555556	0.8787878787878788	0.8405797101449276	18.780365281635753	0.9895037710483946	0	candidate-surface abundance policy; fixed calls	0	0.0
hmp_airskin_gtdb_source_abundance	0	xny_share_alpha0.5_cap0.003	33	36	29	7	4	0.8055555555555556	0.8787878787878788	0.8405797101449276	18.780365281635753	0.9895037710483946	0	candidate-surface abundance policy; fixed calls	0	0.0
hmp_airskin_gtdb_source_abundance	0	xny_share_alpha0.5_cap0.005	33	36	29	7	4	0.8055555555555556	0.8787878787878788	0.8405797101449276	18.780365281635753	0.9895037710483946	0	candidate-surface abundance policy; fixed calls	0	0.0
hmp_airskin_gtdb_source_abundance	0	xny_share_alpha0.5_cap0.01	33	36	29	7	4	0.8055555555555556	0.8787878787878788	0.8405797101449276	18.780365281635753	0.9895037710483946	0	candidate-surface abundance policy; fixed calls	0	0.0
hmp_airskin_gtdb_source_abundance	0	xny_share_alpha0.5_cap0.02	33	36	29	7	4	0.8055555555555556	0.8787878787878788	0.8405797101449276	18.780365281635753	0.9895037710483946	0	candidate-surface abundance policy; fixed calls	0	0.0
hmp_airskin_gtdb_source_abundance	0	xny_share_alpha0.5_cap0.05	33	36	29	7	4	0.8055555555555556	0.8787878787878788	0.8405797101449276	18.780365281635753	0.9895037710483946	0	candidate-surface abundance policy; fixed calls	0	0.0
hmp_airskin_gtdb_source_abundance	0	xny_share_alpha1_cap0.001	33	36	29	7	4	0.8055555555555556	0.8787878787878788	0.8405797101449276	18.780365281635753	0.9895037710483946	0	candidate-surface abundance policy; fixed calls	0	0.0
hmp_airskin_gtdb_source_abundance	0	xny_share_alpha1_cap0.003	33	36	29	7	4	0.8055555555555556	0.8787878787878788	0.8405797101449276	18.780365281635753	0.9895037710483946	0	candidate-surface abundance policy; fixed calls	0	0.0
hmp_airskin_gtdb_source_abundance	0	xny_share_alpha1_cap0.005	33	36	29	7	4	0.8055555555555556	0.8787878787878788	0.8405797101449276	18.780365281635753	0.9895037710483946	0	candidate-surface abundance policy; fixed calls	0	0.0
hmp_airskin_gtdb_source_abundance	0	xny_share_alpha1_cap0.01	33	36	29	7	4	0.8055555555555556	0.8787878787878788	0.8405797101449276	18.780365281635753	0.9895037710483946	0	candidate-surface abundance policy; fixed calls	0	0.0
hmp_airskin_gtdb_source_abundance	0	xny_share_alpha1_cap0.02	33	36	29	7	4	0.8055555555555556	0.8787878787878788	0.8405797101449276	18.780365281635753	0.9895037710483946	0	candidate-surface abundance policy; fixed calls	0	0.0
hmp_airskin_gtdb_source_abundance	0	xny_share_alpha1_cap0.05	33	36	29	7	4	0.8055555555555556	0.8787878787878788	0.8405797101449276	18.780365281635753	0.9895037710483946	0	candidate-surface abundance policy; fixed calls	0	0.0
hmp_airskin_gtdb_source_abundance	0	xny_share_alpha2_cap0.001	33	36	29	7	4	0.8055555555555556	0.8787878787878788	0.8405797101449276	18.780365281635753	0.9895037710483946	0	candidate-surface abundance policy; fixed calls	0	0.0
hmp_airskin_gtdb_source_abundance	0	xny_share_alpha2_cap0.003	33	36	29	7	4	0.8055555555555556	0.8787878787878788	0.8405797101449276	18.780365281635753	0.9895037710483946	0	candidate-surface abundance policy; fixed calls	0	0.0
hmp_airskin_gtdb_source_abundance	0	xny_share_alpha2_cap0.005	33	36	29	7	4	0.8055555555555556	0.8787878787878788	0.8405797101449276	18.780365281635753	0.9895037710483946	0	candidate-surface abundance policy; fixed calls	0	0.0
hmp_airskin_gtdb_source_abundance	0	xny_share_alpha2_cap0.01	33	36	29	7	4	0.8055555555555556	0.8787878787878788	0.8405797101449276	18.780365281635753	0.9895037710483946	0	candidate-surface abundance policy; fixed calls	0	0.0
hmp_airskin_gtdb_source_abundance	0	xny_share_alpha2_cap0.02	33	36	29	7	4	0.8055555555555556	0.8787878787878788	0.8405797101449276	18.780365281635753	0.9895037710483946	0	candidate-surface abundance policy; fixed calls	0	0.0
hmp_airskin_gtdb_source_abundance	0	xny_share_alpha2_cap0.05	33	36	29	7	4	0.8055555555555556	0.8787878787878788	0.8405797101449276	18.780365281635753	0.9895037710483946	0	candidate-surface abundance policy; fixed calls	0	0.0
hmp_airskin_gtdb_source_abundance	0	depth_share_alpha0.05	33	36	29	7	4	0.8055555555555556	0.8787878787878788	0.8405797101449276	18.780365281635753	0.9895037710483946	0	candidate-surface abundance policy; fixed calls	0	0.0
hmp_airskin_gtdb_source_abundance	0	depth_share_alpha0.1	33	36	29	7	4	0.8055555555555556	0.8787878787878788	0.8405797101449276	18.780365281635753	0.9895037710483946	0	candidate-surface abundance policy; fixed calls	0	0.0
hmp_airskin_gtdb_source_abundance	0	depth_share_alpha0.25	33	36	29	7	4	0.8055555555555556	0.8787878787878788	0.8405797101449276	18.780365281635753	0.9895037710483946	0	candidate-surface abundance policy; fixed calls	0	0.0
hmp_airskin_gtdb_source_abundance	0	depth_share_alpha0.5	33	36	29	7	4	0.8055555555555556	0.8787878787878788	0.8405797101449276	18.780365281635753	0.9895037710483946	0	candidate-surface abundance policy; fixed calls	0	0.0
hmp_airskin_gtdb_source_abundance	0	depth_share_alpha1	33	36	29	7	4	0.8055555555555556	0.8787878787878788	0.8405797101449276	18.780365281635753	0.9895037710483946	0	candidate-surface abundance policy; fixed calls	0	0.0
hmp_airskin_gtdb_source_abundance	0	depth_share_alpha2	33	36	29	7	4	0.8055555555555556	0.8787878787878788	0.8405797101449276	18.780365281635753	0.9895037710483946	0	candidate-surface abundance policy; fixed calls	0	0.0
hmp_airskin_gtdb_source_abundance	0	depth_share_alpha5	33	36	29	7	4	0.8055555555555556	0.8787878787878788	0.8405797101449276	18.780365281635753	0.9895037710483946	0	candidate-surface abundance policy; fixed calls	0	0.0
hmp_airskin_gtdb_source_abundance	0	depth_share_alpha10	33	36	29	7	4	0.8055555555555556	0.8787878787878788	0.8405797101449276	18.780365281635753	0.9895037710483946	0	candidate-surface abundance policy; fixed calls	0	0.0
hmp_airskin_gtdb_source_abundance	0	depth_share_cap0.001	33	36	29	7	4	0.8055555555555556	0.8787878787878788	0.8405797101449276	18.780365281635753	0.9895037710483946	0	candidate-surface abundance policy; fixed calls	0	0.0
hmp_airskin_gtdb_source_abundance	0	depth_share_cap0.003	33	36	29	7	4	0.8055555555555556	0.8787878787878788	0.8405797101449276	18.780365281635753	0.9895037710483946	0	candidate-surface abundance policy; fixed calls	0	0.0
hmp_airskin_gtdb_source_abundance	0	depth_share_cap0.005	33	36	29	7	4	0.8055555555555556	0.8787878787878788	0.8405797101449276	18.780365281635753	0.9895037710483946	0	candidate-surface abundance policy; fixed calls	0	0.0
hmp_airskin_gtdb_source_abundance	0	depth_share_cap0.01	33	36	29	7	4	0.8055555555555556	0.8787878787878788	0.8405797101449276	18.780365281635753	0.9895037710483946	0	candidate-surface abundance policy; fixed calls	0	0.0
hmp_airskin_gtdb_source_abundance	0	depth_share_cap0.02	33	36	29	7	4	0.8055555555555556	0.8787878787878788	0.8405797101449276	18.780365281635753	0.9895037710483946	0	candidate-surface abundance policy; fixed calls	0	0.0
hmp_airskin_gtdb_source_abundance	0	depth_share_cap0.05	33	36	29	7	4	0.8055555555555556	0.8787878787878788	0.8405797101449276	18.780365281635753	0.9895037710483946	0	candidate-surface abundance policy; fixed calls	0	0.0
hmp_airskin_gtdb_source_abundance	0	depth_share_alpha0.25_cap0.001	33	36	29	7	4	0.8055555555555556	0.8787878787878788	0.8405797101449276	18.780365281635753	0.9895037710483946	0	candidate-surface abundance policy; fixed calls	0	0.0
hmp_airskin_gtdb_source_abundance	0	depth_share_alpha0.25_cap0.003	33	36	29	7	4	0.8055555555555556	0.8787878787878788	0.8405797101449276	18.780365281635753	0.9895037710483946	0	candidate-surface abundance policy; fixed calls	0	0.0
hmp_airskin_gtdb_source_abundance	0	depth_share_alpha0.25_cap0.005	33	36	29	7	4	0.8055555555555556	0.8787878787878788	0.8405797101449276	18.780365281635753	0.9895037710483946	0	candidate-surface abundance policy; fixed calls	0	0.0
hmp_airskin_gtdb_source_abundance	0	depth_share_alpha0.25_cap0.01	33	36	29	7	4	0.8055555555555556	0.8787878787878788	0.8405797101449276	18.780365281635753	0.9895037710483946	0	candidate-surface abundance policy; fixed calls	0	0.0
hmp_airskin_gtdb_source_abundance	0	depth_share_alpha0.25_cap0.02	33	36	29	7	4	0.8055555555555556	0.8787878787878788	0.8405797101449276	18.780365281635753	0.9895037710483946	0	candidate-surface abundance policy; fixed calls	0	0.0
hmp_airskin_gtdb_source_abundance	0	depth_share_alpha0.25_cap0.05	33	36	29	7	4	0.8055555555555556	0.8787878787878788	0.8405797101449276	18.780365281635753	0.9895037710483946	0	candidate-surface abundance policy; fixed calls	0	0.0
hmp_airskin_gtdb_source_abundance	0	depth_share_alpha0.5_cap0.001	33	36	29	7	4	0.8055555555555556	0.8787878787878788	0.8405797101449276	18.780365281635753	0.9895037710483946	0	candidate-surface abundance policy; fixed calls	0	0.0
hmp_airskin_gtdb_source_abundance	0	depth_share_alpha0.5_cap0.003	33	36	29	7	4	0.8055555555555556	0.8787878787878788	0.8405797101449276	18.780365281635753	0.9895037710483946	0	candidate-surface abundance policy; fixed calls	0	0.0
hmp_airskin_gtdb_source_abundance	0	depth_share_alpha0.5_cap0.005	33	36	29	7	4	0.8055555555555556	0.8787878787878788	0.8405797101449276	18.780365281635753	0.9895037710483946	0	candidate-surface abundance policy; fixed calls	0	0.0
hmp_airskin_gtdb_source_abundance	0	depth_share_alpha0.5_cap0.01	33	36	29	7	4	0.8055555555555556	0.8787878787878788	0.8405797101449276	18.780365281635753	0.9895037710483946	0	candidate-surface abundance policy; fixed calls	0	0.0
hmp_airskin_gtdb_source_abundance	0	depth_share_alpha0.5_cap0.02	33	36	29	7	4	0.8055555555555556	0.8787878787878788	0.8405797101449276	18.780365281635753	0.9895037710483946	0	candidate-surface abundance policy; fixed calls	0	0.0
hmp_airskin_gtdb_source_abundance	0	depth_share_alpha0.5_cap0.05	33	36	29	7	4	0.8055555555555556	0.8787878787878788	0.8405797101449276	18.780365281635753	0.9895037710483946	0	candidate-surface abundance policy; fixed calls	0	0.0
hmp_airskin_gtdb_source_abundance	0	depth_share_alpha1_cap0.001	33	36	29	7	4	0.8055555555555556	0.8787878787878788	0.8405797101449276	18.780365281635753	0.9895037710483946	0	candidate-surface abundance policy; fixed calls	0	0.0
hmp_airskin_gtdb_source_abundance	0	depth_share_alpha1_cap0.003	33	36	29	7	4	0.8055555555555556	0.8787878787878788	0.8405797101449276	18.780365281635753	0.9895037710483946	0	candidate-surface abundance policy; fixed calls	0	0.0
hmp_airskin_gtdb_source_abundance	0	depth_share_alpha1_cap0.005	33	36	29	7	4	0.8055555555555556	0.8787878787878788	0.8405797101449276	18.780365281635753	0.9895037710483946	0	candidate-surface abundance policy; fixed calls	0	0.0
hmp_airskin_gtdb_source_abundance	0	depth_share_alpha1_cap0.01	33	36	29	7	4	0.8055555555555556	0.8787878787878788	0.8405797101449276	18.780365281635753	0.9895037710483946	0	candidate-surface abundance policy; fixed calls	0	0.0
hmp_airskin_gtdb_source_abundance	0	depth_share_alpha1_cap0.02	33	36	29	7	4	0.8055555555555556	0.8787878787878788	0.8405797101449276	18.780365281635753	0.9895037710483946	0	candidate-surface abundance policy; fixed calls	0	0.0
hmp_airskin_gtdb_source_abundance	0	depth_share_alpha1_cap0.05	33	36	29	7	4	0.8055555555555556	0.8787878787878788	0.8405797101449276	18.780365281635753	0.9895037710483946	0	candidate-surface abundance policy; fixed calls	0	0.0
hmp_airskin_gtdb_source_abundance	0	depth_share_alpha2_cap0.001	33	36	29	7	4	0.8055555555555556	0.8787878787878788	0.8405797101449276	18.780365281635753	0.9895037710483946	0	candidate-surface abundance policy; fixed calls	0	0.0
hmp_airskin_gtdb_source_abundance	0	depth_share_alpha2_cap0.003	33	36	29	7	4	0.8055555555555556	0.8787878787878788	0.8405797101449276	18.780365281635753	0.9895037710483946	0	candidate-surface abundance policy; fixed calls	0	0.0
hmp_airskin_gtdb_source_abundance	0	depth_share_alpha2_cap0.005	33	36	29	7	4	0.8055555555555556	0.8787878787878788	0.8405797101449276	18.780365281635753	0.9895037710483946	0	candidate-surface abundance policy; fixed calls	0	0.0
hmp_airskin_gtdb_source_abundance	0	depth_share_alpha2_cap0.01	33	36	29	7	4	0.8055555555555556	0.8787878787878788	0.8405797101449276	18.780365281635753	0.9895037710483946	0	candidate-surface abundance policy; fixed calls	0	0.0
hmp_airskin_gtdb_source_abundance	0	depth_share_alpha2_cap0.02	33	36	29	7	4	0.8055555555555556	0.8787878787878788	0.8405797101449276	18.780365281635753	0.9895037710483946	0	candidate-surface abundance policy; fixed calls	0	0.0
hmp_airskin_gtdb_source_abundance	0	depth_share_alpha2_cap0.05	33	36	29	7	4	0.8055555555555556	0.8787878787878788	0.8405797101449276	18.780365281635753	0.9895037710483946	0	candidate-surface abundance policy; fixed calls	0	0.0
hmp_airskin_gtdb_source_abundance	1	zero_mass	51	99	51	48	0	0.5151515151515151	1.0	0.6799999999999999	18.10588369009258	0.9973939434154936	0	candidate-surface abundance policy; fixed calls	0	0.0
hmp_airskin_gtdb_source_abundance	1	normalized_depth_alpha0.05	51	99	51	48	0	0.5151515151515151	1.0	0.6799999999999999	18.10588369009258	0.9973939434154936	0	candidate-surface abundance policy; fixed calls	0	0.0
hmp_airskin_gtdb_source_abundance	1	normalized_depth_alpha0.1	51	99	51	48	0	0.5151515151515151	1.0	0.6799999999999999	18.10588369009258	0.9973939434154936	0	candidate-surface abundance policy; fixed calls	0	0.0
hmp_airskin_gtdb_source_abundance	1	normalized_depth_alpha0.25	51	99	51	48	0	0.5151515151515151	1.0	0.6799999999999999	18.10588369009258	0.9973939434154936	0	candidate-surface abundance policy; fixed calls	0	0.0
hmp_airskin_gtdb_source_abundance	1	normalized_depth_alpha0.5	51	99	51	48	0	0.5151515151515151	1.0	0.6799999999999999	18.10588369009258	0.9973939434154936	0	candidate-surface abundance policy; fixed calls	0	0.0
hmp_airskin_gtdb_source_abundance	1	normalized_depth_alpha1	51	99	51	48	0	0.5151515151515151	1.0	0.6799999999999999	18.10588369009258	0.9973939434154936	0	candidate-surface abundance policy; fixed calls	0	0.0
hmp_airskin_gtdb_source_abundance	1	normalized_depth_alpha2	51	99	51	48	0	0.5151515151515151	1.0	0.6799999999999999	18.10588369009258	0.9973939434154936	0	candidate-surface abundance policy; fixed calls	0	0.0
hmp_airskin_gtdb_source_abundance	1	normalized_depth_alpha5	51	99	51	48	0	0.5151515151515151	1.0	0.6799999999999999	18.10588369009258	0.9973939434154936	0	candidate-surface abundance policy; fixed calls	0	0.0
hmp_airskin_gtdb_source_abundance	1	normalized_depth_alpha10	51	99	51	48	0	0.5151515151515151	1.0	0.6799999999999999	18.10588369009258	0.9973939434154936	0	candidate-surface abundance policy; fixed calls	0	0.0
hmp_airskin_gtdb_source_abundance	1	normalized_depth_cap0.001	51	99	51	48	0	0.5151515151515151	1.0	0.6799999999999999	18.10588369009258	0.9973939434154936	0	candidate-surface abundance policy; fixed calls	0	0.0
hmp_airskin_gtdb_source_abundance	1	normalized_depth_cap0.003	51	99	51	48	0	0.5151515151515151	1.0	0.6799999999999999	18.10588369009258	0.9973939434154936	0	candidate-surface abundance policy; fixed calls	0	0.0
hmp_airskin_gtdb_source_abundance	1	normalized_depth_cap0.005	51	99	51	48	0	0.5151515151515151	1.0	0.6799999999999999	18.10588369009258	0.9973939434154936	0	candidate-surface abundance policy; fixed calls	0	0.0
hmp_airskin_gtdb_source_abundance	1	normalized_depth_cap0.01	51	99	51	48	0	0.5151515151515151	1.0	0.6799999999999999	18.10588369009258	0.9973939434154936	0	candidate-surface abundance policy; fixed calls	0	0.0
hmp_airskin_gtdb_source_abundance	1	normalized_depth_cap0.02	51	99	51	48	0	0.5151515151515151	1.0	0.6799999999999999	18.10588369009258	0.9973939434154936	0	candidate-surface abundance policy; fixed calls	0	0.0
hmp_airskin_gtdb_source_abundance	1	normalized_depth_cap0.05	51	99	51	48	0	0.5151515151515151	1.0	0.6799999999999999	18.10588369009258	0.9973939434154936	0	candidate-surface abundance policy; fixed calls	0	0.0
hmp_airskin_gtdb_source_abundance	1	normalized_depth_alpha0.25_cap0.001	51	99	51	48	0	0.5151515151515151	1.0	0.6799999999999999	18.10588369009258	0.9973939434154936	0	candidate-surface abundance policy; fixed calls	0	0.0
hmp_airskin_gtdb_source_abundance	1	normalized_depth_alpha0.25_cap0.003	51	99	51	48	0	0.5151515151515151	1.0	0.6799999999999999	18.10588369009258	0.9973939434154936	0	candidate-surface abundance policy; fixed calls	0	0.0
hmp_airskin_gtdb_source_abundance	1	normalized_depth_alpha0.25_cap0.005	51	99	51	48	0	0.5151515151515151	1.0	0.6799999999999999	18.10588369009258	0.9973939434154936	0	candidate-surface abundance policy; fixed calls	0	0.0
hmp_airskin_gtdb_source_abundance	1	normalized_depth_alpha0.25_cap0.01	51	99	51	48	0	0.5151515151515151	1.0	0.6799999999999999	18.10588369009258	0.9973939434154936	0	candidate-surface abundance policy; fixed calls	0	0.0
hmp_airskin_gtdb_source_abundance	1	normalized_depth_alpha0.25_cap0.02	51	99	51	48	0	0.5151515151515151	1.0	0.6799999999999999	18.10588369009258	0.9973939434154936	0	candidate-surface abundance policy; fixed calls	0	0.0
hmp_airskin_gtdb_source_abundance	1	normalized_depth_alpha0.25_cap0.05	51	99	51	48	0	0.5151515151515151	1.0	0.6799999999999999	18.10588369009258	0.9973939434154936	0	candidate-surface abundance policy; fixed calls	0	0.0
hmp_airskin_gtdb_source_abundance	1	normalized_depth_alpha0.5_cap0.001	51	99	51	48	0	0.5151515151515151	1.0	0.6799999999999999	18.10588369009258	0.9973939434154936	0	candidate-surface abundance policy; fixed calls	0	0.0
hmp_airskin_gtdb_source_abundance	1	normalized_depth_alpha0.5_cap0.003	51	99	51	48	0	0.5151515151515151	1.0	0.6799999999999999	18.10588369009258	0.9973939434154936	0	candidate-surface abundance policy; fixed calls	0	0.0
hmp_airskin_gtdb_source_abundance	1	normalized_depth_alpha0.5_cap0.005	51	99	51	48	0	0.5151515151515151	1.0	0.6799999999999999	18.10588369009258	0.9973939434154936	0	candidate-surface abundance policy; fixed calls	0	0.0
hmp_airskin_gtdb_source_abundance	1	normalized_depth_alpha0.5_cap0.01	51	99	51	48	0	0.5151515151515151	1.0	0.6799999999999999	18.10588369009258	0.9973939434154936	0	candidate-surface abundance policy; fixed calls	0	0.0
hmp_airskin_gtdb_source_abundance	1	normalized_depth_alpha0.5_cap0.02	51	99	51	48	0	0.5151515151515151	1.0	0.6799999999999999	18.10588369009258	0.9973939434154936	0	candidate-surface abundance policy; fixed calls	0	0.0
hmp_airskin_gtdb_source_abundance	1	normalized_depth_alpha0.5_cap0.05	51	99	51	48	0	0.5151515151515151	1.0	0.6799999999999999	18.10588369009258	0.9973939434154936	0	candidate-surface abundance policy; fixed calls	0	0.0
hmp_airskin_gtdb_source_abundance	1	normalized_depth_alpha1_cap0.001	51	99	51	48	0	0.5151515151515151	1.0	0.6799999999999999	18.10588369009258	0.9973939434154936	0	candidate-surface abundance policy; fixed calls	0	0.0
hmp_airskin_gtdb_source_abundance	1	normalized_depth_alpha1_cap0.003	51	99	51	48	0	0.5151515151515151	1.0	0.6799999999999999	18.10588369009258	0.9973939434154936	0	candidate-surface abundance policy; fixed calls	0	0.0
hmp_airskin_gtdb_source_abundance	1	normalized_depth_alpha1_cap0.005	51	99	51	48	0	0.5151515151515151	1.0	0.6799999999999999	18.10588369009258	0.9973939434154936	0	candidate-surface abundance policy; fixed calls	0	0.0
hmp_airskin_gtdb_source_abundance	1	normalized_depth_alpha1_cap0.01	51	99	51	48	0	0.5151515151515151	1.0	0.6799999999999999	18.10588369009258	0.9973939434154936	0	candidate-surface abundance policy; fixed calls	0	0.0
hmp_airskin_gtdb_source_abundance	1	normalized_depth_alpha1_cap0.02	51	99	51	48	0	0.5151515151515151	1.0	0.6799999999999999	18.10588369009258	0.9973939434154936	0	candidate-surface abundance policy; fixed calls	0	0.0
hmp_airskin_gtdb_source_abundance	1	normalized_depth_alpha1_cap0.05	51	99	51	48	0	0.5151515151515151	1.0	0.6799999999999999	18.10588369009258	0.9973939434154936	0	candidate-surface abundance policy; fixed calls	0	0.0
hmp_airskin_gtdb_source_abundance	1	normalized_depth_alpha2_cap0.001	51	99	51	48	0	0.5151515151515151	1.0	0.6799999999999999	18.10588369009258	0.9973939434154936	0	candidate-surface abundance policy; fixed calls	0	0.0
hmp_airskin_gtdb_source_abundance	1	normalized_depth_alpha2_cap0.003	51	99	51	48	0	0.5151515151515151	1.0	0.6799999999999999	18.10588369009258	0.9973939434154936	0	candidate-surface abundance policy; fixed calls	0	0.0
hmp_airskin_gtdb_source_abundance	1	normalized_depth_alpha2_cap0.005	51	99	51	48	0	0.5151515151515151	1.0	0.6799999999999999	18.10588369009258	0.9973939434154936	0	candidate-surface abundance policy; fixed calls	0	0.0
hmp_airskin_gtdb_source_abundance	1	normalized_depth_alpha2_cap0.01	51	99	51	48	0	0.5151515151515151	1.0	0.6799999999999999	18.10588369009258	0.9973939434154936	0	candidate-surface abundance policy; fixed calls	0	0.0
hmp_airskin_gtdb_source_abundance	1	normalized_depth_alpha2_cap0.02	51	99	51	48	0	0.5151515151515151	1.0	0.6799999999999999	18.10588369009258	0.9973939434154936	0	candidate-surface abundance policy; fixed calls	0	0.0
hmp_airskin_gtdb_source_abundance	1	normalized_depth_alpha2_cap0.05	51	99	51	48	0	0.5151515151515151	1.0	0.6799999999999999	18.10588369009258	0.9973939434154936	0	candidate-surface abundance policy; fixed calls	0	0.0
hmp_airskin_gtdb_source_abundance	1	xny_share_alpha0.05	51	99	51	48	0	0.5151515151515151	1.0	0.6799999999999999	18.10588369009258	0.9973939434154936	0	candidate-surface abundance policy; fixed calls	0	0.0
hmp_airskin_gtdb_source_abundance	1	xny_share_alpha0.1	51	99	51	48	0	0.5151515151515151	1.0	0.6799999999999999	18.10588369009258	0.9973939434154936	0	candidate-surface abundance policy; fixed calls	0	0.0
hmp_airskin_gtdb_source_abundance	1	xny_share_alpha0.25	51	99	51	48	0	0.5151515151515151	1.0	0.6799999999999999	18.10588369009258	0.9973939434154936	0	candidate-surface abundance policy; fixed calls	0	0.0
hmp_airskin_gtdb_source_abundance	1	xny_share_alpha0.5	51	99	51	48	0	0.5151515151515151	1.0	0.6799999999999999	18.10588369009258	0.9973939434154936	0	candidate-surface abundance policy; fixed calls	0	0.0
hmp_airskin_gtdb_source_abundance	1	xny_share_alpha1	51	99	51	48	0	0.5151515151515151	1.0	0.6799999999999999	18.10588369009258	0.9973939434154936	0	candidate-surface abundance policy; fixed calls	0	0.0
hmp_airskin_gtdb_source_abundance	1	xny_share_alpha2	51	99	51	48	0	0.5151515151515151	1.0	0.6799999999999999	18.10588369009258	0.9973939434154936	0	candidate-surface abundance policy; fixed calls	0	0.0
hmp_airskin_gtdb_source_abundance	1	xny_share_alpha5	51	99	51	48	0	0.5151515151515151	1.0	0.6799999999999999	18.10588369009258	0.9973939434154936	0	candidate-surface abundance policy; fixed calls	0	0.0
hmp_airskin_gtdb_source_abundance	1	xny_share_alpha10	51	99	51	48	0	0.5151515151515151	1.0	0.6799999999999999	18.10588369009258	0.9973939434154936	0	candidate-surface abundance policy; fixed calls	0	0.0
hmp_airskin_gtdb_source_abundance	1	xny_share_cap0.001	51	99	51	48	0	0.5151515151515151	1.0	0.6799999999999999	18.10588369009258	0.9973939434154936	0	candidate-surface abundance policy; fixed calls	0	0.0
hmp_airskin_gtdb_source_abundance	1	xny_share_cap0.003	51	99	51	48	0	0.5151515151515151	1.0	0.6799999999999999	18.10588369009258	0.9973939434154936	0	candidate-surface abundance policy; fixed calls	0	0.0
hmp_airskin_gtdb_source_abundance	1	xny_share_cap0.005	51	99	51	48	0	0.5151515151515151	1.0	0.6799999999999999	18.10588369009258	0.9973939434154936	0	candidate-surface abundance policy; fixed calls	0	0.0
hmp_airskin_gtdb_source_abundance	1	xny_share_cap0.01	51	99	51	48	0	0.5151515151515151	1.0	0.6799999999999999	18.10588369009258	0.9973939434154936	0	candidate-surface abundance policy; fixed calls	0	0.0
hmp_airskin_gtdb_source_abundance	1	xny_share_cap0.02	51	99	51	48	0	0.5151515151515151	1.0	0.6799999999999999	18.10588369009258	0.9973939434154936	0	candidate-surface abundance policy; fixed calls	0	0.0
hmp_airskin_gtdb_source_abundance	1	xny_share_cap0.05	51	99	51	48	0	0.5151515151515151	1.0	0.6799999999999999	18.10588369009258	0.9973939434154936	0	candidate-surface abundance policy; fixed calls	0	0.0
hmp_airskin_gtdb_source_abundance	1	xny_share_alpha0.25_cap0.001	51	99	51	48	0	0.5151515151515151	1.0	0.6799999999999999	18.10588369009258	0.9973939434154936	0	candidate-surface abundance policy; fixed calls	0	0.0
hmp_airskin_gtdb_source_abundance	1	xny_share_alpha0.25_cap0.003	51	99	51	48	0	0.5151515151515151	1.0	0.6799999999999999	18.10588369009258	0.9973939434154936	0	candidate-surface abundance policy; fixed calls	0	0.0
hmp_airskin_gtdb_source_abundance	1	xny_share_alpha0.25_cap0.005	51	99	51	48	0	0.5151515151515151	1.0	0.6799999999999999	18.10588369009258	0.9973939434154936	0	candidate-surface abundance policy; fixed calls	0	0.0
hmp_airskin_gtdb_source_abundance	1	xny_share_alpha0.25_cap0.01	51	99	51	48	0	0.5151515151515151	1.0	0.6799999999999999	18.10588369009258	0.9973939434154936	0	candidate-surface abundance policy; fixed calls	0	0.0
hmp_airskin_gtdb_source_abundance	1	xny_share_alpha0.25_cap0.02	51	99	51	48	0	0.5151515151515151	1.0	0.6799999999999999	18.10588369009258	0.9973939434154936	0	candidate-surface abundance policy; fixed calls	0	0.0
hmp_airskin_gtdb_source_abundance	1	xny_share_alpha0.25_cap0.05	51	99	51	48	0	0.5151515151515151	1.0	0.6799999999999999	18.10588369009258	0.9973939434154936	0	candidate-surface abundance policy; fixed calls	0	0.0
hmp_airskin_gtdb_source_abundance	1	xny_share_alpha0.5_cap0.001	51	99	51	48	0	0.5151515151515151	1.0	0.6799999999999999	18.10588369009258	0.9973939434154936	0	candidate-surface abundance policy; fixed calls	0	0.0
hmp_airskin_gtdb_source_abundance	1	xny_share_alpha0.5_cap0.003	51	99	51	48	0	0.5151515151515151	1.0	0.6799999999999999	18.10588369009258	0.9973939434154936	0	candidate-surface abundance policy; fixed calls	0	0.0
hmp_airskin_gtdb_source_abundance	1	xny_share_alpha0.5_cap0.005	51	99	51	48	0	0.5151515151515151	1.0	0.6799999999999999	18.10588369009258	0.9973939434154936	0	candidate-surface abundance policy; fixed calls	0	0.0
hmp_airskin_gtdb_source_abundance	1	xny_share_alpha0.5_cap0.01	51	99	51	48	0	0.5151515151515151	1.0	0.6799999999999999	18.10588369009258	0.9973939434154936	0	candidate-surface abundance policy; fixed calls	0	0.0
hmp_airskin_gtdb_source_abundance	1	xny_share_alpha0.5_cap0.02	51	99	51	48	0	0.5151515151515151	1.0	0.6799999999999999	18.10588369009258	0.9973939434154936	0	candidate-surface abundance policy; fixed calls	0	0.0
hmp_airskin_gtdb_source_abundance	1	xny_share_alpha0.5_cap0.05	51	99	51	48	0	0.5151515151515151	1.0	0.6799999999999999	18.10588369009258	0.9973939434154936	0	candidate-surface abundance policy; fixed calls	0	0.0
hmp_airskin_gtdb_source_abundance	1	xny_share_alpha1_cap0.001	51	99	51	48	0	0.5151515151515151	1.0	0.6799999999999999	18.10588369009258	0.9973939434154936	0	candidate-surface abundance policy; fixed calls	0	0.0
hmp_airskin_gtdb_source_abundance	1	xny_share_alpha1_cap0.003	51	99	51	48	0	0.5151515151515151	1.0	0.6799999999999999	18.10588369009258	0.9973939434154936	0	candidate-surface abundance policy; fixed calls	0	0.0
hmp_airskin_gtdb_source_abundance	1	xny_share_alpha1_cap0.005	51	99	51	48	0	0.5151515151515151	1.0	0.6799999999999999	18.10588369009258	0.9973939434154936	0	candidate-surface abundance policy; fixed calls	0	0.0
hmp_airskin_gtdb_source_abundance	1	xny_share_alpha1_cap0.01	51	99	51	48	0	0.5151515151515151	1.0	0.6799999999999999	18.10588369009258	0.9973939434154936	0	candidate-surface abundance policy; fixed calls	0	0.0
hmp_airskin_gtdb_source_abundance	1	xny_share_alpha1_cap0.02	51	99	51	48	0	0.5151515151515151	1.0	0.6799999999999999	18.10588369009258	0.9973939434154936	0	candidate-surface abundance policy; fixed calls	0	0.0
hmp_airskin_gtdb_source_abundance	1	xny_share_alpha1_cap0.05	51	99	51	48	0	0.5151515151515151	1.0	0.6799999999999999	18.10588369009258	0.9973939434154936	0	candidate-surface abundance policy; fixed calls	0	0.0
hmp_airskin_gtdb_source_abundance	1	xny_share_alpha2_cap0.001	51	99	51	48	0	0.5151515151515151	1.0	0.6799999999999999	18.10588369009258	0.9973939434154936	0	candidate-surface abundance policy; fixed calls	0	0.0
hmp_airskin_gtdb_source_abundance	1	xny_share_alpha2_cap0.003	51	99	51	48	0	0.5151515151515151	1.0	0.6799999999999999	18.10588369009258	0.9973939434154936	0	candidate-surface abundance policy; fixed calls	0	0.0
hmp_airskin_gtdb_source_abundance	1	xny_share_alpha2_cap0.005	51	99	51	48	0	0.5151515151515151	1.0	0.6799999999999999	18.10588369009258	0.9973939434154936	0	candidate-surface abundance policy; fixed calls	0	0.0
hmp_airskin_gtdb_source_abundance	1	xny_share_alpha2_cap0.01	51	99	51	48	0	0.5151515151515151	1.0	0.6799999999999999	18.10588369009258	0.9973939434154936	0	candidate-surface abundance policy; fixed calls	0	0.0
hmp_airskin_gtdb_source_abundance	1	xny_share_alpha2_cap0.02	51	99	51	48	0	0.5151515151515151	1.0	0.6799999999999999	18.10588369009258	0.9973939434154936	0	candidate-surface abundance policy; fixed calls	0	0.0
hmp_airskin_gtdb_source_abundance	1	xny_share_alpha2_cap0.05	51	99	51	48	0	0.5151515151515151	1.0	0.6799999999999999	18.10588369009258	0.9973939434154936	0	candidate-surface abundance policy; fixed calls	0	0.0
hmp_airskin_gtdb_source_abundance	1	depth_share_alpha0.05	51	99	51	48	0	0.5151515151515151	1.0	0.6799999999999999	18.10588369009258	0.9973939434154936	0	candidate-surface abundance policy; fixed calls	0	0.0
hmp_airskin_gtdb_source_abundance	1	depth_share_alpha0.1	51	99	51	48	0	0.5151515151515151	1.0	0.6799999999999999	18.10588369009258	0.9973939434154936	0	candidate-surface abundance policy; fixed calls	0	0.0
hmp_airskin_gtdb_source_abundance	1	depth_share_alpha0.25	51	99	51	48	0	0.5151515151515151	1.0	0.6799999999999999	18.10588369009258	0.9973939434154936	0	candidate-surface abundance policy; fixed calls	0	0.0
hmp_airskin_gtdb_source_abundance	1	depth_share_alpha0.5	51	99	51	48	0	0.5151515151515151	1.0	0.6799999999999999	18.10588369009258	0.9973939434154936	0	candidate-surface abundance policy; fixed calls	0	0.0
hmp_airskin_gtdb_source_abundance	1	depth_share_alpha1	51	99	51	48	0	0.5151515151515151	1.0	0.6799999999999999	18.10588369009258	0.9973939434154936	0	candidate-surface abundance policy; fixed calls	0	0.0
hmp_airskin_gtdb_source_abundance	1	depth_share_alpha2	51	99	51	48	0	0.5151515151515151	1.0	0.6799999999999999	18.10588369009258	0.9973939434154936	0	candidate-surface abundance policy; fixed calls	0	0.0
hmp_airskin_gtdb_source_abundance	1	depth_share_alpha5	51	99	51	48	0	0.5151515151515151	1.0	0.6799999999999999	18.10588369009258	0.9973939434154936	0	candidate-surface abundance policy; fixed calls	0	0.0
hmp_airskin_gtdb_source_abundance	1	depth_share_alpha10	51	99	51	48	0	0.5151515151515151	1.0	0.6799999999999999	18.10588369009258	0.9973939434154936	0	candidate-surface abundance policy; fixed calls	0	0.0
hmp_airskin_gtdb_source_abundance	1	depth_share_cap0.001	51	99	51	48	0	0.5151515151515151	1.0	0.6799999999999999	18.10588369009258	0.9973939434154936	0	candidate-surface abundance policy; fixed calls	0	0.0
hmp_airskin_gtdb_source_abundance	1	depth_share_cap0.003	51	99	51	48	0	0.5151515151515151	1.0	0.6799999999999999	18.10588369009258	0.9973939434154936	0	candidate-surface abundance policy; fixed calls	0	0.0
hmp_airskin_gtdb_source_abundance	1	depth_share_cap0.005	51	99	51	48	0	0.5151515151515151	1.0	0.6799999999999999	18.10588369009258	0.9973939434154936	0	candidate-surface abundance policy; fixed calls	0	0.0
hmp_airskin_gtdb_source_abundance	1	depth_share_cap0.01	51	99	51	48	0	0.5151515151515151	1.0	0.6799999999999999	18.10588369009258	0.9973939434154936	0	candidate-surface abundance policy; fixed calls	0	0.0
hmp_airskin_gtdb_source_abundance	1	depth_share_cap0.02	51	99	51	48	0	0.5151515151515151	1.0	0.6799999999999999	18.10588369009258	0.9973939434154936	0	candidate-surface abundance policy; fixed calls	0	0.0
hmp_airskin_gtdb_source_abundance	1	depth_share_cap0.05	51	99	51	48	0	0.5151515151515151	1.0	0.6799999999999999	18.10588369009258	0.9973939434154936	0	candidate-surface abundance policy; fixed calls	0	0.0
hmp_airskin_gtdb_source_abundance	1	depth_share_alpha0.25_cap0.001	51	99	51	48	0	0.5151515151515151	1.0	0.6799999999999999	18.10588369009258	0.9973939434154936	0	candidate-surface abundance policy; fixed calls	0	0.0
hmp_airskin_gtdb_source_abundance	1	depth_share_alpha0.25_cap0.003	51	99	51	48	0	0.5151515151515151	1.0	0.6799999999999999	18.10588369009258	0.9973939434154936	0	candidate-surface abundance policy; fixed calls	0	0.0
hmp_airskin_gtdb_source_abundance	1	depth_share_alpha0.25_cap0.005	51	99	51	48	0	0.5151515151515151	1.0	0.6799999999999999	18.10588369009258	0.9973939434154936	0	candidate-surface abundance policy; fixed calls	0	0.0
hmp_airskin_gtdb_source_abundance	1	depth_share_alpha0.25_cap0.01	51	99	51	48	0	0.5151515151515151	1.0	0.6799999999999999	18.10588369009258	0.9973939434154936	0	candidate-surface abundance policy; fixed calls	0	0.0
hmp_airskin_gtdb_source_abundance	1	depth_share_alpha0.25_cap0.02	51	99	51	48	0	0.5151515151515151	1.0	0.6799999999999999	18.10588369009258	0.9973939434154936	0	candidate-surface abundance policy; fixed calls	0	0.0
hmp_airskin_gtdb_source_abundance	1	depth_share_alpha0.25_cap0.05	51	99	51	48	0	0.5151515151515151	1.0	0.6799999999999999	18.10588369009258	0.9973939434154936	0	candidate-surface abundance policy; fixed calls	0	0.0
hmp_airskin_gtdb_source_abundance	1	depth_share_alpha0.5_cap0.001	51	99	51	48	0	0.5151515151515151	1.0	0.6799999999999999	18.10588369009258	0.9973939434154936	0	candidate-surface abundance policy; fixed calls	0	0.0
hmp_airskin_gtdb_source_abundance	1	depth_share_alpha0.5_cap0.003	51	99	51	48	0	0.5151515151515151	1.0	0.6799999999999999	18.10588369009258	0.9973939434154936	0	candidate-surface abundance policy; fixed calls	0	0.0
hmp_airskin_gtdb_source_abundance	1	depth_share_alpha0.5_cap0.005	51	99	51	48	0	0.5151515151515151	1.0	0.6799999999999999	18.10588369009258	0.9973939434154936	0	candidate-surface abundance policy; fixed calls	0	0.0
hmp_airskin_gtdb_source_abundance	1	depth_share_alpha0.5_cap0.01	51	99	51	48	0	0.5151515151515151	1.0	0.6799999999999999	18.10588369009258	0.9973939434154936	0	candidate-surface abundance policy; fixed calls	0	0.0
hmp_airskin_gtdb_source_abundance	1	depth_share_alpha0.5_cap0.02	51	99	51	48	0	0.5151515151515151	1.0	0.6799999999999999	18.10588369009258	0.9973939434154936	0	candidate-surface abundance policy; fixed calls	0	0.0
hmp_airskin_gtdb_source_abundance	1	depth_share_alpha0.5_cap0.05	51	99	51	48	0	0.5151515151515151	1.0	0.6799999999999999	18.10588369009258	0.9973939434154936	0	candidate-surface abundance policy; fixed calls	0	0.0
hmp_airskin_gtdb_source_abundance	1	depth_share_alpha1_cap0.001	51	99	51	48	0	0.5151515151515151	1.0	0.6799999999999999	18.10588369009258	0.9973939434154936	0	candidate-surface abundance policy; fixed calls	0	0.0
hmp_airskin_gtdb_source_abundance	1	depth_share_alpha1_cap0.003	51	99	51	48	0	0.5151515151515151	1.0	0.6799999999999999	18.10588369009258	0.9973939434154936	0	candidate-surface abundance policy; fixed calls	0	0.0
hmp_airskin_gtdb_source_abundance	1	depth_share_alpha1_cap0.005	51	99	51	48	0	0.5151515151515151	1.0	0.6799999999999999	18.10588369009258	0.9973939434154936	0	candidate-surface abundance policy; fixed calls	0	0.0
hmp_airskin_gtdb_source_abundance	1	depth_share_alpha1_cap0.01	51	99	51	48	0	0.5151515151515151	1.0	0.6799999999999999	18.10588369009258	0.9973939434154936	0	candidate-surface abundance policy; fixed calls	0	0.0
hmp_airskin_gtdb_source_abundance	1	depth_share_alpha1_cap0.02	51	99	51	48	0	0.5151515151515151	1.0	0.6799999999999999	18.10588369009258	0.9973939434154936	0	candidate-surface abundance policy; fixed calls	0	0.0
hmp_airskin_gtdb_source_abundance	1	depth_share_alpha1_cap0.05	51	99	51	48	0	0.5151515151515151	1.0	0.6799999999999999	18.10588369009258	0.9973939434154936	0	candidate-surface abundance policy; fixed calls	0	0.0
hmp_airskin_gtdb_source_abundance	1	depth_share_alpha2_cap0.001	51	99	51	48	0	0.5151515151515151	1.0	0.6799999999999999	18.10588369009258	0.9973939434154936	0	candidate-surface abundance policy; fixed calls	0	0.0
hmp_airskin_gtdb_source_abundance	1	depth_share_alpha2_cap0.003	51	99	51	48	0	0.5151515151515151	1.0	0.6799999999999999	18.10588369009258	0.9973939434154936	0	candidate-surface abundance policy; fixed calls	0	0.0
hmp_airskin_gtdb_source_abundance	1	depth_share_alpha2_cap0.005	51	99	51	48	0	0.5151515151515151	1.0	0.6799999999999999	18.10588369009258	0.9973939434154936	0	candidate-surface abundance policy; fixed calls	0	0.0
hmp_airskin_gtdb_source_abundance	1	depth_share_alpha2_cap0.01	51	99	51	48	0	0.5151515151515151	1.0	0.6799999999999999	18.10588369009258	0.9973939434154936	0	candidate-surface abundance policy; fixed calls	0	0.0
hmp_airskin_gtdb_source_abundance	1	depth_share_alpha2_cap0.02	51	99	51	48	0	0.5151515151515151	1.0	0.6799999999999999	18.10588369009258	0.9973939434154936	0	candidate-surface abundance policy; fixed calls	0	0.0
hmp_airskin_gtdb_source_abundance	1	depth_share_alpha2_cap0.05	51	99	51	48	0	0.5151515151515151	1.0	0.6799999999999999	18.10588369009258	0.9973939434154936	0	candidate-surface abundance policy; fixed calls	0	0.0
hmp_airskin_gtdb_source_abundance	3	zero_mass	47	47	45	2	2	0.9574468085106383	0.9574468085106383	0.9574468085106385	12.670666989685857	0.9970245468507751	0	candidate-surface abundance policy; fixed calls	0	0.0
hmp_airskin_gtdb_source_abundance	3	normalized_depth_alpha0.05	47	47	45	2	2	0.9574468085106383	0.9574468085106383	0.9574468085106385	12.670666989685857	0.9970245468507751	0	candidate-surface abundance policy; fixed calls	0	0.0
hmp_airskin_gtdb_source_abundance	3	normalized_depth_alpha0.1	47	47	45	2	2	0.9574468085106383	0.9574468085106383	0.9574468085106385	12.670666989685857	0.9970245468507751	0	candidate-surface abundance policy; fixed calls	0	0.0
hmp_airskin_gtdb_source_abundance	3	normalized_depth_alpha0.25	47	47	45	2	2	0.9574468085106383	0.9574468085106383	0.9574468085106385	12.670666989685857	0.9970245468507751	0	candidate-surface abundance policy; fixed calls	0	0.0
hmp_airskin_gtdb_source_abundance	3	normalized_depth_alpha0.5	47	47	45	2	2	0.9574468085106383	0.9574468085106383	0.9574468085106385	12.670666989685857	0.9970245468507751	0	candidate-surface abundance policy; fixed calls	0	0.0
hmp_airskin_gtdb_source_abundance	3	normalized_depth_alpha1	47	47	45	2	2	0.9574468085106383	0.9574468085106383	0.9574468085106385	12.670666989685857	0.9970245468507751	0	candidate-surface abundance policy; fixed calls	0	0.0
hmp_airskin_gtdb_source_abundance	3	normalized_depth_alpha2	47	47	45	2	2	0.9574468085106383	0.9574468085106383	0.9574468085106385	12.670666989685857	0.9970245468507751	0	candidate-surface abundance policy; fixed calls	0	0.0
hmp_airskin_gtdb_source_abundance	3	normalized_depth_alpha5	47	47	45	2	2	0.9574468085106383	0.9574468085106383	0.9574468085106385	12.670666989685857	0.9970245468507751	0	candidate-surface abundance policy; fixed calls	0	0.0
hmp_airskin_gtdb_source_abundance	3	normalized_depth_alpha10	47	47	45	2	2	0.9574468085106383	0.9574468085106383	0.9574468085106385	12.670666989685857	0.9970245468507751	0	candidate-surface abundance policy; fixed calls	0	0.0
hmp_airskin_gtdb_source_abundance	3	normalized_depth_cap0.001	47	47	45	2	2	0.9574468085106383	0.9574468085106383	0.9574468085106385	12.670666989685857	0.9970245468507751	0	candidate-surface abundance policy; fixed calls	0	0.0
hmp_airskin_gtdb_source_abundance	3	normalized_depth_cap0.003	47	47	45	2	2	0.9574468085106383	0.9574468085106383	0.9574468085106385	12.670666989685857	0.9970245468507751	0	candidate-surface abundance policy; fixed calls	0	0.0
hmp_airskin_gtdb_source_abundance	3	normalized_depth_cap0.005	47	47	45	2	2	0.9574468085106383	0.9574468085106383	0.9574468085106385	12.670666989685857	0.9970245468507751	0	candidate-surface abundance policy; fixed calls	0	0.0
hmp_airskin_gtdb_source_abundance	3	normalized_depth_cap0.01	47	47	45	2	2	0.9574468085106383	0.9574468085106383	0.9574468085106385	12.670666989685857	0.9970245468507751	0	candidate-surface abundance policy; fixed calls	0	0.0
hmp_airskin_gtdb_source_abundance	3	normalized_depth_cap0.02	47	47	45	2	2	0.9574468085106383	0.9574468085106383	0.9574468085106385	12.670666989685857	0.9970245468507751	0	candidate-surface abundance policy; fixed calls	0	0.0
hmp_airskin_gtdb_source_abundance	3	normalized_depth_cap0.05	47	47	45	2	2	0.9574468085106383	0.9574468085106383	0.9574468085106385	12.670666989685857	0.9970245468507751	0	candidate-surface abundance policy; fixed calls	0	0.0
hmp_airskin_gtdb_source_abundance	3	normalized_depth_alpha0.25_cap0.001	47	47	45	2	2	0.9574468085106383	0.9574468085106383	0.9574468085106385	12.670666989685857	0.9970245468507751	0	candidate-surface abundance policy; fixed calls	0	0.0
hmp_airskin_gtdb_source_abundance	3	normalized_depth_alpha0.25_cap0.003	47	47	45	2	2	0.9574468085106383	0.9574468085106383	0.9574468085106385	12.670666989685857	0.9970245468507751	0	candidate-surface abundance policy; fixed calls	0	0.0
hmp_airskin_gtdb_source_abundance	3	normalized_depth_alpha0.25_cap0.005	47	47	45	2	2	0.9574468085106383	0.9574468085106383	0.9574468085106385	12.670666989685857	0.9970245468507751	0	candidate-surface abundance policy; fixed calls	0	0.0
hmp_airskin_gtdb_source_abundance	3	normalized_depth_alpha0.25_cap0.01	47	47	45	2	2	0.9574468085106383	0.9574468085106383	0.9574468085106385	12.670666989685857	0.9970245468507751	0	candidate-surface abundance policy; fixed calls	0	0.0
hmp_airskin_gtdb_source_abundance	3	normalized_depth_alpha0.25_cap0.02	47	47	45	2	2	0.9574468085106383	0.9574468085106383	0.9574468085106385	12.670666989685857	0.9970245468507751	0	candidate-surface abundance policy; fixed calls	0	0.0
hmp_airskin_gtdb_source_abundance	3	normalized_depth_alpha0.25_cap0.05	47	47	45	2	2	0.9574468085106383	0.9574468085106383	0.9574468085106385	12.670666989685857	0.9970245468507751	0	candidate-surface abundance policy; fixed calls	0	0.0
hmp_airskin_gtdb_source_abundance	3	normalized_depth_alpha0.5_cap0.001	47	47	45	2	2	0.9574468085106383	0.9574468085106383	0.9574468085106385	12.670666989685857	0.9970245468507751	0	candidate-surface abundance policy; fixed calls	0	0.0
hmp_airskin_gtdb_source_abundance	3	normalized_depth_alpha0.5_cap0.003	47	47	45	2	2	0.9574468085106383	0.9574468085106383	0.9574468085106385	12.670666989685857	0.9970245468507751	0	candidate-surface abundance policy; fixed calls	0	0.0
hmp_airskin_gtdb_source_abundance	3	normalized_depth_alpha0.5_cap0.005	47	47	45	2	2	0.9574468085106383	0.9574468085106383	0.9574468085106385	12.670666989685857	0.9970245468507751	0	candidate-surface abundance policy; fixed calls	0	0.0
hmp_airskin_gtdb_source_abundance	3	normalized_depth_alpha0.5_cap0.01	47	47	45	2	2	0.9574468085106383	0.9574468085106383	0.9574468085106385	12.670666989685857	0.9970245468507751	0	candidate-surface abundance policy; fixed calls	0	0.0
hmp_airskin_gtdb_source_abundance	3	normalized_depth_alpha0.5_cap0.02	47	47	45	2	2	0.9574468085106383	0.9574468085106383	0.9574468085106385	12.670666989685857	0.9970245468507751	0	candidate-surface abundance policy; fixed calls	0	0.0
hmp_airskin_gtdb_source_abundance	3	normalized_depth_alpha0.5_cap0.05	47	47	45	2	2	0.9574468085106383	0.9574468085106383	0.9574468085106385	12.670666989685857	0.9970245468507751	0	candidate-surface abundance policy; fixed calls	0	0.0
hmp_airskin_gtdb_source_abundance	3	normalized_depth_alpha1_cap0.001	47	47	45	2	2	0.9574468085106383	0.9574468085106383	0.9574468085106385	12.670666989685857	0.9970245468507751	0	candidate-surface abundance policy; fixed calls	0	0.0
hmp_airskin_gtdb_source_abundance	3	normalized_depth_alpha1_cap0.003	47	47	45	2	2	0.9574468085106383	0.9574468085106383	0.9574468085106385	12.670666989685857	0.9970245468507751	0	candidate-surface abundance policy; fixed calls	0	0.0
hmp_airskin_gtdb_source_abundance	3	normalized_depth_alpha1_cap0.005	47	47	45	2	2	0.9574468085106383	0.9574468085106383	0.9574468085106385	12.670666989685857	0.9970245468507751	0	candidate-surface abundance policy; fixed calls	0	0.0
hmp_airskin_gtdb_source_abundance	3	normalized_depth_alpha1_cap0.01	47	47	45	2	2	0.9574468085106383	0.9574468085106383	0.9574468085106385	12.670666989685857	0.9970245468507751	0	candidate-surface abundance policy; fixed calls	0	0.0
hmp_airskin_gtdb_source_abundance	3	normalized_depth_alpha1_cap0.02	47	47	45	2	2	0.9574468085106383	0.9574468085106383	0.9574468085106385	12.670666989685857	0.9970245468507751	0	candidate-surface abundance policy; fixed calls	0	0.0
hmp_airskin_gtdb_source_abundance	3	normalized_depth_alpha1_cap0.05	47	47	45	2	2	0.9574468085106383	0.9574468085106383	0.9574468085106385	12.670666989685857	0.9970245468507751	0	candidate-surface abundance policy; fixed calls	0	0.0
hmp_airskin_gtdb_source_abundance	3	normalized_depth_alpha2_cap0.001	47	47	45	2	2	0.9574468085106383	0.9574468085106383	0.9574468085106385	12.670666989685857	0.9970245468507751	0	candidate-surface abundance policy; fixed calls	0	0.0
hmp_airskin_gtdb_source_abundance	3	normalized_depth_alpha2_cap0.003	47	47	45	2	2	0.9574468085106383	0.9574468085106383	0.9574468085106385	12.670666989685857	0.9970245468507751	0	candidate-surface abundance policy; fixed calls	0	0.0
hmp_airskin_gtdb_source_abundance	3	normalized_depth_alpha2_cap0.005	47	47	45	2	2	0.9574468085106383	0.9574468085106383	0.9574468085106385	12.670666989685857	0.9970245468507751	0	candidate-surface abundance policy; fixed calls	0	0.0
hmp_airskin_gtdb_source_abundance	3	normalized_depth_alpha2_cap0.01	47	47	45	2	2	0.9574468085106383	0.9574468085106383	0.9574468085106385	12.670666989685857	0.9970245468507751	0	candidate-surface abundance policy; fixed calls	0	0.0
hmp_airskin_gtdb_source_abundance	3	normalized_depth_alpha2_cap0.02	47	47	45	2	2	0.9574468085106383	0.9574468085106383	0.9574468085106385	12.670666989685857	0.9970245468507751	0	candidate-surface abundance policy; fixed calls	0	0.0
hmp_airskin_gtdb_source_abundance	3	normalized_depth_alpha2_cap0.05	47	47	45	2	2	0.9574468085106383	0.9574468085106383	0.9574468085106385	12.670666989685857	0.9970245468507751	0	candidate-surface abundance policy; fixed calls	0	0.0
hmp_airskin_gtdb_source_abundance	3	xny_share_alpha0.05	47	47	45	2	2	0.9574468085106383	0.9574468085106383	0.9574468085106385	12.670666989685857	0.9970245468507751	0	candidate-surface abundance policy; fixed calls	0	0.0
hmp_airskin_gtdb_source_abundance	3	xny_share_alpha0.1	47	47	45	2	2	0.9574468085106383	0.9574468085106383	0.9574468085106385	12.670666989685857	0.9970245468507751	0	candidate-surface abundance policy; fixed calls	0	0.0
hmp_airskin_gtdb_source_abundance	3	xny_share_alpha0.25	47	47	45	2	2	0.9574468085106383	0.9574468085106383	0.9574468085106385	12.670666989685857	0.9970245468507751	0	candidate-surface abundance policy; fixed calls	0	0.0
hmp_airskin_gtdb_source_abundance	3	xny_share_alpha0.5	47	47	45	2	2	0.9574468085106383	0.9574468085106383	0.9574468085106385	12.670666989685857	0.9970245468507751	0	candidate-surface abundance policy; fixed calls	0	0.0
hmp_airskin_gtdb_source_abundance	3	xny_share_alpha1	47	47	45	2	2	0.9574468085106383	0.9574468085106383	0.9574468085106385	12.670666989685857	0.9970245468507751	0	candidate-surface abundance policy; fixed calls	0	0.0
hmp_airskin_gtdb_source_abundance	3	xny_share_alpha2	47	47	45	2	2	0.9574468085106383	0.9574468085106383	0.9574468085106385	12.670666989685857	0.9970245468507751	0	candidate-surface abundance policy; fixed calls	0	0.0
hmp_airskin_gtdb_source_abundance	3	xny_share_alpha5	47	47	45	2	2	0.9574468085106383	0.9574468085106383	0.9574468085106385	12.670666989685857	0.9970245468507751	0	candidate-surface abundance policy; fixed calls	0	0.0
hmp_airskin_gtdb_source_abundance	3	xny_share_alpha10	47	47	45	2	2	0.9574468085106383	0.9574468085106383	0.9574468085106385	12.670666989685857	0.9970245468507751	0	candidate-surface abundance policy; fixed calls	0	0.0
hmp_airskin_gtdb_source_abundance	3	xny_share_cap0.001	47	47	45	2	2	0.9574468085106383	0.9574468085106383	0.9574468085106385	12.670666989685857	0.9970245468507751	0	candidate-surface abundance policy; fixed calls	0	0.0
hmp_airskin_gtdb_source_abundance	3	xny_share_cap0.003	47	47	45	2	2	0.9574468085106383	0.9574468085106383	0.9574468085106385	12.670666989685857	0.9970245468507751	0	candidate-surface abundance policy; fixed calls	0	0.0
hmp_airskin_gtdb_source_abundance	3	xny_share_cap0.005	47	47	45	2	2	0.9574468085106383	0.9574468085106383	0.9574468085106385	12.670666989685857	0.9970245468507751	0	candidate-surface abundance policy; fixed calls	0	0.0
hmp_airskin_gtdb_source_abundance	3	xny_share_cap0.01	47	47	45	2	2	0.9574468085106383	0.9574468085106383	0.9574468085106385	12.670666989685857	0.9970245468507751	0	candidate-surface abundance policy; fixed calls	0	0.0
hmp_airskin_gtdb_source_abundance	3	xny_share_cap0.02	47	47	45	2	2	0.9574468085106383	0.9574468085106383	0.9574468085106385	12.670666989685857	0.9970245468507751	0	candidate-surface abundance policy; fixed calls	0	0.0
hmp_airskin_gtdb_source_abundance	3	xny_share_cap0.05	47	47	45	2	2	0.9574468085106383	0.9574468085106383	0.9574468085106385	12.670666989685857	0.9970245468507751	0	candidate-surface abundance policy; fixed calls	0	0.0
hmp_airskin_gtdb_source_abundance	3	xny_share_alpha0.25_cap0.001	47	47	45	2	2	0.9574468085106383	0.9574468085106383	0.9574468085106385	12.670666989685857	0.9970245468507751	0	candidate-surface abundance policy; fixed calls	0	0.0
hmp_airskin_gtdb_source_abundance	3	xny_share_alpha0.25_cap0.003	47	47	45	2	2	0.9574468085106383	0.9574468085106383	0.9574468085106385	12.670666989685857	0.9970245468507751	0	candidate-surface abundance policy; fixed calls	0	0.0
hmp_airskin_gtdb_source_abundance	3	xny_share_alpha0.25_cap0.005	47	47	45	2	2	0.9574468085106383	0.9574468085106383	0.9574468085106385	12.670666989685857	0.9970245468507751	0	candidate-surface abundance policy; fixed calls	0	0.0
hmp_airskin_gtdb_source_abundance	3	xny_share_alpha0.25_cap0.01	47	47	45	2	2	0.9574468085106383	0.9574468085106383	0.9574468085106385	12.670666989685857	0.9970245468507751	0	candidate-surface abundance policy; fixed calls	0	0.0
hmp_airskin_gtdb_source_abundance	3	xny_share_alpha0.25_cap0.02	47	47	45	2	2	0.9574468085106383	0.9574468085106383	0.9574468085106385	12.670666989685857	0.9970245468507751	0	candidate-surface abundance policy; fixed calls	0	0.0
hmp_airskin_gtdb_source_abundance	3	xny_share_alpha0.25_cap0.05	47	47	45	2	2	0.9574468085106383	0.9574468085106383	0.9574468085106385	12.670666989685857	0.9970245468507751	0	candidate-surface abundance policy; fixed calls	0	0.0
hmp_airskin_gtdb_source_abundance	3	xny_share_alpha0.5_cap0.001	47	47	45	2	2	0.9574468085106383	0.9574468085106383	0.9574468085106385	12.670666989685857	0.9970245468507751	0	candidate-surface abundance policy; fixed calls	0	0.0
hmp_airskin_gtdb_source_abundance	3	xny_share_alpha0.5_cap0.003	47	47	45	2	2	0.9574468085106383	0.9574468085106383	0.9574468085106385	12.670666989685857	0.9970245468507751	0	candidate-surface abundance policy; fixed calls	0	0.0
hmp_airskin_gtdb_source_abundance	3	xny_share_alpha0.5_cap0.005	47	47	45	2	2	0.9574468085106383	0.9574468085106383	0.9574468085106385	12.670666989685857	0.9970245468507751	0	candidate-surface abundance policy; fixed calls	0	0.0
hmp_airskin_gtdb_source_abundance	3	xny_share_alpha0.5_cap0.01	47	47	45	2	2	0.9574468085106383	0.9574468085106383	0.9574468085106385	12.670666989685857	0.9970245468507751	0	candidate-surface abundance policy; fixed calls	0	0.0
hmp_airskin_gtdb_source_abundance	3	xny_share_alpha0.5_cap0.02	47	47	45	2	2	0.9574468085106383	0.9574468085106383	0.9574468085106385	12.670666989685857	0.9970245468507751	0	candidate-surface abundance policy; fixed calls	0	0.0
hmp_airskin_gtdb_source_abundance	3	xny_share_alpha0.5_cap0.05	47	47	45	2	2	0.9574468085106383	0.9574468085106383	0.9574468085106385	12.670666989685857	0.9970245468507751	0	candidate-surface abundance policy; fixed calls	0	0.0
hmp_airskin_gtdb_source_abundance	3	xny_share_alpha1_cap0.001	47	47	45	2	2	0.9574468085106383	0.9574468085106383	0.9574468085106385	12.670666989685857	0.9970245468507751	0	candidate-surface abundance policy; fixed calls	0	0.0
hmp_airskin_gtdb_source_abundance	3	xny_share_alpha1_cap0.003	47	47	45	2	2	0.9574468085106383	0.9574468085106383	0.9574468085106385	12.670666989685857	0.9970245468507751	0	candidate-surface abundance policy; fixed calls	0	0.0
hmp_airskin_gtdb_source_abundance	3	xny_share_alpha1_cap0.005	47	47	45	2	2	0.9574468085106383	0.9574468085106383	0.9574468085106385	12.670666989685857	0.9970245468507751	0	candidate-surface abundance policy; fixed calls	0	0.0
hmp_airskin_gtdb_source_abundance	3	xny_share_alpha1_cap0.01	47	47	45	2	2	0.9574468085106383	0.9574468085106383	0.9574468085106385	12.670666989685857	0.9970245468507751	0	candidate-surface abundance policy; fixed calls	0	0.0
hmp_airskin_gtdb_source_abundance	3	xny_share_alpha1_cap0.02	47	47	45	2	2	0.9574468085106383	0.9574468085106383	0.9574468085106385	12.670666989685857	0.9970245468507751	0	candidate-surface abundance policy; fixed calls	0	0.0
hmp_airskin_gtdb_source_abundance	3	xny_share_alpha1_cap0.05	47	47	45	2	2	0.9574468085106383	0.9574468085106383	0.9574468085106385	12.670666989685857	0.9970245468507751	0	candidate-surface abundance policy; fixed calls	0	0.0
hmp_airskin_gtdb_source_abundance	3	xny_share_alpha2_cap0.001	47	47	45	2	2	0.9574468085106383	0.9574468085106383	0.9574468085106385	12.670666989685857	0.9970245468507751	0	candidate-surface abundance policy; fixed calls	0	0.0
hmp_airskin_gtdb_source_abundance	3	xny_share_alpha2_cap0.003	47	47	45	2	2	0.9574468085106383	0.9574468085106383	0.9574468085106385	12.670666989685857	0.9970245468507751	0	candidate-surface abundance policy; fixed calls	0	0.0
hmp_airskin_gtdb_source_abundance	3	xny_share_alpha2_cap0.005	47	47	45	2	2	0.9574468085106383	0.9574468085106383	0.9574468085106385	12.670666989685857	0.9970245468507751	0	candidate-surface abundance policy; fixed calls	0	0.0
hmp_airskin_gtdb_source_abundance	3	xny_share_alpha2_cap0.01	47	47	45	2	2	0.9574468085106383	0.9574468085106383	0.9574468085106385	12.670666989685857	0.9970245468507751	0	candidate-surface abundance policy; fixed calls	0	0.0
hmp_airskin_gtdb_source_abundance	3	xny_share_alpha2_cap0.02	47	47	45	2	2	0.9574468085106383	0.9574468085106383	0.9574468085106385	12.670666989685857	0.9970245468507751	0	candidate-surface abundance policy; fixed calls	0	0.0
hmp_airskin_gtdb_source_abundance	3	xny_share_alpha2_cap0.05	47	47	45	2	2	0.9574468085106383	0.9574468085106383	0.9574468085106385	12.670666989685857	0.9970245468507751	0	candidate-surface abundance policy; fixed calls	0	0.0
hmp_airskin_gtdb_source_abundance	3	depth_share_alpha0.05	47	47	45	2	2	0.9574468085106383	0.9574468085106383	0.9574468085106385	12.670666989685857	0.9970245468507751	0	candidate-surface abundance policy; fixed calls	0	0.0
hmp_airskin_gtdb_source_abundance	3	depth_share_alpha0.1	47	47	45	2	2	0.9574468085106383	0.9574468085106383	0.9574468085106385	12.670666989685857	0.9970245468507751	0	candidate-surface abundance policy; fixed calls	0	0.0
hmp_airskin_gtdb_source_abundance	3	depth_share_alpha0.25	47	47	45	2	2	0.9574468085106383	0.9574468085106383	0.9574468085106385	12.670666989685857	0.9970245468507751	0	candidate-surface abundance policy; fixed calls	0	0.0
hmp_airskin_gtdb_source_abundance	3	depth_share_alpha0.5	47	47	45	2	2	0.9574468085106383	0.9574468085106383	0.9574468085106385	12.670666989685857	0.9970245468507751	0	candidate-surface abundance policy; fixed calls	0	0.0
hmp_airskin_gtdb_source_abundance	3	depth_share_alpha1	47	47	45	2	2	0.9574468085106383	0.9574468085106383	0.9574468085106385	12.670666989685857	0.9970245468507751	0	candidate-surface abundance policy; fixed calls	0	0.0
hmp_airskin_gtdb_source_abundance	3	depth_share_alpha2	47	47	45	2	2	0.9574468085106383	0.9574468085106383	0.9574468085106385	12.670666989685857	0.9970245468507751	0	candidate-surface abundance policy; fixed calls	0	0.0
hmp_airskin_gtdb_source_abundance	3	depth_share_alpha5	47	47	45	2	2	0.9574468085106383	0.9574468085106383	0.9574468085106385	12.670666989685857	0.9970245468507751	0	candidate-surface abundance policy; fixed calls	0	0.0
hmp_airskin_gtdb_source_abundance	3	depth_share_alpha10	47	47	45	2	2	0.9574468085106383	0.9574468085106383	0.9574468085106385	12.670666989685857	0.9970245468507751	0	candidate-surface abundance policy; fixed calls	0	0.0
hmp_airskin_gtdb_source_abundance	3	depth_share_cap0.001	47	47	45	2	2	0.9574468085106383	0.9574468085106383	0.9574468085106385	12.670666989685857	0.9970245468507751	0	candidate-surface abundance policy; fixed calls	0	0.0
hmp_airskin_gtdb_source_abundance	3	depth_share_cap0.003	47	47	45	2	2	0.9574468085106383	0.9574468085106383	0.9574468085106385	12.670666989685857	0.9970245468507751	0	candidate-surface abundance policy; fixed calls	0	0.0
hmp_airskin_gtdb_source_abundance	3	depth_share_cap0.005	47	47	45	2	2	0.9574468085106383	0.9574468085106383	0.9574468085106385	12.670666989685857	0.9970245468507751	0	candidate-surface abundance policy; fixed calls	0	0.0
hmp_airskin_gtdb_source_abundance	3	depth_share_cap0.01	47	47	45	2	2	0.9574468085106383	0.9574468085106383	0.9574468085106385	12.670666989685857	0.9970245468507751	0	candidate-surface abundance policy; fixed calls	0	0.0
hmp_airskin_gtdb_source_abundance	3	depth_share_cap0.02	47	47	45	2	2	0.9574468085106383	0.9574468085106383	0.9574468085106385	12.670666989685857	0.9970245468507751	0	candidate-surface abundance policy; fixed calls	0	0.0
hmp_airskin_gtdb_source_abundance	3	depth_share_cap0.05	47	47	45	2	2	0.9574468085106383	0.9574468085106383	0.9574468085106385	12.670666989685857	0.9970245468507751	0	candidate-surface abundance policy; fixed calls	0	0.0
hmp_airskin_gtdb_source_abundance	3	depth_share_alpha0.25_cap0.001	47	47	45	2	2	0.9574468085106383	0.9574468085106383	0.9574468085106385	12.670666989685857	0.9970245468507751	0	candidate-surface abundance policy; fixed calls	0	0.0
hmp_airskin_gtdb_source_abundance	3	depth_share_alpha0.25_cap0.003	47	47	45	2	2	0.9574468085106383	0.9574468085106383	0.9574468085106385	12.670666989685857	0.9970245468507751	0	candidate-surface abundance policy; fixed calls	0	0.0
hmp_airskin_gtdb_source_abundance	3	depth_share_alpha0.25_cap0.005	47	47	45	2	2	0.9574468085106383	0.9574468085106383	0.9574468085106385	12.670666989685857	0.9970245468507751	0	candidate-surface abundance policy; fixed calls	0	0.0
hmp_airskin_gtdb_source_abundance	3	depth_share_alpha0.25_cap0.01	47	47	45	2	2	0.9574468085106383	0.9574468085106383	0.9574468085106385	12.670666989685857	0.9970245468507751	0	candidate-surface abundance policy; fixed calls	0	0.0
hmp_airskin_gtdb_source_abundance	3	depth_share_alpha0.25_cap0.02	47	47	45	2	2	0.9574468085106383	0.9574468085106383	0.9574468085106385	12.670666989685857	0.9970245468507751	0	candidate-surface abundance policy; fixed calls	0	0.0
hmp_airskin_gtdb_source_abundance	3	depth_share_alpha0.25_cap0.05	47	47	45	2	2	0.9574468085106383	0.9574468085106383	0.9574468085106385	12.670666989685857	0.9970245468507751	0	candidate-surface abundance policy; fixed calls	0	0.0
hmp_airskin_gtdb_source_abundance	3	depth_share_alpha0.5_cap0.001	47	47	45	2	2	0.9574468085106383	0.9574468085106383	0.9574468085106385	12.670666989685857	0.9970245468507751	0	candidate-surface abundance policy; fixed calls	0	0.0
hmp_airskin_gtdb_source_abundance	3	depth_share_alpha0.5_cap0.003	47	47	45	2	2	0.9574468085106383	0.9574468085106383	0.9574468085106385	12.670666989685857	0.9970245468507751	0	candidate-surface abundance policy; fixed calls	0	0.0
hmp_airskin_gtdb_source_abundance	3	depth_share_alpha0.5_cap0.005	47	47	45	2	2	0.9574468085106383	0.9574468085106383	0.9574468085106385	12.670666989685857	0.9970245468507751	0	candidate-surface abundance policy; fixed calls	0	0.0
hmp_airskin_gtdb_source_abundance	3	depth_share_alpha0.5_cap0.01	47	47	45	2	2	0.9574468085106383	0.9574468085106383	0.9574468085106385	12.670666989685857	0.9970245468507751	0	candidate-surface abundance policy; fixed calls	0	0.0
hmp_airskin_gtdb_source_abundance	3	depth_share_alpha0.5_cap0.02	47	47	45	2	2	0.9574468085106383	0.9574468085106383	0.9574468085106385	12.670666989685857	0.9970245468507751	0	candidate-surface abundance policy; fixed calls	0	0.0
hmp_airskin_gtdb_source_abundance	3	depth_share_alpha0.5_cap0.05	47	47	45	2	2	0.9574468085106383	0.9574468085106383	0.9574468085106385	12.670666989685857	0.9970245468507751	0	candidate-surface abundance policy; fixed calls	0	0.0
hmp_airskin_gtdb_source_abundance	3	depth_share_alpha1_cap0.001	47	47	45	2	2	0.9574468085106383	0.9574468085106383	0.9574468085106385	12.670666989685857	0.9970245468507751	0	candidate-surface abundance policy; fixed calls	0	0.0
hmp_airskin_gtdb_source_abundance	3	depth_share_alpha1_cap0.003	47	47	45	2	2	0.9574468085106383	0.9574468085106383	0.9574468085106385	12.670666989685857	0.9970245468507751	0	candidate-surface abundance policy; fixed calls	0	0.0
hmp_airskin_gtdb_source_abundance	3	depth_share_alpha1_cap0.005	47	47	45	2	2	0.9574468085106383	0.9574468085106383	0.9574468085106385	12.670666989685857	0.9970245468507751	0	candidate-surface abundance policy; fixed calls	0	0.0
hmp_airskin_gtdb_source_abundance	3	depth_share_alpha1_cap0.01	47	47	45	2	2	0.9574468085106383	0.9574468085106383	0.9574468085106385	12.670666989685857	0.9970245468507751	0	candidate-surface abundance policy; fixed calls	0	0.0
hmp_airskin_gtdb_source_abundance	3	depth_share_alpha1_cap0.02	47	47	45	2	2	0.9574468085106383	0.9574468085106383	0.9574468085106385	12.670666989685857	0.9970245468507751	0	candidate-surface abundance policy; fixed calls	0	0.0
hmp_airskin_gtdb_source_abundance	3	depth_share_alpha1_cap0.05	47	47	45	2	2	0.9574468085106383	0.9574468085106383	0.9574468085106385	12.670666989685857	0.9970245468507751	0	candidate-surface abundance policy; fixed calls	0	0.0
hmp_airskin_gtdb_source_abundance	3	depth_share_alpha2_cap0.001	47	47	45	2	2	0.9574468085106383	0.9574468085106383	0.9574468085106385	12.670666989685857	0.9970245468507751	0	candidate-surface abundance policy; fixed calls	0	0.0
hmp_airskin_gtdb_source_abundance	3	depth_share_alpha2_cap0.003	47	47	45	2	2	0.9574468085106383	0.9574468085106383	0.9574468085106385	12.670666989685857	0.9970245468507751	0	candidate-surface abundance policy; fixed calls	0	0.0
hmp_airskin_gtdb_source_abundance	3	depth_share_alpha2_cap0.005	47	47	45	2	2	0.9574468085106383	0.9574468085106383	0.9574468085106385	12.670666989685857	0.9970245468507751	0	candidate-surface abundance policy; fixed calls	0	0.0
hmp_airskin_gtdb_source_abundance	3	depth_share_alpha2_cap0.01	47	47	45	2	2	0.9574468085106383	0.9574468085106383	0.9574468085106385	12.670666989685857	0.9970245468507751	0	candidate-surface abundance policy; fixed calls	0	0.0
hmp_airskin_gtdb_source_abundance	3	depth_share_alpha2_cap0.02	47	47	45	2	2	0.9574468085106383	0.9574468085106383	0.9574468085106385	12.670666989685857	0.9970245468507751	0	candidate-surface abundance policy; fixed calls	0	0.0
hmp_airskin_gtdb_source_abundance	3	depth_share_alpha2_cap0.05	47	47	45	2	2	0.9574468085106383	0.9574468085106383	0.9574468085106385	12.670666989685857	0.9970245468507751	0	candidate-surface abundance policy; fixed calls	0	0.0
hmp_airskin_gtdb_source_abundance	4	zero_mass	106	137	102	35	4	0.7445255474452555	0.9622641509433962	0.8395061728395061	28.726740922959344	0.9883782682234047	0	candidate-surface abundance policy; fixed calls	0	0.0
hmp_airskin_gtdb_source_abundance	4	normalized_depth_alpha0.05	106	137	102	35	4	0.7445255474452555	0.9622641509433962	0.8395061728395061	28.726740922959344	0.9883782682234047	0	candidate-surface abundance policy; fixed calls	0	0.0
hmp_airskin_gtdb_source_abundance	4	normalized_depth_alpha0.1	106	137	102	35	4	0.7445255474452555	0.9622641509433962	0.8395061728395061	28.726740922959344	0.9883782682234047	0	candidate-surface abundance policy; fixed calls	0	0.0
hmp_airskin_gtdb_source_abundance	4	normalized_depth_alpha0.25	106	137	102	35	4	0.7445255474452555	0.9622641509433962	0.8395061728395061	28.726740922959344	0.9883782682234047	0	candidate-surface abundance policy; fixed calls	0	0.0
hmp_airskin_gtdb_source_abundance	4	normalized_depth_alpha0.5	106	137	102	35	4	0.7445255474452555	0.9622641509433962	0.8395061728395061	28.726740922959344	0.9883782682234047	0	candidate-surface abundance policy; fixed calls	0	0.0
hmp_airskin_gtdb_source_abundance	4	normalized_depth_alpha1	106	137	102	35	4	0.7445255474452555	0.9622641509433962	0.8395061728395061	28.726740922959344	0.9883782682234047	0	candidate-surface abundance policy; fixed calls	0	0.0
hmp_airskin_gtdb_source_abundance	4	normalized_depth_alpha2	106	137	102	35	4	0.7445255474452555	0.9622641509433962	0.8395061728395061	28.726740922959344	0.9883782682234047	0	candidate-surface abundance policy; fixed calls	0	0.0
hmp_airskin_gtdb_source_abundance	4	normalized_depth_alpha5	106	137	102	35	4	0.7445255474452555	0.9622641509433962	0.8395061728395061	28.726740922959344	0.9883782682234047	0	candidate-surface abundance policy; fixed calls	0	0.0
hmp_airskin_gtdb_source_abundance	4	normalized_depth_alpha10	106	137	102	35	4	0.7445255474452555	0.9622641509433962	0.8395061728395061	28.726740922959344	0.9883782682234047	0	candidate-surface abundance policy; fixed calls	0	0.0
hmp_airskin_gtdb_source_abundance	4	normalized_depth_cap0.001	106	137	102	35	4	0.7445255474452555	0.9622641509433962	0.8395061728395061	28.726740922959344	0.9883782682234047	0	candidate-surface abundance policy; fixed calls	0	0.0
hmp_airskin_gtdb_source_abundance	4	normalized_depth_cap0.003	106	137	102	35	4	0.7445255474452555	0.9622641509433962	0.8395061728395061	28.726740922959344	0.9883782682234047	0	candidate-surface abundance policy; fixed calls	0	0.0
hmp_airskin_gtdb_source_abundance	4	normalized_depth_cap0.005	106	137	102	35	4	0.7445255474452555	0.9622641509433962	0.8395061728395061	28.726740922959344	0.9883782682234047	0	candidate-surface abundance policy; fixed calls	0	0.0
hmp_airskin_gtdb_source_abundance	4	normalized_depth_cap0.01	106	137	102	35	4	0.7445255474452555	0.9622641509433962	0.8395061728395061	28.726740922959344	0.9883782682234047	0	candidate-surface abundance policy; fixed calls	0	0.0
hmp_airskin_gtdb_source_abundance	4	normalized_depth_cap0.02	106	137	102	35	4	0.7445255474452555	0.9622641509433962	0.8395061728395061	28.726740922959344	0.9883782682234047	0	candidate-surface abundance policy; fixed calls	0	0.0
hmp_airskin_gtdb_source_abundance	4	normalized_depth_cap0.05	106	137	102	35	4	0.7445255474452555	0.9622641509433962	0.8395061728395061	28.726740922959344	0.9883782682234047	0	candidate-surface abundance policy; fixed calls	0	0.0
hmp_airskin_gtdb_source_abundance	4	normalized_depth_alpha0.25_cap0.001	106	137	102	35	4	0.7445255474452555	0.9622641509433962	0.8395061728395061	28.726740922959344	0.9883782682234047	0	candidate-surface abundance policy; fixed calls	0	0.0
hmp_airskin_gtdb_source_abundance	4	normalized_depth_alpha0.25_cap0.003	106	137	102	35	4	0.7445255474452555	0.9622641509433962	0.8395061728395061	28.726740922959344	0.9883782682234047	0	candidate-surface abundance policy; fixed calls	0	0.0
hmp_airskin_gtdb_source_abundance	4	normalized_depth_alpha0.25_cap0.005	106	137	102	35	4	0.7445255474452555	0.9622641509433962	0.8395061728395061	28.726740922959344	0.9883782682234047	0	candidate-surface abundance policy; fixed calls	0	0.0
hmp_airskin_gtdb_source_abundance	4	normalized_depth_alpha0.25_cap0.01	106	137	102	35	4	0.7445255474452555	0.9622641509433962	0.8395061728395061	28.726740922959344	0.9883782682234047	0	candidate-surface abundance policy; fixed calls	0	0.0
hmp_airskin_gtdb_source_abundance	4	normalized_depth_alpha0.25_cap0.02	106	137	102	35	4	0.7445255474452555	0.9622641509433962	0.8395061728395061	28.726740922959344	0.9883782682234047	0	candidate-surface abundance policy; fixed calls	0	0.0
hmp_airskin_gtdb_source_abundance	4	normalized_depth_alpha0.25_cap0.05	106	137	102	35	4	0.7445255474452555	0.9622641509433962	0.8395061728395061	28.726740922959344	0.9883782682234047	0	candidate-surface abundance policy; fixed calls	0	0.0
hmp_airskin_gtdb_source_abundance	4	normalized_depth_alpha0.5_cap0.001	106	137	102	35	4	0.7445255474452555	0.9622641509433962	0.8395061728395061	28.726740922959344	0.9883782682234047	0	candidate-surface abundance policy; fixed calls	0	0.0
hmp_airskin_gtdb_source_abundance	4	normalized_depth_alpha0.5_cap0.003	106	137	102	35	4	0.7445255474452555	0.9622641509433962	0.8395061728395061	28.726740922959344	0.9883782682234047	0	candidate-surface abundance policy; fixed calls	0	0.0
hmp_airskin_gtdb_source_abundance	4	normalized_depth_alpha0.5_cap0.005	106	137	102	35	4	0.7445255474452555	0.9622641509433962	0.8395061728395061	28.726740922959344	0.9883782682234047	0	candidate-surface abundance policy; fixed calls	0	0.0
hmp_airskin_gtdb_source_abundance	4	normalized_depth_alpha0.5_cap0.01	106	137	102	35	4	0.7445255474452555	0.9622641509433962	0.8395061728395061	28.726740922959344	0.9883782682234047	0	candidate-surface abundance policy; fixed calls	0	0.0
hmp_airskin_gtdb_source_abundance	4	normalized_depth_alpha0.5_cap0.02	106	137	102	35	4	0.7445255474452555	0.9622641509433962	0.8395061728395061	28.726740922959344	0.9883782682234047	0	candidate-surface abundance policy; fixed calls	0	0.0
hmp_airskin_gtdb_source_abundance	4	normalized_depth_alpha0.5_cap0.05	106	137	102	35	4	0.7445255474452555	0.9622641509433962	0.8395061728395061	28.726740922959344	0.9883782682234047	0	candidate-surface abundance policy; fixed calls	0	0.0
hmp_airskin_gtdb_source_abundance	4	normalized_depth_alpha1_cap0.001	106	137	102	35	4	0.7445255474452555	0.9622641509433962	0.8395061728395061	28.726740922959344	0.9883782682234047	0	candidate-surface abundance policy; fixed calls	0	0.0
hmp_airskin_gtdb_source_abundance	4	normalized_depth_alpha1_cap0.003	106	137	102	35	4	0.7445255474452555	0.9622641509433962	0.8395061728395061	28.726740922959344	0.9883782682234047	0	candidate-surface abundance policy; fixed calls	0	0.0
hmp_airskin_gtdb_source_abundance	4	normalized_depth_alpha1_cap0.005	106	137	102	35	4	0.7445255474452555	0.9622641509433962	0.8395061728395061	28.726740922959344	0.9883782682234047	0	candidate-surface abundance policy; fixed calls	0	0.0
hmp_airskin_gtdb_source_abundance	4	normalized_depth_alpha1_cap0.01	106	137	102	35	4	0.7445255474452555	0.9622641509433962	0.8395061728395061	28.726740922959344	0.9883782682234047	0	candidate-surface abundance policy; fixed calls	0	0.0
hmp_airskin_gtdb_source_abundance	4	normalized_depth_alpha1_cap0.02	106	137	102	35	4	0.7445255474452555	0.9622641509433962	0.8395061728395061	28.726740922959344	0.9883782682234047	0	candidate-surface abundance policy; fixed calls	0	0.0
hmp_airskin_gtdb_source_abundance	4	normalized_depth_alpha1_cap0.05	106	137	102	35	4	0.7445255474452555	0.9622641509433962	0.8395061728395061	28.726740922959344	0.9883782682234047	0	candidate-surface abundance policy; fixed calls	0	0.0
hmp_airskin_gtdb_source_abundance	4	normalized_depth_alpha2_cap0.001	106	137	102	35	4	0.7445255474452555	0.9622641509433962	0.8395061728395061	28.726740922959344	0.9883782682234047	0	candidate-surface abundance policy; fixed calls	0	0.0
hmp_airskin_gtdb_source_abundance	4	normalized_depth_alpha2_cap0.003	106	137	102	35	4	0.7445255474452555	0.9622641509433962	0.8395061728395061	28.726740922959344	0.9883782682234047	0	candidate-surface abundance policy; fixed calls	0	0.0
hmp_airskin_gtdb_source_abundance	4	normalized_depth_alpha2_cap0.005	106	137	102	35	4	0.7445255474452555	0.9622641509433962	0.8395061728395061	28.726740922959344	0.9883782682234047	0	candidate-surface abundance policy; fixed calls	0	0.0
hmp_airskin_gtdb_source_abundance	4	normalized_depth_alpha2_cap0.01	106	137	102	35	4	0.7445255474452555	0.9622641509433962	0.8395061728395061	28.726740922959344	0.9883782682234047	0	candidate-surface abundance policy; fixed calls	0	0.0
hmp_airskin_gtdb_source_abundance	4	normalized_depth_alpha2_cap0.02	106	137	102	35	4	0.7445255474452555	0.9622641509433962	0.8395061728395061	28.726740922959344	0.9883782682234047	0	candidate-surface abundance policy; fixed calls	0	0.0
hmp_airskin_gtdb_source_abundance	4	normalized_depth_alpha2_cap0.05	106	137	102	35	4	0.7445255474452555	0.9622641509433962	0.8395061728395061	28.726740922959344	0.9883782682234047	0	candidate-surface abundance policy; fixed calls	0	0.0
hmp_airskin_gtdb_source_abundance	4	xny_share_alpha0.05	106	137	102	35	4	0.7445255474452555	0.9622641509433962	0.8395061728395061	28.726740922959344	0.9883782682234047	0	candidate-surface abundance policy; fixed calls	0	0.0
hmp_airskin_gtdb_source_abundance	4	xny_share_alpha0.1	106	137	102	35	4	0.7445255474452555	0.9622641509433962	0.8395061728395061	28.726740922959344	0.9883782682234047	0	candidate-surface abundance policy; fixed calls	0	0.0
hmp_airskin_gtdb_source_abundance	4	xny_share_alpha0.25	106	137	102	35	4	0.7445255474452555	0.9622641509433962	0.8395061728395061	28.726740922959344	0.9883782682234047	0	candidate-surface abundance policy; fixed calls	0	0.0
hmp_airskin_gtdb_source_abundance	4	xny_share_alpha0.5	106	137	102	35	4	0.7445255474452555	0.9622641509433962	0.8395061728395061	28.726740922959344	0.9883782682234047	0	candidate-surface abundance policy; fixed calls	0	0.0
hmp_airskin_gtdb_source_abundance	4	xny_share_alpha1	106	137	102	35	4	0.7445255474452555	0.9622641509433962	0.8395061728395061	28.726740922959344	0.9883782682234047	0	candidate-surface abundance policy; fixed calls	0	0.0
hmp_airskin_gtdb_source_abundance	4	xny_share_alpha2	106	137	102	35	4	0.7445255474452555	0.9622641509433962	0.8395061728395061	28.726740922959344	0.9883782682234047	0	candidate-surface abundance policy; fixed calls	0	0.0
hmp_airskin_gtdb_source_abundance	4	xny_share_alpha5	106	137	102	35	4	0.7445255474452555	0.9622641509433962	0.8395061728395061	28.726740922959344	0.9883782682234047	0	candidate-surface abundance policy; fixed calls	0	0.0
hmp_airskin_gtdb_source_abundance	4	xny_share_alpha10	106	137	102	35	4	0.7445255474452555	0.9622641509433962	0.8395061728395061	28.726740922959344	0.9883782682234047	0	candidate-surface abundance policy; fixed calls	0	0.0
hmp_airskin_gtdb_source_abundance	4	xny_share_cap0.001	106	137	102	35	4	0.7445255474452555	0.9622641509433962	0.8395061728395061	28.726740922959344	0.9883782682234047	0	candidate-surface abundance policy; fixed calls	0	0.0
hmp_airskin_gtdb_source_abundance	4	xny_share_cap0.003	106	137	102	35	4	0.7445255474452555	0.9622641509433962	0.8395061728395061	28.726740922959344	0.9883782682234047	0	candidate-surface abundance policy; fixed calls	0	0.0
hmp_airskin_gtdb_source_abundance	4	xny_share_cap0.005	106	137	102	35	4	0.7445255474452555	0.9622641509433962	0.8395061728395061	28.726740922959344	0.9883782682234047	0	candidate-surface abundance policy; fixed calls	0	0.0
hmp_airskin_gtdb_source_abundance	4	xny_share_cap0.01	106	137	102	35	4	0.7445255474452555	0.9622641509433962	0.8395061728395061	28.726740922959344	0.9883782682234047	0	candidate-surface abundance policy; fixed calls	0	0.0
hmp_airskin_gtdb_source_abundance	4	xny_share_cap0.02	106	137	102	35	4	0.7445255474452555	0.9622641509433962	0.8395061728395061	28.726740922959344	0.9883782682234047	0	candidate-surface abundance policy; fixed calls	0	0.0
hmp_airskin_gtdb_source_abundance	4	xny_share_cap0.05	106	137	102	35	4	0.7445255474452555	0.9622641509433962	0.8395061728395061	28.726740922959344	0.9883782682234047	0	candidate-surface abundance policy; fixed calls	0	0.0
hmp_airskin_gtdb_source_abundance	4	xny_share_alpha0.25_cap0.001	106	137	102	35	4	0.7445255474452555	0.9622641509433962	0.8395061728395061	28.726740922959344	0.9883782682234047	0	candidate-surface abundance policy; fixed calls	0	0.0
hmp_airskin_gtdb_source_abundance	4	xny_share_alpha0.25_cap0.003	106	137	102	35	4	0.7445255474452555	0.9622641509433962	0.8395061728395061	28.726740922959344	0.9883782682234047	0	candidate-surface abundance policy; fixed calls	0	0.0
hmp_airskin_gtdb_source_abundance	4	xny_share_alpha0.25_cap0.005	106	137	102	35	4	0.7445255474452555	0.9622641509433962	0.8395061728395061	28.726740922959344	0.9883782682234047	0	candidate-surface abundance policy; fixed calls	0	0.0
hmp_airskin_gtdb_source_abundance	4	xny_share_alpha0.25_cap0.01	106	137	102	35	4	0.7445255474452555	0.9622641509433962	0.8395061728395061	28.726740922959344	0.9883782682234047	0	candidate-surface abundance policy; fixed calls	0	0.0
hmp_airskin_gtdb_source_abundance	4	xny_share_alpha0.25_cap0.02	106	137	102	35	4	0.7445255474452555	0.9622641509433962	0.8395061728395061	28.726740922959344	0.9883782682234047	0	candidate-surface abundance policy; fixed calls	0	0.0
hmp_airskin_gtdb_source_abundance	4	xny_share_alpha0.25_cap0.05	106	137	102	35	4	0.7445255474452555	0.9622641509433962	0.8395061728395061	28.726740922959344	0.9883782682234047	0	candidate-surface abundance policy; fixed calls	0	0.0
hmp_airskin_gtdb_source_abundance	4	xny_share_alpha0.5_cap0.001	106	137	102	35	4	0.7445255474452555	0.9622641509433962	0.8395061728395061	28.726740922959344	0.9883782682234047	0	candidate-surface abundance policy; fixed calls	0	0.0
hmp_airskin_gtdb_source_abundance	4	xny_share_alpha0.5_cap0.003	106	137	102	35	4	0.7445255474452555	0.9622641509433962	0.8395061728395061	28.726740922959344	0.9883782682234047	0	candidate-surface abundance policy; fixed calls	0	0.0
hmp_airskin_gtdb_source_abundance	4	xny_share_alpha0.5_cap0.005	106	137	102	35	4	0.7445255474452555	0.9622641509433962	0.8395061728395061	28.726740922959344	0.9883782682234047	0	candidate-surface abundance policy; fixed calls	0	0.0
hmp_airskin_gtdb_source_abundance	4	xny_share_alpha0.5_cap0.01	106	137	102	35	4	0.7445255474452555	0.9622641509433962	0.8395061728395061	28.726740922959344	0.9883782682234047	0	candidate-surface abundance policy; fixed calls	0	0.0
hmp_airskin_gtdb_source_abundance	4	xny_share_alpha0.5_cap0.02	106	137	102	35	4	0.7445255474452555	0.9622641509433962	0.8395061728395061	28.726740922959344	0.9883782682234047	0	candidate-surface abundance policy; fixed calls	0	0.0
hmp_airskin_gtdb_source_abundance	4	xny_share_alpha0.5_cap0.05	106	137	102	35	4	0.7445255474452555	0.9622641509433962	0.8395061728395061	28.726740922959344	0.9883782682234047	0	candidate-surface abundance policy; fixed calls	0	0.0
hmp_airskin_gtdb_source_abundance	4	xny_share_alpha1_cap0.001	106	137	102	35	4	0.7445255474452555	0.9622641509433962	0.8395061728395061	28.726740922959344	0.9883782682234047	0	candidate-surface abundance policy; fixed calls	0	0.0
hmp_airskin_gtdb_source_abundance	4	xny_share_alpha1_cap0.003	106	137	102	35	4	0.7445255474452555	0.9622641509433962	0.8395061728395061	28.726740922959344	0.9883782682234047	0	candidate-surface abundance policy; fixed calls	0	0.0
hmp_airskin_gtdb_source_abundance	4	xny_share_alpha1_cap0.005	106	137	102	35	4	0.7445255474452555	0.9622641509433962	0.8395061728395061	28.726740922959344	0.9883782682234047	0	candidate-surface abundance policy; fixed calls	0	0.0
hmp_airskin_gtdb_source_abundance	4	xny_share_alpha1_cap0.01	106	137	102	35	4	0.7445255474452555	0.9622641509433962	0.8395061728395061	28.726740922959344	0.9883782682234047	0	candidate-surface abundance policy; fixed calls	0	0.0
hmp_airskin_gtdb_source_abundance	4	xny_share_alpha1_cap0.02	106	137	102	35	4	0.7445255474452555	0.9622641509433962	0.8395061728395061	28.726740922959344	0.9883782682234047	0	candidate-surface abundance policy; fixed calls	0	0.0
hmp_airskin_gtdb_source_abundance	4	xny_share_alpha1_cap0.05	106	137	102	35	4	0.7445255474452555	0.9622641509433962	0.8395061728395061	28.726740922959344	0.9883782682234047	0	candidate-surface abundance policy; fixed calls	0	0.0
hmp_airskin_gtdb_source_abundance	4	xny_share_alpha2_cap0.001	106	137	102	35	4	0.7445255474452555	0.9622641509433962	0.8395061728395061	28.726740922959344	0.9883782682234047	0	candidate-surface abundance policy; fixed calls	0	0.0
hmp_airskin_gtdb_source_abundance	4	xny_share_alpha2_cap0.003	106	137	102	35	4	0.7445255474452555	0.9622641509433962	0.8395061728395061	28.726740922959344	0.9883782682234047	0	candidate-surface abundance policy; fixed calls	0	0.0
hmp_airskin_gtdb_source_abundance	4	xny_share_alpha2_cap0.005	106	137	102	35	4	0.7445255474452555	0.9622641509433962	0.8395061728395061	28.726740922959344	0.9883782682234047	0	candidate-surface abundance policy; fixed calls	0	0.0
hmp_airskin_gtdb_source_abundance	4	xny_share_alpha2_cap0.01	106	137	102	35	4	0.7445255474452555	0.9622641509433962	0.8395061728395061	28.726740922959344	0.9883782682234047	0	candidate-surface abundance policy; fixed calls	0	0.0
hmp_airskin_gtdb_source_abundance	4	xny_share_alpha2_cap0.02	106	137	102	35	4	0.7445255474452555	0.9622641509433962	0.8395061728395061	28.726740922959344	0.9883782682234047	0	candidate-surface abundance policy; fixed calls	0	0.0
hmp_airskin_gtdb_source_abundance	4	xny_share_alpha2_cap0.05	106	137	102	35	4	0.7445255474452555	0.9622641509433962	0.8395061728395061	28.726740922959344	0.9883782682234047	0	candidate-surface abundance policy; fixed calls	0	0.0
hmp_airskin_gtdb_source_abundance	4	depth_share_alpha0.05	106	137	102	35	4	0.7445255474452555	0.9622641509433962	0.8395061728395061	28.726740922959344	0.9883782682234047	0	candidate-surface abundance policy; fixed calls	0	0.0
hmp_airskin_gtdb_source_abundance	4	depth_share_alpha0.1	106	137	102	35	4	0.7445255474452555	0.9622641509433962	0.8395061728395061	28.726740922959344	0.9883782682234047	0	candidate-surface abundance policy; fixed calls	0	0.0
hmp_airskin_gtdb_source_abundance	4	depth_share_alpha0.25	106	137	102	35	4	0.7445255474452555	0.9622641509433962	0.8395061728395061	28.726740922959344	0.9883782682234047	0	candidate-surface abundance policy; fixed calls	0	0.0
hmp_airskin_gtdb_source_abundance	4	depth_share_alpha0.5	106	137	102	35	4	0.7445255474452555	0.9622641509433962	0.8395061728395061	28.726740922959344	0.9883782682234047	0	candidate-surface abundance policy; fixed calls	0	0.0
hmp_airskin_gtdb_source_abundance	4	depth_share_alpha1	106	137	102	35	4	0.7445255474452555	0.9622641509433962	0.8395061728395061	28.726740922959344	0.9883782682234047	0	candidate-surface abundance policy; fixed calls	0	0.0
hmp_airskin_gtdb_source_abundance	4	depth_share_alpha2	106	137	102	35	4	0.7445255474452555	0.9622641509433962	0.8395061728395061	28.726740922959344	0.9883782682234047	0	candidate-surface abundance policy; fixed calls	0	0.0
hmp_airskin_gtdb_source_abundance	4	depth_share_alpha5	106	137	102	35	4	0.7445255474452555	0.9622641509433962	0.8395061728395061	28.726740922959344	0.9883782682234047	0	candidate-surface abundance policy; fixed calls	0	0.0
hmp_airskin_gtdb_source_abundance	4	depth_share_alpha10	106	137	102	35	4	0.7445255474452555	0.9622641509433962	0.8395061728395061	28.726740922959344	0.9883782682234047	0	candidate-surface abundance policy; fixed calls	0	0.0
hmp_airskin_gtdb_source_abundance	4	depth_share_cap0.001	106	137	102	35	4	0.7445255474452555	0.9622641509433962	0.8395061728395061	28.726740922959344	0.9883782682234047	0	candidate-surface abundance policy; fixed calls	0	0.0
hmp_airskin_gtdb_source_abundance	4	depth_share_cap0.003	106	137	102	35	4	0.7445255474452555	0.9622641509433962	0.8395061728395061	28.726740922959344	0.9883782682234047	0	candidate-surface abundance policy; fixed calls	0	0.0
hmp_airskin_gtdb_source_abundance	4	depth_share_cap0.005	106	137	102	35	4	0.7445255474452555	0.9622641509433962	0.8395061728395061	28.726740922959344	0.9883782682234047	0	candidate-surface abundance policy; fixed calls	0	0.0
hmp_airskin_gtdb_source_abundance	4	depth_share_cap0.01	106	137	102	35	4	0.7445255474452555	0.9622641509433962	0.8395061728395061	28.726740922959344	0.9883782682234047	0	candidate-surface abundance policy; fixed calls	0	0.0
hmp_airskin_gtdb_source_abundance	4	depth_share_cap0.02	106	137	102	35	4	0.7445255474452555	0.9622641509433962	0.8395061728395061	28.726740922959344	0.9883782682234047	0	candidate-surface abundance policy; fixed calls	0	0.0
hmp_airskin_gtdb_source_abundance	4	depth_share_cap0.05	106	137	102	35	4	0.7445255474452555	0.9622641509433962	0.8395061728395061	28.726740922959344	0.9883782682234047	0	candidate-surface abundance policy; fixed calls	0	0.0
hmp_airskin_gtdb_source_abundance	4	depth_share_alpha0.25_cap0.001	106	137	102	35	4	0.7445255474452555	0.9622641509433962	0.8395061728395061	28.726740922959344	0.9883782682234047	0	candidate-surface abundance policy; fixed calls	0	0.0
hmp_airskin_gtdb_source_abundance	4	depth_share_alpha0.25_cap0.003	106	137	102	35	4	0.7445255474452555	0.9622641509433962	0.8395061728395061	28.726740922959344	0.9883782682234047	0	candidate-surface abundance policy; fixed calls	0	0.0
hmp_airskin_gtdb_source_abundance	4	depth_share_alpha0.25_cap0.005	106	137	102	35	4	0.7445255474452555	0.9622641509433962	0.8395061728395061	28.726740922959344	0.9883782682234047	0	candidate-surface abundance policy; fixed calls	0	0.0
hmp_airskin_gtdb_source_abundance	4	depth_share_alpha0.25_cap0.01	106	137	102	35	4	0.7445255474452555	0.9622641509433962	0.8395061728395061	28.726740922959344	0.9883782682234047	0	candidate-surface abundance policy; fixed calls	0	0.0
hmp_airskin_gtdb_source_abundance	4	depth_share_alpha0.25_cap0.02	106	137	102	35	4	0.7445255474452555	0.9622641509433962	0.8395061728395061	28.726740922959344	0.9883782682234047	0	candidate-surface abundance policy; fixed calls	0	0.0
hmp_airskin_gtdb_source_abundance	4	depth_share_alpha0.25_cap0.05	106	137	102	35	4	0.7445255474452555	0.9622641509433962	0.8395061728395061	28.726740922959344	0.9883782682234047	0	candidate-surface abundance policy; fixed calls	0	0.0
hmp_airskin_gtdb_source_abundance	4	depth_share_alpha0.5_cap0.001	106	137	102	35	4	0.7445255474452555	0.9622641509433962	0.8395061728395061	28.726740922959344	0.9883782682234047	0	candidate-surface abundance policy; fixed calls	0	0.0
hmp_airskin_gtdb_source_abundance	4	depth_share_alpha0.5_cap0.003	106	137	102	35	4	0.7445255474452555	0.9622641509433962	0.8395061728395061	28.726740922959344	0.9883782682234047	0	candidate-surface abundance policy; fixed calls	0	0.0
hmp_airskin_gtdb_source_abundance	4	depth_share_alpha0.5_cap0.005	106	137	102	35	4	0.7445255474452555	0.9622641509433962	0.8395061728395061	28.726740922959344	0.9883782682234047	0	candidate-surface abundance policy; fixed calls	0	0.0
hmp_airskin_gtdb_source_abundance	4	depth_share_alpha0.5_cap0.01	106	137	102	35	4	0.7445255474452555	0.9622641509433962	0.8395061728395061	28.726740922959344	0.9883782682234047	0	candidate-surface abundance policy; fixed calls	0	0.0
hmp_airskin_gtdb_source_abundance	4	depth_share_alpha0.5_cap0.02	106	137	102	35	4	0.7445255474452555	0.9622641509433962	0.8395061728395061	28.726740922959344	0.9883782682234047	0	candidate-surface abundance policy; fixed calls	0	0.0
hmp_airskin_gtdb_source_abundance	4	depth_share_alpha0.5_cap0.05	106	137	102	35	4	0.7445255474452555	0.9622641509433962	0.8395061728395061	28.726740922959344	0.9883782682234047	0	candidate-surface abundance policy; fixed calls	0	0.0
hmp_airskin_gtdb_source_abundance	4	depth_share_alpha1_cap0.001	106	137	102	35	4	0.7445255474452555	0.9622641509433962	0.8395061728395061	28.726740922959344	0.9883782682234047	0	candidate-surface abundance policy; fixed calls	0	0.0
hmp_airskin_gtdb_source_abundance	4	depth_share_alpha1_cap0.003	106	137	102	35	4	0.7445255474452555	0.9622641509433962	0.8395061728395061	28.726740922959344	0.9883782682234047	0	candidate-surface abundance policy; fixed calls	0	0.0
hmp_airskin_gtdb_source_abundance	4	depth_share_alpha1_cap0.005	106	137	102	35	4	0.7445255474452555	0.9622641509433962	0.8395061728395061	28.726740922959344	0.9883782682234047	0	candidate-surface abundance policy; fixed calls	0	0.0
hmp_airskin_gtdb_source_abundance	4	depth_share_alpha1_cap0.01	106	137	102	35	4	0.7445255474452555	0.9622641509433962	0.8395061728395061	28.726740922959344	0.9883782682234047	0	candidate-surface abundance policy; fixed calls	0	0.0
hmp_airskin_gtdb_source_abundance	4	depth_share_alpha1_cap0.02	106	137	102	35	4	0.7445255474452555	0.9622641509433962	0.8395061728395061	28.726740922959344	0.9883782682234047	0	candidate-surface abundance policy; fixed calls	0	0.0
hmp_airskin_gtdb_source_abundance	4	depth_share_alpha1_cap0.05	106	137	102	35	4	0.7445255474452555	0.9622641509433962	0.8395061728395061	28.726740922959344	0.9883782682234047	0	candidate-surface abundance policy; fixed calls	0	0.0
hmp_airskin_gtdb_source_abundance	4	depth_share_alpha2_cap0.001	106	137	102	35	4	0.7445255474452555	0.9622641509433962	0.8395061728395061	28.726740922959344	0.9883782682234047	0	candidate-surface abundance policy; fixed calls	0	0.0
hmp_airskin_gtdb_source_abundance	4	depth_share_alpha2_cap0.003	106	137	102	35	4	0.7445255474452555	0.9622641509433962	0.8395061728395061	28.726740922959344	0.9883782682234047	0	candidate-surface abundance policy; fixed calls	0	0.0
hmp_airskin_gtdb_source_abundance	4	depth_share_alpha2_cap0.005	106	137	102	35	4	0.7445255474452555	0.9622641509433962	0.8395061728395061	28.726740922959344	0.9883782682234047	0	candidate-surface abundance policy; fixed calls	0	0.0
hmp_airskin_gtdb_source_abundance	4	depth_share_alpha2_cap0.01	106	137	102	35	4	0.7445255474452555	0.9622641509433962	0.8395061728395061	28.726740922959344	0.9883782682234047	0	candidate-surface abundance policy; fixed calls	0	0.0
hmp_airskin_gtdb_source_abundance	4	depth_share_alpha2_cap0.02	106	137	102	35	4	0.7445255474452555	0.9622641509433962	0.8395061728395061	28.726740922959344	0.9883782682234047	0	candidate-surface abundance policy; fixed calls	0	0.0
hmp_airskin_gtdb_source_abundance	4	depth_share_alpha2_cap0.05	106	137	102	35	4	0.7445255474452555	0.9622641509433962	0.8395061728395061	28.726740922959344	0.9883782682234047	0	candidate-surface abundance policy; fixed calls	0	0.0
hmp_airskin_gtdb_source_abundance	5	zero_mass	26	26	25	1	1	0.9615384615384616	0.9615384615384616	0.9615384615384616	10.337735604597114	0.9983818025644171	0	candidate-surface abundance policy; fixed calls	0	0.0
hmp_airskin_gtdb_source_abundance	5	normalized_depth_alpha0.05	26	26	25	1	1	0.9615384615384616	0.9615384615384616	0.9615384615384616	10.337735604597114	0.9983818025644171	0	candidate-surface abundance policy; fixed calls	0	0.0
hmp_airskin_gtdb_source_abundance	5	normalized_depth_alpha0.1	26	26	25	1	1	0.9615384615384616	0.9615384615384616	0.9615384615384616	10.337735604597114	0.9983818025644171	0	candidate-surface abundance policy; fixed calls	0	0.0
hmp_airskin_gtdb_source_abundance	5	normalized_depth_alpha0.25	26	26	25	1	1	0.9615384615384616	0.9615384615384616	0.9615384615384616	10.337735604597114	0.9983818025644171	0	candidate-surface abundance policy; fixed calls	0	0.0
hmp_airskin_gtdb_source_abundance	5	normalized_depth_alpha0.5	26	26	25	1	1	0.9615384615384616	0.9615384615384616	0.9615384615384616	10.337735604597114	0.9983818025644171	0	candidate-surface abundance policy; fixed calls	0	0.0
hmp_airskin_gtdb_source_abundance	5	normalized_depth_alpha1	26	26	25	1	1	0.9615384615384616	0.9615384615384616	0.9615384615384616	10.337735604597114	0.9983818025644171	0	candidate-surface abundance policy; fixed calls	0	0.0
hmp_airskin_gtdb_source_abundance	5	normalized_depth_alpha2	26	26	25	1	1	0.9615384615384616	0.9615384615384616	0.9615384615384616	10.337735604597114	0.9983818025644171	0	candidate-surface abundance policy; fixed calls	0	0.0
hmp_airskin_gtdb_source_abundance	5	normalized_depth_alpha5	26	26	25	1	1	0.9615384615384616	0.9615384615384616	0.9615384615384616	10.337735604597114	0.9983818025644171	0	candidate-surface abundance policy; fixed calls	0	0.0
hmp_airskin_gtdb_source_abundance	5	normalized_depth_alpha10	26	26	25	1	1	0.9615384615384616	0.9615384615384616	0.9615384615384616	10.337735604597114	0.9983818025644171	0	candidate-surface abundance policy; fixed calls	0	0.0
hmp_airskin_gtdb_source_abundance	5	normalized_depth_cap0.001	26	26	25	1	1	0.9615384615384616	0.9615384615384616	0.9615384615384616	10.337735604597114	0.9983818025644171	0	candidate-surface abundance policy; fixed calls	0	0.0
hmp_airskin_gtdb_source_abundance	5	normalized_depth_cap0.003	26	26	25	1	1	0.9615384615384616	0.9615384615384616	0.9615384615384616	10.337735604597114	0.9983818025644171	0	candidate-surface abundance policy; fixed calls	0	0.0
hmp_airskin_gtdb_source_abundance	5	normalized_depth_cap0.005	26	26	25	1	1	0.9615384615384616	0.9615384615384616	0.9615384615384616	10.337735604597114	0.9983818025644171	0	candidate-surface abundance policy; fixed calls	0	0.0
hmp_airskin_gtdb_source_abundance	5	normalized_depth_cap0.01	26	26	25	1	1	0.9615384615384616	0.9615384615384616	0.9615384615384616	10.337735604597114	0.9983818025644171	0	candidate-surface abundance policy; fixed calls	0	0.0
hmp_airskin_gtdb_source_abundance	5	normalized_depth_cap0.02	26	26	25	1	1	0.9615384615384616	0.9615384615384616	0.9615384615384616	10.337735604597114	0.9983818025644171	0	candidate-surface abundance policy; fixed calls	0	0.0
hmp_airskin_gtdb_source_abundance	5	normalized_depth_cap0.05	26	26	25	1	1	0.9615384615384616	0.9615384615384616	0.9615384615384616	10.337735604597114	0.9983818025644171	0	candidate-surface abundance policy; fixed calls	0	0.0
hmp_airskin_gtdb_source_abundance	5	normalized_depth_alpha0.25_cap0.001	26	26	25	1	1	0.9615384615384616	0.9615384615384616	0.9615384615384616	10.337735604597114	0.9983818025644171	0	candidate-surface abundance policy; fixed calls	0	0.0
hmp_airskin_gtdb_source_abundance	5	normalized_depth_alpha0.25_cap0.003	26	26	25	1	1	0.9615384615384616	0.9615384615384616	0.9615384615384616	10.337735604597114	0.9983818025644171	0	candidate-surface abundance policy; fixed calls	0	0.0
hmp_airskin_gtdb_source_abundance	5	normalized_depth_alpha0.25_cap0.005	26	26	25	1	1	0.9615384615384616	0.9615384615384616	0.9615384615384616	10.337735604597114	0.9983818025644171	0	candidate-surface abundance policy; fixed calls	0	0.0
hmp_airskin_gtdb_source_abundance	5	normalized_depth_alpha0.25_cap0.01	26	26	25	1	1	0.9615384615384616	0.9615384615384616	0.9615384615384616	10.337735604597114	0.9983818025644171	0	candidate-surface abundance policy; fixed calls	0	0.0
hmp_airskin_gtdb_source_abundance	5	normalized_depth_alpha0.25_cap0.02	26	26	25	1	1	0.9615384615384616	0.9615384615384616	0.9615384615384616	10.337735604597114	0.9983818025644171	0	candidate-surface abundance policy; fixed calls	0	0.0
hmp_airskin_gtdb_source_abundance	5	normalized_depth_alpha0.25_cap0.05	26	26	25	1	1	0.9615384615384616	0.9615384615384616	0.9615384615384616	10.337735604597114	0.9983818025644171	0	candidate-surface abundance policy; fixed calls	0	0.0
hmp_airskin_gtdb_source_abundance	5	normalized_depth_alpha0.5_cap0.001	26	26	25	1	1	0.9615384615384616	0.9615384615384616	0.9615384615384616	10.337735604597114	0.9983818025644171	0	candidate-surface abundance policy; fixed calls	0	0.0
hmp_airskin_gtdb_source_abundance	5	normalized_depth_alpha0.5_cap0.003	26	26	25	1	1	0.9615384615384616	0.9615384615384616	0.9615384615384616	10.337735604597114	0.9983818025644171	0	candidate-surface abundance policy; fixed calls	0	0.0
hmp_airskin_gtdb_source_abundance	5	normalized_depth_alpha0.5_cap0.005	26	26	25	1	1	0.9615384615384616	0.9615384615384616	0.9615384615384616	10.337735604597114	0.9983818025644171	0	candidate-surface abundance policy; fixed calls	0	0.0
hmp_airskin_gtdb_source_abundance	5	normalized_depth_alpha0.5_cap0.01	26	26	25	1	1	0.9615384615384616	0.9615384615384616	0.9615384615384616	10.337735604597114	0.9983818025644171	0	candidate-surface abundance policy; fixed calls	0	0.0
hmp_airskin_gtdb_source_abundance	5	normalized_depth_alpha0.5_cap0.02	26	26	25	1	1	0.9615384615384616	0.9615384615384616	0.9615384615384616	10.337735604597114	0.9983818025644171	0	candidate-surface abundance policy; fixed calls	0	0.0
hmp_airskin_gtdb_source_abundance	5	normalized_depth_alpha0.5_cap0.05	26	26	25	1	1	0.9615384615384616	0.9615384615384616	0.9615384615384616	10.337735604597114	0.9983818025644171	0	candidate-surface abundance policy; fixed calls	0	0.0
hmp_airskin_gtdb_source_abundance	5	normalized_depth_alpha1_cap0.001	26	26	25	1	1	0.9615384615384616	0.9615384615384616	0.9615384615384616	10.337735604597114	0.9983818025644171	0	candidate-surface abundance policy; fixed calls	0	0.0
hmp_airskin_gtdb_source_abundance	5	normalized_depth_alpha1_cap0.003	26	26	25	1	1	0.9615384615384616	0.9615384615384616	0.9615384615384616	10.337735604597114	0.9983818025644171	0	candidate-surface abundance policy; fixed calls	0	0.0
hmp_airskin_gtdb_source_abundance	5	normalized_depth_alpha1_cap0.005	26	26	25	1	1	0.9615384615384616	0.9615384615384616	0.9615384615384616	10.337735604597114	0.9983818025644171	0	candidate-surface abundance policy; fixed calls	0	0.0
hmp_airskin_gtdb_source_abundance	5	normalized_depth_alpha1_cap0.01	26	26	25	1	1	0.9615384615384616	0.9615384615384616	0.9615384615384616	10.337735604597114	0.9983818025644171	0	candidate-surface abundance policy; fixed calls	0	0.0
hmp_airskin_gtdb_source_abundance	5	normalized_depth_alpha1_cap0.02	26	26	25	1	1	0.9615384615384616	0.9615384615384616	0.9615384615384616	10.337735604597114	0.9983818025644171	0	candidate-surface abundance policy; fixed calls	0	0.0
hmp_airskin_gtdb_source_abundance	5	normalized_depth_alpha1_cap0.05	26	26	25	1	1	0.9615384615384616	0.9615384615384616	0.9615384615384616	10.337735604597114	0.9983818025644171	0	candidate-surface abundance policy; fixed calls	0	0.0
hmp_airskin_gtdb_source_abundance	5	normalized_depth_alpha2_cap0.001	26	26	25	1	1	0.9615384615384616	0.9615384615384616	0.9615384615384616	10.337735604597114	0.9983818025644171	0	candidate-surface abundance policy; fixed calls	0	0.0
hmp_airskin_gtdb_source_abundance	5	normalized_depth_alpha2_cap0.003	26	26	25	1	1	0.9615384615384616	0.9615384615384616	0.9615384615384616	10.337735604597114	0.9983818025644171	0	candidate-surface abundance policy; fixed calls	0	0.0
hmp_airskin_gtdb_source_abundance	5	normalized_depth_alpha2_cap0.005	26	26	25	1	1	0.9615384615384616	0.9615384615384616	0.9615384615384616	10.337735604597114	0.9983818025644171	0	candidate-surface abundance policy; fixed calls	0	0.0
hmp_airskin_gtdb_source_abundance	5	normalized_depth_alpha2_cap0.01	26	26	25	1	1	0.9615384615384616	0.9615384615384616	0.9615384615384616	10.337735604597114	0.9983818025644171	0	candidate-surface abundance policy; fixed calls	0	0.0
hmp_airskin_gtdb_source_abundance	5	normalized_depth_alpha2_cap0.02	26	26	25	1	1	0.9615384615384616	0.9615384615384616	0.9615384615384616	10.337735604597114	0.9983818025644171	0	candidate-surface abundance policy; fixed calls	0	0.0
hmp_airskin_gtdb_source_abundance	5	normalized_depth_alpha2_cap0.05	26	26	25	1	1	0.9615384615384616	0.9615384615384616	0.9615384615384616	10.337735604597114	0.9983818025644171	0	candidate-surface abundance policy; fixed calls	0	0.0
hmp_airskin_gtdb_source_abundance	5	xny_share_alpha0.05	26	26	25	1	1	0.9615384615384616	0.9615384615384616	0.9615384615384616	10.337735604597114	0.9983818025644171	0	candidate-surface abundance policy; fixed calls	0	0.0
hmp_airskin_gtdb_source_abundance	5	xny_share_alpha0.1	26	26	25	1	1	0.9615384615384616	0.9615384615384616	0.9615384615384616	10.337735604597114	0.9983818025644171	0	candidate-surface abundance policy; fixed calls	0	0.0
hmp_airskin_gtdb_source_abundance	5	xny_share_alpha0.25	26	26	25	1	1	0.9615384615384616	0.9615384615384616	0.9615384615384616	10.337735604597114	0.9983818025644171	0	candidate-surface abundance policy; fixed calls	0	0.0
hmp_airskin_gtdb_source_abundance	5	xny_share_alpha0.5	26	26	25	1	1	0.9615384615384616	0.9615384615384616	0.9615384615384616	10.337735604597114	0.9983818025644171	0	candidate-surface abundance policy; fixed calls	0	0.0
hmp_airskin_gtdb_source_abundance	5	xny_share_alpha1	26	26	25	1	1	0.9615384615384616	0.9615384615384616	0.9615384615384616	10.337735604597114	0.9983818025644171	0	candidate-surface abundance policy; fixed calls	0	0.0
hmp_airskin_gtdb_source_abundance	5	xny_share_alpha2	26	26	25	1	1	0.9615384615384616	0.9615384615384616	0.9615384615384616	10.337735604597114	0.9983818025644171	0	candidate-surface abundance policy; fixed calls	0	0.0
hmp_airskin_gtdb_source_abundance	5	xny_share_alpha5	26	26	25	1	1	0.9615384615384616	0.9615384615384616	0.9615384615384616	10.337735604597114	0.9983818025644171	0	candidate-surface abundance policy; fixed calls	0	0.0
hmp_airskin_gtdb_source_abundance	5	xny_share_alpha10	26	26	25	1	1	0.9615384615384616	0.9615384615384616	0.9615384615384616	10.337735604597114	0.9983818025644171	0	candidate-surface abundance policy; fixed calls	0	0.0
hmp_airskin_gtdb_source_abundance	5	xny_share_cap0.001	26	26	25	1	1	0.9615384615384616	0.9615384615384616	0.9615384615384616	10.337735604597114	0.9983818025644171	0	candidate-surface abundance policy; fixed calls	0	0.0
hmp_airskin_gtdb_source_abundance	5	xny_share_cap0.003	26	26	25	1	1	0.9615384615384616	0.9615384615384616	0.9615384615384616	10.337735604597114	0.9983818025644171	0	candidate-surface abundance policy; fixed calls	0	0.0
hmp_airskin_gtdb_source_abundance	5	xny_share_cap0.005	26	26	25	1	1	0.9615384615384616	0.9615384615384616	0.9615384615384616	10.337735604597114	0.9983818025644171	0	candidate-surface abundance policy; fixed calls	0	0.0
hmp_airskin_gtdb_source_abundance	5	xny_share_cap0.01	26	26	25	1	1	0.9615384615384616	0.9615384615384616	0.9615384615384616	10.337735604597114	0.9983818025644171	0	candidate-surface abundance policy; fixed calls	0	0.0
hmp_airskin_gtdb_source_abundance	5	xny_share_cap0.02	26	26	25	1	1	0.9615384615384616	0.9615384615384616	0.9615384615384616	10.337735604597114	0.9983818025644171	0	candidate-surface abundance policy; fixed calls	0	0.0
hmp_airskin_gtdb_source_abundance	5	xny_share_cap0.05	26	26	25	1	1	0.9615384615384616	0.9615384615384616	0.9615384615384616	10.337735604597114	0.9983818025644171	0	candidate-surface abundance policy; fixed calls	0	0.0
hmp_airskin_gtdb_source_abundance	5	xny_share_alpha0.25_cap0.001	26	26	25	1	1	0.9615384615384616	0.9615384615384616	0.9615384615384616	10.337735604597114	0.9983818025644171	0	candidate-surface abundance policy; fixed calls	0	0.0
hmp_airskin_gtdb_source_abundance	5	xny_share_alpha0.25_cap0.003	26	26	25	1	1	0.9615384615384616	0.9615384615384616	0.9615384615384616	10.337735604597114	0.9983818025644171	0	candidate-surface abundance policy; fixed calls	0	0.0
hmp_airskin_gtdb_source_abundance	5	xny_share_alpha0.25_cap0.005	26	26	25	1	1	0.9615384615384616	0.9615384615384616	0.9615384615384616	10.337735604597114	0.9983818025644171	0	candidate-surface abundance policy; fixed calls	0	0.0
hmp_airskin_gtdb_source_abundance	5	xny_share_alpha0.25_cap0.01	26	26	25	1	1	0.9615384615384616	0.9615384615384616	0.9615384615384616	10.337735604597114	0.9983818025644171	0	candidate-surface abundance policy; fixed calls	0	0.0
hmp_airskin_gtdb_source_abundance	5	xny_share_alpha0.25_cap0.02	26	26	25	1	1	0.9615384615384616	0.9615384615384616	0.9615384615384616	10.337735604597114	0.9983818025644171	0	candidate-surface abundance policy; fixed calls	0	0.0
hmp_airskin_gtdb_source_abundance	5	xny_share_alpha0.25_cap0.05	26	26	25	1	1	0.9615384615384616	0.9615384615384616	0.9615384615384616	10.337735604597114	0.9983818025644171	0	candidate-surface abundance policy; fixed calls	0	0.0
hmp_airskin_gtdb_source_abundance	5	xny_share_alpha0.5_cap0.001	26	26	25	1	1	0.9615384615384616	0.9615384615384616	0.9615384615384616	10.337735604597114	0.9983818025644171	0	candidate-surface abundance policy; fixed calls	0	0.0
hmp_airskin_gtdb_source_abundance	5	xny_share_alpha0.5_cap0.003	26	26	25	1	1	0.9615384615384616	0.9615384615384616	0.9615384615384616	10.337735604597114	0.9983818025644171	0	candidate-surface abundance policy; fixed calls	0	0.0
hmp_airskin_gtdb_source_abundance	5	xny_share_alpha0.5_cap0.005	26	26	25	1	1	0.9615384615384616	0.9615384615384616	0.9615384615384616	10.337735604597114	0.9983818025644171	0	candidate-surface abundance policy; fixed calls	0	0.0
hmp_airskin_gtdb_source_abundance	5	xny_share_alpha0.5_cap0.01	26	26	25	1	1	0.9615384615384616	0.9615384615384616	0.9615384615384616	10.337735604597114	0.9983818025644171	0	candidate-surface abundance policy; fixed calls	0	0.0
hmp_airskin_gtdb_source_abundance	5	xny_share_alpha0.5_cap0.02	26	26	25	1	1	0.9615384615384616	0.9615384615384616	0.9615384615384616	10.337735604597114	0.9983818025644171	0	candidate-surface abundance policy; fixed calls	0	0.0
hmp_airskin_gtdb_source_abundance	5	xny_share_alpha0.5_cap0.05	26	26	25	1	1	0.9615384615384616	0.9615384615384616	0.9615384615384616	10.337735604597114	0.9983818025644171	0	candidate-surface abundance policy; fixed calls	0	0.0
hmp_airskin_gtdb_source_abundance	5	xny_share_alpha1_cap0.001	26	26	25	1	1	0.9615384615384616	0.9615384615384616	0.9615384615384616	10.337735604597114	0.9983818025644171	0	candidate-surface abundance policy; fixed calls	0	0.0
hmp_airskin_gtdb_source_abundance	5	xny_share_alpha1_cap0.003	26	26	25	1	1	0.9615384615384616	0.9615384615384616	0.9615384615384616	10.337735604597114	0.9983818025644171	0	candidate-surface abundance policy; fixed calls	0	0.0
hmp_airskin_gtdb_source_abundance	5	xny_share_alpha1_cap0.005	26	26	25	1	1	0.9615384615384616	0.9615384615384616	0.9615384615384616	10.337735604597114	0.9983818025644171	0	candidate-surface abundance policy; fixed calls	0	0.0
hmp_airskin_gtdb_source_abundance	5	xny_share_alpha1_cap0.01	26	26	25	1	1	0.9615384615384616	0.9615384615384616	0.9615384615384616	10.337735604597114	0.9983818025644171	0	candidate-surface abundance policy; fixed calls	0	0.0
hmp_airskin_gtdb_source_abundance	5	xny_share_alpha1_cap0.02	26	26	25	1	1	0.9615384615384616	0.9615384615384616	0.9615384615384616	10.337735604597114	0.9983818025644171	0	candidate-surface abundance policy; fixed calls	0	0.0
hmp_airskin_gtdb_source_abundance	5	xny_share_alpha1_cap0.05	26	26	25	1	1	0.9615384615384616	0.9615384615384616	0.9615384615384616	10.337735604597114	0.9983818025644171	0	candidate-surface abundance policy; fixed calls	0	0.0
hmp_airskin_gtdb_source_abundance	5	xny_share_alpha2_cap0.001	26	26	25	1	1	0.9615384615384616	0.9615384615384616	0.9615384615384616	10.337735604597114	0.9983818025644171	0	candidate-surface abundance policy; fixed calls	0	0.0
hmp_airskin_gtdb_source_abundance	5	xny_share_alpha2_cap0.003	26	26	25	1	1	0.9615384615384616	0.9615384615384616	0.9615384615384616	10.337735604597114	0.9983818025644171	0	candidate-surface abundance policy; fixed calls	0	0.0
hmp_airskin_gtdb_source_abundance	5	xny_share_alpha2_cap0.005	26	26	25	1	1	0.9615384615384616	0.9615384615384616	0.9615384615384616	10.337735604597114	0.9983818025644171	0	candidate-surface abundance policy; fixed calls	0	0.0
hmp_airskin_gtdb_source_abundance	5	xny_share_alpha2_cap0.01	26	26	25	1	1	0.9615384615384616	0.9615384615384616	0.9615384615384616	10.337735604597114	0.9983818025644171	0	candidate-surface abundance policy; fixed calls	0	0.0
hmp_airskin_gtdb_source_abundance	5	xny_share_alpha2_cap0.02	26	26	25	1	1	0.9615384615384616	0.9615384615384616	0.9615384615384616	10.337735604597114	0.9983818025644171	0	candidate-surface abundance policy; fixed calls	0	0.0
hmp_airskin_gtdb_source_abundance	5	xny_share_alpha2_cap0.05	26	26	25	1	1	0.9615384615384616	0.9615384615384616	0.9615384615384616	10.337735604597114	0.9983818025644171	0	candidate-surface abundance policy; fixed calls	0	0.0
hmp_airskin_gtdb_source_abundance	5	depth_share_alpha0.05	26	26	25	1	1	0.9615384615384616	0.9615384615384616	0.9615384615384616	10.337735604597114	0.9983818025644171	0	candidate-surface abundance policy; fixed calls	0	0.0
hmp_airskin_gtdb_source_abundance	5	depth_share_alpha0.1	26	26	25	1	1	0.9615384615384616	0.9615384615384616	0.9615384615384616	10.337735604597114	0.9983818025644171	0	candidate-surface abundance policy; fixed calls	0	0.0
hmp_airskin_gtdb_source_abundance	5	depth_share_alpha0.25	26	26	25	1	1	0.9615384615384616	0.9615384615384616	0.9615384615384616	10.337735604597114	0.9983818025644171	0	candidate-surface abundance policy; fixed calls	0	0.0
hmp_airskin_gtdb_source_abundance	5	depth_share_alpha0.5	26	26	25	1	1	0.9615384615384616	0.9615384615384616	0.9615384615384616	10.337735604597114	0.9983818025644171	0	candidate-surface abundance policy; fixed calls	0	0.0
hmp_airskin_gtdb_source_abundance	5	depth_share_alpha1	26	26	25	1	1	0.9615384615384616	0.9615384615384616	0.9615384615384616	10.337735604597114	0.9983818025644171	0	candidate-surface abundance policy; fixed calls	0	0.0
hmp_airskin_gtdb_source_abundance	5	depth_share_alpha2	26	26	25	1	1	0.9615384615384616	0.9615384615384616	0.9615384615384616	10.337735604597114	0.9983818025644171	0	candidate-surface abundance policy; fixed calls	0	0.0
hmp_airskin_gtdb_source_abundance	5	depth_share_alpha5	26	26	25	1	1	0.9615384615384616	0.9615384615384616	0.9615384615384616	10.337735604597114	0.9983818025644171	0	candidate-surface abundance policy; fixed calls	0	0.0
hmp_airskin_gtdb_source_abundance	5	depth_share_alpha10	26	26	25	1	1	0.9615384615384616	0.9615384615384616	0.9615384615384616	10.337735604597114	0.9983818025644171	0	candidate-surface abundance policy; fixed calls	0	0.0
hmp_airskin_gtdb_source_abundance	5	depth_share_cap0.001	26	26	25	1	1	0.9615384615384616	0.9615384615384616	0.9615384615384616	10.337735604597114	0.9983818025644171	0	candidate-surface abundance policy; fixed calls	0	0.0
hmp_airskin_gtdb_source_abundance	5	depth_share_cap0.003	26	26	25	1	1	0.9615384615384616	0.9615384615384616	0.9615384615384616	10.337735604597114	0.9983818025644171	0	candidate-surface abundance policy; fixed calls	0	0.0
hmp_airskin_gtdb_source_abundance	5	depth_share_cap0.005	26	26	25	1	1	0.9615384615384616	0.9615384615384616	0.9615384615384616	10.337735604597114	0.9983818025644171	0	candidate-surface abundance policy; fixed calls	0	0.0
hmp_airskin_gtdb_source_abundance	5	depth_share_cap0.01	26	26	25	1	1	0.9615384615384616	0.9615384615384616	0.9615384615384616	10.337735604597114	0.9983818025644171	0	candidate-surface abundance policy; fixed calls	0	0.0
hmp_airskin_gtdb_source_abundance	5	depth_share_cap0.02	26	26	25	1	1	0.9615384615384616	0.9615384615384616	0.9615384615384616	10.337735604597114	0.9983818025644171	0	candidate-surface abundance policy; fixed calls	0	0.0
hmp_airskin_gtdb_source_abundance	5	depth_share_cap0.05	26	26	25	1	1	0.9615384615384616	0.9615384615384616	0.9615384615384616	10.337735604597114	0.9983818025644171	0	candidate-surface abundance policy; fixed calls	0	0.0
hmp_airskin_gtdb_source_abundance	5	depth_share_alpha0.25_cap0.001	26	26	25	1	1	0.9615384615384616	0.9615384615384616	0.9615384615384616	10.337735604597114	0.9983818025644171	0	candidate-surface abundance policy; fixed calls	0	0.0
hmp_airskin_gtdb_source_abundance	5	depth_share_alpha0.25_cap0.003	26	26	25	1	1	0.9615384615384616	0.9615384615384616	0.9615384615384616	10.337735604597114	0.9983818025644171	0	candidate-surface abundance policy; fixed calls	0	0.0
hmp_airskin_gtdb_source_abundance	5	depth_share_alpha0.25_cap0.005	26	26	25	1	1	0.9615384615384616	0.9615384615384616	0.9615384615384616	10.337735604597114	0.9983818025644171	0	candidate-surface abundance policy; fixed calls	0	0.0
hmp_airskin_gtdb_source_abundance	5	depth_share_alpha0.25_cap0.01	26	26	25	1	1	0.9615384615384616	0.9615384615384616	0.9615384615384616	10.337735604597114	0.9983818025644171	0	candidate-surface abundance policy; fixed calls	0	0.0
hmp_airskin_gtdb_source_abundance	5	depth_share_alpha0.25_cap0.02	26	26	25	1	1	0.9615384615384616	0.9615384615384616	0.9615384615384616	10.337735604597114	0.9983818025644171	0	candidate-surface abundance policy; fixed calls	0	0.0
hmp_airskin_gtdb_source_abundance	5	depth_share_alpha0.25_cap0.05	26	26	25	1	1	0.9615384615384616	0.9615384615384616	0.9615384615384616	10.337735604597114	0.9983818025644171	0	candidate-surface abundance policy; fixed calls	0	0.0
hmp_airskin_gtdb_source_abundance	5	depth_share_alpha0.5_cap0.001	26	26	25	1	1	0.9615384615384616	0.9615384615384616	0.9615384615384616	10.337735604597114	0.9983818025644171	0	candidate-surface abundance policy; fixed calls	0	0.0
hmp_airskin_gtdb_source_abundance	5	depth_share_alpha0.5_cap0.003	26	26	25	1	1	0.9615384615384616	0.9615384615384616	0.9615384615384616	10.337735604597114	0.9983818025644171	0	candidate-surface abundance policy; fixed calls	0	0.0
hmp_airskin_gtdb_source_abundance	5	depth_share_alpha0.5_cap0.005	26	26	25	1	1	0.9615384615384616	0.9615384615384616	0.9615384615384616	10.337735604597114	0.9983818025644171	0	candidate-surface abundance policy; fixed calls	0	0.0
hmp_airskin_gtdb_source_abundance	5	depth_share_alpha0.5_cap0.01	26	26	25	1	1	0.9615384615384616	0.9615384615384616	0.9615384615384616	10.337735604597114	0.9983818025644171	0	candidate-surface abundance policy; fixed calls	0	0.0
hmp_airskin_gtdb_source_abundance	5	depth_share_alpha0.5_cap0.02	26	26	25	1	1	0.9615384615384616	0.9615384615384616	0.9615384615384616	10.337735604597114	0.9983818025644171	0	candidate-surface abundance policy; fixed calls	0	0.0
hmp_airskin_gtdb_source_abundance	5	depth_share_alpha0.5_cap0.05	26	26	25	1	1	0.9615384615384616	0.9615384615384616	0.9615384615384616	10.337735604597114	0.9983818025644171	0	candidate-surface abundance policy; fixed calls	0	0.0
hmp_airskin_gtdb_source_abundance	5	depth_share_alpha1_cap0.001	26	26	25	1	1	0.9615384615384616	0.9615384615384616	0.9615384615384616	10.337735604597114	0.9983818025644171	0	candidate-surface abundance policy; fixed calls	0	0.0
hmp_airskin_gtdb_source_abundance	5	depth_share_alpha1_cap0.003	26	26	25	1	1	0.9615384615384616	0.9615384615384616	0.9615384615384616	10.337735604597114	0.9983818025644171	0	candidate-surface abundance policy; fixed calls	0	0.0
hmp_airskin_gtdb_source_abundance	5	depth_share_alpha1_cap0.005	26	26	25	1	1	0.9615384615384616	0.9615384615384616	0.9615384615384616	10.337735604597114	0.9983818025644171	0	candidate-surface abundance policy; fixed calls	0	0.0
hmp_airskin_gtdb_source_abundance	5	depth_share_alpha1_cap0.01	26	26	25	1	1	0.9615384615384616	0.9615384615384616	0.9615384615384616	10.337735604597114	0.9983818025644171	0	candidate-surface abundance policy; fixed calls	0	0.0
hmp_airskin_gtdb_source_abundance	5	depth_share_alpha1_cap0.02	26	26	25	1	1	0.9615384615384616	0.9615384615384616	0.9615384615384616	10.337735604597114	0.9983818025644171	0	candidate-surface abundance policy; fixed calls	0	0.0
hmp_airskin_gtdb_source_abundance	5	depth_share_alpha1_cap0.05	26	26	25	1	1	0.9615384615384616	0.9615384615384616	0.9615384615384616	10.337735604597114	0.9983818025644171	0	candidate-surface abundance policy; fixed calls	0	0.0
hmp_airskin_gtdb_source_abundance	5	depth_share_alpha2_cap0.001	26	26	25	1	1	0.9615384615384616	0.9615384615384616	0.9615384615384616	10.337735604597114	0.9983818025644171	0	candidate-surface abundance policy; fixed calls	0	0.0
hmp_airskin_gtdb_source_abundance	5	depth_share_alpha2_cap0.003	26	26	25	1	1	0.9615384615384616	0.9615384615384616	0.9615384615384616	10.337735604597114	0.9983818025644171	0	candidate-surface abundance policy; fixed calls	0	0.0
hmp_airskin_gtdb_source_abundance	5	depth_share_alpha2_cap0.005	26	26	25	1	1	0.9615384615384616	0.9615384615384616	0.9615384615384616	10.337735604597114	0.9983818025644171	0	candidate-surface abundance policy; fixed calls	0	0.0
hmp_airskin_gtdb_source_abundance	5	depth_share_alpha2_cap0.01	26	26	25	1	1	0.9615384615384616	0.9615384615384616	0.9615384615384616	10.337735604597114	0.9983818025644171	0	candidate-surface abundance policy; fixed calls	0	0.0
hmp_airskin_gtdb_source_abundance	5	depth_share_alpha2_cap0.02	26	26	25	1	1	0.9615384615384616	0.9615384615384616	0.9615384615384616	10.337735604597114	0.9983818025644171	0	candidate-surface abundance policy; fixed calls	0	0.0
hmp_airskin_gtdb_source_abundance	5	depth_share_alpha2_cap0.05	26	26	25	1	1	0.9615384615384616	0.9615384615384616	0.9615384615384616	10.337735604597114	0.9983818025644171	0	candidate-surface abundance policy; fixed calls	0	0.0
hmp_airskin_gtdb_source_abundance	6	zero_mass	16	17	16	1	0	0.9411764705882353	1.0	0.9696969696969697	23.21539172246883	0.9122239933982663	0	candidate-surface abundance policy; fixed calls	1	0.0
hmp_airskin_gtdb_source_abundance	6	normalized_depth_alpha0.05	16	17	16	1	0	0.9411764705882353	1.0	0.9696969696969697	23.187657932936748	0.9122986837772065	0	candidate-surface abundance policy; fixed calls	1	0.00031415
hmp_airskin_gtdb_source_abundance	6	normalized_depth_alpha0.1	16	17	16	1	0	0.9411764705882353	1.0	0.9696969696969697	23.159941557603286	0.9123724376628582	0	candidate-surface abundance policy; fixed calls	1	0.0006283
hmp_airskin_gtdb_source_abundance	6	normalized_depth_alpha0.25	16	17	16	1	0	0.9411764705882353	1.0	0.9696969696969697	23.0768967529319	0.9125880654963615	0	candidate-surface abundance policy; fixed calls	1	0.00157075
hmp_airskin_gtdb_source_abundance	6	normalized_depth_alpha0.5	16	17	16	1	0	0.9411764705882353	1.0	0.9696969696969697	22.9414272336791	0.9129285776869583	0	candidate-surface abundance policy; fixed calls	1	0.0031415
hmp_airskin_gtdb_source_abundance	6	normalized_depth_alpha1	16	17	16	1	0	0.9411764705882353	1.0	0.9696969696969697	22.672480025897023	0.9135382033961621	0	candidate-surface abundance policy; fixed calls	1	0.006283
hmp_airskin_gtdb_source_abundance	6	normalized_depth_alpha2	16	17	16	1	0	0.9411764705882353	1.0	0.9696969696969697	22.192749202192335	0.9144670910865695	0	candidate-surface abundance policy; fixed calls	1	0.012566
hmp_airskin_gtdb_source_abundance	6	normalized_depth_alpha5	16	17	16	1	0	0.9411764705882353	1.0	0.9696969696969697	23.867035345182906	0.9148468873229602	0	candidate-surface abundance policy; fixed calls	1	0.031415
hmp_airskin_gtdb_source_abundance	6	normalized_depth_alpha10	16	17	16	1	0	0.9411764705882353	1.0	0.9696969696969697	28.881237090760152	0.9071133167795733	0	candidate-surface abundance policy; fixed calls	1	0.06283
hmp_airskin_gtdb_source_abundance	6	normalized_depth_cap0.001	16	17	16	1	0	0.9411764705882353	1.0	0.9696969696969697	23.127170212633548	0.9124584911381168	0	candidate-surface abundance policy; fixed calls	1	0.001
hmp_airskin_gtdb_source_abundance	6	normalized_depth_cap0.003	16	17	16	1	0	0.9411764705882353	1.0	0.9696969696969697	22.953580852700135	0.9128988732109024	0	candidate-surface abundance policy; fixed calls	1	0.003
hmp_airskin_gtdb_source_abundance	6	normalized_depth_cap0.005	16	17	16	1	0	0.9411764705882353	1.0	0.9696969696969697	22.782115921312048	0.91330079239246	0	candidate-surface abundance policy; fixed calls	1	0.005
hmp_airskin_gtdb_source_abundance	6	normalized_depth_cap0.01	16	17	16	1	0	0.9411764705882353	1.0	0.9696969696969697	22.672480025897023	0.9135382033961621	0	candidate-surface abundance policy; fixed calls	1	0.006283
hmp_airskin_gtdb_source_abundance	6	normalized_depth_cap0.02	16	17	16	1	0	0.9411764705882353	1.0	0.9696969696969697	22.672480025897023	0.9135382033961621	0	candidate-surface abundance policy; fixed calls	1	0.006283
hmp_airskin_gtdb_source_abundance	6	normalized_depth_cap0.05	16	17	16	1	0	0.9411764705882353	1.0	0.9696969696969697	22.672480025897023	0.9135382033961621	0	candidate-surface abundance policy; fixed calls	1	0.006283
hmp_airskin_gtdb_source_abundance	6	normalized_depth_alpha0.25_cap0.001	16	17	16	1	0	0.9411764705882353	1.0	0.9696969696969697	23.127170212633548	0.9124584911381168	0	candidate-surface abundance policy; fixed calls	1	0.001
hmp_airskin_gtdb_source_abundance	6	normalized_depth_alpha0.25_cap0.003	16	17	16	1	0	0.9411764705882353	1.0	0.9696969696969697	23.0768967529319	0.9125880654963615	0	candidate-surface abundance policy; fixed calls	1	0.00157075
hmp_airskin_gtdb_source_abundance	6	normalized_depth_alpha0.25_cap0.005	16	17	16	1	0	0.9411764705882353	1.0	0.9696969696969697	23.0768967529319	0.9125880654963615	0	candidate-surface abundance policy; fixed calls	1	0.00157075
hmp_airskin_gtdb_source_abundance	6	normalized_depth_alpha0.25_cap0.01	16	17	16	1	0	0.9411764705882353	1.0	0.9696969696969697	23.0768967529319	0.9125880654963615	0	candidate-surface abundance policy; fixed calls	1	0.00157075
hmp_airskin_gtdb_source_abundance	6	normalized_depth_alpha0.25_cap0.02	16	17	16	1	0	0.9411764705882353	1.0	0.9696969696969697	23.0768967529319	0.9125880654963615	0	candidate-surface abundance policy; fixed calls	1	0.00157075
hmp_airskin_gtdb_source_abundance	6	normalized_depth_alpha0.25_cap0.05	16	17	16	1	0	0.9411764705882353	1.0	0.9696969696969697	23.0768967529319	0.9125880654963615	0	candidate-surface abundance policy; fixed calls	1	0.00157075
hmp_airskin_gtdb_source_abundance	6	normalized_depth_alpha0.5_cap0.001	16	17	16	1	0	0.9411764705882353	1.0	0.9696969696969697	23.127170212633548	0.9124584911381168	0	candidate-surface abundance policy; fixed calls	1	0.001
hmp_airskin_gtdb_source_abundance	6	normalized_depth_alpha0.5_cap0.003	16	17	16	1	0	0.9411764705882353	1.0	0.9696969696969697	22.953580852700135	0.9128988732109024	0	candidate-surface abundance policy; fixed calls	1	0.003
hmp_airskin_gtdb_source_abundance	6	normalized_depth_alpha0.5_cap0.005	16	17	16	1	0	0.9411764705882353	1.0	0.9696969696969697	22.9414272336791	0.9129285776869583	0	candidate-surface abundance policy; fixed calls	1	0.0031415
hmp_airskin_gtdb_source_abundance	6	normalized_depth_alpha0.5_cap0.01	16	17	16	1	0	0.9411764705882353	1.0	0.9696969696969697	22.9414272336791	0.9129285776869583	0	candidate-surface abundance policy; fixed calls	1	0.0031415
hmp_airskin_gtdb_source_abundance	6	normalized_depth_alpha0.5_cap0.02	16	17	16	1	0	0.9411764705882353	1.0	0.9696969696969697	22.9414272336791	0.9129285776869583	0	candidate-surface abundance policy; fixed calls	1	0.0031415
hmp_airskin_gtdb_source_abundance	6	normalized_depth_alpha0.5_cap0.05	16	17	16	1	0	0.9411764705882353	1.0	0.9696969696969697	22.9414272336791	0.9129285776869583	0	candidate-surface abundance policy; fixed calls	1	0.0031415
hmp_airskin_gtdb_source_abundance	6	normalized_depth_alpha1_cap0.001	16	17	16	1	0	0.9411764705882353	1.0	0.9696969696969697	23.127170212633548	0.9124584911381168	0	candidate-surface abundance policy; fixed calls	1	0.001
hmp_airskin_gtdb_source_abundance	6	normalized_depth_alpha1_cap0.003	16	17	16	1	0	0.9411764705882353	1.0	0.9696969696969697	22.953580852700135	0.9128988732109024	0	candidate-surface abundance policy; fixed calls	1	0.003
hmp_airskin_gtdb_source_abundance	6	normalized_depth_alpha1_cap0.005	16	17	16	1	0	0.9411764705882353	1.0	0.9696969696969697	22.782115921312048	0.91330079239246	0	candidate-surface abundance policy; fixed calls	1	0.005
hmp_airskin_gtdb_source_abundance	6	normalized_depth_alpha1_cap0.01	16	17	16	1	0	0.9411764705882353	1.0	0.9696969696969697	22.672480025897023	0.9135382033961621	0	candidate-surface abundance policy; fixed calls	1	0.006283
hmp_airskin_gtdb_source_abundance	6	normalized_depth_alpha1_cap0.02	16	17	16	1	0	0.9411764705882353	1.0	0.9696969696969697	22.672480025897023	0.9135382033961621	0	candidate-surface abundance policy; fixed calls	1	0.006283
hmp_airskin_gtdb_source_abundance	6	normalized_depth_alpha1_cap0.05	16	17	16	1	0	0.9411764705882353	1.0	0.9696969696969697	22.672480025897023	0.9135382033961621	0	candidate-surface abundance policy; fixed calls	1	0.006283
hmp_airskin_gtdb_source_abundance	6	normalized_depth_alpha2_cap0.001	16	17	16	1	0	0.9411764705882353	1.0	0.9696969696969697	23.127170212633548	0.9124584911381168	0	candidate-surface abundance policy; fixed calls	1	0.001
hmp_airskin_gtdb_source_abundance	6	normalized_depth_alpha2_cap0.003	16	17	16	1	0	0.9411764705882353	1.0	0.9696969696969697	22.953580852700135	0.9128988732109024	0	candidate-surface abundance policy; fixed calls	1	0.003
hmp_airskin_gtdb_source_abundance	6	normalized_depth_alpha2_cap0.005	16	17	16	1	0	0.9411764705882353	1.0	0.9696969696969697	22.782115921312048	0.91330079239246	0	candidate-surface abundance policy; fixed calls	1	0.005
hmp_airskin_gtdb_source_abundance	6	normalized_depth_alpha2_cap0.01	16	17	16	1	0	0.9411764705882353	1.0	0.9696969696969697	22.35642451987083	0.9141349606658513	0	candidate-surface abundance policy; fixed calls	1	0.01
hmp_airskin_gtdb_source_abundance	6	normalized_depth_alpha2_cap0.02	16	17	16	1	0	0.9411764705882353	1.0	0.9696969696969697	22.192749202192335	0.9144670910865695	0	candidate-surface abundance policy; fixed calls	1	0.012566
hmp_airskin_gtdb_source_abundance	6	normalized_depth_alpha2_cap0.05	16	17	16	1	0	0.9411764705882353	1.0	0.9696969696969697	22.192749202192335	0.9144670910865695	0	candidate-surface abundance policy; fixed calls	1	0.012566
hmp_airskin_gtdb_source_abundance	6	xny_share_alpha0.05	16	17	16	1	0	0.9411764705882353	1.0	0.9696969696969697	22.985269728042134	0.912820557974409	0	candidate-surface abundance policy; fixed calls	1	0.0026312460468058195
hmp_airskin_gtdb_source_abundance	6	xny_share_alpha0.1	16	17	16	1	0	0.9411764705882353	1.0	0.9696969696969697	22.75966247569832	0.9133506680641299	0	candidate-surface abundance policy; fixed calls	1	0.005262492093611639
hmp_airskin_gtdb_source_abundance	6	xny_share_alpha0.25	16	17	16	1	0	0.9411764705882353	1.0	0.9696969696969697	22.155551848945358	0.9145341768347629	0	candidate-surface abundance policy; fixed calls	1	0.013156230234029096
hmp_airskin_gtdb_source_abundance	6	xny_share_alpha0.5	16	17	16	1	0	0.9411764705882353	1.0	0.9696969696969697	23.024922819389566	0.9151080325030343	0	candidate-surface abundance policy; fixed calls	1	0.026312460468058192
hmp_airskin_gtdb_source_abundance	6	xny_share_alpha1	16	17	16	1	0	0.9411764705882353	1.0	0.9696969696969697	27.27997612553965	0.9107881546352751	0	candidate-surface abundance policy; fixed calls	1	0.052624920936116384
hmp_airskin_gtdb_source_abundance	6	xny_share_alpha2	16	17	16	1	0	0.9411764705882353	1.0	0.9696969696969697	35.26208290798354	0.8802562312025157	0	candidate-surface abundance policy; fixed calls	1	0.10524984187223277
hmp_airskin_gtdb_source_abundance	6	xny_share_alpha5	16	17	16	1	0	0.9411764705882353	1.0	0.9696969696969697	55.32571448373228	0.6794151355547546	0	candidate-surface abundance policy; fixed calls	1	0.2631246046805819
hmp_airskin_gtdb_source_abundance	6	xny_share_alpha10	16	17	16	1	0	0.9411764705882353	1.0	0.9696969696969697	79.61692519820086	0.38135752994408006	0	candidate-surface abundance policy; fixed calls	1	0.5262492093611638
hmp_airskin_gtdb_source_abundance	6	xny_share_cap0.001	16	17	16	1	0	0.9411764705882353	1.0	0.9696969696969697	23.127170212633548	0.9124584911381168	0	candidate-surface abundance policy; fixed calls	1	0.001
hmp_airskin_gtdb_source_abundance	6	xny_share_cap0.003	16	17	16	1	0	0.9411764705882353	1.0	0.9696969696969697	22.953580852700135	0.9128988732109024	0	candidate-surface abundance policy; fixed calls	1	0.003
hmp_airskin_gtdb_source_abundance	6	xny_share_cap0.005	16	17	16	1	0	0.9411764705882353	1.0	0.9696969696969697	22.782115921312048	0.91330079239246	0	candidate-surface abundance policy; fixed calls	1	0.005
hmp_airskin_gtdb_source_abundance	6	xny_share_cap0.01	16	17	16	1	0	0.9411764705882353	1.0	0.9696969696969697	22.35642451987083	0.9141349606658513	0	candidate-surface abundance policy; fixed calls	1	0.01
hmp_airskin_gtdb_source_abundance	6	xny_share_cap0.02	16	17	16	1	0	0.9411764705882353	1.0	0.9696969696969697	21.97262348387309	0.9150546055624285	0	candidate-surface abundance policy; fixed calls	1	0.02
hmp_airskin_gtdb_source_abundance	6	xny_share_cap0.05	16	17	16	1	0	0.9411764705882353	1.0	0.9696969696969697	26.8650697829014	0.9115524340477965	0	candidate-surface abundance policy; fixed calls	1	0.05
hmp_airskin_gtdb_source_abundance	6	xny_share_alpha0.25_cap0.001	16	17	16	1	0	0.9411764705882353	1.0	0.9696969696969697	23.127170212633548	0.9124584911381168	0	candidate-surface abundance policy; fixed calls	1	0.001
hmp_airskin_gtdb_source_abundance	6	xny_share_alpha0.25_cap0.003	16	17	16	1	0	0.9411764705882353	1.0	0.9696969696969697	22.953580852700135	0.9128988732109024	0	candidate-surface abundance policy; fixed calls	1	0.003
hmp_airskin_gtdb_source_abundance	6	xny_share_alpha0.25_cap0.005	16	17	16	1	0	0.9411764705882353	1.0	0.9696969696969697	22.782115921312048	0.91330079239246	0	candidate-surface abundance policy; fixed calls	1	0.005
hmp_airskin_gtdb_source_abundance	6	xny_share_alpha0.25_cap0.01	16	17	16	1	0	0.9411764705882353	1.0	0.9696969696969697	22.35642451987083	0.9141349606658513	0	candidate-surface abundance policy; fixed calls	1	0.01
hmp_airskin_gtdb_source_abundance	6	xny_share_alpha0.25_cap0.02	16	17	16	1	0	0.9411764705882353	1.0	0.9696969696969697	22.155551848945358	0.9145341768347629	0	candidate-surface abundance policy; fixed calls	1	0.013156230234029096
hmp_airskin_gtdb_source_abundance	6	xny_share_alpha0.25_cap0.05	16	17	16	1	0	0.9411764705882353	1.0	0.9696969696969697	22.155551848945358	0.9145341768347629	0	candidate-surface abundance policy; fixed calls	1	0.013156230234029096
hmp_airskin_gtdb_source_abundance	6	xny_share_alpha0.5_cap0.001	16	17	16	1	0	0.9411764705882353	1.0	0.9696969696969697	23.127170212633548	0.9124584911381168	0	candidate-surface abundance policy; fixed calls	1	0.001
hmp_airskin_gtdb_source_abundance	6	xny_share_alpha0.5_cap0.003	16	17	16	1	0	0.9411764705882353	1.0	0.9696969696969697	22.953580852700135	0.9128988732109024	0	candidate-surface abundance policy; fixed calls	1	0.003
hmp_airskin_gtdb_source_abundance	6	xny_share_alpha0.5_cap0.005	16	17	16	1	0	0.9411764705882353	1.0	0.9696969696969697	22.782115921312048	0.91330079239246	0	candidate-surface abundance policy; fixed calls	1	0.005
hmp_airskin_gtdb_source_abundance	6	xny_share_alpha0.5_cap0.01	16	17	16	1	0	0.9411764705882353	1.0	0.9696969696969697	22.35642451987083	0.9141349606658513	0	candidate-surface abundance policy; fixed calls	1	0.01
hmp_airskin_gtdb_source_abundance	6	xny_share_alpha0.5_cap0.02	16	17	16	1	0	0.9411764705882353	1.0	0.9696969696969697	21.97262348387309	0.9150546055624285	0	candidate-surface abundance policy; fixed calls	1	0.02
hmp_airskin_gtdb_source_abundance	6	xny_share_alpha0.5_cap0.05	16	17	16	1	0	0.9411764705882353	1.0	0.9696969696969697	23.024922819389566	0.9151080325030343	0	candidate-surface abundance policy; fixed calls	1	0.026312460468058192
hmp_airskin_gtdb_source_abundance	6	xny_share_alpha1_cap0.001	16	17	16	1	0	0.9411764705882353	1.0	0.9696969696969697	23.127170212633548	0.9124584911381168	0	candidate-surface abundance policy; fixed calls	1	0.001
hmp_airskin_gtdb_source_abundance	6	xny_share_alpha1_cap0.003	16	17	16	1	0	0.9411764705882353	1.0	0.9696969696969697	22.953580852700135	0.9128988732109024	0	candidate-surface abundance policy; fixed calls	1	0.003
hmp_airskin_gtdb_source_abundance	6	xny_share_alpha1_cap0.005	16	17	16	1	0	0.9411764705882353	1.0	0.9696969696969697	22.782115921312048	0.91330079239246	0	candidate-surface abundance policy; fixed calls	1	0.005
hmp_airskin_gtdb_source_abundance	6	xny_share_alpha1_cap0.01	16	17	16	1	0	0.9411764705882353	1.0	0.9696969696969697	22.35642451987083	0.9141349606658513	0	candidate-surface abundance policy; fixed calls	1	0.01
hmp_airskin_gtdb_source_abundance	6	xny_share_alpha1_cap0.02	16	17	16	1	0	0.9411764705882353	1.0	0.9696969696969697	21.97262348387309	0.9150546055624285	0	candidate-surface abundance policy; fixed calls	1	0.02
hmp_airskin_gtdb_source_abundance	6	xny_share_alpha1_cap0.05	16	17	16	1	0	0.9411764705882353	1.0	0.9696969696969697	26.8650697829014	0.9115524340477965	0	candidate-surface abundance policy; fixed calls	1	0.05
hmp_airskin_gtdb_source_abundance	6	xny_share_alpha2_cap0.001	16	17	16	1	0	0.9411764705882353	1.0	0.9696969696969697	23.127170212633548	0.9124584911381168	0	candidate-surface abundance policy; fixed calls	1	0.001
hmp_airskin_gtdb_source_abundance	6	xny_share_alpha2_cap0.003	16	17	16	1	0	0.9411764705882353	1.0	0.9696969696969697	22.953580852700135	0.9128988732109024	0	candidate-surface abundance policy; fixed calls	1	0.003
hmp_airskin_gtdb_source_abundance	6	xny_share_alpha2_cap0.005	16	17	16	1	0	0.9411764705882353	1.0	0.9696969696969697	22.782115921312048	0.91330079239246	0	candidate-surface abundance policy; fixed calls	1	0.005
hmp_airskin_gtdb_source_abundance	6	xny_share_alpha2_cap0.01	16	17	16	1	0	0.9411764705882353	1.0	0.9696969696969697	22.35642451987083	0.9141349606658513	0	candidate-surface abundance policy; fixed calls	1	0.01
hmp_airskin_gtdb_source_abundance	6	xny_share_alpha2_cap0.02	16	17	16	1	0	0.9411764705882353	1.0	0.9696969696969697	21.97262348387309	0.9150546055624285	0	candidate-surface abundance policy; fixed calls	1	0.02
hmp_airskin_gtdb_source_abundance	6	xny_share_alpha2_cap0.05	16	17	16	1	0	0.9411764705882353	1.0	0.9696969696969697	26.8650697829014	0.9115524340477965	0	candidate-surface abundance policy; fixed calls	1	0.05
hmp_airskin_gtdb_source_abundance	6	depth_share_alpha0.05	16	17	16	1	0	0.9411764705882353	1.0	0.9696969696969697	23.16520254465038	0.9123585065912587	0	candidate-surface abundance policy; fixed calls	1	0.0005686544093252199
hmp_airskin_gtdb_source_abundance	6	depth_share_alpha0.1	16	17	16	1	0	0.9411764705882353	1.0	0.9696969696969697	23.11507038258194	0.9124899473232333	0	candidate-surface abundance policy; fixed calls	1	0.0011373088186504398
hmp_airskin_gtdb_source_abundance	6	depth_share_alpha0.25	16	17	16	1	0	0.9411764705882353	1.0	0.9696969696969697	22.967046423673946	0.9128657472742642	0	candidate-surface abundance policy; fixed calls	1	0.0028432720466260992
hmp_airskin_gtdb_source_abundance	6	depth_share_alpha0.5	16	17	16	1	0	0.9411764705882353	1.0	0.9696969696969697	22.72341403689021	0.9134298264265973	0	candidate-surface abundance policy; fixed calls	1	0.0056865440932521985
hmp_airskin_gtdb_source_abundance	6	depth_share_alpha1	16	17	16	1	0	0.9411764705882353	1.0	0.9696969696969697	22.268061162587653	0.9143208539643506	0	candidate-surface abundance policy; fixed calls	1	0.011373088186504397
hmp_airskin_gtdb_source_abundance	6	depth_share_alpha2	16	17	16	1	0	0.9411764705882353	1.0	0.9696969696969697	22.43136194707929	0.9151286430191923	0	candidate-surface abundance policy; fixed calls	1	0.022746176373008794
hmp_airskin_gtdb_source_abundance	6	depth_share_alpha5	16	17	16	1	0	0.9411764705882353	1.0	0.9696969696969697	27.945896901822405	0.9093968549042788	0	candidate-surface abundance policy; fixed calls	1	0.056865440932521986
hmp_airskin_gtdb_source_abundance	6	depth_share_alpha10	16	17	16	1	0	0.9411764705882353	1.0	0.9696969696969697	36.479506907967824	0.8728082453542143	0	candidate-surface abundance policy; fixed calls	1	0.11373088186504397
hmp_airskin_gtdb_source_abundance	6	depth_share_cap0.001	16	17	16	1	0	0.9411764705882353	1.0	0.9696969696969697	23.127170212633548	0.9124584911381168	0	candidate-surface abundance policy; fixed calls	1	0.001
hmp_airskin_gtdb_source_abundance	6	depth_share_cap0.003	16	17	16	1	0	0.9411764705882353	1.0	0.9696969696969697	22.953580852700135	0.9128988732109024	0	candidate-surface abundance policy; fixed calls	1	0.003
hmp_airskin_gtdb_source_abundance	6	depth_share_cap0.005	16	17	16	1	0	0.9411764705882353	1.0	0.9696969696969697	22.782115921312048	0.91330079239246	0	candidate-surface abundance policy; fixed calls	1	0.005
hmp_airskin_gtdb_source_abundance	6	depth_share_cap0.01	16	17	16	1	0	0.9411764705882353	1.0	0.9696969696969697	22.35642451987083	0.9141349606658513	0	candidate-surface abundance policy; fixed calls	1	0.01
hmp_airskin_gtdb_source_abundance	6	depth_share_cap0.02	16	17	16	1	0	0.9411764705882353	1.0	0.9696969696969697	22.268061162587653	0.9143208539643506	0	candidate-surface abundance policy; fixed calls	1	0.011373088186504397
hmp_airskin_gtdb_source_abundance	6	depth_share_cap0.05	16	17	16	1	0	0.9411764705882353	1.0	0.9696969696969697	22.268061162587653	0.9143208539643506	0	candidate-surface abundance policy; fixed calls	1	0.011373088186504397
hmp_airskin_gtdb_source_abundance	6	depth_share_alpha0.25_cap0.001	16	17	16	1	0	0.9411764705882353	1.0	0.9696969696969697	23.127170212633548	0.9124584911381168	0	candidate-surface abundance policy; fixed calls	1	0.001
hmp_airskin_gtdb_source_abundance	6	depth_share_alpha0.25_cap0.003	16	17	16	1	0	0.9411764705882353	1.0	0.9696969696969697	22.967046423673946	0.9128657472742642	0	candidate-surface abundance policy; fixed calls	1	0.0028432720466260992
hmp_airskin_gtdb_source_abundance	6	depth_share_alpha0.25_cap0.005	16	17	16	1	0	0.9411764705882353	1.0	0.9696969696969697	22.967046423673946	0.9128657472742642	0	candidate-surface abundance policy; fixed calls	1	0.0028432720466260992
hmp_airskin_gtdb_source_abundance	6	depth_share_alpha0.25_cap0.01	16	17	16	1	0	0.9411764705882353	1.0	0.9696969696969697	22.967046423673946	0.9128657472742642	0	candidate-surface abundance policy; fixed calls	1	0.0028432720466260992
hmp_airskin_gtdb_source_abundance	6	depth_share_alpha0.25_cap0.02	16	17	16	1	0	0.9411764705882353	1.0	0.9696969696969697	22.967046423673946	0.9128657472742642	0	candidate-surface abundance policy; fixed calls	1	0.0028432720466260992
hmp_airskin_gtdb_source_abundance	6	depth_share_alpha0.25_cap0.05	16	17	16	1	0	0.9411764705882353	1.0	0.9696969696969697	22.967046423673946	0.9128657472742642	0	candidate-surface abundance policy; fixed calls	1	0.0028432720466260992
hmp_airskin_gtdb_source_abundance	6	depth_share_alpha0.5_cap0.001	16	17	16	1	0	0.9411764705882353	1.0	0.9696969696969697	23.127170212633548	0.9124584911381168	0	candidate-surface abundance policy; fixed calls	1	0.001
hmp_airskin_gtdb_source_abundance	6	depth_share_alpha0.5_cap0.003	16	17	16	1	0	0.9411764705882353	1.0	0.9696969696969697	22.953580852700135	0.9128988732109024	0	candidate-surface abundance policy; fixed calls	1	0.003
hmp_airskin_gtdb_source_abundance	6	depth_share_alpha0.5_cap0.005	16	17	16	1	0	0.9411764705882353	1.0	0.9696969696969697	22.782115921312048	0.91330079239246	0	candidate-surface abundance policy; fixed calls	1	0.005
hmp_airskin_gtdb_source_abundance	6	depth_share_alpha0.5_cap0.01	16	17	16	1	0	0.9411764705882353	1.0	0.9696969696969697	22.72341403689021	0.9134298264265973	0	candidate-surface abundance policy; fixed calls	1	0.0056865440932521985
hmp_airskin_gtdb_source_abundance	6	depth_share_alpha0.5_cap0.02	16	17	16	1	0	0.9411764705882353	1.0	0.9696969696969697	22.72341403689021	0.9134298264265973	0	candidate-surface abundance policy; fixed calls	1	0.0056865440932521985
hmp_airskin_gtdb_source_abundance	6	depth_share_alpha0.5_cap0.05	16	17	16	1	0	0.9411764705882353	1.0	0.9696969696969697	22.72341403689021	0.9134298264265973	0	candidate-surface abundance policy; fixed calls	1	0.0056865440932521985
hmp_airskin_gtdb_source_abundance	6	depth_share_alpha1_cap0.001	16	17	16	1	0	0.9411764705882353	1.0	0.9696969696969697	23.127170212633548	0.9124584911381168	0	candidate-surface abundance policy; fixed calls	1	0.001
hmp_airskin_gtdb_source_abundance	6	depth_share_alpha1_cap0.003	16	17	16	1	0	0.9411764705882353	1.0	0.9696969696969697	22.953580852700135	0.9128988732109024	0	candidate-surface abundance policy; fixed calls	1	0.003
hmp_airskin_gtdb_source_abundance	6	depth_share_alpha1_cap0.005	16	17	16	1	0	0.9411764705882353	1.0	0.9696969696969697	22.782115921312048	0.91330079239246	0	candidate-surface abundance policy; fixed calls	1	0.005
hmp_airskin_gtdb_source_abundance	6	depth_share_alpha1_cap0.01	16	17	16	1	0	0.9411764705882353	1.0	0.9696969696969697	22.35642451987083	0.9141349606658513	0	candidate-surface abundance policy; fixed calls	1	0.01
hmp_airskin_gtdb_source_abundance	6	depth_share_alpha1_cap0.02	16	17	16	1	0	0.9411764705882353	1.0	0.9696969696969697	22.268061162587653	0.9143208539643506	0	candidate-surface abundance policy; fixed calls	1	0.011373088186504397
hmp_airskin_gtdb_source_abundance	6	depth_share_alpha1_cap0.05	16	17	16	1	0	0.9411764705882353	1.0	0.9696969696969697	22.268061162587653	0.9143208539643506	0	candidate-surface abundance policy; fixed calls	1	0.011373088186504397
hmp_airskin_gtdb_source_abundance	6	depth_share_alpha2_cap0.001	16	17	16	1	0	0.9411764705882353	1.0	0.9696969696969697	23.127170212633548	0.9124584911381168	0	candidate-surface abundance policy; fixed calls	1	0.001
hmp_airskin_gtdb_source_abundance	6	depth_share_alpha2_cap0.003	16	17	16	1	0	0.9411764705882353	1.0	0.9696969696969697	22.953580852700135	0.9128988732109024	0	candidate-surface abundance policy; fixed calls	1	0.003
hmp_airskin_gtdb_source_abundance	6	depth_share_alpha2_cap0.005	16	17	16	1	0	0.9411764705882353	1.0	0.9696969696969697	22.782115921312048	0.91330079239246	0	candidate-surface abundance policy; fixed calls	1	0.005
hmp_airskin_gtdb_source_abundance	6	depth_share_alpha2_cap0.01	16	17	16	1	0	0.9411764705882353	1.0	0.9696969696969697	22.35642451987083	0.9141349606658513	0	candidate-surface abundance policy; fixed calls	1	0.01
hmp_airskin_gtdb_source_abundance	6	depth_share_alpha2_cap0.02	16	17	16	1	0	0.9411764705882353	1.0	0.9696969696969697	21.97262348387309	0.9150546055624285	0	candidate-surface abundance policy; fixed calls	1	0.02
hmp_airskin_gtdb_source_abundance	6	depth_share_alpha2_cap0.05	16	17	16	1	0	0.9411764705882353	1.0	0.9696969696969697	22.43136194707929	0.9151286430191923	0	candidate-surface abundance policy; fixed calls	1	0.022746176373008794
hmp_airskin_gtdb_source_abundance	7	zero_mass	75	89	69	20	6	0.7752808988764045	0.92	0.8414634146341463	27.6093996872482	0.9875542782678016	0	candidate-surface abundance policy; fixed calls	0	0.0
hmp_airskin_gtdb_source_abundance	7	normalized_depth_alpha0.05	75	89	69	20	6	0.7752808988764045	0.92	0.8414634146341463	27.6093996872482	0.9875542782678016	0	candidate-surface abundance policy; fixed calls	0	0.0
hmp_airskin_gtdb_source_abundance	7	normalized_depth_alpha0.1	75	89	69	20	6	0.7752808988764045	0.92	0.8414634146341463	27.6093996872482	0.9875542782678016	0	candidate-surface abundance policy; fixed calls	0	0.0
hmp_airskin_gtdb_source_abundance	7	normalized_depth_alpha0.25	75	89	69	20	6	0.7752808988764045	0.92	0.8414634146341463	27.6093996872482	0.9875542782678016	0	candidate-surface abundance policy; fixed calls	0	0.0
hmp_airskin_gtdb_source_abundance	7	normalized_depth_alpha0.5	75	89	69	20	6	0.7752808988764045	0.92	0.8414634146341463	27.6093996872482	0.9875542782678016	0	candidate-surface abundance policy; fixed calls	0	0.0
hmp_airskin_gtdb_source_abundance	7	normalized_depth_alpha1	75	89	69	20	6	0.7752808988764045	0.92	0.8414634146341463	27.6093996872482	0.9875542782678016	0	candidate-surface abundance policy; fixed calls	0	0.0
hmp_airskin_gtdb_source_abundance	7	normalized_depth_alpha2	75	89	69	20	6	0.7752808988764045	0.92	0.8414634146341463	27.6093996872482	0.9875542782678016	0	candidate-surface abundance policy; fixed calls	0	0.0
hmp_airskin_gtdb_source_abundance	7	normalized_depth_alpha5	75	89	69	20	6	0.7752808988764045	0.92	0.8414634146341463	27.6093996872482	0.9875542782678016	0	candidate-surface abundance policy; fixed calls	0	0.0
hmp_airskin_gtdb_source_abundance	7	normalized_depth_alpha10	75	89	69	20	6	0.7752808988764045	0.92	0.8414634146341463	27.6093996872482	0.9875542782678016	0	candidate-surface abundance policy; fixed calls	0	0.0
hmp_airskin_gtdb_source_abundance	7	normalized_depth_cap0.001	75	89	69	20	6	0.7752808988764045	0.92	0.8414634146341463	27.6093996872482	0.9875542782678016	0	candidate-surface abundance policy; fixed calls	0	0.0
hmp_airskin_gtdb_source_abundance	7	normalized_depth_cap0.003	75	89	69	20	6	0.7752808988764045	0.92	0.8414634146341463	27.6093996872482	0.9875542782678016	0	candidate-surface abundance policy; fixed calls	0	0.0
hmp_airskin_gtdb_source_abundance	7	normalized_depth_cap0.005	75	89	69	20	6	0.7752808988764045	0.92	0.8414634146341463	27.6093996872482	0.9875542782678016	0	candidate-surface abundance policy; fixed calls	0	0.0
hmp_airskin_gtdb_source_abundance	7	normalized_depth_cap0.01	75	89	69	20	6	0.7752808988764045	0.92	0.8414634146341463	27.6093996872482	0.9875542782678016	0	candidate-surface abundance policy; fixed calls	0	0.0
hmp_airskin_gtdb_source_abundance	7	normalized_depth_cap0.02	75	89	69	20	6	0.7752808988764045	0.92	0.8414634146341463	27.6093996872482	0.9875542782678016	0	candidate-surface abundance policy; fixed calls	0	0.0
hmp_airskin_gtdb_source_abundance	7	normalized_depth_cap0.05	75	89	69	20	6	0.7752808988764045	0.92	0.8414634146341463	27.6093996872482	0.9875542782678016	0	candidate-surface abundance policy; fixed calls	0	0.0
hmp_airskin_gtdb_source_abundance	7	normalized_depth_alpha0.25_cap0.001	75	89	69	20	6	0.7752808988764045	0.92	0.8414634146341463	27.6093996872482	0.9875542782678016	0	candidate-surface abundance policy; fixed calls	0	0.0
hmp_airskin_gtdb_source_abundance	7	normalized_depth_alpha0.25_cap0.003	75	89	69	20	6	0.7752808988764045	0.92	0.8414634146341463	27.6093996872482	0.9875542782678016	0	candidate-surface abundance policy; fixed calls	0	0.0
hmp_airskin_gtdb_source_abundance	7	normalized_depth_alpha0.25_cap0.005	75	89	69	20	6	0.7752808988764045	0.92	0.8414634146341463	27.6093996872482	0.9875542782678016	0	candidate-surface abundance policy; fixed calls	0	0.0
hmp_airskin_gtdb_source_abundance	7	normalized_depth_alpha0.25_cap0.01	75	89	69	20	6	0.7752808988764045	0.92	0.8414634146341463	27.6093996872482	0.9875542782678016	0	candidate-surface abundance policy; fixed calls	0	0.0
hmp_airskin_gtdb_source_abundance	7	normalized_depth_alpha0.25_cap0.02	75	89	69	20	6	0.7752808988764045	0.92	0.8414634146341463	27.6093996872482	0.9875542782678016	0	candidate-surface abundance policy; fixed calls	0	0.0
hmp_airskin_gtdb_source_abundance	7	normalized_depth_alpha0.25_cap0.05	75	89	69	20	6	0.7752808988764045	0.92	0.8414634146341463	27.6093996872482	0.9875542782678016	0	candidate-surface abundance policy; fixed calls	0	0.0
hmp_airskin_gtdb_source_abundance	7	normalized_depth_alpha0.5_cap0.001	75	89	69	20	6	0.7752808988764045	0.92	0.8414634146341463	27.6093996872482	0.9875542782678016	0	candidate-surface abundance policy; fixed calls	0	0.0
hmp_airskin_gtdb_source_abundance	7	normalized_depth_alpha0.5_cap0.003	75	89	69	20	6	0.7752808988764045	0.92	0.8414634146341463	27.6093996872482	0.9875542782678016	0	candidate-surface abundance policy; fixed calls	0	0.0
hmp_airskin_gtdb_source_abundance	7	normalized_depth_alpha0.5_cap0.005	75	89	69	20	6	0.7752808988764045	0.92	0.8414634146341463	27.6093996872482	0.9875542782678016	0	candidate-surface abundance policy; fixed calls	0	0.0
hmp_airskin_gtdb_source_abundance	7	normalized_depth_alpha0.5_cap0.01	75	89	69	20	6	0.7752808988764045	0.92	0.8414634146341463	27.6093996872482	0.9875542782678016	0	candidate-surface abundance policy; fixed calls	0	0.0
hmp_airskin_gtdb_source_abundance	7	normalized_depth_alpha0.5_cap0.02	75	89	69	20	6	0.7752808988764045	0.92	0.8414634146341463	27.6093996872482	0.9875542782678016	0	candidate-surface abundance policy; fixed calls	0	0.0
hmp_airskin_gtdb_source_abundance	7	normalized_depth_alpha0.5_cap0.05	75	89	69	20	6	0.7752808988764045	0.92	0.8414634146341463	27.6093996872482	0.9875542782678016	0	candidate-surface abundance policy; fixed calls	0	0.0
hmp_airskin_gtdb_source_abundance	7	normalized_depth_alpha1_cap0.001	75	89	69	20	6	0.7752808988764045	0.92	0.8414634146341463	27.6093996872482	0.9875542782678016	0	candidate-surface abundance policy; fixed calls	0	0.0
hmp_airskin_gtdb_source_abundance	7	normalized_depth_alpha1_cap0.003	75	89	69	20	6	0.7752808988764045	0.92	0.8414634146341463	27.6093996872482	0.9875542782678016	0	candidate-surface abundance policy; fixed calls	0	0.0
hmp_airskin_gtdb_source_abundance	7	normalized_depth_alpha1_cap0.005	75	89	69	20	6	0.7752808988764045	0.92	0.8414634146341463	27.6093996872482	0.9875542782678016	0	candidate-surface abundance policy; fixed calls	0	0.0
hmp_airskin_gtdb_source_abundance	7	normalized_depth_alpha1_cap0.01	75	89	69	20	6	0.7752808988764045	0.92	0.8414634146341463	27.6093996872482	0.9875542782678016	0	candidate-surface abundance policy; fixed calls	0	0.0
hmp_airskin_gtdb_source_abundance	7	normalized_depth_alpha1_cap0.02	75	89	69	20	6	0.7752808988764045	0.92	0.8414634146341463	27.6093996872482	0.9875542782678016	0	candidate-surface abundance policy; fixed calls	0	0.0
hmp_airskin_gtdb_source_abundance	7	normalized_depth_alpha1_cap0.05	75	89	69	20	6	0.7752808988764045	0.92	0.8414634146341463	27.6093996872482	0.9875542782678016	0	candidate-surface abundance policy; fixed calls	0	0.0
hmp_airskin_gtdb_source_abundance	7	normalized_depth_alpha2_cap0.001	75	89	69	20	6	0.7752808988764045	0.92	0.8414634146341463	27.6093996872482	0.9875542782678016	0	candidate-surface abundance policy; fixed calls	0	0.0
hmp_airskin_gtdb_source_abundance	7	normalized_depth_alpha2_cap0.003	75	89	69	20	6	0.7752808988764045	0.92	0.8414634146341463	27.6093996872482	0.9875542782678016	0	candidate-surface abundance policy; fixed calls	0	0.0
hmp_airskin_gtdb_source_abundance	7	normalized_depth_alpha2_cap0.005	75	89	69	20	6	0.7752808988764045	0.92	0.8414634146341463	27.6093996872482	0.9875542782678016	0	candidate-surface abundance policy; fixed calls	0	0.0
hmp_airskin_gtdb_source_abundance	7	normalized_depth_alpha2_cap0.01	75	89	69	20	6	0.7752808988764045	0.92	0.8414634146341463	27.6093996872482	0.9875542782678016	0	candidate-surface abundance policy; fixed calls	0	0.0
hmp_airskin_gtdb_source_abundance	7	normalized_depth_alpha2_cap0.02	75	89	69	20	6	0.7752808988764045	0.92	0.8414634146341463	27.6093996872482	0.9875542782678016	0	candidate-surface abundance policy; fixed calls	0	0.0
hmp_airskin_gtdb_source_abundance	7	normalized_depth_alpha2_cap0.05	75	89	69	20	6	0.7752808988764045	0.92	0.8414634146341463	27.6093996872482	0.9875542782678016	0	candidate-surface abundance policy; fixed calls	0	0.0
hmp_airskin_gtdb_source_abundance	7	xny_share_alpha0.05	75	89	69	20	6	0.7752808988764045	0.92	0.8414634146341463	27.6093996872482	0.9875542782678016	0	candidate-surface abundance policy; fixed calls	0	0.0
hmp_airskin_gtdb_source_abundance	7	xny_share_alpha0.1	75	89	69	20	6	0.7752808988764045	0.92	0.8414634146341463	27.6093996872482	0.9875542782678016	0	candidate-surface abundance policy; fixed calls	0	0.0
hmp_airskin_gtdb_source_abundance	7	xny_share_alpha0.25	75	89	69	20	6	0.7752808988764045	0.92	0.8414634146341463	27.6093996872482	0.9875542782678016	0	candidate-surface abundance policy; fixed calls	0	0.0
hmp_airskin_gtdb_source_abundance	7	xny_share_alpha0.5	75	89	69	20	6	0.7752808988764045	0.92	0.8414634146341463	27.6093996872482	0.9875542782678016	0	candidate-surface abundance policy; fixed calls	0	0.0
hmp_airskin_gtdb_source_abundance	7	xny_share_alpha1	75	89	69	20	6	0.7752808988764045	0.92	0.8414634146341463	27.6093996872482	0.9875542782678016	0	candidate-surface abundance policy; fixed calls	0	0.0
hmp_airskin_gtdb_source_abundance	7	xny_share_alpha2	75	89	69	20	6	0.7752808988764045	0.92	0.8414634146341463	27.6093996872482	0.9875542782678016	0	candidate-surface abundance policy; fixed calls	0	0.0
hmp_airskin_gtdb_source_abundance	7	xny_share_alpha5	75	89	69	20	6	0.7752808988764045	0.92	0.8414634146341463	27.6093996872482	0.9875542782678016	0	candidate-surface abundance policy; fixed calls	0	0.0
hmp_airskin_gtdb_source_abundance	7	xny_share_alpha10	75	89	69	20	6	0.7752808988764045	0.92	0.8414634146341463	27.6093996872482	0.9875542782678016	0	candidate-surface abundance policy; fixed calls	0	0.0
hmp_airskin_gtdb_source_abundance	7	xny_share_cap0.001	75	89	69	20	6	0.7752808988764045	0.92	0.8414634146341463	27.6093996872482	0.9875542782678016	0	candidate-surface abundance policy; fixed calls	0	0.0
hmp_airskin_gtdb_source_abundance	7	xny_share_cap0.003	75	89	69	20	6	0.7752808988764045	0.92	0.8414634146341463	27.6093996872482	0.9875542782678016	0	candidate-surface abundance policy; fixed calls	0	0.0
hmp_airskin_gtdb_source_abundance	7	xny_share_cap0.005	75	89	69	20	6	0.7752808988764045	0.92	0.8414634146341463	27.6093996872482	0.9875542782678016	0	candidate-surface abundance policy; fixed calls	0	0.0
hmp_airskin_gtdb_source_abundance	7	xny_share_cap0.01	75	89	69	20	6	0.7752808988764045	0.92	0.8414634146341463	27.6093996872482	0.9875542782678016	0	candidate-surface abundance policy; fixed calls	0	0.0
hmp_airskin_gtdb_source_abundance	7	xny_share_cap0.02	75	89	69	20	6	0.7752808988764045	0.92	0.8414634146341463	27.6093996872482	0.9875542782678016	0	candidate-surface abundance policy; fixed calls	0	0.0
hmp_airskin_gtdb_source_abundance	7	xny_share_cap0.05	75	89	69	20	6	0.7752808988764045	0.92	0.8414634146341463	27.6093996872482	0.9875542782678016	0	candidate-surface abundance policy; fixed calls	0	0.0
hmp_airskin_gtdb_source_abundance	7	xny_share_alpha0.25_cap0.001	75	89	69	20	6	0.7752808988764045	0.92	0.8414634146341463	27.6093996872482	0.9875542782678016	0	candidate-surface abundance policy; fixed calls	0	0.0
hmp_airskin_gtdb_source_abundance	7	xny_share_alpha0.25_cap0.003	75	89	69	20	6	0.7752808988764045	0.92	0.8414634146341463	27.6093996872482	0.9875542782678016	0	candidate-surface abundance policy; fixed calls	0	0.0
hmp_airskin_gtdb_source_abundance	7	xny_share_alpha0.25_cap0.005	75	89	69	20	6	0.7752808988764045	0.92	0.8414634146341463	27.6093996872482	0.9875542782678016	0	candidate-surface abundance policy; fixed calls	0	0.0
hmp_airskin_gtdb_source_abundance	7	xny_share_alpha0.25_cap0.01	75	89	69	20	6	0.7752808988764045	0.92	0.8414634146341463	27.6093996872482	0.9875542782678016	0	candidate-surface abundance policy; fixed calls	0	0.0
hmp_airskin_gtdb_source_abundance	7	xny_share_alpha0.25_cap0.02	75	89	69	20	6	0.7752808988764045	0.92	0.8414634146341463	27.6093996872482	0.9875542782678016	0	candidate-surface abundance policy; fixed calls	0	0.0
hmp_airskin_gtdb_source_abundance	7	xny_share_alpha0.25_cap0.05	75	89	69	20	6	0.7752808988764045	0.92	0.8414634146341463	27.6093996872482	0.9875542782678016	0	candidate-surface abundance policy; fixed calls	0	0.0
hmp_airskin_gtdb_source_abundance	7	xny_share_alpha0.5_cap0.001	75	89	69	20	6	0.7752808988764045	0.92	0.8414634146341463	27.6093996872482	0.9875542782678016	0	candidate-surface abundance policy; fixed calls	0	0.0
hmp_airskin_gtdb_source_abundance	7	xny_share_alpha0.5_cap0.003	75	89	69	20	6	0.7752808988764045	0.92	0.8414634146341463	27.6093996872482	0.9875542782678016	0	candidate-surface abundance policy; fixed calls	0	0.0
hmp_airskin_gtdb_source_abundance	7	xny_share_alpha0.5_cap0.005	75	89	69	20	6	0.7752808988764045	0.92	0.8414634146341463	27.6093996872482	0.9875542782678016	0	candidate-surface abundance policy; fixed calls	0	0.0
hmp_airskin_gtdb_source_abundance	7	xny_share_alpha0.5_cap0.01	75	89	69	20	6	0.7752808988764045	0.92	0.8414634146341463	27.6093996872482	0.9875542782678016	0	candidate-surface abundance policy; fixed calls	0	0.0
hmp_airskin_gtdb_source_abundance	7	xny_share_alpha0.5_cap0.02	75	89	69	20	6	0.7752808988764045	0.92	0.8414634146341463	27.6093996872482	0.9875542782678016	0	candidate-surface abundance policy; fixed calls	0	0.0
hmp_airskin_gtdb_source_abundance	7	xny_share_alpha0.5_cap0.05	75	89	69	20	6	0.7752808988764045	0.92	0.8414634146341463	27.6093996872482	0.9875542782678016	0	candidate-surface abundance policy; fixed calls	0	0.0
hmp_airskin_gtdb_source_abundance	7	xny_share_alpha1_cap0.001	75	89	69	20	6	0.7752808988764045	0.92	0.8414634146341463	27.6093996872482	0.9875542782678016	0	candidate-surface abundance policy; fixed calls	0	0.0
hmp_airskin_gtdb_source_abundance	7	xny_share_alpha1_cap0.003	75	89	69	20	6	0.7752808988764045	0.92	0.8414634146341463	27.6093996872482	0.9875542782678016	0	candidate-surface abundance policy; fixed calls	0	0.0
hmp_airskin_gtdb_source_abundance	7	xny_share_alpha1_cap0.005	75	89	69	20	6	0.7752808988764045	0.92	0.8414634146341463	27.6093996872482	0.9875542782678016	0	candidate-surface abundance policy; fixed calls	0	0.0
hmp_airskin_gtdb_source_abundance	7	xny_share_alpha1_cap0.01	75	89	69	20	6	0.7752808988764045	0.92	0.8414634146341463	27.6093996872482	0.9875542782678016	0	candidate-surface abundance policy; fixed calls	0	0.0
hmp_airskin_gtdb_source_abundance	7	xny_share_alpha1_cap0.02	75	89	69	20	6	0.7752808988764045	0.92	0.8414634146341463	27.6093996872482	0.9875542782678016	0	candidate-surface abundance policy; fixed calls	0	0.0
hmp_airskin_gtdb_source_abundance	7	xny_share_alpha1_cap0.05	75	89	69	20	6	0.7752808988764045	0.92	0.8414634146341463	27.6093996872482	0.9875542782678016	0	candidate-surface abundance policy; fixed calls	0	0.0
hmp_airskin_gtdb_source_abundance	7	xny_share_alpha2_cap0.001	75	89	69	20	6	0.7752808988764045	0.92	0.8414634146341463	27.6093996872482	0.9875542782678016	0	candidate-surface abundance policy; fixed calls	0	0.0
hmp_airskin_gtdb_source_abundance	7	xny_share_alpha2_cap0.003	75	89	69	20	6	0.7752808988764045	0.92	0.8414634146341463	27.6093996872482	0.9875542782678016	0	candidate-surface abundance policy; fixed calls	0	0.0
hmp_airskin_gtdb_source_abundance	7	xny_share_alpha2_cap0.005	75	89	69	20	6	0.7752808988764045	0.92	0.8414634146341463	27.6093996872482	0.9875542782678016	0	candidate-surface abundance policy; fixed calls	0	0.0
hmp_airskin_gtdb_source_abundance	7	xny_share_alpha2_cap0.01	75	89	69	20	6	0.7752808988764045	0.92	0.8414634146341463	27.6093996872482	0.9875542782678016	0	candidate-surface abundance policy; fixed calls	0	0.0
hmp_airskin_gtdb_source_abundance	7	xny_share_alpha2_cap0.02	75	89	69	20	6	0.7752808988764045	0.92	0.8414634146341463	27.6093996872482	0.9875542782678016	0	candidate-surface abundance policy; fixed calls	0	0.0
hmp_airskin_gtdb_source_abundance	7	xny_share_alpha2_cap0.05	75	89	69	20	6	0.7752808988764045	0.92	0.8414634146341463	27.6093996872482	0.9875542782678016	0	candidate-surface abundance policy; fixed calls	0	0.0
hmp_airskin_gtdb_source_abundance	7	depth_share_alpha0.05	75	89	69	20	6	0.7752808988764045	0.92	0.8414634146341463	27.6093996872482	0.9875542782678016	0	candidate-surface abundance policy; fixed calls	0	0.0
hmp_airskin_gtdb_source_abundance	7	depth_share_alpha0.1	75	89	69	20	6	0.7752808988764045	0.92	0.8414634146341463	27.6093996872482	0.9875542782678016	0	candidate-surface abundance policy; fixed calls	0	0.0
hmp_airskin_gtdb_source_abundance	7	depth_share_alpha0.25	75	89	69	20	6	0.7752808988764045	0.92	0.8414634146341463	27.6093996872482	0.9875542782678016	0	candidate-surface abundance policy; fixed calls	0	0.0
hmp_airskin_gtdb_source_abundance	7	depth_share_alpha0.5	75	89	69	20	6	0.7752808988764045	0.92	0.8414634146341463	27.6093996872482	0.9875542782678016	0	candidate-surface abundance policy; fixed calls	0	0.0
hmp_airskin_gtdb_source_abundance	7	depth_share_alpha1	75	89	69	20	6	0.7752808988764045	0.92	0.8414634146341463	27.6093996872482	0.9875542782678016	0	candidate-surface abundance policy; fixed calls	0	0.0
hmp_airskin_gtdb_source_abundance	7	depth_share_alpha2	75	89	69	20	6	0.7752808988764045	0.92	0.8414634146341463	27.6093996872482	0.9875542782678016	0	candidate-surface abundance policy; fixed calls	0	0.0
hmp_airskin_gtdb_source_abundance	7	depth_share_alpha5	75	89	69	20	6	0.7752808988764045	0.92	0.8414634146341463	27.6093996872482	0.9875542782678016	0	candidate-surface abundance policy; fixed calls	0	0.0
hmp_airskin_gtdb_source_abundance	7	depth_share_alpha10	75	89	69	20	6	0.7752808988764045	0.92	0.8414634146341463	27.6093996872482	0.9875542782678016	0	candidate-surface abundance policy; fixed calls	0	0.0
hmp_airskin_gtdb_source_abundance	7	depth_share_cap0.001	75	89	69	20	6	0.7752808988764045	0.92	0.8414634146341463	27.6093996872482	0.9875542782678016	0	candidate-surface abundance policy; fixed calls	0	0.0
hmp_airskin_gtdb_source_abundance	7	depth_share_cap0.003	75	89	69	20	6	0.7752808988764045	0.92	0.8414634146341463	27.6093996872482	0.9875542782678016	0	candidate-surface abundance policy; fixed calls	0	0.0
hmp_airskin_gtdb_source_abundance	7	depth_share_cap0.005	75	89	69	20	6	0.7752808988764045	0.92	0.8414634146341463	27.6093996872482	0.9875542782678016	0	candidate-surface abundance policy; fixed calls	0	0.0
hmp_airskin_gtdb_source_abundance	7	depth_share_cap0.01	75	89	69	20	6	0.7752808988764045	0.92	0.8414634146341463	27.6093996872482	0.9875542782678016	0	candidate-surface abundance policy; fixed calls	0	0.0
hmp_airskin_gtdb_source_abundance	7	depth_share_cap0.02	75	89	69	20	6	0.7752808988764045	0.92	0.8414634146341463	27.6093996872482	0.9875542782678016	0	candidate-surface abundance policy; fixed calls	0	0.0
hmp_airskin_gtdb_source_abundance	7	depth_share_cap0.05	75	89	69	20	6	0.7752808988764045	0.92	0.8414634146341463	27.6093996872482	0.9875542782678016	0	candidate-surface abundance policy; fixed calls	0	0.0
hmp_airskin_gtdb_source_abundance	7	depth_share_alpha0.25_cap0.001	75	89	69	20	6	0.7752808988764045	0.92	0.8414634146341463	27.6093996872482	0.9875542782678016	0	candidate-surface abundance policy; fixed calls	0	0.0
hmp_airskin_gtdb_source_abundance	7	depth_share_alpha0.25_cap0.003	75	89	69	20	6	0.7752808988764045	0.92	0.8414634146341463	27.6093996872482	0.9875542782678016	0	candidate-surface abundance policy; fixed calls	0	0.0
hmp_airskin_gtdb_source_abundance	7	depth_share_alpha0.25_cap0.005	75	89	69	20	6	0.7752808988764045	0.92	0.8414634146341463	27.6093996872482	0.9875542782678016	0	candidate-surface abundance policy; fixed calls	0	0.0
hmp_airskin_gtdb_source_abundance	7	depth_share_alpha0.25_cap0.01	75	89	69	20	6	0.7752808988764045	0.92	0.8414634146341463	27.6093996872482	0.9875542782678016	0	candidate-surface abundance policy; fixed calls	0	0.0
hmp_airskin_gtdb_source_abundance	7	depth_share_alpha0.25_cap0.02	75	89	69	20	6	0.7752808988764045	0.92	0.8414634146341463	27.6093996872482	0.9875542782678016	0	candidate-surface abundance policy; fixed calls	0	0.0
hmp_airskin_gtdb_source_abundance	7	depth_share_alpha0.25_cap0.05	75	89	69	20	6	0.7752808988764045	0.92	0.8414634146341463	27.6093996872482	0.9875542782678016	0	candidate-surface abundance policy; fixed calls	0	0.0
hmp_airskin_gtdb_source_abundance	7	depth_share_alpha0.5_cap0.001	75	89	69	20	6	0.7752808988764045	0.92	0.8414634146341463	27.6093996872482	0.9875542782678016	0	candidate-surface abundance policy; fixed calls	0	0.0
hmp_airskin_gtdb_source_abundance	7	depth_share_alpha0.5_cap0.003	75	89	69	20	6	0.7752808988764045	0.92	0.8414634146341463	27.6093996872482	0.9875542782678016	0	candidate-surface abundance policy; fixed calls	0	0.0
hmp_airskin_gtdb_source_abundance	7	depth_share_alpha0.5_cap0.005	75	89	69	20	6	0.7752808988764045	0.92	0.8414634146341463	27.6093996872482	0.9875542782678016	0	candidate-surface abundance policy; fixed calls	0	0.0
hmp_airskin_gtdb_source_abundance	7	depth_share_alpha0.5_cap0.01	75	89	69	20	6	0.7752808988764045	0.92	0.8414634146341463	27.6093996872482	0.9875542782678016	0	candidate-surface abundance policy; fixed calls	0	0.0
hmp_airskin_gtdb_source_abundance	7	depth_share_alpha0.5_cap0.02	75	89	69	20	6	0.7752808988764045	0.92	0.8414634146341463	27.6093996872482	0.9875542782678016	0	candidate-surface abundance policy; fixed calls	0	0.0
hmp_airskin_gtdb_source_abundance	7	depth_share_alpha0.5_cap0.05	75	89	69	20	6	0.7752808988764045	0.92	0.8414634146341463	27.6093996872482	0.9875542782678016	0	candidate-surface abundance policy; fixed calls	0	0.0
hmp_airskin_gtdb_source_abundance	7	depth_share_alpha1_cap0.001	75	89	69	20	6	0.7752808988764045	0.92	0.8414634146341463	27.6093996872482	0.9875542782678016	0	candidate-surface abundance policy; fixed calls	0	0.0
hmp_airskin_gtdb_source_abundance	7	depth_share_alpha1_cap0.003	75	89	69	20	6	0.7752808988764045	0.92	0.8414634146341463	27.6093996872482	0.9875542782678016	0	candidate-surface abundance policy; fixed calls	0	0.0
hmp_airskin_gtdb_source_abundance	7	depth_share_alpha1_cap0.005	75	89	69	20	6	0.7752808988764045	0.92	0.8414634146341463	27.6093996872482	0.9875542782678016	0	candidate-surface abundance policy; fixed calls	0	0.0
hmp_airskin_gtdb_source_abundance	7	depth_share_alpha1_cap0.01	75	89	69	20	6	0.7752808988764045	0.92	0.8414634146341463	27.6093996872482	0.9875542782678016	0	candidate-surface abundance policy; fixed calls	0	0.0
hmp_airskin_gtdb_source_abundance	7	depth_share_alpha1_cap0.02	75	89	69	20	6	0.7752808988764045	0.92	0.8414634146341463	27.6093996872482	0.9875542782678016	0	candidate-surface abundance policy; fixed calls	0	0.0
hmp_airskin_gtdb_source_abundance	7	depth_share_alpha1_cap0.05	75	89	69	20	6	0.7752808988764045	0.92	0.8414634146341463	27.6093996872482	0.9875542782678016	0	candidate-surface abundance policy; fixed calls	0	0.0
hmp_airskin_gtdb_source_abundance	7	depth_share_alpha2_cap0.001	75	89	69	20	6	0.7752808988764045	0.92	0.8414634146341463	27.6093996872482	0.9875542782678016	0	candidate-surface abundance policy; fixed calls	0	0.0
hmp_airskin_gtdb_source_abundance	7	depth_share_alpha2_cap0.003	75	89	69	20	6	0.7752808988764045	0.92	0.8414634146341463	27.6093996872482	0.9875542782678016	0	candidate-surface abundance policy; fixed calls	0	0.0
hmp_airskin_gtdb_source_abundance	7	depth_share_alpha2_cap0.005	75	89	69	20	6	0.7752808988764045	0.92	0.8414634146341463	27.6093996872482	0.9875542782678016	0	candidate-surface abundance policy; fixed calls	0	0.0
hmp_airskin_gtdb_source_abundance	7	depth_share_alpha2_cap0.01	75	89	69	20	6	0.7752808988764045	0.92	0.8414634146341463	27.6093996872482	0.9875542782678016	0	candidate-surface abundance policy; fixed calls	0	0.0
hmp_airskin_gtdb_source_abundance	7	depth_share_alpha2_cap0.02	75	89	69	20	6	0.7752808988764045	0.92	0.8414634146341463	27.6093996872482	0.9875542782678016	0	candidate-surface abundance policy; fixed calls	0	0.0
hmp_airskin_gtdb_source_abundance	7	depth_share_alpha2_cap0.05	75	89	69	20	6	0.7752808988764045	0.92	0.8414634146341463	27.6093996872482	0.9875542782678016	0	candidate-surface abundance policy; fixed calls	0	0.0
hmp_airskin_gtdb_source_abundance	9	zero_mass	96	102	92	10	4	0.9019607843137255	0.9583333333333334	0.9292929292929293	31.526930250245105	0.9866666556242835	0	candidate-surface abundance policy; fixed calls	0	0.0
hmp_airskin_gtdb_source_abundance	9	normalized_depth_alpha0.05	96	102	92	10	4	0.9019607843137255	0.9583333333333334	0.9292929292929293	31.526930250245105	0.9866666556242835	0	candidate-surface abundance policy; fixed calls	0	0.0
hmp_airskin_gtdb_source_abundance	9	normalized_depth_alpha0.1	96	102	92	10	4	0.9019607843137255	0.9583333333333334	0.9292929292929293	31.526930250245105	0.9866666556242835	0	candidate-surface abundance policy; fixed calls	0	0.0
hmp_airskin_gtdb_source_abundance	9	normalized_depth_alpha0.25	96	102	92	10	4	0.9019607843137255	0.9583333333333334	0.9292929292929293	31.526930250245105	0.9866666556242835	0	candidate-surface abundance policy; fixed calls	0	0.0
hmp_airskin_gtdb_source_abundance	9	normalized_depth_alpha0.5	96	102	92	10	4	0.9019607843137255	0.9583333333333334	0.9292929292929293	31.526930250245105	0.9866666556242835	0	candidate-surface abundance policy; fixed calls	0	0.0
hmp_airskin_gtdb_source_abundance	9	normalized_depth_alpha1	96	102	92	10	4	0.9019607843137255	0.9583333333333334	0.9292929292929293	31.526930250245105	0.9866666556242835	0	candidate-surface abundance policy; fixed calls	0	0.0
hmp_airskin_gtdb_source_abundance	9	normalized_depth_alpha2	96	102	92	10	4	0.9019607843137255	0.9583333333333334	0.9292929292929293	31.526930250245105	0.9866666556242835	0	candidate-surface abundance policy; fixed calls	0	0.0
hmp_airskin_gtdb_source_abundance	9	normalized_depth_alpha5	96	102	92	10	4	0.9019607843137255	0.9583333333333334	0.9292929292929293	31.526930250245105	0.9866666556242835	0	candidate-surface abundance policy; fixed calls	0	0.0
hmp_airskin_gtdb_source_abundance	9	normalized_depth_alpha10	96	102	92	10	4	0.9019607843137255	0.9583333333333334	0.9292929292929293	31.526930250245105	0.9866666556242835	0	candidate-surface abundance policy; fixed calls	0	0.0
hmp_airskin_gtdb_source_abundance	9	normalized_depth_cap0.001	96	102	92	10	4	0.9019607843137255	0.9583333333333334	0.9292929292929293	31.526930250245105	0.9866666556242835	0	candidate-surface abundance policy; fixed calls	0	0.0
hmp_airskin_gtdb_source_abundance	9	normalized_depth_cap0.003	96	102	92	10	4	0.9019607843137255	0.9583333333333334	0.9292929292929293	31.526930250245105	0.9866666556242835	0	candidate-surface abundance policy; fixed calls	0	0.0
hmp_airskin_gtdb_source_abundance	9	normalized_depth_cap0.005	96	102	92	10	4	0.9019607843137255	0.9583333333333334	0.9292929292929293	31.526930250245105	0.9866666556242835	0	candidate-surface abundance policy; fixed calls	0	0.0
hmp_airskin_gtdb_source_abundance	9	normalized_depth_cap0.01	96	102	92	10	4	0.9019607843137255	0.9583333333333334	0.9292929292929293	31.526930250245105	0.9866666556242835	0	candidate-surface abundance policy; fixed calls	0	0.0
hmp_airskin_gtdb_source_abundance	9	normalized_depth_cap0.02	96	102	92	10	4	0.9019607843137255	0.9583333333333334	0.9292929292929293	31.526930250245105	0.9866666556242835	0	candidate-surface abundance policy; fixed calls	0	0.0
hmp_airskin_gtdb_source_abundance	9	normalized_depth_cap0.05	96	102	92	10	4	0.9019607843137255	0.9583333333333334	0.9292929292929293	31.526930250245105	0.9866666556242835	0	candidate-surface abundance policy; fixed calls	0	0.0
hmp_airskin_gtdb_source_abundance	9	normalized_depth_alpha0.25_cap0.001	96	102	92	10	4	0.9019607843137255	0.9583333333333334	0.9292929292929293	31.526930250245105	0.9866666556242835	0	candidate-surface abundance policy; fixed calls	0	0.0
hmp_airskin_gtdb_source_abundance	9	normalized_depth_alpha0.25_cap0.003	96	102	92	10	4	0.9019607843137255	0.9583333333333334	0.9292929292929293	31.526930250245105	0.9866666556242835	0	candidate-surface abundance policy; fixed calls	0	0.0
hmp_airskin_gtdb_source_abundance	9	normalized_depth_alpha0.25_cap0.005	96	102	92	10	4	0.9019607843137255	0.9583333333333334	0.9292929292929293	31.526930250245105	0.9866666556242835	0	candidate-surface abundance policy; fixed calls	0	0.0
hmp_airskin_gtdb_source_abundance	9	normalized_depth_alpha0.25_cap0.01	96	102	92	10	4	0.9019607843137255	0.9583333333333334	0.9292929292929293	31.526930250245105	0.9866666556242835	0	candidate-surface abundance policy; fixed calls	0	0.0
hmp_airskin_gtdb_source_abundance	9	normalized_depth_alpha0.25_cap0.02	96	102	92	10	4	0.9019607843137255	0.9583333333333334	0.9292929292929293	31.526930250245105	0.9866666556242835	0	candidate-surface abundance policy; fixed calls	0	0.0
hmp_airskin_gtdb_source_abundance	9	normalized_depth_alpha0.25_cap0.05	96	102	92	10	4	0.9019607843137255	0.9583333333333334	0.9292929292929293	31.526930250245105	0.9866666556242835	0	candidate-surface abundance policy; fixed calls	0	0.0
hmp_airskin_gtdb_source_abundance	9	normalized_depth_alpha0.5_cap0.001	96	102	92	10	4	0.9019607843137255	0.9583333333333334	0.9292929292929293	31.526930250245105	0.9866666556242835	0	candidate-surface abundance policy; fixed calls	0	0.0
hmp_airskin_gtdb_source_abundance	9	normalized_depth_alpha0.5_cap0.003	96	102	92	10	4	0.9019607843137255	0.9583333333333334	0.9292929292929293	31.526930250245105	0.9866666556242835	0	candidate-surface abundance policy; fixed calls	0	0.0
hmp_airskin_gtdb_source_abundance	9	normalized_depth_alpha0.5_cap0.005	96	102	92	10	4	0.9019607843137255	0.9583333333333334	0.9292929292929293	31.526930250245105	0.9866666556242835	0	candidate-surface abundance policy; fixed calls	0	0.0
hmp_airskin_gtdb_source_abundance	9	normalized_depth_alpha0.5_cap0.01	96	102	92	10	4	0.9019607843137255	0.9583333333333334	0.9292929292929293	31.526930250245105	0.9866666556242835	0	candidate-surface abundance policy; fixed calls	0	0.0
hmp_airskin_gtdb_source_abundance	9	normalized_depth_alpha0.5_cap0.02	96	102	92	10	4	0.9019607843137255	0.9583333333333334	0.9292929292929293	31.526930250245105	0.9866666556242835	0	candidate-surface abundance policy; fixed calls	0	0.0
hmp_airskin_gtdb_source_abundance	9	normalized_depth_alpha0.5_cap0.05	96	102	92	10	4	0.9019607843137255	0.9583333333333334	0.9292929292929293	31.526930250245105	0.9866666556242835	0	candidate-surface abundance policy; fixed calls	0	0.0
hmp_airskin_gtdb_source_abundance	9	normalized_depth_alpha1_cap0.001	96	102	92	10	4	0.9019607843137255	0.9583333333333334	0.9292929292929293	31.526930250245105	0.9866666556242835	0	candidate-surface abundance policy; fixed calls	0	0.0
hmp_airskin_gtdb_source_abundance	9	normalized_depth_alpha1_cap0.003	96	102	92	10	4	0.9019607843137255	0.9583333333333334	0.9292929292929293	31.526930250245105	0.9866666556242835	0	candidate-surface abundance policy; fixed calls	0	0.0
hmp_airskin_gtdb_source_abundance	9	normalized_depth_alpha1_cap0.005	96	102	92	10	4	0.9019607843137255	0.9583333333333334	0.9292929292929293	31.526930250245105	0.9866666556242835	0	candidate-surface abundance policy; fixed calls	0	0.0
hmp_airskin_gtdb_source_abundance	9	normalized_depth_alpha1_cap0.01	96	102	92	10	4	0.9019607843137255	0.9583333333333334	0.9292929292929293	31.526930250245105	0.9866666556242835	0	candidate-surface abundance policy; fixed calls	0	0.0
hmp_airskin_gtdb_source_abundance	9	normalized_depth_alpha1_cap0.02	96	102	92	10	4	0.9019607843137255	0.9583333333333334	0.9292929292929293	31.526930250245105	0.9866666556242835	0	candidate-surface abundance policy; fixed calls	0	0.0
hmp_airskin_gtdb_source_abundance	9	normalized_depth_alpha1_cap0.05	96	102	92	10	4	0.9019607843137255	0.9583333333333334	0.9292929292929293	31.526930250245105	0.9866666556242835	0	candidate-surface abundance policy; fixed calls	0	0.0
hmp_airskin_gtdb_source_abundance	9	normalized_depth_alpha2_cap0.001	96	102	92	10	4	0.9019607843137255	0.9583333333333334	0.9292929292929293	31.526930250245105	0.9866666556242835	0	candidate-surface abundance policy; fixed calls	0	0.0
hmp_airskin_gtdb_source_abundance	9	normalized_depth_alpha2_cap0.003	96	102	92	10	4	0.9019607843137255	0.9583333333333334	0.9292929292929293	31.526930250245105	0.9866666556242835	0	candidate-surface abundance policy; fixed calls	0	0.0
hmp_airskin_gtdb_source_abundance	9	normalized_depth_alpha2_cap0.005	96	102	92	10	4	0.9019607843137255	0.9583333333333334	0.9292929292929293	31.526930250245105	0.9866666556242835	0	candidate-surface abundance policy; fixed calls	0	0.0
hmp_airskin_gtdb_source_abundance	9	normalized_depth_alpha2_cap0.01	96	102	92	10	4	0.9019607843137255	0.9583333333333334	0.9292929292929293	31.526930250245105	0.9866666556242835	0	candidate-surface abundance policy; fixed calls	0	0.0
hmp_airskin_gtdb_source_abundance	9	normalized_depth_alpha2_cap0.02	96	102	92	10	4	0.9019607843137255	0.9583333333333334	0.9292929292929293	31.526930250245105	0.9866666556242835	0	candidate-surface abundance policy; fixed calls	0	0.0
hmp_airskin_gtdb_source_abundance	9	normalized_depth_alpha2_cap0.05	96	102	92	10	4	0.9019607843137255	0.9583333333333334	0.9292929292929293	31.526930250245105	0.9866666556242835	0	candidate-surface abundance policy; fixed calls	0	0.0
hmp_airskin_gtdb_source_abundance	9	xny_share_alpha0.05	96	102	92	10	4	0.9019607843137255	0.9583333333333334	0.9292929292929293	31.526930250245105	0.9866666556242835	0	candidate-surface abundance policy; fixed calls	0	0.0
hmp_airskin_gtdb_source_abundance	9	xny_share_alpha0.1	96	102	92	10	4	0.9019607843137255	0.9583333333333334	0.9292929292929293	31.526930250245105	0.9866666556242835	0	candidate-surface abundance policy; fixed calls	0	0.0
hmp_airskin_gtdb_source_abundance	9	xny_share_alpha0.25	96	102	92	10	4	0.9019607843137255	0.9583333333333334	0.9292929292929293	31.526930250245105	0.9866666556242835	0	candidate-surface abundance policy; fixed calls	0	0.0
hmp_airskin_gtdb_source_abundance	9	xny_share_alpha0.5	96	102	92	10	4	0.9019607843137255	0.9583333333333334	0.9292929292929293	31.526930250245105	0.9866666556242835	0	candidate-surface abundance policy; fixed calls	0	0.0
hmp_airskin_gtdb_source_abundance	9	xny_share_alpha1	96	102	92	10	4	0.9019607843137255	0.9583333333333334	0.9292929292929293	31.526930250245105	0.9866666556242835	0	candidate-surface abundance policy; fixed calls	0	0.0
hmp_airskin_gtdb_source_abundance	9	xny_share_alpha2	96	102	92	10	4	0.9019607843137255	0.9583333333333334	0.9292929292929293	31.526930250245105	0.9866666556242835	0	candidate-surface abundance policy; fixed calls	0	0.0
hmp_airskin_gtdb_source_abundance	9	xny_share_alpha5	96	102	92	10	4	0.9019607843137255	0.9583333333333334	0.9292929292929293	31.526930250245105	0.9866666556242835	0	candidate-surface abundance policy; fixed calls	0	0.0
hmp_airskin_gtdb_source_abundance	9	xny_share_alpha10	96	102	92	10	4	0.9019607843137255	0.9583333333333334	0.9292929292929293	31.526930250245105	0.9866666556242835	0	candidate-surface abundance policy; fixed calls	0	0.0
hmp_airskin_gtdb_source_abundance	9	xny_share_cap0.001	96	102	92	10	4	0.9019607843137255	0.9583333333333334	0.9292929292929293	31.526930250245105	0.9866666556242835	0	candidate-surface abundance policy; fixed calls	0	0.0
hmp_airskin_gtdb_source_abundance	9	xny_share_cap0.003	96	102	92	10	4	0.9019607843137255	0.9583333333333334	0.9292929292929293	31.526930250245105	0.9866666556242835	0	candidate-surface abundance policy; fixed calls	0	0.0
hmp_airskin_gtdb_source_abundance	9	xny_share_cap0.005	96	102	92	10	4	0.9019607843137255	0.9583333333333334	0.9292929292929293	31.526930250245105	0.9866666556242835	0	candidate-surface abundance policy; fixed calls	0	0.0
hmp_airskin_gtdb_source_abundance	9	xny_share_cap0.01	96	102	92	10	4	0.9019607843137255	0.9583333333333334	0.9292929292929293	31.526930250245105	0.9866666556242835	0	candidate-surface abundance policy; fixed calls	0	0.0
hmp_airskin_gtdb_source_abundance	9	xny_share_cap0.02	96	102	92	10	4	0.9019607843137255	0.9583333333333334	0.9292929292929293	31.526930250245105	0.9866666556242835	0	candidate-surface abundance policy; fixed calls	0	0.0
hmp_airskin_gtdb_source_abundance	9	xny_share_cap0.05	96	102	92	10	4	0.9019607843137255	0.9583333333333334	0.9292929292929293	31.526930250245105	0.9866666556242835	0	candidate-surface abundance policy; fixed calls	0	0.0
hmp_airskin_gtdb_source_abundance	9	xny_share_alpha0.25_cap0.001	96	102	92	10	4	0.9019607843137255	0.9583333333333334	0.9292929292929293	31.526930250245105	0.9866666556242835	0	candidate-surface abundance policy; fixed calls	0	0.0
hmp_airskin_gtdb_source_abundance	9	xny_share_alpha0.25_cap0.003	96	102	92	10	4	0.9019607843137255	0.9583333333333334	0.9292929292929293	31.526930250245105	0.9866666556242835	0	candidate-surface abundance policy; fixed calls	0	0.0
hmp_airskin_gtdb_source_abundance	9	xny_share_alpha0.25_cap0.005	96	102	92	10	4	0.9019607843137255	0.9583333333333334	0.9292929292929293	31.526930250245105	0.9866666556242835	0	candidate-surface abundance policy; fixed calls	0	0.0
hmp_airskin_gtdb_source_abundance	9	xny_share_alpha0.25_cap0.01	96	102	92	10	4	0.9019607843137255	0.9583333333333334	0.9292929292929293	31.526930250245105	0.9866666556242835	0	candidate-surface abundance policy; fixed calls	0	0.0
hmp_airskin_gtdb_source_abundance	9	xny_share_alpha0.25_cap0.02	96	102	92	10	4	0.9019607843137255	0.9583333333333334	0.9292929292929293	31.526930250245105	0.9866666556242835	0	candidate-surface abundance policy; fixed calls	0	0.0
hmp_airskin_gtdb_source_abundance	9	xny_share_alpha0.25_cap0.05	96	102	92	10	4	0.9019607843137255	0.9583333333333334	0.9292929292929293	31.526930250245105	0.9866666556242835	0	candidate-surface abundance policy; fixed calls	0	0.0
hmp_airskin_gtdb_source_abundance	9	xny_share_alpha0.5_cap0.001	96	102	92	10	4	0.9019607843137255	0.9583333333333334	0.9292929292929293	31.526930250245105	0.9866666556242835	0	candidate-surface abundance policy; fixed calls	0	0.0
hmp_airskin_gtdb_source_abundance	9	xny_share_alpha0.5_cap0.003	96	102	92	10	4	0.9019607843137255	0.9583333333333334	0.9292929292929293	31.526930250245105	0.9866666556242835	0	candidate-surface abundance policy; fixed calls	0	0.0
hmp_airskin_gtdb_source_abundance	9	xny_share_alpha0.5_cap0.005	96	102	92	10	4	0.9019607843137255	0.9583333333333334	0.9292929292929293	31.526930250245105	0.9866666556242835	0	candidate-surface abundance policy; fixed calls	0	0.0
hmp_airskin_gtdb_source_abundance	9	xny_share_alpha0.5_cap0.01	96	102	92	10	4	0.9019607843137255	0.9583333333333334	0.9292929292929293	31.526930250245105	0.9866666556242835	0	candidate-surface abundance policy; fixed calls	0	0.0
hmp_airskin_gtdb_source_abundance	9	xny_share_alpha0.5_cap0.02	96	102	92	10	4	0.9019607843137255	0.9583333333333334	0.9292929292929293	31.526930250245105	0.9866666556242835	0	candidate-surface abundance policy; fixed calls	0	0.0
hmp_airskin_gtdb_source_abundance	9	xny_share_alpha0.5_cap0.05	96	102	92	10	4	0.9019607843137255	0.9583333333333334	0.9292929292929293	31.526930250245105	0.9866666556242835	0	candidate-surface abundance policy; fixed calls	0	0.0
hmp_airskin_gtdb_source_abundance	9	xny_share_alpha1_cap0.001	96	102	92	10	4	0.9019607843137255	0.9583333333333334	0.9292929292929293	31.526930250245105	0.9866666556242835	0	candidate-surface abundance policy; fixed calls	0	0.0
hmp_airskin_gtdb_source_abundance	9	xny_share_alpha1_cap0.003	96	102	92	10	4	0.9019607843137255	0.9583333333333334	0.9292929292929293	31.526930250245105	0.9866666556242835	0	candidate-surface abundance policy; fixed calls	0	0.0
hmp_airskin_gtdb_source_abundance	9	xny_share_alpha1_cap0.005	96	102	92	10	4	0.9019607843137255	0.9583333333333334	0.9292929292929293	31.526930250245105	0.9866666556242835	0	candidate-surface abundance policy; fixed calls	0	0.0
hmp_airskin_gtdb_source_abundance	9	xny_share_alpha1_cap0.01	96	102	92	10	4	0.9019607843137255	0.9583333333333334	0.9292929292929293	31.526930250245105	0.9866666556242835	0	candidate-surface abundance policy; fixed calls	0	0.0
hmp_airskin_gtdb_source_abundance	9	xny_share_alpha1_cap0.02	96	102	92	10	4	0.9019607843137255	0.9583333333333334	0.9292929292929293	31.526930250245105	0.9866666556242835	0	candidate-surface abundance policy; fixed calls	0	0.0
hmp_airskin_gtdb_source_abundance	9	xny_share_alpha1_cap0.05	96	102	92	10	4	0.9019607843137255	0.9583333333333334	0.9292929292929293	31.526930250245105	0.9866666556242835	0	candidate-surface abundance policy; fixed calls	0	0.0
hmp_airskin_gtdb_source_abundance	9	xny_share_alpha2_cap0.001	96	102	92	10	4	0.9019607843137255	0.9583333333333334	0.9292929292929293	31.526930250245105	0.9866666556242835	0	candidate-surface abundance policy; fixed calls	0	0.0
hmp_airskin_gtdb_source_abundance	9	xny_share_alpha2_cap0.003	96	102	92	10	4	0.9019607843137255	0.9583333333333334	0.9292929292929293	31.526930250245105	0.9866666556242835	0	candidate-surface abundance policy; fixed calls	0	0.0
hmp_airskin_gtdb_source_abundance	9	xny_share_alpha2_cap0.005	96	102	92	10	4	0.9019607843137255	0.9583333333333334	0.9292929292929293	31.526930250245105	0.9866666556242835	0	candidate-surface abundance policy; fixed calls	0	0.0
hmp_airskin_gtdb_source_abundance	9	xny_share_alpha2_cap0.01	96	102	92	10	4	0.9019607843137255	0.9583333333333334	0.9292929292929293	31.526930250245105	0.9866666556242835	0	candidate-surface abundance policy; fixed calls	0	0.0
hmp_airskin_gtdb_source_abundance	9	xny_share_alpha2_cap0.02	96	102	92	10	4	0.9019607843137255	0.9583333333333334	0.9292929292929293	31.526930250245105	0.9866666556242835	0	candidate-surface abundance policy; fixed calls	0	0.0
hmp_airskin_gtdb_source_abundance	9	xny_share_alpha2_cap0.05	96	102	92	10	4	0.9019607843137255	0.9583333333333334	0.9292929292929293	31.526930250245105	0.9866666556242835	0	candidate-surface abundance policy; fixed calls	0	0.0
hmp_airskin_gtdb_source_abundance	9	depth_share_alpha0.05	96	102	92	10	4	0.9019607843137255	0.9583333333333334	0.9292929292929293	31.526930250245105	0.9866666556242835	0	candidate-surface abundance policy; fixed calls	0	0.0
hmp_airskin_gtdb_source_abundance	9	depth_share_alpha0.1	96	102	92	10	4	0.9019607843137255	0.9583333333333334	0.9292929292929293	31.526930250245105	0.9866666556242835	0	candidate-surface abundance policy; fixed calls	0	0.0
hmp_airskin_gtdb_source_abundance	9	depth_share_alpha0.25	96	102	92	10	4	0.9019607843137255	0.9583333333333334	0.9292929292929293	31.526930250245105	0.9866666556242835	0	candidate-surface abundance policy; fixed calls	0	0.0
hmp_airskin_gtdb_source_abundance	9	depth_share_alpha0.5	96	102	92	10	4	0.9019607843137255	0.9583333333333334	0.9292929292929293	31.526930250245105	0.9866666556242835	0	candidate-surface abundance policy; fixed calls	0	0.0
hmp_airskin_gtdb_source_abundance	9	depth_share_alpha1	96	102	92	10	4	0.9019607843137255	0.9583333333333334	0.9292929292929293	31.526930250245105	0.9866666556242835	0	candidate-surface abundance policy; fixed calls	0	0.0
hmp_airskin_gtdb_source_abundance	9	depth_share_alpha2	96	102	92	10	4	0.9019607843137255	0.9583333333333334	0.9292929292929293	31.526930250245105	0.9866666556242835	0	candidate-surface abundance policy; fixed calls	0	0.0
hmp_airskin_gtdb_source_abundance	9	depth_share_alpha5	96	102	92	10	4	0.9019607843137255	0.9583333333333334	0.9292929292929293	31.526930250245105	0.9866666556242835	0	candidate-surface abundance policy; fixed calls	0	0.0
hmp_airskin_gtdb_source_abundance	9	depth_share_alpha10	96	102	92	10	4	0.9019607843137255	0.9583333333333334	0.9292929292929293	31.526930250245105	0.9866666556242835	0	candidate-surface abundance policy; fixed calls	0	0.0
hmp_airskin_gtdb_source_abundance	9	depth_share_cap0.001	96	102	92	10	4	0.9019607843137255	0.9583333333333334	0.9292929292929293	31.526930250245105	0.9866666556242835	0	candidate-surface abundance policy; fixed calls	0	0.0
hmp_airskin_gtdb_source_abundance	9	depth_share_cap0.003	96	102	92	10	4	0.9019607843137255	0.9583333333333334	0.9292929292929293	31.526930250245105	0.9866666556242835	0	candidate-surface abundance policy; fixed calls	0	0.0
hmp_airskin_gtdb_source_abundance	9	depth_share_cap0.005	96	102	92	10	4	0.9019607843137255	0.9583333333333334	0.9292929292929293	31.526930250245105	0.9866666556242835	0	candidate-surface abundance policy; fixed calls	0	0.0
hmp_airskin_gtdb_source_abundance	9	depth_share_cap0.01	96	102	92	10	4	0.9019607843137255	0.9583333333333334	0.9292929292929293	31.526930250245105	0.9866666556242835	0	candidate-surface abundance policy; fixed calls	0	0.0
hmp_airskin_gtdb_source_abundance	9	depth_share_cap0.02	96	102	92	10	4	0.9019607843137255	0.9583333333333334	0.9292929292929293	31.526930250245105	0.9866666556242835	0	candidate-surface abundance policy; fixed calls	0	0.0
hmp_airskin_gtdb_source_abundance	9	depth_share_cap0.05	96	102	92	10	4	0.9019607843137255	0.9583333333333334	0.9292929292929293	31.526930250245105	0.9866666556242835	0	candidate-surface abundance policy; fixed calls	0	0.0
hmp_airskin_gtdb_source_abundance	9	depth_share_alpha0.25_cap0.001	96	102	92	10	4	0.9019607843137255	0.9583333333333334	0.9292929292929293	31.526930250245105	0.9866666556242835	0	candidate-surface abundance policy; fixed calls	0	0.0
hmp_airskin_gtdb_source_abundance	9	depth_share_alpha0.25_cap0.003	96	102	92	10	4	0.9019607843137255	0.9583333333333334	0.9292929292929293	31.526930250245105	0.9866666556242835	0	candidate-surface abundance policy; fixed calls	0	0.0
hmp_airskin_gtdb_source_abundance	9	depth_share_alpha0.25_cap0.005	96	102	92	10	4	0.9019607843137255	0.9583333333333334	0.9292929292929293	31.526930250245105	0.9866666556242835	0	candidate-surface abundance policy; fixed calls	0	0.0
hmp_airskin_gtdb_source_abundance	9	depth_share_alpha0.25_cap0.01	96	102	92	10	4	0.9019607843137255	0.9583333333333334	0.9292929292929293	31.526930250245105	0.9866666556242835	0	candidate-surface abundance policy; fixed calls	0	0.0
hmp_airskin_gtdb_source_abundance	9	depth_share_alpha0.25_cap0.02	96	102	92	10	4	0.9019607843137255	0.9583333333333334	0.9292929292929293	31.526930250245105	0.9866666556242835	0	candidate-surface abundance policy; fixed calls	0	0.0
hmp_airskin_gtdb_source_abundance	9	depth_share_alpha0.25_cap0.05	96	102	92	10	4	0.9019607843137255	0.9583333333333334	0.9292929292929293	31.526930250245105	0.9866666556242835	0	candidate-surface abundance policy; fixed calls	0	0.0
hmp_airskin_gtdb_source_abundance	9	depth_share_alpha0.5_cap0.001	96	102	92	10	4	0.9019607843137255	0.9583333333333334	0.9292929292929293	31.526930250245105	0.9866666556242835	0	candidate-surface abundance policy; fixed calls	0	0.0
hmp_airskin_gtdb_source_abundance	9	depth_share_alpha0.5_cap0.003	96	102	92	10	4	0.9019607843137255	0.9583333333333334	0.9292929292929293	31.526930250245105	0.9866666556242835	0	candidate-surface abundance policy; fixed calls	0	0.0
hmp_airskin_gtdb_source_abundance	9	depth_share_alpha0.5_cap0.005	96	102	92	10	4	0.9019607843137255	0.9583333333333334	0.9292929292929293	31.526930250245105	0.9866666556242835	0	candidate-surface abundance policy; fixed calls	0	0.0
hmp_airskin_gtdb_source_abundance	9	depth_share_alpha0.5_cap0.01	96	102	92	10	4	0.9019607843137255	0.9583333333333334	0.9292929292929293	31.526930250245105	0.9866666556242835	0	candidate-surface abundance policy; fixed calls	0	0.0
hmp_airskin_gtdb_source_abundance	9	depth_share_alpha0.5_cap0.02	96	102	92	10	4	0.9019607843137255	0.9583333333333334	0.9292929292929293	31.526930250245105	0.9866666556242835	0	candidate-surface abundance policy; fixed calls	0	0.0
hmp_airskin_gtdb_source_abundance	9	depth_share_alpha0.5_cap0.05	96	102	92	10	4	0.9019607843137255	0.9583333333333334	0.9292929292929293	31.526930250245105	0.9866666556242835	0	candidate-surface abundance policy; fixed calls	0	0.0
hmp_airskin_gtdb_source_abundance	9	depth_share_alpha1_cap0.001	96	102	92	10	4	0.9019607843137255	0.9583333333333334	0.9292929292929293	31.526930250245105	0.9866666556242835	0	candidate-surface abundance policy; fixed calls	0	0.0
hmp_airskin_gtdb_source_abundance	9	depth_share_alpha1_cap0.003	96	102	92	10	4	0.9019607843137255	0.9583333333333334	0.9292929292929293	31.526930250245105	0.9866666556242835	0	candidate-surface abundance policy; fixed calls	0	0.0
hmp_airskin_gtdb_source_abundance	9	depth_share_alpha1_cap0.005	96	102	92	10	4	0.9019607843137255	0.9583333333333334	0.9292929292929293	31.526930250245105	0.9866666556242835	0	candidate-surface abundance policy; fixed calls	0	0.0
hmp_airskin_gtdb_source_abundance	9	depth_share_alpha1_cap0.01	96	102	92	10	4	0.9019607843137255	0.9583333333333334	0.9292929292929293	31.526930250245105	0.9866666556242835	0	candidate-surface abundance policy; fixed calls	0	0.0
hmp_airskin_gtdb_source_abundance	9	depth_share_alpha1_cap0.02	96	102	92	10	4	0.9019607843137255	0.9583333333333334	0.9292929292929293	31.526930250245105	0.9866666556242835	0	candidate-surface abundance policy; fixed calls	0	0.0
hmp_airskin_gtdb_source_abundance	9	depth_share_alpha1_cap0.05	96	102	92	10	4	0.9019607843137255	0.9583333333333334	0.9292929292929293	31.526930250245105	0.9866666556242835	0	candidate-surface abundance policy; fixed calls	0	0.0
hmp_airskin_gtdb_source_abundance	9	depth_share_alpha2_cap0.001	96	102	92	10	4	0.9019607843137255	0.9583333333333334	0.9292929292929293	31.526930250245105	0.9866666556242835	0	candidate-surface abundance policy; fixed calls	0	0.0
hmp_airskin_gtdb_source_abundance	9	depth_share_alpha2_cap0.003	96	102	92	10	4	0.9019607843137255	0.9583333333333334	0.9292929292929293	31.526930250245105	0.9866666556242835	0	candidate-surface abundance policy; fixed calls	0	0.0
hmp_airskin_gtdb_source_abundance	9	depth_share_alpha2_cap0.005	96	102	92	10	4	0.9019607843137255	0.9583333333333334	0.9292929292929293	31.526930250245105	0.9866666556242835	0	candidate-surface abundance policy; fixed calls	0	0.0
hmp_airskin_gtdb_source_abundance	9	depth_share_alpha2_cap0.01	96	102	92	10	4	0.9019607843137255	0.9583333333333334	0.9292929292929293	31.526930250245105	0.9866666556242835	0	candidate-surface abundance policy; fixed calls	0	0.0
hmp_airskin_gtdb_source_abundance	9	depth_share_alpha2_cap0.02	96	102	92	10	4	0.9019607843137255	0.9583333333333334	0.9292929292929293	31.526930250245105	0.9866666556242835	0	candidate-surface abundance policy; fixed calls	0	0.0
hmp_airskin_gtdb_source_abundance	9	depth_share_alpha2_cap0.05	96	102	92	10	4	0.9019607843137255	0.9583333333333334	0.9292929292929293	31.526930250245105	0.9866666556242835	0	candidate-surface abundance policy; fixed calls	0	0.0
hmp_airskin_gtdb_source_abundance	10	zero_mass	69	69	63	6	6	0.9130434782608695	0.9130434782608695	0.9130434782608695	20.729208359157216	0.9889496865549154	0	candidate-surface abundance policy; fixed calls	0	0.0
hmp_airskin_gtdb_source_abundance	10	normalized_depth_alpha0.05	69	69	63	6	6	0.9130434782608695	0.9130434782608695	0.9130434782608695	20.729208359157216	0.9889496865549154	0	candidate-surface abundance policy; fixed calls	0	0.0
hmp_airskin_gtdb_source_abundance	10	normalized_depth_alpha0.1	69	69	63	6	6	0.9130434782608695	0.9130434782608695	0.9130434782608695	20.729208359157216	0.9889496865549154	0	candidate-surface abundance policy; fixed calls	0	0.0
hmp_airskin_gtdb_source_abundance	10	normalized_depth_alpha0.25	69	69	63	6	6	0.9130434782608695	0.9130434782608695	0.9130434782608695	20.729208359157216	0.9889496865549154	0	candidate-surface abundance policy; fixed calls	0	0.0
hmp_airskin_gtdb_source_abundance	10	normalized_depth_alpha0.5	69	69	63	6	6	0.9130434782608695	0.9130434782608695	0.9130434782608695	20.729208359157216	0.9889496865549154	0	candidate-surface abundance policy; fixed calls	0	0.0
hmp_airskin_gtdb_source_abundance	10	normalized_depth_alpha1	69	69	63	6	6	0.9130434782608695	0.9130434782608695	0.9130434782608695	20.729208359157216	0.9889496865549154	0	candidate-surface abundance policy; fixed calls	0	0.0
hmp_airskin_gtdb_source_abundance	10	normalized_depth_alpha2	69	69	63	6	6	0.9130434782608695	0.9130434782608695	0.9130434782608695	20.729208359157216	0.9889496865549154	0	candidate-surface abundance policy; fixed calls	0	0.0
hmp_airskin_gtdb_source_abundance	10	normalized_depth_alpha5	69	69	63	6	6	0.9130434782608695	0.9130434782608695	0.9130434782608695	20.729208359157216	0.9889496865549154	0	candidate-surface abundance policy; fixed calls	0	0.0
hmp_airskin_gtdb_source_abundance	10	normalized_depth_alpha10	69	69	63	6	6	0.9130434782608695	0.9130434782608695	0.9130434782608695	20.729208359157216	0.9889496865549154	0	candidate-surface abundance policy; fixed calls	0	0.0
hmp_airskin_gtdb_source_abundance	10	normalized_depth_cap0.001	69	69	63	6	6	0.9130434782608695	0.9130434782608695	0.9130434782608695	20.729208359157216	0.9889496865549154	0	candidate-surface abundance policy; fixed calls	0	0.0
hmp_airskin_gtdb_source_abundance	10	normalized_depth_cap0.003	69	69	63	6	6	0.9130434782608695	0.9130434782608695	0.9130434782608695	20.729208359157216	0.9889496865549154	0	candidate-surface abundance policy; fixed calls	0	0.0
hmp_airskin_gtdb_source_abundance	10	normalized_depth_cap0.005	69	69	63	6	6	0.9130434782608695	0.9130434782608695	0.9130434782608695	20.729208359157216	0.9889496865549154	0	candidate-surface abundance policy; fixed calls	0	0.0
hmp_airskin_gtdb_source_abundance	10	normalized_depth_cap0.01	69	69	63	6	6	0.9130434782608695	0.9130434782608695	0.9130434782608695	20.729208359157216	0.9889496865549154	0	candidate-surface abundance policy; fixed calls	0	0.0
hmp_airskin_gtdb_source_abundance	10	normalized_depth_cap0.02	69	69	63	6	6	0.9130434782608695	0.9130434782608695	0.9130434782608695	20.729208359157216	0.9889496865549154	0	candidate-surface abundance policy; fixed calls	0	0.0
hmp_airskin_gtdb_source_abundance	10	normalized_depth_cap0.05	69	69	63	6	6	0.9130434782608695	0.9130434782608695	0.9130434782608695	20.729208359157216	0.9889496865549154	0	candidate-surface abundance policy; fixed calls	0	0.0
hmp_airskin_gtdb_source_abundance	10	normalized_depth_alpha0.25_cap0.001	69	69	63	6	6	0.9130434782608695	0.9130434782608695	0.9130434782608695	20.729208359157216	0.9889496865549154	0	candidate-surface abundance policy; fixed calls	0	0.0
hmp_airskin_gtdb_source_abundance	10	normalized_depth_alpha0.25_cap0.003	69	69	63	6	6	0.9130434782608695	0.9130434782608695	0.9130434782608695	20.729208359157216	0.9889496865549154	0	candidate-surface abundance policy; fixed calls	0	0.0
hmp_airskin_gtdb_source_abundance	10	normalized_depth_alpha0.25_cap0.005	69	69	63	6	6	0.9130434782608695	0.9130434782608695	0.9130434782608695	20.729208359157216	0.9889496865549154	0	candidate-surface abundance policy; fixed calls	0	0.0
hmp_airskin_gtdb_source_abundance	10	normalized_depth_alpha0.25_cap0.01	69	69	63	6	6	0.9130434782608695	0.9130434782608695	0.9130434782608695	20.729208359157216	0.9889496865549154	0	candidate-surface abundance policy; fixed calls	0	0.0
hmp_airskin_gtdb_source_abundance	10	normalized_depth_alpha0.25_cap0.02	69	69	63	6	6	0.9130434782608695	0.9130434782608695	0.9130434782608695	20.729208359157216	0.9889496865549154	0	candidate-surface abundance policy; fixed calls	0	0.0
hmp_airskin_gtdb_source_abundance	10	normalized_depth_alpha0.25_cap0.05	69	69	63	6	6	0.9130434782608695	0.9130434782608695	0.9130434782608695	20.729208359157216	0.9889496865549154	0	candidate-surface abundance policy; fixed calls	0	0.0
hmp_airskin_gtdb_source_abundance	10	normalized_depth_alpha0.5_cap0.001	69	69	63	6	6	0.9130434782608695	0.9130434782608695	0.9130434782608695	20.729208359157216	0.9889496865549154	0	candidate-surface abundance policy; fixed calls	0	0.0
hmp_airskin_gtdb_source_abundance	10	normalized_depth_alpha0.5_cap0.003	69	69	63	6	6	0.9130434782608695	0.9130434782608695	0.9130434782608695	20.729208359157216	0.9889496865549154	0	candidate-surface abundance policy; fixed calls	0	0.0
hmp_airskin_gtdb_source_abundance	10	normalized_depth_alpha0.5_cap0.005	69	69	63	6	6	0.9130434782608695	0.9130434782608695	0.9130434782608695	20.729208359157216	0.9889496865549154	0	candidate-surface abundance policy; fixed calls	0	0.0
hmp_airskin_gtdb_source_abundance	10	normalized_depth_alpha0.5_cap0.01	69	69	63	6	6	0.9130434782608695	0.9130434782608695	0.9130434782608695	20.729208359157216	0.9889496865549154	0	candidate-surface abundance policy; fixed calls	0	0.0
hmp_airskin_gtdb_source_abundance	10	normalized_depth_alpha0.5_cap0.02	69	69	63	6	6	0.9130434782608695	0.9130434782608695	0.9130434782608695	20.729208359157216	0.9889496865549154	0	candidate-surface abundance policy; fixed calls	0	0.0
hmp_airskin_gtdb_source_abundance	10	normalized_depth_alpha0.5_cap0.05	69	69	63	6	6	0.9130434782608695	0.9130434782608695	0.9130434782608695	20.729208359157216	0.9889496865549154	0	candidate-surface abundance policy; fixed calls	0	0.0
hmp_airskin_gtdb_source_abundance	10	normalized_depth_alpha1_cap0.001	69	69	63	6	6	0.9130434782608695	0.9130434782608695	0.9130434782608695	20.729208359157216	0.9889496865549154	0	candidate-surface abundance policy; fixed calls	0	0.0
hmp_airskin_gtdb_source_abundance	10	normalized_depth_alpha1_cap0.003	69	69	63	6	6	0.9130434782608695	0.9130434782608695	0.9130434782608695	20.729208359157216	0.9889496865549154	0	candidate-surface abundance policy; fixed calls	0	0.0
hmp_airskin_gtdb_source_abundance	10	normalized_depth_alpha1_cap0.005	69	69	63	6	6	0.9130434782608695	0.9130434782608695	0.9130434782608695	20.729208359157216	0.9889496865549154	0	candidate-surface abundance policy; fixed calls	0	0.0
hmp_airskin_gtdb_source_abundance	10	normalized_depth_alpha1_cap0.01	69	69	63	6	6	0.9130434782608695	0.9130434782608695	0.9130434782608695	20.729208359157216	0.9889496865549154	0	candidate-surface abundance policy; fixed calls	0	0.0
hmp_airskin_gtdb_source_abundance	10	normalized_depth_alpha1_cap0.02	69	69	63	6	6	0.9130434782608695	0.9130434782608695	0.9130434782608695	20.729208359157216	0.9889496865549154	0	candidate-surface abundance policy; fixed calls	0	0.0
hmp_airskin_gtdb_source_abundance	10	normalized_depth_alpha1_cap0.05	69	69	63	6	6	0.9130434782608695	0.9130434782608695	0.9130434782608695	20.729208359157216	0.9889496865549154	0	candidate-surface abundance policy; fixed calls	0	0.0
hmp_airskin_gtdb_source_abundance	10	normalized_depth_alpha2_cap0.001	69	69	63	6	6	0.9130434782608695	0.9130434782608695	0.9130434782608695	20.729208359157216	0.9889496865549154	0	candidate-surface abundance policy; fixed calls	0	0.0
hmp_airskin_gtdb_source_abundance	10	normalized_depth_alpha2_cap0.003	69	69	63	6	6	0.9130434782608695	0.9130434782608695	0.9130434782608695	20.729208359157216	0.9889496865549154	0	candidate-surface abundance policy; fixed calls	0	0.0
hmp_airskin_gtdb_source_abundance	10	normalized_depth_alpha2_cap0.005	69	69	63	6	6	0.9130434782608695	0.9130434782608695	0.9130434782608695	20.729208359157216	0.9889496865549154	0	candidate-surface abundance policy; fixed calls	0	0.0
hmp_airskin_gtdb_source_abundance	10	normalized_depth_alpha2_cap0.01	69	69	63	6	6	0.9130434782608695	0.9130434782608695	0.9130434782608695	20.729208359157216	0.9889496865549154	0	candidate-surface abundance policy; fixed calls	0	0.0
hmp_airskin_gtdb_source_abundance	10	normalized_depth_alpha2_cap0.02	69	69	63	6	6	0.9130434782608695	0.9130434782608695	0.9130434782608695	20.729208359157216	0.9889496865549154	0	candidate-surface abundance policy; fixed calls	0	0.0
hmp_airskin_gtdb_source_abundance	10	normalized_depth_alpha2_cap0.05	69	69	63	6	6	0.9130434782608695	0.9130434782608695	0.9130434782608695	20.729208359157216	0.9889496865549154	0	candidate-surface abundance policy; fixed calls	0	0.0
hmp_airskin_gtdb_source_abundance	10	xny_share_alpha0.05	69	69	63	6	6	0.9130434782608695	0.9130434782608695	0.9130434782608695	20.729208359157216	0.9889496865549154	0	candidate-surface abundance policy; fixed calls	0	0.0
hmp_airskin_gtdb_source_abundance	10	xny_share_alpha0.1	69	69	63	6	6	0.9130434782608695	0.9130434782608695	0.9130434782608695	20.729208359157216	0.9889496865549154	0	candidate-surface abundance policy; fixed calls	0	0.0
hmp_airskin_gtdb_source_abundance	10	xny_share_alpha0.25	69	69	63	6	6	0.9130434782608695	0.9130434782608695	0.9130434782608695	20.729208359157216	0.9889496865549154	0	candidate-surface abundance policy; fixed calls	0	0.0
hmp_airskin_gtdb_source_abundance	10	xny_share_alpha0.5	69	69	63	6	6	0.9130434782608695	0.9130434782608695	0.9130434782608695	20.729208359157216	0.9889496865549154	0	candidate-surface abundance policy; fixed calls	0	0.0
hmp_airskin_gtdb_source_abundance	10	xny_share_alpha1	69	69	63	6	6	0.9130434782608695	0.9130434782608695	0.9130434782608695	20.729208359157216	0.9889496865549154	0	candidate-surface abundance policy; fixed calls	0	0.0
hmp_airskin_gtdb_source_abundance	10	xny_share_alpha2	69	69	63	6	6	0.9130434782608695	0.9130434782608695	0.9130434782608695	20.729208359157216	0.9889496865549154	0	candidate-surface abundance policy; fixed calls	0	0.0
hmp_airskin_gtdb_source_abundance	10	xny_share_alpha5	69	69	63	6	6	0.9130434782608695	0.9130434782608695	0.9130434782608695	20.729208359157216	0.9889496865549154	0	candidate-surface abundance policy; fixed calls	0	0.0
hmp_airskin_gtdb_source_abundance	10	xny_share_alpha10	69	69	63	6	6	0.9130434782608695	0.9130434782608695	0.9130434782608695	20.729208359157216	0.9889496865549154	0	candidate-surface abundance policy; fixed calls	0	0.0
hmp_airskin_gtdb_source_abundance	10	xny_share_cap0.001	69	69	63	6	6	0.9130434782608695	0.9130434782608695	0.9130434782608695	20.729208359157216	0.9889496865549154	0	candidate-surface abundance policy; fixed calls	0	0.0
hmp_airskin_gtdb_source_abundance	10	xny_share_cap0.003	69	69	63	6	6	0.9130434782608695	0.9130434782608695	0.9130434782608695	20.729208359157216	0.9889496865549154	0	candidate-surface abundance policy; fixed calls	0	0.0
hmp_airskin_gtdb_source_abundance	10	xny_share_cap0.005	69	69	63	6	6	0.9130434782608695	0.9130434782608695	0.9130434782608695	20.729208359157216	0.9889496865549154	0	candidate-surface abundance policy; fixed calls	0	0.0
hmp_airskin_gtdb_source_abundance	10	xny_share_cap0.01	69	69	63	6	6	0.9130434782608695	0.9130434782608695	0.9130434782608695	20.729208359157216	0.9889496865549154	0	candidate-surface abundance policy; fixed calls	0	0.0
hmp_airskin_gtdb_source_abundance	10	xny_share_cap0.02	69	69	63	6	6	0.9130434782608695	0.9130434782608695	0.9130434782608695	20.729208359157216	0.9889496865549154	0	candidate-surface abundance policy; fixed calls	0	0.0
hmp_airskin_gtdb_source_abundance	10	xny_share_cap0.05	69	69	63	6	6	0.9130434782608695	0.9130434782608695	0.9130434782608695	20.729208359157216	0.9889496865549154	0	candidate-surface abundance policy; fixed calls	0	0.0
hmp_airskin_gtdb_source_abundance	10	xny_share_alpha0.25_cap0.001	69	69	63	6	6	0.9130434782608695	0.9130434782608695	0.9130434782608695	20.729208359157216	0.9889496865549154	0	candidate-surface abundance policy; fixed calls	0	0.0
hmp_airskin_gtdb_source_abundance	10	xny_share_alpha0.25_cap0.003	69	69	63	6	6	0.9130434782608695	0.9130434782608695	0.9130434782608695	20.729208359157216	0.9889496865549154	0	candidate-surface abundance policy; fixed calls	0	0.0
hmp_airskin_gtdb_source_abundance	10	xny_share_alpha0.25_cap0.005	69	69	63	6	6	0.9130434782608695	0.9130434782608695	0.9130434782608695	20.729208359157216	0.9889496865549154	0	candidate-surface abundance policy; fixed calls	0	0.0
hmp_airskin_gtdb_source_abundance	10	xny_share_alpha0.25_cap0.01	69	69	63	6	6	0.9130434782608695	0.9130434782608695	0.9130434782608695	20.729208359157216	0.9889496865549154	0	candidate-surface abundance policy; fixed calls	0	0.0
hmp_airskin_gtdb_source_abundance	10	xny_share_alpha0.25_cap0.02	69	69	63	6	6	0.9130434782608695	0.9130434782608695	0.9130434782608695	20.729208359157216	0.9889496865549154	0	candidate-surface abundance policy; fixed calls	0	0.0
hmp_airskin_gtdb_source_abundance	10	xny_share_alpha0.25_cap0.05	69	69	63	6	6	0.9130434782608695	0.9130434782608695	0.9130434782608695	20.729208359157216	0.9889496865549154	0	candidate-surface abundance policy; fixed calls	0	0.0
hmp_airskin_gtdb_source_abundance	10	xny_share_alpha0.5_cap0.001	69	69	63	6	6	0.9130434782608695	0.9130434782608695	0.9130434782608695	20.729208359157216	0.9889496865549154	0	candidate-surface abundance policy; fixed calls	0	0.0
hmp_airskin_gtdb_source_abundance	10	xny_share_alpha0.5_cap0.003	69	69	63	6	6	0.9130434782608695	0.9130434782608695	0.9130434782608695	20.729208359157216	0.9889496865549154	0	candidate-surface abundance policy; fixed calls	0	0.0
hmp_airskin_gtdb_source_abundance	10	xny_share_alpha0.5_cap0.005	69	69	63	6	6	0.9130434782608695	0.9130434782608695	0.9130434782608695	20.729208359157216	0.9889496865549154	0	candidate-surface abundance policy; fixed calls	0	0.0
hmp_airskin_gtdb_source_abundance	10	xny_share_alpha0.5_cap0.01	69	69	63	6	6	0.9130434782608695	0.9130434782608695	0.9130434782608695	20.729208359157216	0.9889496865549154	0	candidate-surface abundance policy; fixed calls	0	0.0
hmp_airskin_gtdb_source_abundance	10	xny_share_alpha0.5_cap0.02	69	69	63	6	6	0.9130434782608695	0.9130434782608695	0.9130434782608695	20.729208359157216	0.9889496865549154	0	candidate-surface abundance policy; fixed calls	0	0.0
hmp_airskin_gtdb_source_abundance	10	xny_share_alpha0.5_cap0.05	69	69	63	6	6	0.9130434782608695	0.9130434782608695	0.9130434782608695	20.729208359157216	0.9889496865549154	0	candidate-surface abundance policy; fixed calls	0	0.0
hmp_airskin_gtdb_source_abundance	10	xny_share_alpha1_cap0.001	69	69	63	6	6	0.9130434782608695	0.9130434782608695	0.9130434782608695	20.729208359157216	0.9889496865549154	0	candidate-surface abundance policy; fixed calls	0	0.0
hmp_airskin_gtdb_source_abundance	10	xny_share_alpha1_cap0.003	69	69	63	6	6	0.9130434782608695	0.9130434782608695	0.9130434782608695	20.729208359157216	0.9889496865549154	0	candidate-surface abundance policy; fixed calls	0	0.0
hmp_airskin_gtdb_source_abundance	10	xny_share_alpha1_cap0.005	69	69	63	6	6	0.9130434782608695	0.9130434782608695	0.9130434782608695	20.729208359157216	0.9889496865549154	0	candidate-surface abundance policy; fixed calls	0	0.0
hmp_airskin_gtdb_source_abundance	10	xny_share_alpha1_cap0.01	69	69	63	6	6	0.9130434782608695	0.9130434782608695	0.9130434782608695	20.729208359157216	0.9889496865549154	0	candidate-surface abundance policy; fixed calls	0	0.0
hmp_airskin_gtdb_source_abundance	10	xny_share_alpha1_cap0.02	69	69	63	6	6	0.9130434782608695	0.9130434782608695	0.9130434782608695	20.729208359157216	0.9889496865549154	0	candidate-surface abundance policy; fixed calls	0	0.0
hmp_airskin_gtdb_source_abundance	10	xny_share_alpha1_cap0.05	69	69	63	6	6	0.9130434782608695	0.9130434782608695	0.9130434782608695	20.729208359157216	0.9889496865549154	0	candidate-surface abundance policy; fixed calls	0	0.0
hmp_airskin_gtdb_source_abundance	10	xny_share_alpha2_cap0.001	69	69	63	6	6	0.9130434782608695	0.9130434782608695	0.9130434782608695	20.729208359157216	0.9889496865549154	0	candidate-surface abundance policy; fixed calls	0	0.0
hmp_airskin_gtdb_source_abundance	10	xny_share_alpha2_cap0.003	69	69	63	6	6	0.9130434782608695	0.9130434782608695	0.9130434782608695	20.729208359157216	0.9889496865549154	0	candidate-surface abundance policy; fixed calls	0	0.0
hmp_airskin_gtdb_source_abundance	10	xny_share_alpha2_cap0.005	69	69	63	6	6	0.9130434782608695	0.9130434782608695	0.9130434782608695	20.729208359157216	0.9889496865549154	0	candidate-surface abundance policy; fixed calls	0	0.0
hmp_airskin_gtdb_source_abundance	10	xny_share_alpha2_cap0.01	69	69	63	6	6	0.9130434782608695	0.9130434782608695	0.9130434782608695	20.729208359157216	0.9889496865549154	0	candidate-surface abundance policy; fixed calls	0	0.0
hmp_airskin_gtdb_source_abundance	10	xny_share_alpha2_cap0.02	69	69	63	6	6	0.9130434782608695	0.9130434782608695	0.9130434782608695	20.729208359157216	0.9889496865549154	0	candidate-surface abundance policy; fixed calls	0	0.0
hmp_airskin_gtdb_source_abundance	10	xny_share_alpha2_cap0.05	69	69	63	6	6	0.9130434782608695	0.9130434782608695	0.9130434782608695	20.729208359157216	0.9889496865549154	0	candidate-surface abundance policy; fixed calls	0	0.0
hmp_airskin_gtdb_source_abundance	10	depth_share_alpha0.05	69	69	63	6	6	0.9130434782608695	0.9130434782608695	0.9130434782608695	20.729208359157216	0.9889496865549154	0	candidate-surface abundance policy; fixed calls	0	0.0
hmp_airskin_gtdb_source_abundance	10	depth_share_alpha0.1	69	69	63	6	6	0.9130434782608695	0.9130434782608695	0.9130434782608695	20.729208359157216	0.9889496865549154	0	candidate-surface abundance policy; fixed calls	0	0.0
hmp_airskin_gtdb_source_abundance	10	depth_share_alpha0.25	69	69	63	6	6	0.9130434782608695	0.9130434782608695	0.9130434782608695	20.729208359157216	0.9889496865549154	0	candidate-surface abundance policy; fixed calls	0	0.0
hmp_airskin_gtdb_source_abundance	10	depth_share_alpha0.5	69	69	63	6	6	0.9130434782608695	0.9130434782608695	0.9130434782608695	20.729208359157216	0.9889496865549154	0	candidate-surface abundance policy; fixed calls	0	0.0
hmp_airskin_gtdb_source_abundance	10	depth_share_alpha1	69	69	63	6	6	0.9130434782608695	0.9130434782608695	0.9130434782608695	20.729208359157216	0.9889496865549154	0	candidate-surface abundance policy; fixed calls	0	0.0
hmp_airskin_gtdb_source_abundance	10	depth_share_alpha2	69	69	63	6	6	0.9130434782608695	0.9130434782608695	0.9130434782608695	20.729208359157216	0.9889496865549154	0	candidate-surface abundance policy; fixed calls	0	0.0
hmp_airskin_gtdb_source_abundance	10	depth_share_alpha5	69	69	63	6	6	0.9130434782608695	0.9130434782608695	0.9130434782608695	20.729208359157216	0.9889496865549154	0	candidate-surface abundance policy; fixed calls	0	0.0
hmp_airskin_gtdb_source_abundance	10	depth_share_alpha10	69	69	63	6	6	0.9130434782608695	0.9130434782608695	0.9130434782608695	20.729208359157216	0.9889496865549154	0	candidate-surface abundance policy; fixed calls	0	0.0
hmp_airskin_gtdb_source_abundance	10	depth_share_cap0.001	69	69	63	6	6	0.9130434782608695	0.9130434782608695	0.9130434782608695	20.729208359157216	0.9889496865549154	0	candidate-surface abundance policy; fixed calls	0	0.0
hmp_airskin_gtdb_source_abundance	10	depth_share_cap0.003	69	69	63	6	6	0.9130434782608695	0.9130434782608695	0.9130434782608695	20.729208359157216	0.9889496865549154	0	candidate-surface abundance policy; fixed calls	0	0.0
hmp_airskin_gtdb_source_abundance	10	depth_share_cap0.005	69	69	63	6	6	0.9130434782608695	0.9130434782608695	0.9130434782608695	20.729208359157216	0.9889496865549154	0	candidate-surface abundance policy; fixed calls	0	0.0
hmp_airskin_gtdb_source_abundance	10	depth_share_cap0.01	69	69	63	6	6	0.9130434782608695	0.9130434782608695	0.9130434782608695	20.729208359157216	0.9889496865549154	0	candidate-surface abundance policy; fixed calls	0	0.0
hmp_airskin_gtdb_source_abundance	10	depth_share_cap0.02	69	69	63	6	6	0.9130434782608695	0.9130434782608695	0.9130434782608695	20.729208359157216	0.9889496865549154	0	candidate-surface abundance policy; fixed calls	0	0.0
hmp_airskin_gtdb_source_abundance	10	depth_share_cap0.05	69	69	63	6	6	0.9130434782608695	0.9130434782608695	0.9130434782608695	20.729208359157216	0.9889496865549154	0	candidate-surface abundance policy; fixed calls	0	0.0
hmp_airskin_gtdb_source_abundance	10	depth_share_alpha0.25_cap0.001	69	69	63	6	6	0.9130434782608695	0.9130434782608695	0.9130434782608695	20.729208359157216	0.9889496865549154	0	candidate-surface abundance policy; fixed calls	0	0.0
hmp_airskin_gtdb_source_abundance	10	depth_share_alpha0.25_cap0.003	69	69	63	6	6	0.9130434782608695	0.9130434782608695	0.9130434782608695	20.729208359157216	0.9889496865549154	0	candidate-surface abundance policy; fixed calls	0	0.0
hmp_airskin_gtdb_source_abundance	10	depth_share_alpha0.25_cap0.005	69	69	63	6	6	0.9130434782608695	0.9130434782608695	0.9130434782608695	20.729208359157216	0.9889496865549154	0	candidate-surface abundance policy; fixed calls	0	0.0
hmp_airskin_gtdb_source_abundance	10	depth_share_alpha0.25_cap0.01	69	69	63	6	6	0.9130434782608695	0.9130434782608695	0.9130434782608695	20.729208359157216	0.9889496865549154	0	candidate-surface abundance policy; fixed calls	0	0.0
hmp_airskin_gtdb_source_abundance	10	depth_share_alpha0.25_cap0.02	69	69	63	6	6	0.9130434782608695	0.9130434782608695	0.9130434782608695	20.729208359157216	0.9889496865549154	0	candidate-surface abundance policy; fixed calls	0	0.0
hmp_airskin_gtdb_source_abundance	10	depth_share_alpha0.25_cap0.05	69	69	63	6	6	0.9130434782608695	0.9130434782608695	0.9130434782608695	20.729208359157216	0.9889496865549154	0	candidate-surface abundance policy; fixed calls	0	0.0
hmp_airskin_gtdb_source_abundance	10	depth_share_alpha0.5_cap0.001	69	69	63	6	6	0.9130434782608695	0.9130434782608695	0.9130434782608695	20.729208359157216	0.9889496865549154	0	candidate-surface abundance policy; fixed calls	0	0.0
hmp_airskin_gtdb_source_abundance	10	depth_share_alpha0.5_cap0.003	69	69	63	6	6	0.9130434782608695	0.9130434782608695	0.9130434782608695	20.729208359157216	0.9889496865549154	0	candidate-surface abundance policy; fixed calls	0	0.0
hmp_airskin_gtdb_source_abundance	10	depth_share_alpha0.5_cap0.005	69	69	63	6	6	0.9130434782608695	0.9130434782608695	0.9130434782608695	20.729208359157216	0.9889496865549154	0	candidate-surface abundance policy; fixed calls	0	0.0
hmp_airskin_gtdb_source_abundance	10	depth_share_alpha0.5_cap0.01	69	69	63	6	6	0.9130434782608695	0.9130434782608695	0.9130434782608695	20.729208359157216	0.9889496865549154	0	candidate-surface abundance policy; fixed calls	0	0.0
hmp_airskin_gtdb_source_abundance	10	depth_share_alpha0.5_cap0.02	69	69	63	6	6	0.9130434782608695	0.9130434782608695	0.9130434782608695	20.729208359157216	0.9889496865549154	0	candidate-surface abundance policy; fixed calls	0	0.0
hmp_airskin_gtdb_source_abundance	10	depth_share_alpha0.5_cap0.05	69	69	63	6	6	0.9130434782608695	0.9130434782608695	0.9130434782608695	20.729208359157216	0.9889496865549154	0	candidate-surface abundance policy; fixed calls	0	0.0
hmp_airskin_gtdb_source_abundance	10	depth_share_alpha1_cap0.001	69	69	63	6	6	0.9130434782608695	0.9130434782608695	0.9130434782608695	20.729208359157216	0.9889496865549154	0	candidate-surface abundance policy; fixed calls	0	0.0
hmp_airskin_gtdb_source_abundance	10	depth_share_alpha1_cap0.003	69	69	63	6	6	0.9130434782608695	0.9130434782608695	0.9130434782608695	20.729208359157216	0.9889496865549154	0	candidate-surface abundance policy; fixed calls	0	0.0
hmp_airskin_gtdb_source_abundance	10	depth_share_alpha1_cap0.005	69	69	63	6	6	0.9130434782608695	0.9130434782608695	0.9130434782608695	20.729208359157216	0.9889496865549154	0	candidate-surface abundance policy; fixed calls	0	0.0
hmp_airskin_gtdb_source_abundance	10	depth_share_alpha1_cap0.01	69	69	63	6	6	0.9130434782608695	0.9130434782608695	0.9130434782608695	20.729208359157216	0.9889496865549154	0	candidate-surface abundance policy; fixed calls	0	0.0
hmp_airskin_gtdb_source_abundance	10	depth_share_alpha1_cap0.02	69	69	63	6	6	0.9130434782608695	0.9130434782608695	0.9130434782608695	20.729208359157216	0.9889496865549154	0	candidate-surface abundance policy; fixed calls	0	0.0
hmp_airskin_gtdb_source_abundance	10	depth_share_alpha1_cap0.05	69	69	63	6	6	0.9130434782608695	0.9130434782608695	0.9130434782608695	20.729208359157216	0.9889496865549154	0	candidate-surface abundance policy; fixed calls	0	0.0
hmp_airskin_gtdb_source_abundance	10	depth_share_alpha2_cap0.001	69	69	63	6	6	0.9130434782608695	0.9130434782608695	0.9130434782608695	20.729208359157216	0.9889496865549154	0	candidate-surface abundance policy; fixed calls	0	0.0
hmp_airskin_gtdb_source_abundance	10	depth_share_alpha2_cap0.003	69	69	63	6	6	0.9130434782608695	0.9130434782608695	0.9130434782608695	20.729208359157216	0.9889496865549154	0	candidate-surface abundance policy; fixed calls	0	0.0
hmp_airskin_gtdb_source_abundance	10	depth_share_alpha2_cap0.005	69	69	63	6	6	0.9130434782608695	0.9130434782608695	0.9130434782608695	20.729208359157216	0.9889496865549154	0	candidate-surface abundance policy; fixed calls	0	0.0
hmp_airskin_gtdb_source_abundance	10	depth_share_alpha2_cap0.01	69	69	63	6	6	0.9130434782608695	0.9130434782608695	0.9130434782608695	20.729208359157216	0.9889496865549154	0	candidate-surface abundance policy; fixed calls	0	0.0
hmp_airskin_gtdb_source_abundance	10	depth_share_alpha2_cap0.02	69	69	63	6	6	0.9130434782608695	0.9130434782608695	0.9130434782608695	20.729208359157216	0.9889496865549154	0	candidate-surface abundance policy; fixed calls	0	0.0
hmp_airskin_gtdb_source_abundance	10	depth_share_alpha2_cap0.05	69	69	63	6	6	0.9130434782608695	0.9130434782608695	0.9130434782608695	20.729208359157216	0.9889496865549154	0	candidate-surface abundance policy; fixed calls	0	0.0
hmp_airskin_gtdb_source_abundance	11	zero_mass	33	32	32	0	1	1.0	0.9696969696969697	0.9846153846153847	22.345748750639075	0.9390039844436855	0	candidate-surface abundance policy; fixed calls	0	0.0
hmp_airskin_gtdb_source_abundance	11	normalized_depth_alpha0.05	33	32	32	0	1	1.0	0.9696969696969697	0.9846153846153847	22.345748750639075	0.9390039844436855	0	candidate-surface abundance policy; fixed calls	0	0.0
hmp_airskin_gtdb_source_abundance	11	normalized_depth_alpha0.1	33	32	32	0	1	1.0	0.9696969696969697	0.9846153846153847	22.345748750639075	0.9390039844436855	0	candidate-surface abundance policy; fixed calls	0	0.0
hmp_airskin_gtdb_source_abundance	11	normalized_depth_alpha0.25	33	32	32	0	1	1.0	0.9696969696969697	0.9846153846153847	22.345748750639075	0.9390039844436855	0	candidate-surface abundance policy; fixed calls	0	0.0
hmp_airskin_gtdb_source_abundance	11	normalized_depth_alpha0.5	33	32	32	0	1	1.0	0.9696969696969697	0.9846153846153847	22.345748750639075	0.9390039844436855	0	candidate-surface abundance policy; fixed calls	0	0.0
hmp_airskin_gtdb_source_abundance	11	normalized_depth_alpha1	33	32	32	0	1	1.0	0.9696969696969697	0.9846153846153847	22.345748750639075	0.9390039844436855	0	candidate-surface abundance policy; fixed calls	0	0.0
hmp_airskin_gtdb_source_abundance	11	normalized_depth_alpha2	33	32	32	0	1	1.0	0.9696969696969697	0.9846153846153847	22.345748750639075	0.9390039844436855	0	candidate-surface abundance policy; fixed calls	0	0.0
hmp_airskin_gtdb_source_abundance	11	normalized_depth_alpha5	33	32	32	0	1	1.0	0.9696969696969697	0.9846153846153847	22.345748750639075	0.9390039844436855	0	candidate-surface abundance policy; fixed calls	0	0.0
hmp_airskin_gtdb_source_abundance	11	normalized_depth_alpha10	33	32	32	0	1	1.0	0.9696969696969697	0.9846153846153847	22.345748750639075	0.9390039844436855	0	candidate-surface abundance policy; fixed calls	0	0.0
hmp_airskin_gtdb_source_abundance	11	normalized_depth_cap0.001	33	32	32	0	1	1.0	0.9696969696969697	0.9846153846153847	22.345748750639075	0.9390039844436855	0	candidate-surface abundance policy; fixed calls	0	0.0
hmp_airskin_gtdb_source_abundance	11	normalized_depth_cap0.003	33	32	32	0	1	1.0	0.9696969696969697	0.9846153846153847	22.345748750639075	0.9390039844436855	0	candidate-surface abundance policy; fixed calls	0	0.0
hmp_airskin_gtdb_source_abundance	11	normalized_depth_cap0.005	33	32	32	0	1	1.0	0.9696969696969697	0.9846153846153847	22.345748750639075	0.9390039844436855	0	candidate-surface abundance policy; fixed calls	0	0.0
hmp_airskin_gtdb_source_abundance	11	normalized_depth_cap0.01	33	32	32	0	1	1.0	0.9696969696969697	0.9846153846153847	22.345748750639075	0.9390039844436855	0	candidate-surface abundance policy; fixed calls	0	0.0
hmp_airskin_gtdb_source_abundance	11	normalized_depth_cap0.02	33	32	32	0	1	1.0	0.9696969696969697	0.9846153846153847	22.345748750639075	0.9390039844436855	0	candidate-surface abundance policy; fixed calls	0	0.0
hmp_airskin_gtdb_source_abundance	11	normalized_depth_cap0.05	33	32	32	0	1	1.0	0.9696969696969697	0.9846153846153847	22.345748750639075	0.9390039844436855	0	candidate-surface abundance policy; fixed calls	0	0.0
hmp_airskin_gtdb_source_abundance	11	normalized_depth_alpha0.25_cap0.001	33	32	32	0	1	1.0	0.9696969696969697	0.9846153846153847	22.345748750639075	0.9390039844436855	0	candidate-surface abundance policy; fixed calls	0	0.0
hmp_airskin_gtdb_source_abundance	11	normalized_depth_alpha0.25_cap0.003	33	32	32	0	1	1.0	0.9696969696969697	0.9846153846153847	22.345748750639075	0.9390039844436855	0	candidate-surface abundance policy; fixed calls	0	0.0
hmp_airskin_gtdb_source_abundance	11	normalized_depth_alpha0.25_cap0.005	33	32	32	0	1	1.0	0.9696969696969697	0.9846153846153847	22.345748750639075	0.9390039844436855	0	candidate-surface abundance policy; fixed calls	0	0.0
hmp_airskin_gtdb_source_abundance	11	normalized_depth_alpha0.25_cap0.01	33	32	32	0	1	1.0	0.9696969696969697	0.9846153846153847	22.345748750639075	0.9390039844436855	0	candidate-surface abundance policy; fixed calls	0	0.0
hmp_airskin_gtdb_source_abundance	11	normalized_depth_alpha0.25_cap0.02	33	32	32	0	1	1.0	0.9696969696969697	0.9846153846153847	22.345748750639075	0.9390039844436855	0	candidate-surface abundance policy; fixed calls	0	0.0
hmp_airskin_gtdb_source_abundance	11	normalized_depth_alpha0.25_cap0.05	33	32	32	0	1	1.0	0.9696969696969697	0.9846153846153847	22.345748750639075	0.9390039844436855	0	candidate-surface abundance policy; fixed calls	0	0.0
hmp_airskin_gtdb_source_abundance	11	normalized_depth_alpha0.5_cap0.001	33	32	32	0	1	1.0	0.9696969696969697	0.9846153846153847	22.345748750639075	0.9390039844436855	0	candidate-surface abundance policy; fixed calls	0	0.0
hmp_airskin_gtdb_source_abundance	11	normalized_depth_alpha0.5_cap0.003	33	32	32	0	1	1.0	0.9696969696969697	0.9846153846153847	22.345748750639075	0.9390039844436855	0	candidate-surface abundance policy; fixed calls	0	0.0
hmp_airskin_gtdb_source_abundance	11	normalized_depth_alpha0.5_cap0.005	33	32	32	0	1	1.0	0.9696969696969697	0.9846153846153847	22.345748750639075	0.9390039844436855	0	candidate-surface abundance policy; fixed calls	0	0.0
hmp_airskin_gtdb_source_abundance	11	normalized_depth_alpha0.5_cap0.01	33	32	32	0	1	1.0	0.9696969696969697	0.9846153846153847	22.345748750639075	0.9390039844436855	0	candidate-surface abundance policy; fixed calls	0	0.0
hmp_airskin_gtdb_source_abundance	11	normalized_depth_alpha0.5_cap0.02	33	32	32	0	1	1.0	0.9696969696969697	0.9846153846153847	22.345748750639075	0.9390039844436855	0	candidate-surface abundance policy; fixed calls	0	0.0
hmp_airskin_gtdb_source_abundance	11	normalized_depth_alpha0.5_cap0.05	33	32	32	0	1	1.0	0.9696969696969697	0.9846153846153847	22.345748750639075	0.9390039844436855	0	candidate-surface abundance policy; fixed calls	0	0.0
hmp_airskin_gtdb_source_abundance	11	normalized_depth_alpha1_cap0.001	33	32	32	0	1	1.0	0.9696969696969697	0.9846153846153847	22.345748750639075	0.9390039844436855	0	candidate-surface abundance policy; fixed calls	0	0.0
hmp_airskin_gtdb_source_abundance	11	normalized_depth_alpha1_cap0.003	33	32	32	0	1	1.0	0.9696969696969697	0.9846153846153847	22.345748750639075	0.9390039844436855	0	candidate-surface abundance policy; fixed calls	0	0.0
hmp_airskin_gtdb_source_abundance	11	normalized_depth_alpha1_cap0.005	33	32	32	0	1	1.0	0.9696969696969697	0.9846153846153847	22.345748750639075	0.9390039844436855	0	candidate-surface abundance policy; fixed calls	0	0.0
hmp_airskin_gtdb_source_abundance	11	normalized_depth_alpha1_cap0.01	33	32	32	0	1	1.0	0.9696969696969697	0.9846153846153847	22.345748750639075	0.9390039844436855	0	candidate-surface abundance policy; fixed calls	0	0.0
hmp_airskin_gtdb_source_abundance	11	normalized_depth_alpha1_cap0.02	33	32	32	0	1	1.0	0.9696969696969697	0.9846153846153847	22.345748750639075	0.9390039844436855	0	candidate-surface abundance policy; fixed calls	0	0.0
hmp_airskin_gtdb_source_abundance	11	normalized_depth_alpha1_cap0.05	33	32	32	0	1	1.0	0.9696969696969697	0.9846153846153847	22.345748750639075	0.9390039844436855	0	candidate-surface abundance policy; fixed calls	0	0.0
hmp_airskin_gtdb_source_abundance	11	normalized_depth_alpha2_cap0.001	33	32	32	0	1	1.0	0.9696969696969697	0.9846153846153847	22.345748750639075	0.9390039844436855	0	candidate-surface abundance policy; fixed calls	0	0.0
hmp_airskin_gtdb_source_abundance	11	normalized_depth_alpha2_cap0.003	33	32	32	0	1	1.0	0.9696969696969697	0.9846153846153847	22.345748750639075	0.9390039844436855	0	candidate-surface abundance policy; fixed calls	0	0.0
hmp_airskin_gtdb_source_abundance	11	normalized_depth_alpha2_cap0.005	33	32	32	0	1	1.0	0.9696969696969697	0.9846153846153847	22.345748750639075	0.9390039844436855	0	candidate-surface abundance policy; fixed calls	0	0.0
hmp_airskin_gtdb_source_abundance	11	normalized_depth_alpha2_cap0.01	33	32	32	0	1	1.0	0.9696969696969697	0.9846153846153847	22.345748750639075	0.9390039844436855	0	candidate-surface abundance policy; fixed calls	0	0.0
hmp_airskin_gtdb_source_abundance	11	normalized_depth_alpha2_cap0.02	33	32	32	0	1	1.0	0.9696969696969697	0.9846153846153847	22.345748750639075	0.9390039844436855	0	candidate-surface abundance policy; fixed calls	0	0.0
hmp_airskin_gtdb_source_abundance	11	normalized_depth_alpha2_cap0.05	33	32	32	0	1	1.0	0.9696969696969697	0.9846153846153847	22.345748750639075	0.9390039844436855	0	candidate-surface abundance policy; fixed calls	0	0.0
hmp_airskin_gtdb_source_abundance	11	xny_share_alpha0.05	33	32	32	0	1	1.0	0.9696969696969697	0.9846153846153847	22.345748750639075	0.9390039844436855	0	candidate-surface abundance policy; fixed calls	0	0.0
hmp_airskin_gtdb_source_abundance	11	xny_share_alpha0.1	33	32	32	0	1	1.0	0.9696969696969697	0.9846153846153847	22.345748750639075	0.9390039844436855	0	candidate-surface abundance policy; fixed calls	0	0.0
hmp_airskin_gtdb_source_abundance	11	xny_share_alpha0.25	33	32	32	0	1	1.0	0.9696969696969697	0.9846153846153847	22.345748750639075	0.9390039844436855	0	candidate-surface abundance policy; fixed calls	0	0.0
hmp_airskin_gtdb_source_abundance	11	xny_share_alpha0.5	33	32	32	0	1	1.0	0.9696969696969697	0.9846153846153847	22.345748750639075	0.9390039844436855	0	candidate-surface abundance policy; fixed calls	0	0.0
hmp_airskin_gtdb_source_abundance	11	xny_share_alpha1	33	32	32	0	1	1.0	0.9696969696969697	0.9846153846153847	22.345748750639075	0.9390039844436855	0	candidate-surface abundance policy; fixed calls	0	0.0
hmp_airskin_gtdb_source_abundance	11	xny_share_alpha2	33	32	32	0	1	1.0	0.9696969696969697	0.9846153846153847	22.345748750639075	0.9390039844436855	0	candidate-surface abundance policy; fixed calls	0	0.0
hmp_airskin_gtdb_source_abundance	11	xny_share_alpha5	33	32	32	0	1	1.0	0.9696969696969697	0.9846153846153847	22.345748750639075	0.9390039844436855	0	candidate-surface abundance policy; fixed calls	0	0.0
hmp_airskin_gtdb_source_abundance	11	xny_share_alpha10	33	32	32	0	1	1.0	0.9696969696969697	0.9846153846153847	22.345748750639075	0.9390039844436855	0	candidate-surface abundance policy; fixed calls	0	0.0
hmp_airskin_gtdb_source_abundance	11	xny_share_cap0.001	33	32	32	0	1	1.0	0.9696969696969697	0.9846153846153847	22.345748750639075	0.9390039844436855	0	candidate-surface abundance policy; fixed calls	0	0.0
hmp_airskin_gtdb_source_abundance	11	xny_share_cap0.003	33	32	32	0	1	1.0	0.9696969696969697	0.9846153846153847	22.345748750639075	0.9390039844436855	0	candidate-surface abundance policy; fixed calls	0	0.0
hmp_airskin_gtdb_source_abundance	11	xny_share_cap0.005	33	32	32	0	1	1.0	0.9696969696969697	0.9846153846153847	22.345748750639075	0.9390039844436855	0	candidate-surface abundance policy; fixed calls	0	0.0
hmp_airskin_gtdb_source_abundance	11	xny_share_cap0.01	33	32	32	0	1	1.0	0.9696969696969697	0.9846153846153847	22.345748750639075	0.9390039844436855	0	candidate-surface abundance policy; fixed calls	0	0.0
hmp_airskin_gtdb_source_abundance	11	xny_share_cap0.02	33	32	32	0	1	1.0	0.9696969696969697	0.9846153846153847	22.345748750639075	0.9390039844436855	0	candidate-surface abundance policy; fixed calls	0	0.0
hmp_airskin_gtdb_source_abundance	11	xny_share_cap0.05	33	32	32	0	1	1.0	0.9696969696969697	0.9846153846153847	22.345748750639075	0.9390039844436855	0	candidate-surface abundance policy; fixed calls	0	0.0
hmp_airskin_gtdb_source_abundance	11	xny_share_alpha0.25_cap0.001	33	32	32	0	1	1.0	0.9696969696969697	0.9846153846153847	22.345748750639075	0.9390039844436855	0	candidate-surface abundance policy; fixed calls	0	0.0
hmp_airskin_gtdb_source_abundance	11	xny_share_alpha0.25_cap0.003	33	32	32	0	1	1.0	0.9696969696969697	0.9846153846153847	22.345748750639075	0.9390039844436855	0	candidate-surface abundance policy; fixed calls	0	0.0
hmp_airskin_gtdb_source_abundance	11	xny_share_alpha0.25_cap0.005	33	32	32	0	1	1.0	0.9696969696969697	0.9846153846153847	22.345748750639075	0.9390039844436855	0	candidate-surface abundance policy; fixed calls	0	0.0
hmp_airskin_gtdb_source_abundance	11	xny_share_alpha0.25_cap0.01	33	32	32	0	1	1.0	0.9696969696969697	0.9846153846153847	22.345748750639075	0.9390039844436855	0	candidate-surface abundance policy; fixed calls	0	0.0
hmp_airskin_gtdb_source_abundance	11	xny_share_alpha0.25_cap0.02	33	32	32	0	1	1.0	0.9696969696969697	0.9846153846153847	22.345748750639075	0.9390039844436855	0	candidate-surface abundance policy; fixed calls	0	0.0
hmp_airskin_gtdb_source_abundance	11	xny_share_alpha0.25_cap0.05	33	32	32	0	1	1.0	0.9696969696969697	0.9846153846153847	22.345748750639075	0.9390039844436855	0	candidate-surface abundance policy; fixed calls	0	0.0
hmp_airskin_gtdb_source_abundance	11	xny_share_alpha0.5_cap0.001	33	32	32	0	1	1.0	0.9696969696969697	0.9846153846153847	22.345748750639075	0.9390039844436855	0	candidate-surface abundance policy; fixed calls	0	0.0
hmp_airskin_gtdb_source_abundance	11	xny_share_alpha0.5_cap0.003	33	32	32	0	1	1.0	0.9696969696969697	0.9846153846153847	22.345748750639075	0.9390039844436855	0	candidate-surface abundance policy; fixed calls	0	0.0
hmp_airskin_gtdb_source_abundance	11	xny_share_alpha0.5_cap0.005	33	32	32	0	1	1.0	0.9696969696969697	0.9846153846153847	22.345748750639075	0.9390039844436855	0	candidate-surface abundance policy; fixed calls	0	0.0
hmp_airskin_gtdb_source_abundance	11	xny_share_alpha0.5_cap0.01	33	32	32	0	1	1.0	0.9696969696969697	0.9846153846153847	22.345748750639075	0.9390039844436855	0	candidate-surface abundance policy; fixed calls	0	0.0
hmp_airskin_gtdb_source_abundance	11	xny_share_alpha0.5_cap0.02	33	32	32	0	1	1.0	0.9696969696969697	0.9846153846153847	22.345748750639075	0.9390039844436855	0	candidate-surface abundance policy; fixed calls	0	0.0
hmp_airskin_gtdb_source_abundance	11	xny_share_alpha0.5_cap0.05	33	32	32	0	1	1.0	0.9696969696969697	0.9846153846153847	22.345748750639075	0.9390039844436855	0	candidate-surface abundance policy; fixed calls	0	0.0
hmp_airskin_gtdb_source_abundance	11	xny_share_alpha1_cap0.001	33	32	32	0	1	1.0	0.9696969696969697	0.9846153846153847	22.345748750639075	0.9390039844436855	0	candidate-surface abundance policy; fixed calls	0	0.0
hmp_airskin_gtdb_source_abundance	11	xny_share_alpha1_cap0.003	33	32	32	0	1	1.0	0.9696969696969697	0.9846153846153847	22.345748750639075	0.9390039844436855	0	candidate-surface abundance policy; fixed calls	0	0.0
hmp_airskin_gtdb_source_abundance	11	xny_share_alpha1_cap0.005	33	32	32	0	1	1.0	0.9696969696969697	0.9846153846153847	22.345748750639075	0.9390039844436855	0	candidate-surface abundance policy; fixed calls	0	0.0
hmp_airskin_gtdb_source_abundance	11	xny_share_alpha1_cap0.01	33	32	32	0	1	1.0	0.9696969696969697	0.9846153846153847	22.345748750639075	0.9390039844436855	0	candidate-surface abundance policy; fixed calls	0	0.0
hmp_airskin_gtdb_source_abundance	11	xny_share_alpha1_cap0.02	33	32	32	0	1	1.0	0.9696969696969697	0.9846153846153847	22.345748750639075	0.9390039844436855	0	candidate-surface abundance policy; fixed calls	0	0.0
hmp_airskin_gtdb_source_abundance	11	xny_share_alpha1_cap0.05	33	32	32	0	1	1.0	0.9696969696969697	0.9846153846153847	22.345748750639075	0.9390039844436855	0	candidate-surface abundance policy; fixed calls	0	0.0
hmp_airskin_gtdb_source_abundance	11	xny_share_alpha2_cap0.001	33	32	32	0	1	1.0	0.9696969696969697	0.9846153846153847	22.345748750639075	0.9390039844436855	0	candidate-surface abundance policy; fixed calls	0	0.0
hmp_airskin_gtdb_source_abundance	11	xny_share_alpha2_cap0.003	33	32	32	0	1	1.0	0.9696969696969697	0.9846153846153847	22.345748750639075	0.9390039844436855	0	candidate-surface abundance policy; fixed calls	0	0.0
hmp_airskin_gtdb_source_abundance	11	xny_share_alpha2_cap0.005	33	32	32	0	1	1.0	0.9696969696969697	0.9846153846153847	22.345748750639075	0.9390039844436855	0	candidate-surface abundance policy; fixed calls	0	0.0
hmp_airskin_gtdb_source_abundance	11	xny_share_alpha2_cap0.01	33	32	32	0	1	1.0	0.9696969696969697	0.9846153846153847	22.345748750639075	0.9390039844436855	0	candidate-surface abundance policy; fixed calls	0	0.0
hmp_airskin_gtdb_source_abundance	11	xny_share_alpha2_cap0.02	33	32	32	0	1	1.0	0.9696969696969697	0.9846153846153847	22.345748750639075	0.9390039844436855	0	candidate-surface abundance policy; fixed calls	0	0.0
hmp_airskin_gtdb_source_abundance	11	xny_share_alpha2_cap0.05	33	32	32	0	1	1.0	0.9696969696969697	0.9846153846153847	22.345748750639075	0.9390039844436855	0	candidate-surface abundance policy; fixed calls	0	0.0
hmp_airskin_gtdb_source_abundance	11	depth_share_alpha0.05	33	32	32	0	1	1.0	0.9696969696969697	0.9846153846153847	22.345748750639075	0.9390039844436855	0	candidate-surface abundance policy; fixed calls	0	0.0
hmp_airskin_gtdb_source_abundance	11	depth_share_alpha0.1	33	32	32	0	1	1.0	0.9696969696969697	0.9846153846153847	22.345748750639075	0.9390039844436855	0	candidate-surface abundance policy; fixed calls	0	0.0
hmp_airskin_gtdb_source_abundance	11	depth_share_alpha0.25	33	32	32	0	1	1.0	0.9696969696969697	0.9846153846153847	22.345748750639075	0.9390039844436855	0	candidate-surface abundance policy; fixed calls	0	0.0
hmp_airskin_gtdb_source_abundance	11	depth_share_alpha0.5	33	32	32	0	1	1.0	0.9696969696969697	0.9846153846153847	22.345748750639075	0.9390039844436855	0	candidate-surface abundance policy; fixed calls	0	0.0
hmp_airskin_gtdb_source_abundance	11	depth_share_alpha1	33	32	32	0	1	1.0	0.9696969696969697	0.9846153846153847	22.345748750639075	0.9390039844436855	0	candidate-surface abundance policy; fixed calls	0	0.0
hmp_airskin_gtdb_source_abundance	11	depth_share_alpha2	33	32	32	0	1	1.0	0.9696969696969697	0.9846153846153847	22.345748750639075	0.9390039844436855	0	candidate-surface abundance policy; fixed calls	0	0.0
hmp_airskin_gtdb_source_abundance	11	depth_share_alpha5	33	32	32	0	1	1.0	0.9696969696969697	0.9846153846153847	22.345748750639075	0.9390039844436855	0	candidate-surface abundance policy; fixed calls	0	0.0
hmp_airskin_gtdb_source_abundance	11	depth_share_alpha10	33	32	32	0	1	1.0	0.9696969696969697	0.9846153846153847	22.345748750639075	0.9390039844436855	0	candidate-surface abundance policy; fixed calls	0	0.0
hmp_airskin_gtdb_source_abundance	11	depth_share_cap0.001	33	32	32	0	1	1.0	0.9696969696969697	0.9846153846153847	22.345748750639075	0.9390039844436855	0	candidate-surface abundance policy; fixed calls	0	0.0
hmp_airskin_gtdb_source_abundance	11	depth_share_cap0.003	33	32	32	0	1	1.0	0.9696969696969697	0.9846153846153847	22.345748750639075	0.9390039844436855	0	candidate-surface abundance policy; fixed calls	0	0.0
hmp_airskin_gtdb_source_abundance	11	depth_share_cap0.005	33	32	32	0	1	1.0	0.9696969696969697	0.9846153846153847	22.345748750639075	0.9390039844436855	0	candidate-surface abundance policy; fixed calls	0	0.0
hmp_airskin_gtdb_source_abundance	11	depth_share_cap0.01	33	32	32	0	1	1.0	0.9696969696969697	0.9846153846153847	22.345748750639075	0.9390039844436855	0	candidate-surface abundance policy; fixed calls	0	0.0
hmp_airskin_gtdb_source_abundance	11	depth_share_cap0.02	33	32	32	0	1	1.0	0.9696969696969697	0.9846153846153847	22.345748750639075	0.9390039844436855	0	candidate-surface abundance policy; fixed calls	0	0.0
hmp_airskin_gtdb_source_abundance	11	depth_share_cap0.05	33	32	32	0	1	1.0	0.9696969696969697	0.9846153846153847	22.345748750639075	0.9390039844436855	0	candidate-surface abundance policy; fixed calls	0	0.0
hmp_airskin_gtdb_source_abundance	11	depth_share_alpha0.25_cap0.001	33	32	32	0	1	1.0	0.9696969696969697	0.9846153846153847	22.345748750639075	0.9390039844436855	0	candidate-surface abundance policy; fixed calls	0	0.0
hmp_airskin_gtdb_source_abundance	11	depth_share_alpha0.25_cap0.003	33	32	32	0	1	1.0	0.9696969696969697	0.9846153846153847	22.345748750639075	0.9390039844436855	0	candidate-surface abundance policy; fixed calls	0	0.0
hmp_airskin_gtdb_source_abundance	11	depth_share_alpha0.25_cap0.005	33	32	32	0	1	1.0	0.9696969696969697	0.9846153846153847	22.345748750639075	0.9390039844436855	0	candidate-surface abundance policy; fixed calls	0	0.0
hmp_airskin_gtdb_source_abundance	11	depth_share_alpha0.25_cap0.01	33	32	32	0	1	1.0	0.9696969696969697	0.9846153846153847	22.345748750639075	0.9390039844436855	0	candidate-surface abundance policy; fixed calls	0	0.0
hmp_airskin_gtdb_source_abundance	11	depth_share_alpha0.25_cap0.02	33	32	32	0	1	1.0	0.9696969696969697	0.9846153846153847	22.345748750639075	0.9390039844436855	0	candidate-surface abundance policy; fixed calls	0	0.0
hmp_airskin_gtdb_source_abundance	11	depth_share_alpha0.25_cap0.05	33	32	32	0	1	1.0	0.9696969696969697	0.9846153846153847	22.345748750639075	0.9390039844436855	0	candidate-surface abundance policy; fixed calls	0	0.0
hmp_airskin_gtdb_source_abundance	11	depth_share_alpha0.5_cap0.001	33	32	32	0	1	1.0	0.9696969696969697	0.9846153846153847	22.345748750639075	0.9390039844436855	0	candidate-surface abundance policy; fixed calls	0	0.0
hmp_airskin_gtdb_source_abundance	11	depth_share_alpha0.5_cap0.003	33	32	32	0	1	1.0	0.9696969696969697	0.9846153846153847	22.345748750639075	0.9390039844436855	0	candidate-surface abundance policy; fixed calls	0	0.0
hmp_airskin_gtdb_source_abundance	11	depth_share_alpha0.5_cap0.005	33	32	32	0	1	1.0	0.9696969696969697	0.9846153846153847	22.345748750639075	0.9390039844436855	0	candidate-surface abundance policy; fixed calls	0	0.0
hmp_airskin_gtdb_source_abundance	11	depth_share_alpha0.5_cap0.01	33	32	32	0	1	1.0	0.9696969696969697	0.9846153846153847	22.345748750639075	0.9390039844436855	0	candidate-surface abundance policy; fixed calls	0	0.0
hmp_airskin_gtdb_source_abundance	11	depth_share_alpha0.5_cap0.02	33	32	32	0	1	1.0	0.9696969696969697	0.9846153846153847	22.345748750639075	0.9390039844436855	0	candidate-surface abundance policy; fixed calls	0	0.0
hmp_airskin_gtdb_source_abundance	11	depth_share_alpha0.5_cap0.05	33	32	32	0	1	1.0	0.9696969696969697	0.9846153846153847	22.345748750639075	0.9390039844436855	0	candidate-surface abundance policy; fixed calls	0	0.0
hmp_airskin_gtdb_source_abundance	11	depth_share_alpha1_cap0.001	33	32	32	0	1	1.0	0.9696969696969697	0.9846153846153847	22.345748750639075	0.9390039844436855	0	candidate-surface abundance policy; fixed calls	0	0.0
hmp_airskin_gtdb_source_abundance	11	depth_share_alpha1_cap0.003	33	32	32	0	1	1.0	0.9696969696969697	0.9846153846153847	22.345748750639075	0.9390039844436855	0	candidate-surface abundance policy; fixed calls	0	0.0
hmp_airskin_gtdb_source_abundance	11	depth_share_alpha1_cap0.005	33	32	32	0	1	1.0	0.9696969696969697	0.9846153846153847	22.345748750639075	0.9390039844436855	0	candidate-surface abundance policy; fixed calls	0	0.0
hmp_airskin_gtdb_source_abundance	11	depth_share_alpha1_cap0.01	33	32	32	0	1	1.0	0.9696969696969697	0.9846153846153847	22.345748750639075	0.9390039844436855	0	candidate-surface abundance policy; fixed calls	0	0.0
hmp_airskin_gtdb_source_abundance	11	depth_share_alpha1_cap0.02	33	32	32	0	1	1.0	0.9696969696969697	0.9846153846153847	22.345748750639075	0.9390039844436855	0	candidate-surface abundance policy; fixed calls	0	0.0
hmp_airskin_gtdb_source_abundance	11	depth_share_alpha1_cap0.05	33	32	32	0	1	1.0	0.9696969696969697	0.9846153846153847	22.345748750639075	0.9390039844436855	0	candidate-surface abundance policy; fixed calls	0	0.0
hmp_airskin_gtdb_source_abundance	11	depth_share_alpha2_cap0.001	33	32	32	0	1	1.0	0.9696969696969697	0.9846153846153847	22.345748750639075	0.9390039844436855	0	candidate-surface abundance policy; fixed calls	0	0.0
hmp_airskin_gtdb_source_abundance	11	depth_share_alpha2_cap0.003	33	32	32	0	1	1.0	0.9696969696969697	0.9846153846153847	22.345748750639075	0.9390039844436855	0	candidate-surface abundance policy; fixed calls	0	0.0
hmp_airskin_gtdb_source_abundance	11	depth_share_alpha2_cap0.005	33	32	32	0	1	1.0	0.9696969696969697	0.9846153846153847	22.345748750639075	0.9390039844436855	0	candidate-surface abundance policy; fixed calls	0	0.0
hmp_airskin_gtdb_source_abundance	11	depth_share_alpha2_cap0.01	33	32	32	0	1	1.0	0.9696969696969697	0.9846153846153847	22.345748750639075	0.9390039844436855	0	candidate-surface abundance policy; fixed calls	0	0.0
hmp_airskin_gtdb_source_abundance	11	depth_share_alpha2_cap0.02	33	32	32	0	1	1.0	0.9696969696969697	0.9846153846153847	22.345748750639075	0.9390039844436855	0	candidate-surface abundance policy; fixed calls	0	0.0
hmp_airskin_gtdb_source_abundance	11	depth_share_alpha2_cap0.05	33	32	32	0	1	1.0	0.9696969696969697	0.9846153846153847	22.345748750639075	0.9390039844436855	0	candidate-surface abundance policy; fixed calls	0	0.0
hmp_airskin_gtdb_source_abundance	13	zero_mass	40	40	37	3	3	0.925	0.925	0.925	54.74798404447642	0.9105244185423927	0	candidate-surface abundance policy; fixed calls	0	0.0
hmp_airskin_gtdb_source_abundance	13	normalized_depth_alpha0.05	40	40	37	3	3	0.925	0.925	0.925	54.74798404447642	0.9105244185423927	0	candidate-surface abundance policy; fixed calls	0	0.0
hmp_airskin_gtdb_source_abundance	13	normalized_depth_alpha0.1	40	40	37	3	3	0.925	0.925	0.925	54.74798404447642	0.9105244185423927	0	candidate-surface abundance policy; fixed calls	0	0.0
hmp_airskin_gtdb_source_abundance	13	normalized_depth_alpha0.25	40	40	37	3	3	0.925	0.925	0.925	54.74798404447642	0.9105244185423927	0	candidate-surface abundance policy; fixed calls	0	0.0
hmp_airskin_gtdb_source_abundance	13	normalized_depth_alpha0.5	40	40	37	3	3	0.925	0.925	0.925	54.74798404447642	0.9105244185423927	0	candidate-surface abundance policy; fixed calls	0	0.0
hmp_airskin_gtdb_source_abundance	13	normalized_depth_alpha1	40	40	37	3	3	0.925	0.925	0.925	54.74798404447642	0.9105244185423927	0	candidate-surface abundance policy; fixed calls	0	0.0
hmp_airskin_gtdb_source_abundance	13	normalized_depth_alpha2	40	40	37	3	3	0.925	0.925	0.925	54.74798404447642	0.9105244185423927	0	candidate-surface abundance policy; fixed calls	0	0.0
hmp_airskin_gtdb_source_abundance	13	normalized_depth_alpha5	40	40	37	3	3	0.925	0.925	0.925	54.74798404447642	0.9105244185423927	0	candidate-surface abundance policy; fixed calls	0	0.0
hmp_airskin_gtdb_source_abundance	13	normalized_depth_alpha10	40	40	37	3	3	0.925	0.925	0.925	54.74798404447642	0.9105244185423927	0	candidate-surface abundance policy; fixed calls	0	0.0
hmp_airskin_gtdb_source_abundance	13	normalized_depth_cap0.001	40	40	37	3	3	0.925	0.925	0.925	54.74798404447642	0.9105244185423927	0	candidate-surface abundance policy; fixed calls	0	0.0
hmp_airskin_gtdb_source_abundance	13	normalized_depth_cap0.003	40	40	37	3	3	0.925	0.925	0.925	54.74798404447642	0.9105244185423927	0	candidate-surface abundance policy; fixed calls	0	0.0
hmp_airskin_gtdb_source_abundance	13	normalized_depth_cap0.005	40	40	37	3	3	0.925	0.925	0.925	54.74798404447642	0.9105244185423927	0	candidate-surface abundance policy; fixed calls	0	0.0
hmp_airskin_gtdb_source_abundance	13	normalized_depth_cap0.01	40	40	37	3	3	0.925	0.925	0.925	54.74798404447642	0.9105244185423927	0	candidate-surface abundance policy; fixed calls	0	0.0
hmp_airskin_gtdb_source_abundance	13	normalized_depth_cap0.02	40	40	37	3	3	0.925	0.925	0.925	54.74798404447642	0.9105244185423927	0	candidate-surface abundance policy; fixed calls	0	0.0
hmp_airskin_gtdb_source_abundance	13	normalized_depth_cap0.05	40	40	37	3	3	0.925	0.925	0.925	54.74798404447642	0.9105244185423927	0	candidate-surface abundance policy; fixed calls	0	0.0
hmp_airskin_gtdb_source_abundance	13	normalized_depth_alpha0.25_cap0.001	40	40	37	3	3	0.925	0.925	0.925	54.74798404447642	0.9105244185423927	0	candidate-surface abundance policy; fixed calls	0	0.0
hmp_airskin_gtdb_source_abundance	13	normalized_depth_alpha0.25_cap0.003	40	40	37	3	3	0.925	0.925	0.925	54.74798404447642	0.9105244185423927	0	candidate-surface abundance policy; fixed calls	0	0.0
hmp_airskin_gtdb_source_abundance	13	normalized_depth_alpha0.25_cap0.005	40	40	37	3	3	0.925	0.925	0.925	54.74798404447642	0.9105244185423927	0	candidate-surface abundance policy; fixed calls	0	0.0
hmp_airskin_gtdb_source_abundance	13	normalized_depth_alpha0.25_cap0.01	40	40	37	3	3	0.925	0.925	0.925	54.74798404447642	0.9105244185423927	0	candidate-surface abundance policy; fixed calls	0	0.0
hmp_airskin_gtdb_source_abundance	13	normalized_depth_alpha0.25_cap0.02	40	40	37	3	3	0.925	0.925	0.925	54.74798404447642	0.9105244185423927	0	candidate-surface abundance policy; fixed calls	0	0.0
hmp_airskin_gtdb_source_abundance	13	normalized_depth_alpha0.25_cap0.05	40	40	37	3	3	0.925	0.925	0.925	54.74798404447642	0.9105244185423927	0	candidate-surface abundance policy; fixed calls	0	0.0
hmp_airskin_gtdb_source_abundance	13	normalized_depth_alpha0.5_cap0.001	40	40	37	3	3	0.925	0.925	0.925	54.74798404447642	0.9105244185423927	0	candidate-surface abundance policy; fixed calls	0	0.0
hmp_airskin_gtdb_source_abundance	13	normalized_depth_alpha0.5_cap0.003	40	40	37	3	3	0.925	0.925	0.925	54.74798404447642	0.9105244185423927	0	candidate-surface abundance policy; fixed calls	0	0.0
hmp_airskin_gtdb_source_abundance	13	normalized_depth_alpha0.5_cap0.005	40	40	37	3	3	0.925	0.925	0.925	54.74798404447642	0.9105244185423927	0	candidate-surface abundance policy; fixed calls	0	0.0
hmp_airskin_gtdb_source_abundance	13	normalized_depth_alpha0.5_cap0.01	40	40	37	3	3	0.925	0.925	0.925	54.74798404447642	0.9105244185423927	0	candidate-surface abundance policy; fixed calls	0	0.0
hmp_airskin_gtdb_source_abundance	13	normalized_depth_alpha0.5_cap0.02	40	40	37	3	3	0.925	0.925	0.925	54.74798404447642	0.9105244185423927	0	candidate-surface abundance policy; fixed calls	0	0.0
hmp_airskin_gtdb_source_abundance	13	normalized_depth_alpha0.5_cap0.05	40	40	37	3	3	0.925	0.925	0.925	54.74798404447642	0.9105244185423927	0	candidate-surface abundance policy; fixed calls	0	0.0
hmp_airskin_gtdb_source_abundance	13	normalized_depth_alpha1_cap0.001	40	40	37	3	3	0.925	0.925	0.925	54.74798404447642	0.9105244185423927	0	candidate-surface abundance policy; fixed calls	0	0.0
hmp_airskin_gtdb_source_abundance	13	normalized_depth_alpha1_cap0.003	40	40	37	3	3	0.925	0.925	0.925	54.74798404447642	0.9105244185423927	0	candidate-surface abundance policy; fixed calls	0	0.0
hmp_airskin_gtdb_source_abundance	13	normalized_depth_alpha1_cap0.005	40	40	37	3	3	0.925	0.925	0.925	54.74798404447642	0.9105244185423927	0	candidate-surface abundance policy; fixed calls	0	0.0
hmp_airskin_gtdb_source_abundance	13	normalized_depth_alpha1_cap0.01	40	40	37	3	3	0.925	0.925	0.925	54.74798404447642	0.9105244185423927	0	candidate-surface abundance policy; fixed calls	0	0.0
hmp_airskin_gtdb_source_abundance	13	normalized_depth_alpha1_cap0.02	40	40	37	3	3	0.925	0.925	0.925	54.74798404447642	0.9105244185423927	0	candidate-surface abundance policy; fixed calls	0	0.0
hmp_airskin_gtdb_source_abundance	13	normalized_depth_alpha1_cap0.05	40	40	37	3	3	0.925	0.925	0.925	54.74798404447642	0.9105244185423927	0	candidate-surface abundance policy; fixed calls	0	0.0
hmp_airskin_gtdb_source_abundance	13	normalized_depth_alpha2_cap0.001	40	40	37	3	3	0.925	0.925	0.925	54.74798404447642	0.9105244185423927	0	candidate-surface abundance policy; fixed calls	0	0.0
hmp_airskin_gtdb_source_abundance	13	normalized_depth_alpha2_cap0.003	40	40	37	3	3	0.925	0.925	0.925	54.74798404447642	0.9105244185423927	0	candidate-surface abundance policy; fixed calls	0	0.0
hmp_airskin_gtdb_source_abundance	13	normalized_depth_alpha2_cap0.005	40	40	37	3	3	0.925	0.925	0.925	54.74798404447642	0.9105244185423927	0	candidate-surface abundance policy; fixed calls	0	0.0
hmp_airskin_gtdb_source_abundance	13	normalized_depth_alpha2_cap0.01	40	40	37	3	3	0.925	0.925	0.925	54.74798404447642	0.9105244185423927	0	candidate-surface abundance policy; fixed calls	0	0.0
hmp_airskin_gtdb_source_abundance	13	normalized_depth_alpha2_cap0.02	40	40	37	3	3	0.925	0.925	0.925	54.74798404447642	0.9105244185423927	0	candidate-surface abundance policy; fixed calls	0	0.0
hmp_airskin_gtdb_source_abundance	13	normalized_depth_alpha2_cap0.05	40	40	37	3	3	0.925	0.925	0.925	54.74798404447642	0.9105244185423927	0	candidate-surface abundance policy; fixed calls	0	0.0
hmp_airskin_gtdb_source_abundance	13	xny_share_alpha0.05	40	40	37	3	3	0.925	0.925	0.925	54.74798404447642	0.9105244185423927	0	candidate-surface abundance policy; fixed calls	0	0.0
hmp_airskin_gtdb_source_abundance	13	xny_share_alpha0.1	40	40	37	3	3	0.925	0.925	0.925	54.74798404447642	0.9105244185423927	0	candidate-surface abundance policy; fixed calls	0	0.0
hmp_airskin_gtdb_source_abundance	13	xny_share_alpha0.25	40	40	37	3	3	0.925	0.925	0.925	54.74798404447642	0.9105244185423927	0	candidate-surface abundance policy; fixed calls	0	0.0
hmp_airskin_gtdb_source_abundance	13	xny_share_alpha0.5	40	40	37	3	3	0.925	0.925	0.925	54.74798404447642	0.9105244185423927	0	candidate-surface abundance policy; fixed calls	0	0.0
hmp_airskin_gtdb_source_abundance	13	xny_share_alpha1	40	40	37	3	3	0.925	0.925	0.925	54.74798404447642	0.9105244185423927	0	candidate-surface abundance policy; fixed calls	0	0.0
hmp_airskin_gtdb_source_abundance	13	xny_share_alpha2	40	40	37	3	3	0.925	0.925	0.925	54.74798404447642	0.9105244185423927	0	candidate-surface abundance policy; fixed calls	0	0.0
hmp_airskin_gtdb_source_abundance	13	xny_share_alpha5	40	40	37	3	3	0.925	0.925	0.925	54.74798404447642	0.9105244185423927	0	candidate-surface abundance policy; fixed calls	0	0.0
hmp_airskin_gtdb_source_abundance	13	xny_share_alpha10	40	40	37	3	3	0.925	0.925	0.925	54.74798404447642	0.9105244185423927	0	candidate-surface abundance policy; fixed calls	0	0.0
hmp_airskin_gtdb_source_abundance	13	xny_share_cap0.001	40	40	37	3	3	0.925	0.925	0.925	54.74798404447642	0.9105244185423927	0	candidate-surface abundance policy; fixed calls	0	0.0
hmp_airskin_gtdb_source_abundance	13	xny_share_cap0.003	40	40	37	3	3	0.925	0.925	0.925	54.74798404447642	0.9105244185423927	0	candidate-surface abundance policy; fixed calls	0	0.0
hmp_airskin_gtdb_source_abundance	13	xny_share_cap0.005	40	40	37	3	3	0.925	0.925	0.925	54.74798404447642	0.9105244185423927	0	candidate-surface abundance policy; fixed calls	0	0.0
hmp_airskin_gtdb_source_abundance	13	xny_share_cap0.01	40	40	37	3	3	0.925	0.925	0.925	54.74798404447642	0.9105244185423927	0	candidate-surface abundance policy; fixed calls	0	0.0
hmp_airskin_gtdb_source_abundance	13	xny_share_cap0.02	40	40	37	3	3	0.925	0.925	0.925	54.74798404447642	0.9105244185423927	0	candidate-surface abundance policy; fixed calls	0	0.0
hmp_airskin_gtdb_source_abundance	13	xny_share_cap0.05	40	40	37	3	3	0.925	0.925	0.925	54.74798404447642	0.9105244185423927	0	candidate-surface abundance policy; fixed calls	0	0.0
hmp_airskin_gtdb_source_abundance	13	xny_share_alpha0.25_cap0.001	40	40	37	3	3	0.925	0.925	0.925	54.74798404447642	0.9105244185423927	0	candidate-surface abundance policy; fixed calls	0	0.0
hmp_airskin_gtdb_source_abundance	13	xny_share_alpha0.25_cap0.003	40	40	37	3	3	0.925	0.925	0.925	54.74798404447642	0.9105244185423927	0	candidate-surface abundance policy; fixed calls	0	0.0
hmp_airskin_gtdb_source_abundance	13	xny_share_alpha0.25_cap0.005	40	40	37	3	3	0.925	0.925	0.925	54.74798404447642	0.9105244185423927	0	candidate-surface abundance policy; fixed calls	0	0.0
hmp_airskin_gtdb_source_abundance	13	xny_share_alpha0.25_cap0.01	40	40	37	3	3	0.925	0.925	0.925	54.74798404447642	0.9105244185423927	0	candidate-surface abundance policy; fixed calls	0	0.0
hmp_airskin_gtdb_source_abundance	13	xny_share_alpha0.25_cap0.02	40	40	37	3	3	0.925	0.925	0.925	54.74798404447642	0.9105244185423927	0	candidate-surface abundance policy; fixed calls	0	0.0
hmp_airskin_gtdb_source_abundance	13	xny_share_alpha0.25_cap0.05	40	40	37	3	3	0.925	0.925	0.925	54.74798404447642	0.9105244185423927	0	candidate-surface abundance policy; fixed calls	0	0.0
hmp_airskin_gtdb_source_abundance	13	xny_share_alpha0.5_cap0.001	40	40	37	3	3	0.925	0.925	0.925	54.74798404447642	0.9105244185423927	0	candidate-surface abundance policy; fixed calls	0	0.0
hmp_airskin_gtdb_source_abundance	13	xny_share_alpha0.5_cap0.003	40	40	37	3	3	0.925	0.925	0.925	54.74798404447642	0.9105244185423927	0	candidate-surface abundance policy; fixed calls	0	0.0
hmp_airskin_gtdb_source_abundance	13	xny_share_alpha0.5_cap0.005	40	40	37	3	3	0.925	0.925	0.925	54.74798404447642	0.9105244185423927	0	candidate-surface abundance policy; fixed calls	0	0.0
hmp_airskin_gtdb_source_abundance	13	xny_share_alpha0.5_cap0.01	40	40	37	3	3	0.925	0.925	0.925	54.74798404447642	0.9105244185423927	0	candidate-surface abundance policy; fixed calls	0	0.0
hmp_airskin_gtdb_source_abundance	13	xny_share_alpha0.5_cap0.02	40	40	37	3	3	0.925	0.925	0.925	54.74798404447642	0.9105244185423927	0	candidate-surface abundance policy; fixed calls	0	0.0
hmp_airskin_gtdb_source_abundance	13	xny_share_alpha0.5_cap0.05	40	40	37	3	3	0.925	0.925	0.925	54.74798404447642	0.9105244185423927	0	candidate-surface abundance policy; fixed calls	0	0.0
hmp_airskin_gtdb_source_abundance	13	xny_share_alpha1_cap0.001	40	40	37	3	3	0.925	0.925	0.925	54.74798404447642	0.9105244185423927	0	candidate-surface abundance policy; fixed calls	0	0.0
hmp_airskin_gtdb_source_abundance	13	xny_share_alpha1_cap0.003	40	40	37	3	3	0.925	0.925	0.925	54.74798404447642	0.9105244185423927	0	candidate-surface abundance policy; fixed calls	0	0.0
hmp_airskin_gtdb_source_abundance	13	xny_share_alpha1_cap0.005	40	40	37	3	3	0.925	0.925	0.925	54.74798404447642	0.9105244185423927	0	candidate-surface abundance policy; fixed calls	0	0.0
hmp_airskin_gtdb_source_abundance	13	xny_share_alpha1_cap0.01	40	40	37	3	3	0.925	0.925	0.925	54.74798404447642	0.9105244185423927	0	candidate-surface abundance policy; fixed calls	0	0.0
hmp_airskin_gtdb_source_abundance	13	xny_share_alpha1_cap0.02	40	40	37	3	3	0.925	0.925	0.925	54.74798404447642	0.9105244185423927	0	candidate-surface abundance policy; fixed calls	0	0.0
hmp_airskin_gtdb_source_abundance	13	xny_share_alpha1_cap0.05	40	40	37	3	3	0.925	0.925	0.925	54.74798404447642	0.9105244185423927	0	candidate-surface abundance policy; fixed calls	0	0.0
hmp_airskin_gtdb_source_abundance	13	xny_share_alpha2_cap0.001	40	40	37	3	3	0.925	0.925	0.925	54.74798404447642	0.9105244185423927	0	candidate-surface abundance policy; fixed calls	0	0.0
hmp_airskin_gtdb_source_abundance	13	xny_share_alpha2_cap0.003	40	40	37	3	3	0.925	0.925	0.925	54.74798404447642	0.9105244185423927	0	candidate-surface abundance policy; fixed calls	0	0.0
hmp_airskin_gtdb_source_abundance	13	xny_share_alpha2_cap0.005	40	40	37	3	3	0.925	0.925	0.925	54.74798404447642	0.9105244185423927	0	candidate-surface abundance policy; fixed calls	0	0.0
hmp_airskin_gtdb_source_abundance	13	xny_share_alpha2_cap0.01	40	40	37	3	3	0.925	0.925	0.925	54.74798404447642	0.9105244185423927	0	candidate-surface abundance policy; fixed calls	0	0.0
hmp_airskin_gtdb_source_abundance	13	xny_share_alpha2_cap0.02	40	40	37	3	3	0.925	0.925	0.925	54.74798404447642	0.9105244185423927	0	candidate-surface abundance policy; fixed calls	0	0.0
hmp_airskin_gtdb_source_abundance	13	xny_share_alpha2_cap0.05	40	40	37	3	3	0.925	0.925	0.925	54.74798404447642	0.9105244185423927	0	candidate-surface abundance policy; fixed calls	0	0.0
hmp_airskin_gtdb_source_abundance	13	depth_share_alpha0.05	40	40	37	3	3	0.925	0.925	0.925	54.74798404447642	0.9105244185423927	0	candidate-surface abundance policy; fixed calls	0	0.0
hmp_airskin_gtdb_source_abundance	13	depth_share_alpha0.1	40	40	37	3	3	0.925	0.925	0.925	54.74798404447642	0.9105244185423927	0	candidate-surface abundance policy; fixed calls	0	0.0
hmp_airskin_gtdb_source_abundance	13	depth_share_alpha0.25	40	40	37	3	3	0.925	0.925	0.925	54.74798404447642	0.9105244185423927	0	candidate-surface abundance policy; fixed calls	0	0.0
hmp_airskin_gtdb_source_abundance	13	depth_share_alpha0.5	40	40	37	3	3	0.925	0.925	0.925	54.74798404447642	0.9105244185423927	0	candidate-surface abundance policy; fixed calls	0	0.0
hmp_airskin_gtdb_source_abundance	13	depth_share_alpha1	40	40	37	3	3	0.925	0.925	0.925	54.74798404447642	0.9105244185423927	0	candidate-surface abundance policy; fixed calls	0	0.0
hmp_airskin_gtdb_source_abundance	13	depth_share_alpha2	40	40	37	3	3	0.925	0.925	0.925	54.74798404447642	0.9105244185423927	0	candidate-surface abundance policy; fixed calls	0	0.0
hmp_airskin_gtdb_source_abundance	13	depth_share_alpha5	40	40	37	3	3	0.925	0.925	0.925	54.74798404447642	0.9105244185423927	0	candidate-surface abundance policy; fixed calls	0	0.0
hmp_airskin_gtdb_source_abundance	13	depth_share_alpha10	40	40	37	3	3	0.925	0.925	0.925	54.74798404447642	0.9105244185423927	0	candidate-surface abundance policy; fixed calls	0	0.0
hmp_airskin_gtdb_source_abundance	13	depth_share_cap0.001	40	40	37	3	3	0.925	0.925	0.925	54.74798404447642	0.9105244185423927	0	candidate-surface abundance policy; fixed calls	0	0.0
hmp_airskin_gtdb_source_abundance	13	depth_share_cap0.003	40	40	37	3	3	0.925	0.925	0.925	54.74798404447642	0.9105244185423927	0	candidate-surface abundance policy; fixed calls	0	0.0
hmp_airskin_gtdb_source_abundance	13	depth_share_cap0.005	40	40	37	3	3	0.925	0.925	0.925	54.74798404447642	0.9105244185423927	0	candidate-surface abundance policy; fixed calls	0	0.0
hmp_airskin_gtdb_source_abundance	13	depth_share_cap0.01	40	40	37	3	3	0.925	0.925	0.925	54.74798404447642	0.9105244185423927	0	candidate-surface abundance policy; fixed calls	0	0.0
hmp_airskin_gtdb_source_abundance	13	depth_share_cap0.02	40	40	37	3	3	0.925	0.925	0.925	54.74798404447642	0.9105244185423927	0	candidate-surface abundance policy; fixed calls	0	0.0
hmp_airskin_gtdb_source_abundance	13	depth_share_cap0.05	40	40	37	3	3	0.925	0.925	0.925	54.74798404447642	0.9105244185423927	0	candidate-surface abundance policy; fixed calls	0	0.0
hmp_airskin_gtdb_source_abundance	13	depth_share_alpha0.25_cap0.001	40	40	37	3	3	0.925	0.925	0.925	54.74798404447642	0.9105244185423927	0	candidate-surface abundance policy; fixed calls	0	0.0
hmp_airskin_gtdb_source_abundance	13	depth_share_alpha0.25_cap0.003	40	40	37	3	3	0.925	0.925	0.925	54.74798404447642	0.9105244185423927	0	candidate-surface abundance policy; fixed calls	0	0.0
hmp_airskin_gtdb_source_abundance	13	depth_share_alpha0.25_cap0.005	40	40	37	3	3	0.925	0.925	0.925	54.74798404447642	0.9105244185423927	0	candidate-surface abundance policy; fixed calls	0	0.0
hmp_airskin_gtdb_source_abundance	13	depth_share_alpha0.25_cap0.01	40	40	37	3	3	0.925	0.925	0.925	54.74798404447642	0.9105244185423927	0	candidate-surface abundance policy; fixed calls	0	0.0
hmp_airskin_gtdb_source_abundance	13	depth_share_alpha0.25_cap0.02	40	40	37	3	3	0.925	0.925	0.925	54.74798404447642	0.9105244185423927	0	candidate-surface abundance policy; fixed calls	0	0.0
hmp_airskin_gtdb_source_abundance	13	depth_share_alpha0.25_cap0.05	40	40	37	3	3	0.925	0.925	0.925	54.74798404447642	0.9105244185423927	0	candidate-surface abundance policy; fixed calls	0	0.0
hmp_airskin_gtdb_source_abundance	13	depth_share_alpha0.5_cap0.001	40	40	37	3	3	0.925	0.925	0.925	54.74798404447642	0.9105244185423927	0	candidate-surface abundance policy; fixed calls	0	0.0
hmp_airskin_gtdb_source_abundance	13	depth_share_alpha0.5_cap0.003	40	40	37	3	3	0.925	0.925	0.925	54.74798404447642	0.9105244185423927	0	candidate-surface abundance policy; fixed calls	0	0.0
hmp_airskin_gtdb_source_abundance	13	depth_share_alpha0.5_cap0.005	40	40	37	3	3	0.925	0.925	0.925	54.74798404447642	0.9105244185423927	0	candidate-surface abundance policy; fixed calls	0	0.0
hmp_airskin_gtdb_source_abundance	13	depth_share_alpha0.5_cap0.01	40	40	37	3	3	0.925	0.925	0.925	54.74798404447642	0.9105244185423927	0	candidate-surface abundance policy; fixed calls	0	0.0
hmp_airskin_gtdb_source_abundance	13	depth_share_alpha0.5_cap0.02	40	40	37	3	3	0.925	0.925	0.925	54.74798404447642	0.9105244185423927	0	candidate-surface abundance policy; fixed calls	0	0.0
hmp_airskin_gtdb_source_abundance	13	depth_share_alpha0.5_cap0.05	40	40	37	3	3	0.925	0.925	0.925	54.74798404447642	0.9105244185423927	0	candidate-surface abundance policy; fixed calls	0	0.0
hmp_airskin_gtdb_source_abundance	13	depth_share_alpha1_cap0.001	40	40	37	3	3	0.925	0.925	0.925	54.74798404447642	0.9105244185423927	0	candidate-surface abundance policy; fixed calls	0	0.0
hmp_airskin_gtdb_source_abundance	13	depth_share_alpha1_cap0.003	40	40	37	3	3	0.925	0.925	0.925	54.74798404447642	0.9105244185423927	0	candidate-surface abundance policy; fixed calls	0	0.0
hmp_airskin_gtdb_source_abundance	13	depth_share_alpha1_cap0.005	40	40	37	3	3	0.925	0.925	0.925	54.74798404447642	0.9105244185423927	0	candidate-surface abundance policy; fixed calls	0	0.0
hmp_airskin_gtdb_source_abundance	13	depth_share_alpha1_cap0.01	40	40	37	3	3	0.925	0.925	0.925	54.74798404447642	0.9105244185423927	0	candidate-surface abundance policy; fixed calls	0	0.0
hmp_airskin_gtdb_source_abundance	13	depth_share_alpha1_cap0.02	40	40	37	3	3	0.925	0.925	0.925	54.74798404447642	0.9105244185423927	0	candidate-surface abundance policy; fixed calls	0	0.0
hmp_airskin_gtdb_source_abundance	13	depth_share_alpha1_cap0.05	40	40	37	3	3	0.925	0.925	0.925	54.74798404447642	0.9105244185423927	0	candidate-surface abundance policy; fixed calls	0	0.0
hmp_airskin_gtdb_source_abundance	13	depth_share_alpha2_cap0.001	40	40	37	3	3	0.925	0.925	0.925	54.74798404447642	0.9105244185423927	0	candidate-surface abundance policy; fixed calls	0	0.0
hmp_airskin_gtdb_source_abundance	13	depth_share_alpha2_cap0.003	40	40	37	3	3	0.925	0.925	0.925	54.74798404447642	0.9105244185423927	0	candidate-surface abundance policy; fixed calls	0	0.0
hmp_airskin_gtdb_source_abundance	13	depth_share_alpha2_cap0.005	40	40	37	3	3	0.925	0.925	0.925	54.74798404447642	0.9105244185423927	0	candidate-surface abundance policy; fixed calls	0	0.0
hmp_airskin_gtdb_source_abundance	13	depth_share_alpha2_cap0.01	40	40	37	3	3	0.925	0.925	0.925	54.74798404447642	0.9105244185423927	0	candidate-surface abundance policy; fixed calls	0	0.0
hmp_airskin_gtdb_source_abundance	13	depth_share_alpha2_cap0.02	40	40	37	3	3	0.925	0.925	0.925	54.74798404447642	0.9105244185423927	0	candidate-surface abundance policy; fixed calls	0	0.0
hmp_airskin_gtdb_source_abundance	13	depth_share_alpha2_cap0.05	40	40	37	3	3	0.925	0.925	0.925	54.74798404447642	0.9105244185423927	0	candidate-surface abundance policy; fixed calls	0	0.0
hmp_airskin_gtdb_source_abundance	14	zero_mass	28	32	27	5	1	0.84375	0.9642857142857143	0.8999999999999999	14.824167972260852	0.9986364303601221	0	candidate-surface abundance policy; fixed calls	2	0.0
hmp_airskin_gtdb_source_abundance	14	normalized_depth_alpha0.05	28	32	27	5	1	0.84375	0.9642857142857143	0.8999999999999999	14.809655231857628	0.9986438433334323	0	candidate-surface abundance policy; fixed calls	2	0.0001741
hmp_airskin_gtdb_source_abundance	14	normalized_depth_alpha0.1	28	32	27	5	1	0.84375	0.9642857142857143	0.8999999999999999	14.79514754303165	0.9986512049336579	0	candidate-surface abundance policy; fixed calls	2	0.0003482
hmp_airskin_gtdb_source_abundance	14	normalized_depth_alpha0.25	28	32	27	5	1	0.84375	0.9642857142857143	0.8999999999999999	14.75165475965577	0.9986729814329453	0	candidate-surface abundance policy; fixed calls	2	0.0008705
hmp_airskin_gtdb_source_abundance	14	normalized_depth_alpha0.5	28	32	27	5	1	0.84375	0.9642857142857143	0.8999999999999999	14.679267573142413	0.9987082475533519	0	candidate-surface abundance policy; fixed calls	2	0.001741
hmp_airskin_gtdb_source_abundance	14	normalized_depth_alpha1	28	32	27	5	1	0.84375	0.9642857142857143	0.8999999999999999	14.53486996649033	0.9987749218716857	0	candidate-surface abundance policy; fixed calls	2	0.003482
hmp_airskin_gtdb_source_abundance	14	normalized_depth_alpha2	28	32	27	5	1	0.84375	0.9642857142857143	0.8999999999999999	14.247572698891389	0.9988928181803315	0	candidate-surface abundance policy; fixed calls	2	0.006964
hmp_airskin_gtdb_source_abundance	14	normalized_depth_alpha5	28	32	27	5	1	0.84375	0.9642857142857143	0.8999999999999999	13.438267256421307	0.9991225041909164	0	candidate-surface abundance policy; fixed calls	2	0.017410000000000002
hmp_airskin_gtdb_source_abundance	14	normalized_depth_alpha10	28	32	27	5	1	0.84375	0.9642857142857143	0.8999999999999999	14.58093539090709	0.9990899523090635	0	candidate-surface abundance policy; fixed calls	2	0.034820000000000004
hmp_airskin_gtdb_source_abundance	14	normalized_depth_cap0.001	28	32	27	5	1	0.84375	0.9642857142857143	0.8999999999999999	14.657754480217596	0.9987108352340043	0	candidate-surface abundance policy; fixed calls	2	0.002
hmp_airskin_gtdb_source_abundance	14	normalized_depth_cap0.003	28	32	27	5	1	0.84375	0.9642857142857143	0.8999999999999999	14.53486996649033	0.9987749218716857	0	candidate-surface abundance policy; fixed calls	2	0.003482
hmp_airskin_gtdb_source_abundance	14	normalized_depth_cap0.005	28	32	27	5	1	0.84375	0.9642857142857143	0.8999999999999999	14.53486996649033	0.9987749218716857	0	candidate-surface abundance policy; fixed calls	2	0.003482
hmp_airskin_gtdb_source_abundance	14	normalized_depth_cap0.01	28	32	27	5	1	0.84375	0.9642857142857143	0.8999999999999999	14.53486996649033	0.9987749218716857	0	candidate-surface abundance policy; fixed calls	2	0.003482
hmp_airskin_gtdb_source_abundance	14	normalized_depth_cap0.02	28	32	27	5	1	0.84375	0.9642857142857143	0.8999999999999999	14.53486996649033	0.9987749218716857	0	candidate-surface abundance policy; fixed calls	2	0.003482
hmp_airskin_gtdb_source_abundance	14	normalized_depth_cap0.05	28	32	27	5	1	0.84375	0.9642857142857143	0.8999999999999999	14.53486996649033	0.9987749218716857	0	candidate-surface abundance policy; fixed calls	2	0.003482
hmp_airskin_gtdb_source_abundance	14	normalized_depth_alpha0.25_cap0.001	28	32	27	5	1	0.84375	0.9642857142857143	0.8999999999999999	14.75165475965577	0.9986729814329453	0	candidate-surface abundance policy; fixed calls	2	0.0008705
hmp_airskin_gtdb_source_abundance	14	normalized_depth_alpha0.25_cap0.003	28	32	27	5	1	0.84375	0.9642857142857143	0.8999999999999999	14.75165475965577	0.9986729814329453	0	candidate-surface abundance policy; fixed calls	2	0.0008705
hmp_airskin_gtdb_source_abundance	14	normalized_depth_alpha0.25_cap0.005	28	32	27	5	1	0.84375	0.9642857142857143	0.8999999999999999	14.75165475965577	0.9986729814329453	0	candidate-surface abundance policy; fixed calls	2	0.0008705
hmp_airskin_gtdb_source_abundance	14	normalized_depth_alpha0.25_cap0.01	28	32	27	5	1	0.84375	0.9642857142857143	0.8999999999999999	14.75165475965577	0.9986729814329453	0	candidate-surface abundance policy; fixed calls	2	0.0008705
hmp_airskin_gtdb_source_abundance	14	normalized_depth_alpha0.25_cap0.02	28	32	27	5	1	0.84375	0.9642857142857143	0.8999999999999999	14.75165475965577	0.9986729814329453	0	candidate-surface abundance policy; fixed calls	2	0.0008705
hmp_airskin_gtdb_source_abundance	14	normalized_depth_alpha0.25_cap0.05	28	32	27	5	1	0.84375	0.9642857142857143	0.8999999999999999	14.75165475965577	0.9986729814329453	0	candidate-surface abundance policy; fixed calls	2	0.0008705
hmp_airskin_gtdb_source_abundance	14	normalized_depth_alpha0.5_cap0.001	28	32	27	5	1	0.84375	0.9642857142857143	0.8999999999999999	14.695513589580903	0.9986992107690417	0	candidate-surface abundance policy; fixed calls	2	0.0015455
hmp_airskin_gtdb_source_abundance	14	normalized_depth_alpha0.5_cap0.003	28	32	27	5	1	0.84375	0.9642857142857143	0.8999999999999999	14.679267573142413	0.9987082475533519	0	candidate-surface abundance policy; fixed calls	2	0.001741
hmp_airskin_gtdb_source_abundance	14	normalized_depth_alpha0.5_cap0.005	28	32	27	5	1	0.84375	0.9642857142857143	0.8999999999999999	14.679267573142413	0.9987082475533519	0	candidate-surface abundance policy; fixed calls	2	0.001741
hmp_airskin_gtdb_source_abundance	14	normalized_depth_alpha0.5_cap0.01	28	32	27	5	1	0.84375	0.9642857142857143	0.8999999999999999	14.679267573142413	0.9987082475533519	0	candidate-surface abundance policy; fixed calls	2	0.001741
hmp_airskin_gtdb_source_abundance	14	normalized_depth_alpha0.5_cap0.02	28	32	27	5	1	0.84375	0.9642857142857143	0.8999999999999999	14.679267573142413	0.9987082475533519	0	candidate-surface abundance policy; fixed calls	2	0.001741
hmp_airskin_gtdb_source_abundance	14	normalized_depth_alpha0.5_cap0.05	28	32	27	5	1	0.84375	0.9642857142857143	0.8999999999999999	14.679267573142413	0.9987082475533519	0	candidate-surface abundance policy; fixed calls	2	0.001741
hmp_airskin_gtdb_source_abundance	14	normalized_depth_alpha1_cap0.001	28	32	27	5	1	0.84375	0.9642857142857143	0.8999999999999999	14.657754480217596	0.9987108352340043	0	candidate-surface abundance policy; fixed calls	2	0.002
hmp_airskin_gtdb_source_abundance	14	normalized_depth_alpha1_cap0.003	28	32	27	5	1	0.84375	0.9642857142857143	0.8999999999999999	14.53486996649033	0.9987749218716857	0	candidate-surface abundance policy; fixed calls	2	0.003482
hmp_airskin_gtdb_source_abundance	14	normalized_depth_alpha1_cap0.005	28	32	27	5	1	0.84375	0.9642857142857143	0.8999999999999999	14.53486996649033	0.9987749218716857	0	candidate-surface abundance policy; fixed calls	2	0.003482
hmp_airskin_gtdb_source_abundance	14	normalized_depth_alpha1_cap0.01	28	32	27	5	1	0.84375	0.9642857142857143	0.8999999999999999	14.53486996649033	0.9987749218716857	0	candidate-surface abundance policy; fixed calls	2	0.003482
hmp_airskin_gtdb_source_abundance	14	normalized_depth_alpha1_cap0.02	28	32	27	5	1	0.84375	0.9642857142857143	0.8999999999999999	14.53486996649033	0.9987749218716857	0	candidate-surface abundance policy; fixed calls	2	0.003482
hmp_airskin_gtdb_source_abundance	14	normalized_depth_alpha1_cap0.05	28	32	27	5	1	0.84375	0.9642857142857143	0.8999999999999999	14.53486996649033	0.9987749218716857	0	candidate-surface abundance policy; fixed calls	2	0.003482
hmp_airskin_gtdb_source_abundance	14	normalized_depth_alpha2_cap0.001	28	32	27	5	1	0.84375	0.9642857142857143	0.8999999999999999	14.657754480217596	0.9987108352340043	0	candidate-surface abundance policy; fixed calls	2	0.002
hmp_airskin_gtdb_source_abundance	14	normalized_depth_alpha2_cap0.003	28	32	27	5	1	0.84375	0.9642857142857143	0.8999999999999999	14.394355547645358	0.9988253833474221	0	candidate-surface abundance policy; fixed calls	2	0.005182
hmp_airskin_gtdb_source_abundance	14	normalized_depth_alpha2_cap0.005	28	32	27	5	1	0.84375	0.9642857142857143	0.8999999999999999	14.247572698891389	0.9988928181803315	0	candidate-surface abundance policy; fixed calls	2	0.006964
hmp_airskin_gtdb_source_abundance	14	normalized_depth_alpha2_cap0.01	28	32	27	5	1	0.84375	0.9642857142857143	0.8999999999999999	14.247572698891389	0.9988928181803315	0	candidate-surface abundance policy; fixed calls	2	0.006964
hmp_airskin_gtdb_source_abundance	14	normalized_depth_alpha2_cap0.02	28	32	27	5	1	0.84375	0.9642857142857143	0.8999999999999999	14.247572698891389	0.9988928181803315	0	candidate-surface abundance policy; fixed calls	2	0.006964
hmp_airskin_gtdb_source_abundance	14	normalized_depth_alpha2_cap0.05	28	32	27	5	1	0.84375	0.9642857142857143	0.8999999999999999	14.247572698891389	0.9988928181803315	0	candidate-surface abundance policy; fixed calls	2	0.006964
hmp_airskin_gtdb_source_abundance	14	xny_share_alpha0.05	28	32	27	5	1	0.84375	0.9642857142857143	0.8999999999999999	14.566217506952247	0.9987531555284734	0	candidate-surface abundance policy; fixed calls	2	0.0031035290443472835
hmp_airskin_gtdb_source_abundance	14	xny_share_alpha0.1	28	32	27	5	1	0.84375	0.9642857142857143	0.8999999999999999	14.309858278267685	0.9988554485540131	0	candidate-surface abundance policy; fixed calls	2	0.006207058088694567
hmp_airskin_gtdb_source_abundance	14	xny_share_alpha0.25	28	32	27	5	1	0.84375	0.9642857142857143	0.8999999999999999	13.572003040866987	0.9990754586323574	0	candidate-surface abundance policy; fixed calls	2	0.015517645221736416
hmp_airskin_gtdb_source_abundance	14	xny_share_alpha0.5	28	32	27	5	1	0.84375	0.9642857142857143	0.8999999999999999	14.130495158185022	0.9991512012582654	0	candidate-surface abundance policy; fixed calls	2	0.03103529044347283
hmp_airskin_gtdb_source_abundance	14	xny_share_alpha1	28	32	27	5	1	0.84375	0.9642857142857143	0.8999999999999999	17.729412449967853	0.9982053775594506	0	candidate-surface abundance policy; fixed calls	2	0.06207058088694566
hmp_airskin_gtdb_source_abundance	14	xny_share_alpha2	28	32	27	5	1	0.84375	0.9642857142857143	0.8999999999999999	24.664707914381065	0.9919395804517707	0	candidate-surface abundance policy; fixed calls	2	0.12414116177389133
hmp_airskin_gtdb_source_abundance	14	xny_share_alpha5	28	32	27	5	1	0.84375	0.9642857142857143	0.8999999999999999	48.33861616455997	0.941498180095952	0	candidate-surface abundance policy; fixed calls	2	0.3103529044347283
hmp_airskin_gtdb_source_abundance	14	xny_share_alpha10	28	32	27	5	1	0.84375	0.9642857142857143	0.8999999999999999	76.51523918902498	0.7965335128412984	0	candidate-surface abundance policy; fixed calls	2	0.6207058088694566
hmp_airskin_gtdb_source_abundance	14	xny_share_cap0.001	28	32	27	5	1	0.84375	0.9642857142857143	0.8999999999999999	14.657754480217596	0.9987108352340043	0	candidate-surface abundance policy; fixed calls	2	0.002
hmp_airskin_gtdb_source_abundance	14	xny_share_cap0.003	28	32	27	5	1	0.84375	0.9642857142857143	0.8999999999999999	14.326912547726014	0.9988419224955529	0	candidate-surface abundance policy; fixed calls	2	0.006
hmp_airskin_gtdb_source_abundance	14	xny_share_cap0.005	28	32	27	5	1	0.84375	0.9642857142857143	0.8999999999999999	13.998691145392804	0.9989493296465909	0	candidate-surface abundance policy; fixed calls	2	0.01
hmp_airskin_gtdb_source_abundance	14	xny_share_cap0.01	28	32	27	5	1	0.84375	0.9642857142857143	0.8999999999999999	13.756962411428974	0.9991138929833621	0	candidate-surface abundance policy; fixed calls	2	0.02
hmp_airskin_gtdb_source_abundance	14	xny_share_cap0.02	28	32	27	5	1	0.84375	0.9642857142857143	0.8999999999999999	15.19212303866965	0.9989952685318616	0	candidate-surface abundance policy; fixed calls	2	0.04
hmp_airskin_gtdb_source_abundance	14	xny_share_cap0.05	28	32	27	5	1	0.84375	0.9642857142857143	0.8999999999999999	17.729412449967853	0.9982053775594506	0	candidate-surface abundance policy; fixed calls	2	0.06207058088694566
hmp_airskin_gtdb_source_abundance	14	xny_share_alpha0.25_cap0.001	28	32	27	5	1	0.84375	0.9642857142857143	0.8999999999999999	14.657754480217596	0.9987108352340043	0	candidate-surface abundance policy; fixed calls	2	0.002
hmp_airskin_gtdb_source_abundance	14	xny_share_alpha0.25_cap0.003	28	32	27	5	1	0.84375	0.9642857142857143	0.8999999999999999	14.326912547726014	0.9988419224955529	0	candidate-surface abundance policy; fixed calls	2	0.006
hmp_airskin_gtdb_source_abundance	14	xny_share_alpha0.25_cap0.005	28	32	27	5	1	0.84375	0.9642857142857143	0.8999999999999999	13.998691145392804	0.9989493296465909	0	candidate-surface abundance policy; fixed calls	2	0.01
hmp_airskin_gtdb_source_abundance	14	xny_share_alpha0.25_cap0.01	28	32	27	5	1	0.84375	0.9642857142857143	0.8999999999999999	13.572003040866987	0.9990754586323574	0	candidate-surface abundance policy; fixed calls	2	0.015517645221736416
hmp_airskin_gtdb_source_abundance	14	xny_share_alpha0.25_cap0.02	28	32	27	5	1	0.84375	0.9642857142857143	0.8999999999999999	13.572003040866987	0.9990754586323574	0	candidate-surface abundance policy; fixed calls	2	0.015517645221736416
hmp_airskin_gtdb_source_abundance	14	xny_share_alpha0.25_cap0.05	28	32	27	5	1	0.84375	0.9642857142857143	0.8999999999999999	13.572003040866987	0.9990754586323574	0	candidate-surface abundance policy; fixed calls	2	0.015517645221736416
hmp_airskin_gtdb_source_abundance	14	xny_share_alpha0.5_cap0.001	28	32	27	5	1	0.84375	0.9642857142857143	0.8999999999999999	14.657754480217596	0.9987108352340043	0	candidate-surface abundance policy; fixed calls	2	0.002
hmp_airskin_gtdb_source_abundance	14	xny_share_alpha0.5_cap0.003	28	32	27	5	1	0.84375	0.9642857142857143	0.8999999999999999	14.326912547726014	0.9988419224955529	0	candidate-surface abundance policy; fixed calls	2	0.006
hmp_airskin_gtdb_source_abundance	14	xny_share_alpha0.5_cap0.005	28	32	27	5	1	0.84375	0.9642857142857143	0.8999999999999999	13.998691145392804	0.9989493296465909	0	candidate-surface abundance policy; fixed calls	2	0.01
hmp_airskin_gtdb_source_abundance	14	xny_share_alpha0.5_cap0.01	28	32	27	5	1	0.84375	0.9642857142857143	0.8999999999999999	13.756962411428974	0.9991138929833621	0	candidate-surface abundance policy; fixed calls	2	0.02
hmp_airskin_gtdb_source_abundance	14	xny_share_alpha0.5_cap0.02	28	32	27	5	1	0.84375	0.9642857142857143	0.8999999999999999	14.130495158185022	0.9991512012582654	0	candidate-surface abundance policy; fixed calls	2	0.03103529044347283
hmp_airskin_gtdb_source_abundance	14	xny_share_alpha0.5_cap0.05	28	32	27	5	1	0.84375	0.9642857142857143	0.8999999999999999	14.130495158185022	0.9991512012582654	0	candidate-surface abundance policy; fixed calls	2	0.03103529044347283
hmp_airskin_gtdb_source_abundance	14	xny_share_alpha1_cap0.001	28	32	27	5	1	0.84375	0.9642857142857143	0.8999999999999999	14.657754480217596	0.9987108352340043	0	candidate-surface abundance policy; fixed calls	2	0.002
hmp_airskin_gtdb_source_abundance	14	xny_share_alpha1_cap0.003	28	32	27	5	1	0.84375	0.9642857142857143	0.8999999999999999	14.326912547726014	0.9988419224955529	0	candidate-surface abundance policy; fixed calls	2	0.006
hmp_airskin_gtdb_source_abundance	14	xny_share_alpha1_cap0.005	28	32	27	5	1	0.84375	0.9642857142857143	0.8999999999999999	13.998691145392804	0.9989493296465909	0	candidate-surface abundance policy; fixed calls	2	0.01
hmp_airskin_gtdb_source_abundance	14	xny_share_alpha1_cap0.01	28	32	27	5	1	0.84375	0.9642857142857143	0.8999999999999999	13.756962411428974	0.9991138929833621	0	candidate-surface abundance policy; fixed calls	2	0.02
hmp_airskin_gtdb_source_abundance	14	xny_share_alpha1_cap0.02	28	32	27	5	1	0.84375	0.9642857142857143	0.8999999999999999	15.19212303866965	0.9989952685318616	0	candidate-surface abundance policy; fixed calls	2	0.04
hmp_airskin_gtdb_source_abundance	14	xny_share_alpha1_cap0.05	28	32	27	5	1	0.84375	0.9642857142857143	0.8999999999999999	17.729412449967853	0.9982053775594506	0	candidate-surface abundance policy; fixed calls	2	0.06207058088694566
hmp_airskin_gtdb_source_abundance	14	xny_share_alpha2_cap0.001	28	32	27	5	1	0.84375	0.9642857142857143	0.8999999999999999	14.657754480217596	0.9987108352340043	0	candidate-surface abundance policy; fixed calls	2	0.002
hmp_airskin_gtdb_source_abundance	14	xny_share_alpha2_cap0.003	28	32	27	5	1	0.84375	0.9642857142857143	0.8999999999999999	14.326912547726014	0.9988419224955529	0	candidate-surface abundance policy; fixed calls	2	0.006
hmp_airskin_gtdb_source_abundance	14	xny_share_alpha2_cap0.005	28	32	27	5	1	0.84375	0.9642857142857143	0.8999999999999999	13.998691145392804	0.9989493296465909	0	candidate-surface abundance policy; fixed calls	2	0.01
hmp_airskin_gtdb_source_abundance	14	xny_share_alpha2_cap0.01	28	32	27	5	1	0.84375	0.9642857142857143	0.8999999999999999	13.756962411428974	0.9991138929833621	0	candidate-surface abundance policy; fixed calls	2	0.02
hmp_airskin_gtdb_source_abundance	14	xny_share_alpha2_cap0.02	28	32	27	5	1	0.84375	0.9642857142857143	0.8999999999999999	15.19212303866965	0.9989952685318616	0	candidate-surface abundance policy; fixed calls	2	0.04
hmp_airskin_gtdb_source_abundance	14	xny_share_alpha2_cap0.05	28	32	27	5	1	0.84375	0.9642857142857143	0.8999999999999999	21.985093309727375	0.9950440406731228	0	candidate-surface abundance policy; fixed calls	2	0.1
hmp_airskin_gtdb_source_abundance	14	depth_share_alpha0.05	28	32	27	5	1	0.84375	0.9642857142857143	0.8999999999999999	14.793980145479118	0.9986517960568881	0	candidate-surface abundance policy; fixed calls	2	0.00036221202784979213
hmp_airskin_gtdb_source_abundance	14	depth_share_alpha0.1	28	32	27	5	1	0.84375	0.9642857142857143	0.8999999999999999	14.763814171654477	0.9986669393252181	0	candidate-surface abundance policy; fixed calls	2	0.0007244240556995843
hmp_airskin_gtdb_source_abundance	14	depth_share_alpha0.25	28	32	27	5	1	0.84375	0.9642857142857143	0.8999999999999999	14.673447130890347	0.9987110339978023	0	candidate-surface abundance policy; fixed calls	2	0.0018110601392489602
hmp_airskin_gtdb_source_abundance	14	depth_share_alpha0.5	28	32	27	5	1	0.84375	0.9642857142857143	0.8999999999999999	14.52327024825182	0.9987800713722427	0	candidate-surface abundance policy; fixed calls	2	0.0036221202784979204
hmp_airskin_gtdb_source_abundance	14	depth_share_alpha1	28	32	27	5	1	0.84375	0.9642857142857143	0.8999999999999999	14.22453662249026	0.9989014207198995	0	candidate-surface abundance policy; fixed calls	2	0.007244240556995841
hmp_airskin_gtdb_source_abundance	14	depth_share_alpha2	28	32	27	5	1	0.84375	0.9642857142857143	0.8999999999999999	13.64494519448763	0.9990770469556205	0	candidate-surface abundance policy; fixed calls	2	0.014488481113991682
hmp_airskin_gtdb_source_abundance	14	depth_share_alpha5	28	32	27	5	1	0.84375	0.9642857142857143	0.8999999999999999	14.746866060386457	0.9990645943495821	0	candidate-surface abundance policy; fixed calls	2	0.03622120278497921
hmp_airskin_gtdb_source_abundance	14	depth_share_alpha10	28	32	27	5	1	0.84375	0.9642857142857143	0.8999999999999999	18.889320427361234	0.9972380708351793	0	candidate-surface abundance policy; fixed calls	2	0.07244240556995842
hmp_airskin_gtdb_source_abundance	14	depth_share_cap0.001	28	32	27	5	1	0.84375	0.9642857142857143	0.8999999999999999	14.657754480217596	0.9987108352340043	0	candidate-surface abundance policy; fixed calls	2	0.002
hmp_airskin_gtdb_source_abundance	14	depth_share_cap0.003	28	32	27	5	1	0.84375	0.9642857142857143	0.8999999999999999	14.38717874637402	0.9988272396566306	0	candidate-surface abundance policy; fixed calls	2	0.005268982452053093
hmp_airskin_gtdb_source_abundance	14	depth_share_cap0.005	28	32	27	5	1	0.84375	0.9642857142857143	0.8999999999999999	14.22453662249026	0.9989014207198995	0	candidate-surface abundance policy; fixed calls	2	0.007244240556995841
hmp_airskin_gtdb_source_abundance	14	depth_share_cap0.01	28	32	27	5	1	0.84375	0.9642857142857143	0.8999999999999999	14.22453662249026	0.9989014207198995	0	candidate-surface abundance policy; fixed calls	2	0.007244240556995841
hmp_airskin_gtdb_source_abundance	14	depth_share_cap0.02	28	32	27	5	1	0.84375	0.9642857142857143	0.8999999999999999	14.22453662249026	0.9989014207198995	0	candidate-surface abundance policy; fixed calls	2	0.007244240556995841
hmp_airskin_gtdb_source_abundance	14	depth_share_cap0.05	28	32	27	5	1	0.84375	0.9642857142857143	0.8999999999999999	14.22453662249026	0.9989014207198995	0	candidate-surface abundance policy; fixed calls	2	0.007244240556995841
hmp_airskin_gtdb_source_abundance	14	depth_share_alpha0.25_cap0.001	28	32	27	5	1	0.84375	0.9642857142857143	0.8999999999999999	14.693706219379862	0.9986997813671938	0	candidate-surface abundance policy; fixed calls	2	0.0015672456130132735
hmp_airskin_gtdb_source_abundance	14	depth_share_alpha0.25_cap0.003	28	32	27	5	1	0.84375	0.9642857142857143	0.8999999999999999	14.673447130890347	0.9987110339978023	0	candidate-surface abundance policy; fixed calls	2	0.0018110601392489602
hmp_airskin_gtdb_source_abundance	14	depth_share_alpha0.25_cap0.005	28	32	27	5	1	0.84375	0.9642857142857143	0.8999999999999999	14.673447130890347	0.9987110339978023	0	candidate-surface abundance policy; fixed calls	2	0.0018110601392489602
hmp_airskin_gtdb_source_abundance	14	depth_share_alpha0.25_cap0.01	28	32	27	5	1	0.84375	0.9642857142857143	0.8999999999999999	14.673447130890347	0.9987110339978023	0	candidate-surface abundance policy; fixed calls	2	0.0018110601392489602
hmp_airskin_gtdb_source_abundance	14	depth_share_alpha0.25_cap0.02	28	32	27	5	1	0.84375	0.9642857142857143	0.8999999999999999	14.673447130890347	0.9987110339978023	0	candidate-surface abundance policy; fixed calls	2	0.0018110601392489602
hmp_airskin_gtdb_source_abundance	14	depth_share_alpha0.25_cap0.05	28	32	27	5	1	0.84375	0.9642857142857143	0.8999999999999999	14.673447130890347	0.9987110339978023	0	candidate-surface abundance policy; fixed calls	2	0.0018110601392489602
hmp_airskin_gtdb_source_abundance	14	depth_share_alpha0.5_cap0.001	28	32	27	5	1	0.84375	0.9642857142857143	0.8999999999999999	14.657754480217596	0.9987108352340043	0	candidate-surface abundance policy; fixed calls	2	0.002
hmp_airskin_gtdb_source_abundance	14	depth_share_alpha0.5_cap0.003	28	32	27	5	1	0.84375	0.9642857142857143	0.8999999999999999	14.52327024825182	0.9987800713722427	0	candidate-surface abundance policy; fixed calls	2	0.0036221202784979204
hmp_airskin_gtdb_source_abundance	14	depth_share_alpha0.5_cap0.005	28	32	27	5	1	0.84375	0.9642857142857143	0.8999999999999999	14.52327024825182	0.9987800713722427	0	candidate-surface abundance policy; fixed calls	2	0.0036221202784979204
hmp_airskin_gtdb_source_abundance	14	depth_share_alpha0.5_cap0.01	28	32	27	5	1	0.84375	0.9642857142857143	0.8999999999999999	14.52327024825182	0.9987800713722427	0	candidate-surface abundance policy; fixed calls	2	0.0036221202784979204
hmp_airskin_gtdb_source_abundance	14	depth_share_alpha0.5_cap0.02	28	32	27	5	1	0.84375	0.9642857142857143	0.8999999999999999	14.52327024825182	0.9987800713722427	0	candidate-surface abundance policy; fixed calls	2	0.0036221202784979204
hmp_airskin_gtdb_source_abundance	14	depth_share_alpha0.5_cap0.05	28	32	27	5	1	0.84375	0.9642857142857143	0.8999999999999999	14.52327024825182	0.9987800713722427	0	candidate-surface abundance policy; fixed calls	2	0.0036221202784979204
hmp_airskin_gtdb_source_abundance	14	depth_share_alpha1_cap0.001	28	32	27	5	1	0.84375	0.9642857142857143	0.8999999999999999	14.657754480217596	0.9987108352340043	0	candidate-surface abundance policy; fixed calls	2	0.002
hmp_airskin_gtdb_source_abundance	14	depth_share_alpha1_cap0.003	28	32	27	5	1	0.84375	0.9642857142857143	0.8999999999999999	14.38717874637402	0.9988272396566306	0	candidate-surface abundance policy; fixed calls	2	0.005268982452053093
hmp_airskin_gtdb_source_abundance	14	depth_share_alpha1_cap0.005	28	32	27	5	1	0.84375	0.9642857142857143	0.8999999999999999	14.22453662249026	0.9989014207198995	0	candidate-surface abundance policy; fixed calls	2	0.007244240556995841
hmp_airskin_gtdb_source_abundance	14	depth_share_alpha1_cap0.01	28	32	27	5	1	0.84375	0.9642857142857143	0.8999999999999999	14.22453662249026	0.9989014207198995	0	candidate-surface abundance policy; fixed calls	2	0.007244240556995841
hmp_airskin_gtdb_source_abundance	14	depth_share_alpha1_cap0.02	28	32	27	5	1	0.84375	0.9642857142857143	0.8999999999999999	14.22453662249026	0.9989014207198995	0	candidate-surface abundance policy; fixed calls	2	0.007244240556995841
hmp_airskin_gtdb_source_abundance	14	depth_share_alpha1_cap0.05	28	32	27	5	1	0.84375	0.9642857142857143	0.8999999999999999	14.22453662249026	0.9989014207198995	0	candidate-surface abundance policy; fixed calls	2	0.007244240556995841
hmp_airskin_gtdb_source_abundance	14	depth_share_alpha2_cap0.001	28	32	27	5	1	0.84375	0.9642857142857143	0.8999999999999999	14.657754480217596	0.9987108352340043	0	candidate-surface abundance policy; fixed calls	2	0.002
hmp_airskin_gtdb_source_abundance	14	depth_share_alpha2_cap0.003	28	32	27	5	1	0.84375	0.9642857142857143	0.8999999999999999	14.326912547726014	0.9988419224955529	0	candidate-surface abundance policy; fixed calls	2	0.006
hmp_airskin_gtdb_source_abundance	14	depth_share_alpha2_cap0.005	28	32	27	5	1	0.84375	0.9642857142857143	0.8999999999999999	14.03647073151231	0.9989429800247384	0	candidate-surface abundance policy; fixed calls	2	0.009537964904106187
hmp_airskin_gtdb_source_abundance	14	depth_share_alpha2_cap0.01	28	32	27	5	1	0.84375	0.9642857142857143	0.8999999999999999	13.64494519448763	0.9990770469556205	0	candidate-surface abundance policy; fixed calls	2	0.014488481113991682
hmp_airskin_gtdb_source_abundance	14	depth_share_alpha2_cap0.02	28	32	27	5	1	0.84375	0.9642857142857143	0.8999999999999999	13.64494519448763	0.9990770469556205	0	candidate-surface abundance policy; fixed calls	2	0.014488481113991682
hmp_airskin_gtdb_source_abundance	14	depth_share_alpha2_cap0.05	28	32	27	5	1	0.84375	0.9642857142857143	0.8999999999999999	13.64494519448763	0.9990770469556205	0	candidate-surface abundance policy; fixed calls	2	0.014488481113991682
hmp_airskin_gtdb_source_abundance	15	zero_mass	24	24	23	1	1	0.9583333333333334	0.9583333333333334	0.9583333333333334	8.896279874750308	0.9995246530616627	0	candidate-surface abundance policy; fixed calls	2	0.0
hmp_airskin_gtdb_source_abundance	15	normalized_depth_alpha0.05	24	24	23	1	1	0.9583333333333334	0.9583333333333334	0.9583333333333334	8.890200116379281	0.9995274751591186	0	candidate-surface abundance policy; fixed calls	2	0.00011185
hmp_airskin_gtdb_source_abundance	15	normalized_depth_alpha0.1	24	24	23	1	1	0.9583333333333334	0.9583333333333334	0.9583333333333334	8.884121717746018	0.9995302786018032	0	candidate-surface abundance policy; fixed calls	2	0.0002237
hmp_airskin_gtdb_source_abundance	15	normalized_depth_alpha0.25	24	24	23	1	1	0.9583333333333334	0.9583333333333334	0.9583333333333334	8.865894675712845	0.9995385769895477	0	candidate-surface abundance policy; fixed calls	2	0.00055925
hmp_airskin_gtdb_source_abundance	15	normalized_depth_alpha0.5	24	24	23	1	1	0.9583333333333334	0.9583333333333334	0.9583333333333334	8.83554342454979	0.9995520344318326	0	candidate-surface abundance policy; fixed calls	2	0.0011185
hmp_airskin_gtdb_source_abundance	15	normalized_depth_alpha1	24	24	23	1	1	0.9583333333333334	0.9583333333333334	0.9583333333333334	8.774942538531292	0.9995775492861864	0	candidate-surface abundance policy; fixed calls	2	0.002237
hmp_airskin_gtdb_source_abundance	15	normalized_depth_alpha2	24	24	23	1	1	0.9583333333333334	0.9583333333333334	0.9583333333333334	8.654145647602325	0.9996229749681823	0	candidate-surface abundance policy; fixed calls	2	0.004474
hmp_airskin_gtdb_source_abundance	15	normalized_depth_alpha5	24	24	23	1	1	0.9583333333333334	0.9583333333333334	0.9583333333333334	8.294961778456765	0.9997143447495936	0	candidate-surface abundance policy; fixed calls	2	0.011184999999999999
hmp_airskin_gtdb_source_abundance	15	normalized_depth_alpha10	24	24	23	1	1	0.9583333333333334	0.9583333333333334	0.9583333333333334	8.98663475082147	0.9997165076029139	0	candidate-surface abundance policy; fixed calls	2	0.022369999999999998
hmp_airskin_gtdb_source_abundance	15	normalized_depth_cap0.001	24	24	23	1	1	0.9583333333333334	0.9583333333333334	0.9583333333333334	8.826893358362566	0.99955365980727	0	candidate-surface abundance policy; fixed calls	2	0.001278
hmp_airskin_gtdb_source_abundance	15	normalized_depth_cap0.003	24	24	23	1	1	0.9583333333333334	0.9583333333333334	0.9583333333333334	8.774942538531292	0.9995775492861864	0	candidate-surface abundance policy; fixed calls	2	0.002237
hmp_airskin_gtdb_source_abundance	15	normalized_depth_cap0.005	24	24	23	1	1	0.9583333333333334	0.9583333333333334	0.9583333333333334	8.774942538531292	0.9995775492861864	0	candidate-surface abundance policy; fixed calls	2	0.002237
hmp_airskin_gtdb_source_abundance	15	normalized_depth_cap0.01	24	24	23	1	1	0.9583333333333334	0.9583333333333334	0.9583333333333334	8.774942538531292	0.9995775492861864	0	candidate-surface abundance policy; fixed calls	2	0.002237
hmp_airskin_gtdb_source_abundance	15	normalized_depth_cap0.02	24	24	23	1	1	0.9583333333333334	0.9583333333333334	0.9583333333333334	8.774942538531292	0.9995775492861864	0	candidate-surface abundance policy; fixed calls	2	0.002237
hmp_airskin_gtdb_source_abundance	15	normalized_depth_cap0.05	24	24	23	1	1	0.9583333333333334	0.9583333333333334	0.9583333333333334	8.774942538531292	0.9995775492861864	0	candidate-surface abundance policy; fixed calls	2	0.002237
hmp_airskin_gtdb_source_abundance	15	normalized_depth_alpha0.25_cap0.001	24	24	23	1	1	0.9583333333333334	0.9583333333333334	0.9583333333333334	8.865894675712845	0.9995385769895477	0	candidate-surface abundance policy; fixed calls	2	0.00055925
hmp_airskin_gtdb_source_abundance	15	normalized_depth_alpha0.25_cap0.003	24	24	23	1	1	0.9583333333333334	0.9583333333333334	0.9583333333333334	8.865894675712845	0.9995385769895477	0	candidate-surface abundance policy; fixed calls	2	0.00055925
hmp_airskin_gtdb_source_abundance	15	normalized_depth_alpha0.25_cap0.005	24	24	23	1	1	0.9583333333333334	0.9583333333333334	0.9583333333333334	8.865894675712845	0.9995385769895477	0	candidate-surface abundance policy; fixed calls	2	0.00055925
hmp_airskin_gtdb_source_abundance	15	normalized_depth_alpha0.25_cap0.01	24	24	23	1	1	0.9583333333333334	0.9583333333333334	0.9583333333333334	8.865894675712845	0.9995385769895477	0	candidate-surface abundance policy; fixed calls	2	0.00055925
hmp_airskin_gtdb_source_abundance	15	normalized_depth_alpha0.25_cap0.02	24	24	23	1	1	0.9583333333333334	0.9583333333333334	0.9583333333333334	8.865894675712845	0.9995385769895477	0	candidate-surface abundance policy; fixed calls	2	0.00055925
hmp_airskin_gtdb_source_abundance	15	normalized_depth_alpha0.25_cap0.05	24	24	23	1	1	0.9583333333333334	0.9583333333333334	0.9583333333333334	8.865894675712845	0.9995385769895477	0	candidate-surface abundance policy; fixed calls	2	0.00055925
hmp_airskin_gtdb_source_abundance	15	normalized_depth_alpha0.5_cap0.001	24	24	23	1	1	0.9583333333333334	0.9583333333333334	0.9583333333333334	8.83554342454979	0.9995520344318326	0	candidate-surface abundance policy; fixed calls	2	0.0011185
hmp_airskin_gtdb_source_abundance	15	normalized_depth_alpha0.5_cap0.003	24	24	23	1	1	0.9583333333333334	0.9583333333333334	0.9583333333333334	8.83554342454979	0.9995520344318326	0	candidate-surface abundance policy; fixed calls	2	0.0011185
hmp_airskin_gtdb_source_abundance	15	normalized_depth_alpha0.5_cap0.005	24	24	23	1	1	0.9583333333333334	0.9583333333333334	0.9583333333333334	8.83554342454979	0.9995520344318326	0	candidate-surface abundance policy; fixed calls	2	0.0011185
hmp_airskin_gtdb_source_abundance	15	normalized_depth_alpha0.5_cap0.01	24	24	23	1	1	0.9583333333333334	0.9583333333333334	0.9583333333333334	8.83554342454979	0.9995520344318326	0	candidate-surface abundance policy; fixed calls	2	0.0011185
hmp_airskin_gtdb_source_abundance	15	normalized_depth_alpha0.5_cap0.02	24	24	23	1	1	0.9583333333333334	0.9583333333333334	0.9583333333333334	8.83554342454979	0.9995520344318326	0	candidate-surface abundance policy; fixed calls	2	0.0011185
hmp_airskin_gtdb_source_abundance	15	normalized_depth_alpha0.5_cap0.05	24	24	23	1	1	0.9583333333333334	0.9583333333333334	0.9583333333333334	8.83554342454979	0.9995520344318326	0	candidate-surface abundance policy; fixed calls	2	0.0011185
hmp_airskin_gtdb_source_abundance	15	normalized_depth_alpha1_cap0.001	24	24	23	1	1	0.9583333333333334	0.9583333333333334	0.9583333333333334	8.826893358362566	0.99955365980727	0	candidate-surface abundance policy; fixed calls	2	0.001278
hmp_airskin_gtdb_source_abundance	15	normalized_depth_alpha1_cap0.003	24	24	23	1	1	0.9583333333333334	0.9583333333333334	0.9583333333333334	8.774942538531292	0.9995775492861864	0	candidate-surface abundance policy; fixed calls	2	0.002237
hmp_airskin_gtdb_source_abundance	15	normalized_depth_alpha1_cap0.005	24	24	23	1	1	0.9583333333333334	0.9583333333333334	0.9583333333333334	8.774942538531292	0.9995775492861864	0	candidate-surface abundance policy; fixed calls	2	0.002237
hmp_airskin_gtdb_source_abundance	15	normalized_depth_alpha1_cap0.01	24	24	23	1	1	0.9583333333333334	0.9583333333333334	0.9583333333333334	8.774942538531292	0.9995775492861864	0	candidate-surface abundance policy; fixed calls	2	0.002237
hmp_airskin_gtdb_source_abundance	15	normalized_depth_alpha1_cap0.02	24	24	23	1	1	0.9583333333333334	0.9583333333333334	0.9583333333333334	8.774942538531292	0.9995775492861864	0	candidate-surface abundance policy; fixed calls	2	0.002237
hmp_airskin_gtdb_source_abundance	15	normalized_depth_alpha1_cap0.05	24	24	23	1	1	0.9583333333333334	0.9583333333333334	0.9583333333333334	8.774942538531292	0.9995775492861864	0	candidate-surface abundance policy; fixed calls	2	0.002237
hmp_airskin_gtdb_source_abundance	15	normalized_depth_alpha2_cap0.001	24	24	23	1	1	0.9583333333333334	0.9583333333333334	0.9583333333333334	8.811823339740494	0.9995557387789089	0	candidate-surface abundance policy; fixed calls	2	0.001556
hmp_airskin_gtdb_source_abundance	15	normalized_depth_alpha2_cap0.003	24	24	23	1	1	0.9583333333333334	0.9583333333333334	0.9583333333333334	8.70365203928875	0.9996035978526888	0	candidate-surface abundance policy; fixed calls	2	0.003556
hmp_airskin_gtdb_source_abundance	15	normalized_depth_alpha2_cap0.005	24	24	23	1	1	0.9583333333333334	0.9583333333333334	0.9583333333333334	8.654145647602325	0.9996229749681823	0	candidate-surface abundance policy; fixed calls	2	0.004474
hmp_airskin_gtdb_source_abundance	15	normalized_depth_alpha2_cap0.01	24	24	23	1	1	0.9583333333333334	0.9583333333333334	0.9583333333333334	8.654145647602325	0.9996229749681823	0	candidate-surface abundance policy; fixed calls	2	0.004474
hmp_airskin_gtdb_source_abundance	15	normalized_depth_alpha2_cap0.02	24	24	23	1	1	0.9583333333333334	0.9583333333333334	0.9583333333333334	8.654145647602325	0.9996229749681823	0	candidate-surface abundance policy; fixed calls	2	0.004474
hmp_airskin_gtdb_source_abundance	15	normalized_depth_alpha2_cap0.05	24	24	23	1	1	0.9583333333333334	0.9583333333333334	0.9583333333333334	8.654145647602325	0.9996229749681823	0	candidate-surface abundance policy; fixed calls	2	0.004474
hmp_airskin_gtdb_source_abundance	15	xny_share_alpha0.05	24	24	23	1	1	0.9583333333333334	0.9583333333333334	0.9583333333333334	8.615521916481367	0.9996047652916572	0	candidate-surface abundance policy; fixed calls	2	0.005191369275089659
hmp_airskin_gtdb_source_abundance	15	xny_share_alpha0.1	24	24	23	1	1	0.9583333333333334	0.9583333333333334	0.9583333333333334	8.830749754767409	0.999659981063803	0	candidate-surface abundance policy; fixed calls	2	0.010382738550179318
hmp_airskin_gtdb_source_abundance	15	xny_share_alpha0.25	24	24	23	1	1	0.9583333333333334	0.9583333333333334	0.9583333333333334	9.538531886926695	0.9996756623025814	0	candidate-surface abundance policy; fixed calls	2	0.025956846375448293
hmp_airskin_gtdb_source_abundance	15	xny_share_alpha0.5	24	24	23	1	1	0.9583333333333334	0.9583333333333334	0.9583333333333334	12.983650798288451	0.9991992185120778	0	candidate-surface abundance policy; fixed calls	2	0.051913692750896585
hmp_airskin_gtdb_source_abundance	15	xny_share_alpha1	24	24	23	1	1	0.9583333333333334	0.9583333333333334	0.9583333333333334	19.669202361420396	0.9963535565097779	0	candidate-surface abundance policy; fixed calls	2	0.10382738550179317
hmp_airskin_gtdb_source_abundance	15	xny_share_alpha2	24	24	23	1	1	0.9583333333333334	0.9583333333333334	0.9583333333333334	33.13181702156934	0.9832172398065717	0	candidate-surface abundance policy; fixed calls	2	0.20765477100358634
hmp_airskin_gtdb_source_abundance	15	xny_share_alpha5	24	24	23	1	1	0.9583333333333334	0.9583333333333334	0.9583333333333334	66.2270422297455	0.8949637878198707	0	candidate-surface abundance policy; fixed calls	2	0.5191369275089659
hmp_airskin_gtdb_source_abundance	15	xny_share_alpha10	24	24	23	1	1	0.9583333333333334	0.9583333333333334	0.9583333333333334	99.33603959122283	0.689365742135454	0	candidate-surface abundance policy; fixed calls	2	1.0382738550179318
hmp_airskin_gtdb_source_abundance	15	xny_share_cap0.001	24	24	23	1	1	0.9583333333333334	0.9583333333333334	0.9583333333333334	8.78777201979404	0.9995587489928736	0	candidate-surface abundance policy; fixed calls	2	0.002
hmp_airskin_gtdb_source_abundance	15	xny_share_cap0.003	24	24	23	1	1	0.9583333333333334	0.9583333333333334	0.9583333333333334	8.618839373207294	0.9996158723232218	0	candidate-surface abundance policy; fixed calls	2	0.006
hmp_airskin_gtdb_source_abundance	15	xny_share_cap0.005	24	24	23	1	1	0.9583333333333334	0.9583333333333334	0.9583333333333334	8.798504214523401	0.9996582128430046	0	candidate-surface abundance policy; fixed calls	2	0.01
hmp_airskin_gtdb_source_abundance	15	xny_share_cap0.01	24	24	23	1	1	0.9583333333333334	0.9583333333333334	0.9583333333333334	9.241501347768518	0.9996992100804323	0	candidate-surface abundance policy; fixed calls	2	0.02
hmp_airskin_gtdb_source_abundance	15	xny_share_cap0.02	24	24	23	1	1	0.9583333333333334	0.9583333333333334	0.9583333333333334	11.395653768300058	0.9995020528960424	0	candidate-surface abundance policy; fixed calls	2	0.04
hmp_airskin_gtdb_source_abundance	15	xny_share_cap0.05	24	24	23	1	1	0.9583333333333334	0.9583333333333334	0.9583333333333334	19.164153788841904	0.9966649606343011	0	candidate-surface abundance policy; fixed calls	2	0.1
hmp_airskin_gtdb_source_abundance	15	xny_share_alpha0.25_cap0.001	24	24	23	1	1	0.9583333333333334	0.9583333333333334	0.9583333333333334	8.78777201979404	0.9995587489928736	0	candidate-surface abundance policy; fixed calls	2	0.002
hmp_airskin_gtdb_source_abundance	15	xny_share_alpha0.25_cap0.003	24	24	23	1	1	0.9583333333333334	0.9583333333333334	0.9583333333333334	8.618839373207294	0.9996158723232218	0	candidate-surface abundance policy; fixed calls	2	0.006
hmp_airskin_gtdb_source_abundance	15	xny_share_alpha0.25_cap0.005	24	24	23	1	1	0.9583333333333334	0.9583333333333334	0.9583333333333334	8.798504214523401	0.9996582128430046	0	candidate-surface abundance policy; fixed calls	2	0.01
hmp_airskin_gtdb_source_abundance	15	xny_share_alpha0.25_cap0.01	24	24	23	1	1	0.9583333333333334	0.9583333333333334	0.9583333333333334	9.241501347768518	0.9996992100804323	0	candidate-surface abundance policy; fixed calls	2	0.02
hmp_airskin_gtdb_source_abundance	15	xny_share_alpha0.25_cap0.02	24	24	23	1	1	0.9583333333333334	0.9583333333333334	0.9583333333333334	9.538531886926695	0.9996756623025814	0	candidate-surface abundance policy; fixed calls	2	0.025956846375448293
hmp_airskin_gtdb_source_abundance	15	xny_share_alpha0.25_cap0.05	24	24	23	1	1	0.9583333333333334	0.9583333333333334	0.9583333333333334	9.538531886926695	0.9996756623025814	0	candidate-surface abundance policy; fixed calls	2	0.025956846375448293
hmp_airskin_gtdb_source_abundance	15	xny_share_alpha0.5_cap0.001	24	24	23	1	1	0.9583333333333334	0.9583333333333334	0.9583333333333334	8.78777201979404	0.9995587489928736	0	candidate-surface abundance policy; fixed calls	2	0.002
hmp_airskin_gtdb_source_abundance	15	xny_share_alpha0.5_cap0.003	24	24	23	1	1	0.9583333333333334	0.9583333333333334	0.9583333333333334	8.618839373207294	0.9996158723232218	0	candidate-surface abundance policy; fixed calls	2	0.006
hmp_airskin_gtdb_source_abundance	15	xny_share_alpha0.5_cap0.005	24	24	23	1	1	0.9583333333333334	0.9583333333333334	0.9583333333333334	8.798504214523401	0.9996582128430046	0	candidate-surface abundance policy; fixed calls	2	0.01
hmp_airskin_gtdb_source_abundance	15	xny_share_alpha0.5_cap0.01	24	24	23	1	1	0.9583333333333334	0.9583333333333334	0.9583333333333334	9.241501347768518	0.9996992100804323	0	candidate-surface abundance policy; fixed calls	2	0.02
hmp_airskin_gtdb_source_abundance	15	xny_share_alpha0.5_cap0.02	24	24	23	1	1	0.9583333333333334	0.9583333333333334	0.9583333333333334	11.395653768300058	0.9995020528960424	0	candidate-surface abundance policy; fixed calls	2	0.04
hmp_airskin_gtdb_source_abundance	15	xny_share_alpha0.5_cap0.05	24	24	23	1	1	0.9583333333333334	0.9583333333333334	0.9583333333333334	12.983650798288451	0.9991992185120778	0	candidate-surface abundance policy; fixed calls	2	0.051913692750896585
hmp_airskin_gtdb_source_abundance	15	xny_share_alpha1_cap0.001	24	24	23	1	1	0.9583333333333334	0.9583333333333334	0.9583333333333334	8.78777201979404	0.9995587489928736	0	candidate-surface abundance policy; fixed calls	2	0.002
hmp_airskin_gtdb_source_abundance	15	xny_share_alpha1_cap0.003	24	24	23	1	1	0.9583333333333334	0.9583333333333334	0.9583333333333334	8.618839373207294	0.9996158723232218	0	candidate-surface abundance policy; fixed calls	2	0.006
hmp_airskin_gtdb_source_abundance	15	xny_share_alpha1_cap0.005	24	24	23	1	1	0.9583333333333334	0.9583333333333334	0.9583333333333334	8.798504214523401	0.9996582128430046	0	candidate-surface abundance policy; fixed calls	2	0.01
hmp_airskin_gtdb_source_abundance	15	xny_share_alpha1_cap0.01	24	24	23	1	1	0.9583333333333334	0.9583333333333334	0.9583333333333334	9.241501347768518	0.9996992100804323	0	candidate-surface abundance policy; fixed calls	2	0.02
hmp_airskin_gtdb_source_abundance	15	xny_share_alpha1_cap0.02	24	24	23	1	1	0.9583333333333334	0.9583333333333334	0.9583333333333334	11.395653768300058	0.9995020528960424	0	candidate-surface abundance policy; fixed calls	2	0.04
hmp_airskin_gtdb_source_abundance	15	xny_share_alpha1_cap0.05	24	24	23	1	1	0.9583333333333334	0.9583333333333334	0.9583333333333334	19.164153788841904	0.9966649606343011	0	candidate-surface abundance policy; fixed calls	2	0.1
hmp_airskin_gtdb_source_abundance	15	xny_share_alpha2_cap0.001	24	24	23	1	1	0.9583333333333334	0.9583333333333334	0.9583333333333334	8.78777201979404	0.9995587489928736	0	candidate-surface abundance policy; fixed calls	2	0.002
hmp_airskin_gtdb_source_abundance	15	xny_share_alpha2_cap0.003	24	24	23	1	1	0.9583333333333334	0.9583333333333334	0.9583333333333334	8.618839373207294	0.9996158723232218	0	candidate-surface abundance policy; fixed calls	2	0.006
hmp_airskin_gtdb_source_abundance	15	xny_share_alpha2_cap0.005	24	24	23	1	1	0.9583333333333334	0.9583333333333334	0.9583333333333334	8.798504214523401	0.9996582128430046	0	candidate-surface abundance policy; fixed calls	2	0.01
hmp_airskin_gtdb_source_abundance	15	xny_share_alpha2_cap0.01	24	24	23	1	1	0.9583333333333334	0.9583333333333334	0.9583333333333334	9.241501347768518	0.9996992100804323	0	candidate-surface abundance policy; fixed calls	2	0.02
hmp_airskin_gtdb_source_abundance	15	xny_share_alpha2_cap0.02	24	24	23	1	1	0.9583333333333334	0.9583333333333334	0.9583333333333334	11.395653768300058	0.9995020528960424	0	candidate-surface abundance policy; fixed calls	2	0.04
hmp_airskin_gtdb_source_abundance	15	xny_share_alpha2_cap0.05	24	24	23	1	1	0.9583333333333334	0.9583333333333334	0.9583333333333334	19.164153788841904	0.9966649606343011	0	candidate-surface abundance policy; fixed calls	2	0.1
hmp_airskin_gtdb_source_abundance	15	depth_share_alpha0.05	24	24	23	1	1	0.9583333333333334	0.9583333333333334	0.9583333333333334	8.883681809241544	0.9995304803797687	0	candidate-surface abundance policy; fixed calls	2	0.00023179582758899739
hmp_airskin_gtdb_source_abundance	15	depth_share_alpha0.1	24	24	23	1	1	0.9583333333333334	0.9583333333333334	0.9583333333333334	8.871089581384537	0.9995362275898547	0	candidate-surface abundance policy; fixed calls	2	0.00046359165517799477
hmp_airskin_gtdb_source_abundance	15	depth_share_alpha0.25	24	24	23	1	1	0.9583333333333334	0.9583333333333334	0.9583333333333334	8.833347883176721	0.9995529884686749	0	candidate-surface abundance policy; fixed calls	2	0.001158979137944987
hmp_airskin_gtdb_source_abundance	15	depth_share_alpha0.5	24	24	23	1	1	0.9583333333333334	0.9583333333333334	0.9583333333333334	8.770561427986566	0.9995793201505504	0	candidate-surface abundance policy; fixed calls	2	0.002317958275889974
hmp_airskin_gtdb_source_abundance	15	depth_share_alpha1	24	24	23	1	1	0.9583333333333334	0.9583333333333334	0.9583333333333334	8.64542311201307	0.999625967365148	0	candidate-surface abundance policy; fixed calls	2	0.004635916551779948
hmp_airskin_gtdb_source_abundance	15	depth_share_alpha2	24	24	23	1	1	0.9583333333333334	0.9583333333333334	0.9583333333333334	8.39687088405103	0.9996951643795257	0	candidate-surface abundance policy; fixed calls	2	0.009271833103559895
hmp_airskin_gtdb_source_abundance	15	depth_share_alpha5	24	24	23	1	1	0.9583333333333334	0.9583333333333334	0.9583333333333334	9.093549616924195	0.9997093992904273	0	candidate-surface abundance policy; fixed calls	2	0.02317958275889974
hmp_airskin_gtdb_source_abundance	15	depth_share_alpha10	24	24	23	1	1	0.9583333333333334	0.9583333333333334	0.9583333333333334	12.247296797192059	0.9990860834631231	0	candidate-surface abundance policy; fixed calls	2	0.04635916551779948
hmp_airskin_gtdb_source_abundance	15	depth_share_cap0.001	24	24	23	1	1	0.9583333333333334	0.9583333333333334	0.9583333333333334	8.810709488362036	0.9995558865484889	0	candidate-surface abundance policy; fixed calls	2	0.001576553591890553
hmp_airskin_gtdb_source_abundance	15	depth_share_cap0.003	24	24	23	1	1	0.9583333333333334	0.9583333333333334	0.9583333333333334	8.70254262305925	0.99960374930564	0	candidate-surface abundance policy; fixed calls	2	0.0035765535918905527
hmp_airskin_gtdb_source_abundance	15	depth_share_cap0.005	24	24	23	1	1	0.9583333333333334	0.9583333333333334	0.9583333333333334	8.64542311201307	0.999625967365148	0	candidate-surface abundance policy; fixed calls	2	0.004635916551779948
hmp_airskin_gtdb_source_abundance	15	depth_share_cap0.01	24	24	23	1	1	0.9583333333333334	0.9583333333333334	0.9583333333333334	8.64542311201307	0.999625967365148	0	candidate-surface abundance policy; fixed calls	2	0.004635916551779948
hmp_airskin_gtdb_source_abundance	15	depth_share_cap0.02	24	24	23	1	1	0.9583333333333334	0.9583333333333334	0.9583333333333334	8.64542311201307	0.999625967365148	0	candidate-surface abundance policy; fixed calls	2	0.004635916551779948
hmp_airskin_gtdb_source_abundance	15	depth_share_cap0.05	24	24	23	1	1	0.9583333333333334	0.9583333333333334	0.9583333333333334	8.64542311201307	0.999625967365148	0	candidate-surface abundance policy; fixed calls	2	0.004635916551779948
hmp_airskin_gtdb_source_abundance	15	depth_share_alpha0.25_cap0.001	24	24	23	1	1	0.9583333333333334	0.9583333333333334	0.9583333333333334	8.83415280704214	0.999552605413555	0	candidate-surface abundance policy; fixed calls	2	0.0011441383979726382
hmp_airskin_gtdb_source_abundance	15	depth_share_alpha0.25_cap0.003	24	24	23	1	1	0.9583333333333334	0.9583333333333334	0.9583333333333334	8.833347883176721	0.9995529884686749	0	candidate-surface abundance policy; fixed calls	2	0.001158979137944987
hmp_airskin_gtdb_source_abundance	15	depth_share_alpha0.25_cap0.005	24	24	23	1	1	0.9583333333333334	0.9583333333333334	0.9583333333333334	8.833347883176721	0.9995529884686749	0	candidate-surface abundance policy; fixed calls	2	0.001158979137944987
hmp_airskin_gtdb_source_abundance	15	depth_share_alpha0.25_cap0.01	24	24	23	1	1	0.9583333333333334	0.9583333333333334	0.9583333333333334	8.833347883176721	0.9995529884686749	0	candidate-surface abundance policy; fixed calls	2	0.001158979137944987
hmp_airskin_gtdb_source_abundance	15	depth_share_alpha0.25_cap0.02	24	24	23	1	1	0.9583333333333334	0.9583333333333334	0.9583333333333334	8.833347883176721	0.9995529884686749	0	candidate-surface abundance policy; fixed calls	2	0.001158979137944987
hmp_airskin_gtdb_source_abundance	15	depth_share_alpha0.25_cap0.05	24	24	23	1	1	0.9583333333333334	0.9583333333333334	0.9583333333333334	8.833347883176721	0.9995529884686749	0	candidate-surface abundance policy; fixed calls	2	0.001158979137944987
hmp_airskin_gtdb_source_abundance	15	depth_share_alpha0.5_cap0.001	24	24	23	1	1	0.9583333333333334	0.9583333333333334	0.9583333333333334	8.826336117658904	0.9995537393220635	0	candidate-surface abundance policy; fixed calls	2	0.0012882767959452764
hmp_airskin_gtdb_source_abundance	15	depth_share_alpha0.5_cap0.003	24	24	23	1	1	0.9583333333333334	0.9583333333333334	0.9583333333333334	8.770561427986566	0.9995793201505504	0	candidate-surface abundance policy; fixed calls	2	0.002317958275889974
hmp_airskin_gtdb_source_abundance	15	depth_share_alpha0.5_cap0.005	24	24	23	1	1	0.9583333333333334	0.9583333333333334	0.9583333333333334	8.770561427986566	0.9995793201505504	0	candidate-surface abundance policy; fixed calls	2	0.002317958275889974
hmp_airskin_gtdb_source_abundance	15	depth_share_alpha0.5_cap0.01	24	24	23	1	1	0.9583333333333334	0.9583333333333334	0.9583333333333334	8.770561427986566	0.9995793201505504	0	candidate-surface abundance policy; fixed calls	2	0.002317958275889974
hmp_airskin_gtdb_source_abundance	15	depth_share_alpha0.5_cap0.02	24	24	23	1	1	0.9583333333333334	0.9583333333333334	0.9583333333333334	8.770561427986566	0.9995793201505504	0	candidate-surface abundance policy; fixed calls	2	0.002317958275889974
hmp_airskin_gtdb_source_abundance	15	depth_share_alpha0.5_cap0.05	24	24	23	1	1	0.9583333333333334	0.9583333333333334	0.9583333333333334	8.770561427986566	0.9995793201505504	0	candidate-surface abundance policy; fixed calls	2	0.002317958275889974
hmp_airskin_gtdb_source_abundance	15	depth_share_alpha1_cap0.001	24	24	23	1	1	0.9583333333333334	0.9583333333333334	0.9583333333333334	8.810709488362036	0.9995558865484889	0	candidate-surface abundance policy; fixed calls	2	0.001576553591890553
hmp_airskin_gtdb_source_abundance	15	depth_share_alpha1_cap0.003	24	24	23	1	1	0.9583333333333334	0.9583333333333334	0.9583333333333334	8.70254262305925	0.99960374930564	0	candidate-surface abundance policy; fixed calls	2	0.0035765535918905527
hmp_airskin_gtdb_source_abundance	15	depth_share_alpha1_cap0.005	24	24	23	1	1	0.9583333333333334	0.9583333333333334	0.9583333333333334	8.64542311201307	0.999625967365148	0	candidate-surface abundance policy; fixed calls	2	0.004635916551779948
hmp_airskin_gtdb_source_abundance	15	depth_share_alpha1_cap0.01	24	24	23	1	1	0.9583333333333334	0.9583333333333334	0.9583333333333334	8.64542311201307	0.999625967365148	0	candidate-surface abundance policy; fixed calls	2	0.004635916551779948
hmp_airskin_gtdb_source_abundance	15	depth_share_alpha1_cap0.02	24	24	23	1	1	0.9583333333333334	0.9583333333333334	0.9583333333333334	8.64542311201307	0.999625967365148	0	candidate-surface abundance policy; fixed calls	2	0.004635916551779948
hmp_airskin_gtdb_source_abundance	15	depth_share_alpha1_cap0.05	24	24	23	1	1	0.9583333333333334	0.9583333333333334	0.9583333333333334	8.64542311201307	0.999625967365148	0	candidate-surface abundance policy; fixed calls	2	0.004635916551779948
hmp_airskin_gtdb_source_abundance	15	depth_share_alpha2_cap0.001	24	24	23	1	1	0.9583333333333334	0.9583333333333334	0.9583333333333334	8.78777201979404	0.9995587489928736	0	candidate-surface abundance policy; fixed calls	2	0.002
hmp_airskin_gtdb_source_abundance	15	depth_share_alpha2_cap0.003	24	24	23	1	1	0.9583333333333334	0.9583333333333334	0.9583333333333334	8.671440635500353	0.9996076645290648	0	candidate-surface abundance policy; fixed calls	2	0.004153107183781106
hmp_airskin_gtdb_source_abundance	15	depth_share_alpha2_cap0.005	24	24	23	1	1	0.9583333333333334	0.9583333333333334	0.9583333333333334	8.563827597867599	0.999647892750153	0	candidate-surface abundance policy; fixed calls	2	0.006153107183781106
hmp_airskin_gtdb_source_abundance	15	depth_share_alpha2_cap0.01	24	24	23	1	1	0.9583333333333334	0.9583333333333334	0.9583333333333334	8.39687088405103	0.9996951643795257	0	candidate-surface abundance policy; fixed calls	2	0.009271833103559895
hmp_airskin_gtdb_source_abundance	15	depth_share_alpha2_cap0.02	24	24	23	1	1	0.9583333333333334	0.9583333333333334	0.9583333333333334	8.39687088405103	0.9996951643795257	0	candidate-surface abundance policy; fixed calls	2	0.009271833103559895
hmp_airskin_gtdb_source_abundance	15	depth_share_alpha2_cap0.05	24	24	23	1	1	0.9583333333333334	0.9583333333333334	0.9583333333333334	8.39687088405103	0.9996951643795257	0	candidate-surface abundance policy; fixed calls	2	0.009271833103559895
hmp_airskin_gtdb_source_abundance	16	zero_mass	10	10	10	0	0	1.0	1.0	1.0	6.914589514693757	0.9998353757011105	0	candidate-surface abundance policy; fixed calls	0	0.0
hmp_airskin_gtdb_source_abundance	16	normalized_depth_alpha0.05	10	10	10	0	0	1.0	1.0	1.0	6.914589514693757	0.9998353757011105	0	candidate-surface abundance policy; fixed calls	0	0.0
hmp_airskin_gtdb_source_abundance	16	normalized_depth_alpha0.1	10	10	10	0	0	1.0	1.0	1.0	6.914589514693757	0.9998353757011105	0	candidate-surface abundance policy; fixed calls	0	0.0
hmp_airskin_gtdb_source_abundance	16	normalized_depth_alpha0.25	10	10	10	0	0	1.0	1.0	1.0	6.914589514693757	0.9998353757011105	0	candidate-surface abundance policy; fixed calls	0	0.0
hmp_airskin_gtdb_source_abundance	16	normalized_depth_alpha0.5	10	10	10	0	0	1.0	1.0	1.0	6.914589514693757	0.9998353757011105	0	candidate-surface abundance policy; fixed calls	0	0.0
hmp_airskin_gtdb_source_abundance	16	normalized_depth_alpha1	10	10	10	0	0	1.0	1.0	1.0	6.914589514693757	0.9998353757011105	0	candidate-surface abundance policy; fixed calls	0	0.0
hmp_airskin_gtdb_source_abundance	16	normalized_depth_alpha2	10	10	10	0	0	1.0	1.0	1.0	6.914589514693757	0.9998353757011105	0	candidate-surface abundance policy; fixed calls	0	0.0
hmp_airskin_gtdb_source_abundance	16	normalized_depth_alpha5	10	10	10	0	0	1.0	1.0	1.0	6.914589514693757	0.9998353757011105	0	candidate-surface abundance policy; fixed calls	0	0.0
hmp_airskin_gtdb_source_abundance	16	normalized_depth_alpha10	10	10	10	0	0	1.0	1.0	1.0	6.914589514693757	0.9998353757011105	0	candidate-surface abundance policy; fixed calls	0	0.0
hmp_airskin_gtdb_source_abundance	16	normalized_depth_cap0.001	10	10	10	0	0	1.0	1.0	1.0	6.914589514693757	0.9998353757011105	0	candidate-surface abundance policy; fixed calls	0	0.0
hmp_airskin_gtdb_source_abundance	16	normalized_depth_cap0.003	10	10	10	0	0	1.0	1.0	1.0	6.914589514693757	0.9998353757011105	0	candidate-surface abundance policy; fixed calls	0	0.0
hmp_airskin_gtdb_source_abundance	16	normalized_depth_cap0.005	10	10	10	0	0	1.0	1.0	1.0	6.914589514693757	0.9998353757011105	0	candidate-surface abundance policy; fixed calls	0	0.0
hmp_airskin_gtdb_source_abundance	16	normalized_depth_cap0.01	10	10	10	0	0	1.0	1.0	1.0	6.914589514693757	0.9998353757011105	0	candidate-surface abundance policy; fixed calls	0	0.0
hmp_airskin_gtdb_source_abundance	16	normalized_depth_cap0.02	10	10	10	0	0	1.0	1.0	1.0	6.914589514693757	0.9998353757011105	0	candidate-surface abundance policy; fixed calls	0	0.0
hmp_airskin_gtdb_source_abundance	16	normalized_depth_cap0.05	10	10	10	0	0	1.0	1.0	1.0	6.914589514693757	0.9998353757011105	0	candidate-surface abundance policy; fixed calls	0	0.0
hmp_airskin_gtdb_source_abundance	16	normalized_depth_alpha0.25_cap0.001	10	10	10	0	0	1.0	1.0	1.0	6.914589514693757	0.9998353757011105	0	candidate-surface abundance policy; fixed calls	0	0.0
hmp_airskin_gtdb_source_abundance	16	normalized_depth_alpha0.25_cap0.003	10	10	10	0	0	1.0	1.0	1.0	6.914589514693757	0.9998353757011105	0	candidate-surface abundance policy; fixed calls	0	0.0
hmp_airskin_gtdb_source_abundance	16	normalized_depth_alpha0.25_cap0.005	10	10	10	0	0	1.0	1.0	1.0	6.914589514693757	0.9998353757011105	0	candidate-surface abundance policy; fixed calls	0	0.0
hmp_airskin_gtdb_source_abundance	16	normalized_depth_alpha0.25_cap0.01	10	10	10	0	0	1.0	1.0	1.0	6.914589514693757	0.9998353757011105	0	candidate-surface abundance policy; fixed calls	0	0.0
hmp_airskin_gtdb_source_abundance	16	normalized_depth_alpha0.25_cap0.02	10	10	10	0	0	1.0	1.0	1.0	6.914589514693757	0.9998353757011105	0	candidate-surface abundance policy; fixed calls	0	0.0
hmp_airskin_gtdb_source_abundance	16	normalized_depth_alpha0.25_cap0.05	10	10	10	0	0	1.0	1.0	1.0	6.914589514693757	0.9998353757011105	0	candidate-surface abundance policy; fixed calls	0	0.0
hmp_airskin_gtdb_source_abundance	16	normalized_depth_alpha0.5_cap0.001	10	10	10	0	0	1.0	1.0	1.0	6.914589514693757	0.9998353757011105	0	candidate-surface abundance policy; fixed calls	0	0.0
hmp_airskin_gtdb_source_abundance	16	normalized_depth_alpha0.5_cap0.003	10	10	10	0	0	1.0	1.0	1.0	6.914589514693757	0.9998353757011105	0	candidate-surface abundance policy; fixed calls	0	0.0
hmp_airskin_gtdb_source_abundance	16	normalized_depth_alpha0.5_cap0.005	10	10	10	0	0	1.0	1.0	1.0	6.914589514693757	0.9998353757011105	0	candidate-surface abundance policy; fixed calls	0	0.0
hmp_airskin_gtdb_source_abundance	16	normalized_depth_alpha0.5_cap0.01	10	10	10	0	0	1.0	1.0	1.0	6.914589514693757	0.9998353757011105	0	candidate-surface abundance policy; fixed calls	0	0.0
hmp_airskin_gtdb_source_abundance	16	normalized_depth_alpha0.5_cap0.02	10	10	10	0	0	1.0	1.0	1.0	6.914589514693757	0.9998353757011105	0	candidate-surface abundance policy; fixed calls	0	0.0
hmp_airskin_gtdb_source_abundance	16	normalized_depth_alpha0.5_cap0.05	10	10	10	0	0	1.0	1.0	1.0	6.914589514693757	0.9998353757011105	0	candidate-surface abundance policy; fixed calls	0	0.0
hmp_airskin_gtdb_source_abundance	16	normalized_depth_alpha1_cap0.001	10	10	10	0	0	1.0	1.0	1.0	6.914589514693757	0.9998353757011105	0	candidate-surface abundance policy; fixed calls	0	0.0
hmp_airskin_gtdb_source_abundance	16	normalized_depth_alpha1_cap0.003	10	10	10	0	0	1.0	1.0	1.0	6.914589514693757	0.9998353757011105	0	candidate-surface abundance policy; fixed calls	0	0.0
hmp_airskin_gtdb_source_abundance	16	normalized_depth_alpha1_cap0.005	10	10	10	0	0	1.0	1.0	1.0	6.914589514693757	0.9998353757011105	0	candidate-surface abundance policy; fixed calls	0	0.0
hmp_airskin_gtdb_source_abundance	16	normalized_depth_alpha1_cap0.01	10	10	10	0	0	1.0	1.0	1.0	6.914589514693757	0.9998353757011105	0	candidate-surface abundance policy; fixed calls	0	0.0
hmp_airskin_gtdb_source_abundance	16	normalized_depth_alpha1_cap0.02	10	10	10	0	0	1.0	1.0	1.0	6.914589514693757	0.9998353757011105	0	candidate-surface abundance policy; fixed calls	0	0.0
hmp_airskin_gtdb_source_abundance	16	normalized_depth_alpha1_cap0.05	10	10	10	0	0	1.0	1.0	1.0	6.914589514693757	0.9998353757011105	0	candidate-surface abundance policy; fixed calls	0	0.0
hmp_airskin_gtdb_source_abundance	16	normalized_depth_alpha2_cap0.001	10	10	10	0	0	1.0	1.0	1.0	6.914589514693757	0.9998353757011105	0	candidate-surface abundance policy; fixed calls	0	0.0
hmp_airskin_gtdb_source_abundance	16	normalized_depth_alpha2_cap0.003	10	10	10	0	0	1.0	1.0	1.0	6.914589514693757	0.9998353757011105	0	candidate-surface abundance policy; fixed calls	0	0.0
hmp_airskin_gtdb_source_abundance	16	normalized_depth_alpha2_cap0.005	10	10	10	0	0	1.0	1.0	1.0	6.914589514693757	0.9998353757011105	0	candidate-surface abundance policy; fixed calls	0	0.0
hmp_airskin_gtdb_source_abundance	16	normalized_depth_alpha2_cap0.01	10	10	10	0	0	1.0	1.0	1.0	6.914589514693757	0.9998353757011105	0	candidate-surface abundance policy; fixed calls	0	0.0
hmp_airskin_gtdb_source_abundance	16	normalized_depth_alpha2_cap0.02	10	10	10	0	0	1.0	1.0	1.0	6.914589514693757	0.9998353757011105	0	candidate-surface abundance policy; fixed calls	0	0.0
hmp_airskin_gtdb_source_abundance	16	normalized_depth_alpha2_cap0.05	10	10	10	0	0	1.0	1.0	1.0	6.914589514693757	0.9998353757011105	0	candidate-surface abundance policy; fixed calls	0	0.0
hmp_airskin_gtdb_source_abundance	16	xny_share_alpha0.05	10	10	10	0	0	1.0	1.0	1.0	6.914589514693757	0.9998353757011105	0	candidate-surface abundance policy; fixed calls	0	0.0
hmp_airskin_gtdb_source_abundance	16	xny_share_alpha0.1	10	10	10	0	0	1.0	1.0	1.0	6.914589514693757	0.9998353757011105	0	candidate-surface abundance policy; fixed calls	0	0.0
hmp_airskin_gtdb_source_abundance	16	xny_share_alpha0.25	10	10	10	0	0	1.0	1.0	1.0	6.914589514693757	0.9998353757011105	0	candidate-surface abundance policy; fixed calls	0	0.0
hmp_airskin_gtdb_source_abundance	16	xny_share_alpha0.5	10	10	10	0	0	1.0	1.0	1.0	6.914589514693757	0.9998353757011105	0	candidate-surface abundance policy; fixed calls	0	0.0
hmp_airskin_gtdb_source_abundance	16	xny_share_alpha1	10	10	10	0	0	1.0	1.0	1.0	6.914589514693757	0.9998353757011105	0	candidate-surface abundance policy; fixed calls	0	0.0
hmp_airskin_gtdb_source_abundance	16	xny_share_alpha2	10	10	10	0	0	1.0	1.0	1.0	6.914589514693757	0.9998353757011105	0	candidate-surface abundance policy; fixed calls	0	0.0
hmp_airskin_gtdb_source_abundance	16	xny_share_alpha5	10	10	10	0	0	1.0	1.0	1.0	6.914589514693757	0.9998353757011105	0	candidate-surface abundance policy; fixed calls	0	0.0
hmp_airskin_gtdb_source_abundance	16	xny_share_alpha10	10	10	10	0	0	1.0	1.0	1.0	6.914589514693757	0.9998353757011105	0	candidate-surface abundance policy; fixed calls	0	0.0
hmp_airskin_gtdb_source_abundance	16	xny_share_cap0.001	10	10	10	0	0	1.0	1.0	1.0	6.914589514693757	0.9998353757011105	0	candidate-surface abundance policy; fixed calls	0	0.0
hmp_airskin_gtdb_source_abundance	16	xny_share_cap0.003	10	10	10	0	0	1.0	1.0	1.0	6.914589514693757	0.9998353757011105	0	candidate-surface abundance policy; fixed calls	0	0.0
hmp_airskin_gtdb_source_abundance	16	xny_share_cap0.005	10	10	10	0	0	1.0	1.0	1.0	6.914589514693757	0.9998353757011105	0	candidate-surface abundance policy; fixed calls	0	0.0
hmp_airskin_gtdb_source_abundance	16	xny_share_cap0.01	10	10	10	0	0	1.0	1.0	1.0	6.914589514693757	0.9998353757011105	0	candidate-surface abundance policy; fixed calls	0	0.0
hmp_airskin_gtdb_source_abundance	16	xny_share_cap0.02	10	10	10	0	0	1.0	1.0	1.0	6.914589514693757	0.9998353757011105	0	candidate-surface abundance policy; fixed calls	0	0.0
hmp_airskin_gtdb_source_abundance	16	xny_share_cap0.05	10	10	10	0	0	1.0	1.0	1.0	6.914589514693757	0.9998353757011105	0	candidate-surface abundance policy; fixed calls	0	0.0
hmp_airskin_gtdb_source_abundance	16	xny_share_alpha0.25_cap0.001	10	10	10	0	0	1.0	1.0	1.0	6.914589514693757	0.9998353757011105	0	candidate-surface abundance policy; fixed calls	0	0.0
hmp_airskin_gtdb_source_abundance	16	xny_share_alpha0.25_cap0.003	10	10	10	0	0	1.0	1.0	1.0	6.914589514693757	0.9998353757011105	0	candidate-surface abundance policy; fixed calls	0	0.0
hmp_airskin_gtdb_source_abundance	16	xny_share_alpha0.25_cap0.005	10	10	10	0	0	1.0	1.0	1.0	6.914589514693757	0.9998353757011105	0	candidate-surface abundance policy; fixed calls	0	0.0
hmp_airskin_gtdb_source_abundance	16	xny_share_alpha0.25_cap0.01	10	10	10	0	0	1.0	1.0	1.0	6.914589514693757	0.9998353757011105	0	candidate-surface abundance policy; fixed calls	0	0.0
hmp_airskin_gtdb_source_abundance	16	xny_share_alpha0.25_cap0.02	10	10	10	0	0	1.0	1.0	1.0	6.914589514693757	0.9998353757011105	0	candidate-surface abundance policy; fixed calls	0	0.0
hmp_airskin_gtdb_source_abundance	16	xny_share_alpha0.25_cap0.05	10	10	10	0	0	1.0	1.0	1.0	6.914589514693757	0.9998353757011105	0	candidate-surface abundance policy; fixed calls	0	0.0
hmp_airskin_gtdb_source_abundance	16	xny_share_alpha0.5_cap0.001	10	10	10	0	0	1.0	1.0	1.0	6.914589514693757	0.9998353757011105	0	candidate-surface abundance policy; fixed calls	0	0.0
hmp_airskin_gtdb_source_abundance	16	xny_share_alpha0.5_cap0.003	10	10	10	0	0	1.0	1.0	1.0	6.914589514693757	0.9998353757011105	0	candidate-surface abundance policy; fixed calls	0	0.0
hmp_airskin_gtdb_source_abundance	16	xny_share_alpha0.5_cap0.005	10	10	10	0	0	1.0	1.0	1.0	6.914589514693757	0.9998353757011105	0	candidate-surface abundance policy; fixed calls	0	0.0
hmp_airskin_gtdb_source_abundance	16	xny_share_alpha0.5_cap0.01	10	10	10	0	0	1.0	1.0	1.0	6.914589514693757	0.9998353757011105	0	candidate-surface abundance policy; fixed calls	0	0.0
hmp_airskin_gtdb_source_abundance	16	xny_share_alpha0.5_cap0.02	10	10	10	0	0	1.0	1.0	1.0	6.914589514693757	0.9998353757011105	0	candidate-surface abundance policy; fixed calls	0	0.0
hmp_airskin_gtdb_source_abundance	16	xny_share_alpha0.5_cap0.05	10	10	10	0	0	1.0	1.0	1.0	6.914589514693757	0.9998353757011105	0	candidate-surface abundance policy; fixed calls	0	0.0
hmp_airskin_gtdb_source_abundance	16	xny_share_alpha1_cap0.001	10	10	10	0	0	1.0	1.0	1.0	6.914589514693757	0.9998353757011105	0	candidate-surface abundance policy; fixed calls	0	0.0
hmp_airskin_gtdb_source_abundance	16	xny_share_alpha1_cap0.003	10	10	10	0	0	1.0	1.0	1.0	6.914589514693757	0.9998353757011105	0	candidate-surface abundance policy; fixed calls	0	0.0
hmp_airskin_gtdb_source_abundance	16	xny_share_alpha1_cap0.005	10	10	10	0	0	1.0	1.0	1.0	6.914589514693757	0.9998353757011105	0	candidate-surface abundance policy; fixed calls	0	0.0
hmp_airskin_gtdb_source_abundance	16	xny_share_alpha1_cap0.01	10	10	10	0	0	1.0	1.0	1.0	6.914589514693757	0.9998353757011105	0	candidate-surface abundance policy; fixed calls	0	0.0
hmp_airskin_gtdb_source_abundance	16	xny_share_alpha1_cap0.02	10	10	10	0	0	1.0	1.0	1.0	6.914589514693757	0.9998353757011105	0	candidate-surface abundance policy; fixed calls	0	0.0
hmp_airskin_gtdb_source_abundance	16	xny_share_alpha1_cap0.05	10	10	10	0	0	1.0	1.0	1.0	6.914589514693757	0.9998353757011105	0	candidate-surface abundance policy; fixed calls	0	0.0
hmp_airskin_gtdb_source_abundance	16	xny_share_alpha2_cap0.001	10	10	10	0	0	1.0	1.0	1.0	6.914589514693757	0.9998353757011105	0	candidate-surface abundance policy; fixed calls	0	0.0
hmp_airskin_gtdb_source_abundance	16	xny_share_alpha2_cap0.003	10	10	10	0	0	1.0	1.0	1.0	6.914589514693757	0.9998353757011105	0	candidate-surface abundance policy; fixed calls	0	0.0
hmp_airskin_gtdb_source_abundance	16	xny_share_alpha2_cap0.005	10	10	10	0	0	1.0	1.0	1.0	6.914589514693757	0.9998353757011105	0	candidate-surface abundance policy; fixed calls	0	0.0
hmp_airskin_gtdb_source_abundance	16	xny_share_alpha2_cap0.01	10	10	10	0	0	1.0	1.0	1.0	6.914589514693757	0.9998353757011105	0	candidate-surface abundance policy; fixed calls	0	0.0
hmp_airskin_gtdb_source_abundance	16	xny_share_alpha2_cap0.02	10	10	10	0	0	1.0	1.0	1.0	6.914589514693757	0.9998353757011105	0	candidate-surface abundance policy; fixed calls	0	0.0
hmp_airskin_gtdb_source_abundance	16	xny_share_alpha2_cap0.05	10	10	10	0	0	1.0	1.0	1.0	6.914589514693757	0.9998353757011105	0	candidate-surface abundance policy; fixed calls	0	0.0
hmp_airskin_gtdb_source_abundance	16	depth_share_alpha0.05	10	10	10	0	0	1.0	1.0	1.0	6.914589514693757	0.9998353757011105	0	candidate-surface abundance policy; fixed calls	0	0.0
hmp_airskin_gtdb_source_abundance	16	depth_share_alpha0.1	10	10	10	0	0	1.0	1.0	1.0	6.914589514693757	0.9998353757011105	0	candidate-surface abundance policy; fixed calls	0	0.0
hmp_airskin_gtdb_source_abundance	16	depth_share_alpha0.25	10	10	10	0	0	1.0	1.0	1.0	6.914589514693757	0.9998353757011105	0	candidate-surface abundance policy; fixed calls	0	0.0
hmp_airskin_gtdb_source_abundance	16	depth_share_alpha0.5	10	10	10	0	0	1.0	1.0	1.0	6.914589514693757	0.9998353757011105	0	candidate-surface abundance policy; fixed calls	0	0.0
hmp_airskin_gtdb_source_abundance	16	depth_share_alpha1	10	10	10	0	0	1.0	1.0	1.0	6.914589514693757	0.9998353757011105	0	candidate-surface abundance policy; fixed calls	0	0.0
hmp_airskin_gtdb_source_abundance	16	depth_share_alpha2	10	10	10	0	0	1.0	1.0	1.0	6.914589514693757	0.9998353757011105	0	candidate-surface abundance policy; fixed calls	0	0.0
hmp_airskin_gtdb_source_abundance	16	depth_share_alpha5	10	10	10	0	0	1.0	1.0	1.0	6.914589514693757	0.9998353757011105	0	candidate-surface abundance policy; fixed calls	0	0.0
hmp_airskin_gtdb_source_abundance	16	depth_share_alpha10	10	10	10	0	0	1.0	1.0	1.0	6.914589514693757	0.9998353757011105	0	candidate-surface abundance policy; fixed calls	0	0.0
hmp_airskin_gtdb_source_abundance	16	depth_share_cap0.001	10	10	10	0	0	1.0	1.0	1.0	6.914589514693757	0.9998353757011105	0	candidate-surface abundance policy; fixed calls	0	0.0
hmp_airskin_gtdb_source_abundance	16	depth_share_cap0.003	10	10	10	0	0	1.0	1.0	1.0	6.914589514693757	0.9998353757011105	0	candidate-surface abundance policy; fixed calls	0	0.0
hmp_airskin_gtdb_source_abundance	16	depth_share_cap0.005	10	10	10	0	0	1.0	1.0	1.0	6.914589514693757	0.9998353757011105	0	candidate-surface abundance policy; fixed calls	0	0.0
hmp_airskin_gtdb_source_abundance	16	depth_share_cap0.01	10	10	10	0	0	1.0	1.0	1.0	6.914589514693757	0.9998353757011105	0	candidate-surface abundance policy; fixed calls	0	0.0
hmp_airskin_gtdb_source_abundance	16	depth_share_cap0.02	10	10	10	0	0	1.0	1.0	1.0	6.914589514693757	0.9998353757011105	0	candidate-surface abundance policy; fixed calls	0	0.0
hmp_airskin_gtdb_source_abundance	16	depth_share_cap0.05	10	10	10	0	0	1.0	1.0	1.0	6.914589514693757	0.9998353757011105	0	candidate-surface abundance policy; fixed calls	0	0.0
hmp_airskin_gtdb_source_abundance	16	depth_share_alpha0.25_cap0.001	10	10	10	0	0	1.0	1.0	1.0	6.914589514693757	0.9998353757011105	0	candidate-surface abundance policy; fixed calls	0	0.0
hmp_airskin_gtdb_source_abundance	16	depth_share_alpha0.25_cap0.003	10	10	10	0	0	1.0	1.0	1.0	6.914589514693757	0.9998353757011105	0	candidate-surface abundance policy; fixed calls	0	0.0
hmp_airskin_gtdb_source_abundance	16	depth_share_alpha0.25_cap0.005	10	10	10	0	0	1.0	1.0	1.0	6.914589514693757	0.9998353757011105	0	candidate-surface abundance policy; fixed calls	0	0.0
hmp_airskin_gtdb_source_abundance	16	depth_share_alpha0.25_cap0.01	10	10	10	0	0	1.0	1.0	1.0	6.914589514693757	0.9998353757011105	0	candidate-surface abundance policy; fixed calls	0	0.0
hmp_airskin_gtdb_source_abundance	16	depth_share_alpha0.25_cap0.02	10	10	10	0	0	1.0	1.0	1.0	6.914589514693757	0.9998353757011105	0	candidate-surface abundance policy; fixed calls	0	0.0
hmp_airskin_gtdb_source_abundance	16	depth_share_alpha0.25_cap0.05	10	10	10	0	0	1.0	1.0	1.0	6.914589514693757	0.9998353757011105	0	candidate-surface abundance policy; fixed calls	0	0.0
hmp_airskin_gtdb_source_abundance	16	depth_share_alpha0.5_cap0.001	10	10	10	0	0	1.0	1.0	1.0	6.914589514693757	0.9998353757011105	0	candidate-surface abundance policy; fixed calls	0	0.0
hmp_airskin_gtdb_source_abundance	16	depth_share_alpha0.5_cap0.003	10	10	10	0	0	1.0	1.0	1.0	6.914589514693757	0.9998353757011105	0	candidate-surface abundance policy; fixed calls	0	0.0
hmp_airskin_gtdb_source_abundance	16	depth_share_alpha0.5_cap0.005	10	10	10	0	0	1.0	1.0	1.0	6.914589514693757	0.9998353757011105	0	candidate-surface abundance policy; fixed calls	0	0.0
hmp_airskin_gtdb_source_abundance	16	depth_share_alpha0.5_cap0.01	10	10	10	0	0	1.0	1.0	1.0	6.914589514693757	0.9998353757011105	0	candidate-surface abundance policy; fixed calls	0	0.0
hmp_airskin_gtdb_source_abundance	16	depth_share_alpha0.5_cap0.02	10	10	10	0	0	1.0	1.0	1.0	6.914589514693757	0.9998353757011105	0	candidate-surface abundance policy; fixed calls	0	0.0
hmp_airskin_gtdb_source_abundance	16	depth_share_alpha0.5_cap0.05	10	10	10	0	0	1.0	1.0	1.0	6.914589514693757	0.9998353757011105	0	candidate-surface abundance policy; fixed calls	0	0.0
hmp_airskin_gtdb_source_abundance	16	depth_share_alpha1_cap0.001	10	10	10	0	0	1.0	1.0	1.0	6.914589514693757	0.9998353757011105	0	candidate-surface abundance policy; fixed calls	0	0.0
hmp_airskin_gtdb_source_abundance	16	depth_share_alpha1_cap0.003	10	10	10	0	0	1.0	1.0	1.0	6.914589514693757	0.9998353757011105	0	candidate-surface abundance policy; fixed calls	0	0.0
hmp_airskin_gtdb_source_abundance	16	depth_share_alpha1_cap0.005	10	10	10	0	0	1.0	1.0	1.0	6.914589514693757	0.9998353757011105	0	candidate-surface abundance policy; fixed calls	0	0.0
hmp_airskin_gtdb_source_abundance	16	depth_share_alpha1_cap0.01	10	10	10	0	0	1.0	1.0	1.0	6.914589514693757	0.9998353757011105	0	candidate-surface abundance policy; fixed calls	0	0.0
hmp_airskin_gtdb_source_abundance	16	depth_share_alpha1_cap0.02	10	10	10	0	0	1.0	1.0	1.0	6.914589514693757	0.9998353757011105	0	candidate-surface abundance policy; fixed calls	0	0.0
hmp_airskin_gtdb_source_abundance	16	depth_share_alpha1_cap0.05	10	10	10	0	0	1.0	1.0	1.0	6.914589514693757	0.9998353757011105	0	candidate-surface abundance policy; fixed calls	0	0.0
hmp_airskin_gtdb_source_abundance	16	depth_share_alpha2_cap0.001	10	10	10	0	0	1.0	1.0	1.0	6.914589514693757	0.9998353757011105	0	candidate-surface abundance policy; fixed calls	0	0.0
hmp_airskin_gtdb_source_abundance	16	depth_share_alpha2_cap0.003	10	10	10	0	0	1.0	1.0	1.0	6.914589514693757	0.9998353757011105	0	candidate-surface abundance policy; fixed calls	0	0.0
hmp_airskin_gtdb_source_abundance	16	depth_share_alpha2_cap0.005	10	10	10	0	0	1.0	1.0	1.0	6.914589514693757	0.9998353757011105	0	candidate-surface abundance policy; fixed calls	0	0.0
hmp_airskin_gtdb_source_abundance	16	depth_share_alpha2_cap0.01	10	10	10	0	0	1.0	1.0	1.0	6.914589514693757	0.9998353757011105	0	candidate-surface abundance policy; fixed calls	0	0.0
hmp_airskin_gtdb_source_abundance	16	depth_share_alpha2_cap0.02	10	10	10	0	0	1.0	1.0	1.0	6.914589514693757	0.9998353757011105	0	candidate-surface abundance policy; fixed calls	0	0.0
hmp_airskin_gtdb_source_abundance	16	depth_share_alpha2_cap0.05	10	10	10	0	0	1.0	1.0	1.0	6.914589514693757	0.9998353757011105	0	candidate-surface abundance policy; fixed calls	0	0.0
hmp_airskin_gtdb_source_abundance	17	zero_mass	46	73	46	27	0	0.6301369863013698	1.0	0.773109243697479	26.52518064311284	0.996009577889128	0	candidate-surface abundance policy; fixed calls	0	0.0
hmp_airskin_gtdb_source_abundance	17	normalized_depth_alpha0.05	46	73	46	27	0	0.6301369863013698	1.0	0.773109243697479	26.52518064311284	0.996009577889128	0	candidate-surface abundance policy; fixed calls	0	0.0
hmp_airskin_gtdb_source_abundance	17	normalized_depth_alpha0.1	46	73	46	27	0	0.6301369863013698	1.0	0.773109243697479	26.52518064311284	0.996009577889128	0	candidate-surface abundance policy; fixed calls	0	0.0
hmp_airskin_gtdb_source_abundance	17	normalized_depth_alpha0.25	46	73	46	27	0	0.6301369863013698	1.0	0.773109243697479	26.52518064311284	0.996009577889128	0	candidate-surface abundance policy; fixed calls	0	0.0
hmp_airskin_gtdb_source_abundance	17	normalized_depth_alpha0.5	46	73	46	27	0	0.6301369863013698	1.0	0.773109243697479	26.52518064311284	0.996009577889128	0	candidate-surface abundance policy; fixed calls	0	0.0
hmp_airskin_gtdb_source_abundance	17	normalized_depth_alpha1	46	73	46	27	0	0.6301369863013698	1.0	0.773109243697479	26.52518064311284	0.996009577889128	0	candidate-surface abundance policy; fixed calls	0	0.0
hmp_airskin_gtdb_source_abundance	17	normalized_depth_alpha2	46	73	46	27	0	0.6301369863013698	1.0	0.773109243697479	26.52518064311284	0.996009577889128	0	candidate-surface abundance policy; fixed calls	0	0.0
hmp_airskin_gtdb_source_abundance	17	normalized_depth_alpha5	46	73	46	27	0	0.6301369863013698	1.0	0.773109243697479	26.52518064311284	0.996009577889128	0	candidate-surface abundance policy; fixed calls	0	0.0
hmp_airskin_gtdb_source_abundance	17	normalized_depth_alpha10	46	73	46	27	0	0.6301369863013698	1.0	0.773109243697479	26.52518064311284	0.996009577889128	0	candidate-surface abundance policy; fixed calls	0	0.0
hmp_airskin_gtdb_source_abundance	17	normalized_depth_cap0.001	46	73	46	27	0	0.6301369863013698	1.0	0.773109243697479	26.52518064311284	0.996009577889128	0	candidate-surface abundance policy; fixed calls	0	0.0
hmp_airskin_gtdb_source_abundance	17	normalized_depth_cap0.003	46	73	46	27	0	0.6301369863013698	1.0	0.773109243697479	26.52518064311284	0.996009577889128	0	candidate-surface abundance policy; fixed calls	0	0.0
hmp_airskin_gtdb_source_abundance	17	normalized_depth_cap0.005	46	73	46	27	0	0.6301369863013698	1.0	0.773109243697479	26.52518064311284	0.996009577889128	0	candidate-surface abundance policy; fixed calls	0	0.0
hmp_airskin_gtdb_source_abundance	17	normalized_depth_cap0.01	46	73	46	27	0	0.6301369863013698	1.0	0.773109243697479	26.52518064311284	0.996009577889128	0	candidate-surface abundance policy; fixed calls	0	0.0
hmp_airskin_gtdb_source_abundance	17	normalized_depth_cap0.02	46	73	46	27	0	0.6301369863013698	1.0	0.773109243697479	26.52518064311284	0.996009577889128	0	candidate-surface abundance policy; fixed calls	0	0.0
hmp_airskin_gtdb_source_abundance	17	normalized_depth_cap0.05	46	73	46	27	0	0.6301369863013698	1.0	0.773109243697479	26.52518064311284	0.996009577889128	0	candidate-surface abundance policy; fixed calls	0	0.0
hmp_airskin_gtdb_source_abundance	17	normalized_depth_alpha0.25_cap0.001	46	73	46	27	0	0.6301369863013698	1.0	0.773109243697479	26.52518064311284	0.996009577889128	0	candidate-surface abundance policy; fixed calls	0	0.0
hmp_airskin_gtdb_source_abundance	17	normalized_depth_alpha0.25_cap0.003	46	73	46	27	0	0.6301369863013698	1.0	0.773109243697479	26.52518064311284	0.996009577889128	0	candidate-surface abundance policy; fixed calls	0	0.0
hmp_airskin_gtdb_source_abundance	17	normalized_depth_alpha0.25_cap0.005	46	73	46	27	0	0.6301369863013698	1.0	0.773109243697479	26.52518064311284	0.996009577889128	0	candidate-surface abundance policy; fixed calls	0	0.0
hmp_airskin_gtdb_source_abundance	17	normalized_depth_alpha0.25_cap0.01	46	73	46	27	0	0.6301369863013698	1.0	0.773109243697479	26.52518064311284	0.996009577889128	0	candidate-surface abundance policy; fixed calls	0	0.0
hmp_airskin_gtdb_source_abundance	17	normalized_depth_alpha0.25_cap0.02	46	73	46	27	0	0.6301369863013698	1.0	0.773109243697479	26.52518064311284	0.996009577889128	0	candidate-surface abundance policy; fixed calls	0	0.0
hmp_airskin_gtdb_source_abundance	17	normalized_depth_alpha0.25_cap0.05	46	73	46	27	0	0.6301369863013698	1.0	0.773109243697479	26.52518064311284	0.996009577889128	0	candidate-surface abundance policy; fixed calls	0	0.0
hmp_airskin_gtdb_source_abundance	17	normalized_depth_alpha0.5_cap0.001	46	73	46	27	0	0.6301369863013698	1.0	0.773109243697479	26.52518064311284	0.996009577889128	0	candidate-surface abundance policy; fixed calls	0	0.0
hmp_airskin_gtdb_source_abundance	17	normalized_depth_alpha0.5_cap0.003	46	73	46	27	0	0.6301369863013698	1.0	0.773109243697479	26.52518064311284	0.996009577889128	0	candidate-surface abundance policy; fixed calls	0	0.0
hmp_airskin_gtdb_source_abundance	17	normalized_depth_alpha0.5_cap0.005	46	73	46	27	0	0.6301369863013698	1.0	0.773109243697479	26.52518064311284	0.996009577889128	0	candidate-surface abundance policy; fixed calls	0	0.0
hmp_airskin_gtdb_source_abundance	17	normalized_depth_alpha0.5_cap0.01	46	73	46	27	0	0.6301369863013698	1.0	0.773109243697479	26.52518064311284	0.996009577889128	0	candidate-surface abundance policy; fixed calls	0	0.0
hmp_airskin_gtdb_source_abundance	17	normalized_depth_alpha0.5_cap0.02	46	73	46	27	0	0.6301369863013698	1.0	0.773109243697479	26.52518064311284	0.996009577889128	0	candidate-surface abundance policy; fixed calls	0	0.0
hmp_airskin_gtdb_source_abundance	17	normalized_depth_alpha0.5_cap0.05	46	73	46	27	0	0.6301369863013698	1.0	0.773109243697479	26.52518064311284	0.996009577889128	0	candidate-surface abundance policy; fixed calls	0	0.0
hmp_airskin_gtdb_source_abundance	17	normalized_depth_alpha1_cap0.001	46	73	46	27	0	0.6301369863013698	1.0	0.773109243697479	26.52518064311284	0.996009577889128	0	candidate-surface abundance policy; fixed calls	0	0.0
hmp_airskin_gtdb_source_abundance	17	normalized_depth_alpha1_cap0.003	46	73	46	27	0	0.6301369863013698	1.0	0.773109243697479	26.52518064311284	0.996009577889128	0	candidate-surface abundance policy; fixed calls	0	0.0
hmp_airskin_gtdb_source_abundance	17	normalized_depth_alpha1_cap0.005	46	73	46	27	0	0.6301369863013698	1.0	0.773109243697479	26.52518064311284	0.996009577889128	0	candidate-surface abundance policy; fixed calls	0	0.0
hmp_airskin_gtdb_source_abundance	17	normalized_depth_alpha1_cap0.01	46	73	46	27	0	0.6301369863013698	1.0	0.773109243697479	26.52518064311284	0.996009577889128	0	candidate-surface abundance policy; fixed calls	0	0.0
hmp_airskin_gtdb_source_abundance	17	normalized_depth_alpha1_cap0.02	46	73	46	27	0	0.6301369863013698	1.0	0.773109243697479	26.52518064311284	0.996009577889128	0	candidate-surface abundance policy; fixed calls	0	0.0
hmp_airskin_gtdb_source_abundance	17	normalized_depth_alpha1_cap0.05	46	73	46	27	0	0.6301369863013698	1.0	0.773109243697479	26.52518064311284	0.996009577889128	0	candidate-surface abundance policy; fixed calls	0	0.0
hmp_airskin_gtdb_source_abundance	17	normalized_depth_alpha2_cap0.001	46	73	46	27	0	0.6301369863013698	1.0	0.773109243697479	26.52518064311284	0.996009577889128	0	candidate-surface abundance policy; fixed calls	0	0.0
hmp_airskin_gtdb_source_abundance	17	normalized_depth_alpha2_cap0.003	46	73	46	27	0	0.6301369863013698	1.0	0.773109243697479	26.52518064311284	0.996009577889128	0	candidate-surface abundance policy; fixed calls	0	0.0
hmp_airskin_gtdb_source_abundance	17	normalized_depth_alpha2_cap0.005	46	73	46	27	0	0.6301369863013698	1.0	0.773109243697479	26.52518064311284	0.996009577889128	0	candidate-surface abundance policy; fixed calls	0	0.0
hmp_airskin_gtdb_source_abundance	17	normalized_depth_alpha2_cap0.01	46	73	46	27	0	0.6301369863013698	1.0	0.773109243697479	26.52518064311284	0.996009577889128	0	candidate-surface abundance policy; fixed calls	0	0.0
hmp_airskin_gtdb_source_abundance	17	normalized_depth_alpha2_cap0.02	46	73	46	27	0	0.6301369863013698	1.0	0.773109243697479	26.52518064311284	0.996009577889128	0	candidate-surface abundance policy; fixed calls	0	0.0
hmp_airskin_gtdb_source_abundance	17	normalized_depth_alpha2_cap0.05	46	73	46	27	0	0.6301369863013698	1.0	0.773109243697479	26.52518064311284	0.996009577889128	0	candidate-surface abundance policy; fixed calls	0	0.0
hmp_airskin_gtdb_source_abundance	17	xny_share_alpha0.05	46	73	46	27	0	0.6301369863013698	1.0	0.773109243697479	26.52518064311284	0.996009577889128	0	candidate-surface abundance policy; fixed calls	0	0.0
hmp_airskin_gtdb_source_abundance	17	xny_share_alpha0.1	46	73	46	27	0	0.6301369863013698	1.0	0.773109243697479	26.52518064311284	0.996009577889128	0	candidate-surface abundance policy; fixed calls	0	0.0
hmp_airskin_gtdb_source_abundance	17	xny_share_alpha0.25	46	73	46	27	0	0.6301369863013698	1.0	0.773109243697479	26.52518064311284	0.996009577889128	0	candidate-surface abundance policy; fixed calls	0	0.0
hmp_airskin_gtdb_source_abundance	17	xny_share_alpha0.5	46	73	46	27	0	0.6301369863013698	1.0	0.773109243697479	26.52518064311284	0.996009577889128	0	candidate-surface abundance policy; fixed calls	0	0.0
hmp_airskin_gtdb_source_abundance	17	xny_share_alpha1	46	73	46	27	0	0.6301369863013698	1.0	0.773109243697479	26.52518064311284	0.996009577889128	0	candidate-surface abundance policy; fixed calls	0	0.0
hmp_airskin_gtdb_source_abundance	17	xny_share_alpha2	46	73	46	27	0	0.6301369863013698	1.0	0.773109243697479	26.52518064311284	0.996009577889128	0	candidate-surface abundance policy; fixed calls	0	0.0
hmp_airskin_gtdb_source_abundance	17	xny_share_alpha5	46	73	46	27	0	0.6301369863013698	1.0	0.773109243697479	26.52518064311284	0.996009577889128	0	candidate-surface abundance policy; fixed calls	0	0.0
hmp_airskin_gtdb_source_abundance	17	xny_share_alpha10	46	73	46	27	0	0.6301369863013698	1.0	0.773109243697479	26.52518064311284	0.996009577889128	0	candidate-surface abundance policy; fixed calls	0	0.0
hmp_airskin_gtdb_source_abundance	17	xny_share_cap0.001	46	73	46	27	0	0.6301369863013698	1.0	0.773109243697479	26.52518064311284	0.996009577889128	0	candidate-surface abundance policy; fixed calls	0	0.0
hmp_airskin_gtdb_source_abundance	17	xny_share_cap0.003	46	73	46	27	0	0.6301369863013698	1.0	0.773109243697479	26.52518064311284	0.996009577889128	0	candidate-surface abundance policy; fixed calls	0	0.0
hmp_airskin_gtdb_source_abundance	17	xny_share_cap0.005	46	73	46	27	0	0.6301369863013698	1.0	0.773109243697479	26.52518064311284	0.996009577889128	0	candidate-surface abundance policy; fixed calls	0	0.0
hmp_airskin_gtdb_source_abundance	17	xny_share_cap0.01	46	73	46	27	0	0.6301369863013698	1.0	0.773109243697479	26.52518064311284	0.996009577889128	0	candidate-surface abundance policy; fixed calls	0	0.0
hmp_airskin_gtdb_source_abundance	17	xny_share_cap0.02	46	73	46	27	0	0.6301369863013698	1.0	0.773109243697479	26.52518064311284	0.996009577889128	0	candidate-surface abundance policy; fixed calls	0	0.0
hmp_airskin_gtdb_source_abundance	17	xny_share_cap0.05	46	73	46	27	0	0.6301369863013698	1.0	0.773109243697479	26.52518064311284	0.996009577889128	0	candidate-surface abundance policy; fixed calls	0	0.0
hmp_airskin_gtdb_source_abundance	17	xny_share_alpha0.25_cap0.001	46	73	46	27	0	0.6301369863013698	1.0	0.773109243697479	26.52518064311284	0.996009577889128	0	candidate-surface abundance policy; fixed calls	0	0.0
hmp_airskin_gtdb_source_abundance	17	xny_share_alpha0.25_cap0.003	46	73	46	27	0	0.6301369863013698	1.0	0.773109243697479	26.52518064311284	0.996009577889128	0	candidate-surface abundance policy; fixed calls	0	0.0
hmp_airskin_gtdb_source_abundance	17	xny_share_alpha0.25_cap0.005	46	73	46	27	0	0.6301369863013698	1.0	0.773109243697479	26.52518064311284	0.996009577889128	0	candidate-surface abundance policy; fixed calls	0	0.0
hmp_airskin_gtdb_source_abundance	17	xny_share_alpha0.25_cap0.01	46	73	46	27	0	0.6301369863013698	1.0	0.773109243697479	26.52518064311284	0.996009577889128	0	candidate-surface abundance policy; fixed calls	0	0.0
hmp_airskin_gtdb_source_abundance	17	xny_share_alpha0.25_cap0.02	46	73	46	27	0	0.6301369863013698	1.0	0.773109243697479	26.52518064311284	0.996009577889128	0	candidate-surface abundance policy; fixed calls	0	0.0
hmp_airskin_gtdb_source_abundance	17	xny_share_alpha0.25_cap0.05	46	73	46	27	0	0.6301369863013698	1.0	0.773109243697479	26.52518064311284	0.996009577889128	0	candidate-surface abundance policy; fixed calls	0	0.0
hmp_airskin_gtdb_source_abundance	17	xny_share_alpha0.5_cap0.001	46	73	46	27	0	0.6301369863013698	1.0	0.773109243697479	26.52518064311284	0.996009577889128	0	candidate-surface abundance policy; fixed calls	0	0.0
hmp_airskin_gtdb_source_abundance	17	xny_share_alpha0.5_cap0.003	46	73	46	27	0	0.6301369863013698	1.0	0.773109243697479	26.52518064311284	0.996009577889128	0	candidate-surface abundance policy; fixed calls	0	0.0
hmp_airskin_gtdb_source_abundance	17	xny_share_alpha0.5_cap0.005	46	73	46	27	0	0.6301369863013698	1.0	0.773109243697479	26.52518064311284	0.996009577889128	0	candidate-surface abundance policy; fixed calls	0	0.0
hmp_airskin_gtdb_source_abundance	17	xny_share_alpha0.5_cap0.01	46	73	46	27	0	0.6301369863013698	1.0	0.773109243697479	26.52518064311284	0.996009577889128	0	candidate-surface abundance policy; fixed calls	0	0.0
hmp_airskin_gtdb_source_abundance	17	xny_share_alpha0.5_cap0.02	46	73	46	27	0	0.6301369863013698	1.0	0.773109243697479	26.52518064311284	0.996009577889128	0	candidate-surface abundance policy; fixed calls	0	0.0
hmp_airskin_gtdb_source_abundance	17	xny_share_alpha0.5_cap0.05	46	73	46	27	0	0.6301369863013698	1.0	0.773109243697479	26.52518064311284	0.996009577889128	0	candidate-surface abundance policy; fixed calls	0	0.0
hmp_airskin_gtdb_source_abundance	17	xny_share_alpha1_cap0.001	46	73	46	27	0	0.6301369863013698	1.0	0.773109243697479	26.52518064311284	0.996009577889128	0	candidate-surface abundance policy; fixed calls	0	0.0
hmp_airskin_gtdb_source_abundance	17	xny_share_alpha1_cap0.003	46	73	46	27	0	0.6301369863013698	1.0	0.773109243697479	26.52518064311284	0.996009577889128	0	candidate-surface abundance policy; fixed calls	0	0.0
hmp_airskin_gtdb_source_abundance	17	xny_share_alpha1_cap0.005	46	73	46	27	0	0.6301369863013698	1.0	0.773109243697479	26.52518064311284	0.996009577889128	0	candidate-surface abundance policy; fixed calls	0	0.0
hmp_airskin_gtdb_source_abundance	17	xny_share_alpha1_cap0.01	46	73	46	27	0	0.6301369863013698	1.0	0.773109243697479	26.52518064311284	0.996009577889128	0	candidate-surface abundance policy; fixed calls	0	0.0
hmp_airskin_gtdb_source_abundance	17	xny_share_alpha1_cap0.02	46	73	46	27	0	0.6301369863013698	1.0	0.773109243697479	26.52518064311284	0.996009577889128	0	candidate-surface abundance policy; fixed calls	0	0.0
hmp_airskin_gtdb_source_abundance	17	xny_share_alpha1_cap0.05	46	73	46	27	0	0.6301369863013698	1.0	0.773109243697479	26.52518064311284	0.996009577889128	0	candidate-surface abundance policy; fixed calls	0	0.0
hmp_airskin_gtdb_source_abundance	17	xny_share_alpha2_cap0.001	46	73	46	27	0	0.6301369863013698	1.0	0.773109243697479	26.52518064311284	0.996009577889128	0	candidate-surface abundance policy; fixed calls	0	0.0
hmp_airskin_gtdb_source_abundance	17	xny_share_alpha2_cap0.003	46	73	46	27	0	0.6301369863013698	1.0	0.773109243697479	26.52518064311284	0.996009577889128	0	candidate-surface abundance policy; fixed calls	0	0.0
hmp_airskin_gtdb_source_abundance	17	xny_share_alpha2_cap0.005	46	73	46	27	0	0.6301369863013698	1.0	0.773109243697479	26.52518064311284	0.996009577889128	0	candidate-surface abundance policy; fixed calls	0	0.0
hmp_airskin_gtdb_source_abundance	17	xny_share_alpha2_cap0.01	46	73	46	27	0	0.6301369863013698	1.0	0.773109243697479	26.52518064311284	0.996009577889128	0	candidate-surface abundance policy; fixed calls	0	0.0
hmp_airskin_gtdb_source_abundance	17	xny_share_alpha2_cap0.02	46	73	46	27	0	0.6301369863013698	1.0	0.773109243697479	26.52518064311284	0.996009577889128	0	candidate-surface abundance policy; fixed calls	0	0.0
hmp_airskin_gtdb_source_abundance	17	xny_share_alpha2_cap0.05	46	73	46	27	0	0.6301369863013698	1.0	0.773109243697479	26.52518064311284	0.996009577889128	0	candidate-surface abundance policy; fixed calls	0	0.0
hmp_airskin_gtdb_source_abundance	17	depth_share_alpha0.05	46	73	46	27	0	0.6301369863013698	1.0	0.773109243697479	26.52518064311284	0.996009577889128	0	candidate-surface abundance policy; fixed calls	0	0.0
hmp_airskin_gtdb_source_abundance	17	depth_share_alpha0.1	46	73	46	27	0	0.6301369863013698	1.0	0.773109243697479	26.52518064311284	0.996009577889128	0	candidate-surface abundance policy; fixed calls	0	0.0
hmp_airskin_gtdb_source_abundance	17	depth_share_alpha0.25	46	73	46	27	0	0.6301369863013698	1.0	0.773109243697479	26.52518064311284	0.996009577889128	0	candidate-surface abundance policy; fixed calls	0	0.0
hmp_airskin_gtdb_source_abundance	17	depth_share_alpha0.5	46	73	46	27	0	0.6301369863013698	1.0	0.773109243697479	26.52518064311284	0.996009577889128	0	candidate-surface abundance policy; fixed calls	0	0.0
hmp_airskin_gtdb_source_abundance	17	depth_share_alpha1	46	73	46	27	0	0.6301369863013698	1.0	0.773109243697479	26.52518064311284	0.996009577889128	0	candidate-surface abundance policy; fixed calls	0	0.0
hmp_airskin_gtdb_source_abundance	17	depth_share_alpha2	46	73	46	27	0	0.6301369863013698	1.0	0.773109243697479	26.52518064311284	0.996009577889128	0	candidate-surface abundance policy; fixed calls	0	0.0
hmp_airskin_gtdb_source_abundance	17	depth_share_alpha5	46	73	46	27	0	0.6301369863013698	1.0	0.773109243697479	26.52518064311284	0.996009577889128	0	candidate-surface abundance policy; fixed calls	0	0.0
hmp_airskin_gtdb_source_abundance	17	depth_share_alpha10	46	73	46	27	0	0.6301369863013698	1.0	0.773109243697479	26.52518064311284	0.996009577889128	0	candidate-surface abundance policy; fixed calls	0	0.0
hmp_airskin_gtdb_source_abundance	17	depth_share_cap0.001	46	73	46	27	0	0.6301369863013698	1.0	0.773109243697479	26.52518064311284	0.996009577889128	0	candidate-surface abundance policy; fixed calls	0	0.0
hmp_airskin_gtdb_source_abundance	17	depth_share_cap0.003	46	73	46	27	0	0.6301369863013698	1.0	0.773109243697479	26.52518064311284	0.996009577889128	0	candidate-surface abundance policy; fixed calls	0	0.0
hmp_airskin_gtdb_source_abundance	17	depth_share_cap0.005	46	73	46	27	0	0.6301369863013698	1.0	0.773109243697479	26.52518064311284	0.996009577889128	0	candidate-surface abundance policy; fixed calls	0	0.0
hmp_airskin_gtdb_source_abundance	17	depth_share_cap0.01	46	73	46	27	0	0.6301369863013698	1.0	0.773109243697479	26.52518064311284	0.996009577889128	0	candidate-surface abundance policy; fixed calls	0	0.0
hmp_airskin_gtdb_source_abundance	17	depth_share_cap0.02	46	73	46	27	0	0.6301369863013698	1.0	0.773109243697479	26.52518064311284	0.996009577889128	0	candidate-surface abundance policy; fixed calls	0	0.0
hmp_airskin_gtdb_source_abundance	17	depth_share_cap0.05	46	73	46	27	0	0.6301369863013698	1.0	0.773109243697479	26.52518064311284	0.996009577889128	0	candidate-surface abundance policy; fixed calls	0	0.0
hmp_airskin_gtdb_source_abundance	17	depth_share_alpha0.25_cap0.001	46	73	46	27	0	0.6301369863013698	1.0	0.773109243697479	26.52518064311284	0.996009577889128	0	candidate-surface abundance policy; fixed calls	0	0.0
hmp_airskin_gtdb_source_abundance	17	depth_share_alpha0.25_cap0.003	46	73	46	27	0	0.6301369863013698	1.0	0.773109243697479	26.52518064311284	0.996009577889128	0	candidate-surface abundance policy; fixed calls	0	0.0
hmp_airskin_gtdb_source_abundance	17	depth_share_alpha0.25_cap0.005	46	73	46	27	0	0.6301369863013698	1.0	0.773109243697479	26.52518064311284	0.996009577889128	0	candidate-surface abundance policy; fixed calls	0	0.0
hmp_airskin_gtdb_source_abundance	17	depth_share_alpha0.25_cap0.01	46	73	46	27	0	0.6301369863013698	1.0	0.773109243697479	26.52518064311284	0.996009577889128	0	candidate-surface abundance policy; fixed calls	0	0.0
hmp_airskin_gtdb_source_abundance	17	depth_share_alpha0.25_cap0.02	46	73	46	27	0	0.6301369863013698	1.0	0.773109243697479	26.52518064311284	0.996009577889128	0	candidate-surface abundance policy; fixed calls	0	0.0
hmp_airskin_gtdb_source_abundance	17	depth_share_alpha0.25_cap0.05	46	73	46	27	0	0.6301369863013698	1.0	0.773109243697479	26.52518064311284	0.996009577889128	0	candidate-surface abundance policy; fixed calls	0	0.0
hmp_airskin_gtdb_source_abundance	17	depth_share_alpha0.5_cap0.001	46	73	46	27	0	0.6301369863013698	1.0	0.773109243697479	26.52518064311284	0.996009577889128	0	candidate-surface abundance policy; fixed calls	0	0.0
hmp_airskin_gtdb_source_abundance	17	depth_share_alpha0.5_cap0.003	46	73	46	27	0	0.6301369863013698	1.0	0.773109243697479	26.52518064311284	0.996009577889128	0	candidate-surface abundance policy; fixed calls	0	0.0
hmp_airskin_gtdb_source_abundance	17	depth_share_alpha0.5_cap0.005	46	73	46	27	0	0.6301369863013698	1.0	0.773109243697479	26.52518064311284	0.996009577889128	0	candidate-surface abundance policy; fixed calls	0	0.0
hmp_airskin_gtdb_source_abundance	17	depth_share_alpha0.5_cap0.01	46	73	46	27	0	0.6301369863013698	1.0	0.773109243697479	26.52518064311284	0.996009577889128	0	candidate-surface abundance policy; fixed calls	0	0.0
hmp_airskin_gtdb_source_abundance	17	depth_share_alpha0.5_cap0.02	46	73	46	27	0	0.6301369863013698	1.0	0.773109243697479	26.52518064311284	0.996009577889128	0	candidate-surface abundance policy; fixed calls	0	0.0
hmp_airskin_gtdb_source_abundance	17	depth_share_alpha0.5_cap0.05	46	73	46	27	0	0.6301369863013698	1.0	0.773109243697479	26.52518064311284	0.996009577889128	0	candidate-surface abundance policy; fixed calls	0	0.0
hmp_airskin_gtdb_source_abundance	17	depth_share_alpha1_cap0.001	46	73	46	27	0	0.6301369863013698	1.0	0.773109243697479	26.52518064311284	0.996009577889128	0	candidate-surface abundance policy; fixed calls	0	0.0
hmp_airskin_gtdb_source_abundance	17	depth_share_alpha1_cap0.003	46	73	46	27	0	0.6301369863013698	1.0	0.773109243697479	26.52518064311284	0.996009577889128	0	candidate-surface abundance policy; fixed calls	0	0.0
hmp_airskin_gtdb_source_abundance	17	depth_share_alpha1_cap0.005	46	73	46	27	0	0.6301369863013698	1.0	0.773109243697479	26.52518064311284	0.996009577889128	0	candidate-surface abundance policy; fixed calls	0	0.0
hmp_airskin_gtdb_source_abundance	17	depth_share_alpha1_cap0.01	46	73	46	27	0	0.6301369863013698	1.0	0.773109243697479	26.52518064311284	0.996009577889128	0	candidate-surface abundance policy; fixed calls	0	0.0
hmp_airskin_gtdb_source_abundance	17	depth_share_alpha1_cap0.02	46	73	46	27	0	0.6301369863013698	1.0	0.773109243697479	26.52518064311284	0.996009577889128	0	candidate-surface abundance policy; fixed calls	0	0.0
hmp_airskin_gtdb_source_abundance	17	depth_share_alpha1_cap0.05	46	73	46	27	0	0.6301369863013698	1.0	0.773109243697479	26.52518064311284	0.996009577889128	0	candidate-surface abundance policy; fixed calls	0	0.0
hmp_airskin_gtdb_source_abundance	17	depth_share_alpha2_cap0.001	46	73	46	27	0	0.6301369863013698	1.0	0.773109243697479	26.52518064311284	0.996009577889128	0	candidate-surface abundance policy; fixed calls	0	0.0
hmp_airskin_gtdb_source_abundance	17	depth_share_alpha2_cap0.003	46	73	46	27	0	0.6301369863013698	1.0	0.773109243697479	26.52518064311284	0.996009577889128	0	candidate-surface abundance policy; fixed calls	0	0.0
hmp_airskin_gtdb_source_abundance	17	depth_share_alpha2_cap0.005	46	73	46	27	0	0.6301369863013698	1.0	0.773109243697479	26.52518064311284	0.996009577889128	0	candidate-surface abundance policy; fixed calls	0	0.0
hmp_airskin_gtdb_source_abundance	17	depth_share_alpha2_cap0.01	46	73	46	27	0	0.6301369863013698	1.0	0.773109243697479	26.52518064311284	0.996009577889128	0	candidate-surface abundance policy; fixed calls	0	0.0
hmp_airskin_gtdb_source_abundance	17	depth_share_alpha2_cap0.02	46	73	46	27	0	0.6301369863013698	1.0	0.773109243697479	26.52518064311284	0.996009577889128	0	candidate-surface abundance policy; fixed calls	0	0.0
hmp_airskin_gtdb_source_abundance	17	depth_share_alpha2_cap0.05	46	73	46	27	0	0.6301369863013698	1.0	0.773109243697479	26.52518064311284	0.996009577889128	0	candidate-surface abundance policy; fixed calls	0	0.0
hmp_airskin_gtdb_source_abundance	18	zero_mass	27	27	26	1	1	0.9629629629629629	0.9629629629629629	0.9629629629629629	12.023034824053685	0.9947328417202754	0	candidate-surface abundance policy; fixed calls	1	0.0
hmp_airskin_gtdb_source_abundance	18	normalized_depth_alpha0.05	27	27	26	1	1	0.9629629629629629	0.9629629629629629	0.9629629629629629	12.007662487262131	0.9947432934076654	0	candidate-surface abundance policy; fixed calls	1	0.00012145000000000001
hmp_airskin_gtdb_source_abundance	18	normalized_depth_alpha0.1	27	27	26	1	1	0.9629629629629629	0.9629629629629629	0.9629629629629629	11.992293883504427	0.9947536776810203	0	candidate-surface abundance policy; fixed calls	1	0.00024290000000000002
hmp_airskin_gtdb_source_abundance	18	normalized_depth_alpha0.25	27	27	26	1	1	0.9629629629629629	0.9629629629629629	0.9629629629629629	11.946210456841394	0.9947844259112963	0	candidate-surface abundance policy; fixed calls	1	0.00060725
hmp_airskin_gtdb_source_abundance	18	normalized_depth_alpha0.5	27	27	26	1	1	0.9629629629629629	0.9629629629629629	0.9629629629629629	11.869479279643812	0.9948343237016457	0	candidate-surface abundance policy; fixed calls	1	0.0012145
hmp_airskin_gtdb_source_abundance	18	normalized_depth_alpha1	27	27	26	1	1	0.9629629629629629	0.9629629629629629	0.9629629629629629	11.716295817862592	0.994929054936742	0	candidate-surface abundance policy; fixed calls	1	0.002429
hmp_airskin_gtdb_source_abundance	18	normalized_depth_alpha2	27	27	26	1	1	0.9629629629629629	0.9629629629629629	0.9629629629629629	11.411039745670212	0.9950982254305216	0	candidate-surface abundance policy; fixed calls	1	0.004858
hmp_airskin_gtdb_source_abundance	18	normalized_depth_alpha5	27	27	26	1	1	0.9629629629629629	0.9629629629629629	0.9629629629629629	10.504062368342648	0.9954427589937516	0	candidate-surface abundance policy; fixed calls	1	0.012145000000000001
hmp_airskin_gtdb_source_abundance	18	normalized_depth_alpha10	27	27	26	1	1	0.9629629629629629	0.9629629629629629	0.9629629629629629	10.303211473546838	0.9954703819059011	0	candidate-surface abundance policy; fixed calls	1	0.024290000000000003
hmp_airskin_gtdb_source_abundance	18	normalized_depth_cap0.001	27	27	26	1	1	0.9629629629629629	0.9629629629629629	0.9629629629629629	11.896572535729774	0.9948168909345498	0	candidate-surface abundance policy; fixed calls	1	0.001
hmp_airskin_gtdb_source_abundance	18	normalized_depth_cap0.003	27	27	26	1	1	0.9629629629629629	0.9629629629629629	0.9629629629629629	11.716295817862592	0.994929054936742	0	candidate-surface abundance policy; fixed calls	1	0.002429
hmp_airskin_gtdb_source_abundance	18	normalized_depth_cap0.005	27	27	26	1	1	0.9629629629629629	0.9629629629629629	0.9629629629629629	11.716295817862592	0.994929054936742	0	candidate-surface abundance policy; fixed calls	1	0.002429
hmp_airskin_gtdb_source_abundance	18	normalized_depth_cap0.01	27	27	26	1	1	0.9629629629629629	0.9629629629629629	0.9629629629629629	11.716295817862592	0.994929054936742	0	candidate-surface abundance policy; fixed calls	1	0.002429
hmp_airskin_gtdb_source_abundance	18	normalized_depth_cap0.02	27	27	26	1	1	0.9629629629629629	0.9629629629629629	0.9629629629629629	11.716295817862592	0.994929054936742	0	candidate-surface abundance policy; fixed calls	1	0.002429
hmp_airskin_gtdb_source_abundance	18	normalized_depth_cap0.05	27	27	26	1	1	0.9629629629629629	0.9629629629629629	0.9629629629629629	11.716295817862592	0.994929054936742	0	candidate-surface abundance policy; fixed calls	1	0.002429
hmp_airskin_gtdb_source_abundance	18	normalized_depth_alpha0.25_cap0.001	27	27	26	1	1	0.9629629629629629	0.9629629629629629	0.9629629629629629	11.946210456841394	0.9947844259112963	0	candidate-surface abundance policy; fixed calls	1	0.00060725
hmp_airskin_gtdb_source_abundance	18	normalized_depth_alpha0.25_cap0.003	27	27	26	1	1	0.9629629629629629	0.9629629629629629	0.9629629629629629	11.946210456841394	0.9947844259112963	0	candidate-surface abundance policy; fixed calls	1	0.00060725
hmp_airskin_gtdb_source_abundance	18	normalized_depth_alpha0.25_cap0.005	27	27	26	1	1	0.9629629629629629	0.9629629629629629	0.9629629629629629	11.946210456841394	0.9947844259112963	0	candidate-surface abundance policy; fixed calls	1	0.00060725
hmp_airskin_gtdb_source_abundance	18	normalized_depth_alpha0.25_cap0.01	27	27	26	1	1	0.9629629629629629	0.9629629629629629	0.9629629629629629	11.946210456841394	0.9947844259112963	0	candidate-surface abundance policy; fixed calls	1	0.00060725
hmp_airskin_gtdb_source_abundance	18	normalized_depth_alpha0.25_cap0.02	27	27	26	1	1	0.9629629629629629	0.9629629629629629	0.9629629629629629	11.946210456841394	0.9947844259112963	0	candidate-surface abundance policy; fixed calls	1	0.00060725
hmp_airskin_gtdb_source_abundance	18	normalized_depth_alpha0.25_cap0.05	27	27	26	1	1	0.9629629629629629	0.9629629629629629	0.9629629629629629	11.946210456841394	0.9947844259112963	0	candidate-surface abundance policy; fixed calls	1	0.00060725
hmp_airskin_gtdb_source_abundance	18	normalized_depth_alpha0.5_cap0.001	27	27	26	1	1	0.9629629629629629	0.9629629629629629	0.9629629629629629	11.896572535729774	0.9948168909345498	0	candidate-surface abundance policy; fixed calls	1	0.001
hmp_airskin_gtdb_source_abundance	18	normalized_depth_alpha0.5_cap0.003	27	27	26	1	1	0.9629629629629629	0.9629629629629629	0.9629629629629629	11.869479279643812	0.9948343237016457	0	candidate-surface abundance policy; fixed calls	1	0.0012145
hmp_airskin_gtdb_source_abundance	18	normalized_depth_alpha0.5_cap0.005	27	27	26	1	1	0.9629629629629629	0.9629629629629629	0.9629629629629629	11.869479279643812	0.9948343237016457	0	candidate-surface abundance policy; fixed calls	1	0.0012145
hmp_airskin_gtdb_source_abundance	18	normalized_depth_alpha0.5_cap0.01	27	27	26	1	1	0.9629629629629629	0.9629629629629629	0.9629629629629629	11.869479279643812	0.9948343237016457	0	candidate-surface abundance policy; fixed calls	1	0.0012145
hmp_airskin_gtdb_source_abundance	18	normalized_depth_alpha0.5_cap0.02	27	27	26	1	1	0.9629629629629629	0.9629629629629629	0.9629629629629629	11.869479279643812	0.9948343237016457	0	candidate-surface abundance policy; fixed calls	1	0.0012145
hmp_airskin_gtdb_source_abundance	18	normalized_depth_alpha0.5_cap0.05	27	27	26	1	1	0.9629629629629629	0.9629629629629629	0.9629629629629629	11.869479279643812	0.9948343237016457	0	candidate-surface abundance policy; fixed calls	1	0.0012145
hmp_airskin_gtdb_source_abundance	18	normalized_depth_alpha1_cap0.001	27	27	26	1	1	0.9629629629629629	0.9629629629629629	0.9629629629629629	11.896572535729774	0.9948168909345498	0	candidate-surface abundance policy; fixed calls	1	0.001
hmp_airskin_gtdb_source_abundance	18	normalized_depth_alpha1_cap0.003	27	27	26	1	1	0.9629629629629629	0.9629629629629629	0.9629629629629629	11.716295817862592	0.994929054936742	0	candidate-surface abundance policy; fixed calls	1	0.002429
hmp_airskin_gtdb_source_abundance	18	normalized_depth_alpha1_cap0.005	27	27	26	1	1	0.9629629629629629	0.9629629629629629	0.9629629629629629	11.716295817862592	0.994929054936742	0	candidate-surface abundance policy; fixed calls	1	0.002429
hmp_airskin_gtdb_source_abundance	18	normalized_depth_alpha1_cap0.01	27	27	26	1	1	0.9629629629629629	0.9629629629629629	0.9629629629629629	11.716295817862592	0.994929054936742	0	candidate-surface abundance policy; fixed calls	1	0.002429
hmp_airskin_gtdb_source_abundance	18	normalized_depth_alpha1_cap0.02	27	27	26	1	1	0.9629629629629629	0.9629629629629629	0.9629629629629629	11.716295817862592	0.994929054936742	0	candidate-surface abundance policy; fixed calls	1	0.002429
hmp_airskin_gtdb_source_abundance	18	normalized_depth_alpha1_cap0.05	27	27	26	1	1	0.9629629629629629	0.9629629629629629	0.9629629629629629	11.716295817862592	0.994929054936742	0	candidate-surface abundance policy; fixed calls	1	0.002429
hmp_airskin_gtdb_source_abundance	18	normalized_depth_alpha2_cap0.001	27	27	26	1	1	0.9629629629629629	0.9629629629629629	0.9629629629629629	11.896572535729774	0.9948168909345498	0	candidate-surface abundance policy; fixed calls	1	0.001
hmp_airskin_gtdb_source_abundance	18	normalized_depth_alpha2_cap0.003	27	27	26	1	1	0.9629629629629629	0.9629629629629629	0.9629629629629629	11.644404463299232	0.9949712571335415	0	candidate-surface abundance policy; fixed calls	1	0.003
hmp_airskin_gtdb_source_abundance	18	normalized_depth_alpha2_cap0.005	27	27	26	1	1	0.9629629629629629	0.9629629629629629	0.9629629629629629	11.411039745670212	0.9950982254305216	0	candidate-surface abundance policy; fixed calls	1	0.004858
hmp_airskin_gtdb_source_abundance	18	normalized_depth_alpha2_cap0.01	27	27	26	1	1	0.9629629629629629	0.9629629629629629	0.9629629629629629	11.411039745670212	0.9950982254305216	0	candidate-surface abundance policy; fixed calls	1	0.004858
hmp_airskin_gtdb_source_abundance	18	normalized_depth_alpha2_cap0.02	27	27	26	1	1	0.9629629629629629	0.9629629629629629	0.9629629629629629	11.411039745670212	0.9950982254305216	0	candidate-surface abundance policy; fixed calls	1	0.004858
hmp_airskin_gtdb_source_abundance	18	normalized_depth_alpha2_cap0.05	27	27	26	1	1	0.9629629629629629	0.9629629629629629	0.9629629629629629	11.411039745670212	0.9950982254305216	0	candidate-surface abundance policy; fixed calls	1	0.004858
hmp_airskin_gtdb_source_abundance	18	xny_share_alpha0.05	27	27	26	1	1	0.9629629629629629	0.9629629629629629	0.9629629629629629	11.779444366740437	0.9948907936545048	0	candidate-surface abundance policy; fixed calls	1	0.001927976164773954
hmp_airskin_gtdb_source_abundance	18	xny_share_alpha0.1	27	27	26	1	1	0.9629629629629629	0.9629629629629629	0.9629629629629629	11.536789574737682	0.995031718553659	0	candidate-surface abundance policy; fixed calls	1	0.003855952329547908
hmp_airskin_gtdb_source_abundance	18	xny_share_alpha0.25	27	27	26	1	1	0.9629629629629629	0.9629629629629629	0.9629629629629629	10.814385589092012	0.9953519567438518	0	candidate-surface abundance policy; fixed calls	1	0.00963988082386977
hmp_airskin_gtdb_source_abundance	18	xny_share_alpha0.5	27	27	26	1	1	0.9629629629629629	0.9629629629629629	0.9629629629629629	9.938872262352557	0.9955420436511498	0	candidate-surface abundance policy; fixed calls	1	0.01927976164773954
hmp_airskin_gtdb_source_abundance	18	xny_share_alpha1	27	27	26	1	1	0.9629629629629629	0.9629629629629629	0.9629629629629629	11.321612902853238	0.9946253181012007	0	candidate-surface abundance policy; fixed calls	1	0.03855952329547908
hmp_airskin_gtdb_source_abundance	18	xny_share_alpha2	27	27	26	1	1	0.9629629629629629	0.9629629629629629	0.9629629629629629	14.811188041643145	0.987629809138771	0	candidate-surface abundance policy; fixed calls	1	0.07711904659095815
hmp_airskin_gtdb_source_abundance	18	xny_share_alpha5	27	27	26	1	1	0.9629629629629629	0.9629629629629629	0.9629629629629629	31.34555512176562	0.9300442716749341	0	candidate-surface abundance policy; fixed calls	1	0.19279761647739538
hmp_airskin_gtdb_source_abundance	18	xny_share_alpha10	27	27	26	1	1	0.9629629629629629	0.9629629629629629	0.9629629629629629	54.17556600577396	0.7703991314936742	0	candidate-surface abundance policy; fixed calls	1	0.38559523295479076
hmp_airskin_gtdb_source_abundance	18	xny_share_cap0.001	27	27	26	1	1	0.9629629629629629	0.9629629629629629	0.9629629629629629	11.896572535729774	0.9948168909345498	0	candidate-surface abundance policy; fixed calls	1	0.001
hmp_airskin_gtdb_source_abundance	18	xny_share_cap0.003	27	27	26	1	1	0.9629629629629629	0.9629629629629629	0.9629629629629629	11.644404463299232	0.9949712571335415	0	candidate-surface abundance policy; fixed calls	1	0.003
hmp_airskin_gtdb_source_abundance	18	xny_share_cap0.005	27	27	26	1	1	0.9629629629629629	0.9629629629629629	0.9629629629629629	11.393240044888305	0.9951072768768082	0	candidate-surface abundance policy; fixed calls	1	0.005
hmp_airskin_gtdb_source_abundance	18	xny_share_cap0.01	27	27	26	1	1	0.9629629629629629	0.9629629629629629	0.9629629629629629	10.769680857595862	0.995366795058602	0	candidate-surface abundance policy; fixed calls	1	0.01
hmp_airskin_gtdb_source_abundance	18	xny_share_cap0.02	27	27	26	1	1	0.9629629629629629	0.9629629629629629	0.9629629629629629	9.991467513258593	0.9955389306770879	0	candidate-surface abundance policy; fixed calls	1	0.02
hmp_airskin_gtdb_source_abundance	18	xny_share_cap0.05	27	27	26	1	1	0.9629629629629629	0.9629629629629629	0.9629629629629629	11.321612902853238	0.9946253181012007	0	candidate-surface abundance policy; fixed calls	1	0.03855952329547908
hmp_airskin_gtdb_source_abundance	18	xny_share_alpha0.25_cap0.001	27	27	26	1	1	0.9629629629629629	0.9629629629629629	0.9629629629629629	11.896572535729774	0.9948168909345498	0	candidate-surface abundance policy; fixed calls	1	0.001
hmp_airskin_gtdb_source_abundance	18	xny_share_alpha0.25_cap0.003	27	27	26	1	1	0.9629629629629629	0.9629629629629629	0.9629629629629629	11.644404463299232	0.9949712571335415	0	candidate-surface abundance policy; fixed calls	1	0.003
hmp_airskin_gtdb_source_abundance	18	xny_share_alpha0.25_cap0.005	27	27	26	1	1	0.9629629629629629	0.9629629629629629	0.9629629629629629	11.393240044888305	0.9951072768768082	0	candidate-surface abundance policy; fixed calls	1	0.005
hmp_airskin_gtdb_source_abundance	18	xny_share_alpha0.25_cap0.01	27	27	26	1	1	0.9629629629629629	0.9629629629629629	0.9629629629629629	10.814385589092012	0.9953519567438518	0	candidate-surface abundance policy; fixed calls	1	0.00963988082386977
hmp_airskin_gtdb_source_abundance	18	xny_share_alpha0.25_cap0.02	27	27	26	1	1	0.9629629629629629	0.9629629629629629	0.9629629629629629	10.814385589092012	0.9953519567438518	0	candidate-surface abundance policy; fixed calls	1	0.00963988082386977
hmp_airskin_gtdb_source_abundance	18	xny_share_alpha0.25_cap0.05	27	27	26	1	1	0.9629629629629629	0.9629629629629629	0.9629629629629629	10.814385589092012	0.9953519567438518	0	candidate-surface abundance policy; fixed calls	1	0.00963988082386977
hmp_airskin_gtdb_source_abundance	18	xny_share_alpha0.5_cap0.001	27	27	26	1	1	0.9629629629629629	0.9629629629629629	0.9629629629629629	11.896572535729774	0.9948168909345498	0	candidate-surface abundance policy; fixed calls	1	0.001
hmp_airskin_gtdb_source_abundance	18	xny_share_alpha0.5_cap0.003	27	27	26	1	1	0.9629629629629629	0.9629629629629629	0.9629629629629629	11.644404463299232	0.9949712571335415	0	candidate-surface abundance policy; fixed calls	1	0.003
hmp_airskin_gtdb_source_abundance	18	xny_share_alpha0.5_cap0.005	27	27	26	1	1	0.9629629629629629	0.9629629629629629	0.9629629629629629	11.393240044888305	0.9951072768768082	0	candidate-surface abundance policy; fixed calls	1	0.005
hmp_airskin_gtdb_source_abundance	18	xny_share_alpha0.5_cap0.01	27	27	26	1	1	0.9629629629629629	0.9629629629629629	0.9629629629629629	10.769680857595862	0.995366795058602	0	candidate-surface abundance policy; fixed calls	1	0.01
hmp_airskin_gtdb_source_abundance	18	xny_share_alpha0.5_cap0.02	27	27	26	1	1	0.9629629629629629	0.9629629629629629	0.9629629629629629	9.938872262352557	0.9955420436511498	0	candidate-surface abundance policy; fixed calls	1	0.01927976164773954
hmp_airskin_gtdb_source_abundance	18	xny_share_alpha0.5_cap0.05	27	27	26	1	1	0.9629629629629629	0.9629629629629629	0.9629629629629629	9.938872262352557	0.9955420436511498	0	candidate-surface abundance policy; fixed calls	1	0.01927976164773954
hmp_airskin_gtdb_source_abundance	18	xny_share_alpha1_cap0.001	27	27	26	1	1	0.9629629629629629	0.9629629629629629	0.9629629629629629	11.896572535729774	0.9948168909345498	0	candidate-surface abundance policy; fixed calls	1	0.001
hmp_airskin_gtdb_source_abundance	18	xny_share_alpha1_cap0.003	27	27	26	1	1	0.9629629629629629	0.9629629629629629	0.9629629629629629	11.644404463299232	0.9949712571335415	0	candidate-surface abundance policy; fixed calls	1	0.003
hmp_airskin_gtdb_source_abundance	18	xny_share_alpha1_cap0.005	27	27	26	1	1	0.9629629629629629	0.9629629629629629	0.9629629629629629	11.393240044888305	0.9951072768768082	0	candidate-surface abundance policy; fixed calls	1	0.005
hmp_airskin_gtdb_source_abundance	18	xny_share_alpha1_cap0.01	27	27	26	1	1	0.9629629629629629	0.9629629629629629	0.9629629629629629	10.769680857595862	0.995366795058602	0	candidate-surface abundance policy; fixed calls	1	0.01
hmp_airskin_gtdb_source_abundance	18	xny_share_alpha1_cap0.02	27	27	26	1	1	0.9629629629629629	0.9629629629629629	0.9629629629629629	9.991467513258593	0.9955389306770879	0	candidate-surface abundance policy; fixed calls	1	0.02
hmp_airskin_gtdb_source_abundance	18	xny_share_alpha1_cap0.05	27	27	26	1	1	0.9629629629629629	0.9629629629629629	0.9629629629629629	11.321612902853238	0.9946253181012007	0	candidate-surface abundance policy; fixed calls	1	0.03855952329547908
hmp_airskin_gtdb_source_abundance	18	xny_share_alpha2_cap0.001	27	27	26	1	1	0.9629629629629629	0.9629629629629629	0.9629629629629629	11.896572535729774	0.9948168909345498	0	candidate-surface abundance policy; fixed calls	1	0.001
hmp_airskin_gtdb_source_abundance	18	xny_share_alpha2_cap0.003	27	27	26	1	1	0.9629629629629629	0.9629629629629629	0.9629629629629629	11.644404463299232	0.9949712571335415	0	candidate-surface abundance policy; fixed calls	1	0.003
hmp_airskin_gtdb_source_abundance	18	xny_share_alpha2_cap0.005	27	27	26	1	1	0.9629629629629629	0.9629629629629629	0.9629629629629629	11.393240044888305	0.9951072768768082	0	candidate-surface abundance policy; fixed calls	1	0.005
hmp_airskin_gtdb_source_abundance	18	xny_share_alpha2_cap0.01	27	27	26	1	1	0.9629629629629629	0.9629629629629629	0.9629629629629629	10.769680857595862	0.995366795058602	0	candidate-surface abundance policy; fixed calls	1	0.01
hmp_airskin_gtdb_source_abundance	18	xny_share_alpha2_cap0.02	27	27	26	1	1	0.9629629629629629	0.9629629629629629	0.9629629629629629	9.991467513258593	0.9955389306770879	0	candidate-surface abundance policy; fixed calls	1	0.02
hmp_airskin_gtdb_source_abundance	18	xny_share_alpha2_cap0.05	27	27	26	1	1	0.9629629629629629	0.9629629629629629	0.9629629629629629	12.118115672323885	0.9932631334680605	0	candidate-surface abundance policy; fixed calls	1	0.05
hmp_airskin_gtdb_source_abundance	18	depth_share_alpha0.05	27	27	26	1	1	0.9629629629629629	0.9629629629629629	0.9629629629629629	11.993491780630078	0.9947528706170662	0	candidate-surface abundance policy; fixed calls	1	0.00023343258851820934
hmp_airskin_gtdb_source_abundance	18	depth_share_alpha0.1	27	27	26	1	1	0.9629629629629629	0.9629629629629629	0.9629629629629629	11.963962523388396	0.9947726504326078	0	candidate-surface abundance policy; fixed calls	1	0.0004668651770364187
hmp_airskin_gtdb_source_abundance	18	depth_share_alpha0.25	27	27	26	1	1	0.9629629629629629	0.9629629629629629	0.9629629629629629	11.875457372323005	0.9948304946472981	0	candidate-surface abundance policy; fixed calls	1	0.0011671629425910467
hmp_airskin_gtdb_source_abundance	18	depth_share_alpha0.5	27	27	26	1	1	0.9629629629629629	0.9629629629629629	0.9629629629629629	11.728223612169817	0.9949219131809212	0	candidate-surface abundance policy; fixed calls	1	0.0023343258851820934
hmp_airskin_gtdb_source_abundance	18	depth_share_alpha1	27	27	26	1	1	0.9629629629629629	0.9629629629629629	0.9629629629629629	11.434782375236253	0.9950860117002981	0	candidate-surface abundance policy; fixed calls	1	0.004668651770364187
hmp_airskin_gtdb_source_abundance	18	depth_share_alpha2	27	27	26	1	1	0.9629629629629629	0.9629629629629629	0.9629629629629629	10.85197180561412	0.995339026349555	0	candidate-surface abundance policy; fixed calls	1	0.009337303540728373
hmp_airskin_gtdb_source_abundance	18	depth_share_alpha5	27	27	26	1	1	0.9629629629629629	0.9629629629629629	0.9629629629629629	10.234638836990996	0.9954928775060804	0	candidate-surface abundance policy; fixed calls	1	0.023343258851820932
hmp_airskin_gtdb_source_abundance	18	depth_share_alpha10	27	27	26	1	1	0.9629629629629629	0.9629629629629629	0.9629629629629629	11.889217362448276	0.9937201658707004	0	candidate-surface abundance policy; fixed calls	1	0.046686517703641864
hmp_airskin_gtdb_source_abundance	18	depth_share_cap0.001	27	27	26	1	1	0.9629629629629629	0.9629629629629629	0.9629629629629629	11.896572535729774	0.9948168909345498	0	candidate-surface abundance policy; fixed calls	1	0.001
hmp_airskin_gtdb_source_abundance	18	depth_share_cap0.003	27	27	26	1	1	0.9629629629629629	0.9629629629629629	0.9629629629629629	11.644404463299232	0.9949712571335415	0	candidate-surface abundance policy; fixed calls	1	0.003
hmp_airskin_gtdb_source_abundance	18	depth_share_cap0.005	27	27	26	1	1	0.9629629629629629	0.9629629629629629	0.9629629629629629	11.434782375236253	0.9950860117002981	0	candidate-surface abundance policy; fixed calls	1	0.004668651770364187
hmp_airskin_gtdb_source_abundance	18	depth_share_cap0.01	27	27	26	1	1	0.9629629629629629	0.9629629629629629	0.9629629629629629	11.434782375236253	0.9950860117002981	0	candidate-surface abundance policy; fixed calls	1	0.004668651770364187
hmp_airskin_gtdb_source_abundance	18	depth_share_cap0.02	27	27	26	1	1	0.9629629629629629	0.9629629629629629	0.9629629629629629	11.434782375236253	0.9950860117002981	0	candidate-surface abundance policy; fixed calls	1	0.004668651770364187
hmp_airskin_gtdb_source_abundance	18	depth_share_cap0.05	27	27	26	1	1	0.9629629629629629	0.9629629629629629	0.9629629629629629	11.434782375236253	0.9950860117002981	0	candidate-surface abundance policy; fixed calls	1	0.004668651770364187
hmp_airskin_gtdb_source_abundance	18	depth_share_alpha0.25_cap0.001	27	27	26	1	1	0.9629629629629629	0.9629629629629629	0.9629629629629629	11.896572535729774	0.9948168909345498	0	candidate-surface abundance policy; fixed calls	1	0.001
hmp_airskin_gtdb_source_abundance	18	depth_share_alpha0.25_cap0.003	27	27	26	1	1	0.9629629629629629	0.9629629629629629	0.9629629629629629	11.875457372323005	0.9948304946472981	0	candidate-surface abundance policy; fixed calls	1	0.0011671629425910467
hmp_airskin_gtdb_source_abundance	18	depth_share_alpha0.25_cap0.005	27	27	26	1	1	0.9629629629629629	0.9629629629629629	0.9629629629629629	11.875457372323005	0.9948304946472981	0	candidate-surface abundance policy; fixed calls	1	0.0011671629425910467
hmp_airskin_gtdb_source_abundance	18	depth_share_alpha0.25_cap0.01	27	27	26	1	1	0.9629629629629629	0.9629629629629629	0.9629629629629629	11.875457372323005	0.9948304946472981	0	candidate-surface abundance policy; fixed calls	1	0.0011671629425910467
hmp_airskin_gtdb_source_abundance	18	depth_share_alpha0.25_cap0.02	27	27	26	1	1	0.9629629629629629	0.9629629629629629	0.9629629629629629	11.875457372323005	0.9948304946472981	0	candidate-surface abundance policy; fixed calls	1	0.0011671629425910467
hmp_airskin_gtdb_source_abundance	18	depth_share_alpha0.25_cap0.05	27	27	26	1	1	0.9629629629629629	0.9629629629629629	0.9629629629629629	11.875457372323005	0.9948304946472981	0	candidate-surface abundance policy; fixed calls	1	0.0011671629425910467
hmp_airskin_gtdb_source_abundance	18	depth_share_alpha0.5_cap0.001	27	27	26	1	1	0.9629629629629629	0.9629629629629629	0.9629629629629629	11.896572535729774	0.9948168909345498	0	candidate-surface abundance policy; fixed calls	1	0.001
hmp_airskin_gtdb_source_abundance	18	depth_share_alpha0.5_cap0.003	27	27	26	1	1	0.9629629629629629	0.9629629629629629	0.9629629629629629	11.728223612169817	0.9949219131809212	0	candidate-surface abundance policy; fixed calls	1	0.0023343258851820934
hmp_airskin_gtdb_source_abundance	18	depth_share_alpha0.5_cap0.005	27	27	26	1	1	0.9629629629629629	0.9629629629629629	0.9629629629629629	11.728223612169817	0.9949219131809212	0	candidate-surface abundance policy; fixed calls	1	0.0023343258851820934
hmp_airskin_gtdb_source_abundance	18	depth_share_alpha0.5_cap0.01	27	27	26	1	1	0.9629629629629629	0.9629629629629629	0.9629629629629629	11.728223612169817	0.9949219131809212	0	candidate-surface abundance policy; fixed calls	1	0.0023343258851820934
hmp_airskin_gtdb_source_abundance	18	depth_share_alpha0.5_cap0.02	27	27	26	1	1	0.9629629629629629	0.9629629629629629	0.9629629629629629	11.728223612169817	0.9949219131809212	0	candidate-surface abundance policy; fixed calls	1	0.0023343258851820934
hmp_airskin_gtdb_source_abundance	18	depth_share_alpha0.5_cap0.05	27	27	26	1	1	0.9629629629629629	0.9629629629629629	0.9629629629629629	11.728223612169817	0.9949219131809212	0	candidate-surface abundance policy; fixed calls	1	0.0023343258851820934
hmp_airskin_gtdb_source_abundance	18	depth_share_alpha1_cap0.001	27	27	26	1	1	0.9629629629629629	0.9629629629629629	0.9629629629629629	11.896572535729774	0.9948168909345498	0	candidate-surface abundance policy; fixed calls	1	0.001
hmp_airskin_gtdb_source_abundance	18	depth_share_alpha1_cap0.003	27	27	26	1	1	0.9629629629629629	0.9629629629629629	0.9629629629629629	11.644404463299232	0.9949712571335415	0	candidate-surface abundance policy; fixed calls	1	0.003
hmp_airskin_gtdb_source_abundance	18	depth_share_alpha1_cap0.005	27	27	26	1	1	0.9629629629629629	0.9629629629629629	0.9629629629629629	11.434782375236253	0.9950860117002981	0	candidate-surface abundance policy; fixed calls	1	0.004668651770364187
hmp_airskin_gtdb_source_abundance	18	depth_share_alpha1_cap0.01	27	27	26	1	1	0.9629629629629629	0.9629629629629629	0.9629629629629629	11.434782375236253	0.9950860117002981	0	candidate-surface abundance policy; fixed calls	1	0.004668651770364187
hmp_airskin_gtdb_source_abundance	18	depth_share_alpha1_cap0.02	27	27	26	1	1	0.9629629629629629	0.9629629629629629	0.9629629629629629	11.434782375236253	0.9950860117002981	0	candidate-surface abundance policy; fixed calls	1	0.004668651770364187
hmp_airskin_gtdb_source_abundance	18	depth_share_alpha1_cap0.05	27	27	26	1	1	0.9629629629629629	0.9629629629629629	0.9629629629629629	11.434782375236253	0.9950860117002981	0	candidate-surface abundance policy; fixed calls	1	0.004668651770364187
hmp_airskin_gtdb_source_abundance	18	depth_share_alpha2_cap0.001	27	27	26	1	1	0.9629629629629629	0.9629629629629629	0.9629629629629629	11.896572535729774	0.9948168909345498	0	candidate-surface abundance policy; fixed calls	1	0.001
hmp_airskin_gtdb_source_abundance	18	depth_share_alpha2_cap0.003	27	27	26	1	1	0.9629629629629629	0.9629629629629629	0.9629629629629629	11.644404463299232	0.9949712571335415	0	candidate-surface abundance policy; fixed calls	1	0.003
hmp_airskin_gtdb_source_abundance	18	depth_share_alpha2_cap0.005	27	27	26	1	1	0.9629629629629629	0.9629629629629629	0.9629629629629629	11.393240044888305	0.9951072768768082	0	candidate-surface abundance policy; fixed calls	1	0.005
hmp_airskin_gtdb_source_abundance	18	depth_share_alpha2_cap0.01	27	27	26	1	1	0.9629629629629629	0.9629629629629629	0.9629629629629629	10.85197180561412	0.995339026349555	0	candidate-surface abundance policy; fixed calls	1	0.009337303540728373
hmp_airskin_gtdb_source_abundance	18	depth_share_alpha2_cap0.02	27	27	26	1	1	0.9629629629629629	0.9629629629629629	0.9629629629629629	10.85197180561412	0.995339026349555	0	candidate-surface abundance policy; fixed calls	1	0.009337303540728373
hmp_airskin_gtdb_source_abundance	18	depth_share_alpha2_cap0.05	27	27	26	1	1	0.9629629629629629	0.9629629629629629	0.9629629629629629	10.85197180561412	0.995339026349555	0	candidate-surface abundance policy; fixed calls	1	0.009337303540728373
hmp_airskin_gtdb_source_abundance	19	zero_mass	111	151	107	44	4	0.7086092715231788	0.963963963963964	0.816793893129771	37.17374040767123	0.9634165110040726	0	candidate-surface abundance policy; fixed calls	4	0.0
hmp_airskin_gtdb_source_abundance	19	normalized_depth_alpha0.05	111	151	107	44	4	0.7086092715231788	0.963963963963964	0.816793893129771	37.16814477660228	0.9634409078878268	0	candidate-surface abundance policy; fixed calls	4	0.00026355000000000004
hmp_airskin_gtdb_source_abundance	19	normalized_depth_alpha0.1	111	151	107	44	4	0.7086092715231788	0.963963963963964	0.816793893129771	37.16255209343654	0.9634648257157231	0	candidate-surface abundance policy; fixed calls	4	0.0005271000000000001
hmp_airskin_gtdb_source_abundance	19	normalized_depth_alpha0.25	111	151	107	44	4	0.7086092715231788	0.963963963963964	0.816793893129771	37.145791708082356	0.9635337031073786	0	candidate-surface abundance policy; fixed calls	4	0.00131775
hmp_airskin_gtdb_source_abundance	19	normalized_depth_alpha0.5	111	151	107	44	4	0.7086092715231788	0.963963963963964	0.816793893129771	37.12034720159898	0.9636389015616204	0	candidate-surface abundance policy; fixed calls	4	0.0026355
hmp_airskin_gtdb_source_abundance	19	normalized_depth_alpha1	111	151	107	44	4	0.7086092715231788	0.963963963963964	0.816793893129771	37.07289407933661	0.9638132368127215	0	candidate-surface abundance policy; fixed calls	4	0.005271
hmp_airskin_gtdb_source_abundance	19	normalized_depth_alpha2	111	151	107	44	4	0.7086092715231788	0.963963963963964	0.816793893129771	37.164966612010566	0.9640171703457457	0	candidate-surface abundance policy; fixed calls	4	0.010542
hmp_airskin_gtdb_source_abundance	19	normalized_depth_alpha5	111	151	107	44	4	0.7086092715231788	0.963963963963964	0.816793893129771	38.77989741460461	0.9634646907111093	0	candidate-surface abundance policy; fixed calls	4	0.026355
hmp_airskin_gtdb_source_abundance	19	normalized_depth_alpha10	111	151	107	44	4	0.7086092715231788	0.963963963963964	0.816793893129771	42.259720369370335	0.9586704172337415	0	candidate-surface abundance policy; fixed calls	4	0.05271
hmp_airskin_gtdb_source_abundance	19	normalized_depth_cap0.001	111	151	107	44	4	0.7086092715231788	0.963963963963964	0.816793893129771	37.11415263573594	0.9637196971315188	0	candidate-surface abundance policy; fixed calls	4	0.004
hmp_airskin_gtdb_source_abundance	19	normalized_depth_cap0.003	111	151	107	44	4	0.7086092715231788	0.963963963963964	0.816793893129771	37.07289407933661	0.9638132368127215	0	candidate-surface abundance policy; fixed calls	4	0.005271
hmp_airskin_gtdb_source_abundance	19	normalized_depth_cap0.005	111	151	107	44	4	0.7086092715231788	0.963963963963964	0.816793893129771	37.07289407933661	0.9638132368127215	0	candidate-surface abundance policy; fixed calls	4	0.005271
hmp_airskin_gtdb_source_abundance	19	normalized_depth_cap0.01	111	151	107	44	4	0.7086092715231788	0.963963963963964	0.816793893129771	37.07289407933661	0.9638132368127215	0	candidate-surface abundance policy; fixed calls	4	0.005271
hmp_airskin_gtdb_source_abundance	19	normalized_depth_cap0.02	111	151	107	44	4	0.7086092715231788	0.963963963963964	0.816793893129771	37.07289407933661	0.9638132368127215	0	candidate-surface abundance policy; fixed calls	4	0.005271
hmp_airskin_gtdb_source_abundance	19	normalized_depth_cap0.05	111	151	107	44	4	0.7086092715231788	0.963963963963964	0.816793893129771	37.07289407933661	0.9638132368127215	0	candidate-surface abundance policy; fixed calls	4	0.005271
hmp_airskin_gtdb_source_abundance	19	normalized_depth_alpha0.25_cap0.001	111	151	107	44	4	0.7086092715231788	0.963963963963964	0.816793893129771	37.145791708082356	0.9635337031073786	0	candidate-surface abundance policy; fixed calls	4	0.00131775
hmp_airskin_gtdb_source_abundance	19	normalized_depth_alpha0.25_cap0.003	111	151	107	44	4	0.7086092715231788	0.963963963963964	0.816793893129771	37.145791708082356	0.9635337031073786	0	candidate-surface abundance policy; fixed calls	4	0.00131775
hmp_airskin_gtdb_source_abundance	19	normalized_depth_alpha0.25_cap0.005	111	151	107	44	4	0.7086092715231788	0.963963963963964	0.816793893129771	37.145791708082356	0.9635337031073786	0	candidate-surface abundance policy; fixed calls	4	0.00131775
hmp_airskin_gtdb_source_abundance	19	normalized_depth_alpha0.25_cap0.01	111	151	107	44	4	0.7086092715231788	0.963963963963964	0.816793893129771	37.145791708082356	0.9635337031073786	0	candidate-surface abundance policy; fixed calls	4	0.00131775
hmp_airskin_gtdb_source_abundance	19	normalized_depth_alpha0.25_cap0.02	111	151	107	44	4	0.7086092715231788	0.963963963963964	0.816793893129771	37.145791708082356	0.9635337031073786	0	candidate-surface abundance policy; fixed calls	4	0.00131775
hmp_airskin_gtdb_source_abundance	19	normalized_depth_alpha0.25_cap0.05	111	151	107	44	4	0.7086092715231788	0.963963963963964	0.816793893129771	37.145791708082356	0.9635337031073786	0	candidate-surface abundance policy; fixed calls	4	0.00131775
hmp_airskin_gtdb_source_abundance	19	normalized_depth_alpha0.5_cap0.001	111	151	107	44	4	0.7086092715231788	0.963963963963964	0.816793893129771	37.12034720159898	0.9636389015616204	0	candidate-surface abundance policy; fixed calls	4	0.0026355
hmp_airskin_gtdb_source_abundance	19	normalized_depth_alpha0.5_cap0.003	111	151	107	44	4	0.7086092715231788	0.963963963963964	0.816793893129771	37.12034720159898	0.9636389015616204	0	candidate-surface abundance policy; fixed calls	4	0.0026355
hmp_airskin_gtdb_source_abundance	19	normalized_depth_alpha0.5_cap0.005	111	151	107	44	4	0.7086092715231788	0.963963963963964	0.816793893129771	37.12034720159898	0.9636389015616204	0	candidate-surface abundance policy; fixed calls	4	0.0026355
hmp_airskin_gtdb_source_abundance	19	normalized_depth_alpha0.5_cap0.01	111	151	107	44	4	0.7086092715231788	0.963963963963964	0.816793893129771	37.12034720159898	0.9636389015616204	0	candidate-surface abundance policy; fixed calls	4	0.0026355
hmp_airskin_gtdb_source_abundance	19	normalized_depth_alpha0.5_cap0.02	111	151	107	44	4	0.7086092715231788	0.963963963963964	0.816793893129771	37.12034720159898	0.9636389015616204	0	candidate-surface abundance policy; fixed calls	4	0.0026355
hmp_airskin_gtdb_source_abundance	19	normalized_depth_alpha0.5_cap0.05	111	151	107	44	4	0.7086092715231788	0.963963963963964	0.816793893129771	37.12034720159898	0.9636389015616204	0	candidate-surface abundance policy; fixed calls	4	0.0026355
hmp_airskin_gtdb_source_abundance	19	normalized_depth_alpha1_cap0.001	111	151	107	44	4	0.7086092715231788	0.963963963963964	0.816793893129771	37.11415263573594	0.9637196971315188	0	candidate-surface abundance policy; fixed calls	4	0.004
hmp_airskin_gtdb_source_abundance	19	normalized_depth_alpha1_cap0.003	111	151	107	44	4	0.7086092715231788	0.963963963963964	0.816793893129771	37.07289407933661	0.9638132368127215	0	candidate-surface abundance policy; fixed calls	4	0.005271
hmp_airskin_gtdb_source_abundance	19	normalized_depth_alpha1_cap0.005	111	151	107	44	4	0.7086092715231788	0.963963963963964	0.816793893129771	37.07289407933661	0.9638132368127215	0	candidate-surface abundance policy; fixed calls	4	0.005271
hmp_airskin_gtdb_source_abundance	19	normalized_depth_alpha1_cap0.01	111	151	107	44	4	0.7086092715231788	0.963963963963964	0.816793893129771	37.07289407933661	0.9638132368127215	0	candidate-surface abundance policy; fixed calls	4	0.005271
hmp_airskin_gtdb_source_abundance	19	normalized_depth_alpha1_cap0.02	111	151	107	44	4	0.7086092715231788	0.963963963963964	0.816793893129771	37.07289407933661	0.9638132368127215	0	candidate-surface abundance policy; fixed calls	4	0.005271
hmp_airskin_gtdb_source_abundance	19	normalized_depth_alpha1_cap0.05	111	151	107	44	4	0.7086092715231788	0.963963963963964	0.816793893129771	37.07289407933661	0.9638132368127215	0	candidate-surface abundance policy; fixed calls	4	0.005271
hmp_airskin_gtdb_source_abundance	19	normalized_depth_alpha2_cap0.001	111	151	107	44	4	0.7086092715231788	0.963963963963964	0.816793893129771	37.11415263573594	0.9637196971315188	0	candidate-surface abundance policy; fixed calls	4	0.004
hmp_airskin_gtdb_source_abundance	19	normalized_depth_alpha2_cap0.003	111	151	107	44	4	0.7086092715231788	0.963963963963964	0.816793893129771	37.16584534822596	0.9640160807780694	0	candidate-surface abundance policy; fixed calls	4	0.010528
hmp_airskin_gtdb_source_abundance	19	normalized_depth_alpha2_cap0.005	111	151	107	44	4	0.7086092715231788	0.963963963963964	0.816793893129771	37.164966612010566	0.9640171703457457	0	candidate-surface abundance policy; fixed calls	4	0.010542
hmp_airskin_gtdb_source_abundance	19	normalized_depth_alpha2_cap0.01	111	151	107	44	4	0.7086092715231788	0.963963963963964	0.816793893129771	37.164966612010566	0.9640171703457457	0	candidate-surface abundance policy; fixed calls	4	0.010542
hmp_airskin_gtdb_source_abundance	19	normalized_depth_alpha2_cap0.02	111	151	107	44	4	0.7086092715231788	0.963963963963964	0.816793893129771	37.164966612010566	0.9640171703457457	0	candidate-surface abundance policy; fixed calls	4	0.010542
hmp_airskin_gtdb_source_abundance	19	normalized_depth_alpha2_cap0.05	111	151	107	44	4	0.7086092715231788	0.963963963963964	0.816793893129771	37.164966612010566	0.9640171703457457	0	candidate-surface abundance policy; fixed calls	4	0.010542
hmp_airskin_gtdb_source_abundance	19	xny_share_alpha0.05	111	151	107	44	4	0.7086092715231788	0.963963963963964	0.816793893129771	37.13991836387075	0.9635687112291378	0	candidate-surface abundance policy; fixed calls	4	0.0018475737305473187
hmp_airskin_gtdb_source_abundance	19	xny_share_alpha0.1	111	151	107	44	4	0.7086092715231788	0.963963963963964	0.816793893129771	37.11188984797192	0.9636976192355383	0	candidate-surface abundance policy; fixed calls	4	0.0036951474610946375
hmp_airskin_gtdb_source_abundance	19	xny_share_alpha0.25	111	151	107	44	4	0.7086092715231788	0.963963963963964	0.816793893129771	37.155864333458396	0.9639440842902228	0	candidate-surface abundance policy; fixed calls	4	0.009237868652736592
hmp_airskin_gtdb_source_abundance	19	xny_share_alpha0.5	111	151	107	44	4	0.7086092715231788	0.963963963963964	0.816793893129771	37.972933292465925	0.9638850547276273	0	candidate-surface abundance policy; fixed calls	4	0.018475737305473184
hmp_airskin_gtdb_source_abundance	19	xny_share_alpha1	111	151	107	44	4	0.7086092715231788	0.963963963963964	0.816793893129771	40.19072338421119	0.961999159335428	0	candidate-surface abundance policy; fixed calls	4	0.03695147461094637
hmp_airskin_gtdb_source_abundance	19	xny_share_alpha2	111	151	107	44	4	0.7086092715231788	0.963963963963964	0.816793893129771	45.000477337783614	0.9512796791774957	0	candidate-surface abundance policy; fixed calls	4	0.07390294922189274
hmp_airskin_gtdb_source_abundance	19	xny_share_alpha5	111	151	107	44	4	0.7086092715231788	0.963963963963964	0.816793893129771	58.07263083989582	0.8733524513919992	0	candidate-surface abundance policy; fixed calls	4	0.18475737305473186
hmp_airskin_gtdb_source_abundance	19	xny_share_alpha10	111	151	107	44	4	0.7086092715231788	0.963963963963964	0.816793893129771	75.33432962874926	0.6858902336028637	0	candidate-surface abundance policy; fixed calls	4	0.3695147461094637
hmp_airskin_gtdb_source_abundance	19	xny_share_cap0.001	111	151	107	44	4	0.7086092715231788	0.963963963963964	0.816793893129771	37.11415263573594	0.9637196971315188	0	candidate-surface abundance policy; fixed calls	4	0.004
hmp_airskin_gtdb_source_abundance	19	xny_share_cap0.003	111	151	107	44	4	0.7086092715231788	0.963963963963964	0.816793893129771	37.36449471418897	0.9639984773286172	0	candidate-surface abundance policy; fixed calls	4	0.012
hmp_airskin_gtdb_source_abundance	19	xny_share_cap0.005	111	151	107	44	4	0.7086092715231788	0.963963963963964	0.816793893129771	38.05009365591925	0.9638380282009686	0	candidate-surface abundance policy; fixed calls	4	0.02
hmp_airskin_gtdb_source_abundance	19	xny_share_cap0.01	111	151	107	44	4	0.7086092715231788	0.963963963963964	0.816793893129771	40.17250913862217	0.9620255822270989	0	candidate-surface abundance policy; fixed calls	4	0.03681424269590603
hmp_airskin_gtdb_source_abundance	19	xny_share_cap0.02	111	151	107	44	4	0.7086092715231788	0.963963963963964	0.816793893129771	40.19072338421119	0.961999159335428	0	candidate-surface abundance policy; fixed calls	4	0.03695147461094637
hmp_airskin_gtdb_source_abundance	19	xny_share_cap0.05	111	151	107	44	4	0.7086092715231788	0.963963963963964	0.816793893129771	40.19072338421119	0.961999159335428	0	candidate-surface abundance policy; fixed calls	4	0.03695147461094637
hmp_airskin_gtdb_source_abundance	19	xny_share_alpha0.25_cap0.001	111	151	107	44	4	0.7086092715231788	0.963963963963964	0.816793893129771	37.11415263573594	0.9637196971315188	0	candidate-surface abundance policy; fixed calls	4	0.004
hmp_airskin_gtdb_source_abundance	19	xny_share_alpha0.25_cap0.003	111	151	107	44	4	0.7086092715231788	0.963963963963964	0.816793893129771	37.155864333458396	0.9639440842902228	0	candidate-surface abundance policy; fixed calls	4	0.009237868652736592
hmp_airskin_gtdb_source_abundance	19	xny_share_alpha0.25_cap0.005	111	151	107	44	4	0.7086092715231788	0.963963963963964	0.816793893129771	37.155864333458396	0.9639440842902228	0	candidate-surface abundance policy; fixed calls	4	0.009237868652736592
hmp_airskin_gtdb_source_abundance	19	xny_share_alpha0.25_cap0.01	111	151	107	44	4	0.7086092715231788	0.963963963963964	0.816793893129771	37.155864333458396	0.9639440842902228	0	candidate-surface abundance policy; fixed calls	4	0.009237868652736592
hmp_airskin_gtdb_source_abundance	19	xny_share_alpha0.25_cap0.02	111	151	107	44	4	0.7086092715231788	0.963963963963964	0.816793893129771	37.155864333458396	0.9639440842902228	0	candidate-surface abundance policy; fixed calls	4	0.009237868652736592
hmp_airskin_gtdb_source_abundance	19	xny_share_alpha0.25_cap0.05	111	151	107	44	4	0.7086092715231788	0.963963963963964	0.816793893129771	37.155864333458396	0.9639440842902228	0	candidate-surface abundance policy; fixed calls	4	0.009237868652736592
hmp_airskin_gtdb_source_abundance	19	xny_share_alpha0.5_cap0.001	111	151	107	44	4	0.7086092715231788	0.963963963963964	0.816793893129771	37.11415263573594	0.9637196971315188	0	candidate-surface abundance policy; fixed calls	4	0.004
hmp_airskin_gtdb_source_abundance	19	xny_share_alpha0.5_cap0.003	111	151	107	44	4	0.7086092715231788	0.963963963963964	0.816793893129771	37.36449471418897	0.9639984773286172	0	candidate-surface abundance policy; fixed calls	4	0.012
hmp_airskin_gtdb_source_abundance	19	xny_share_alpha0.5_cap0.005	111	151	107	44	4	0.7086092715231788	0.963963963963964	0.816793893129771	37.96363766086289	0.9638887499419573	0	candidate-surface abundance policy; fixed calls	4	0.018407121347953016
hmp_airskin_gtdb_source_abundance	19	xny_share_alpha0.5_cap0.01	111	151	107	44	4	0.7086092715231788	0.963963963963964	0.816793893129771	37.972933292465925	0.9638850547276273	0	candidate-surface abundance policy; fixed calls	4	0.018475737305473184
hmp_airskin_gtdb_source_abundance	19	xny_share_alpha0.5_cap0.02	111	151	107	44	4	0.7086092715231788	0.963963963963964	0.816793893129771	37.972933292465925	0.9638850547276273	0	candidate-surface abundance policy; fixed calls	4	0.018475737305473184
hmp_airskin_gtdb_source_abundance	19	xny_share_alpha0.5_cap0.05	111	151	107	44	4	0.7086092715231788	0.963963963963964	0.816793893129771	37.972933292465925	0.9638850547276273	0	candidate-surface abundance policy; fixed calls	4	0.018475737305473184
hmp_airskin_gtdb_source_abundance	19	xny_share_alpha1_cap0.001	111	151	107	44	4	0.7086092715231788	0.963963963963964	0.816793893129771	37.11415263573594	0.9637196971315188	0	candidate-surface abundance policy; fixed calls	4	0.004
hmp_airskin_gtdb_source_abundance	19	xny_share_alpha1_cap0.003	111	151	107	44	4	0.7086092715231788	0.963963963963964	0.816793893129771	37.36449471418897	0.9639984773286172	0	candidate-surface abundance policy; fixed calls	4	0.012
hmp_airskin_gtdb_source_abundance	19	xny_share_alpha1_cap0.005	111	151	107	44	4	0.7086092715231788	0.963963963963964	0.816793893129771	38.05009365591925	0.9638380282009686	0	candidate-surface abundance policy; fixed calls	4	0.02
hmp_airskin_gtdb_source_abundance	19	xny_share_alpha1_cap0.01	111	151	107	44	4	0.7086092715231788	0.963963963963964	0.816793893129771	40.17250913862217	0.9620255822270989	0	candidate-surface abundance policy; fixed calls	4	0.03681424269590603
hmp_airskin_gtdb_source_abundance	19	xny_share_alpha1_cap0.02	111	151	107	44	4	0.7086092715231788	0.963963963963964	0.816793893129771	40.19072338421119	0.961999159335428	0	candidate-surface abundance policy; fixed calls	4	0.03695147461094637
hmp_airskin_gtdb_source_abundance	19	xny_share_alpha1_cap0.05	111	151	107	44	4	0.7086092715231788	0.963963963963964	0.816793893129771	40.19072338421119	0.961999159335428	0	candidate-surface abundance policy; fixed calls	4	0.03695147461094637
hmp_airskin_gtdb_source_abundance	19	xny_share_alpha2_cap0.001	111	151	107	44	4	0.7086092715231788	0.963963963963964	0.816793893129771	37.11415263573594	0.9637196971315188	0	candidate-surface abundance policy; fixed calls	4	0.004
hmp_airskin_gtdb_source_abundance	19	xny_share_alpha2_cap0.003	111	151	107	44	4	0.7086092715231788	0.963963963963964	0.816793893129771	37.36449471418897	0.9639984773286172	0	candidate-surface abundance policy; fixed calls	4	0.012
hmp_airskin_gtdb_source_abundance	19	xny_share_alpha2_cap0.005	111	151	107	44	4	0.7086092715231788	0.963963963963964	0.816793893129771	38.05009365591925	0.9638380282009686	0	candidate-surface abundance policy; fixed calls	4	0.02
hmp_airskin_gtdb_source_abundance	19	xny_share_alpha2_cap0.01	111	151	107	44	4	0.7086092715231788	0.963963963963964	0.816793893129771	40.59410257985069	0.9615108014044051	0	candidate-surface abundance policy; fixed calls	4	0.04
hmp_airskin_gtdb_source_abundance	19	xny_share_alpha2_cap0.02	111	151	107	44	4	0.7086092715231788	0.963963963963964	0.816793893129771	44.96519023767149	0.9514057520831435	0	candidate-surface abundance policy; fixed calls	4	0.07362848539181206
hmp_airskin_gtdb_source_abundance	19	xny_share_alpha2_cap0.05	111	151	107	44	4	0.7086092715231788	0.963963963963964	0.816793893129771	45.000477337783614	0.9512796791774957	0	candidate-surface abundance policy; fixed calls	4	0.07390294922189274
hmp_airskin_gtdb_source_abundance	19	depth_share_alpha0.05	111	151	107	44	4	0.7086092715231788	0.963963963963964	0.816793893129771	37.16080181991763	0.9634721925261445	0	candidate-surface abundance policy; fixed calls	4	0.000609360857954243
hmp_airskin_gtdb_source_abundance	19	depth_share_alpha0.1	111	151	107	44	4	0.7086092715231788	0.963963963963964	0.816793893129771	37.14787898150776	0.9635253118509327	0	candidate-surface abundance policy; fixed calls	4	0.001218721715908486
hmp_airskin_gtdb_source_abundance	19	depth_share_alpha0.25	111	151	107	44	4	0.7086092715231788	0.963963963963964	0.816793893129771	37.11289889307419	0.9636692756100421	0	candidate-surface abundance policy; fixed calls	4	0.0030468042897712154
hmp_airskin_gtdb_source_abundance	19	depth_share_alpha0.5	111	151	107	44	4	0.7086092715231788	0.963963963963964	0.816793893129771	37.0582307705002	0.9638577840501161	0	candidate-surface abundance policy; fixed calls	4	0.006093608579542431
hmp_airskin_gtdb_source_abundance	19	depth_share_alpha1	111	151	107	44	4	0.7086092715231788	0.963963963963964	0.816793893129771	37.29409422607102	0.9640411863387747	0	candidate-surface abundance policy; fixed calls	4	0.012187217159084862
hmp_airskin_gtdb_source_abundance	19	depth_share_alpha2	111	151	107	44	4	0.7086092715231788	0.963963963963964	0.816793893129771	38.514572185056714	0.9636297754347104	0	candidate-surface abundance policy; fixed calls	4	0.024374434318169724
hmp_airskin_gtdb_source_abundance	19	depth_share_alpha5	111	151	107	44	4	0.7086092715231788	0.963963963963964	0.816793893129771	43.327674840314636	0.956199693253528	0	candidate-surface abundance policy; fixed calls	4	0.06093608579542431
hmp_airskin_gtdb_source_abundance	19	depth_share_alpha10	111	151	107	44	4	0.7086092715231788	0.963963963963964	0.816793893129771	50.94963695943271	0.9247066539477564	0	candidate-surface abundance policy; fixed calls	4	0.12187217159084862
hmp_airskin_gtdb_source_abundance	19	depth_share_cap0.001	111	151	107	44	4	0.7086092715231788	0.963963963963964	0.816793893129771	37.11415263573594	0.9637196971315188	0	candidate-surface abundance policy; fixed calls	4	0.004
hmp_airskin_gtdb_source_abundance	19	depth_share_cap0.003	111	151	107	44	4	0.7086092715231788	0.963963963963964	0.816793893129771	37.27440155559306	0.964007676025875	0	candidate-surface abundance policy; fixed calls	4	0.01133187490571273
hmp_airskin_gtdb_source_abundance	19	depth_share_cap0.005	111	151	107	44	4	0.7086092715231788	0.963963963963964	0.816793893129771	37.29409422607102	0.9640411863387747	0	candidate-surface abundance policy; fixed calls	4	0.012187217159084862
hmp_airskin_gtdb_source_abundance	19	depth_share_cap0.01	111	151	107	44	4	0.7086092715231788	0.963963963963964	0.816793893129771	37.29409422607102	0.9640411863387747	0	candidate-surface abundance policy; fixed calls	4	0.012187217159084862
hmp_airskin_gtdb_source_abundance	19	depth_share_cap0.02	111	151	107	44	4	0.7086092715231788	0.963963963963964	0.816793893129771	37.29409422607102	0.9640411863387747	0	candidate-surface abundance policy; fixed calls	4	0.012187217159084862
hmp_airskin_gtdb_source_abundance	19	depth_share_cap0.05	111	151	107	44	4	0.7086092715231788	0.963963963963964	0.816793893129771	37.29409422607102	0.9640411863387747	0	candidate-surface abundance policy; fixed calls	4	0.012187217159084862
hmp_airskin_gtdb_source_abundance	19	depth_share_alpha0.25_cap0.001	111	151	107	44	4	0.7086092715231788	0.963963963963964	0.816793893129771	37.11289889307419	0.9636692756100421	0	candidate-surface abundance policy; fixed calls	4	0.0030468042897712154
hmp_airskin_gtdb_source_abundance	19	depth_share_alpha0.25_cap0.003	111	151	107	44	4	0.7086092715231788	0.963963963963964	0.816793893129771	37.11289889307419	0.9636692756100421	0	candidate-surface abundance policy; fixed calls	4	0.0030468042897712154
hmp_airskin_gtdb_source_abundance	19	depth_share_alpha0.25_cap0.005	111	151	107	44	4	0.7086092715231788	0.963963963963964	0.816793893129771	37.11289889307419	0.9636692756100421	0	candidate-surface abundance policy; fixed calls	4	0.0030468042897712154
hmp_airskin_gtdb_source_abundance	19	depth_share_alpha0.25_cap0.01	111	151	107	44	4	0.7086092715231788	0.963963963963964	0.816793893129771	37.11289889307419	0.9636692756100421	0	candidate-surface abundance policy; fixed calls	4	0.0030468042897712154
hmp_airskin_gtdb_source_abundance	19	depth_share_alpha0.25_cap0.02	111	151	107	44	4	0.7086092715231788	0.963963963963964	0.816793893129771	37.11289889307419	0.9636692756100421	0	candidate-surface abundance policy; fixed calls	4	0.0030468042897712154
hmp_airskin_gtdb_source_abundance	19	depth_share_alpha0.25_cap0.05	111	151	107	44	4	0.7086092715231788	0.963963963963964	0.816793893129771	37.11289889307419	0.9636692756100421	0	candidate-surface abundance policy; fixed calls	4	0.0030468042897712154
hmp_airskin_gtdb_source_abundance	19	depth_share_alpha0.5_cap0.001	111	151	107	44	4	0.7086092715231788	0.963963963963964	0.816793893129771	37.11415263573594	0.9637196971315188	0	candidate-surface abundance policy; fixed calls	4	0.004
hmp_airskin_gtdb_source_abundance	19	depth_share_alpha0.5_cap0.003	111	151	107	44	4	0.7086092715231788	0.963963963963964	0.816793893129771	37.0582307705002	0.9638577840501161	0	candidate-surface abundance policy; fixed calls	4	0.006093608579542431
hmp_airskin_gtdb_source_abundance	19	depth_share_alpha0.5_cap0.005	111	151	107	44	4	0.7086092715231788	0.963963963963964	0.816793893129771	37.0582307705002	0.9638577840501161	0	candidate-surface abundance policy; fixed calls	4	0.006093608579542431
hmp_airskin_gtdb_source_abundance	19	depth_share_alpha0.5_cap0.01	111	151	107	44	4	0.7086092715231788	0.963963963963964	0.816793893129771	37.0582307705002	0.9638577840501161	0	candidate-surface abundance policy; fixed calls	4	0.006093608579542431
hmp_airskin_gtdb_source_abundance	19	depth_share_alpha0.5_cap0.02	111	151	107	44	4	0.7086092715231788	0.963963963963964	0.816793893129771	37.0582307705002	0.9638577840501161	0	candidate-surface abundance policy; fixed calls	4	0.006093608579542431
hmp_airskin_gtdb_source_abundance	19	depth_share_alpha0.5_cap0.05	111	151	107	44	4	0.7086092715231788	0.963963963963964	0.816793893129771	37.0582307705002	0.9638577840501161	0	candidate-surface abundance policy; fixed calls	4	0.006093608579542431
hmp_airskin_gtdb_source_abundance	19	depth_share_alpha1_cap0.001	111	151	107	44	4	0.7086092715231788	0.963963963963964	0.816793893129771	37.11415263573594	0.9637196971315188	0	candidate-surface abundance policy; fixed calls	4	0.004
hmp_airskin_gtdb_source_abundance	19	depth_share_alpha1_cap0.003	111	151	107	44	4	0.7086092715231788	0.963963963963964	0.816793893129771	37.27440155559306	0.964007676025875	0	candidate-surface abundance policy; fixed calls	4	0.01133187490571273
hmp_airskin_gtdb_source_abundance	19	depth_share_alpha1_cap0.005	111	151	107	44	4	0.7086092715231788	0.963963963963964	0.816793893129771	37.29409422607102	0.9640411863387747	0	candidate-surface abundance policy; fixed calls	4	0.012187217159084862
hmp_airskin_gtdb_source_abundance	19	depth_share_alpha1_cap0.01	111	151	107	44	4	0.7086092715231788	0.963963963963964	0.816793893129771	37.29409422607102	0.9640411863387747	0	candidate-surface abundance policy; fixed calls	4	0.012187217159084862
hmp_airskin_gtdb_source_abundance	19	depth_share_alpha1_cap0.02	111	151	107	44	4	0.7086092715231788	0.963963963963964	0.816793893129771	37.29409422607102	0.9640411863387747	0	candidate-surface abundance policy; fixed calls	4	0.012187217159084862
hmp_airskin_gtdb_source_abundance	19	depth_share_alpha1_cap0.05	111	151	107	44	4	0.7086092715231788	0.963963963963964	0.816793893129771	37.29409422607102	0.9640411863387747	0	candidate-surface abundance policy; fixed calls	4	0.012187217159084862
hmp_airskin_gtdb_source_abundance	19	depth_share_alpha2_cap0.001	111	151	107	44	4	0.7086092715231788	0.963963963963964	0.816793893129771	37.11415263573594	0.9637196971315188	0	candidate-surface abundance policy; fixed calls	4	0.004
hmp_airskin_gtdb_source_abundance	19	depth_share_alpha2_cap0.003	111	151	107	44	4	0.7086092715231788	0.963963963963964	0.816793893129771	37.36449471418897	0.9639984773286172	0	candidate-surface abundance policy; fixed calls	4	0.012
hmp_airskin_gtdb_source_abundance	19	depth_share_alpha2_cap0.005	111	151	107	44	4	0.7086092715231788	0.963963963963964	0.816793893129771	38.05009365591925	0.9638380282009686	0	candidate-surface abundance policy; fixed calls	4	0.02
hmp_airskin_gtdb_source_abundance	19	depth_share_alpha2_cap0.01	111	151	107	44	4	0.7086092715231788	0.963963963963964	0.816793893129771	38.514572185056714	0.9636297754347104	0	candidate-surface abundance policy; fixed calls	4	0.024374434318169724
hmp_airskin_gtdb_source_abundance	19	depth_share_alpha2_cap0.02	111	151	107	44	4	0.7086092715231788	0.963963963963964	0.816793893129771	38.514572185056714	0.9636297754347104	0	candidate-surface abundance policy; fixed calls	4	0.024374434318169724
hmp_airskin_gtdb_source_abundance	19	depth_share_alpha2_cap0.05	111	151	107	44	4	0.7086092715231788	0.963963963963964	0.816793893129771	38.514572185056714	0.9636297754347104	0	candidate-surface abundance policy; fixed calls	4	0.024374434318169724
hmp_airskin_gtdb_source_abundance	20	zero_mass	79	106	76	30	3	0.7169811320754716	0.9620253164556962	0.8216216216216216	25.952986359054346	0.990482300426512	0	candidate-surface abundance policy; fixed calls	0	0.0
hmp_airskin_gtdb_source_abundance	20	normalized_depth_alpha0.05	79	106	76	30	3	0.7169811320754716	0.9620253164556962	0.8216216216216216	25.952986359054346	0.990482300426512	0	candidate-surface abundance policy; fixed calls	0	0.0
hmp_airskin_gtdb_source_abundance	20	normalized_depth_alpha0.1	79	106	76	30	3	0.7169811320754716	0.9620253164556962	0.8216216216216216	25.952986359054346	0.990482300426512	0	candidate-surface abundance policy; fixed calls	0	0.0
hmp_airskin_gtdb_source_abundance	20	normalized_depth_alpha0.25	79	106	76	30	3	0.7169811320754716	0.9620253164556962	0.8216216216216216	25.952986359054346	0.990482300426512	0	candidate-surface abundance policy; fixed calls	0	0.0
hmp_airskin_gtdb_source_abundance	20	normalized_depth_alpha0.5	79	106	76	30	3	0.7169811320754716	0.9620253164556962	0.8216216216216216	25.952986359054346	0.990482300426512	0	candidate-surface abundance policy; fixed calls	0	0.0
hmp_airskin_gtdb_source_abundance	20	normalized_depth_alpha1	79	106	76	30	3	0.7169811320754716	0.9620253164556962	0.8216216216216216	25.952986359054346	0.990482300426512	0	candidate-surface abundance policy; fixed calls	0	0.0
hmp_airskin_gtdb_source_abundance	20	normalized_depth_alpha2	79	106	76	30	3	0.7169811320754716	0.9620253164556962	0.8216216216216216	25.952986359054346	0.990482300426512	0	candidate-surface abundance policy; fixed calls	0	0.0
hmp_airskin_gtdb_source_abundance	20	normalized_depth_alpha5	79	106	76	30	3	0.7169811320754716	0.9620253164556962	0.8216216216216216	25.952986359054346	0.990482300426512	0	candidate-surface abundance policy; fixed calls	0	0.0
hmp_airskin_gtdb_source_abundance	20	normalized_depth_alpha10	79	106	76	30	3	0.7169811320754716	0.9620253164556962	0.8216216216216216	25.952986359054346	0.990482300426512	0	candidate-surface abundance policy; fixed calls	0	0.0
hmp_airskin_gtdb_source_abundance	20	normalized_depth_cap0.001	79	106	76	30	3	0.7169811320754716	0.9620253164556962	0.8216216216216216	25.952986359054346	0.990482300426512	0	candidate-surface abundance policy; fixed calls	0	0.0
hmp_airskin_gtdb_source_abundance	20	normalized_depth_cap0.003	79	106	76	30	3	0.7169811320754716	0.9620253164556962	0.8216216216216216	25.952986359054346	0.990482300426512	0	candidate-surface abundance policy; fixed calls	0	0.0
hmp_airskin_gtdb_source_abundance	20	normalized_depth_cap0.005	79	106	76	30	3	0.7169811320754716	0.9620253164556962	0.8216216216216216	25.952986359054346	0.990482300426512	0	candidate-surface abundance policy; fixed calls	0	0.0
hmp_airskin_gtdb_source_abundance	20	normalized_depth_cap0.01	79	106	76	30	3	0.7169811320754716	0.9620253164556962	0.8216216216216216	25.952986359054346	0.990482300426512	0	candidate-surface abundance policy; fixed calls	0	0.0
hmp_airskin_gtdb_source_abundance	20	normalized_depth_cap0.02	79	106	76	30	3	0.7169811320754716	0.9620253164556962	0.8216216216216216	25.952986359054346	0.990482300426512	0	candidate-surface abundance policy; fixed calls	0	0.0
hmp_airskin_gtdb_source_abundance	20	normalized_depth_cap0.05	79	106	76	30	3	0.7169811320754716	0.9620253164556962	0.8216216216216216	25.952986359054346	0.990482300426512	0	candidate-surface abundance policy; fixed calls	0	0.0
hmp_airskin_gtdb_source_abundance	20	normalized_depth_alpha0.25_cap0.001	79	106	76	30	3	0.7169811320754716	0.9620253164556962	0.8216216216216216	25.952986359054346	0.990482300426512	0	candidate-surface abundance policy; fixed calls	0	0.0
hmp_airskin_gtdb_source_abundance	20	normalized_depth_alpha0.25_cap0.003	79	106	76	30	3	0.7169811320754716	0.9620253164556962	0.8216216216216216	25.952986359054346	0.990482300426512	0	candidate-surface abundance policy; fixed calls	0	0.0
hmp_airskin_gtdb_source_abundance	20	normalized_depth_alpha0.25_cap0.005	79	106	76	30	3	0.7169811320754716	0.9620253164556962	0.8216216216216216	25.952986359054346	0.990482300426512	0	candidate-surface abundance policy; fixed calls	0	0.0
hmp_airskin_gtdb_source_abundance	20	normalized_depth_alpha0.25_cap0.01	79	106	76	30	3	0.7169811320754716	0.9620253164556962	0.8216216216216216	25.952986359054346	0.990482300426512	0	candidate-surface abundance policy; fixed calls	0	0.0
hmp_airskin_gtdb_source_abundance	20	normalized_depth_alpha0.25_cap0.02	79	106	76	30	3	0.7169811320754716	0.9620253164556962	0.8216216216216216	25.952986359054346	0.990482300426512	0	candidate-surface abundance policy; fixed calls	0	0.0
hmp_airskin_gtdb_source_abundance	20	normalized_depth_alpha0.25_cap0.05	79	106	76	30	3	0.7169811320754716	0.9620253164556962	0.8216216216216216	25.952986359054346	0.990482300426512	0	candidate-surface abundance policy; fixed calls	0	0.0
hmp_airskin_gtdb_source_abundance	20	normalized_depth_alpha0.5_cap0.001	79	106	76	30	3	0.7169811320754716	0.9620253164556962	0.8216216216216216	25.952986359054346	0.990482300426512	0	candidate-surface abundance policy; fixed calls	0	0.0
hmp_airskin_gtdb_source_abundance	20	normalized_depth_alpha0.5_cap0.003	79	106	76	30	3	0.7169811320754716	0.9620253164556962	0.8216216216216216	25.952986359054346	0.990482300426512	0	candidate-surface abundance policy; fixed calls	0	0.0
hmp_airskin_gtdb_source_abundance	20	normalized_depth_alpha0.5_cap0.005	79	106	76	30	3	0.7169811320754716	0.9620253164556962	0.8216216216216216	25.952986359054346	0.990482300426512	0	candidate-surface abundance policy; fixed calls	0	0.0
hmp_airskin_gtdb_source_abundance	20	normalized_depth_alpha0.5_cap0.01	79	106	76	30	3	0.7169811320754716	0.9620253164556962	0.8216216216216216	25.952986359054346	0.990482300426512	0	candidate-surface abundance policy; fixed calls	0	0.0
hmp_airskin_gtdb_source_abundance	20	normalized_depth_alpha0.5_cap0.02	79	106	76	30	3	0.7169811320754716	0.9620253164556962	0.8216216216216216	25.952986359054346	0.990482300426512	0	candidate-surface abundance policy; fixed calls	0	0.0
hmp_airskin_gtdb_source_abundance	20	normalized_depth_alpha0.5_cap0.05	79	106	76	30	3	0.7169811320754716	0.9620253164556962	0.8216216216216216	25.952986359054346	0.990482300426512	0	candidate-surface abundance policy; fixed calls	0	0.0
hmp_airskin_gtdb_source_abundance	20	normalized_depth_alpha1_cap0.001	79	106	76	30	3	0.7169811320754716	0.9620253164556962	0.8216216216216216	25.952986359054346	0.990482300426512	0	candidate-surface abundance policy; fixed calls	0	0.0
hmp_airskin_gtdb_source_abundance	20	normalized_depth_alpha1_cap0.003	79	106	76	30	3	0.7169811320754716	0.9620253164556962	0.8216216216216216	25.952986359054346	0.990482300426512	0	candidate-surface abundance policy; fixed calls	0	0.0
hmp_airskin_gtdb_source_abundance	20	normalized_depth_alpha1_cap0.005	79	106	76	30	3	0.7169811320754716	0.9620253164556962	0.8216216216216216	25.952986359054346	0.990482300426512	0	candidate-surface abundance policy; fixed calls	0	0.0
hmp_airskin_gtdb_source_abundance	20	normalized_depth_alpha1_cap0.01	79	106	76	30	3	0.7169811320754716	0.9620253164556962	0.8216216216216216	25.952986359054346	0.990482300426512	0	candidate-surface abundance policy; fixed calls	0	0.0
hmp_airskin_gtdb_source_abundance	20	normalized_depth_alpha1_cap0.02	79	106	76	30	3	0.7169811320754716	0.9620253164556962	0.8216216216216216	25.952986359054346	0.990482300426512	0	candidate-surface abundance policy; fixed calls	0	0.0
hmp_airskin_gtdb_source_abundance	20	normalized_depth_alpha1_cap0.05	79	106	76	30	3	0.7169811320754716	0.9620253164556962	0.8216216216216216	25.952986359054346	0.990482300426512	0	candidate-surface abundance policy; fixed calls	0	0.0
hmp_airskin_gtdb_source_abundance	20	normalized_depth_alpha2_cap0.001	79	106	76	30	3	0.7169811320754716	0.9620253164556962	0.8216216216216216	25.952986359054346	0.990482300426512	0	candidate-surface abundance policy; fixed calls	0	0.0
hmp_airskin_gtdb_source_abundance	20	normalized_depth_alpha2_cap0.003	79	106	76	30	3	0.7169811320754716	0.9620253164556962	0.8216216216216216	25.952986359054346	0.990482300426512	0	candidate-surface abundance policy; fixed calls	0	0.0
hmp_airskin_gtdb_source_abundance	20	normalized_depth_alpha2_cap0.005	79	106	76	30	3	0.7169811320754716	0.9620253164556962	0.8216216216216216	25.952986359054346	0.990482300426512	0	candidate-surface abundance policy; fixed calls	0	0.0
hmp_airskin_gtdb_source_abundance	20	normalized_depth_alpha2_cap0.01	79	106	76	30	3	0.7169811320754716	0.9620253164556962	0.8216216216216216	25.952986359054346	0.990482300426512	0	candidate-surface abundance policy; fixed calls	0	0.0
hmp_airskin_gtdb_source_abundance	20	normalized_depth_alpha2_cap0.02	79	106	76	30	3	0.7169811320754716	0.9620253164556962	0.8216216216216216	25.952986359054346	0.990482300426512	0	candidate-surface abundance policy; fixed calls	0	0.0
hmp_airskin_gtdb_source_abundance	20	normalized_depth_alpha2_cap0.05	79	106	76	30	3	0.7169811320754716	0.9620253164556962	0.8216216216216216	25.952986359054346	0.990482300426512	0	candidate-surface abundance policy; fixed calls	0	0.0
hmp_airskin_gtdb_source_abundance	20	xny_share_alpha0.05	79	106	76	30	3	0.7169811320754716	0.9620253164556962	0.8216216216216216	25.952986359054346	0.990482300426512	0	candidate-surface abundance policy; fixed calls	0	0.0
hmp_airskin_gtdb_source_abundance	20	xny_share_alpha0.1	79	106	76	30	3	0.7169811320754716	0.9620253164556962	0.8216216216216216	25.952986359054346	0.990482300426512	0	candidate-surface abundance policy; fixed calls	0	0.0
hmp_airskin_gtdb_source_abundance	20	xny_share_alpha0.25	79	106	76	30	3	0.7169811320754716	0.9620253164556962	0.8216216216216216	25.952986359054346	0.990482300426512	0	candidate-surface abundance policy; fixed calls	0	0.0
hmp_airskin_gtdb_source_abundance	20	xny_share_alpha0.5	79	106	76	30	3	0.7169811320754716	0.9620253164556962	0.8216216216216216	25.952986359054346	0.990482300426512	0	candidate-surface abundance policy; fixed calls	0	0.0
hmp_airskin_gtdb_source_abundance	20	xny_share_alpha1	79	106	76	30	3	0.7169811320754716	0.9620253164556962	0.8216216216216216	25.952986359054346	0.990482300426512	0	candidate-surface abundance policy; fixed calls	0	0.0
hmp_airskin_gtdb_source_abundance	20	xny_share_alpha2	79	106	76	30	3	0.7169811320754716	0.9620253164556962	0.8216216216216216	25.952986359054346	0.990482300426512	0	candidate-surface abundance policy; fixed calls	0	0.0
hmp_airskin_gtdb_source_abundance	20	xny_share_alpha5	79	106	76	30	3	0.7169811320754716	0.9620253164556962	0.8216216216216216	25.952986359054346	0.990482300426512	0	candidate-surface abundance policy; fixed calls	0	0.0
hmp_airskin_gtdb_source_abundance	20	xny_share_alpha10	79	106	76	30	3	0.7169811320754716	0.9620253164556962	0.8216216216216216	25.952986359054346	0.990482300426512	0	candidate-surface abundance policy; fixed calls	0	0.0
hmp_airskin_gtdb_source_abundance	20	xny_share_cap0.001	79	106	76	30	3	0.7169811320754716	0.9620253164556962	0.8216216216216216	25.952986359054346	0.990482300426512	0	candidate-surface abundance policy; fixed calls	0	0.0
hmp_airskin_gtdb_source_abundance	20	xny_share_cap0.003	79	106	76	30	3	0.7169811320754716	0.9620253164556962	0.8216216216216216	25.952986359054346	0.990482300426512	0	candidate-surface abundance policy; fixed calls	0	0.0
hmp_airskin_gtdb_source_abundance	20	xny_share_cap0.005	79	106	76	30	3	0.7169811320754716	0.9620253164556962	0.8216216216216216	25.952986359054346	0.990482300426512	0	candidate-surface abundance policy; fixed calls	0	0.0
hmp_airskin_gtdb_source_abundance	20	xny_share_cap0.01	79	106	76	30	3	0.7169811320754716	0.9620253164556962	0.8216216216216216	25.952986359054346	0.990482300426512	0	candidate-surface abundance policy; fixed calls	0	0.0
hmp_airskin_gtdb_source_abundance	20	xny_share_cap0.02	79	106	76	30	3	0.7169811320754716	0.9620253164556962	0.8216216216216216	25.952986359054346	0.990482300426512	0	candidate-surface abundance policy; fixed calls	0	0.0
hmp_airskin_gtdb_source_abundance	20	xny_share_cap0.05	79	106	76	30	3	0.7169811320754716	0.9620253164556962	0.8216216216216216	25.952986359054346	0.990482300426512	0	candidate-surface abundance policy; fixed calls	0	0.0
hmp_airskin_gtdb_source_abundance	20	xny_share_alpha0.25_cap0.001	79	106	76	30	3	0.7169811320754716	0.9620253164556962	0.8216216216216216	25.952986359054346	0.990482300426512	0	candidate-surface abundance policy; fixed calls	0	0.0
hmp_airskin_gtdb_source_abundance	20	xny_share_alpha0.25_cap0.003	79	106	76	30	3	0.7169811320754716	0.9620253164556962	0.8216216216216216	25.952986359054346	0.990482300426512	0	candidate-surface abundance policy; fixed calls	0	0.0
hmp_airskin_gtdb_source_abundance	20	xny_share_alpha0.25_cap0.005	79	106	76	30	3	0.7169811320754716	0.9620253164556962	0.8216216216216216	25.952986359054346	0.990482300426512	0	candidate-surface abundance policy; fixed calls	0	0.0
hmp_airskin_gtdb_source_abundance	20	xny_share_alpha0.25_cap0.01	79	106	76	30	3	0.7169811320754716	0.9620253164556962	0.8216216216216216	25.952986359054346	0.990482300426512	0	candidate-surface abundance policy; fixed calls	0	0.0
hmp_airskin_gtdb_source_abundance	20	xny_share_alpha0.25_cap0.02	79	106	76	30	3	0.7169811320754716	0.9620253164556962	0.8216216216216216	25.952986359054346	0.990482300426512	0	candidate-surface abundance policy; fixed calls	0	0.0
hmp_airskin_gtdb_source_abundance	20	xny_share_alpha0.25_cap0.05	79	106	76	30	3	0.7169811320754716	0.9620253164556962	0.8216216216216216	25.952986359054346	0.990482300426512	0	candidate-surface abundance policy; fixed calls	0	0.0
hmp_airskin_gtdb_source_abundance	20	xny_share_alpha0.5_cap0.001	79	106	76	30	3	0.7169811320754716	0.9620253164556962	0.8216216216216216	25.952986359054346	0.990482300426512	0	candidate-surface abundance policy; fixed calls	0	0.0
hmp_airskin_gtdb_source_abundance	20	xny_share_alpha0.5_cap0.003	79	106	76	30	3	0.7169811320754716	0.9620253164556962	0.8216216216216216	25.952986359054346	0.990482300426512	0	candidate-surface abundance policy; fixed calls	0	0.0
hmp_airskin_gtdb_source_abundance	20	xny_share_alpha0.5_cap0.005	79	106	76	30	3	0.7169811320754716	0.9620253164556962	0.8216216216216216	25.952986359054346	0.990482300426512	0	candidate-surface abundance policy; fixed calls	0	0.0
hmp_airskin_gtdb_source_abundance	20	xny_share_alpha0.5_cap0.01	79	106	76	30	3	0.7169811320754716	0.9620253164556962	0.8216216216216216	25.952986359054346	0.990482300426512	0	candidate-surface abundance policy; fixed calls	0	0.0
hmp_airskin_gtdb_source_abundance	20	xny_share_alpha0.5_cap0.02	79	106	76	30	3	0.7169811320754716	0.9620253164556962	0.8216216216216216	25.952986359054346	0.990482300426512	0	candidate-surface abundance policy; fixed calls	0	0.0
hmp_airskin_gtdb_source_abundance	20	xny_share_alpha0.5_cap0.05	79	106	76	30	3	0.7169811320754716	0.9620253164556962	0.8216216216216216	25.952986359054346	0.990482300426512	0	candidate-surface abundance policy; fixed calls	0	0.0
hmp_airskin_gtdb_source_abundance	20	xny_share_alpha1_cap0.001	79	106	76	30	3	0.7169811320754716	0.9620253164556962	0.8216216216216216	25.952986359054346	0.990482300426512	0	candidate-surface abundance policy; fixed calls	0	0.0
hmp_airskin_gtdb_source_abundance	20	xny_share_alpha1_cap0.003	79	106	76	30	3	0.7169811320754716	0.9620253164556962	0.8216216216216216	25.952986359054346	0.990482300426512	0	candidate-surface abundance policy; fixed calls	0	0.0
hmp_airskin_gtdb_source_abundance	20	xny_share_alpha1_cap0.005	79	106	76	30	3	0.7169811320754716	0.9620253164556962	0.8216216216216216	25.952986359054346	0.990482300426512	0	candidate-surface abundance policy; fixed calls	0	0.0
hmp_airskin_gtdb_source_abundance	20	xny_share_alpha1_cap0.01	79	106	76	30	3	0.7169811320754716	0.9620253164556962	0.8216216216216216	25.952986359054346	0.990482300426512	0	candidate-surface abundance policy; fixed calls	0	0.0
hmp_airskin_gtdb_source_abundance	20	xny_share_alpha1_cap0.02	79	106	76	30	3	0.7169811320754716	0.9620253164556962	0.8216216216216216	25.952986359054346	0.990482300426512	0	candidate-surface abundance policy; fixed calls	0	0.0
hmp_airskin_gtdb_source_abundance	20	xny_share_alpha1_cap0.05	79	106	76	30	3	0.7169811320754716	0.9620253164556962	0.8216216216216216	25.952986359054346	0.990482300426512	0	candidate-surface abundance policy; fixed calls	0	0.0
hmp_airskin_gtdb_source_abundance	20	xny_share_alpha2_cap0.001	79	106	76	30	3	0.7169811320754716	0.9620253164556962	0.8216216216216216	25.952986359054346	0.990482300426512	0	candidate-surface abundance policy; fixed calls	0	0.0
hmp_airskin_gtdb_source_abundance	20	xny_share_alpha2_cap0.003	79	106	76	30	3	0.7169811320754716	0.9620253164556962	0.8216216216216216	25.952986359054346	0.990482300426512	0	candidate-surface abundance policy; fixed calls	0	0.0
hmp_airskin_gtdb_source_abundance	20	xny_share_alpha2_cap0.005	79	106	76	30	3	0.7169811320754716	0.9620253164556962	0.8216216216216216	25.952986359054346	0.990482300426512	0	candidate-surface abundance policy; fixed calls	0	0.0
hmp_airskin_gtdb_source_abundance	20	xny_share_alpha2_cap0.01	79	106	76	30	3	0.7169811320754716	0.9620253164556962	0.8216216216216216	25.952986359054346	0.990482300426512	0	candidate-surface abundance policy; fixed calls	0	0.0
hmp_airskin_gtdb_source_abundance	20	xny_share_alpha2_cap0.02	79	106	76	30	3	0.7169811320754716	0.9620253164556962	0.8216216216216216	25.952986359054346	0.990482300426512	0	candidate-surface abundance policy; fixed calls	0	0.0
hmp_airskin_gtdb_source_abundance	20	xny_share_alpha2_cap0.05	79	106	76	30	3	0.7169811320754716	0.9620253164556962	0.8216216216216216	25.952986359054346	0.990482300426512	0	candidate-surface abundance policy; fixed calls	0	0.0
hmp_airskin_gtdb_source_abundance	20	depth_share_alpha0.05	79	106	76	30	3	0.7169811320754716	0.9620253164556962	0.8216216216216216	25.952986359054346	0.990482300426512	0	candidate-surface abundance policy; fixed calls	0	0.0
hmp_airskin_gtdb_source_abundance	20	depth_share_alpha0.1	79	106	76	30	3	0.7169811320754716	0.9620253164556962	0.8216216216216216	25.952986359054346	0.990482300426512	0	candidate-surface abundance policy; fixed calls	0	0.0
hmp_airskin_gtdb_source_abundance	20	depth_share_alpha0.25	79	106	76	30	3	0.7169811320754716	0.9620253164556962	0.8216216216216216	25.952986359054346	0.990482300426512	0	candidate-surface abundance policy; fixed calls	0	0.0
hmp_airskin_gtdb_source_abundance	20	depth_share_alpha0.5	79	106	76	30	3	0.7169811320754716	0.9620253164556962	0.8216216216216216	25.952986359054346	0.990482300426512	0	candidate-surface abundance policy; fixed calls	0	0.0
hmp_airskin_gtdb_source_abundance	20	depth_share_alpha1	79	106	76	30	3	0.7169811320754716	0.9620253164556962	0.8216216216216216	25.952986359054346	0.990482300426512	0	candidate-surface abundance policy; fixed calls	0	0.0
hmp_airskin_gtdb_source_abundance	20	depth_share_alpha2	79	106	76	30	3	0.7169811320754716	0.9620253164556962	0.8216216216216216	25.952986359054346	0.990482300426512	0	candidate-surface abundance policy; fixed calls	0	0.0
hmp_airskin_gtdb_source_abundance	20	depth_share_alpha5	79	106	76	30	3	0.7169811320754716	0.9620253164556962	0.8216216216216216	25.952986359054346	0.990482300426512	0	candidate-surface abundance policy; fixed calls	0	0.0
hmp_airskin_gtdb_source_abundance	20	depth_share_alpha10	79	106	76	30	3	0.7169811320754716	0.9620253164556962	0.8216216216216216	25.952986359054346	0.990482300426512	0	candidate-surface abundance policy; fixed calls	0	0.0
hmp_airskin_gtdb_source_abundance	20	depth_share_cap0.001	79	106	76	30	3	0.7169811320754716	0.9620253164556962	0.8216216216216216	25.952986359054346	0.990482300426512	0	candidate-surface abundance policy; fixed calls	0	0.0
hmp_airskin_gtdb_source_abundance	20	depth_share_cap0.003	79	106	76	30	3	0.7169811320754716	0.9620253164556962	0.8216216216216216	25.952986359054346	0.990482300426512	0	candidate-surface abundance policy; fixed calls	0	0.0
hmp_airskin_gtdb_source_abundance	20	depth_share_cap0.005	79	106	76	30	3	0.7169811320754716	0.9620253164556962	0.8216216216216216	25.952986359054346	0.990482300426512	0	candidate-surface abundance policy; fixed calls	0	0.0
hmp_airskin_gtdb_source_abundance	20	depth_share_cap0.01	79	106	76	30	3	0.7169811320754716	0.9620253164556962	0.8216216216216216	25.952986359054346	0.990482300426512	0	candidate-surface abundance policy; fixed calls	0	0.0
hmp_airskin_gtdb_source_abundance	20	depth_share_cap0.02	79	106	76	30	3	0.7169811320754716	0.9620253164556962	0.8216216216216216	25.952986359054346	0.990482300426512	0	candidate-surface abundance policy; fixed calls	0	0.0
hmp_airskin_gtdb_source_abundance	20	depth_share_cap0.05	79	106	76	30	3	0.7169811320754716	0.9620253164556962	0.8216216216216216	25.952986359054346	0.990482300426512	0	candidate-surface abundance policy; fixed calls	0	0.0
hmp_airskin_gtdb_source_abundance	20	depth_share_alpha0.25_cap0.001	79	106	76	30	3	0.7169811320754716	0.9620253164556962	0.8216216216216216	25.952986359054346	0.990482300426512	0	candidate-surface abundance policy; fixed calls	0	0.0
hmp_airskin_gtdb_source_abundance	20	depth_share_alpha0.25_cap0.003	79	106	76	30	3	0.7169811320754716	0.9620253164556962	0.8216216216216216	25.952986359054346	0.990482300426512	0	candidate-surface abundance policy; fixed calls	0	0.0
hmp_airskin_gtdb_source_abundance	20	depth_share_alpha0.25_cap0.005	79	106	76	30	3	0.7169811320754716	0.9620253164556962	0.8216216216216216	25.952986359054346	0.990482300426512	0	candidate-surface abundance policy; fixed calls	0	0.0
hmp_airskin_gtdb_source_abundance	20	depth_share_alpha0.25_cap0.01	79	106	76	30	3	0.7169811320754716	0.9620253164556962	0.8216216216216216	25.952986359054346	0.990482300426512	0	candidate-surface abundance policy; fixed calls	0	0.0
hmp_airskin_gtdb_source_abundance	20	depth_share_alpha0.25_cap0.02	79	106	76	30	3	0.7169811320754716	0.9620253164556962	0.8216216216216216	25.952986359054346	0.990482300426512	0	candidate-surface abundance policy; fixed calls	0	0.0
hmp_airskin_gtdb_source_abundance	20	depth_share_alpha0.25_cap0.05	79	106	76	30	3	0.7169811320754716	0.9620253164556962	0.8216216216216216	25.952986359054346	0.990482300426512	0	candidate-surface abundance policy; fixed calls	0	0.0
hmp_airskin_gtdb_source_abundance	20	depth_share_alpha0.5_cap0.001	79	106	76	30	3	0.7169811320754716	0.9620253164556962	0.8216216216216216	25.952986359054346	0.990482300426512	0	candidate-surface abundance policy; fixed calls	0	0.0
hmp_airskin_gtdb_source_abundance	20	depth_share_alpha0.5_cap0.003	79	106	76	30	3	0.7169811320754716	0.9620253164556962	0.8216216216216216	25.952986359054346	0.990482300426512	0	candidate-surface abundance policy; fixed calls	0	0.0
hmp_airskin_gtdb_source_abundance	20	depth_share_alpha0.5_cap0.005	79	106	76	30	3	0.7169811320754716	0.9620253164556962	0.8216216216216216	25.952986359054346	0.990482300426512	0	candidate-surface abundance policy; fixed calls	0	0.0
hmp_airskin_gtdb_source_abundance	20	depth_share_alpha0.5_cap0.01	79	106	76	30	3	0.7169811320754716	0.9620253164556962	0.8216216216216216	25.952986359054346	0.990482300426512	0	candidate-surface abundance policy; fixed calls	0	0.0
hmp_airskin_gtdb_source_abundance	20	depth_share_alpha0.5_cap0.02	79	106	76	30	3	0.7169811320754716	0.9620253164556962	0.8216216216216216	25.952986359054346	0.990482300426512	0	candidate-surface abundance policy; fixed calls	0	0.0
hmp_airskin_gtdb_source_abundance	20	depth_share_alpha0.5_cap0.05	79	106	76	30	3	0.7169811320754716	0.9620253164556962	0.8216216216216216	25.952986359054346	0.990482300426512	0	candidate-surface abundance policy; fixed calls	0	0.0
hmp_airskin_gtdb_source_abundance	20	depth_share_alpha1_cap0.001	79	106	76	30	3	0.7169811320754716	0.9620253164556962	0.8216216216216216	25.952986359054346	0.990482300426512	0	candidate-surface abundance policy; fixed calls	0	0.0
hmp_airskin_gtdb_source_abundance	20	depth_share_alpha1_cap0.003	79	106	76	30	3	0.7169811320754716	0.9620253164556962	0.8216216216216216	25.952986359054346	0.990482300426512	0	candidate-surface abundance policy; fixed calls	0	0.0
hmp_airskin_gtdb_source_abundance	20	depth_share_alpha1_cap0.005	79	106	76	30	3	0.7169811320754716	0.9620253164556962	0.8216216216216216	25.952986359054346	0.990482300426512	0	candidate-surface abundance policy; fixed calls	0	0.0
hmp_airskin_gtdb_source_abundance	20	depth_share_alpha1_cap0.01	79	106	76	30	3	0.7169811320754716	0.9620253164556962	0.8216216216216216	25.952986359054346	0.990482300426512	0	candidate-surface abundance policy; fixed calls	0	0.0
hmp_airskin_gtdb_source_abundance	20	depth_share_alpha1_cap0.02	79	106	76	30	3	0.7169811320754716	0.9620253164556962	0.8216216216216216	25.952986359054346	0.990482300426512	0	candidate-surface abundance policy; fixed calls	0	0.0
hmp_airskin_gtdb_source_abundance	20	depth_share_alpha1_cap0.05	79	106	76	30	3	0.7169811320754716	0.9620253164556962	0.8216216216216216	25.952986359054346	0.990482300426512	0	candidate-surface abundance policy; fixed calls	0	0.0
hmp_airskin_gtdb_source_abundance	20	depth_share_alpha2_cap0.001	79	106	76	30	3	0.7169811320754716	0.9620253164556962	0.8216216216216216	25.952986359054346	0.990482300426512	0	candidate-surface abundance policy; fixed calls	0	0.0
hmp_airskin_gtdb_source_abundance	20	depth_share_alpha2_cap0.003	79	106	76	30	3	0.7169811320754716	0.9620253164556962	0.8216216216216216	25.952986359054346	0.990482300426512	0	candidate-surface abundance policy; fixed calls	0	0.0
hmp_airskin_gtdb_source_abundance	20	depth_share_alpha2_cap0.005	79	106	76	30	3	0.7169811320754716	0.9620253164556962	0.8216216216216216	25.952986359054346	0.990482300426512	0	candidate-surface abundance policy; fixed calls	0	0.0
hmp_airskin_gtdb_source_abundance	20	depth_share_alpha2_cap0.01	79	106	76	30	3	0.7169811320754716	0.9620253164556962	0.8216216216216216	25.952986359054346	0.990482300426512	0	candidate-surface abundance policy; fixed calls	0	0.0
hmp_airskin_gtdb_source_abundance	20	depth_share_alpha2_cap0.02	79	106	76	30	3	0.7169811320754716	0.9620253164556962	0.8216216216216216	25.952986359054346	0.990482300426512	0	candidate-surface abundance policy; fixed calls	0	0.0
hmp_airskin_gtdb_source_abundance	20	depth_share_alpha2_cap0.05	79	106	76	30	3	0.7169811320754716	0.9620253164556962	0.8216216216216216	25.952986359054346	0.990482300426512	0	candidate-surface abundance policy; fixed calls	0	0.0
hmp_airskin_gtdb_source_abundance	21	zero_mass	34	41	33	8	1	0.8048780487804879	0.9705882352941176	0.8800000000000001	34.744967146761056	0.9626902136826683	0	candidate-surface abundance policy; fixed calls	0	0.0
hmp_airskin_gtdb_source_abundance	21	normalized_depth_alpha0.05	34	41	33	8	1	0.8048780487804879	0.9705882352941176	0.8800000000000001	34.744967146761056	0.9626902136826683	0	candidate-surface abundance policy; fixed calls	0	0.0
hmp_airskin_gtdb_source_abundance	21	normalized_depth_alpha0.1	34	41	33	8	1	0.8048780487804879	0.9705882352941176	0.8800000000000001	34.744967146761056	0.9626902136826683	0	candidate-surface abundance policy; fixed calls	0	0.0
hmp_airskin_gtdb_source_abundance	21	normalized_depth_alpha0.25	34	41	33	8	1	0.8048780487804879	0.9705882352941176	0.8800000000000001	34.744967146761056	0.9626902136826683	0	candidate-surface abundance policy; fixed calls	0	0.0
hmp_airskin_gtdb_source_abundance	21	normalized_depth_alpha0.5	34	41	33	8	1	0.8048780487804879	0.9705882352941176	0.8800000000000001	34.744967146761056	0.9626902136826683	0	candidate-surface abundance policy; fixed calls	0	0.0
hmp_airskin_gtdb_source_abundance	21	normalized_depth_alpha1	34	41	33	8	1	0.8048780487804879	0.9705882352941176	0.8800000000000001	34.744967146761056	0.9626902136826683	0	candidate-surface abundance policy; fixed calls	0	0.0
hmp_airskin_gtdb_source_abundance	21	normalized_depth_alpha2	34	41	33	8	1	0.8048780487804879	0.9705882352941176	0.8800000000000001	34.744967146761056	0.9626902136826683	0	candidate-surface abundance policy; fixed calls	0	0.0
hmp_airskin_gtdb_source_abundance	21	normalized_depth_alpha5	34	41	33	8	1	0.8048780487804879	0.9705882352941176	0.8800000000000001	34.744967146761056	0.9626902136826683	0	candidate-surface abundance policy; fixed calls	0	0.0
hmp_airskin_gtdb_source_abundance	21	normalized_depth_alpha10	34	41	33	8	1	0.8048780487804879	0.9705882352941176	0.8800000000000001	34.744967146761056	0.9626902136826683	0	candidate-surface abundance policy; fixed calls	0	0.0
hmp_airskin_gtdb_source_abundance	21	normalized_depth_cap0.001	34	41	33	8	1	0.8048780487804879	0.9705882352941176	0.8800000000000001	34.744967146761056	0.9626902136826683	0	candidate-surface abundance policy; fixed calls	0	0.0
hmp_airskin_gtdb_source_abundance	21	normalized_depth_cap0.003	34	41	33	8	1	0.8048780487804879	0.9705882352941176	0.8800000000000001	34.744967146761056	0.9626902136826683	0	candidate-surface abundance policy; fixed calls	0	0.0
hmp_airskin_gtdb_source_abundance	21	normalized_depth_cap0.005	34	41	33	8	1	0.8048780487804879	0.9705882352941176	0.8800000000000001	34.744967146761056	0.9626902136826683	0	candidate-surface abundance policy; fixed calls	0	0.0
hmp_airskin_gtdb_source_abundance	21	normalized_depth_cap0.01	34	41	33	8	1	0.8048780487804879	0.9705882352941176	0.8800000000000001	34.744967146761056	0.9626902136826683	0	candidate-surface abundance policy; fixed calls	0	0.0
hmp_airskin_gtdb_source_abundance	21	normalized_depth_cap0.02	34	41	33	8	1	0.8048780487804879	0.9705882352941176	0.8800000000000001	34.744967146761056	0.9626902136826683	0	candidate-surface abundance policy; fixed calls	0	0.0
hmp_airskin_gtdb_source_abundance	21	normalized_depth_cap0.05	34	41	33	8	1	0.8048780487804879	0.9705882352941176	0.8800000000000001	34.744967146761056	0.9626902136826683	0	candidate-surface abundance policy; fixed calls	0	0.0
hmp_airskin_gtdb_source_abundance	21	normalized_depth_alpha0.25_cap0.001	34	41	33	8	1	0.8048780487804879	0.9705882352941176	0.8800000000000001	34.744967146761056	0.9626902136826683	0	candidate-surface abundance policy; fixed calls	0	0.0
hmp_airskin_gtdb_source_abundance	21	normalized_depth_alpha0.25_cap0.003	34	41	33	8	1	0.8048780487804879	0.9705882352941176	0.8800000000000001	34.744967146761056	0.9626902136826683	0	candidate-surface abundance policy; fixed calls	0	0.0
hmp_airskin_gtdb_source_abundance	21	normalized_depth_alpha0.25_cap0.005	34	41	33	8	1	0.8048780487804879	0.9705882352941176	0.8800000000000001	34.744967146761056	0.9626902136826683	0	candidate-surface abundance policy; fixed calls	0	0.0
hmp_airskin_gtdb_source_abundance	21	normalized_depth_alpha0.25_cap0.01	34	41	33	8	1	0.8048780487804879	0.9705882352941176	0.8800000000000001	34.744967146761056	0.9626902136826683	0	candidate-surface abundance policy; fixed calls	0	0.0
hmp_airskin_gtdb_source_abundance	21	normalized_depth_alpha0.25_cap0.02	34	41	33	8	1	0.8048780487804879	0.9705882352941176	0.8800000000000001	34.744967146761056	0.9626902136826683	0	candidate-surface abundance policy; fixed calls	0	0.0
hmp_airskin_gtdb_source_abundance	21	normalized_depth_alpha0.25_cap0.05	34	41	33	8	1	0.8048780487804879	0.9705882352941176	0.8800000000000001	34.744967146761056	0.9626902136826683	0	candidate-surface abundance policy; fixed calls	0	0.0
hmp_airskin_gtdb_source_abundance	21	normalized_depth_alpha0.5_cap0.001	34	41	33	8	1	0.8048780487804879	0.9705882352941176	0.8800000000000001	34.744967146761056	0.9626902136826683	0	candidate-surface abundance policy; fixed calls	0	0.0
hmp_airskin_gtdb_source_abundance	21	normalized_depth_alpha0.5_cap0.003	34	41	33	8	1	0.8048780487804879	0.9705882352941176	0.8800000000000001	34.744967146761056	0.9626902136826683	0	candidate-surface abundance policy; fixed calls	0	0.0
hmp_airskin_gtdb_source_abundance	21	normalized_depth_alpha0.5_cap0.005	34	41	33	8	1	0.8048780487804879	0.9705882352941176	0.8800000000000001	34.744967146761056	0.9626902136826683	0	candidate-surface abundance policy; fixed calls	0	0.0
hmp_airskin_gtdb_source_abundance	21	normalized_depth_alpha0.5_cap0.01	34	41	33	8	1	0.8048780487804879	0.9705882352941176	0.8800000000000001	34.744967146761056	0.9626902136826683	0	candidate-surface abundance policy; fixed calls	0	0.0
hmp_airskin_gtdb_source_abundance	21	normalized_depth_alpha0.5_cap0.02	34	41	33	8	1	0.8048780487804879	0.9705882352941176	0.8800000000000001	34.744967146761056	0.9626902136826683	0	candidate-surface abundance policy; fixed calls	0	0.0
hmp_airskin_gtdb_source_abundance	21	normalized_depth_alpha0.5_cap0.05	34	41	33	8	1	0.8048780487804879	0.9705882352941176	0.8800000000000001	34.744967146761056	0.9626902136826683	0	candidate-surface abundance policy; fixed calls	0	0.0
hmp_airskin_gtdb_source_abundance	21	normalized_depth_alpha1_cap0.001	34	41	33	8	1	0.8048780487804879	0.9705882352941176	0.8800000000000001	34.744967146761056	0.9626902136826683	0	candidate-surface abundance policy; fixed calls	0	0.0
hmp_airskin_gtdb_source_abundance	21	normalized_depth_alpha1_cap0.003	34	41	33	8	1	0.8048780487804879	0.9705882352941176	0.8800000000000001	34.744967146761056	0.9626902136826683	0	candidate-surface abundance policy; fixed calls	0	0.0
hmp_airskin_gtdb_source_abundance	21	normalized_depth_alpha1_cap0.005	34	41	33	8	1	0.8048780487804879	0.9705882352941176	0.8800000000000001	34.744967146761056	0.9626902136826683	0	candidate-surface abundance policy; fixed calls	0	0.0
hmp_airskin_gtdb_source_abundance	21	normalized_depth_alpha1_cap0.01	34	41	33	8	1	0.8048780487804879	0.9705882352941176	0.8800000000000001	34.744967146761056	0.9626902136826683	0	candidate-surface abundance policy; fixed calls	0	0.0
hmp_airskin_gtdb_source_abundance	21	normalized_depth_alpha1_cap0.02	34	41	33	8	1	0.8048780487804879	0.9705882352941176	0.8800000000000001	34.744967146761056	0.9626902136826683	0	candidate-surface abundance policy; fixed calls	0	0.0
hmp_airskin_gtdb_source_abundance	21	normalized_depth_alpha1_cap0.05	34	41	33	8	1	0.8048780487804879	0.9705882352941176	0.8800000000000001	34.744967146761056	0.9626902136826683	0	candidate-surface abundance policy; fixed calls	0	0.0
hmp_airskin_gtdb_source_abundance	21	normalized_depth_alpha2_cap0.001	34	41	33	8	1	0.8048780487804879	0.9705882352941176	0.8800000000000001	34.744967146761056	0.9626902136826683	0	candidate-surface abundance policy; fixed calls	0	0.0
hmp_airskin_gtdb_source_abundance	21	normalized_depth_alpha2_cap0.003	34	41	33	8	1	0.8048780487804879	0.9705882352941176	0.8800000000000001	34.744967146761056	0.9626902136826683	0	candidate-surface abundance policy; fixed calls	0	0.0
hmp_airskin_gtdb_source_abundance	21	normalized_depth_alpha2_cap0.005	34	41	33	8	1	0.8048780487804879	0.9705882352941176	0.8800000000000001	34.744967146761056	0.9626902136826683	0	candidate-surface abundance policy; fixed calls	0	0.0
hmp_airskin_gtdb_source_abundance	21	normalized_depth_alpha2_cap0.01	34	41	33	8	1	0.8048780487804879	0.9705882352941176	0.8800000000000001	34.744967146761056	0.9626902136826683	0	candidate-surface abundance policy; fixed calls	0	0.0
hmp_airskin_gtdb_source_abundance	21	normalized_depth_alpha2_cap0.02	34	41	33	8	1	0.8048780487804879	0.9705882352941176	0.8800000000000001	34.744967146761056	0.9626902136826683	0	candidate-surface abundance policy; fixed calls	0	0.0
hmp_airskin_gtdb_source_abundance	21	normalized_depth_alpha2_cap0.05	34	41	33	8	1	0.8048780487804879	0.9705882352941176	0.8800000000000001	34.744967146761056	0.9626902136826683	0	candidate-surface abundance policy; fixed calls	0	0.0
hmp_airskin_gtdb_source_abundance	21	xny_share_alpha0.05	34	41	33	8	1	0.8048780487804879	0.9705882352941176	0.8800000000000001	34.744967146761056	0.9626902136826683	0	candidate-surface abundance policy; fixed calls	0	0.0
hmp_airskin_gtdb_source_abundance	21	xny_share_alpha0.1	34	41	33	8	1	0.8048780487804879	0.9705882352941176	0.8800000000000001	34.744967146761056	0.9626902136826683	0	candidate-surface abundance policy; fixed calls	0	0.0
hmp_airskin_gtdb_source_abundance	21	xny_share_alpha0.25	34	41	33	8	1	0.8048780487804879	0.9705882352941176	0.8800000000000001	34.744967146761056	0.9626902136826683	0	candidate-surface abundance policy; fixed calls	0	0.0
hmp_airskin_gtdb_source_abundance	21	xny_share_alpha0.5	34	41	33	8	1	0.8048780487804879	0.9705882352941176	0.8800000000000001	34.744967146761056	0.9626902136826683	0	candidate-surface abundance policy; fixed calls	0	0.0
hmp_airskin_gtdb_source_abundance	21	xny_share_alpha1	34	41	33	8	1	0.8048780487804879	0.9705882352941176	0.8800000000000001	34.744967146761056	0.9626902136826683	0	candidate-surface abundance policy; fixed calls	0	0.0
hmp_airskin_gtdb_source_abundance	21	xny_share_alpha2	34	41	33	8	1	0.8048780487804879	0.9705882352941176	0.8800000000000001	34.744967146761056	0.9626902136826683	0	candidate-surface abundance policy; fixed calls	0	0.0
hmp_airskin_gtdb_source_abundance	21	xny_share_alpha5	34	41	33	8	1	0.8048780487804879	0.9705882352941176	0.8800000000000001	34.744967146761056	0.9626902136826683	0	candidate-surface abundance policy; fixed calls	0	0.0
hmp_airskin_gtdb_source_abundance	21	xny_share_alpha10	34	41	33	8	1	0.8048780487804879	0.9705882352941176	0.8800000000000001	34.744967146761056	0.9626902136826683	0	candidate-surface abundance policy; fixed calls	0	0.0
hmp_airskin_gtdb_source_abundance	21	xny_share_cap0.001	34	41	33	8	1	0.8048780487804879	0.9705882352941176	0.8800000000000001	34.744967146761056	0.9626902136826683	0	candidate-surface abundance policy; fixed calls	0	0.0
hmp_airskin_gtdb_source_abundance	21	xny_share_cap0.003	34	41	33	8	1	0.8048780487804879	0.9705882352941176	0.8800000000000001	34.744967146761056	0.9626902136826683	0	candidate-surface abundance policy; fixed calls	0	0.0
hmp_airskin_gtdb_source_abundance	21	xny_share_cap0.005	34	41	33	8	1	0.8048780487804879	0.9705882352941176	0.8800000000000001	34.744967146761056	0.9626902136826683	0	candidate-surface abundance policy; fixed calls	0	0.0
hmp_airskin_gtdb_source_abundance	21	xny_share_cap0.01	34	41	33	8	1	0.8048780487804879	0.9705882352941176	0.8800000000000001	34.744967146761056	0.9626902136826683	0	candidate-surface abundance policy; fixed calls	0	0.0
hmp_airskin_gtdb_source_abundance	21	xny_share_cap0.02	34	41	33	8	1	0.8048780487804879	0.9705882352941176	0.8800000000000001	34.744967146761056	0.9626902136826683	0	candidate-surface abundance policy; fixed calls	0	0.0
hmp_airskin_gtdb_source_abundance	21	xny_share_cap0.05	34	41	33	8	1	0.8048780487804879	0.9705882352941176	0.8800000000000001	34.744967146761056	0.9626902136826683	0	candidate-surface abundance policy; fixed calls	0	0.0
hmp_airskin_gtdb_source_abundance	21	xny_share_alpha0.25_cap0.001	34	41	33	8	1	0.8048780487804879	0.9705882352941176	0.8800000000000001	34.744967146761056	0.9626902136826683	0	candidate-surface abundance policy; fixed calls	0	0.0
hmp_airskin_gtdb_source_abundance	21	xny_share_alpha0.25_cap0.003	34	41	33	8	1	0.8048780487804879	0.9705882352941176	0.8800000000000001	34.744967146761056	0.9626902136826683	0	candidate-surface abundance policy; fixed calls	0	0.0
hmp_airskin_gtdb_source_abundance	21	xny_share_alpha0.25_cap0.005	34	41	33	8	1	0.8048780487804879	0.9705882352941176	0.8800000000000001	34.744967146761056	0.9626902136826683	0	candidate-surface abundance policy; fixed calls	0	0.0
hmp_airskin_gtdb_source_abundance	21	xny_share_alpha0.25_cap0.01	34	41	33	8	1	0.8048780487804879	0.9705882352941176	0.8800000000000001	34.744967146761056	0.9626902136826683	0	candidate-surface abundance policy; fixed calls	0	0.0
hmp_airskin_gtdb_source_abundance	21	xny_share_alpha0.25_cap0.02	34	41	33	8	1	0.8048780487804879	0.9705882352941176	0.8800000000000001	34.744967146761056	0.9626902136826683	0	candidate-surface abundance policy; fixed calls	0	0.0
hmp_airskin_gtdb_source_abundance	21	xny_share_alpha0.25_cap0.05	34	41	33	8	1	0.8048780487804879	0.9705882352941176	0.8800000000000001	34.744967146761056	0.9626902136826683	0	candidate-surface abundance policy; fixed calls	0	0.0
hmp_airskin_gtdb_source_abundance	21	xny_share_alpha0.5_cap0.001	34	41	33	8	1	0.8048780487804879	0.9705882352941176	0.8800000000000001	34.744967146761056	0.9626902136826683	0	candidate-surface abundance policy; fixed calls	0	0.0
hmp_airskin_gtdb_source_abundance	21	xny_share_alpha0.5_cap0.003	34	41	33	8	1	0.8048780487804879	0.9705882352941176	0.8800000000000001	34.744967146761056	0.9626902136826683	0	candidate-surface abundance policy; fixed calls	0	0.0
hmp_airskin_gtdb_source_abundance	21	xny_share_alpha0.5_cap0.005	34	41	33	8	1	0.8048780487804879	0.9705882352941176	0.8800000000000001	34.744967146761056	0.9626902136826683	0	candidate-surface abundance policy; fixed calls	0	0.0
hmp_airskin_gtdb_source_abundance	21	xny_share_alpha0.5_cap0.01	34	41	33	8	1	0.8048780487804879	0.9705882352941176	0.8800000000000001	34.744967146761056	0.9626902136826683	0	candidate-surface abundance policy; fixed calls	0	0.0
hmp_airskin_gtdb_source_abundance	21	xny_share_alpha0.5_cap0.02	34	41	33	8	1	0.8048780487804879	0.9705882352941176	0.8800000000000001	34.744967146761056	0.9626902136826683	0	candidate-surface abundance policy; fixed calls	0	0.0
hmp_airskin_gtdb_source_abundance	21	xny_share_alpha0.5_cap0.05	34	41	33	8	1	0.8048780487804879	0.9705882352941176	0.8800000000000001	34.744967146761056	0.9626902136826683	0	candidate-surface abundance policy; fixed calls	0	0.0
hmp_airskin_gtdb_source_abundance	21	xny_share_alpha1_cap0.001	34	41	33	8	1	0.8048780487804879	0.9705882352941176	0.8800000000000001	34.744967146761056	0.9626902136826683	0	candidate-surface abundance policy; fixed calls	0	0.0
hmp_airskin_gtdb_source_abundance	21	xny_share_alpha1_cap0.003	34	41	33	8	1	0.8048780487804879	0.9705882352941176	0.8800000000000001	34.744967146761056	0.9626902136826683	0	candidate-surface abundance policy; fixed calls	0	0.0
hmp_airskin_gtdb_source_abundance	21	xny_share_alpha1_cap0.005	34	41	33	8	1	0.8048780487804879	0.9705882352941176	0.8800000000000001	34.744967146761056	0.9626902136826683	0	candidate-surface abundance policy; fixed calls	0	0.0
hmp_airskin_gtdb_source_abundance	21	xny_share_alpha1_cap0.01	34	41	33	8	1	0.8048780487804879	0.9705882352941176	0.8800000000000001	34.744967146761056	0.9626902136826683	0	candidate-surface abundance policy; fixed calls	0	0.0
hmp_airskin_gtdb_source_abundance	21	xny_share_alpha1_cap0.02	34	41	33	8	1	0.8048780487804879	0.9705882352941176	0.8800000000000001	34.744967146761056	0.9626902136826683	0	candidate-surface abundance policy; fixed calls	0	0.0
hmp_airskin_gtdb_source_abundance	21	xny_share_alpha1_cap0.05	34	41	33	8	1	0.8048780487804879	0.9705882352941176	0.8800000000000001	34.744967146761056	0.9626902136826683	0	candidate-surface abundance policy; fixed calls	0	0.0
hmp_airskin_gtdb_source_abundance	21	xny_share_alpha2_cap0.001	34	41	33	8	1	0.8048780487804879	0.9705882352941176	0.8800000000000001	34.744967146761056	0.9626902136826683	0	candidate-surface abundance policy; fixed calls	0	0.0
hmp_airskin_gtdb_source_abundance	21	xny_share_alpha2_cap0.003	34	41	33	8	1	0.8048780487804879	0.9705882352941176	0.8800000000000001	34.744967146761056	0.9626902136826683	0	candidate-surface abundance policy; fixed calls	0	0.0
hmp_airskin_gtdb_source_abundance	21	xny_share_alpha2_cap0.005	34	41	33	8	1	0.8048780487804879	0.9705882352941176	0.8800000000000001	34.744967146761056	0.9626902136826683	0	candidate-surface abundance policy; fixed calls	0	0.0
hmp_airskin_gtdb_source_abundance	21	xny_share_alpha2_cap0.01	34	41	33	8	1	0.8048780487804879	0.9705882352941176	0.8800000000000001	34.744967146761056	0.9626902136826683	0	candidate-surface abundance policy; fixed calls	0	0.0
hmp_airskin_gtdb_source_abundance	21	xny_share_alpha2_cap0.02	34	41	33	8	1	0.8048780487804879	0.9705882352941176	0.8800000000000001	34.744967146761056	0.9626902136826683	0	candidate-surface abundance policy; fixed calls	0	0.0
hmp_airskin_gtdb_source_abundance	21	xny_share_alpha2_cap0.05	34	41	33	8	1	0.8048780487804879	0.9705882352941176	0.8800000000000001	34.744967146761056	0.9626902136826683	0	candidate-surface abundance policy; fixed calls	0	0.0
hmp_airskin_gtdb_source_abundance	21	depth_share_alpha0.05	34	41	33	8	1	0.8048780487804879	0.9705882352941176	0.8800000000000001	34.744967146761056	0.9626902136826683	0	candidate-surface abundance policy; fixed calls	0	0.0
hmp_airskin_gtdb_source_abundance	21	depth_share_alpha0.1	34	41	33	8	1	0.8048780487804879	0.9705882352941176	0.8800000000000001	34.744967146761056	0.9626902136826683	0	candidate-surface abundance policy; fixed calls	0	0.0
hmp_airskin_gtdb_source_abundance	21	depth_share_alpha0.25	34	41	33	8	1	0.8048780487804879	0.9705882352941176	0.8800000000000001	34.744967146761056	0.9626902136826683	0	candidate-surface abundance policy; fixed calls	0	0.0
hmp_airskin_gtdb_source_abundance	21	depth_share_alpha0.5	34	41	33	8	1	0.8048780487804879	0.9705882352941176	0.8800000000000001	34.744967146761056	0.9626902136826683	0	candidate-surface abundance policy; fixed calls	0	0.0
hmp_airskin_gtdb_source_abundance	21	depth_share_alpha1	34	41	33	8	1	0.8048780487804879	0.9705882352941176	0.8800000000000001	34.744967146761056	0.9626902136826683	0	candidate-surface abundance policy; fixed calls	0	0.0
hmp_airskin_gtdb_source_abundance	21	depth_share_alpha2	34	41	33	8	1	0.8048780487804879	0.9705882352941176	0.8800000000000001	34.744967146761056	0.9626902136826683	0	candidate-surface abundance policy; fixed calls	0	0.0
hmp_airskin_gtdb_source_abundance	21	depth_share_alpha5	34	41	33	8	1	0.8048780487804879	0.9705882352941176	0.8800000000000001	34.744967146761056	0.9626902136826683	0	candidate-surface abundance policy; fixed calls	0	0.0
hmp_airskin_gtdb_source_abundance	21	depth_share_alpha10	34	41	33	8	1	0.8048780487804879	0.9705882352941176	0.8800000000000001	34.744967146761056	0.9626902136826683	0	candidate-surface abundance policy; fixed calls	0	0.0
hmp_airskin_gtdb_source_abundance	21	depth_share_cap0.001	34	41	33	8	1	0.8048780487804879	0.9705882352941176	0.8800000000000001	34.744967146761056	0.9626902136826683	0	candidate-surface abundance policy; fixed calls	0	0.0
hmp_airskin_gtdb_source_abundance	21	depth_share_cap0.003	34	41	33	8	1	0.8048780487804879	0.9705882352941176	0.8800000000000001	34.744967146761056	0.9626902136826683	0	candidate-surface abundance policy; fixed calls	0	0.0
hmp_airskin_gtdb_source_abundance	21	depth_share_cap0.005	34	41	33	8	1	0.8048780487804879	0.9705882352941176	0.8800000000000001	34.744967146761056	0.9626902136826683	0	candidate-surface abundance policy; fixed calls	0	0.0
hmp_airskin_gtdb_source_abundance	21	depth_share_cap0.01	34	41	33	8	1	0.8048780487804879	0.9705882352941176	0.8800000000000001	34.744967146761056	0.9626902136826683	0	candidate-surface abundance policy; fixed calls	0	0.0
hmp_airskin_gtdb_source_abundance	21	depth_share_cap0.02	34	41	33	8	1	0.8048780487804879	0.9705882352941176	0.8800000000000001	34.744967146761056	0.9626902136826683	0	candidate-surface abundance policy; fixed calls	0	0.0
hmp_airskin_gtdb_source_abundance	21	depth_share_cap0.05	34	41	33	8	1	0.8048780487804879	0.9705882352941176	0.8800000000000001	34.744967146761056	0.9626902136826683	0	candidate-surface abundance policy; fixed calls	0	0.0
hmp_airskin_gtdb_source_abundance	21	depth_share_alpha0.25_cap0.001	34	41	33	8	1	0.8048780487804879	0.9705882352941176	0.8800000000000001	34.744967146761056	0.9626902136826683	0	candidate-surface abundance policy; fixed calls	0	0.0
hmp_airskin_gtdb_source_abundance	21	depth_share_alpha0.25_cap0.003	34	41	33	8	1	0.8048780487804879	0.9705882352941176	0.8800000000000001	34.744967146761056	0.9626902136826683	0	candidate-surface abundance policy; fixed calls	0	0.0
hmp_airskin_gtdb_source_abundance	21	depth_share_alpha0.25_cap0.005	34	41	33	8	1	0.8048780487804879	0.9705882352941176	0.8800000000000001	34.744967146761056	0.9626902136826683	0	candidate-surface abundance policy; fixed calls	0	0.0
hmp_airskin_gtdb_source_abundance	21	depth_share_alpha0.25_cap0.01	34	41	33	8	1	0.8048780487804879	0.9705882352941176	0.8800000000000001	34.744967146761056	0.9626902136826683	0	candidate-surface abundance policy; fixed calls	0	0.0
hmp_airskin_gtdb_source_abundance	21	depth_share_alpha0.25_cap0.02	34	41	33	8	1	0.8048780487804879	0.9705882352941176	0.8800000000000001	34.744967146761056	0.9626902136826683	0	candidate-surface abundance policy; fixed calls	0	0.0
hmp_airskin_gtdb_source_abundance	21	depth_share_alpha0.25_cap0.05	34	41	33	8	1	0.8048780487804879	0.9705882352941176	0.8800000000000001	34.744967146761056	0.9626902136826683	0	candidate-surface abundance policy; fixed calls	0	0.0
hmp_airskin_gtdb_source_abundance	21	depth_share_alpha0.5_cap0.001	34	41	33	8	1	0.8048780487804879	0.9705882352941176	0.8800000000000001	34.744967146761056	0.9626902136826683	0	candidate-surface abundance policy; fixed calls	0	0.0
hmp_airskin_gtdb_source_abundance	21	depth_share_alpha0.5_cap0.003	34	41	33	8	1	0.8048780487804879	0.9705882352941176	0.8800000000000001	34.744967146761056	0.9626902136826683	0	candidate-surface abundance policy; fixed calls	0	0.0
hmp_airskin_gtdb_source_abundance	21	depth_share_alpha0.5_cap0.005	34	41	33	8	1	0.8048780487804879	0.9705882352941176	0.8800000000000001	34.744967146761056	0.9626902136826683	0	candidate-surface abundance policy; fixed calls	0	0.0
hmp_airskin_gtdb_source_abundance	21	depth_share_alpha0.5_cap0.01	34	41	33	8	1	0.8048780487804879	0.9705882352941176	0.8800000000000001	34.744967146761056	0.9626902136826683	0	candidate-surface abundance policy; fixed calls	0	0.0
hmp_airskin_gtdb_source_abundance	21	depth_share_alpha0.5_cap0.02	34	41	33	8	1	0.8048780487804879	0.9705882352941176	0.8800000000000001	34.744967146761056	0.9626902136826683	0	candidate-surface abundance policy; fixed calls	0	0.0
hmp_airskin_gtdb_source_abundance	21	depth_share_alpha0.5_cap0.05	34	41	33	8	1	0.8048780487804879	0.9705882352941176	0.8800000000000001	34.744967146761056	0.9626902136826683	0	candidate-surface abundance policy; fixed calls	0	0.0
hmp_airskin_gtdb_source_abundance	21	depth_share_alpha1_cap0.001	34	41	33	8	1	0.8048780487804879	0.9705882352941176	0.8800000000000001	34.744967146761056	0.9626902136826683	0	candidate-surface abundance policy; fixed calls	0	0.0
hmp_airskin_gtdb_source_abundance	21	depth_share_alpha1_cap0.003	34	41	33	8	1	0.8048780487804879	0.9705882352941176	0.8800000000000001	34.744967146761056	0.9626902136826683	0	candidate-surface abundance policy; fixed calls	0	0.0
hmp_airskin_gtdb_source_abundance	21	depth_share_alpha1_cap0.005	34	41	33	8	1	0.8048780487804879	0.9705882352941176	0.8800000000000001	34.744967146761056	0.9626902136826683	0	candidate-surface abundance policy; fixed calls	0	0.0
hmp_airskin_gtdb_source_abundance	21	depth_share_alpha1_cap0.01	34	41	33	8	1	0.8048780487804879	0.9705882352941176	0.8800000000000001	34.744967146761056	0.9626902136826683	0	candidate-surface abundance policy; fixed calls	0	0.0
hmp_airskin_gtdb_source_abundance	21	depth_share_alpha1_cap0.02	34	41	33	8	1	0.8048780487804879	0.9705882352941176	0.8800000000000001	34.744967146761056	0.9626902136826683	0	candidate-surface abundance policy; fixed calls	0	0.0
hmp_airskin_gtdb_source_abundance	21	depth_share_alpha1_cap0.05	34	41	33	8	1	0.8048780487804879	0.9705882352941176	0.8800000000000001	34.744967146761056	0.9626902136826683	0	candidate-surface abundance policy; fixed calls	0	0.0
hmp_airskin_gtdb_source_abundance	21	depth_share_alpha2_cap0.001	34	41	33	8	1	0.8048780487804879	0.9705882352941176	0.8800000000000001	34.744967146761056	0.9626902136826683	0	candidate-surface abundance policy; fixed calls	0	0.0
hmp_airskin_gtdb_source_abundance	21	depth_share_alpha2_cap0.003	34	41	33	8	1	0.8048780487804879	0.9705882352941176	0.8800000000000001	34.744967146761056	0.9626902136826683	0	candidate-surface abundance policy; fixed calls	0	0.0
hmp_airskin_gtdb_source_abundance	21	depth_share_alpha2_cap0.005	34	41	33	8	1	0.8048780487804879	0.9705882352941176	0.8800000000000001	34.744967146761056	0.9626902136826683	0	candidate-surface abundance policy; fixed calls	0	0.0
hmp_airskin_gtdb_source_abundance	21	depth_share_alpha2_cap0.01	34	41	33	8	1	0.8048780487804879	0.9705882352941176	0.8800000000000001	34.744967146761056	0.9626902136826683	0	candidate-surface abundance policy; fixed calls	0	0.0
hmp_airskin_gtdb_source_abundance	21	depth_share_alpha2_cap0.02	34	41	33	8	1	0.8048780487804879	0.9705882352941176	0.8800000000000001	34.744967146761056	0.9626902136826683	0	candidate-surface abundance policy; fixed calls	0	0.0
hmp_airskin_gtdb_source_abundance	21	depth_share_alpha2_cap0.05	34	41	33	8	1	0.8048780487804879	0.9705882352941176	0.8800000000000001	34.744967146761056	0.9626902136826683	0	candidate-surface abundance policy; fixed calls	0	0.0
hmp_airskin_gtdb_source_abundance	22	zero_mass	21	38	19	19	2	0.5	0.9047619047619048	0.6440677966101696	20.64859084035786	0.9885915958918304	0	candidate-surface abundance policy; fixed calls	0	0.0
hmp_airskin_gtdb_source_abundance	22	normalized_depth_alpha0.05	21	38	19	19	2	0.5	0.9047619047619048	0.6440677966101696	20.64859084035786	0.9885915958918304	0	candidate-surface abundance policy; fixed calls	0	0.0
hmp_airskin_gtdb_source_abundance	22	normalized_depth_alpha0.1	21	38	19	19	2	0.5	0.9047619047619048	0.6440677966101696	20.64859084035786	0.9885915958918304	0	candidate-surface abundance policy; fixed calls	0	0.0
hmp_airskin_gtdb_source_abundance	22	normalized_depth_alpha0.25	21	38	19	19	2	0.5	0.9047619047619048	0.6440677966101696	20.64859084035786	0.9885915958918304	0	candidate-surface abundance policy; fixed calls	0	0.0
hmp_airskin_gtdb_source_abundance	22	normalized_depth_alpha0.5	21	38	19	19	2	0.5	0.9047619047619048	0.6440677966101696	20.64859084035786	0.9885915958918304	0	candidate-surface abundance policy; fixed calls	0	0.0
hmp_airskin_gtdb_source_abundance	22	normalized_depth_alpha1	21	38	19	19	2	0.5	0.9047619047619048	0.6440677966101696	20.64859084035786	0.9885915958918304	0	candidate-surface abundance policy; fixed calls	0	0.0
hmp_airskin_gtdb_source_abundance	22	normalized_depth_alpha2	21	38	19	19	2	0.5	0.9047619047619048	0.6440677966101696	20.64859084035786	0.9885915958918304	0	candidate-surface abundance policy; fixed calls	0	0.0
hmp_airskin_gtdb_source_abundance	22	normalized_depth_alpha5	21	38	19	19	2	0.5	0.9047619047619048	0.6440677966101696	20.64859084035786	0.9885915958918304	0	candidate-surface abundance policy; fixed calls	0	0.0
hmp_airskin_gtdb_source_abundance	22	normalized_depth_alpha10	21	38	19	19	2	0.5	0.9047619047619048	0.6440677966101696	20.64859084035786	0.9885915958918304	0	candidate-surface abundance policy; fixed calls	0	0.0
hmp_airskin_gtdb_source_abundance	22	normalized_depth_cap0.001	21	38	19	19	2	0.5	0.9047619047619048	0.6440677966101696	20.64859084035786	0.9885915958918304	0	candidate-surface abundance policy; fixed calls	0	0.0
hmp_airskin_gtdb_source_abundance	22	normalized_depth_cap0.003	21	38	19	19	2	0.5	0.9047619047619048	0.6440677966101696	20.64859084035786	0.9885915958918304	0	candidate-surface abundance policy; fixed calls	0	0.0
hmp_airskin_gtdb_source_abundance	22	normalized_depth_cap0.005	21	38	19	19	2	0.5	0.9047619047619048	0.6440677966101696	20.64859084035786	0.9885915958918304	0	candidate-surface abundance policy; fixed calls	0	0.0
hmp_airskin_gtdb_source_abundance	22	normalized_depth_cap0.01	21	38	19	19	2	0.5	0.9047619047619048	0.6440677966101696	20.64859084035786	0.9885915958918304	0	candidate-surface abundance policy; fixed calls	0	0.0
hmp_airskin_gtdb_source_abundance	22	normalized_depth_cap0.02	21	38	19	19	2	0.5	0.9047619047619048	0.6440677966101696	20.64859084035786	0.9885915958918304	0	candidate-surface abundance policy; fixed calls	0	0.0
hmp_airskin_gtdb_source_abundance	22	normalized_depth_cap0.05	21	38	19	19	2	0.5	0.9047619047619048	0.6440677966101696	20.64859084035786	0.9885915958918304	0	candidate-surface abundance policy; fixed calls	0	0.0
hmp_airskin_gtdb_source_abundance	22	normalized_depth_alpha0.25_cap0.001	21	38	19	19	2	0.5	0.9047619047619048	0.6440677966101696	20.64859084035786	0.9885915958918304	0	candidate-surface abundance policy; fixed calls	0	0.0
hmp_airskin_gtdb_source_abundance	22	normalized_depth_alpha0.25_cap0.003	21	38	19	19	2	0.5	0.9047619047619048	0.6440677966101696	20.64859084035786	0.9885915958918304	0	candidate-surface abundance policy; fixed calls	0	0.0
hmp_airskin_gtdb_source_abundance	22	normalized_depth_alpha0.25_cap0.005	21	38	19	19	2	0.5	0.9047619047619048	0.6440677966101696	20.64859084035786	0.9885915958918304	0	candidate-surface abundance policy; fixed calls	0	0.0
hmp_airskin_gtdb_source_abundance	22	normalized_depth_alpha0.25_cap0.01	21	38	19	19	2	0.5	0.9047619047619048	0.6440677966101696	20.64859084035786	0.9885915958918304	0	candidate-surface abundance policy; fixed calls	0	0.0
hmp_airskin_gtdb_source_abundance	22	normalized_depth_alpha0.25_cap0.02	21	38	19	19	2	0.5	0.9047619047619048	0.6440677966101696	20.64859084035786	0.9885915958918304	0	candidate-surface abundance policy; fixed calls	0	0.0
hmp_airskin_gtdb_source_abundance	22	normalized_depth_alpha0.25_cap0.05	21	38	19	19	2	0.5	0.9047619047619048	0.6440677966101696	20.64859084035786	0.9885915958918304	0	candidate-surface abundance policy; fixed calls	0	0.0
hmp_airskin_gtdb_source_abundance	22	normalized_depth_alpha0.5_cap0.001	21	38	19	19	2	0.5	0.9047619047619048	0.6440677966101696	20.64859084035786	0.9885915958918304	0	candidate-surface abundance policy; fixed calls	0	0.0
hmp_airskin_gtdb_source_abundance	22	normalized_depth_alpha0.5_cap0.003	21	38	19	19	2	0.5	0.9047619047619048	0.6440677966101696	20.64859084035786	0.9885915958918304	0	candidate-surface abundance policy; fixed calls	0	0.0
hmp_airskin_gtdb_source_abundance	22	normalized_depth_alpha0.5_cap0.005	21	38	19	19	2	0.5	0.9047619047619048	0.6440677966101696	20.64859084035786	0.9885915958918304	0	candidate-surface abundance policy; fixed calls	0	0.0
hmp_airskin_gtdb_source_abundance	22	normalized_depth_alpha0.5_cap0.01	21	38	19	19	2	0.5	0.9047619047619048	0.6440677966101696	20.64859084035786	0.9885915958918304	0	candidate-surface abundance policy; fixed calls	0	0.0
hmp_airskin_gtdb_source_abundance	22	normalized_depth_alpha0.5_cap0.02	21	38	19	19	2	0.5	0.9047619047619048	0.6440677966101696	20.64859084035786	0.9885915958918304	0	candidate-surface abundance policy; fixed calls	0	0.0
hmp_airskin_gtdb_source_abundance	22	normalized_depth_alpha0.5_cap0.05	21	38	19	19	2	0.5	0.9047619047619048	0.6440677966101696	20.64859084035786	0.9885915958918304	0	candidate-surface abundance policy; fixed calls	0	0.0
hmp_airskin_gtdb_source_abundance	22	normalized_depth_alpha1_cap0.001	21	38	19	19	2	0.5	0.9047619047619048	0.6440677966101696	20.64859084035786	0.9885915958918304	0	candidate-surface abundance policy; fixed calls	0	0.0
hmp_airskin_gtdb_source_abundance	22	normalized_depth_alpha1_cap0.003	21	38	19	19	2	0.5	0.9047619047619048	0.6440677966101696	20.64859084035786	0.9885915958918304	0	candidate-surface abundance policy; fixed calls	0	0.0
hmp_airskin_gtdb_source_abundance	22	normalized_depth_alpha1_cap0.005	21	38	19	19	2	0.5	0.9047619047619048	0.6440677966101696	20.64859084035786	0.9885915958918304	0	candidate-surface abundance policy; fixed calls	0	0.0
hmp_airskin_gtdb_source_abundance	22	normalized_depth_alpha1_cap0.01	21	38	19	19	2	0.5	0.9047619047619048	0.6440677966101696	20.64859084035786	0.9885915958918304	0	candidate-surface abundance policy; fixed calls	0	0.0
hmp_airskin_gtdb_source_abundance	22	normalized_depth_alpha1_cap0.02	21	38	19	19	2	0.5	0.9047619047619048	0.6440677966101696	20.64859084035786	0.9885915958918304	0	candidate-surface abundance policy; fixed calls	0	0.0
hmp_airskin_gtdb_source_abundance	22	normalized_depth_alpha1_cap0.05	21	38	19	19	2	0.5	0.9047619047619048	0.6440677966101696	20.64859084035786	0.9885915958918304	0	candidate-surface abundance policy; fixed calls	0	0.0
hmp_airskin_gtdb_source_abundance	22	normalized_depth_alpha2_cap0.001	21	38	19	19	2	0.5	0.9047619047619048	0.6440677966101696	20.64859084035786	0.9885915958918304	0	candidate-surface abundance policy; fixed calls	0	0.0
hmp_airskin_gtdb_source_abundance	22	normalized_depth_alpha2_cap0.003	21	38	19	19	2	0.5	0.9047619047619048	0.6440677966101696	20.64859084035786	0.9885915958918304	0	candidate-surface abundance policy; fixed calls	0	0.0
hmp_airskin_gtdb_source_abundance	22	normalized_depth_alpha2_cap0.005	21	38	19	19	2	0.5	0.9047619047619048	0.6440677966101696	20.64859084035786	0.9885915958918304	0	candidate-surface abundance policy; fixed calls	0	0.0
hmp_airskin_gtdb_source_abundance	22	normalized_depth_alpha2_cap0.01	21	38	19	19	2	0.5	0.9047619047619048	0.6440677966101696	20.64859084035786	0.9885915958918304	0	candidate-surface abundance policy; fixed calls	0	0.0
hmp_airskin_gtdb_source_abundance	22	normalized_depth_alpha2_cap0.02	21	38	19	19	2	0.5	0.9047619047619048	0.6440677966101696	20.64859084035786	0.9885915958918304	0	candidate-surface abundance policy; fixed calls	0	0.0
hmp_airskin_gtdb_source_abundance	22	normalized_depth_alpha2_cap0.05	21	38	19	19	2	0.5	0.9047619047619048	0.6440677966101696	20.64859084035786	0.9885915958918304	0	candidate-surface abundance policy; fixed calls	0	0.0
hmp_airskin_gtdb_source_abundance	22	xny_share_alpha0.05	21	38	19	19	2	0.5	0.9047619047619048	0.6440677966101696	20.64859084035786	0.9885915958918304	0	candidate-surface abundance policy; fixed calls	0	0.0
hmp_airskin_gtdb_source_abundance	22	xny_share_alpha0.1	21	38	19	19	2	0.5	0.9047619047619048	0.6440677966101696	20.64859084035786	0.9885915958918304	0	candidate-surface abundance policy; fixed calls	0	0.0
hmp_airskin_gtdb_source_abundance	22	xny_share_alpha0.25	21	38	19	19	2	0.5	0.9047619047619048	0.6440677966101696	20.64859084035786	0.9885915958918304	0	candidate-surface abundance policy; fixed calls	0	0.0
hmp_airskin_gtdb_source_abundance	22	xny_share_alpha0.5	21	38	19	19	2	0.5	0.9047619047619048	0.6440677966101696	20.64859084035786	0.9885915958918304	0	candidate-surface abundance policy; fixed calls	0	0.0
hmp_airskin_gtdb_source_abundance	22	xny_share_alpha1	21	38	19	19	2	0.5	0.9047619047619048	0.6440677966101696	20.64859084035786	0.9885915958918304	0	candidate-surface abundance policy; fixed calls	0	0.0
hmp_airskin_gtdb_source_abundance	22	xny_share_alpha2	21	38	19	19	2	0.5	0.9047619047619048	0.6440677966101696	20.64859084035786	0.9885915958918304	0	candidate-surface abundance policy; fixed calls	0	0.0
hmp_airskin_gtdb_source_abundance	22	xny_share_alpha5	21	38	19	19	2	0.5	0.9047619047619048	0.6440677966101696	20.64859084035786	0.9885915958918304	0	candidate-surface abundance policy; fixed calls	0	0.0
hmp_airskin_gtdb_source_abundance	22	xny_share_alpha10	21	38	19	19	2	0.5	0.9047619047619048	0.6440677966101696	20.64859084035786	0.9885915958918304	0	candidate-surface abundance policy; fixed calls	0	0.0
hmp_airskin_gtdb_source_abundance	22	xny_share_cap0.001	21	38	19	19	2	0.5	0.9047619047619048	0.6440677966101696	20.64859084035786	0.9885915958918304	0	candidate-surface abundance policy; fixed calls	0	0.0
hmp_airskin_gtdb_source_abundance	22	xny_share_cap0.003	21	38	19	19	2	0.5	0.9047619047619048	0.6440677966101696	20.64859084035786	0.9885915958918304	0	candidate-surface abundance policy; fixed calls	0	0.0
hmp_airskin_gtdb_source_abundance	22	xny_share_cap0.005	21	38	19	19	2	0.5	0.9047619047619048	0.6440677966101696	20.64859084035786	0.9885915958918304	0	candidate-surface abundance policy; fixed calls	0	0.0
hmp_airskin_gtdb_source_abundance	22	xny_share_cap0.01	21	38	19	19	2	0.5	0.9047619047619048	0.6440677966101696	20.64859084035786	0.9885915958918304	0	candidate-surface abundance policy; fixed calls	0	0.0
hmp_airskin_gtdb_source_abundance	22	xny_share_cap0.02	21	38	19	19	2	0.5	0.9047619047619048	0.6440677966101696	20.64859084035786	0.9885915958918304	0	candidate-surface abundance policy; fixed calls	0	0.0
hmp_airskin_gtdb_source_abundance	22	xny_share_cap0.05	21	38	19	19	2	0.5	0.9047619047619048	0.6440677966101696	20.64859084035786	0.9885915958918304	0	candidate-surface abundance policy; fixed calls	0	0.0
hmp_airskin_gtdb_source_abundance	22	xny_share_alpha0.25_cap0.001	21	38	19	19	2	0.5	0.9047619047619048	0.6440677966101696	20.64859084035786	0.9885915958918304	0	candidate-surface abundance policy; fixed calls	0	0.0
hmp_airskin_gtdb_source_abundance	22	xny_share_alpha0.25_cap0.003	21	38	19	19	2	0.5	0.9047619047619048	0.6440677966101696	20.64859084035786	0.9885915958918304	0	candidate-surface abundance policy; fixed calls	0	0.0
hmp_airskin_gtdb_source_abundance	22	xny_share_alpha0.25_cap0.005	21	38	19	19	2	0.5	0.9047619047619048	0.6440677966101696	20.64859084035786	0.9885915958918304	0	candidate-surface abundance policy; fixed calls	0	0.0
hmp_airskin_gtdb_source_abundance	22	xny_share_alpha0.25_cap0.01	21	38	19	19	2	0.5	0.9047619047619048	0.6440677966101696	20.64859084035786	0.9885915958918304	0	candidate-surface abundance policy; fixed calls	0	0.0
hmp_airskin_gtdb_source_abundance	22	xny_share_alpha0.25_cap0.02	21	38	19	19	2	0.5	0.9047619047619048	0.6440677966101696	20.64859084035786	0.9885915958918304	0	candidate-surface abundance policy; fixed calls	0	0.0
hmp_airskin_gtdb_source_abundance	22	xny_share_alpha0.25_cap0.05	21	38	19	19	2	0.5	0.9047619047619048	0.6440677966101696	20.64859084035786	0.9885915958918304	0	candidate-surface abundance policy; fixed calls	0	0.0
hmp_airskin_gtdb_source_abundance	22	xny_share_alpha0.5_cap0.001	21	38	19	19	2	0.5	0.9047619047619048	0.6440677966101696	20.64859084035786	0.9885915958918304	0	candidate-surface abundance policy; fixed calls	0	0.0
hmp_airskin_gtdb_source_abundance	22	xny_share_alpha0.5_cap0.003	21	38	19	19	2	0.5	0.9047619047619048	0.6440677966101696	20.64859084035786	0.9885915958918304	0	candidate-surface abundance policy; fixed calls	0	0.0
hmp_airskin_gtdb_source_abundance	22	xny_share_alpha0.5_cap0.005	21	38	19	19	2	0.5	0.9047619047619048	0.6440677966101696	20.64859084035786	0.9885915958918304	0	candidate-surface abundance policy; fixed calls	0	0.0
hmp_airskin_gtdb_source_abundance	22	xny_share_alpha0.5_cap0.01	21	38	19	19	2	0.5	0.9047619047619048	0.6440677966101696	20.64859084035786	0.9885915958918304	0	candidate-surface abundance policy; fixed calls	0	0.0
hmp_airskin_gtdb_source_abundance	22	xny_share_alpha0.5_cap0.02	21	38	19	19	2	0.5	0.9047619047619048	0.6440677966101696	20.64859084035786	0.9885915958918304	0	candidate-surface abundance policy; fixed calls	0	0.0
hmp_airskin_gtdb_source_abundance	22	xny_share_alpha0.5_cap0.05	21	38	19	19	2	0.5	0.9047619047619048	0.6440677966101696	20.64859084035786	0.9885915958918304	0	candidate-surface abundance policy; fixed calls	0	0.0
hmp_airskin_gtdb_source_abundance	22	xny_share_alpha1_cap0.001	21	38	19	19	2	0.5	0.9047619047619048	0.6440677966101696	20.64859084035786	0.9885915958918304	0	candidate-surface abundance policy; fixed calls	0	0.0
hmp_airskin_gtdb_source_abundance	22	xny_share_alpha1_cap0.003	21	38	19	19	2	0.5	0.9047619047619048	0.6440677966101696	20.64859084035786	0.9885915958918304	0	candidate-surface abundance policy; fixed calls	0	0.0
hmp_airskin_gtdb_source_abundance	22	xny_share_alpha1_cap0.005	21	38	19	19	2	0.5	0.9047619047619048	0.6440677966101696	20.64859084035786	0.9885915958918304	0	candidate-surface abundance policy; fixed calls	0	0.0
hmp_airskin_gtdb_source_abundance	22	xny_share_alpha1_cap0.01	21	38	19	19	2	0.5	0.9047619047619048	0.6440677966101696	20.64859084035786	0.9885915958918304	0	candidate-surface abundance policy; fixed calls	0	0.0
hmp_airskin_gtdb_source_abundance	22	xny_share_alpha1_cap0.02	21	38	19	19	2	0.5	0.9047619047619048	0.6440677966101696	20.64859084035786	0.9885915958918304	0	candidate-surface abundance policy; fixed calls	0	0.0
hmp_airskin_gtdb_source_abundance	22	xny_share_alpha1_cap0.05	21	38	19	19	2	0.5	0.9047619047619048	0.6440677966101696	20.64859084035786	0.9885915958918304	0	candidate-surface abundance policy; fixed calls	0	0.0
hmp_airskin_gtdb_source_abundance	22	xny_share_alpha2_cap0.001	21	38	19	19	2	0.5	0.9047619047619048	0.6440677966101696	20.64859084035786	0.9885915958918304	0	candidate-surface abundance policy; fixed calls	0	0.0
hmp_airskin_gtdb_source_abundance	22	xny_share_alpha2_cap0.003	21	38	19	19	2	0.5	0.9047619047619048	0.6440677966101696	20.64859084035786	0.9885915958918304	0	candidate-surface abundance policy; fixed calls	0	0.0
hmp_airskin_gtdb_source_abundance	22	xny_share_alpha2_cap0.005	21	38	19	19	2	0.5	0.9047619047619048	0.6440677966101696	20.64859084035786	0.9885915958918304	0	candidate-surface abundance policy; fixed calls	0	0.0
hmp_airskin_gtdb_source_abundance	22	xny_share_alpha2_cap0.01	21	38	19	19	2	0.5	0.9047619047619048	0.6440677966101696	20.64859084035786	0.9885915958918304	0	candidate-surface abundance policy; fixed calls	0	0.0
hmp_airskin_gtdb_source_abundance	22	xny_share_alpha2_cap0.02	21	38	19	19	2	0.5	0.9047619047619048	0.6440677966101696	20.64859084035786	0.9885915958918304	0	candidate-surface abundance policy; fixed calls	0	0.0
hmp_airskin_gtdb_source_abundance	22	xny_share_alpha2_cap0.05	21	38	19	19	2	0.5	0.9047619047619048	0.6440677966101696	20.64859084035786	0.9885915958918304	0	candidate-surface abundance policy; fixed calls	0	0.0
hmp_airskin_gtdb_source_abundance	22	depth_share_alpha0.05	21	38	19	19	2	0.5	0.9047619047619048	0.6440677966101696	20.64859084035786	0.9885915958918304	0	candidate-surface abundance policy; fixed calls	0	0.0
hmp_airskin_gtdb_source_abundance	22	depth_share_alpha0.1	21	38	19	19	2	0.5	0.9047619047619048	0.6440677966101696	20.64859084035786	0.9885915958918304	0	candidate-surface abundance policy; fixed calls	0	0.0
hmp_airskin_gtdb_source_abundance	22	depth_share_alpha0.25	21	38	19	19	2	0.5	0.9047619047619048	0.6440677966101696	20.64859084035786	0.9885915958918304	0	candidate-surface abundance policy; fixed calls	0	0.0
hmp_airskin_gtdb_source_abundance	22	depth_share_alpha0.5	21	38	19	19	2	0.5	0.9047619047619048	0.6440677966101696	20.64859084035786	0.9885915958918304	0	candidate-surface abundance policy; fixed calls	0	0.0
hmp_airskin_gtdb_source_abundance	22	depth_share_alpha1	21	38	19	19	2	0.5	0.9047619047619048	0.6440677966101696	20.64859084035786	0.9885915958918304	0	candidate-surface abundance policy; fixed calls	0	0.0
hmp_airskin_gtdb_source_abundance	22	depth_share_alpha2	21	38	19	19	2	0.5	0.9047619047619048	0.6440677966101696	20.64859084035786	0.9885915958918304	0	candidate-surface abundance policy; fixed calls	0	0.0
hmp_airskin_gtdb_source_abundance	22	depth_share_alpha5	21	38	19	19	2	0.5	0.9047619047619048	0.6440677966101696	20.64859084035786	0.9885915958918304	0	candidate-surface abundance policy; fixed calls	0	0.0
hmp_airskin_gtdb_source_abundance	22	depth_share_alpha10	21	38	19	19	2	0.5	0.9047619047619048	0.6440677966101696	20.64859084035786	0.9885915958918304	0	candidate-surface abundance policy; fixed calls	0	0.0
hmp_airskin_gtdb_source_abundance	22	depth_share_cap0.001	21	38	19	19	2	0.5	0.9047619047619048	0.6440677966101696	20.64859084035786	0.9885915958918304	0	candidate-surface abundance policy; fixed calls	0	0.0
hmp_airskin_gtdb_source_abundance	22	depth_share_cap0.003	21	38	19	19	2	0.5	0.9047619047619048	0.6440677966101696	20.64859084035786	0.9885915958918304	0	candidate-surface abundance policy; fixed calls	0	0.0
hmp_airskin_gtdb_source_abundance	22	depth_share_cap0.005	21	38	19	19	2	0.5	0.9047619047619048	0.6440677966101696	20.64859084035786	0.9885915958918304	0	candidate-surface abundance policy; fixed calls	0	0.0
hmp_airskin_gtdb_source_abundance	22	depth_share_cap0.01	21	38	19	19	2	0.5	0.9047619047619048	0.6440677966101696	20.64859084035786	0.9885915958918304	0	candidate-surface abundance policy; fixed calls	0	0.0
hmp_airskin_gtdb_source_abundance	22	depth_share_cap0.02	21	38	19	19	2	0.5	0.9047619047619048	0.6440677966101696	20.64859084035786	0.9885915958918304	0	candidate-surface abundance policy; fixed calls	0	0.0
hmp_airskin_gtdb_source_abundance	22	depth_share_cap0.05	21	38	19	19	2	0.5	0.9047619047619048	0.6440677966101696	20.64859084035786	0.9885915958918304	0	candidate-surface abundance policy; fixed calls	0	0.0
hmp_airskin_gtdb_source_abundance	22	depth_share_alpha0.25_cap0.001	21	38	19	19	2	0.5	0.9047619047619048	0.6440677966101696	20.64859084035786	0.9885915958918304	0	candidate-surface abundance policy; fixed calls	0	0.0
hmp_airskin_gtdb_source_abundance	22	depth_share_alpha0.25_cap0.003	21	38	19	19	2	0.5	0.9047619047619048	0.6440677966101696	20.64859084035786	0.9885915958918304	0	candidate-surface abundance policy; fixed calls	0	0.0
hmp_airskin_gtdb_source_abundance	22	depth_share_alpha0.25_cap0.005	21	38	19	19	2	0.5	0.9047619047619048	0.6440677966101696	20.64859084035786	0.9885915958918304	0	candidate-surface abundance policy; fixed calls	0	0.0
hmp_airskin_gtdb_source_abundance	22	depth_share_alpha0.25_cap0.01	21	38	19	19	2	0.5	0.9047619047619048	0.6440677966101696	20.64859084035786	0.9885915958918304	0	candidate-surface abundance policy; fixed calls	0	0.0
hmp_airskin_gtdb_source_abundance	22	depth_share_alpha0.25_cap0.02	21	38	19	19	2	0.5	0.9047619047619048	0.6440677966101696	20.64859084035786	0.9885915958918304	0	candidate-surface abundance policy; fixed calls	0	0.0
hmp_airskin_gtdb_source_abundance	22	depth_share_alpha0.25_cap0.05	21	38	19	19	2	0.5	0.9047619047619048	0.6440677966101696	20.64859084035786	0.9885915958918304	0	candidate-surface abundance policy; fixed calls	0	0.0
hmp_airskin_gtdb_source_abundance	22	depth_share_alpha0.5_cap0.001	21	38	19	19	2	0.5	0.9047619047619048	0.6440677966101696	20.64859084035786	0.9885915958918304	0	candidate-surface abundance policy; fixed calls	0	0.0
hmp_airskin_gtdb_source_abundance	22	depth_share_alpha0.5_cap0.003	21	38	19	19	2	0.5	0.9047619047619048	0.6440677966101696	20.64859084035786	0.9885915958918304	0	candidate-surface abundance policy; fixed calls	0	0.0
hmp_airskin_gtdb_source_abundance	22	depth_share_alpha0.5_cap0.005	21	38	19	19	2	0.5	0.9047619047619048	0.6440677966101696	20.64859084035786	0.9885915958918304	0	candidate-surface abundance policy; fixed calls	0	0.0
hmp_airskin_gtdb_source_abundance	22	depth_share_alpha0.5_cap0.01	21	38	19	19	2	0.5	0.9047619047619048	0.6440677966101696	20.64859084035786	0.9885915958918304	0	candidate-surface abundance policy; fixed calls	0	0.0
hmp_airskin_gtdb_source_abundance	22	depth_share_alpha0.5_cap0.02	21	38	19	19	2	0.5	0.9047619047619048	0.6440677966101696	20.64859084035786	0.9885915958918304	0	candidate-surface abundance policy; fixed calls	0	0.0
hmp_airskin_gtdb_source_abundance	22	depth_share_alpha0.5_cap0.05	21	38	19	19	2	0.5	0.9047619047619048	0.6440677966101696	20.64859084035786	0.9885915958918304	0	candidate-surface abundance policy; fixed calls	0	0.0
hmp_airskin_gtdb_source_abundance	22	depth_share_alpha1_cap0.001	21	38	19	19	2	0.5	0.9047619047619048	0.6440677966101696	20.64859084035786	0.9885915958918304	0	candidate-surface abundance policy; fixed calls	0	0.0
hmp_airskin_gtdb_source_abundance	22	depth_share_alpha1_cap0.003	21	38	19	19	2	0.5	0.9047619047619048	0.6440677966101696	20.64859084035786	0.9885915958918304	0	candidate-surface abundance policy; fixed calls	0	0.0
hmp_airskin_gtdb_source_abundance	22	depth_share_alpha1_cap0.005	21	38	19	19	2	0.5	0.9047619047619048	0.6440677966101696	20.64859084035786	0.9885915958918304	0	candidate-surface abundance policy; fixed calls	0	0.0
hmp_airskin_gtdb_source_abundance	22	depth_share_alpha1_cap0.01	21	38	19	19	2	0.5	0.9047619047619048	0.6440677966101696	20.64859084035786	0.9885915958918304	0	candidate-surface abundance policy; fixed calls	0	0.0
hmp_airskin_gtdb_source_abundance	22	depth_share_alpha1_cap0.02	21	38	19	19	2	0.5	0.9047619047619048	0.6440677966101696	20.64859084035786	0.9885915958918304	0	candidate-surface abundance policy; fixed calls	0	0.0
hmp_airskin_gtdb_source_abundance	22	depth_share_alpha1_cap0.05	21	38	19	19	2	0.5	0.9047619047619048	0.6440677966101696	20.64859084035786	0.9885915958918304	0	candidate-surface abundance policy; fixed calls	0	0.0
hmp_airskin_gtdb_source_abundance	22	depth_share_alpha2_cap0.001	21	38	19	19	2	0.5	0.9047619047619048	0.6440677966101696	20.64859084035786	0.9885915958918304	0	candidate-surface abundance policy; fixed calls	0	0.0
hmp_airskin_gtdb_source_abundance	22	depth_share_alpha2_cap0.003	21	38	19	19	2	0.5	0.9047619047619048	0.6440677966101696	20.64859084035786	0.9885915958918304	0	candidate-surface abundance policy; fixed calls	0	0.0
hmp_airskin_gtdb_source_abundance	22	depth_share_alpha2_cap0.005	21	38	19	19	2	0.5	0.9047619047619048	0.6440677966101696	20.64859084035786	0.9885915958918304	0	candidate-surface abundance policy; fixed calls	0	0.0
hmp_airskin_gtdb_source_abundance	22	depth_share_alpha2_cap0.01	21	38	19	19	2	0.5	0.9047619047619048	0.6440677966101696	20.64859084035786	0.9885915958918304	0	candidate-surface abundance policy; fixed calls	0	0.0
hmp_airskin_gtdb_source_abundance	22	depth_share_alpha2_cap0.02	21	38	19	19	2	0.5	0.9047619047619048	0.6440677966101696	20.64859084035786	0.9885915958918304	0	candidate-surface abundance policy; fixed calls	0	0.0
hmp_airskin_gtdb_source_abundance	22	depth_share_alpha2_cap0.05	21	38	19	19	2	0.5	0.9047619047619048	0.6440677966101696	20.64859084035786	0.9885915958918304	0	candidate-surface abundance policy; fixed calls	0	0.0
hmp_airskin_gtdb_source_abundance	23	zero_mass	33	36	31	5	2	0.8611111111111112	0.9393939393939394	0.8985507246376813	28.41923191911533	0.984447024806524	0	candidate-surface abundance policy; fixed calls	0	0.0
hmp_airskin_gtdb_source_abundance	23	normalized_depth_alpha0.05	33	36	31	5	2	0.8611111111111112	0.9393939393939394	0.8985507246376813	28.41923191911533	0.984447024806524	0	candidate-surface abundance policy; fixed calls	0	0.0
hmp_airskin_gtdb_source_abundance	23	normalized_depth_alpha0.1	33	36	31	5	2	0.8611111111111112	0.9393939393939394	0.8985507246376813	28.41923191911533	0.984447024806524	0	candidate-surface abundance policy; fixed calls	0	0.0
hmp_airskin_gtdb_source_abundance	23	normalized_depth_alpha0.25	33	36	31	5	2	0.8611111111111112	0.9393939393939394	0.8985507246376813	28.41923191911533	0.984447024806524	0	candidate-surface abundance policy; fixed calls	0	0.0
hmp_airskin_gtdb_source_abundance	23	normalized_depth_alpha0.5	33	36	31	5	2	0.8611111111111112	0.9393939393939394	0.8985507246376813	28.41923191911533	0.984447024806524	0	candidate-surface abundance policy; fixed calls	0	0.0
hmp_airskin_gtdb_source_abundance	23	normalized_depth_alpha1	33	36	31	5	2	0.8611111111111112	0.9393939393939394	0.8985507246376813	28.41923191911533	0.984447024806524	0	candidate-surface abundance policy; fixed calls	0	0.0
hmp_airskin_gtdb_source_abundance	23	normalized_depth_alpha2	33	36	31	5	2	0.8611111111111112	0.9393939393939394	0.8985507246376813	28.41923191911533	0.984447024806524	0	candidate-surface abundance policy; fixed calls	0	0.0
hmp_airskin_gtdb_source_abundance	23	normalized_depth_alpha5	33	36	31	5	2	0.8611111111111112	0.9393939393939394	0.8985507246376813	28.41923191911533	0.984447024806524	0	candidate-surface abundance policy; fixed calls	0	0.0
hmp_airskin_gtdb_source_abundance	23	normalized_depth_alpha10	33	36	31	5	2	0.8611111111111112	0.9393939393939394	0.8985507246376813	28.41923191911533	0.984447024806524	0	candidate-surface abundance policy; fixed calls	0	0.0
hmp_airskin_gtdb_source_abundance	23	normalized_depth_cap0.001	33	36	31	5	2	0.8611111111111112	0.9393939393939394	0.8985507246376813	28.41923191911533	0.984447024806524	0	candidate-surface abundance policy; fixed calls	0	0.0
hmp_airskin_gtdb_source_abundance	23	normalized_depth_cap0.003	33	36	31	5	2	0.8611111111111112	0.9393939393939394	0.8985507246376813	28.41923191911533	0.984447024806524	0	candidate-surface abundance policy; fixed calls	0	0.0
hmp_airskin_gtdb_source_abundance	23	normalized_depth_cap0.005	33	36	31	5	2	0.8611111111111112	0.9393939393939394	0.8985507246376813	28.41923191911533	0.984447024806524	0	candidate-surface abundance policy; fixed calls	0	0.0
hmp_airskin_gtdb_source_abundance	23	normalized_depth_cap0.01	33	36	31	5	2	0.8611111111111112	0.9393939393939394	0.8985507246376813	28.41923191911533	0.984447024806524	0	candidate-surface abundance policy; fixed calls	0	0.0
hmp_airskin_gtdb_source_abundance	23	normalized_depth_cap0.02	33	36	31	5	2	0.8611111111111112	0.9393939393939394	0.8985507246376813	28.41923191911533	0.984447024806524	0	candidate-surface abundance policy; fixed calls	0	0.0
hmp_airskin_gtdb_source_abundance	23	normalized_depth_cap0.05	33	36	31	5	2	0.8611111111111112	0.9393939393939394	0.8985507246376813	28.41923191911533	0.984447024806524	0	candidate-surface abundance policy; fixed calls	0	0.0
hmp_airskin_gtdb_source_abundance	23	normalized_depth_alpha0.25_cap0.001	33	36	31	5	2	0.8611111111111112	0.9393939393939394	0.8985507246376813	28.41923191911533	0.984447024806524	0	candidate-surface abundance policy; fixed calls	0	0.0
hmp_airskin_gtdb_source_abundance	23	normalized_depth_alpha0.25_cap0.003	33	36	31	5	2	0.8611111111111112	0.9393939393939394	0.8985507246376813	28.41923191911533	0.984447024806524	0	candidate-surface abundance policy; fixed calls	0	0.0
hmp_airskin_gtdb_source_abundance	23	normalized_depth_alpha0.25_cap0.005	33	36	31	5	2	0.8611111111111112	0.9393939393939394	0.8985507246376813	28.41923191911533	0.984447024806524	0	candidate-surface abundance policy; fixed calls	0	0.0
hmp_airskin_gtdb_source_abundance	23	normalized_depth_alpha0.25_cap0.01	33	36	31	5	2	0.8611111111111112	0.9393939393939394	0.8985507246376813	28.41923191911533	0.984447024806524	0	candidate-surface abundance policy; fixed calls	0	0.0
hmp_airskin_gtdb_source_abundance	23	normalized_depth_alpha0.25_cap0.02	33	36	31	5	2	0.8611111111111112	0.9393939393939394	0.8985507246376813	28.41923191911533	0.984447024806524	0	candidate-surface abundance policy; fixed calls	0	0.0
hmp_airskin_gtdb_source_abundance	23	normalized_depth_alpha0.25_cap0.05	33	36	31	5	2	0.8611111111111112	0.9393939393939394	0.8985507246376813	28.41923191911533	0.984447024806524	0	candidate-surface abundance policy; fixed calls	0	0.0
hmp_airskin_gtdb_source_abundance	23	normalized_depth_alpha0.5_cap0.001	33	36	31	5	2	0.8611111111111112	0.9393939393939394	0.8985507246376813	28.41923191911533	0.984447024806524	0	candidate-surface abundance policy; fixed calls	0	0.0
hmp_airskin_gtdb_source_abundance	23	normalized_depth_alpha0.5_cap0.003	33	36	31	5	2	0.8611111111111112	0.9393939393939394	0.8985507246376813	28.41923191911533	0.984447024806524	0	candidate-surface abundance policy; fixed calls	0	0.0
hmp_airskin_gtdb_source_abundance	23	normalized_depth_alpha0.5_cap0.005	33	36	31	5	2	0.8611111111111112	0.9393939393939394	0.8985507246376813	28.41923191911533	0.984447024806524	0	candidate-surface abundance policy; fixed calls	0	0.0
hmp_airskin_gtdb_source_abundance	23	normalized_depth_alpha0.5_cap0.01	33	36	31	5	2	0.8611111111111112	0.9393939393939394	0.8985507246376813	28.41923191911533	0.984447024806524	0	candidate-surface abundance policy; fixed calls	0	0.0
hmp_airskin_gtdb_source_abundance	23	normalized_depth_alpha0.5_cap0.02	33	36	31	5	2	0.8611111111111112	0.9393939393939394	0.8985507246376813	28.41923191911533	0.984447024806524	0	candidate-surface abundance policy; fixed calls	0	0.0
hmp_airskin_gtdb_source_abundance	23	normalized_depth_alpha0.5_cap0.05	33	36	31	5	2	0.8611111111111112	0.9393939393939394	0.8985507246376813	28.41923191911533	0.984447024806524	0	candidate-surface abundance policy; fixed calls	0	0.0
hmp_airskin_gtdb_source_abundance	23	normalized_depth_alpha1_cap0.001	33	36	31	5	2	0.8611111111111112	0.9393939393939394	0.8985507246376813	28.41923191911533	0.984447024806524	0	candidate-surface abundance policy; fixed calls	0	0.0
hmp_airskin_gtdb_source_abundance	23	normalized_depth_alpha1_cap0.003	33	36	31	5	2	0.8611111111111112	0.9393939393939394	0.8985507246376813	28.41923191911533	0.984447024806524	0	candidate-surface abundance policy; fixed calls	0	0.0
hmp_airskin_gtdb_source_abundance	23	normalized_depth_alpha1_cap0.005	33	36	31	5	2	0.8611111111111112	0.9393939393939394	0.8985507246376813	28.41923191911533	0.984447024806524	0	candidate-surface abundance policy; fixed calls	0	0.0
hmp_airskin_gtdb_source_abundance	23	normalized_depth_alpha1_cap0.01	33	36	31	5	2	0.8611111111111112	0.9393939393939394	0.8985507246376813	28.41923191911533	0.984447024806524	0	candidate-surface abundance policy; fixed calls	0	0.0
hmp_airskin_gtdb_source_abundance	23	normalized_depth_alpha1_cap0.02	33	36	31	5	2	0.8611111111111112	0.9393939393939394	0.8985507246376813	28.41923191911533	0.984447024806524	0	candidate-surface abundance policy; fixed calls	0	0.0
hmp_airskin_gtdb_source_abundance	23	normalized_depth_alpha1_cap0.05	33	36	31	5	2	0.8611111111111112	0.9393939393939394	0.8985507246376813	28.41923191911533	0.984447024806524	0	candidate-surface abundance policy; fixed calls	0	0.0
hmp_airskin_gtdb_source_abundance	23	normalized_depth_alpha2_cap0.001	33	36	31	5	2	0.8611111111111112	0.9393939393939394	0.8985507246376813	28.41923191911533	0.984447024806524	0	candidate-surface abundance policy; fixed calls	0	0.0
hmp_airskin_gtdb_source_abundance	23	normalized_depth_alpha2_cap0.003	33	36	31	5	2	0.8611111111111112	0.9393939393939394	0.8985507246376813	28.41923191911533	0.984447024806524	0	candidate-surface abundance policy; fixed calls	0	0.0
hmp_airskin_gtdb_source_abundance	23	normalized_depth_alpha2_cap0.005	33	36	31	5	2	0.8611111111111112	0.9393939393939394	0.8985507246376813	28.41923191911533	0.984447024806524	0	candidate-surface abundance policy; fixed calls	0	0.0
hmp_airskin_gtdb_source_abundance	23	normalized_depth_alpha2_cap0.01	33	36	31	5	2	0.8611111111111112	0.9393939393939394	0.8985507246376813	28.41923191911533	0.984447024806524	0	candidate-surface abundance policy; fixed calls	0	0.0
hmp_airskin_gtdb_source_abundance	23	normalized_depth_alpha2_cap0.02	33	36	31	5	2	0.8611111111111112	0.9393939393939394	0.8985507246376813	28.41923191911533	0.984447024806524	0	candidate-surface abundance policy; fixed calls	0	0.0
hmp_airskin_gtdb_source_abundance	23	normalized_depth_alpha2_cap0.05	33	36	31	5	2	0.8611111111111112	0.9393939393939394	0.8985507246376813	28.41923191911533	0.984447024806524	0	candidate-surface abundance policy; fixed calls	0	0.0
hmp_airskin_gtdb_source_abundance	23	xny_share_alpha0.05	33	36	31	5	2	0.8611111111111112	0.9393939393939394	0.8985507246376813	28.41923191911533	0.984447024806524	0	candidate-surface abundance policy; fixed calls	0	0.0
hmp_airskin_gtdb_source_abundance	23	xny_share_alpha0.1	33	36	31	5	2	0.8611111111111112	0.9393939393939394	0.8985507246376813	28.41923191911533	0.984447024806524	0	candidate-surface abundance policy; fixed calls	0	0.0
hmp_airskin_gtdb_source_abundance	23	xny_share_alpha0.25	33	36	31	5	2	0.8611111111111112	0.9393939393939394	0.8985507246376813	28.41923191911533	0.984447024806524	0	candidate-surface abundance policy; fixed calls	0	0.0
hmp_airskin_gtdb_source_abundance	23	xny_share_alpha0.5	33	36	31	5	2	0.8611111111111112	0.9393939393939394	0.8985507246376813	28.41923191911533	0.984447024806524	0	candidate-surface abundance policy; fixed calls	0	0.0
hmp_airskin_gtdb_source_abundance	23	xny_share_alpha1	33	36	31	5	2	0.8611111111111112	0.9393939393939394	0.8985507246376813	28.41923191911533	0.984447024806524	0	candidate-surface abundance policy; fixed calls	0	0.0
hmp_airskin_gtdb_source_abundance	23	xny_share_alpha2	33	36	31	5	2	0.8611111111111112	0.9393939393939394	0.8985507246376813	28.41923191911533	0.984447024806524	0	candidate-surface abundance policy; fixed calls	0	0.0
hmp_airskin_gtdb_source_abundance	23	xny_share_alpha5	33	36	31	5	2	0.8611111111111112	0.9393939393939394	0.8985507246376813	28.41923191911533	0.984447024806524	0	candidate-surface abundance policy; fixed calls	0	0.0
hmp_airskin_gtdb_source_abundance	23	xny_share_alpha10	33	36	31	5	2	0.8611111111111112	0.9393939393939394	0.8985507246376813	28.41923191911533	0.984447024806524	0	candidate-surface abundance policy; fixed calls	0	0.0
hmp_airskin_gtdb_source_abundance	23	xny_share_cap0.001	33	36	31	5	2	0.8611111111111112	0.9393939393939394	0.8985507246376813	28.41923191911533	0.984447024806524	0	candidate-surface abundance policy; fixed calls	0	0.0
hmp_airskin_gtdb_source_abundance	23	xny_share_cap0.003	33	36	31	5	2	0.8611111111111112	0.9393939393939394	0.8985507246376813	28.41923191911533	0.984447024806524	0	candidate-surface abundance policy; fixed calls	0	0.0
hmp_airskin_gtdb_source_abundance	23	xny_share_cap0.005	33	36	31	5	2	0.8611111111111112	0.9393939393939394	0.8985507246376813	28.41923191911533	0.984447024806524	0	candidate-surface abundance policy; fixed calls	0	0.0
hmp_airskin_gtdb_source_abundance	23	xny_share_cap0.01	33	36	31	5	2	0.8611111111111112	0.9393939393939394	0.8985507246376813	28.41923191911533	0.984447024806524	0	candidate-surface abundance policy; fixed calls	0	0.0
hmp_airskin_gtdb_source_abundance	23	xny_share_cap0.02	33	36	31	5	2	0.8611111111111112	0.9393939393939394	0.8985507246376813	28.41923191911533	0.984447024806524	0	candidate-surface abundance policy; fixed calls	0	0.0
hmp_airskin_gtdb_source_abundance	23	xny_share_cap0.05	33	36	31	5	2	0.8611111111111112	0.9393939393939394	0.8985507246376813	28.41923191911533	0.984447024806524	0	candidate-surface abundance policy; fixed calls	0	0.0
hmp_airskin_gtdb_source_abundance	23	xny_share_alpha0.25_cap0.001	33	36	31	5	2	0.8611111111111112	0.9393939393939394	0.8985507246376813	28.41923191911533	0.984447024806524	0	candidate-surface abundance policy; fixed calls	0	0.0
hmp_airskin_gtdb_source_abundance	23	xny_share_alpha0.25_cap0.003	33	36	31	5	2	0.8611111111111112	0.9393939393939394	0.8985507246376813	28.41923191911533	0.984447024806524	0	candidate-surface abundance policy; fixed calls	0	0.0
hmp_airskin_gtdb_source_abundance	23	xny_share_alpha0.25_cap0.005	33	36	31	5	2	0.8611111111111112	0.9393939393939394	0.8985507246376813	28.41923191911533	0.984447024806524	0	candidate-surface abundance policy; fixed calls	0	0.0
hmp_airskin_gtdb_source_abundance	23	xny_share_alpha0.25_cap0.01	33	36	31	5	2	0.8611111111111112	0.9393939393939394	0.8985507246376813	28.41923191911533	0.984447024806524	0	candidate-surface abundance policy; fixed calls	0	0.0
hmp_airskin_gtdb_source_abundance	23	xny_share_alpha0.25_cap0.02	33	36	31	5	2	0.8611111111111112	0.9393939393939394	0.8985507246376813	28.41923191911533	0.984447024806524	0	candidate-surface abundance policy; fixed calls	0	0.0
hmp_airskin_gtdb_source_abundance	23	xny_share_alpha0.25_cap0.05	33	36	31	5	2	0.8611111111111112	0.9393939393939394	0.8985507246376813	28.41923191911533	0.984447024806524	0	candidate-surface abundance policy; fixed calls	0	0.0
hmp_airskin_gtdb_source_abundance	23	xny_share_alpha0.5_cap0.001	33	36	31	5	2	0.8611111111111112	0.9393939393939394	0.8985507246376813	28.41923191911533	0.984447024806524	0	candidate-surface abundance policy; fixed calls	0	0.0
hmp_airskin_gtdb_source_abundance	23	xny_share_alpha0.5_cap0.003	33	36	31	5	2	0.8611111111111112	0.9393939393939394	0.8985507246376813	28.41923191911533	0.984447024806524	0	candidate-surface abundance policy; fixed calls	0	0.0
hmp_airskin_gtdb_source_abundance	23	xny_share_alpha0.5_cap0.005	33	36	31	5	2	0.8611111111111112	0.9393939393939394	0.8985507246376813	28.41923191911533	0.984447024806524	0	candidate-surface abundance policy; fixed calls	0	0.0
hmp_airskin_gtdb_source_abundance	23	xny_share_alpha0.5_cap0.01	33	36	31	5	2	0.8611111111111112	0.9393939393939394	0.8985507246376813	28.41923191911533	0.984447024806524	0	candidate-surface abundance policy; fixed calls	0	0.0
hmp_airskin_gtdb_source_abundance	23	xny_share_alpha0.5_cap0.02	33	36	31	5	2	0.8611111111111112	0.9393939393939394	0.8985507246376813	28.41923191911533	0.984447024806524	0	candidate-surface abundance policy; fixed calls	0	0.0
hmp_airskin_gtdb_source_abundance	23	xny_share_alpha0.5_cap0.05	33	36	31	5	2	0.8611111111111112	0.9393939393939394	0.8985507246376813	28.41923191911533	0.984447024806524	0	candidate-surface abundance policy; fixed calls	0	0.0
hmp_airskin_gtdb_source_abundance	23	xny_share_alpha1_cap0.001	33	36	31	5	2	0.8611111111111112	0.9393939393939394	0.8985507246376813	28.41923191911533	0.984447024806524	0	candidate-surface abundance policy; fixed calls	0	0.0
hmp_airskin_gtdb_source_abundance	23	xny_share_alpha1_cap0.003	33	36	31	5	2	0.8611111111111112	0.9393939393939394	0.8985507246376813	28.41923191911533	0.984447024806524	0	candidate-surface abundance policy; fixed calls	0	0.0
hmp_airskin_gtdb_source_abundance	23	xny_share_alpha1_cap0.005	33	36	31	5	2	0.8611111111111112	0.9393939393939394	0.8985507246376813	28.41923191911533	0.984447024806524	0	candidate-surface abundance policy; fixed calls	0	0.0
hmp_airskin_gtdb_source_abundance	23	xny_share_alpha1_cap0.01	33	36	31	5	2	0.8611111111111112	0.9393939393939394	0.8985507246376813	28.41923191911533	0.984447024806524	0	candidate-surface abundance policy; fixed calls	0	0.0
hmp_airskin_gtdb_source_abundance	23	xny_share_alpha1_cap0.02	33	36	31	5	2	0.8611111111111112	0.9393939393939394	0.8985507246376813	28.41923191911533	0.984447024806524	0	candidate-surface abundance policy; fixed calls	0	0.0
hmp_airskin_gtdb_source_abundance	23	xny_share_alpha1_cap0.05	33	36	31	5	2	0.8611111111111112	0.9393939393939394	0.8985507246376813	28.41923191911533	0.984447024806524	0	candidate-surface abundance policy; fixed calls	0	0.0
hmp_airskin_gtdb_source_abundance	23	xny_share_alpha2_cap0.001	33	36	31	5	2	0.8611111111111112	0.9393939393939394	0.8985507246376813	28.41923191911533	0.984447024806524	0	candidate-surface abundance policy; fixed calls	0	0.0
hmp_airskin_gtdb_source_abundance	23	xny_share_alpha2_cap0.003	33	36	31	5	2	0.8611111111111112	0.9393939393939394	0.8985507246376813	28.41923191911533	0.984447024806524	0	candidate-surface abundance policy; fixed calls	0	0.0
hmp_airskin_gtdb_source_abundance	23	xny_share_alpha2_cap0.005	33	36	31	5	2	0.8611111111111112	0.9393939393939394	0.8985507246376813	28.41923191911533	0.984447024806524	0	candidate-surface abundance policy; fixed calls	0	0.0
hmp_airskin_gtdb_source_abundance	23	xny_share_alpha2_cap0.01	33	36	31	5	2	0.8611111111111112	0.9393939393939394	0.8985507246376813	28.41923191911533	0.984447024806524	0	candidate-surface abundance policy; fixed calls	0	0.0
hmp_airskin_gtdb_source_abundance	23	xny_share_alpha2_cap0.02	33	36	31	5	2	0.8611111111111112	0.9393939393939394	0.8985507246376813	28.41923191911533	0.984447024806524	0	candidate-surface abundance policy; fixed calls	0	0.0
hmp_airskin_gtdb_source_abundance	23	xny_share_alpha2_cap0.05	33	36	31	5	2	0.8611111111111112	0.9393939393939394	0.8985507246376813	28.41923191911533	0.984447024806524	0	candidate-surface abundance policy; fixed calls	0	0.0
hmp_airskin_gtdb_source_abundance	23	depth_share_alpha0.05	33	36	31	5	2	0.8611111111111112	0.9393939393939394	0.8985507246376813	28.41923191911533	0.984447024806524	0	candidate-surface abundance policy; fixed calls	0	0.0
hmp_airskin_gtdb_source_abundance	23	depth_share_alpha0.1	33	36	31	5	2	0.8611111111111112	0.9393939393939394	0.8985507246376813	28.41923191911533	0.984447024806524	0	candidate-surface abundance policy; fixed calls	0	0.0
hmp_airskin_gtdb_source_abundance	23	depth_share_alpha0.25	33	36	31	5	2	0.8611111111111112	0.9393939393939394	0.8985507246376813	28.41923191911533	0.984447024806524	0	candidate-surface abundance policy; fixed calls	0	0.0
hmp_airskin_gtdb_source_abundance	23	depth_share_alpha0.5	33	36	31	5	2	0.8611111111111112	0.9393939393939394	0.8985507246376813	28.41923191911533	0.984447024806524	0	candidate-surface abundance policy; fixed calls	0	0.0
hmp_airskin_gtdb_source_abundance	23	depth_share_alpha1	33	36	31	5	2	0.8611111111111112	0.9393939393939394	0.8985507246376813	28.41923191911533	0.984447024806524	0	candidate-surface abundance policy; fixed calls	0	0.0
hmp_airskin_gtdb_source_abundance	23	depth_share_alpha2	33	36	31	5	2	0.8611111111111112	0.9393939393939394	0.8985507246376813	28.41923191911533	0.984447024806524	0	candidate-surface abundance policy; fixed calls	0	0.0
hmp_airskin_gtdb_source_abundance	23	depth_share_alpha5	33	36	31	5	2	0.8611111111111112	0.9393939393939394	0.8985507246376813	28.41923191911533	0.984447024806524	0	candidate-surface abundance policy; fixed calls	0	0.0
hmp_airskin_gtdb_source_abundance	23	depth_share_alpha10	33	36	31	5	2	0.8611111111111112	0.9393939393939394	0.8985507246376813	28.41923191911533	0.984447024806524	0	candidate-surface abundance policy; fixed calls	0	0.0
hmp_airskin_gtdb_source_abundance	23	depth_share_cap0.001	33	36	31	5	2	0.8611111111111112	0.9393939393939394	0.8985507246376813	28.41923191911533	0.984447024806524	0	candidate-surface abundance policy; fixed calls	0	0.0
hmp_airskin_gtdb_source_abundance	23	depth_share_cap0.003	33	36	31	5	2	0.8611111111111112	0.9393939393939394	0.8985507246376813	28.41923191911533	0.984447024806524	0	candidate-surface abundance policy; fixed calls	0	0.0
hmp_airskin_gtdb_source_abundance	23	depth_share_cap0.005	33	36	31	5	2	0.8611111111111112	0.9393939393939394	0.8985507246376813	28.41923191911533	0.984447024806524	0	candidate-surface abundance policy; fixed calls	0	0.0
hmp_airskin_gtdb_source_abundance	23	depth_share_cap0.01	33	36	31	5	2	0.8611111111111112	0.9393939393939394	0.8985507246376813	28.41923191911533	0.984447024806524	0	candidate-surface abundance policy; fixed calls	0	0.0
hmp_airskin_gtdb_source_abundance	23	depth_share_cap0.02	33	36	31	5	2	0.8611111111111112	0.9393939393939394	0.8985507246376813	28.41923191911533	0.984447024806524	0	candidate-surface abundance policy; fixed calls	0	0.0
hmp_airskin_gtdb_source_abundance	23	depth_share_cap0.05	33	36	31	5	2	0.8611111111111112	0.9393939393939394	0.8985507246376813	28.41923191911533	0.984447024806524	0	candidate-surface abundance policy; fixed calls	0	0.0
hmp_airskin_gtdb_source_abundance	23	depth_share_alpha0.25_cap0.001	33	36	31	5	2	0.8611111111111112	0.9393939393939394	0.8985507246376813	28.41923191911533	0.984447024806524	0	candidate-surface abundance policy; fixed calls	0	0.0
hmp_airskin_gtdb_source_abundance	23	depth_share_alpha0.25_cap0.003	33	36	31	5	2	0.8611111111111112	0.9393939393939394	0.8985507246376813	28.41923191911533	0.984447024806524	0	candidate-surface abundance policy; fixed calls	0	0.0
hmp_airskin_gtdb_source_abundance	23	depth_share_alpha0.25_cap0.005	33	36	31	5	2	0.8611111111111112	0.9393939393939394	0.8985507246376813	28.41923191911533	0.984447024806524	0	candidate-surface abundance policy; fixed calls	0	0.0
hmp_airskin_gtdb_source_abundance	23	depth_share_alpha0.25_cap0.01	33	36	31	5	2	0.8611111111111112	0.9393939393939394	0.8985507246376813	28.41923191911533	0.984447024806524	0	candidate-surface abundance policy; fixed calls	0	0.0
hmp_airskin_gtdb_source_abundance	23	depth_share_alpha0.25_cap0.02	33	36	31	5	2	0.8611111111111112	0.9393939393939394	0.8985507246376813	28.41923191911533	0.984447024806524	0	candidate-surface abundance policy; fixed calls	0	0.0
hmp_airskin_gtdb_source_abundance	23	depth_share_alpha0.25_cap0.05	33	36	31	5	2	0.8611111111111112	0.9393939393939394	0.8985507246376813	28.41923191911533	0.984447024806524	0	candidate-surface abundance policy; fixed calls	0	0.0
hmp_airskin_gtdb_source_abundance	23	depth_share_alpha0.5_cap0.001	33	36	31	5	2	0.8611111111111112	0.9393939393939394	0.8985507246376813	28.41923191911533	0.984447024806524	0	candidate-surface abundance policy; fixed calls	0	0.0
hmp_airskin_gtdb_source_abundance	23	depth_share_alpha0.5_cap0.003	33	36	31	5	2	0.8611111111111112	0.9393939393939394	0.8985507246376813	28.41923191911533	0.984447024806524	0	candidate-surface abundance policy; fixed calls	0	0.0
hmp_airskin_gtdb_source_abundance	23	depth_share_alpha0.5_cap0.005	33	36	31	5	2	0.8611111111111112	0.9393939393939394	0.8985507246376813	28.41923191911533	0.984447024806524	0	candidate-surface abundance policy; fixed calls	0	0.0
hmp_airskin_gtdb_source_abundance	23	depth_share_alpha0.5_cap0.01	33	36	31	5	2	0.8611111111111112	0.9393939393939394	0.8985507246376813	28.41923191911533	0.984447024806524	0	candidate-surface abundance policy; fixed calls	0	0.0
hmp_airskin_gtdb_source_abundance	23	depth_share_alpha0.5_cap0.02	33	36	31	5	2	0.8611111111111112	0.9393939393939394	0.8985507246376813	28.41923191911533	0.984447024806524	0	candidate-surface abundance policy; fixed calls	0	0.0
hmp_airskin_gtdb_source_abundance	23	depth_share_alpha0.5_cap0.05	33	36	31	5	2	0.8611111111111112	0.9393939393939394	0.8985507246376813	28.41923191911533	0.984447024806524	0	candidate-surface abundance policy; fixed calls	0	0.0
hmp_airskin_gtdb_source_abundance	23	depth_share_alpha1_cap0.001	33	36	31	5	2	0.8611111111111112	0.9393939393939394	0.8985507246376813	28.41923191911533	0.984447024806524	0	candidate-surface abundance policy; fixed calls	0	0.0
hmp_airskin_gtdb_source_abundance	23	depth_share_alpha1_cap0.003	33	36	31	5	2	0.8611111111111112	0.9393939393939394	0.8985507246376813	28.41923191911533	0.984447024806524	0	candidate-surface abundance policy; fixed calls	0	0.0
hmp_airskin_gtdb_source_abundance	23	depth_share_alpha1_cap0.005	33	36	31	5	2	0.8611111111111112	0.9393939393939394	0.8985507246376813	28.41923191911533	0.984447024806524	0	candidate-surface abundance policy; fixed calls	0	0.0
hmp_airskin_gtdb_source_abundance	23	depth_share_alpha1_cap0.01	33	36	31	5	2	0.8611111111111112	0.9393939393939394	0.8985507246376813	28.41923191911533	0.984447024806524	0	candidate-surface abundance policy; fixed calls	0	0.0
hmp_airskin_gtdb_source_abundance	23	depth_share_alpha1_cap0.02	33	36	31	5	2	0.8611111111111112	0.9393939393939394	0.8985507246376813	28.41923191911533	0.984447024806524	0	candidate-surface abundance policy; fixed calls	0	0.0
hmp_airskin_gtdb_source_abundance	23	depth_share_alpha1_cap0.05	33	36	31	5	2	0.8611111111111112	0.9393939393939394	0.8985507246376813	28.41923191911533	0.984447024806524	0	candidate-surface abundance policy; fixed calls	0	0.0
hmp_airskin_gtdb_source_abundance	23	depth_share_alpha2_cap0.001	33	36	31	5	2	0.8611111111111112	0.9393939393939394	0.8985507246376813	28.41923191911533	0.984447024806524	0	candidate-surface abundance policy; fixed calls	0	0.0
hmp_airskin_gtdb_source_abundance	23	depth_share_alpha2_cap0.003	33	36	31	5	2	0.8611111111111112	0.9393939393939394	0.8985507246376813	28.41923191911533	0.984447024806524	0	candidate-surface abundance policy; fixed calls	0	0.0
hmp_airskin_gtdb_source_abundance	23	depth_share_alpha2_cap0.005	33	36	31	5	2	0.8611111111111112	0.9393939393939394	0.8985507246376813	28.41923191911533	0.984447024806524	0	candidate-surface abundance policy; fixed calls	0	0.0
hmp_airskin_gtdb_source_abundance	23	depth_share_alpha2_cap0.01	33	36	31	5	2	0.8611111111111112	0.9393939393939394	0.8985507246376813	28.41923191911533	0.984447024806524	0	candidate-surface abundance policy; fixed calls	0	0.0
hmp_airskin_gtdb_source_abundance	23	depth_share_alpha2_cap0.02	33	36	31	5	2	0.8611111111111112	0.9393939393939394	0.8985507246376813	28.41923191911533	0.984447024806524	0	candidate-surface abundance policy; fixed calls	0	0.0
hmp_airskin_gtdb_source_abundance	23	depth_share_alpha2_cap0.05	33	36	31	5	2	0.8611111111111112	0.9393939393939394	0.8985507246376813	28.41923191911533	0.984447024806524	0	candidate-surface abundance policy; fixed calls	0	0.0
hmp_airskin_gtdb_source_abundance	24	zero_mass	29	27	26	1	3	0.9629629629629629	0.896551724137931	0.9285714285714286	13.776347378834913	0.9946961294046555	0	candidate-surface abundance policy; fixed calls	1	0.0
hmp_airskin_gtdb_source_abundance	24	normalized_depth_alpha0.05	29	27	26	1	3	0.9629629629629629	0.896551724137931	0.9285714285714286	13.768964377329967	0.9947083380323042	0	candidate-surface abundance policy; fixed calls	1	0.00011999999999999999
hmp_airskin_gtdb_source_abundance	24	normalized_depth_alpha0.1	29	27	26	1	3	0.9629629629629629	0.896551724137931	0.9285714285714286	13.761583147320186	0.9947203946768453	0	candidate-surface abundance policy; fixed calls	1	0.00023999999999999998
hmp_airskin_gtdb_source_abundance	24	normalized_depth_alpha0.25	29	27	26	1	3	0.9629629629629629	0.896551724137931	0.9285714285714286	13.739450079888533	0.9947556522493181	0	candidate-surface abundance policy; fixed calls	1	0.0006
hmp_airskin_gtdb_source_abundance	24	normalized_depth_alpha0.5	29	27	26	1	3	0.9629629629629629	0.896551724137931	0.9285714285714286	13.702597004632464	0.9948113709210218	0	candidate-surface abundance policy; fixed calls	1	0.0012
hmp_airskin_gtdb_source_abundance	24	normalized_depth_alpha1	29	27	26	1	3	0.9629629629629629	0.896551724137931	0.9285714285714286	13.62902320754302	0.9949113732920473	0	candidate-surface abundance policy; fixed calls	1	0.0024
hmp_airskin_gtdb_source_abundance	24	normalized_depth_alpha2	29	27	26	1	3	0.9629629629629629	0.896551724137931	0.9285714285714286	13.482402814139437	0.9950654879951978	0	candidate-surface abundance policy; fixed calls	1	0.0048
hmp_airskin_gtdb_source_abundance	24	normalized_depth_alpha5	29	27	26	1	3	0.9629629629629629	0.896551724137931	0.9285714285714286	13.936774250599607	0.9951579723230056	0	candidate-surface abundance policy; fixed calls	1	0.011999999999999999
hmp_airskin_gtdb_source_abundance	24	normalized_depth_alpha10	29	27	26	1	3	0.9629629629629629	0.896551724137931	0.9285714285714286	15.540200376816374	0.9940657774758204	0	candidate-surface abundance policy; fixed calls	1	0.023999999999999997
hmp_airskin_gtdb_source_abundance	24	normalized_depth_cap0.001	29	27	26	1	3	0.9629629629629629	0.896551724137931	0.9285714285714286	13.714876454216618	0.994793221067333	0	candidate-surface abundance policy; fixed calls	1	0.001
hmp_airskin_gtdb_source_abundance	24	normalized_depth_cap0.003	29	27	26	1	3	0.9629629629629629	0.896551724137931	0.9285714285714286	13.62902320754302	0.9949113732920473	0	candidate-surface abundance policy; fixed calls	1	0.0024
hmp_airskin_gtdb_source_abundance	24	normalized_depth_cap0.005	29	27	26	1	3	0.9629629629629629	0.896551724137931	0.9285714285714286	13.62902320754302	0.9949113732920473	0	candidate-surface abundance policy; fixed calls	1	0.0024
hmp_airskin_gtdb_source_abundance	24	normalized_depth_cap0.01	29	27	26	1	3	0.9629629629629629	0.896551724137931	0.9285714285714286	13.62902320754302	0.9949113732920473	0	candidate-surface abundance policy; fixed calls	1	0.0024
hmp_airskin_gtdb_source_abundance	24	normalized_depth_cap0.02	29	27	26	1	3	0.9629629629629629	0.896551724137931	0.9285714285714286	13.62902320754302	0.9949113732920473	0	candidate-surface abundance policy; fixed calls	1	0.0024
hmp_airskin_gtdb_source_abundance	24	normalized_depth_cap0.05	29	27	26	1	3	0.9629629629629629	0.896551724137931	0.9285714285714286	13.62902320754302	0.9949113732920473	0	candidate-surface abundance policy; fixed calls	1	0.0024
hmp_airskin_gtdb_source_abundance	24	normalized_depth_alpha0.25_cap0.001	29	27	26	1	3	0.9629629629629629	0.896551724137931	0.9285714285714286	13.739450079888533	0.9947556522493181	0	candidate-surface abundance policy; fixed calls	1	0.0006
hmp_airskin_gtdb_source_abundance	24	normalized_depth_alpha0.25_cap0.003	29	27	26	1	3	0.9629629629629629	0.896551724137931	0.9285714285714286	13.739450079888533	0.9947556522493181	0	candidate-surface abundance policy; fixed calls	1	0.0006
hmp_airskin_gtdb_source_abundance	24	normalized_depth_alpha0.25_cap0.005	29	27	26	1	3	0.9629629629629629	0.896551724137931	0.9285714285714286	13.739450079888533	0.9947556522493181	0	candidate-surface abundance policy; fixed calls	1	0.0006
hmp_airskin_gtdb_source_abundance	24	normalized_depth_alpha0.25_cap0.01	29	27	26	1	3	0.9629629629629629	0.896551724137931	0.9285714285714286	13.739450079888533	0.9947556522493181	0	candidate-surface abundance policy; fixed calls	1	0.0006
hmp_airskin_gtdb_source_abundance	24	normalized_depth_alpha0.25_cap0.02	29	27	26	1	3	0.9629629629629629	0.896551724137931	0.9285714285714286	13.739450079888533	0.9947556522493181	0	candidate-surface abundance policy; fixed calls	1	0.0006
hmp_airskin_gtdb_source_abundance	24	normalized_depth_alpha0.25_cap0.05	29	27	26	1	3	0.9629629629629629	0.896551724137931	0.9285714285714286	13.739450079888533	0.9947556522493181	0	candidate-surface abundance policy; fixed calls	1	0.0006
hmp_airskin_gtdb_source_abundance	24	normalized_depth_alpha0.5_cap0.001	29	27	26	1	3	0.9629629629629629	0.896551724137931	0.9285714285714286	13.714876454216618	0.994793221067333	0	candidate-surface abundance policy; fixed calls	1	0.001
hmp_airskin_gtdb_source_abundance	24	normalized_depth_alpha0.5_cap0.003	29	27	26	1	3	0.9629629629629629	0.896551724137931	0.9285714285714286	13.702597004632464	0.9948113709210218	0	candidate-surface abundance policy; fixed calls	1	0.0012
hmp_airskin_gtdb_source_abundance	24	normalized_depth_alpha0.5_cap0.005	29	27	26	1	3	0.9629629629629629	0.896551724137931	0.9285714285714286	13.702597004632464	0.9948113709210218	0	candidate-surface abundance policy; fixed calls	1	0.0012
hmp_airskin_gtdb_source_abundance	24	normalized_depth_alpha0.5_cap0.01	29	27	26	1	3	0.9629629629629629	0.896551724137931	0.9285714285714286	13.702597004632464	0.9948113709210218	0	candidate-surface abundance policy; fixed calls	1	0.0012
hmp_airskin_gtdb_source_abundance	24	normalized_depth_alpha0.5_cap0.02	29	27	26	1	3	0.9629629629629629	0.896551724137931	0.9285714285714286	13.702597004632464	0.9948113709210218	0	candidate-surface abundance policy; fixed calls	1	0.0012
hmp_airskin_gtdb_source_abundance	24	normalized_depth_alpha0.5_cap0.05	29	27	26	1	3	0.9629629629629629	0.896551724137931	0.9285714285714286	13.702597004632464	0.9948113709210218	0	candidate-surface abundance policy; fixed calls	1	0.0012
hmp_airskin_gtdb_source_abundance	24	normalized_depth_alpha1_cap0.001	29	27	26	1	3	0.9629629629629629	0.896551724137931	0.9285714285714286	13.714876454216618	0.994793221067333	0	candidate-surface abundance policy; fixed calls	1	0.001
hmp_airskin_gtdb_source_abundance	24	normalized_depth_alpha1_cap0.003	29	27	26	1	3	0.9629629629629629	0.896551724137931	0.9285714285714286	13.62902320754302	0.9949113732920473	0	candidate-surface abundance policy; fixed calls	1	0.0024
hmp_airskin_gtdb_source_abundance	24	normalized_depth_alpha1_cap0.005	29	27	26	1	3	0.9629629629629629	0.896551724137931	0.9285714285714286	13.62902320754302	0.9949113732920473	0	candidate-surface abundance policy; fixed calls	1	0.0024
hmp_airskin_gtdb_source_abundance	24	normalized_depth_alpha1_cap0.01	29	27	26	1	3	0.9629629629629629	0.896551724137931	0.9285714285714286	13.62902320754302	0.9949113732920473	0	candidate-surface abundance policy; fixed calls	1	0.0024
hmp_airskin_gtdb_source_abundance	24	normalized_depth_alpha1_cap0.02	29	27	26	1	3	0.9629629629629629	0.896551724137931	0.9285714285714286	13.62902320754302	0.9949113732920473	0	candidate-surface abundance policy; fixed calls	1	0.0024
hmp_airskin_gtdb_source_abundance	24	normalized_depth_alpha1_cap0.05	29	27	26	1	3	0.9629629629629629	0.896551724137931	0.9285714285714286	13.62902320754302	0.9949113732920473	0	candidate-surface abundance policy; fixed calls	1	0.0024
hmp_airskin_gtdb_source_abundance	24	normalized_depth_alpha2_cap0.001	29	27	26	1	3	0.9629629629629629	0.896551724137931	0.9285714285714286	13.714876454216618	0.994793221067333	0	candidate-surface abundance policy; fixed calls	1	0.001
hmp_airskin_gtdb_source_abundance	24	normalized_depth_alpha2_cap0.003	29	27	26	1	3	0.9629629629629629	0.896551724137931	0.9285714285714286	13.592302327360578	0.9949556460773625	0	candidate-surface abundance policy; fixed calls	1	0.003
hmp_airskin_gtdb_source_abundance	24	normalized_depth_alpha2_cap0.005	29	27	26	1	3	0.9629629629629629	0.896551724137931	0.9285714285714286	13.482402814139437	0.9950654879951978	0	candidate-surface abundance policy; fixed calls	1	0.0048
hmp_airskin_gtdb_source_abundance	24	normalized_depth_alpha2_cap0.01	29	27	26	1	3	0.9629629629629629	0.896551724137931	0.9285714285714286	13.482402814139437	0.9950654879951978	0	candidate-surface abundance policy; fixed calls	1	0.0048
hmp_airskin_gtdb_source_abundance	24	normalized_depth_alpha2_cap0.02	29	27	26	1	3	0.9629629629629629	0.896551724137931	0.9285714285714286	13.482402814139437	0.9950654879951978	0	candidate-surface abundance policy; fixed calls	1	0.0048
hmp_airskin_gtdb_source_abundance	24	normalized_depth_alpha2_cap0.05	29	27	26	1	3	0.9629629629629629	0.896551724137931	0.9285714285714286	13.482402814139437	0.9950654879951978	0	candidate-surface abundance policy; fixed calls	1	0.0048
hmp_airskin_gtdb_source_abundance	24	xny_share_alpha0.05	29	27	26	1	3	0.9629629629629629	0.896551724137931	0.9285714285714286	13.65619060221445	0.9948761971482621	0	candidate-surface abundance policy; fixed calls	1	0.001956560761084186
hmp_airskin_gtdb_source_abundance	24	xny_share_alpha0.1	29	27	26	1	3	0.9629629629629629	0.896551724137931	0.9285714285714286	13.536502180931237	0.9950156797367874	0	candidate-surface abundance policy; fixed calls	1	0.003913121522168372
hmp_airskin_gtdb_source_abundance	24	xny_share_alpha0.25	29	27	26	1	3	0.9629629629629629	0.896551724137931	0.9285714285714286	13.636343889160715	0.9951888794125267	0	candidate-surface abundance policy; fixed calls	1	0.00978280380542093
hmp_airskin_gtdb_source_abundance	24	xny_share_alpha0.5	29	27	26	1	3	0.9629629629629629	0.896551724137931	0.9285714285714286	14.952078729364448	0.9946518344120131	0	candidate-surface abundance policy; fixed calls	1	0.01956560761084186
hmp_airskin_gtdb_source_abundance	24	xny_share_alpha1	29	27	26	1	3	0.9629629629629629	0.896551724137931	0.9285714285714286	17.509227232928477	0.9904523146823645	0	candidate-surface abundance policy; fixed calls	1	0.03913121522168372
hmp_airskin_gtdb_source_abundance	24	xny_share_alpha2	29	27	26	1	3	0.9629629629629629	0.896551724137931	0.9285714285714286	22.58686588924366	0.9698420413602955	0	candidate-surface abundance policy; fixed calls	1	0.07826243044336743
hmp_airskin_gtdb_source_abundance	24	xny_share_alpha5	29	27	26	1	3	0.9629629629629629	0.896551724137931	0.9285714285714286	37.843472653525694	0.836532015169036	0	candidate-surface abundance policy; fixed calls	1	0.1956560761084186
hmp_airskin_gtdb_source_abundance	24	xny_share_alpha10	29	27	26	1	3	0.9629629629629629	0.896551724137931	0.9285714285714286	59.95953472396849	0.5783595675869047	0	candidate-surface abundance policy; fixed calls	1	0.3913121522168372
hmp_airskin_gtdb_source_abundance	24	xny_share_cap0.001	29	27	26	1	3	0.9629629629629629	0.896551724137931	0.9285714285714286	13.714876454216618	0.994793221067333	0	candidate-surface abundance policy; fixed calls	1	0.001
hmp_airskin_gtdb_source_abundance	24	xny_share_cap0.003	29	27	26	1	3	0.9629629629629629	0.896551724137931	0.9285714285714286	13.592302327360578	0.9949556460773625	0	candidate-surface abundance policy; fixed calls	1	0.003
hmp_airskin_gtdb_source_abundance	24	xny_share_cap0.005	29	27	26	1	3	0.9629629629629629	0.896551724137931	0.9285714285714286	13.470216057725844	0.9950755611638733	0	candidate-surface abundance policy; fixed calls	1	0.005
hmp_airskin_gtdb_source_abundance	24	xny_share_cap0.01	29	27	26	1	3	0.9629629629629629	0.896551724137931	0.9285714285714286	13.665832278116774	0.9951881935711683	0	candidate-surface abundance policy; fixed calls	1	0.01
hmp_airskin_gtdb_source_abundance	24	xny_share_cap0.02	29	27	26	1	3	0.9629629629629629	0.896551724137931	0.9285714285714286	15.009916965139466	0.9946038922297901	0	candidate-surface abundance policy; fixed calls	1	0.02
hmp_airskin_gtdb_source_abundance	24	xny_share_cap0.05	29	27	26	1	3	0.9629629629629629	0.896551724137931	0.9285714285714286	17.509227232928477	0.9904523146823645	0	candidate-surface abundance policy; fixed calls	1	0.03913121522168372
hmp_airskin_gtdb_source_abundance	24	xny_share_alpha0.25_cap0.001	29	27	26	1	3	0.9629629629629629	0.896551724137931	0.9285714285714286	13.714876454216618	0.994793221067333	0	candidate-surface abundance policy; fixed calls	1	0.001
hmp_airskin_gtdb_source_abundance	24	xny_share_alpha0.25_cap0.003	29	27	26	1	3	0.9629629629629629	0.896551724137931	0.9285714285714286	13.592302327360578	0.9949556460773625	0	candidate-surface abundance policy; fixed calls	1	0.003
hmp_airskin_gtdb_source_abundance	24	xny_share_alpha0.25_cap0.005	29	27	26	1	3	0.9629629629629629	0.896551724137931	0.9285714285714286	13.470216057725844	0.9950755611638733	0	candidate-surface abundance policy; fixed calls	1	0.005
hmp_airskin_gtdb_source_abundance	24	xny_share_alpha0.25_cap0.01	29	27	26	1	3	0.9629629629629629	0.896551724137931	0.9285714285714286	13.636343889160715	0.9951888794125267	0	candidate-surface abundance policy; fixed calls	1	0.00978280380542093
hmp_airskin_gtdb_source_abundance	24	xny_share_alpha0.25_cap0.02	29	27	26	1	3	0.9629629629629629	0.896551724137931	0.9285714285714286	13.636343889160715	0.9951888794125267	0	candidate-surface abundance policy; fixed calls	1	0.00978280380542093
hmp_airskin_gtdb_source_abundance	24	xny_share_alpha0.25_cap0.05	29	27	26	1	3	0.9629629629629629	0.896551724137931	0.9285714285714286	13.636343889160715	0.9951888794125267	0	candidate-surface abundance policy; fixed calls	1	0.00978280380542093
hmp_airskin_gtdb_source_abundance	24	xny_share_alpha0.5_cap0.001	29	27	26	1	3	0.9629629629629629	0.896551724137931	0.9285714285714286	13.714876454216618	0.994793221067333	0	candidate-surface abundance policy; fixed calls	1	0.001
hmp_airskin_gtdb_source_abundance	24	xny_share_alpha0.5_cap0.003	29	27	26	1	3	0.9629629629629629	0.896551724137931	0.9285714285714286	13.592302327360578	0.9949556460773625	0	candidate-surface abundance policy; fixed calls	1	0.003
hmp_airskin_gtdb_source_abundance	24	xny_share_alpha0.5_cap0.005	29	27	26	1	3	0.9629629629629629	0.896551724137931	0.9285714285714286	13.470216057725844	0.9950755611638733	0	candidate-surface abundance policy; fixed calls	1	0.005
hmp_airskin_gtdb_source_abundance	24	xny_share_alpha0.5_cap0.01	29	27	26	1	3	0.9629629629629629	0.896551724137931	0.9285714285714286	13.665832278116774	0.9951881935711683	0	candidate-surface abundance policy; fixed calls	1	0.01
hmp_airskin_gtdb_source_abundance	24	xny_share_alpha0.5_cap0.02	29	27	26	1	3	0.9629629629629629	0.896551724137931	0.9285714285714286	14.952078729364448	0.9946518344120131	0	candidate-surface abundance policy; fixed calls	1	0.01956560761084186
hmp_airskin_gtdb_source_abundance	24	xny_share_alpha0.5_cap0.05	29	27	26	1	3	0.9629629629629629	0.896551724137931	0.9285714285714286	14.952078729364448	0.9946518344120131	0	candidate-surface abundance policy; fixed calls	1	0.01956560761084186
hmp_airskin_gtdb_source_abundance	24	xny_share_alpha1_cap0.001	29	27	26	1	3	0.9629629629629629	0.896551724137931	0.9285714285714286	13.714876454216618	0.994793221067333	0	candidate-surface abundance policy; fixed calls	1	0.001
hmp_airskin_gtdb_source_abundance	24	xny_share_alpha1_cap0.003	29	27	26	1	3	0.9629629629629629	0.896551724137931	0.9285714285714286	13.592302327360578	0.9949556460773625	0	candidate-surface abundance policy; fixed calls	1	0.003
hmp_airskin_gtdb_source_abundance	24	xny_share_alpha1_cap0.005	29	27	26	1	3	0.9629629629629629	0.896551724137931	0.9285714285714286	13.470216057725844	0.9950755611638733	0	candidate-surface abundance policy; fixed calls	1	0.005
hmp_airskin_gtdb_source_abundance	24	xny_share_alpha1_cap0.01	29	27	26	1	3	0.9629629629629629	0.896551724137931	0.9285714285714286	13.665832278116774	0.9951881935711683	0	candidate-surface abundance policy; fixed calls	1	0.01
hmp_airskin_gtdb_source_abundance	24	xny_share_alpha1_cap0.02	29	27	26	1	3	0.9629629629629629	0.896551724137931	0.9285714285714286	15.009916965139466	0.9946038922297901	0	candidate-surface abundance policy; fixed calls	1	0.02
hmp_airskin_gtdb_source_abundance	24	xny_share_alpha1_cap0.05	29	27	26	1	3	0.9629629629629629	0.896551724137931	0.9285714285714286	17.509227232928477	0.9904523146823645	0	candidate-surface abundance policy; fixed calls	1	0.03913121522168372
hmp_airskin_gtdb_source_abundance	24	xny_share_alpha2_cap0.001	29	27	26	1	3	0.9629629629629629	0.896551724137931	0.9285714285714286	13.714876454216618	0.994793221067333	0	candidate-surface abundance policy; fixed calls	1	0.001
hmp_airskin_gtdb_source_abundance	24	xny_share_alpha2_cap0.003	29	27	26	1	3	0.9629629629629629	0.896551724137931	0.9285714285714286	13.592302327360578	0.9949556460773625	0	candidate-surface abundance policy; fixed calls	1	0.003
hmp_airskin_gtdb_source_abundance	24	xny_share_alpha2_cap0.005	29	27	26	1	3	0.9629629629629629	0.896551724137931	0.9285714285714286	13.470216057725844	0.9950755611638733	0	candidate-surface abundance policy; fixed calls	1	0.005
hmp_airskin_gtdb_source_abundance	24	xny_share_alpha2_cap0.01	29	27	26	1	3	0.9629629629629629	0.896551724137931	0.9285714285714286	13.665832278116774	0.9951881935711683	0	candidate-surface abundance policy; fixed calls	1	0.01
hmp_airskin_gtdb_source_abundance	24	xny_share_alpha2_cap0.02	29	27	26	1	3	0.9629629629629629	0.896551724137931	0.9285714285714286	15.009916965139466	0.9946038922297901	0	candidate-surface abundance policy; fixed calls	1	0.02
hmp_airskin_gtdb_source_abundance	24	xny_share_alpha2_cap0.05	29	27	26	1	3	0.9629629629629629	0.896551724137931	0.9285714285714286	18.897901410732505	0.9863271650224001	0	candidate-surface abundance policy; fixed calls	1	0.05
hmp_airskin_gtdb_source_abundance	24	depth_share_alpha0.05	29	27	26	1	3	0.9629629629629629	0.896551724137931	0.9285714285714286	13.763079797467054	0.9947179620727984	0	candidate-surface abundance policy; fixed calls	1	0.0002156659531352686
hmp_airskin_gtdb_source_abundance	24	depth_share_alpha0.1	29	27	26	1	3	0.9629629629629629	0.896551724137931	0.9285714285714286	13.749817936362984	0.9947393037182964	0	candidate-surface abundance policy; fixed calls	1	0.0004313319062705372
hmp_airskin_gtdb_source_abundance	24	depth_share_alpha0.25	29	27	26	1	3	0.9629629629629629	0.896551724137931	0.9285714285714286	13.71006663766372	0.9948003798524586	0	candidate-surface abundance policy; fixed calls	1	0.001078329765676343
hmp_airskin_gtdb_source_abundance	24	depth_share_alpha0.5	29	27	26	1	3	0.9629629629629629	0.896551724137931	0.9285714285714286	13.643928533864457	0.9948923283810837	0	candidate-surface abundance policy; fixed calls	1	0.002156659531352686
hmp_airskin_gtdb_source_abundance	24	depth_share_alpha1	29	27	26	1	3	0.9629629629629629	0.896551724137931	0.9285714285714286	13.51207840058726	0.9950391933986412	0	candidate-surface abundance policy; fixed calls	1	0.004313319062705372
hmp_airskin_gtdb_source_abundance	24	depth_share_alpha2	29	27	26	1	3	0.9629629629629629	0.896551724137931	0.9285714285714286	13.479159342115096	0.9951839853854507	0	candidate-surface abundance policy; fixed calls	1	0.008626638125410743
hmp_airskin_gtdb_source_abundance	24	depth_share_alpha5	29	27	26	1	3	0.9629629629629629	0.896551724137931	0.9285714285714286	15.21809655413012	0.994413919054152	0	candidate-surface abundance policy; fixed calls	1	0.021566595313526858
hmp_airskin_gtdb_source_abundance	24	depth_share_alpha10	29	27	26	1	3	0.9629629629629629	0.896551724137931	0.9285714285714286	18.02045265116819	0.9890809413640588	0	candidate-surface abundance policy; fixed calls	1	0.043133190627053716
hmp_airskin_gtdb_source_abundance	24	depth_share_cap0.001	29	27	26	1	3	0.9629629629629629	0.896551724137931	0.9285714285714286	13.714876454216618	0.994793221067333	0	candidate-surface abundance policy; fixed calls	1	0.001
hmp_airskin_gtdb_source_abundance	24	depth_share_cap0.003	29	27	26	1	3	0.9629629629629629	0.896551724137931	0.9285714285714286	13.592302327360578	0.9949556460773625	0	candidate-surface abundance policy; fixed calls	1	0.003
hmp_airskin_gtdb_source_abundance	24	depth_share_cap0.005	29	27	26	1	3	0.9629629629629629	0.896551724137931	0.9285714285714286	13.51207840058726	0.9950391933986412	0	candidate-surface abundance policy; fixed calls	1	0.004313319062705372
hmp_airskin_gtdb_source_abundance	24	depth_share_cap0.01	29	27	26	1	3	0.9629629629629629	0.896551724137931	0.9285714285714286	13.51207840058726	0.9950391933986412	0	candidate-surface abundance policy; fixed calls	1	0.004313319062705372
hmp_airskin_gtdb_source_abundance	24	depth_share_cap0.02	29	27	26	1	3	0.9629629629629629	0.896551724137931	0.9285714285714286	13.51207840058726	0.9950391933986412	0	candidate-surface abundance policy; fixed calls	1	0.004313319062705372
hmp_airskin_gtdb_source_abundance	24	depth_share_cap0.05	29	27	26	1	3	0.9629629629629629	0.896551724137931	0.9285714285714286	13.51207840058726	0.9950391933986412	0	candidate-surface abundance policy; fixed calls	1	0.004313319062705372
hmp_airskin_gtdb_source_abundance	24	depth_share_alpha0.25_cap0.001	29	27	26	1	3	0.9629629629629629	0.896551724137931	0.9285714285714286	13.714876454216618	0.994793221067333	0	candidate-surface abundance policy; fixed calls	1	0.001
hmp_airskin_gtdb_source_abundance	24	depth_share_alpha0.25_cap0.003	29	27	26	1	3	0.9629629629629629	0.896551724137931	0.9285714285714286	13.71006663766372	0.9948003798524586	0	candidate-surface abundance policy; fixed calls	1	0.001078329765676343
hmp_airskin_gtdb_source_abundance	24	depth_share_alpha0.25_cap0.005	29	27	26	1	3	0.9629629629629629	0.896551724137931	0.9285714285714286	13.71006663766372	0.9948003798524586	0	candidate-surface abundance policy; fixed calls	1	0.001078329765676343
hmp_airskin_gtdb_source_abundance	24	depth_share_alpha0.25_cap0.01	29	27	26	1	3	0.9629629629629629	0.896551724137931	0.9285714285714286	13.71006663766372	0.9948003798524586	0	candidate-surface abundance policy; fixed calls	1	0.001078329765676343
hmp_airskin_gtdb_source_abundance	24	depth_share_alpha0.25_cap0.02	29	27	26	1	3	0.9629629629629629	0.896551724137931	0.9285714285714286	13.71006663766372	0.9948003798524586	0	candidate-surface abundance policy; fixed calls	1	0.001078329765676343
hmp_airskin_gtdb_source_abundance	24	depth_share_alpha0.25_cap0.05	29	27	26	1	3	0.9629629629629629	0.896551724137931	0.9285714285714286	13.71006663766372	0.9948003798524586	0	candidate-surface abundance policy; fixed calls	1	0.001078329765676343
hmp_airskin_gtdb_source_abundance	24	depth_share_alpha0.5_cap0.001	29	27	26	1	3	0.9629629629629629	0.896551724137931	0.9285714285714286	13.714876454216618	0.994793221067333	0	candidate-surface abundance policy; fixed calls	1	0.001
hmp_airskin_gtdb_source_abundance	24	depth_share_alpha0.5_cap0.003	29	27	26	1	3	0.9629629629629629	0.896551724137931	0.9285714285714286	13.643928533864457	0.9948923283810837	0	candidate-surface abundance policy; fixed calls	1	0.002156659531352686
hmp_airskin_gtdb_source_abundance	24	depth_share_alpha0.5_cap0.005	29	27	26	1	3	0.9629629629629629	0.896551724137931	0.9285714285714286	13.643928533864457	0.9948923283810837	0	candidate-surface abundance policy; fixed calls	1	0.002156659531352686
hmp_airskin_gtdb_source_abundance	24	depth_share_alpha0.5_cap0.01	29	27	26	1	3	0.9629629629629629	0.896551724137931	0.9285714285714286	13.643928533864457	0.9948923283810837	0	candidate-surface abundance policy; fixed calls	1	0.002156659531352686
hmp_airskin_gtdb_source_abundance	24	depth_share_alpha0.5_cap0.02	29	27	26	1	3	0.9629629629629629	0.896551724137931	0.9285714285714286	13.643928533864457	0.9948923283810837	0	candidate-surface abundance policy; fixed calls	1	0.002156659531352686
hmp_airskin_gtdb_source_abundance	24	depth_share_alpha0.5_cap0.05	29	27	26	1	3	0.9629629629629629	0.896551724137931	0.9285714285714286	13.643928533864457	0.9948923283810837	0	candidate-surface abundance policy; fixed calls	1	0.002156659531352686
hmp_airskin_gtdb_source_abundance	24	depth_share_alpha1_cap0.001	29	27	26	1	3	0.9629629629629629	0.896551724137931	0.9285714285714286	13.714876454216618	0.994793221067333	0	candidate-surface abundance policy; fixed calls	1	0.001
hmp_airskin_gtdb_source_abundance	24	depth_share_alpha1_cap0.003	29	27	26	1	3	0.9629629629629629	0.896551724137931	0.9285714285714286	13.592302327360578	0.9949556460773625	0	candidate-surface abundance policy; fixed calls	1	0.003
hmp_airskin_gtdb_source_abundance	24	depth_share_alpha1_cap0.005	29	27	26	1	3	0.9629629629629629	0.896551724137931	0.9285714285714286	13.51207840058726	0.9950391933986412	0	candidate-surface abundance policy; fixed calls	1	0.004313319062705372
hmp_airskin_gtdb_source_abundance	24	depth_share_alpha1_cap0.01	29	27	26	1	3	0.9629629629629629	0.896551724137931	0.9285714285714286	13.51207840058726	0.9950391933986412	0	candidate-surface abundance policy; fixed calls	1	0.004313319062705372
hmp_airskin_gtdb_source_abundance	24	depth_share_alpha1_cap0.02	29	27	26	1	3	0.9629629629629629	0.896551724137931	0.9285714285714286	13.51207840058726	0.9950391933986412	0	candidate-surface abundance policy; fixed calls	1	0.004313319062705372
hmp_airskin_gtdb_source_abundance	24	depth_share_alpha1_cap0.05	29	27	26	1	3	0.9629629629629629	0.896551724137931	0.9285714285714286	13.51207840058726	0.9950391933986412	0	candidate-surface abundance policy; fixed calls	1	0.004313319062705372
hmp_airskin_gtdb_source_abundance	24	depth_share_alpha2_cap0.001	29	27	26	1	3	0.9629629629629629	0.896551724137931	0.9285714285714286	13.714876454216618	0.994793221067333	0	candidate-surface abundance policy; fixed calls	1	0.001
hmp_airskin_gtdb_source_abundance	24	depth_share_alpha2_cap0.003	29	27	26	1	3	0.9629629629629629	0.896551724137931	0.9285714285714286	13.592302327360578	0.9949556460773625	0	candidate-surface abundance policy; fixed calls	1	0.003
hmp_airskin_gtdb_source_abundance	24	depth_share_alpha2_cap0.005	29	27	26	1	3	0.9629629629629629	0.896551724137931	0.9285714285714286	13.470216057725844	0.9950755611638733	0	candidate-surface abundance policy; fixed calls	1	0.005
hmp_airskin_gtdb_source_abundance	24	depth_share_alpha2_cap0.01	29	27	26	1	3	0.9629629629629629	0.896551724137931	0.9285714285714286	13.479159342115096	0.9951839853854507	0	candidate-surface abundance policy; fixed calls	1	0.008626638125410743
hmp_airskin_gtdb_source_abundance	24	depth_share_alpha2_cap0.02	29	27	26	1	3	0.9629629629629629	0.896551724137931	0.9285714285714286	13.479159342115096	0.9951839853854507	0	candidate-surface abundance policy; fixed calls	1	0.008626638125410743
hmp_airskin_gtdb_source_abundance	24	depth_share_alpha2_cap0.05	29	27	26	1	3	0.9629629629629629	0.896551724137931	0.9285714285714286	13.479159342115096	0.9951839853854507	0	candidate-surface abundance policy; fixed calls	1	0.008626638125410743
hmp_airskin_gtdb_source_abundance	25	zero_mass	49	77	46	31	3	0.5974025974025974	0.9387755102040817	0.73015873015873	23.876829864906977	0.9844760524405716	0	candidate-surface abundance policy; fixed calls	1	0.0
hmp_airskin_gtdb_source_abundance	25	normalized_depth_alpha0.05	49	77	46	31	3	0.5974025974025974	0.9387755102040817	0.73015873015873	23.873635828953105	0.984479159284192	0	candidate-surface abundance policy; fixed calls	1	5.89e-05
hmp_airskin_gtdb_source_abundance	25	normalized_depth_alpha0.1	49	77	46	31	3	0.5974025974025974	0.9387755102040817	0.73015873015873	23.870442169212318	0.9844822098996981	0	candidate-surface abundance policy; fixed calls	1	0.0001178
hmp_airskin_gtdb_source_abundance	25	normalized_depth_alpha0.25	49	77	46	31	3	0.5974025974025974	0.9387755102040817	0.73015873015873	23.860863446604185	0.9844910243311282	0	candidate-surface abundance policy; fixed calls	1	0.0002945
hmp_airskin_gtdb_source_abundance	25	normalized_depth_alpha0.5	49	77	46	31	3	0.5974025974025974	0.9387755102040817	0.73015873015873	23.84490642698594	0.9845045900590753	0	candidate-surface abundance policy; fixed calls	1	0.000589
hmp_airskin_gtdb_source_abundance	25	normalized_depth_alpha1	49	77	46	31	3	0.5974025974025974	0.9387755102040817	0.73015873015873	23.813020550627193	0.9845275008034955	0	candidate-surface abundance policy; fixed calls	1	0.001178
hmp_airskin_gtdb_source_abundance	25	normalized_depth_alpha2	49	77	46	31	3	0.5974025974025974	0.9387755102040817	0.73015873015873	23.82652637144699	0.9845564248854467	0	candidate-surface abundance policy; fixed calls	1	0.002356
hmp_airskin_gtdb_source_abundance	25	normalized_depth_alpha5	49	77	46	31	3	0.5974025974025974	0.9387755102040817	0.73015873015873	24.337452737631928	0.9845077676292946	0	candidate-surface abundance policy; fixed calls	1	0.00589
hmp_airskin_gtdb_source_abundance	25	normalized_depth_alpha10	49	77	46	31	3	0.5974025974025974	0.9387755102040817	0.73015873015873	25.207942599401456	0.9839742339381039	0	candidate-surface abundance policy; fixed calls	1	0.01178
hmp_airskin_gtdb_source_abundance	25	normalized_depth_cap0.001	49	77	46	31	3	0.5974025974025974	0.9387755102040817	0.73015873015873	23.822652733335687	0.9845211705653358	0	candidate-surface abundance policy; fixed calls	1	0.001
hmp_airskin_gtdb_source_abundance	25	normalized_depth_cap0.003	49	77	46	31	3	0.5974025974025974	0.9387755102040817	0.73015873015873	23.813020550627193	0.9845275008034955	0	candidate-surface abundance policy; fixed calls	1	0.001178
hmp_airskin_gtdb_source_abundance	25	normalized_depth_cap0.005	49	77	46	31	3	0.5974025974025974	0.9387755102040817	0.73015873015873	23.813020550627193	0.9845275008034955	0	candidate-surface abundance policy; fixed calls	1	0.001178
hmp_airskin_gtdb_source_abundance	25	normalized_depth_cap0.01	49	77	46	31	3	0.5974025974025974	0.9387755102040817	0.73015873015873	23.813020550627193	0.9845275008034955	0	candidate-surface abundance policy; fixed calls	1	0.001178
hmp_airskin_gtdb_source_abundance	25	normalized_depth_cap0.02	49	77	46	31	3	0.5974025974025974	0.9387755102040817	0.73015873015873	23.813020550627193	0.9845275008034955	0	candidate-surface abundance policy; fixed calls	1	0.001178
hmp_airskin_gtdb_source_abundance	25	normalized_depth_cap0.05	49	77	46	31	3	0.5974025974025974	0.9387755102040817	0.73015873015873	23.813020550627193	0.9845275008034955	0	candidate-surface abundance policy; fixed calls	1	0.001178
hmp_airskin_gtdb_source_abundance	25	normalized_depth_alpha0.25_cap0.001	49	77	46	31	3	0.5974025974025974	0.9387755102040817	0.73015873015873	23.860863446604185	0.9844910243311282	0	candidate-surface abundance policy; fixed calls	1	0.0002945
hmp_airskin_gtdb_source_abundance	25	normalized_depth_alpha0.25_cap0.003	49	77	46	31	3	0.5974025974025974	0.9387755102040817	0.73015873015873	23.860863446604185	0.9844910243311282	0	candidate-surface abundance policy; fixed calls	1	0.0002945
hmp_airskin_gtdb_source_abundance	25	normalized_depth_alpha0.25_cap0.005	49	77	46	31	3	0.5974025974025974	0.9387755102040817	0.73015873015873	23.860863446604185	0.9844910243311282	0	candidate-surface abundance policy; fixed calls	1	0.0002945
hmp_airskin_gtdb_source_abundance	25	normalized_depth_alpha0.25_cap0.01	49	77	46	31	3	0.5974025974025974	0.9387755102040817	0.73015873015873	23.860863446604185	0.9844910243311282	0	candidate-surface abundance policy; fixed calls	1	0.0002945
hmp_airskin_gtdb_source_abundance	25	normalized_depth_alpha0.25_cap0.02	49	77	46	31	3	0.5974025974025974	0.9387755102040817	0.73015873015873	23.860863446604185	0.9844910243311282	0	candidate-surface abundance policy; fixed calls	1	0.0002945
hmp_airskin_gtdb_source_abundance	25	normalized_depth_alpha0.25_cap0.05	49	77	46	31	3	0.5974025974025974	0.9387755102040817	0.73015873015873	23.860863446604185	0.9844910243311282	0	candidate-surface abundance policy; fixed calls	1	0.0002945
hmp_airskin_gtdb_source_abundance	25	normalized_depth_alpha0.5_cap0.001	49	77	46	31	3	0.5974025974025974	0.9387755102040817	0.73015873015873	23.84490642698594	0.9845045900590753	0	candidate-surface abundance policy; fixed calls	1	0.000589
hmp_airskin_gtdb_source_abundance	25	normalized_depth_alpha0.5_cap0.003	49	77	46	31	3	0.5974025974025974	0.9387755102040817	0.73015873015873	23.84490642698594	0.9845045900590753	0	candidate-surface abundance policy; fixed calls	1	0.000589
hmp_airskin_gtdb_source_abundance	25	normalized_depth_alpha0.5_cap0.005	49	77	46	31	3	0.5974025974025974	0.9387755102040817	0.73015873015873	23.84490642698594	0.9845045900590753	0	candidate-surface abundance policy; fixed calls	1	0.000589
hmp_airskin_gtdb_source_abundance	25	normalized_depth_alpha0.5_cap0.01	49	77	46	31	3	0.5974025974025974	0.9387755102040817	0.73015873015873	23.84490642698594	0.9845045900590753	0	candidate-surface abundance policy; fixed calls	1	0.000589
hmp_airskin_gtdb_source_abundance	25	normalized_depth_alpha0.5_cap0.02	49	77	46	31	3	0.5974025974025974	0.9387755102040817	0.73015873015873	23.84490642698594	0.9845045900590753	0	candidate-surface abundance policy; fixed calls	1	0.000589
hmp_airskin_gtdb_source_abundance	25	normalized_depth_alpha0.5_cap0.05	49	77	46	31	3	0.5974025974025974	0.9387755102040817	0.73015873015873	23.84490642698594	0.9845045900590753	0	candidate-surface abundance policy; fixed calls	1	0.000589
hmp_airskin_gtdb_source_abundance	25	normalized_depth_alpha1_cap0.001	49	77	46	31	3	0.5974025974025974	0.9387755102040817	0.73015873015873	23.822652733335687	0.9845211705653358	0	candidate-surface abundance policy; fixed calls	1	0.001
hmp_airskin_gtdb_source_abundance	25	normalized_depth_alpha1_cap0.003	49	77	46	31	3	0.5974025974025974	0.9387755102040817	0.73015873015873	23.813020550627193	0.9845275008034955	0	candidate-surface abundance policy; fixed calls	1	0.001178
hmp_airskin_gtdb_source_abundance	25	normalized_depth_alpha1_cap0.005	49	77	46	31	3	0.5974025974025974	0.9387755102040817	0.73015873015873	23.813020550627193	0.9845275008034955	0	candidate-surface abundance policy; fixed calls	1	0.001178
hmp_airskin_gtdb_source_abundance	25	normalized_depth_alpha1_cap0.01	49	77	46	31	3	0.5974025974025974	0.9387755102040817	0.73015873015873	23.813020550627193	0.9845275008034955	0	candidate-surface abundance policy; fixed calls	1	0.001178
hmp_airskin_gtdb_source_abundance	25	normalized_depth_alpha1_cap0.02	49	77	46	31	3	0.5974025974025974	0.9387755102040817	0.73015873015873	23.813020550627193	0.9845275008034955	0	candidate-surface abundance policy; fixed calls	1	0.001178
hmp_airskin_gtdb_source_abundance	25	normalized_depth_alpha1_cap0.05	49	77	46	31	3	0.5974025974025974	0.9387755102040817	0.73015873015873	23.813020550627193	0.9845275008034955	0	candidate-surface abundance policy; fixed calls	1	0.001178
hmp_airskin_gtdb_source_abundance	25	normalized_depth_alpha2_cap0.001	49	77	46	31	3	0.5974025974025974	0.9387755102040817	0.73015873015873	23.822652733335687	0.9845211705653358	0	candidate-surface abundance policy; fixed calls	1	0.001
hmp_airskin_gtdb_source_abundance	25	normalized_depth_alpha2_cap0.003	49	77	46	31	3	0.5974025974025974	0.9387755102040817	0.73015873015873	23.82652637144699	0.9845564248854467	0	candidate-surface abundance policy; fixed calls	1	0.002356
hmp_airskin_gtdb_source_abundance	25	normalized_depth_alpha2_cap0.005	49	77	46	31	3	0.5974025974025974	0.9387755102040817	0.73015873015873	23.82652637144699	0.9845564248854467	0	candidate-surface abundance policy; fixed calls	1	0.002356
hmp_airskin_gtdb_source_abundance	25	normalized_depth_alpha2_cap0.01	49	77	46	31	3	0.5974025974025974	0.9387755102040817	0.73015873015873	23.82652637144699	0.9845564248854467	0	candidate-surface abundance policy; fixed calls	1	0.002356
hmp_airskin_gtdb_source_abundance	25	normalized_depth_alpha2_cap0.02	49	77	46	31	3	0.5974025974025974	0.9387755102040817	0.73015873015873	23.82652637144699	0.9845564248854467	0	candidate-surface abundance policy; fixed calls	1	0.002356
hmp_airskin_gtdb_source_abundance	25	normalized_depth_alpha2_cap0.05	49	77	46	31	3	0.5974025974025974	0.9387755102040817	0.73015873015873	23.82652637144699	0.9845564248854467	0	candidate-surface abundance policy; fixed calls	1	0.002356
hmp_airskin_gtdb_source_abundance	25	xny_share_alpha0.05	49	77	46	31	3	0.5974025974025974	0.9387755102040817	0.73015873015873	23.821869868910262	0.9845217041726101	0	candidate-surface abundance policy; fixed calls	1	0.0010144647490752498
hmp_airskin_gtdb_source_abundance	25	xny_share_alpha0.1	49	77	46	31	3	0.5974025974025974	0.9387755102040817	0.73015873015873	23.779058104340915	0.9845506547304581	0	candidate-surface abundance policy; fixed calls	1	0.0020289294981504996
hmp_airskin_gtdb_source_abundance	25	xny_share_alpha0.25	49	77	46	31	3	0.5974025974025974	0.9387755102040817	0.73015873015873	24.219557072786277	0.9845371099013598	0	candidate-surface abundance policy; fixed calls	1	0.005072323745376249
hmp_airskin_gtdb_source_abundance	25	xny_share_alpha0.5	49	77	46	31	3	0.5974025974025974	0.9387755102040817	0.73015873015873	24.961905847223083	0.9841791258265125	0	candidate-surface abundance policy; fixed calls	1	0.010144647490752497
hmp_airskin_gtdb_source_abundance	25	xny_share_alpha1	49	77	46	31	3	0.5974025974025974	0.9387755102040817	0.73015873015873	26.486261557710705	0.9822052041699586	0	candidate-surface abundance policy; fixed calls	1	0.020289294981504995
hmp_airskin_gtdb_source_abundance	25	xny_share_alpha2	49	77	46	31	3	0.5974025974025974	0.9387755102040817	0.73015873015873	29.536362665207903	0.9733089590653236	0	candidate-surface abundance policy; fixed calls	1	0.04057858996300999
hmp_airskin_gtdb_source_abundance	25	xny_share_alpha5	49	77	46	31	3	0.5974025974025974	0.9387755102040817	0.73015873015873	38.44161502581201	0.9124892223334703	0	candidate-surface abundance policy; fixed calls	1	0.10144647490752498
hmp_airskin_gtdb_source_abundance	25	xny_share_alpha10	49	77	46	31	3	0.5974025974025974	0.9387755102040817	0.73015873015873	51.5512508859453	0.7548580739700453	0	candidate-surface abundance policy; fixed calls	1	0.20289294981504996
hmp_airskin_gtdb_source_abundance	25	xny_share_cap0.001	49	77	46	31	3	0.5974025974025974	0.9387755102040817	0.73015873015873	23.822652733335687	0.9845211705653358	0	candidate-surface abundance policy; fixed calls	1	0.001
hmp_airskin_gtdb_source_abundance	25	xny_share_cap0.003	49	77	46	31	3	0.5974025974025974	0.9387755102040817	0.73015873015873	23.919900636111425	0.9845627033702393	0	candidate-surface abundance policy; fixed calls	1	0.003
hmp_airskin_gtdb_source_abundance	25	xny_share_cap0.005	49	77	46	31	3	0.5974025974025974	0.9387755102040817	0.73015873015873	24.209119926096456	0.9845391808017236	0	candidate-surface abundance policy; fixed calls	1	0.005
hmp_airskin_gtdb_source_abundance	25	xny_share_cap0.01	49	77	46	31	3	0.5974025974025974	0.9387755102040817	0.73015873015873	24.940105459150935	0.9841951482866163	0	candidate-surface abundance policy; fixed calls	1	0.01
hmp_airskin_gtdb_source_abundance	25	xny_share_cap0.02	49	77	46	31	3	0.5974025974025974	0.9387755102040817	0.73015873015873	26.442740480516846	0.9822846530371876	0	candidate-surface abundance policy; fixed calls	1	0.02
hmp_airskin_gtdb_source_abundance	25	xny_share_cap0.05	49	77	46	31	3	0.5974025974025974	0.9387755102040817	0.73015873015873	26.486261557710705	0.9822052041699586	0	candidate-surface abundance policy; fixed calls	1	0.020289294981504995
hmp_airskin_gtdb_source_abundance	25	xny_share_alpha0.25_cap0.001	49	77	46	31	3	0.5974025974025974	0.9387755102040817	0.73015873015873	23.822652733335687	0.9845211705653358	0	candidate-surface abundance policy; fixed calls	1	0.001
hmp_airskin_gtdb_source_abundance	25	xny_share_alpha0.25_cap0.003	49	77	46	31	3	0.5974025974025974	0.9387755102040817	0.73015873015873	23.919900636111425	0.9845627033702393	0	candidate-surface abundance policy; fixed calls	1	0.003
hmp_airskin_gtdb_source_abundance	25	xny_share_alpha0.25_cap0.005	49	77	46	31	3	0.5974025974025974	0.9387755102040817	0.73015873015873	24.209119926096456	0.9845391808017236	0	candidate-surface abundance policy; fixed calls	1	0.005
hmp_airskin_gtdb_source_abundance	25	xny_share_alpha0.25_cap0.01	49	77	46	31	3	0.5974025974025974	0.9387755102040817	0.73015873015873	24.219557072786277	0.9845371099013598	0	candidate-surface abundance policy; fixed calls	1	0.005072323745376249
hmp_airskin_gtdb_source_abundance	25	xny_share_alpha0.25_cap0.02	49	77	46	31	3	0.5974025974025974	0.9387755102040817	0.73015873015873	24.219557072786277	0.9845371099013598	0	candidate-surface abundance policy; fixed calls	1	0.005072323745376249
hmp_airskin_gtdb_source_abundance	25	xny_share_alpha0.25_cap0.05	49	77	46	31	3	0.5974025974025974	0.9387755102040817	0.73015873015873	24.219557072786277	0.9845371099013598	0	candidate-surface abundance policy; fixed calls	1	0.005072323745376249
hmp_airskin_gtdb_source_abundance	25	xny_share_alpha0.5_cap0.001	49	77	46	31	3	0.5974025974025974	0.9387755102040817	0.73015873015873	23.822652733335687	0.9845211705653358	0	candidate-surface abundance policy; fixed calls	1	0.001
hmp_airskin_gtdb_source_abundance	25	xny_share_alpha0.5_cap0.003	49	77	46	31	3	0.5974025974025974	0.9387755102040817	0.73015873015873	23.919900636111425	0.9845627033702393	0	candidate-surface abundance policy; fixed calls	1	0.003
hmp_airskin_gtdb_source_abundance	25	xny_share_alpha0.5_cap0.005	49	77	46	31	3	0.5974025974025974	0.9387755102040817	0.73015873015873	24.209119926096456	0.9845391808017236	0	candidate-surface abundance policy; fixed calls	1	0.005
hmp_airskin_gtdb_source_abundance	25	xny_share_alpha0.5_cap0.01	49	77	46	31	3	0.5974025974025974	0.9387755102040817	0.73015873015873	24.940105459150935	0.9841951482866163	0	candidate-surface abundance policy; fixed calls	1	0.01
hmp_airskin_gtdb_source_abundance	25	xny_share_alpha0.5_cap0.02	49	77	46	31	3	0.5974025974025974	0.9387755102040817	0.73015873015873	24.961905847223083	0.9841791258265125	0	candidate-surface abundance policy; fixed calls	1	0.010144647490752497
hmp_airskin_gtdb_source_abundance	25	xny_share_alpha0.5_cap0.05	49	77	46	31	3	0.5974025974025974	0.9387755102040817	0.73015873015873	24.961905847223083	0.9841791258265125	0	candidate-surface abundance policy; fixed calls	1	0.010144647490752497
hmp_airskin_gtdb_source_abundance	25	xny_share_alpha1_cap0.001	49	77	46	31	3	0.5974025974025974	0.9387755102040817	0.73015873015873	23.822652733335687	0.9845211705653358	0	candidate-surface abundance policy; fixed calls	1	0.001
hmp_airskin_gtdb_source_abundance	25	xny_share_alpha1_cap0.003	49	77	46	31	3	0.5974025974025974	0.9387755102040817	0.73015873015873	23.919900636111425	0.9845627033702393	0	candidate-surface abundance policy; fixed calls	1	0.003
hmp_airskin_gtdb_source_abundance	25	xny_share_alpha1_cap0.005	49	77	46	31	3	0.5974025974025974	0.9387755102040817	0.73015873015873	24.209119926096456	0.9845391808017236	0	candidate-surface abundance policy; fixed calls	1	0.005
hmp_airskin_gtdb_source_abundance	25	xny_share_alpha1_cap0.01	49	77	46	31	3	0.5974025974025974	0.9387755102040817	0.73015873015873	24.940105459150935	0.9841951482866163	0	candidate-surface abundance policy; fixed calls	1	0.01
hmp_airskin_gtdb_source_abundance	25	xny_share_alpha1_cap0.02	49	77	46	31	3	0.5974025974025974	0.9387755102040817	0.73015873015873	26.442740480516846	0.9822846530371876	0	candidate-surface abundance policy; fixed calls	1	0.02
hmp_airskin_gtdb_source_abundance	25	xny_share_alpha1_cap0.05	49	77	46	31	3	0.5974025974025974	0.9387755102040817	0.73015873015873	26.486261557710705	0.9822052041699586	0	candidate-surface abundance policy; fixed calls	1	0.020289294981504995
hmp_airskin_gtdb_source_abundance	25	xny_share_alpha2_cap0.001	49	77	46	31	3	0.5974025974025974	0.9387755102040817	0.73015873015873	23.822652733335687	0.9845211705653358	0	candidate-surface abundance policy; fixed calls	1	0.001
hmp_airskin_gtdb_source_abundance	25	xny_share_alpha2_cap0.003	49	77	46	31	3	0.5974025974025974	0.9387755102040817	0.73015873015873	23.919900636111425	0.9845627033702393	0	candidate-surface abundance policy; fixed calls	1	0.003
hmp_airskin_gtdb_source_abundance	25	xny_share_alpha2_cap0.005	49	77	46	31	3	0.5974025974025974	0.9387755102040817	0.73015873015873	24.209119926096456	0.9845391808017236	0	candidate-surface abundance policy; fixed calls	1	0.005
hmp_airskin_gtdb_source_abundance	25	xny_share_alpha2_cap0.01	49	77	46	31	3	0.5974025974025974	0.9387755102040817	0.73015873015873	24.940105459150935	0.9841951482866163	0	candidate-surface abundance policy; fixed calls	1	0.01
hmp_airskin_gtdb_source_abundance	25	xny_share_alpha2_cap0.02	49	77	46	31	3	0.5974025974025974	0.9387755102040817	0.73015873015873	26.442740480516846	0.9822846530371876	0	candidate-surface abundance policy; fixed calls	1	0.02
hmp_airskin_gtdb_source_abundance	25	xny_share_alpha2_cap0.05	49	77	46	31	3	0.5974025974025974	0.9387755102040817	0.73015873015873	29.536362665207903	0.9733089590653236	0	candidate-surface abundance policy; fixed calls	1	0.04057858996300999
hmp_airskin_gtdb_source_abundance	25	depth_share_alpha0.05	49	77	46	31	3	0.5974025974025974	0.9387755102040817	0.73015873015873	23.869224915317666	0.9844833579249805	0	candidate-surface abundance policy; fixed calls	1	0.0001402513857020545
hmp_airskin_gtdb_source_abundance	25	depth_share_alpha0.1	49	77	46	31	3	0.5974025974025974	0.9387755102040817	0.73015873015873	23.86162209833962	0.9844903445591404	0	candidate-surface abundance policy; fixed calls	1	0.000280502771404109
hmp_airskin_gtdb_source_abundance	25	depth_share_alpha0.25	49	77	46	31	3	0.5974025974025974	0.9387755102040817	0.73015873015873	23.838826434106043	0.9845093907442737	0	candidate-surface abundance policy; fixed calls	1	0.0007012569285102725
hmp_airskin_gtdb_source_abundance	25	depth_share_alpha0.5	49	77	46	31	3	0.5974025974025974	0.9387755102040817	0.73015873015873	23.800876228993715	0.9845347517713299	0	candidate-surface abundance policy; fixed calls	1	0.001402513857020545
hmp_airskin_gtdb_source_abundance	25	depth_share_alpha1	49	77	46	31	3	0.5974025974025974	0.9387755102040817	0.73015873015873	23.89164404919965	0.9845615143159171	0	candidate-surface abundance policy; fixed calls	1	0.00280502771404109
hmp_airskin_gtdb_source_abundance	25	depth_share_alpha2	49	77	46	31	3	0.5974025974025974	0.9387755102040817	0.73015873015873	24.2971108507095	0.984519040051381	0	candidate-surface abundance policy; fixed calls	1	0.00561005542808218
hmp_airskin_gtdb_source_abundance	25	depth_share_alpha5	49	77	46	31	3	0.5974025974025974	0.9387755102040817	0.73015873015873	25.544428289870876	0.9836219013482396	0	candidate-surface abundance policy; fixed calls	1	0.01402513857020545
hmp_airskin_gtdb_source_abundance	25	depth_share_alpha10	49	77	46	31	3	0.5974025974025974	0.9387755102040817	0.73015873015873	27.663572822007055	0.9795708730525511	0	candidate-surface abundance policy; fixed calls	1	0.0280502771404109
hmp_airskin_gtdb_source_abundance	25	depth_share_cap0.001	49	77	46	31	3	0.5974025974025974	0.9387755102040817	0.73015873015873	23.822652733335687	0.9845211705653358	0	candidate-surface abundance policy; fixed calls	1	0.001
hmp_airskin_gtdb_source_abundance	25	depth_share_cap0.003	49	77	46	31	3	0.5974025974025974	0.9387755102040817	0.73015873015873	23.89164404919965	0.9845615143159171	0	candidate-surface abundance policy; fixed calls	1	0.00280502771404109
hmp_airskin_gtdb_source_abundance	25	depth_share_cap0.005	49	77	46	31	3	0.5974025974025974	0.9387755102040817	0.73015873015873	23.89164404919965	0.9845615143159171	0	candidate-surface abundance policy; fixed calls	1	0.00280502771404109
hmp_airskin_gtdb_source_abundance	25	depth_share_cap0.01	49	77	46	31	3	0.5974025974025974	0.9387755102040817	0.73015873015873	23.89164404919965	0.9845615143159171	0	candidate-surface abundance policy; fixed calls	1	0.00280502771404109
hmp_airskin_gtdb_source_abundance	25	depth_share_cap0.02	49	77	46	31	3	0.5974025974025974	0.9387755102040817	0.73015873015873	23.89164404919965	0.9845615143159171	0	candidate-surface abundance policy; fixed calls	1	0.00280502771404109
hmp_airskin_gtdb_source_abundance	25	depth_share_cap0.05	49	77	46	31	3	0.5974025974025974	0.9387755102040817	0.73015873015873	23.89164404919965	0.9845615143159171	0	candidate-surface abundance policy; fixed calls	1	0.00280502771404109
hmp_airskin_gtdb_source_abundance	25	depth_share_alpha0.25_cap0.001	49	77	46	31	3	0.5974025974025974	0.9387755102040817	0.73015873015873	23.838826434106043	0.9845093907442737	0	candidate-surface abundance policy; fixed calls	1	0.0007012569285102725
hmp_airskin_gtdb_source_abundance	25	depth_share_alpha0.25_cap0.003	49	77	46	31	3	0.5974025974025974	0.9387755102040817	0.73015873015873	23.838826434106043	0.9845093907442737	0	candidate-surface abundance policy; fixed calls	1	0.0007012569285102725
hmp_airskin_gtdb_source_abundance	25	depth_share_alpha0.25_cap0.005	49	77	46	31	3	0.5974025974025974	0.9387755102040817	0.73015873015873	23.838826434106043	0.9845093907442737	0	candidate-surface abundance policy; fixed calls	1	0.0007012569285102725
hmp_airskin_gtdb_source_abundance	25	depth_share_alpha0.25_cap0.01	49	77	46	31	3	0.5974025974025974	0.9387755102040817	0.73015873015873	23.838826434106043	0.9845093907442737	0	candidate-surface abundance policy; fixed calls	1	0.0007012569285102725
hmp_airskin_gtdb_source_abundance	25	depth_share_alpha0.25_cap0.02	49	77	46	31	3	0.5974025974025974	0.9387755102040817	0.73015873015873	23.838826434106043	0.9845093907442737	0	candidate-surface abundance policy; fixed calls	1	0.0007012569285102725
hmp_airskin_gtdb_source_abundance	25	depth_share_alpha0.25_cap0.05	49	77	46	31	3	0.5974025974025974	0.9387755102040817	0.73015873015873	23.838826434106043	0.9845093907442737	0	candidate-surface abundance policy; fixed calls	1	0.0007012569285102725
hmp_airskin_gtdb_source_abundance	25	depth_share_alpha0.5_cap0.001	49	77	46	31	3	0.5974025974025974	0.9387755102040817	0.73015873015873	23.822652733335687	0.9845211705653358	0	candidate-surface abundance policy; fixed calls	1	0.001
hmp_airskin_gtdb_source_abundance	25	depth_share_alpha0.5_cap0.003	49	77	46	31	3	0.5974025974025974	0.9387755102040817	0.73015873015873	23.800876228993715	0.9845347517713299	0	candidate-surface abundance policy; fixed calls	1	0.001402513857020545
hmp_airskin_gtdb_source_abundance	25	depth_share_alpha0.5_cap0.005	49	77	46	31	3	0.5974025974025974	0.9387755102040817	0.73015873015873	23.800876228993715	0.9845347517713299	0	candidate-surface abundance policy; fixed calls	1	0.001402513857020545
hmp_airskin_gtdb_source_abundance	25	depth_share_alpha0.5_cap0.01	49	77	46	31	3	0.5974025974025974	0.9387755102040817	0.73015873015873	23.800876228993715	0.9845347517713299	0	candidate-surface abundance policy; fixed calls	1	0.001402513857020545
hmp_airskin_gtdb_source_abundance	25	depth_share_alpha0.5_cap0.02	49	77	46	31	3	0.5974025974025974	0.9387755102040817	0.73015873015873	23.800876228993715	0.9845347517713299	0	candidate-surface abundance policy; fixed calls	1	0.001402513857020545
hmp_airskin_gtdb_source_abundance	25	depth_share_alpha0.5_cap0.05	49	77	46	31	3	0.5974025974025974	0.9387755102040817	0.73015873015873	23.800876228993715	0.9845347517713299	0	candidate-surface abundance policy; fixed calls	1	0.001402513857020545
hmp_airskin_gtdb_source_abundance	25	depth_share_alpha1_cap0.001	49	77	46	31	3	0.5974025974025974	0.9387755102040817	0.73015873015873	23.822652733335687	0.9845211705653358	0	candidate-surface abundance policy; fixed calls	1	0.001
hmp_airskin_gtdb_source_abundance	25	depth_share_alpha1_cap0.003	49	77	46	31	3	0.5974025974025974	0.9387755102040817	0.73015873015873	23.89164404919965	0.9845615143159171	0	candidate-surface abundance policy; fixed calls	1	0.00280502771404109
hmp_airskin_gtdb_source_abundance	25	depth_share_alpha1_cap0.005	49	77	46	31	3	0.5974025974025974	0.9387755102040817	0.73015873015873	23.89164404919965	0.9845615143159171	0	candidate-surface abundance policy; fixed calls	1	0.00280502771404109
hmp_airskin_gtdb_source_abundance	25	depth_share_alpha1_cap0.01	49	77	46	31	3	0.5974025974025974	0.9387755102040817	0.73015873015873	23.89164404919965	0.9845615143159171	0	candidate-surface abundance policy; fixed calls	1	0.00280502771404109
hmp_airskin_gtdb_source_abundance	25	depth_share_alpha1_cap0.02	49	77	46	31	3	0.5974025974025974	0.9387755102040817	0.73015873015873	23.89164404919965	0.9845615143159171	0	candidate-surface abundance policy; fixed calls	1	0.00280502771404109
hmp_airskin_gtdb_source_abundance	25	depth_share_alpha1_cap0.05	49	77	46	31	3	0.5974025974025974	0.9387755102040817	0.73015873015873	23.89164404919965	0.9845615143159171	0	candidate-surface abundance policy; fixed calls	1	0.00280502771404109
hmp_airskin_gtdb_source_abundance	25	depth_share_alpha2_cap0.001	49	77	46	31	3	0.5974025974025974	0.9387755102040817	0.73015873015873	23.822652733335687	0.9845211705653358	0	candidate-surface abundance policy; fixed calls	1	0.001
hmp_airskin_gtdb_source_abundance	25	depth_share_alpha2_cap0.003	49	77	46	31	3	0.5974025974025974	0.9387755102040817	0.73015873015873	23.919900636111425	0.9845627033702393	0	candidate-surface abundance policy; fixed calls	1	0.003
hmp_airskin_gtdb_source_abundance	25	depth_share_alpha2_cap0.005	49	77	46	31	3	0.5974025974025974	0.9387755102040817	0.73015873015873	24.209119926096456	0.9845391808017236	0	candidate-surface abundance policy; fixed calls	1	0.005
hmp_airskin_gtdb_source_abundance	25	depth_share_alpha2_cap0.01	49	77	46	31	3	0.5974025974025974	0.9387755102040817	0.73015873015873	24.2971108507095	0.984519040051381	0	candidate-surface abundance policy; fixed calls	1	0.00561005542808218
hmp_airskin_gtdb_source_abundance	25	depth_share_alpha2_cap0.02	49	77	46	31	3	0.5974025974025974	0.9387755102040817	0.73015873015873	24.2971108507095	0.984519040051381	0	candidate-surface abundance policy; fixed calls	1	0.00561005542808218
hmp_airskin_gtdb_source_abundance	25	depth_share_alpha2_cap0.05	49	77	46	31	3	0.5974025974025974	0.9387755102040817	0.73015873015873	24.2971108507095	0.984519040051381	0	candidate-surface abundance policy; fixed calls	1	0.00561005542808218
hmp_airskin_gtdb_source_abundance	28	zero_mass	12	15	12	3	0	0.8	1.0	0.888888888888889	18.35263353310751	0.9890339281762489	0	candidate-surface abundance policy; fixed calls	0	0.0
hmp_airskin_gtdb_source_abundance	28	normalized_depth_alpha0.05	12	15	12	3	0	0.8	1.0	0.888888888888889	18.35263353310751	0.9890339281762489	0	candidate-surface abundance policy; fixed calls	0	0.0
hmp_airskin_gtdb_source_abundance	28	normalized_depth_alpha0.1	12	15	12	3	0	0.8	1.0	0.888888888888889	18.35263353310751	0.9890339281762489	0	candidate-surface abundance policy; fixed calls	0	0.0
hmp_airskin_gtdb_source_abundance	28	normalized_depth_alpha0.25	12	15	12	3	0	0.8	1.0	0.888888888888889	18.35263353310751	0.9890339281762489	0	candidate-surface abundance policy; fixed calls	0	0.0
hmp_airskin_gtdb_source_abundance	28	normalized_depth_alpha0.5	12	15	12	3	0	0.8	1.0	0.888888888888889	18.35263353310751	0.9890339281762489	0	candidate-surface abundance policy; fixed calls	0	0.0
hmp_airskin_gtdb_source_abundance	28	normalized_depth_alpha1	12	15	12	3	0	0.8	1.0	0.888888888888889	18.35263353310751	0.9890339281762489	0	candidate-surface abundance policy; fixed calls	0	0.0
hmp_airskin_gtdb_source_abundance	28	normalized_depth_alpha2	12	15	12	3	0	0.8	1.0	0.888888888888889	18.35263353310751	0.9890339281762489	0	candidate-surface abundance policy; fixed calls	0	0.0
hmp_airskin_gtdb_source_abundance	28	normalized_depth_alpha5	12	15	12	3	0	0.8	1.0	0.888888888888889	18.35263353310751	0.9890339281762489	0	candidate-surface abundance policy; fixed calls	0	0.0
hmp_airskin_gtdb_source_abundance	28	normalized_depth_alpha10	12	15	12	3	0	0.8	1.0	0.888888888888889	18.35263353310751	0.9890339281762489	0	candidate-surface abundance policy; fixed calls	0	0.0
hmp_airskin_gtdb_source_abundance	28	normalized_depth_cap0.001	12	15	12	3	0	0.8	1.0	0.888888888888889	18.35263353310751	0.9890339281762489	0	candidate-surface abundance policy; fixed calls	0	0.0
hmp_airskin_gtdb_source_abundance	28	normalized_depth_cap0.003	12	15	12	3	0	0.8	1.0	0.888888888888889	18.35263353310751	0.9890339281762489	0	candidate-surface abundance policy; fixed calls	0	0.0
hmp_airskin_gtdb_source_abundance	28	normalized_depth_cap0.005	12	15	12	3	0	0.8	1.0	0.888888888888889	18.35263353310751	0.9890339281762489	0	candidate-surface abundance policy; fixed calls	0	0.0
hmp_airskin_gtdb_source_abundance	28	normalized_depth_cap0.01	12	15	12	3	0	0.8	1.0	0.888888888888889	18.35263353310751	0.9890339281762489	0	candidate-surface abundance policy; fixed calls	0	0.0
hmp_airskin_gtdb_source_abundance	28	normalized_depth_cap0.02	12	15	12	3	0	0.8	1.0	0.888888888888889	18.35263353310751	0.9890339281762489	0	candidate-surface abundance policy; fixed calls	0	0.0
hmp_airskin_gtdb_source_abundance	28	normalized_depth_cap0.05	12	15	12	3	0	0.8	1.0	0.888888888888889	18.35263353310751	0.9890339281762489	0	candidate-surface abundance policy; fixed calls	0	0.0
hmp_airskin_gtdb_source_abundance	28	normalized_depth_alpha0.25_cap0.001	12	15	12	3	0	0.8	1.0	0.888888888888889	18.35263353310751	0.9890339281762489	0	candidate-surface abundance policy; fixed calls	0	0.0
hmp_airskin_gtdb_source_abundance	28	normalized_depth_alpha0.25_cap0.003	12	15	12	3	0	0.8	1.0	0.888888888888889	18.35263353310751	0.9890339281762489	0	candidate-surface abundance policy; fixed calls	0	0.0
hmp_airskin_gtdb_source_abundance	28	normalized_depth_alpha0.25_cap0.005	12	15	12	3	0	0.8	1.0	0.888888888888889	18.35263353310751	0.9890339281762489	0	candidate-surface abundance policy; fixed calls	0	0.0
hmp_airskin_gtdb_source_abundance	28	normalized_depth_alpha0.25_cap0.01	12	15	12	3	0	0.8	1.0	0.888888888888889	18.35263353310751	0.9890339281762489	0	candidate-surface abundance policy; fixed calls	0	0.0
hmp_airskin_gtdb_source_abundance	28	normalized_depth_alpha0.25_cap0.02	12	15	12	3	0	0.8	1.0	0.888888888888889	18.35263353310751	0.9890339281762489	0	candidate-surface abundance policy; fixed calls	0	0.0
hmp_airskin_gtdb_source_abundance	28	normalized_depth_alpha0.25_cap0.05	12	15	12	3	0	0.8	1.0	0.888888888888889	18.35263353310751	0.9890339281762489	0	candidate-surface abundance policy; fixed calls	0	0.0
hmp_airskin_gtdb_source_abundance	28	normalized_depth_alpha0.5_cap0.001	12	15	12	3	0	0.8	1.0	0.888888888888889	18.35263353310751	0.9890339281762489	0	candidate-surface abundance policy; fixed calls	0	0.0
hmp_airskin_gtdb_source_abundance	28	normalized_depth_alpha0.5_cap0.003	12	15	12	3	0	0.8	1.0	0.888888888888889	18.35263353310751	0.9890339281762489	0	candidate-surface abundance policy; fixed calls	0	0.0
hmp_airskin_gtdb_source_abundance	28	normalized_depth_alpha0.5_cap0.005	12	15	12	3	0	0.8	1.0	0.888888888888889	18.35263353310751	0.9890339281762489	0	candidate-surface abundance policy; fixed calls	0	0.0
hmp_airskin_gtdb_source_abundance	28	normalized_depth_alpha0.5_cap0.01	12	15	12	3	0	0.8	1.0	0.888888888888889	18.35263353310751	0.9890339281762489	0	candidate-surface abundance policy; fixed calls	0	0.0
hmp_airskin_gtdb_source_abundance	28	normalized_depth_alpha0.5_cap0.02	12	15	12	3	0	0.8	1.0	0.888888888888889	18.35263353310751	0.9890339281762489	0	candidate-surface abundance policy; fixed calls	0	0.0
hmp_airskin_gtdb_source_abundance	28	normalized_depth_alpha0.5_cap0.05	12	15	12	3	0	0.8	1.0	0.888888888888889	18.35263353310751	0.9890339281762489	0	candidate-surface abundance policy; fixed calls	0	0.0
hmp_airskin_gtdb_source_abundance	28	normalized_depth_alpha1_cap0.001	12	15	12	3	0	0.8	1.0	0.888888888888889	18.35263353310751	0.9890339281762489	0	candidate-surface abundance policy; fixed calls	0	0.0
hmp_airskin_gtdb_source_abundance	28	normalized_depth_alpha1_cap0.003	12	15	12	3	0	0.8	1.0	0.888888888888889	18.35263353310751	0.9890339281762489	0	candidate-surface abundance policy; fixed calls	0	0.0
hmp_airskin_gtdb_source_abundance	28	normalized_depth_alpha1_cap0.005	12	15	12	3	0	0.8	1.0	0.888888888888889	18.35263353310751	0.9890339281762489	0	candidate-surface abundance policy; fixed calls	0	0.0
hmp_airskin_gtdb_source_abundance	28	normalized_depth_alpha1_cap0.01	12	15	12	3	0	0.8	1.0	0.888888888888889	18.35263353310751	0.9890339281762489	0	candidate-surface abundance policy; fixed calls	0	0.0
hmp_airskin_gtdb_source_abundance	28	normalized_depth_alpha1_cap0.02	12	15	12	3	0	0.8	1.0	0.888888888888889	18.35263353310751	0.9890339281762489	0	candidate-surface abundance policy; fixed calls	0	0.0
hmp_airskin_gtdb_source_abundance	28	normalized_depth_alpha1_cap0.05	12	15	12	3	0	0.8	1.0	0.888888888888889	18.35263353310751	0.9890339281762489	0	candidate-surface abundance policy; fixed calls	0	0.0
hmp_airskin_gtdb_source_abundance	28	normalized_depth_alpha2_cap0.001	12	15	12	3	0	0.8	1.0	0.888888888888889	18.35263353310751	0.9890339281762489	0	candidate-surface abundance policy; fixed calls	0	0.0
hmp_airskin_gtdb_source_abundance	28	normalized_depth_alpha2_cap0.003	12	15	12	3	0	0.8	1.0	0.888888888888889	18.35263353310751	0.9890339281762489	0	candidate-surface abundance policy; fixed calls	0	0.0
hmp_airskin_gtdb_source_abundance	28	normalized_depth_alpha2_cap0.005	12	15	12	3	0	0.8	1.0	0.888888888888889	18.35263353310751	0.9890339281762489	0	candidate-surface abundance policy; fixed calls	0	0.0
hmp_airskin_gtdb_source_abundance	28	normalized_depth_alpha2_cap0.01	12	15	12	3	0	0.8	1.0	0.888888888888889	18.35263353310751	0.9890339281762489	0	candidate-surface abundance policy; fixed calls	0	0.0
hmp_airskin_gtdb_source_abundance	28	normalized_depth_alpha2_cap0.02	12	15	12	3	0	0.8	1.0	0.888888888888889	18.35263353310751	0.9890339281762489	0	candidate-surface abundance policy; fixed calls	0	0.0
hmp_airskin_gtdb_source_abundance	28	normalized_depth_alpha2_cap0.05	12	15	12	3	0	0.8	1.0	0.888888888888889	18.35263353310751	0.9890339281762489	0	candidate-surface abundance policy; fixed calls	0	0.0
hmp_airskin_gtdb_source_abundance	28	xny_share_alpha0.05	12	15	12	3	0	0.8	1.0	0.888888888888889	18.35263353310751	0.9890339281762489	0	candidate-surface abundance policy; fixed calls	0	0.0
hmp_airskin_gtdb_source_abundance	28	xny_share_alpha0.1	12	15	12	3	0	0.8	1.0	0.888888888888889	18.35263353310751	0.9890339281762489	0	candidate-surface abundance policy; fixed calls	0	0.0
hmp_airskin_gtdb_source_abundance	28	xny_share_alpha0.25	12	15	12	3	0	0.8	1.0	0.888888888888889	18.35263353310751	0.9890339281762489	0	candidate-surface abundance policy; fixed calls	0	0.0
hmp_airskin_gtdb_source_abundance	28	xny_share_alpha0.5	12	15	12	3	0	0.8	1.0	0.888888888888889	18.35263353310751	0.9890339281762489	0	candidate-surface abundance policy; fixed calls	0	0.0
hmp_airskin_gtdb_source_abundance	28	xny_share_alpha1	12	15	12	3	0	0.8	1.0	0.888888888888889	18.35263353310751	0.9890339281762489	0	candidate-surface abundance policy; fixed calls	0	0.0
hmp_airskin_gtdb_source_abundance	28	xny_share_alpha2	12	15	12	3	0	0.8	1.0	0.888888888888889	18.35263353310751	0.9890339281762489	0	candidate-surface abundance policy; fixed calls	0	0.0
hmp_airskin_gtdb_source_abundance	28	xny_share_alpha5	12	15	12	3	0	0.8	1.0	0.888888888888889	18.35263353310751	0.9890339281762489	0	candidate-surface abundance policy; fixed calls	0	0.0
hmp_airskin_gtdb_source_abundance	28	xny_share_alpha10	12	15	12	3	0	0.8	1.0	0.888888888888889	18.35263353310751	0.9890339281762489	0	candidate-surface abundance policy; fixed calls	0	0.0
hmp_airskin_gtdb_source_abundance	28	xny_share_cap0.001	12	15	12	3	0	0.8	1.0	0.888888888888889	18.35263353310751	0.9890339281762489	0	candidate-surface abundance policy; fixed calls	0	0.0
hmp_airskin_gtdb_source_abundance	28	xny_share_cap0.003	12	15	12	3	0	0.8	1.0	0.888888888888889	18.35263353310751	0.9890339281762489	0	candidate-surface abundance policy; fixed calls	0	0.0
hmp_airskin_gtdb_source_abundance	28	xny_share_cap0.005	12	15	12	3	0	0.8	1.0	0.888888888888889	18.35263353310751	0.9890339281762489	0	candidate-surface abundance policy; fixed calls	0	0.0
hmp_airskin_gtdb_source_abundance	28	xny_share_cap0.01	12	15	12	3	0	0.8	1.0	0.888888888888889	18.35263353310751	0.9890339281762489	0	candidate-surface abundance policy; fixed calls	0	0.0
hmp_airskin_gtdb_source_abundance	28	xny_share_cap0.02	12	15	12	3	0	0.8	1.0	0.888888888888889	18.35263353310751	0.9890339281762489	0	candidate-surface abundance policy; fixed calls	0	0.0
hmp_airskin_gtdb_source_abundance	28	xny_share_cap0.05	12	15	12	3	0	0.8	1.0	0.888888888888889	18.35263353310751	0.9890339281762489	0	candidate-surface abundance policy; fixed calls	0	0.0
hmp_airskin_gtdb_source_abundance	28	xny_share_alpha0.25_cap0.001	12	15	12	3	0	0.8	1.0	0.888888888888889	18.35263353310751	0.9890339281762489	0	candidate-surface abundance policy; fixed calls	0	0.0
hmp_airskin_gtdb_source_abundance	28	xny_share_alpha0.25_cap0.003	12	15	12	3	0	0.8	1.0	0.888888888888889	18.35263353310751	0.9890339281762489	0	candidate-surface abundance policy; fixed calls	0	0.0
hmp_airskin_gtdb_source_abundance	28	xny_share_alpha0.25_cap0.005	12	15	12	3	0	0.8	1.0	0.888888888888889	18.35263353310751	0.9890339281762489	0	candidate-surface abundance policy; fixed calls	0	0.0
hmp_airskin_gtdb_source_abundance	28	xny_share_alpha0.25_cap0.01	12	15	12	3	0	0.8	1.0	0.888888888888889	18.35263353310751	0.9890339281762489	0	candidate-surface abundance policy; fixed calls	0	0.0
hmp_airskin_gtdb_source_abundance	28	xny_share_alpha0.25_cap0.02	12	15	12	3	0	0.8	1.0	0.888888888888889	18.35263353310751	0.9890339281762489	0	candidate-surface abundance policy; fixed calls	0	0.0
hmp_airskin_gtdb_source_abundance	28	xny_share_alpha0.25_cap0.05	12	15	12	3	0	0.8	1.0	0.888888888888889	18.35263353310751	0.9890339281762489	0	candidate-surface abundance policy; fixed calls	0	0.0
hmp_airskin_gtdb_source_abundance	28	xny_share_alpha0.5_cap0.001	12	15	12	3	0	0.8	1.0	0.888888888888889	18.35263353310751	0.9890339281762489	0	candidate-surface abundance policy; fixed calls	0	0.0
hmp_airskin_gtdb_source_abundance	28	xny_share_alpha0.5_cap0.003	12	15	12	3	0	0.8	1.0	0.888888888888889	18.35263353310751	0.9890339281762489	0	candidate-surface abundance policy; fixed calls	0	0.0
hmp_airskin_gtdb_source_abundance	28	xny_share_alpha0.5_cap0.005	12	15	12	3	0	0.8	1.0	0.888888888888889	18.35263353310751	0.9890339281762489	0	candidate-surface abundance policy; fixed calls	0	0.0
hmp_airskin_gtdb_source_abundance	28	xny_share_alpha0.5_cap0.01	12	15	12	3	0	0.8	1.0	0.888888888888889	18.35263353310751	0.9890339281762489	0	candidate-surface abundance policy; fixed calls	0	0.0
hmp_airskin_gtdb_source_abundance	28	xny_share_alpha0.5_cap0.02	12	15	12	3	0	0.8	1.0	0.888888888888889	18.35263353310751	0.9890339281762489	0	candidate-surface abundance policy; fixed calls	0	0.0
hmp_airskin_gtdb_source_abundance	28	xny_share_alpha0.5_cap0.05	12	15	12	3	0	0.8	1.0	0.888888888888889	18.35263353310751	0.9890339281762489	0	candidate-surface abundance policy; fixed calls	0	0.0
hmp_airskin_gtdb_source_abundance	28	xny_share_alpha1_cap0.001	12	15	12	3	0	0.8	1.0	0.888888888888889	18.35263353310751	0.9890339281762489	0	candidate-surface abundance policy; fixed calls	0	0.0
hmp_airskin_gtdb_source_abundance	28	xny_share_alpha1_cap0.003	12	15	12	3	0	0.8	1.0	0.888888888888889	18.35263353310751	0.9890339281762489	0	candidate-surface abundance policy; fixed calls	0	0.0
hmp_airskin_gtdb_source_abundance	28	xny_share_alpha1_cap0.005	12	15	12	3	0	0.8	1.0	0.888888888888889	18.35263353310751	0.9890339281762489	0	candidate-surface abundance policy; fixed calls	0	0.0
hmp_airskin_gtdb_source_abundance	28	xny_share_alpha1_cap0.01	12	15	12	3	0	0.8	1.0	0.888888888888889	18.35263353310751	0.9890339281762489	0	candidate-surface abundance policy; fixed calls	0	0.0
hmp_airskin_gtdb_source_abundance	28	xny_share_alpha1_cap0.02	12	15	12	3	0	0.8	1.0	0.888888888888889	18.35263353310751	0.9890339281762489	0	candidate-surface abundance policy; fixed calls	0	0.0
hmp_airskin_gtdb_source_abundance	28	xny_share_alpha1_cap0.05	12	15	12	3	0	0.8	1.0	0.888888888888889	18.35263353310751	0.9890339281762489	0	candidate-surface abundance policy; fixed calls	0	0.0
hmp_airskin_gtdb_source_abundance	28	xny_share_alpha2_cap0.001	12	15	12	3	0	0.8	1.0	0.888888888888889	18.35263353310751	0.9890339281762489	0	candidate-surface abundance policy; fixed calls	0	0.0
hmp_airskin_gtdb_source_abundance	28	xny_share_alpha2_cap0.003	12	15	12	3	0	0.8	1.0	0.888888888888889	18.35263353310751	0.9890339281762489	0	candidate-surface abundance policy; fixed calls	0	0.0
hmp_airskin_gtdb_source_abundance	28	xny_share_alpha2_cap0.005	12	15	12	3	0	0.8	1.0	0.888888888888889	18.35263353310751	0.9890339281762489	0	candidate-surface abundance policy; fixed calls	0	0.0
hmp_airskin_gtdb_source_abundance	28	xny_share_alpha2_cap0.01	12	15	12	3	0	0.8	1.0	0.888888888888889	18.35263353310751	0.9890339281762489	0	candidate-surface abundance policy; fixed calls	0	0.0
hmp_airskin_gtdb_source_abundance	28	xny_share_alpha2_cap0.02	12	15	12	3	0	0.8	1.0	0.888888888888889	18.35263353310751	0.9890339281762489	0	candidate-surface abundance policy; fixed calls	0	0.0
hmp_airskin_gtdb_source_abundance	28	xny_share_alpha2_cap0.05	12	15	12	3	0	0.8	1.0	0.888888888888889	18.35263353310751	0.9890339281762489	0	candidate-surface abundance policy; fixed calls	0	0.0
hmp_airskin_gtdb_source_abundance	28	depth_share_alpha0.05	12	15	12	3	0	0.8	1.0	0.888888888888889	18.35263353310751	0.9890339281762489	0	candidate-surface abundance policy; fixed calls	0	0.0
hmp_airskin_gtdb_source_abundance	28	depth_share_alpha0.1	12	15	12	3	0	0.8	1.0	0.888888888888889	18.35263353310751	0.9890339281762489	0	candidate-surface abundance policy; fixed calls	0	0.0
hmp_airskin_gtdb_source_abundance	28	depth_share_alpha0.25	12	15	12	3	0	0.8	1.0	0.888888888888889	18.35263353310751	0.9890339281762489	0	candidate-surface abundance policy; fixed calls	0	0.0
hmp_airskin_gtdb_source_abundance	28	depth_share_alpha0.5	12	15	12	3	0	0.8	1.0	0.888888888888889	18.35263353310751	0.9890339281762489	0	candidate-surface abundance policy; fixed calls	0	0.0
hmp_airskin_gtdb_source_abundance	28	depth_share_alpha1	12	15	12	3	0	0.8	1.0	0.888888888888889	18.35263353310751	0.9890339281762489	0	candidate-surface abundance policy; fixed calls	0	0.0
hmp_airskin_gtdb_source_abundance	28	depth_share_alpha2	12	15	12	3	0	0.8	1.0	0.888888888888889	18.35263353310751	0.9890339281762489	0	candidate-surface abundance policy; fixed calls	0	0.0
hmp_airskin_gtdb_source_abundance	28	depth_share_alpha5	12	15	12	3	0	0.8	1.0	0.888888888888889	18.35263353310751	0.9890339281762489	0	candidate-surface abundance policy; fixed calls	0	0.0
hmp_airskin_gtdb_source_abundance	28	depth_share_alpha10	12	15	12	3	0	0.8	1.0	0.888888888888889	18.35263353310751	0.9890339281762489	0	candidate-surface abundance policy; fixed calls	0	0.0
hmp_airskin_gtdb_source_abundance	28	depth_share_cap0.001	12	15	12	3	0	0.8	1.0	0.888888888888889	18.35263353310751	0.9890339281762489	0	candidate-surface abundance policy; fixed calls	0	0.0
hmp_airskin_gtdb_source_abundance	28	depth_share_cap0.003	12	15	12	3	0	0.8	1.0	0.888888888888889	18.35263353310751	0.9890339281762489	0	candidate-surface abundance policy; fixed calls	0	0.0
hmp_airskin_gtdb_source_abundance	28	depth_share_cap0.005	12	15	12	3	0	0.8	1.0	0.888888888888889	18.35263353310751	0.9890339281762489	0	candidate-surface abundance policy; fixed calls	0	0.0
hmp_airskin_gtdb_source_abundance	28	depth_share_cap0.01	12	15	12	3	0	0.8	1.0	0.888888888888889	18.35263353310751	0.9890339281762489	0	candidate-surface abundance policy; fixed calls	0	0.0
hmp_airskin_gtdb_source_abundance	28	depth_share_cap0.02	12	15	12	3	0	0.8	1.0	0.888888888888889	18.35263353310751	0.9890339281762489	0	candidate-surface abundance policy; fixed calls	0	0.0
hmp_airskin_gtdb_source_abundance	28	depth_share_cap0.05	12	15	12	3	0	0.8	1.0	0.888888888888889	18.35263353310751	0.9890339281762489	0	candidate-surface abundance policy; fixed calls	0	0.0
hmp_airskin_gtdb_source_abundance	28	depth_share_alpha0.25_cap0.001	12	15	12	3	0	0.8	1.0	0.888888888888889	18.35263353310751	0.9890339281762489	0	candidate-surface abundance policy; fixed calls	0	0.0
hmp_airskin_gtdb_source_abundance	28	depth_share_alpha0.25_cap0.003	12	15	12	3	0	0.8	1.0	0.888888888888889	18.35263353310751	0.9890339281762489	0	candidate-surface abundance policy; fixed calls	0	0.0
hmp_airskin_gtdb_source_abundance	28	depth_share_alpha0.25_cap0.005	12	15	12	3	0	0.8	1.0	0.888888888888889	18.35263353310751	0.9890339281762489	0	candidate-surface abundance policy; fixed calls	0	0.0
hmp_airskin_gtdb_source_abundance	28	depth_share_alpha0.25_cap0.01	12	15	12	3	0	0.8	1.0	0.888888888888889	18.35263353310751	0.9890339281762489	0	candidate-surface abundance policy; fixed calls	0	0.0
hmp_airskin_gtdb_source_abundance	28	depth_share_alpha0.25_cap0.02	12	15	12	3	0	0.8	1.0	0.888888888888889	18.35263353310751	0.9890339281762489	0	candidate-surface abundance policy; fixed calls	0	0.0
hmp_airskin_gtdb_source_abundance	28	depth_share_alpha0.25_cap0.05	12	15	12	3	0	0.8	1.0	0.888888888888889	18.35263353310751	0.9890339281762489	0	candidate-surface abundance policy; fixed calls	0	0.0
hmp_airskin_gtdb_source_abundance	28	depth_share_alpha0.5_cap0.001	12	15	12	3	0	0.8	1.0	0.888888888888889	18.35263353310751	0.9890339281762489	0	candidate-surface abundance policy; fixed calls	0	0.0
hmp_airskin_gtdb_source_abundance	28	depth_share_alpha0.5_cap0.003	12	15	12	3	0	0.8	1.0	0.888888888888889	18.35263353310751	0.9890339281762489	0	candidate-surface abundance policy; fixed calls	0	0.0
hmp_airskin_gtdb_source_abundance	28	depth_share_alpha0.5_cap0.005	12	15	12	3	0	0.8	1.0	0.888888888888889	18.35263353310751	0.9890339281762489	0	candidate-surface abundance policy; fixed calls	0	0.0
hmp_airskin_gtdb_source_abundance	28	depth_share_alpha0.5_cap0.01	12	15	12	3	0	0.8	1.0	0.888888888888889	18.35263353310751	0.9890339281762489	0	candidate-surface abundance policy; fixed calls	0	0.0
hmp_airskin_gtdb_source_abundance	28	depth_share_alpha0.5_cap0.02	12	15	12	3	0	0.8	1.0	0.888888888888889	18.35263353310751	0.9890339281762489	0	candidate-surface abundance policy; fixed calls	0	0.0
hmp_airskin_gtdb_source_abundance	28	depth_share_alpha0.5_cap0.05	12	15	12	3	0	0.8	1.0	0.888888888888889	18.35263353310751	0.9890339281762489	0	candidate-surface abundance policy; fixed calls	0	0.0
hmp_airskin_gtdb_source_abundance	28	depth_share_alpha1_cap0.001	12	15	12	3	0	0.8	1.0	0.888888888888889	18.35263353310751	0.9890339281762489	0	candidate-surface abundance policy; fixed calls	0	0.0
hmp_airskin_gtdb_source_abundance	28	depth_share_alpha1_cap0.003	12	15	12	3	0	0.8	1.0	0.888888888888889	18.35263353310751	0.9890339281762489	0	candidate-surface abundance policy; fixed calls	0	0.0
hmp_airskin_gtdb_source_abundance	28	depth_share_alpha1_cap0.005	12	15	12	3	0	0.8	1.0	0.888888888888889	18.35263353310751	0.9890339281762489	0	candidate-surface abundance policy; fixed calls	0	0.0
hmp_airskin_gtdb_source_abundance	28	depth_share_alpha1_cap0.01	12	15	12	3	0	0.8	1.0	0.888888888888889	18.35263353310751	0.9890339281762489	0	candidate-surface abundance policy; fixed calls	0	0.0
hmp_airskin_gtdb_source_abundance	28	depth_share_alpha1_cap0.02	12	15	12	3	0	0.8	1.0	0.888888888888889	18.35263353310751	0.9890339281762489	0	candidate-surface abundance policy; fixed calls	0	0.0
hmp_airskin_gtdb_source_abundance	28	depth_share_alpha1_cap0.05	12	15	12	3	0	0.8	1.0	0.888888888888889	18.35263353310751	0.9890339281762489	0	candidate-surface abundance policy; fixed calls	0	0.0
hmp_airskin_gtdb_source_abundance	28	depth_share_alpha2_cap0.001	12	15	12	3	0	0.8	1.0	0.888888888888889	18.35263353310751	0.9890339281762489	0	candidate-surface abundance policy; fixed calls	0	0.0
hmp_airskin_gtdb_source_abundance	28	depth_share_alpha2_cap0.003	12	15	12	3	0	0.8	1.0	0.888888888888889	18.35263353310751	0.9890339281762489	0	candidate-surface abundance policy; fixed calls	0	0.0
hmp_airskin_gtdb_source_abundance	28	depth_share_alpha2_cap0.005	12	15	12	3	0	0.8	1.0	0.888888888888889	18.35263353310751	0.9890339281762489	0	candidate-surface abundance policy; fixed calls	0	0.0
hmp_airskin_gtdb_source_abundance	28	depth_share_alpha2_cap0.01	12	15	12	3	0	0.8	1.0	0.888888888888889	18.35263353310751	0.9890339281762489	0	candidate-surface abundance policy; fixed calls	0	0.0
hmp_airskin_gtdb_source_abundance	28	depth_share_alpha2_cap0.02	12	15	12	3	0	0.8	1.0	0.888888888888889	18.35263353310751	0.9890339281762489	0	candidate-surface abundance policy; fixed calls	0	0.0
hmp_airskin_gtdb_source_abundance	28	depth_share_alpha2_cap0.05	12	15	12	3	0	0.8	1.0	0.888888888888889	18.35263353310751	0.9890339281762489	0	candidate-surface abundance policy; fixed calls	0	0.0
hmp_gastrooral_gtdb_source_abundance	0	zero_mass	34	35	33	2	1	0.9428571428571428	0.9705882352941176	0.9565217391304348	19.90092210252929	0.9549294426840412	0	candidate-surface abundance policy; fixed calls	1	0.0
hmp_gastrooral_gtdb_source_abundance	0	normalized_depth_alpha0.05	34	35	33	2	1	0.9428571428571428	0.9705882352941176	0.9565217391304348	19.69443889261192	0.9559665301040364	0	candidate-surface abundance policy; fixed calls	1	0.0015806500000000003
hmp_gastrooral_gtdb_source_abundance	0	normalized_depth_alpha0.1	34	35	33	2	1	0.9428571428571428	0.9705882352941176	0.9565217391304348	19.48999582836584	0.9569859504815051	0	candidate-surface abundance policy; fixed calls	1	0.0031613000000000006
hmp_gastrooral_gtdb_source_abundance	0	normalized_depth_alpha0.25	34	35	33	2	1	0.9428571428571428	0.9705882352941176	0.9565217391304348	18.880514063596532	0.9599372903036956	0	candidate-surface abundance policy; fixed calls	1	0.00790325
hmp_gastrooral_gtdb_source_abundance	0	normalized_depth_alpha0.5	34	35	33	2	1	0.9428571428571428	0.9705882352941176	0.9565217391304348	17.877356278013867	0.9644947143870459	0	candidate-surface abundance policy; fixed calls	1	0.0158065
hmp_gastrooral_gtdb_source_abundance	0	normalized_depth_alpha1	34	35	33	2	1	0.9428571428571428	0.9705882352941176	0.9565217391304348	16.146065662686887	0.9722225634565389	0	candidate-surface abundance policy; fixed calls	1	0.031613
hmp_gastrooral_gtdb_source_abundance	0	normalized_depth_alpha2	34	35	33	2	1	0.9428571428571428	0.9705882352941176	0.9565217391304348	14.879895462236348	0.9819928784641779	0	candidate-surface abundance policy; fixed calls	1	0.063226
hmp_gastrooral_gtdb_source_abundance	0	normalized_depth_alpha5	34	35	33	2	1	0.9428571428571428	0.9705882352941176	0.9565217391304348	23.078977165568983	0.9683414325387844	0	candidate-surface abundance policy; fixed calls	1	0.158065
hmp_gastrooral_gtdb_source_abundance	0	normalized_depth_alpha10	34	35	33	2	1	0.9428571428571428	0.9705882352941176	0.9565217391304348	41.715185285022876	0.8591298480913523	0	candidate-surface abundance policy; fixed calls	1	0.31613
hmp_gastrooral_gtdb_source_abundance	0	normalized_depth_cap0.001	34	35	33	2	1	0.9428571428571428	0.9705882352941176	0.9565217391304348	19.770062638343035	0.9555876051147127	0	candidate-surface abundance policy; fixed calls	1	0.001
hmp_gastrooral_gtdb_source_abundance	0	normalized_depth_cap0.003	34	35	33	2	1	0.9428571428571428	0.9705882352941176	0.9565217391304348	19.510829030420666	0.9568827342432848	0	candidate-surface abundance policy; fixed calls	1	0.003
hmp_gastrooral_gtdb_source_abundance	0	normalized_depth_cap0.005	34	35	33	2	1	0.9428571428571428	0.9705882352941176	0.9565217391304348	19.252985426907333	0.9581494444238433	0	candidate-surface abundance policy; fixed calls	1	0.005
hmp_gastrooral_gtdb_source_abundance	0	normalized_depth_cap0.01	34	35	33	2	1	0.9428571428571428	0.9705882352941176	0.9565217391304348	18.612844005313598	0.9611907042171642	0	candidate-surface abundance policy; fixed calls	1	0.01
hmp_gastrooral_gtdb_source_abundance	0	normalized_depth_cap0.02	34	35	33	2	1	0.9428571428571428	0.9705882352941176	0.9565217391304348	17.3787623065358	0.9667266940208715	0	candidate-surface abundance policy; fixed calls	1	0.02
hmp_gastrooral_gtdb_source_abundance	0	normalized_depth_cap0.05	34	35	33	2	1	0.9428571428571428	0.9705882352941176	0.9565217391304348	16.146065662686887	0.9722225634565389	0	candidate-surface abundance policy; fixed calls	1	0.031613
hmp_gastrooral_gtdb_source_abundance	0	normalized_depth_alpha0.25_cap0.001	34	35	33	2	1	0.9428571428571428	0.9705882352941176	0.9565217391304348	19.770062638343035	0.9555876051147127	0	candidate-surface abundance policy; fixed calls	1	0.001
hmp_gastrooral_gtdb_source_abundance	0	normalized_depth_alpha0.25_cap0.003	34	35	33	2	1	0.9428571428571428	0.9705882352941176	0.9565217391304348	19.510829030420666	0.9568827342432848	0	candidate-surface abundance policy; fixed calls	1	0.003
hmp_gastrooral_gtdb_source_abundance	0	normalized_depth_alpha0.25_cap0.005	34	35	33	2	1	0.9428571428571428	0.9705882352941176	0.9565217391304348	19.252985426907333	0.9581494444238433	0	candidate-surface abundance policy; fixed calls	1	0.005
hmp_gastrooral_gtdb_source_abundance	0	normalized_depth_alpha0.25_cap0.01	34	35	33	2	1	0.9428571428571428	0.9705882352941176	0.9565217391304348	18.880514063596532	0.9599372903036956	0	candidate-surface abundance policy; fixed calls	1	0.00790325
hmp_gastrooral_gtdb_source_abundance	0	normalized_depth_alpha0.25_cap0.02	34	35	33	2	1	0.9428571428571428	0.9705882352941176	0.9565217391304348	18.880514063596532	0.9599372903036956	0	candidate-surface abundance policy; fixed calls	1	0.00790325
hmp_gastrooral_gtdb_source_abundance	0	normalized_depth_alpha0.25_cap0.05	34	35	33	2	1	0.9428571428571428	0.9705882352941176	0.9565217391304348	18.880514063596532	0.9599372903036956	0	candidate-surface abundance policy; fixed calls	1	0.00790325
hmp_gastrooral_gtdb_source_abundance	0	normalized_depth_alpha0.5_cap0.001	34	35	33	2	1	0.9428571428571428	0.9705882352941176	0.9565217391304348	19.770062638343035	0.9555876051147127	0	candidate-surface abundance policy; fixed calls	1	0.001
hmp_gastrooral_gtdb_source_abundance	0	normalized_depth_alpha0.5_cap0.003	34	35	33	2	1	0.9428571428571428	0.9705882352941176	0.9565217391304348	19.510829030420666	0.9568827342432848	0	candidate-surface abundance policy; fixed calls	1	0.003
hmp_gastrooral_gtdb_source_abundance	0	normalized_depth_alpha0.5_cap0.005	34	35	33	2	1	0.9428571428571428	0.9705882352941176	0.9565217391304348	19.252985426907333	0.9581494444238433	0	candidate-surface abundance policy; fixed calls	1	0.005
hmp_gastrooral_gtdb_source_abundance	0	normalized_depth_alpha0.5_cap0.01	34	35	33	2	1	0.9428571428571428	0.9705882352941176	0.9565217391304348	18.612844005313598	0.9611907042171642	0	candidate-surface abundance policy; fixed calls	1	0.01
hmp_gastrooral_gtdb_source_abundance	0	normalized_depth_alpha0.5_cap0.02	34	35	33	2	1	0.9428571428571428	0.9705882352941176	0.9565217391304348	17.877356278013867	0.9644947143870459	0	candidate-surface abundance policy; fixed calls	1	0.0158065
hmp_gastrooral_gtdb_source_abundance	0	normalized_depth_alpha0.5_cap0.05	34	35	33	2	1	0.9428571428571428	0.9705882352941176	0.9565217391304348	17.877356278013867	0.9644947143870459	0	candidate-surface abundance policy; fixed calls	1	0.0158065
hmp_gastrooral_gtdb_source_abundance	0	normalized_depth_alpha1_cap0.001	34	35	33	2	1	0.9428571428571428	0.9705882352941176	0.9565217391304348	19.770062638343035	0.9555876051147127	0	candidate-surface abundance policy; fixed calls	1	0.001
hmp_gastrooral_gtdb_source_abundance	0	normalized_depth_alpha1_cap0.003	34	35	33	2	1	0.9428571428571428	0.9705882352941176	0.9565217391304348	19.510829030420666	0.9568827342432848	0	candidate-surface abundance policy; fixed calls	1	0.003
hmp_gastrooral_gtdb_source_abundance	0	normalized_depth_alpha1_cap0.005	34	35	33	2	1	0.9428571428571428	0.9705882352941176	0.9565217391304348	19.252985426907333	0.9581494444238433	0	candidate-surface abundance policy; fixed calls	1	0.005
hmp_gastrooral_gtdb_source_abundance	0	normalized_depth_alpha1_cap0.01	34	35	33	2	1	0.9428571428571428	0.9705882352941176	0.9565217391304348	18.612844005313598	0.9611907042171642	0	candidate-surface abundance policy; fixed calls	1	0.01
hmp_gastrooral_gtdb_source_abundance	0	normalized_depth_alpha1_cap0.02	34	35	33	2	1	0.9428571428571428	0.9705882352941176	0.9565217391304348	17.3787623065358	0.9667266940208715	0	candidate-surface abundance policy; fixed calls	1	0.02
hmp_gastrooral_gtdb_source_abundance	0	normalized_depth_alpha1_cap0.05	34	35	33	2	1	0.9428571428571428	0.9705882352941176	0.9565217391304348	16.146065662686887	0.9722225634565389	0	candidate-surface abundance policy; fixed calls	1	0.031613
hmp_gastrooral_gtdb_source_abundance	0	normalized_depth_alpha2_cap0.001	34	35	33	2	1	0.9428571428571428	0.9705882352941176	0.9565217391304348	19.770062638343035	0.9555876051147127	0	candidate-surface abundance policy; fixed calls	1	0.001
hmp_gastrooral_gtdb_source_abundance	0	normalized_depth_alpha2_cap0.003	34	35	33	2	1	0.9428571428571428	0.9705882352941176	0.9565217391304348	19.510829030420666	0.9568827342432848	0	candidate-surface abundance policy; fixed calls	1	0.003
hmp_gastrooral_gtdb_source_abundance	0	normalized_depth_alpha2_cap0.005	34	35	33	2	1	0.9428571428571428	0.9705882352941176	0.9565217391304348	19.252985426907333	0.9581494444238433	0	candidate-surface abundance policy; fixed calls	1	0.005
hmp_gastrooral_gtdb_source_abundance	0	normalized_depth_alpha2_cap0.01	34	35	33	2	1	0.9428571428571428	0.9705882352941176	0.9565217391304348	18.612844005313598	0.9611907042171642	0	candidate-surface abundance policy; fixed calls	1	0.01
hmp_gastrooral_gtdb_source_abundance	0	normalized_depth_alpha2_cap0.02	34	35	33	2	1	0.9428571428571428	0.9705882352941176	0.9565217391304348	17.3787623065358	0.9667266940208715	0	candidate-surface abundance policy; fixed calls	1	0.02
hmp_gastrooral_gtdb_source_abundance	0	normalized_depth_alpha2_cap0.05	34	35	33	2	1	0.9428571428571428	0.9705882352941176	0.9565217391304348	15.307926309375237	0.9788336255001312	0	candidate-surface abundance policy; fixed calls	1	0.05
hmp_gastrooral_gtdb_source_abundance	0	xny_share_alpha0.05	34	35	33	2	1	0.9428571428571428	0.9705882352941176	0.9565217391304348	19.671669536015276	0.95608078151397	0	candidate-surface abundance policy; fixed calls	1	0.0017564445748230722
hmp_gastrooral_gtdb_source_abundance	0	xny_share_alpha0.1	34	35	33	2	1	0.9428571428571428	0.9705882352941176	0.9565217391304348	19.44460844973983	0.9572102921098814	0	candidate-surface abundance policy; fixed calls	1	0.0035128891496461444
hmp_gastrooral_gtdb_source_abundance	0	xny_share_alpha0.25	34	35	33	2	1	0.9428571428571428	0.9705882352941176	0.9565217391304348	18.76816936904151	0.9604666023285248	0	candidate-surface abundance policy; fixed calls	1	0.008782222874115361
hmp_gastrooral_gtdb_source_abundance	0	xny_share_alpha0.5	34	35	33	2	1	0.9428571428571428	0.9705882352941176	0.9565217391304348	17.660679461904266	0.9654462130236586	0	candidate-surface abundance policy; fixed calls	1	0.017564445748230722
hmp_gastrooral_gtdb_source_abundance	0	xny_share_alpha1	34	35	33	2	1	0.9428571428571428	0.9705882352941176	0.9565217391304348	15.899770330863545	0.9736858642099218	0	candidate-surface abundance policy; fixed calls	1	0.035128891496461444
hmp_gastrooral_gtdb_source_abundance	0	xny_share_alpha2	34	35	33	2	1	0.9428571428571428	0.9705882352941176	0.9565217391304348	14.675840605967483	0.9831313320933728	0	candidate-surface abundance policy; fixed calls	1	0.07025778299292289
hmp_gastrooral_gtdb_source_abundance	0	xny_share_alpha5	34	35	33	2	1	0.9428571428571428	0.9705882352941176	0.9565217391304348	25.36754221775879	0.9599181496029108	0	candidate-surface abundance policy; fixed calls	1	0.17564445748230723
hmp_gastrooral_gtdb_source_abundance	0	xny_share_alpha10	34	35	33	2	1	0.9428571428571428	0.9705882352941176	0.9565217391304348	45.285055995969564	0.8304242632335733	0	candidate-surface abundance policy; fixed calls	1	0.35128891496461445
hmp_gastrooral_gtdb_source_abundance	0	xny_share_cap0.001	34	35	33	2	1	0.9428571428571428	0.9705882352941176	0.9565217391304348	19.770062638343035	0.9555876051147127	0	candidate-surface abundance policy; fixed calls	1	0.001
hmp_gastrooral_gtdb_source_abundance	0	xny_share_cap0.003	34	35	33	2	1	0.9428571428571428	0.9705882352941176	0.9565217391304348	19.510829030420666	0.9568827342432848	0	candidate-surface abundance policy; fixed calls	1	0.003
hmp_gastrooral_gtdb_source_abundance	0	xny_share_cap0.005	34	35	33	2	1	0.9428571428571428	0.9705882352941176	0.9565217391304348	19.252985426907333	0.9581494444238433	0	candidate-surface abundance policy; fixed calls	1	0.005
hmp_gastrooral_gtdb_source_abundance	0	xny_share_cap0.01	34	35	33	2	1	0.9428571428571428	0.9705882352941176	0.9565217391304348	18.612844005313598	0.9611907042171642	0	candidate-surface abundance policy; fixed calls	1	0.01
hmp_gastrooral_gtdb_source_abundance	0	xny_share_cap0.02	34	35	33	2	1	0.9428571428571428	0.9705882352941176	0.9565217391304348	17.3787623065358	0.9667266940208715	0	candidate-surface abundance policy; fixed calls	1	0.02
hmp_gastrooral_gtdb_source_abundance	0	xny_share_cap0.05	34	35	33	2	1	0.9428571428571428	0.9705882352941176	0.9565217391304348	15.899770330863545	0.9736858642099218	0	candidate-surface abundance policy; fixed calls	1	0.035128891496461444
hmp_gastrooral_gtdb_source_abundance	0	xny_share_alpha0.25_cap0.001	34	35	33	2	1	0.9428571428571428	0.9705882352941176	0.9565217391304348	19.770062638343035	0.9555876051147127	0	candidate-surface abundance policy; fixed calls	1	0.001
hmp_gastrooral_gtdb_source_abundance	0	xny_share_alpha0.25_cap0.003	34	35	33	2	1	0.9428571428571428	0.9705882352941176	0.9565217391304348	19.510829030420666	0.9568827342432848	0	candidate-surface abundance policy; fixed calls	1	0.003
hmp_gastrooral_gtdb_source_abundance	0	xny_share_alpha0.25_cap0.005	34	35	33	2	1	0.9428571428571428	0.9705882352941176	0.9565217391304348	19.252985426907333	0.9581494444238433	0	candidate-surface abundance policy; fixed calls	1	0.005
hmp_gastrooral_gtdb_source_abundance	0	xny_share_alpha0.25_cap0.01	34	35	33	2	1	0.9428571428571428	0.9705882352941176	0.9565217391304348	18.76816936904151	0.9604666023285248	0	candidate-surface abundance policy; fixed calls	1	0.008782222874115361
hmp_gastrooral_gtdb_source_abundance	0	xny_share_alpha0.25_cap0.02	34	35	33	2	1	0.9428571428571428	0.9705882352941176	0.9565217391304348	18.76816936904151	0.9604666023285248	0	candidate-surface abundance policy; fixed calls	1	0.008782222874115361
hmp_gastrooral_gtdb_source_abundance	0	xny_share_alpha0.25_cap0.05	34	35	33	2	1	0.9428571428571428	0.9705882352941176	0.9565217391304348	18.76816936904151	0.9604666023285248	0	candidate-surface abundance policy; fixed calls	1	0.008782222874115361
hmp_gastrooral_gtdb_source_abundance	0	xny_share_alpha0.5_cap0.001	34	35	33	2	1	0.9428571428571428	0.9705882352941176	0.9565217391304348	19.770062638343035	0.9555876051147127	0	candidate-surface abundance policy; fixed calls	1	0.001
hmp_gastrooral_gtdb_source_abundance	0	xny_share_alpha0.5_cap0.003	34	35	33	2	1	0.9428571428571428	0.9705882352941176	0.9565217391304348	19.510829030420666	0.9568827342432848	0	candidate-surface abundance policy; fixed calls	1	0.003
hmp_gastrooral_gtdb_source_abundance	0	xny_share_alpha0.5_cap0.005	34	35	33	2	1	0.9428571428571428	0.9705882352941176	0.9565217391304348	19.252985426907333	0.9581494444238433	0	candidate-surface abundance policy; fixed calls	1	0.005
hmp_gastrooral_gtdb_source_abundance	0	xny_share_alpha0.5_cap0.01	34	35	33	2	1	0.9428571428571428	0.9705882352941176	0.9565217391304348	18.612844005313598	0.9611907042171642	0	candidate-surface abundance policy; fixed calls	1	0.01
hmp_gastrooral_gtdb_source_abundance	0	xny_share_alpha0.5_cap0.02	34	35	33	2	1	0.9428571428571428	0.9705882352941176	0.9565217391304348	17.660679461904266	0.9654462130236586	0	candidate-surface abundance policy; fixed calls	1	0.017564445748230722
hmp_gastrooral_gtdb_source_abundance	0	xny_share_alpha0.5_cap0.05	34	35	33	2	1	0.9428571428571428	0.9705882352941176	0.9565217391304348	17.660679461904266	0.9654462130236586	0	candidate-surface abundance policy; fixed calls	1	0.017564445748230722
hmp_gastrooral_gtdb_source_abundance	0	xny_share_alpha1_cap0.001	34	35	33	2	1	0.9428571428571428	0.9705882352941176	0.9565217391304348	19.770062638343035	0.9555876051147127	0	candidate-surface abundance policy; fixed calls	1	0.001
hmp_gastrooral_gtdb_source_abundance	0	xny_share_alpha1_cap0.003	34	35	33	2	1	0.9428571428571428	0.9705882352941176	0.9565217391304348	19.510829030420666	0.9568827342432848	0	candidate-surface abundance policy; fixed calls	1	0.003
hmp_gastrooral_gtdb_source_abundance	0	xny_share_alpha1_cap0.005	34	35	33	2	1	0.9428571428571428	0.9705882352941176	0.9565217391304348	19.252985426907333	0.9581494444238433	0	candidate-surface abundance policy; fixed calls	1	0.005
hmp_gastrooral_gtdb_source_abundance	0	xny_share_alpha1_cap0.01	34	35	33	2	1	0.9428571428571428	0.9705882352941176	0.9565217391304348	18.612844005313598	0.9611907042171642	0	candidate-surface abundance policy; fixed calls	1	0.01
hmp_gastrooral_gtdb_source_abundance	0	xny_share_alpha1_cap0.02	34	35	33	2	1	0.9428571428571428	0.9705882352941176	0.9565217391304348	17.3787623065358	0.9667266940208715	0	candidate-surface abundance policy; fixed calls	1	0.02
hmp_gastrooral_gtdb_source_abundance	0	xny_share_alpha1_cap0.05	34	35	33	2	1	0.9428571428571428	0.9705882352941176	0.9565217391304348	15.899770330863545	0.9736858642099218	0	candidate-surface abundance policy; fixed calls	1	0.035128891496461444
hmp_gastrooral_gtdb_source_abundance	0	xny_share_alpha2_cap0.001	34	35	33	2	1	0.9428571428571428	0.9705882352941176	0.9565217391304348	19.770062638343035	0.9555876051147127	0	candidate-surface abundance policy; fixed calls	1	0.001
hmp_gastrooral_gtdb_source_abundance	0	xny_share_alpha2_cap0.003	34	35	33	2	1	0.9428571428571428	0.9705882352941176	0.9565217391304348	19.510829030420666	0.9568827342432848	0	candidate-surface abundance policy; fixed calls	1	0.003
hmp_gastrooral_gtdb_source_abundance	0	xny_share_alpha2_cap0.005	34	35	33	2	1	0.9428571428571428	0.9705882352941176	0.9565217391304348	19.252985426907333	0.9581494444238433	0	candidate-surface abundance policy; fixed calls	1	0.005
hmp_gastrooral_gtdb_source_abundance	0	xny_share_alpha2_cap0.01	34	35	33	2	1	0.9428571428571428	0.9705882352941176	0.9565217391304348	18.612844005313598	0.9611907042171642	0	candidate-surface abundance policy; fixed calls	1	0.01
hmp_gastrooral_gtdb_source_abundance	0	xny_share_alpha2_cap0.02	34	35	33	2	1	0.9428571428571428	0.9705882352941176	0.9565217391304348	17.3787623065358	0.9667266940208715	0	candidate-surface abundance policy; fixed calls	1	0.02
hmp_gastrooral_gtdb_source_abundance	0	xny_share_alpha2_cap0.05	34	35	33	2	1	0.9428571428571428	0.9705882352941176	0.9565217391304348	15.307926309375237	0.9788336255001312	0	candidate-surface abundance policy; fixed calls	1	0.05
hmp_gastrooral_gtdb_source_abundance	0	depth_share_alpha0.05	34	35	33	2	1	0.9428571428571428	0.9705882352941176	0.9565217391304348	19.44549320986161	0.9572059258043639	0	candidate-surface abundance policy; fixed calls	1	0.0035060330815680045
hmp_gastrooral_gtdb_source_abundance	0	depth_share_alpha0.1	34	35	33	2	1	0.9428571428571428	0.9705882352941176	0.9565217391304348	18.99461971180578	0.9593949350440412	0	candidate-surface abundance policy; fixed calls	1	0.007012066163136009
hmp_gastrooral_gtdb_source_abundance	0	depth_share_alpha0.25	34	35	33	2	1	0.9428571428571428	0.9705882352941176	0.9565217391304348	17.664676571690922	0.965427876743195	0	candidate-surface abundance policy; fixed calls	1	0.017530165407840023
hmp_gastrooral_gtdb_source_abundance	0	depth_share_alpha0.5	34	35	33	2	1	0.9428571428571428	0.9705882352941176	0.9565217391304348	15.904232279971664	0.9736582265248255	0	candidate-surface abundance policy; fixed calls	1	0.035060330815680045
hmp_gastrooral_gtdb_source_abundance	0	depth_share_alpha1	34	35	33	2	1	0.9428571428571428	0.9705882352941176	0.9565217391304348	14.679128213087218	0.9831126990771516	0	candidate-surface abundance policy; fixed calls	1	0.07012066163136009
hmp_gastrooral_gtdb_source_abundance	0	depth_share_alpha2	34	35	33	2	1	0.9428571428571428	0.9705882352941176	0.9565217391304348	20.686574294239314	0.9752686025092039	0	candidate-surface abundance policy; fixed calls	1	0.14024132326272018
hmp_gastrooral_gtdb_source_abundance	0	depth_share_alpha5	34	35	33	2	1	0.9428571428571428	0.9705882352941176	0.9565217391304348	45.21721954408219	0.8309826393750532	0	candidate-surface abundance policy; fixed calls	1	0.35060330815680046
hmp_gastrooral_gtdb_source_abundance	0	depth_share_alpha10	34	35	33	2	1	0.9428571428571428	0.9705882352941176	0.9565217391304348	72.77188635052454	0.600194297085658	0	candidate-surface abundance policy; fixed calls	1	0.7012066163136009
hmp_gastrooral_gtdb_source_abundance	0	depth_share_cap0.001	34	35	33	2	1	0.9428571428571428	0.9705882352941176	0.9565217391304348	19.770062638343035	0.9555876051147127	0	candidate-surface abundance policy; fixed calls	1	0.001
hmp_gastrooral_gtdb_source_abundance	0	depth_share_cap0.003	34	35	33	2	1	0.9428571428571428	0.9705882352941176	0.9565217391304348	19.510829030420666	0.9568827342432848	0	candidate-surface abundance policy; fixed calls	1	0.003
hmp_gastrooral_gtdb_source_abundance	0	depth_share_cap0.005	34	35	33	2	1	0.9428571428571428	0.9705882352941176	0.9565217391304348	19.252985426907333	0.9581494444238433	0	candidate-surface abundance policy; fixed calls	1	0.005
hmp_gastrooral_gtdb_source_abundance	0	depth_share_cap0.01	34	35	33	2	1	0.9428571428571428	0.9705882352941176	0.9565217391304348	18.612844005313598	0.9611907042171642	0	candidate-surface abundance policy; fixed calls	1	0.01
hmp_gastrooral_gtdb_source_abundance	0	depth_share_cap0.02	34	35	33	2	1	0.9428571428571428	0.9705882352941176	0.9565217391304348	17.3787623065358	0.9667266940208715	0	candidate-surface abundance policy; fixed calls	1	0.02
hmp_gastrooral_gtdb_source_abundance	0	depth_share_cap0.05	34	35	33	2	1	0.9428571428571428	0.9705882352941176	0.9565217391304348	15.307926309375237	0.9788336255001312	0	candidate-surface abundance policy; fixed calls	1	0.05
hmp_gastrooral_gtdb_source_abundance	0	depth_share_alpha0.25_cap0.001	34	35	33	2	1	0.9428571428571428	0.9705882352941176	0.9565217391304348	19.770062638343035	0.9555876051147127	0	candidate-surface abundance policy; fixed calls	1	0.001
hmp_gastrooral_gtdb_source_abundance	0	depth_share_alpha0.25_cap0.003	34	35	33	2	1	0.9428571428571428	0.9705882352941176	0.9565217391304348	19.510829030420666	0.9568827342432848	0	candidate-surface abundance policy; fixed calls	1	0.003
hmp_gastrooral_gtdb_source_abundance	0	depth_share_alpha0.25_cap0.005	34	35	33	2	1	0.9428571428571428	0.9705882352941176	0.9565217391304348	19.252985426907333	0.9581494444238433	0	candidate-surface abundance policy; fixed calls	1	0.005
hmp_gastrooral_gtdb_source_abundance	0	depth_share_alpha0.25_cap0.01	34	35	33	2	1	0.9428571428571428	0.9705882352941176	0.9565217391304348	18.612844005313598	0.9611907042171642	0	candidate-surface abundance policy; fixed calls	1	0.01
hmp_gastrooral_gtdb_source_abundance	0	depth_share_alpha0.25_cap0.02	34	35	33	2	1	0.9428571428571428	0.9705882352941176	0.9565217391304348	17.664676571690922	0.965427876743195	0	candidate-surface abundance policy; fixed calls	1	0.017530165407840023
hmp_gastrooral_gtdb_source_abundance	0	depth_share_alpha0.25_cap0.05	34	35	33	2	1	0.9428571428571428	0.9705882352941176	0.9565217391304348	17.664676571690922	0.965427876743195	0	candidate-surface abundance policy; fixed calls	1	0.017530165407840023
hmp_gastrooral_gtdb_source_abundance	0	depth_share_alpha0.5_cap0.001	34	35	33	2	1	0.9428571428571428	0.9705882352941176	0.9565217391304348	19.770062638343035	0.9555876051147127	0	candidate-surface abundance policy; fixed calls	1	0.001
hmp_gastrooral_gtdb_source_abundance	0	depth_share_alpha0.5_cap0.003	34	35	33	2	1	0.9428571428571428	0.9705882352941176	0.9565217391304348	19.510829030420666	0.9568827342432848	0	candidate-surface abundance policy; fixed calls	1	0.003
hmp_gastrooral_gtdb_source_abundance	0	depth_share_alpha0.5_cap0.005	34	35	33	2	1	0.9428571428571428	0.9705882352941176	0.9565217391304348	19.252985426907333	0.9581494444238433	0	candidate-surface abundance policy; fixed calls	1	0.005
hmp_gastrooral_gtdb_source_abundance	0	depth_share_alpha0.5_cap0.01	34	35	33	2	1	0.9428571428571428	0.9705882352941176	0.9565217391304348	18.612844005313598	0.9611907042171642	0	candidate-surface abundance policy; fixed calls	1	0.01
hmp_gastrooral_gtdb_source_abundance	0	depth_share_alpha0.5_cap0.02	34	35	33	2	1	0.9428571428571428	0.9705882352941176	0.9565217391304348	17.3787623065358	0.9667266940208715	0	candidate-surface abundance policy; fixed calls	1	0.02
hmp_gastrooral_gtdb_source_abundance	0	depth_share_alpha0.5_cap0.05	34	35	33	2	1	0.9428571428571428	0.9705882352941176	0.9565217391304348	15.904232279971664	0.9736582265248255	0	candidate-surface abundance policy; fixed calls	1	0.035060330815680045
hmp_gastrooral_gtdb_source_abundance	0	depth_share_alpha1_cap0.001	34	35	33	2	1	0.9428571428571428	0.9705882352941176	0.9565217391304348	19.770062638343035	0.9555876051147127	0	candidate-surface abundance policy; fixed calls	1	0.001
hmp_gastrooral_gtdb_source_abundance	0	depth_share_alpha1_cap0.003	34	35	33	2	1	0.9428571428571428	0.9705882352941176	0.9565217391304348	19.510829030420666	0.9568827342432848	0	candidate-surface abundance policy; fixed calls	1	0.003
hmp_gastrooral_gtdb_source_abundance	0	depth_share_alpha1_cap0.005	34	35	33	2	1	0.9428571428571428	0.9705882352941176	0.9565217391304348	19.252985426907333	0.9581494444238433	0	candidate-surface abundance policy; fixed calls	1	0.005
hmp_gastrooral_gtdb_source_abundance	0	depth_share_alpha1_cap0.01	34	35	33	2	1	0.9428571428571428	0.9705882352941176	0.9565217391304348	18.612844005313598	0.9611907042171642	0	candidate-surface abundance policy; fixed calls	1	0.01
hmp_gastrooral_gtdb_source_abundance	0	depth_share_alpha1_cap0.02	34	35	33	2	1	0.9428571428571428	0.9705882352941176	0.9565217391304348	17.3787623065358	0.9667266940208715	0	candidate-surface abundance policy; fixed calls	1	0.02
hmp_gastrooral_gtdb_source_abundance	0	depth_share_alpha1_cap0.05	34	35	33	2	1	0.9428571428571428	0.9705882352941176	0.9565217391304348	15.307926309375237	0.9788336255001312	0	candidate-surface abundance policy; fixed calls	1	0.05
hmp_gastrooral_gtdb_source_abundance	0	depth_share_alpha2_cap0.001	34	35	33	2	1	0.9428571428571428	0.9705882352941176	0.9565217391304348	19.770062638343035	0.9555876051147127	0	candidate-surface abundance policy; fixed calls	1	0.001
hmp_gastrooral_gtdb_source_abundance	0	depth_share_alpha2_cap0.003	34	35	33	2	1	0.9428571428571428	0.9705882352941176	0.9565217391304348	19.510829030420666	0.9568827342432848	0	candidate-surface abundance policy; fixed calls	1	0.003
hmp_gastrooral_gtdb_source_abundance	0	depth_share_alpha2_cap0.005	34	35	33	2	1	0.9428571428571428	0.9705882352941176	0.9565217391304348	19.252985426907333	0.9581494444238433	0	candidate-surface abundance policy; fixed calls	1	0.005
hmp_gastrooral_gtdb_source_abundance	0	depth_share_alpha2_cap0.01	34	35	33	2	1	0.9428571428571428	0.9705882352941176	0.9565217391304348	18.612844005313598	0.9611907042171642	0	candidate-surface abundance policy; fixed calls	1	0.01
hmp_gastrooral_gtdb_source_abundance	0	depth_share_alpha2_cap0.02	34	35	33	2	1	0.9428571428571428	0.9705882352941176	0.9565217391304348	17.3787623065358	0.9667266940208715	0	candidate-surface abundance policy; fixed calls	1	0.02
hmp_gastrooral_gtdb_source_abundance	0	depth_share_alpha2_cap0.05	34	35	33	2	1	0.9428571428571428	0.9705882352941176	0.9565217391304348	15.307926309375237	0.9788336255001312	0	candidate-surface abundance policy; fixed calls	1	0.05
hmp_gastrooral_gtdb_source_abundance	6	zero_mass	47	52	45	7	2	0.8653846153846154	0.9574468085106383	0.9090909090909091	78.07306011011983	0.8096239564470539	0	candidate-surface abundance policy; fixed calls	1	0.0
hmp_gastrooral_gtdb_source_abundance	6	normalized_depth_alpha0.05	47	52	45	7	2	0.8653846153846154	0.9574468085106383	0.9090909090909091	78.0482416287888	0.8096613125744619	0	candidate-surface abundance policy; fixed calls	1	0.00017910000000000002
hmp_gastrooral_gtdb_source_abundance	6	normalized_depth_alpha0.1	47	52	45	7	2	0.8653846153846154	0.9574468085106383	0.9090909090909091	78.02343203425448	0.8096979707233661	0	candidate-surface abundance policy; fixed calls	1	0.00035820000000000003
hmp_gastrooral_gtdb_source_abundance	6	normalized_depth_alpha0.25	47	52	45	7	2	0.8653846153846154	0.9574468085106383	0.9090909090909091	77.94905652372618	0.8098037525255236	0	candidate-surface abundance policy; fixed calls	1	0.0008955
hmp_gastrooral_gtdb_source_abundance	6	normalized_depth_alpha0.5	47	52	45	7	2	0.8653846153846154	0.9574468085106383	0.9090909090909091	77.82527463070295	0.8099660521906737	0	candidate-surface abundance policy; fixed calls	1	0.001791
hmp_gastrooral_gtdb_source_abundance	6	normalized_depth_alpha1	47	52	45	7	2	0.8653846153846154	0.9574468085106383	0.9090909090909091	77.61839142652023	0.8102379413485361	0	candidate-surface abundance policy; fixed calls	1	0.003582
hmp_gastrooral_gtdb_source_abundance	6	normalized_depth_alpha2	47	52	45	7	2	0.8653846153846154	0.9574468085106383	0.9090909090909091	77.83598901257037	0.8105695195652591	0	candidate-surface abundance policy; fixed calls	1	0.007164
hmp_gastrooral_gtdb_source_abundance	6	normalized_depth_alpha5	47	52	45	7	2	0.8653846153846154	0.9574468085106383	0.9090909090909091	78.48134954059199	0.8098481061061434	0	candidate-surface abundance policy; fixed calls	1	0.017910000000000002
hmp_gastrooral_gtdb_source_abundance	6	normalized_depth_alpha10	47	52	45	7	2	0.8653846153846154	0.9574468085106383	0.9090909090909091	79.61686482527622	0.8029307689182006	0	candidate-surface abundance policy; fixed calls	1	0.035820000000000005
hmp_gastrooral_gtdb_source_abundance	6	normalized_depth_cap0.001	47	52	45	7	2	0.8653846153846154	0.9574468085106383	0.9090909090909091	77.93460043288442	0.8098235948611949	0	candidate-surface abundance policy; fixed calls	1	0.001
hmp_gastrooral_gtdb_source_abundance	6	normalized_depth_cap0.003	47	52	45	7	2	0.8653846153846154	0.9574468085106383	0.9090909090909091	77.65850935165733	0.8101573151341237	0	candidate-surface abundance policy; fixed calls	1	0.003
hmp_gastrooral_gtdb_source_abundance	6	normalized_depth_cap0.005	47	52	45	7	2	0.8653846153846154	0.9574468085106383	0.9090909090909091	77.61839142652023	0.8102379413485361	0	candidate-surface abundance policy; fixed calls	1	0.003582
hmp_gastrooral_gtdb_source_abundance	6	normalized_depth_cap0.01	47	52	45	7	2	0.8653846153846154	0.9574468085106383	0.9090909090909091	77.61839142652023	0.8102379413485361	0	candidate-surface abundance policy; fixed calls	1	0.003582
hmp_gastrooral_gtdb_source_abundance	6	normalized_depth_cap0.02	47	52	45	7	2	0.8653846153846154	0.9574468085106383	0.9090909090909091	77.61839142652023	0.8102379413485361	0	candidate-surface abundance policy; fixed calls	1	0.003582
hmp_gastrooral_gtdb_source_abundance	6	normalized_depth_cap0.05	47	52	45	7	2	0.8653846153846154	0.9574468085106383	0.9090909090909091	77.61839142652023	0.8102379413485361	0	candidate-surface abundance policy; fixed calls	1	0.003582
hmp_gastrooral_gtdb_source_abundance	6	normalized_depth_alpha0.25_cap0.001	47	52	45	7	2	0.8653846153846154	0.9574468085106383	0.9090909090909091	77.94905652372618	0.8098037525255236	0	candidate-surface abundance policy; fixed calls	1	0.0008955
hmp_gastrooral_gtdb_source_abundance	6	normalized_depth_alpha0.25_cap0.003	47	52	45	7	2	0.8653846153846154	0.9574468085106383	0.9090909090909091	77.94905652372618	0.8098037525255236	0	candidate-surface abundance policy; fixed calls	1	0.0008955
hmp_gastrooral_gtdb_source_abundance	6	normalized_depth_alpha0.25_cap0.005	47	52	45	7	2	0.8653846153846154	0.9574468085106383	0.9090909090909091	77.94905652372618	0.8098037525255236	0	candidate-surface abundance policy; fixed calls	1	0.0008955
hmp_gastrooral_gtdb_source_abundance	6	normalized_depth_alpha0.25_cap0.01	47	52	45	7	2	0.8653846153846154	0.9574468085106383	0.9090909090909091	77.94905652372618	0.8098037525255236	0	candidate-surface abundance policy; fixed calls	1	0.0008955
hmp_gastrooral_gtdb_source_abundance	6	normalized_depth_alpha0.25_cap0.02	47	52	45	7	2	0.8653846153846154	0.9574468085106383	0.9090909090909091	77.94905652372618	0.8098037525255236	0	candidate-surface abundance policy; fixed calls	1	0.0008955
hmp_gastrooral_gtdb_source_abundance	6	normalized_depth_alpha0.25_cap0.05	47	52	45	7	2	0.8653846153846154	0.9574468085106383	0.9090909090909091	77.94905652372618	0.8098037525255236	0	candidate-surface abundance policy; fixed calls	1	0.0008955
hmp_gastrooral_gtdb_source_abundance	6	normalized_depth_alpha0.5_cap0.001	47	52	45	7	2	0.8653846153846154	0.9574468085106383	0.9090909090909091	77.93460043288442	0.8098235948611949	0	candidate-surface abundance policy; fixed calls	1	0.001
hmp_gastrooral_gtdb_source_abundance	6	normalized_depth_alpha0.5_cap0.003	47	52	45	7	2	0.8653846153846154	0.9574468085106383	0.9090909090909091	77.82527463070295	0.8099660521906737	0	candidate-surface abundance policy; fixed calls	1	0.001791
hmp_gastrooral_gtdb_source_abundance	6	normalized_depth_alpha0.5_cap0.005	47	52	45	7	2	0.8653846153846154	0.9574468085106383	0.9090909090909091	77.82527463070295	0.8099660521906737	0	candidate-surface abundance policy; fixed calls	1	0.001791
hmp_gastrooral_gtdb_source_abundance	6	normalized_depth_alpha0.5_cap0.01	47	52	45	7	2	0.8653846153846154	0.9574468085106383	0.9090909090909091	77.82527463070295	0.8099660521906737	0	candidate-surface abundance policy; fixed calls	1	0.001791
hmp_gastrooral_gtdb_source_abundance	6	normalized_depth_alpha0.5_cap0.02	47	52	45	7	2	0.8653846153846154	0.9574468085106383	0.9090909090909091	77.82527463070295	0.8099660521906737	0	candidate-surface abundance policy; fixed calls	1	0.001791
hmp_gastrooral_gtdb_source_abundance	6	normalized_depth_alpha0.5_cap0.05	47	52	45	7	2	0.8653846153846154	0.9574468085106383	0.9090909090909091	77.82527463070295	0.8099660521906737	0	candidate-surface abundance policy; fixed calls	1	0.001791
hmp_gastrooral_gtdb_source_abundance	6	normalized_depth_alpha1_cap0.001	47	52	45	7	2	0.8653846153846154	0.9574468085106383	0.9090909090909091	77.93460043288442	0.8098235948611949	0	candidate-surface abundance policy; fixed calls	1	0.001
hmp_gastrooral_gtdb_source_abundance	6	normalized_depth_alpha1_cap0.003	47	52	45	7	2	0.8653846153846154	0.9574468085106383	0.9090909090909091	77.65850935165733	0.8101573151341237	0	candidate-surface abundance policy; fixed calls	1	0.003
hmp_gastrooral_gtdb_source_abundance	6	normalized_depth_alpha1_cap0.005	47	52	45	7	2	0.8653846153846154	0.9574468085106383	0.9090909090909091	77.61839142652023	0.8102379413485361	0	candidate-surface abundance policy; fixed calls	1	0.003582
hmp_gastrooral_gtdb_source_abundance	6	normalized_depth_alpha1_cap0.01	47	52	45	7	2	0.8653846153846154	0.9574468085106383	0.9090909090909091	77.61839142652023	0.8102379413485361	0	candidate-surface abundance policy; fixed calls	1	0.003582
hmp_gastrooral_gtdb_source_abundance	6	normalized_depth_alpha1_cap0.02	47	52	45	7	2	0.8653846153846154	0.9574468085106383	0.9090909090909091	77.61839142652023	0.8102379413485361	0	candidate-surface abundance policy; fixed calls	1	0.003582
hmp_gastrooral_gtdb_source_abundance	6	normalized_depth_alpha1_cap0.05	47	52	45	7	2	0.8653846153846154	0.9574468085106383	0.9090909090909091	77.61839142652023	0.8102379413485361	0	candidate-surface abundance policy; fixed calls	1	0.003582
hmp_gastrooral_gtdb_source_abundance	6	normalized_depth_alpha2_cap0.001	47	52	45	7	2	0.8653846153846154	0.9574468085106383	0.9090909090909091	77.93460043288442	0.8098235948611949	0	candidate-surface abundance policy; fixed calls	1	0.001
hmp_gastrooral_gtdb_source_abundance	6	normalized_depth_alpha2_cap0.003	47	52	45	7	2	0.8653846153846154	0.9574468085106383	0.9090909090909091	77.65850935165733	0.8101573151341237	0	candidate-surface abundance policy; fixed calls	1	0.003
hmp_gastrooral_gtdb_source_abundance	6	normalized_depth_alpha2_cap0.005	47	52	45	7	2	0.8653846153846154	0.9574468085106383	0.9090909090909091	77.704716877271	0.8104031374482268	0	candidate-surface abundance policy; fixed calls	1	0.005
hmp_gastrooral_gtdb_source_abundance	6	normalized_depth_alpha2_cap0.01	47	52	45	7	2	0.8653846153846154	0.9574468085106383	0.9090909090909091	77.83598901257037	0.8105695195652591	0	candidate-surface abundance policy; fixed calls	1	0.007164
hmp_gastrooral_gtdb_source_abundance	6	normalized_depth_alpha2_cap0.02	47	52	45	7	2	0.8653846153846154	0.9574468085106383	0.9090909090909091	77.83598901257037	0.8105695195652591	0	candidate-surface abundance policy; fixed calls	1	0.007164
hmp_gastrooral_gtdb_source_abundance	6	normalized_depth_alpha2_cap0.05	47	52	45	7	2	0.8653846153846154	0.9574468085106383	0.9090909090909091	77.83598901257037	0.8105695195652591	0	candidate-surface abundance policy; fixed calls	1	0.007164
hmp_gastrooral_gtdb_source_abundance	6	xny_share_alpha0.05	47	52	45	7	2	0.8653846153846154	0.9574468085106383	0.9090909090909091	77.92964269268809	0.8098303458828383	0	candidate-surface abundance policy; fixed calls	1	0.001035843472541927
hmp_gastrooral_gtdb_source_abundance	6	xny_share_alpha0.1	47	52	45	7	2	0.8653846153846154	0.9574468085106383	0.9090909090909091	77.786521776989	0.8100133131423054	0	candidate-surface abundance policy; fixed calls	1	0.002071686945083854
hmp_gastrooral_gtdb_source_abundance	6	xny_share_alpha0.25	47	52	45	7	2	0.8653846153846154	0.9574468085106383	0.9090909090909091	77.71560999176967	0.8104208560242125	0	candidate-surface abundance policy; fixed calls	1	0.005179217362709635
hmp_gastrooral_gtdb_source_abundance	6	xny_share_alpha0.5	47	52	45	7	2	0.8653846153846154	0.9574468085106383	0.9090909090909091	78.02874146029846	0.8106248488598573	0	candidate-surface abundance policy; fixed calls	1	0.01035843472541927
hmp_gastrooral_gtdb_source_abundance	6	xny_share_alpha1	47	52	45	7	2	0.8653846153846154	0.9574468085106383	0.9090909090909091	78.66194158406637	0.8092336061712525	0	candidate-surface abundance policy; fixed calls	1	0.02071686945083854
hmp_gastrooral_gtdb_source_abundance	6	xny_share_alpha2	47	52	45	7	2	0.8653846153846154	0.9574468085106383	0.9090909090909091	79.96474313060247	0.7993327001021419	0	candidate-surface abundance policy; fixed calls	1	0.04143373890167708
hmp_gastrooral_gtdb_source_abundance	6	xny_share_alpha5	47	52	45	7	2	0.8653846153846154	0.9574468085106383	0.9090909090909091	83.57966804161082	0.7233953071874145	0	candidate-surface abundance policy; fixed calls	1	0.10358434725419269
hmp_gastrooral_gtdb_source_abundance	6	xny_share_alpha10	47	52	45	7	2	0.8653846153846154	0.9574468085106383	0.9090909090909091	89.12034451404433	0.5473176778023673	0	candidate-surface abundance policy; fixed calls	1	0.20716869450838538
hmp_gastrooral_gtdb_source_abundance	6	xny_share_cap0.001	47	52	45	7	2	0.8653846153846154	0.9574468085106383	0.9090909090909091	77.93460043288442	0.8098235948611949	0	candidate-surface abundance policy; fixed calls	1	0.001
hmp_gastrooral_gtdb_source_abundance	6	xny_share_cap0.003	47	52	45	7	2	0.8653846153846154	0.9574468085106383	0.9090909090909091	77.65850935165733	0.8101573151341237	0	candidate-surface abundance policy; fixed calls	1	0.003
hmp_gastrooral_gtdb_source_abundance	6	xny_share_cap0.005	47	52	45	7	2	0.8653846153846154	0.9574468085106383	0.9090909090909091	77.704716877271	0.8104031374482268	0	candidate-surface abundance policy; fixed calls	1	0.005
hmp_gastrooral_gtdb_source_abundance	6	xny_share_cap0.01	47	52	45	7	2	0.8653846153846154	0.9574468085106383	0.9090909090909091	78.00717420985247	0.8106299762056394	0	candidate-surface abundance policy; fixed calls	1	0.01
hmp_gastrooral_gtdb_source_abundance	6	xny_share_cap0.02	47	52	45	7	2	0.8653846153846154	0.9574468085106383	0.9090909090909091	78.61591320500118	0.809407316707579	0	candidate-surface abundance policy; fixed calls	1	0.02
hmp_gastrooral_gtdb_source_abundance	6	xny_share_cap0.05	47	52	45	7	2	0.8653846153846154	0.9574468085106383	0.9090909090909091	78.66194158406637	0.8092336061712525	0	candidate-surface abundance policy; fixed calls	1	0.02071686945083854
hmp_gastrooral_gtdb_source_abundance	6	xny_share_alpha0.25_cap0.001	47	52	45	7	2	0.8653846153846154	0.9574468085106383	0.9090909090909091	77.93460043288442	0.8098235948611949	0	candidate-surface abundance policy; fixed calls	1	0.001
hmp_gastrooral_gtdb_source_abundance	6	xny_share_alpha0.25_cap0.003	47	52	45	7	2	0.8653846153846154	0.9574468085106383	0.9090909090909091	77.65850935165733	0.8101573151341237	0	candidate-surface abundance policy; fixed calls	1	0.003
hmp_gastrooral_gtdb_source_abundance	6	xny_share_alpha0.25_cap0.005	47	52	45	7	2	0.8653846153846154	0.9574468085106383	0.9090909090909091	77.704716877271	0.8104031374482268	0	candidate-surface abundance policy; fixed calls	1	0.005
hmp_gastrooral_gtdb_source_abundance	6	xny_share_alpha0.25_cap0.01	47	52	45	7	2	0.8653846153846154	0.9574468085106383	0.9090909090909091	77.71560999176967	0.8104208560242125	0	candidate-surface abundance policy; fixed calls	1	0.005179217362709635
hmp_gastrooral_gtdb_source_abundance	6	xny_share_alpha0.25_cap0.02	47	52	45	7	2	0.8653846153846154	0.9574468085106383	0.9090909090909091	77.71560999176967	0.8104208560242125	0	candidate-surface abundance policy; fixed calls	1	0.005179217362709635
hmp_gastrooral_gtdb_source_abundance	6	xny_share_alpha0.25_cap0.05	47	52	45	7	2	0.8653846153846154	0.9574468085106383	0.9090909090909091	77.71560999176967	0.8104208560242125	0	candidate-surface abundance policy; fixed calls	1	0.005179217362709635
hmp_gastrooral_gtdb_source_abundance	6	xny_share_alpha0.5_cap0.001	47	52	45	7	2	0.8653846153846154	0.9574468085106383	0.9090909090909091	77.93460043288442	0.8098235948611949	0	candidate-surface abundance policy; fixed calls	1	0.001
hmp_gastrooral_gtdb_source_abundance	6	xny_share_alpha0.5_cap0.003	47	52	45	7	2	0.8653846153846154	0.9574468085106383	0.9090909090909091	77.65850935165733	0.8101573151341237	0	candidate-surface abundance policy; fixed calls	1	0.003
hmp_gastrooral_gtdb_source_abundance	6	xny_share_alpha0.5_cap0.005	47	52	45	7	2	0.8653846153846154	0.9574468085106383	0.9090909090909091	77.704716877271	0.8104031374482268	0	candidate-surface abundance policy; fixed calls	1	0.005
hmp_gastrooral_gtdb_source_abundance	6	xny_share_alpha0.5_cap0.01	47	52	45	7	2	0.8653846153846154	0.9574468085106383	0.9090909090909091	78.00717420985247	0.8106299762056394	0	candidate-surface abundance policy; fixed calls	1	0.01
hmp_gastrooral_gtdb_source_abundance	6	xny_share_alpha0.5_cap0.02	47	52	45	7	2	0.8653846153846154	0.9574468085106383	0.9090909090909091	78.02874146029846	0.8106248488598573	0	candidate-surface abundance policy; fixed calls	1	0.01035843472541927
hmp_gastrooral_gtdb_source_abundance	6	xny_share_alpha0.5_cap0.05	47	52	45	7	2	0.8653846153846154	0.9574468085106383	0.9090909090909091	78.02874146029846	0.8106248488598573	0	candidate-surface abundance policy; fixed calls	1	0.01035843472541927
hmp_gastrooral_gtdb_source_abundance	6	xny_share_alpha1_cap0.001	47	52	45	7	2	0.8653846153846154	0.9574468085106383	0.9090909090909091	77.93460043288442	0.8098235948611949	0	candidate-surface abundance policy; fixed calls	1	0.001
hmp_gastrooral_gtdb_source_abundance	6	xny_share_alpha1_cap0.003	47	52	45	7	2	0.8653846153846154	0.9574468085106383	0.9090909090909091	77.65850935165733	0.8101573151341237	0	candidate-surface abundance policy; fixed calls	1	0.003
hmp_gastrooral_gtdb_source_abundance	6	xny_share_alpha1_cap0.005	47	52	45	7	2	0.8653846153846154	0.9574468085106383	0.9090909090909091	77.704716877271	0.8104031374482268	0	candidate-surface abundance policy; fixed calls	1	0.005
hmp_gastrooral_gtdb_source_abundance	6	xny_share_alpha1_cap0.01	47	52	45	7	2	0.8653846153846154	0.9574468085106383	0.9090909090909091	78.00717420985247	0.8106299762056394	0	candidate-surface abundance policy; fixed calls	1	0.01
hmp_gastrooral_gtdb_source_abundance	6	xny_share_alpha1_cap0.02	47	52	45	7	2	0.8653846153846154	0.9574468085106383	0.9090909090909091	78.61591320500118	0.809407316707579	0	candidate-surface abundance policy; fixed calls	1	0.02
hmp_gastrooral_gtdb_source_abundance	6	xny_share_alpha1_cap0.05	47	52	45	7	2	0.8653846153846154	0.9574468085106383	0.9090909090909091	78.66194158406637	0.8092336061712525	0	candidate-surface abundance policy; fixed calls	1	0.02071686945083854
hmp_gastrooral_gtdb_source_abundance	6	xny_share_alpha2_cap0.001	47	52	45	7	2	0.8653846153846154	0.9574468085106383	0.9090909090909091	77.93460043288442	0.8098235948611949	0	candidate-surface abundance policy; fixed calls	1	0.001
hmp_gastrooral_gtdb_source_abundance	6	xny_share_alpha2_cap0.003	47	52	45	7	2	0.8653846153846154	0.9574468085106383	0.9090909090909091	77.65850935165733	0.8101573151341237	0	candidate-surface abundance policy; fixed calls	1	0.003
hmp_gastrooral_gtdb_source_abundance	6	xny_share_alpha2_cap0.005	47	52	45	7	2	0.8653846153846154	0.9574468085106383	0.9090909090909091	77.704716877271	0.8104031374482268	0	candidate-surface abundance policy; fixed calls	1	0.005
hmp_gastrooral_gtdb_source_abundance	6	xny_share_alpha2_cap0.01	47	52	45	7	2	0.8653846153846154	0.9574468085106383	0.9090909090909091	78.00717420985247	0.8106299762056394	0	candidate-surface abundance policy; fixed calls	1	0.01
hmp_gastrooral_gtdb_source_abundance	6	xny_share_alpha2_cap0.02	47	52	45	7	2	0.8653846153846154	0.9574468085106383	0.9090909090909091	78.61591320500118	0.809407316707579	0	candidate-surface abundance policy; fixed calls	1	0.02
hmp_gastrooral_gtdb_source_abundance	6	xny_share_alpha2_cap0.05	47	52	45	7	2	0.8653846153846154	0.9574468085106383	0.9090909090909091	79.96474313060247	0.7993327001021419	0	candidate-surface abundance policy; fixed calls	1	0.04143373890167708
hmp_gastrooral_gtdb_source_abundance	6	depth_share_alpha0.05	47	52	45	7	2	0.8653846153846154	0.9574468085106383	0.9090909090909091	77.9771762590846	0.8097644853614935	0	candidate-surface abundance policy; fixed calls	1	0.0006922909116328737
hmp_gastrooral_gtdb_source_abundance	6	depth_share_alpha0.1	47	52	45	7	2	0.8653846153846154	0.9574468085106383	0.9090909090909091	77.88142498352508	0.8098945653757393	0	candidate-surface abundance policy; fixed calls	1	0.0013845818232657474
hmp_gastrooral_gtdb_source_abundance	6	depth_share_alpha0.25	47	52	45	7	2	0.8653846153846154	0.9574468085106383	0.9090909090909091	77.61104157130639	0.81022185371507	0	candidate-surface abundance policy; fixed calls	1	0.0034614545581643686
hmp_gastrooral_gtdb_source_abundance	6	depth_share_alpha0.5	47	52	45	7	2	0.8653846153846154	0.9574468085106383	0.9090909090909091	77.82139193480009	0.8105561241280588	0	candidate-surface abundance policy; fixed calls	1	0.006922909116328737
hmp_gastrooral_gtdb_source_abundance	6	depth_share_alpha1	47	52	45	7	2	0.8653846153846154	0.9574468085106383	0.9090909090909091	78.23778361472274	0.8104249528679446	0	candidate-surface abundance policy; fixed calls	1	0.013845818232657474
hmp_gastrooral_gtdb_source_abundance	6	depth_share_alpha2	47	52	45	7	2	0.8653846153846154	0.9574468085106383	0.9090909090909091	79.10642203245229	0.8069459102796414	0	candidate-surface abundance policy; fixed calls	1	0.02769163646531495
hmp_gastrooral_gtdb_source_abundance	6	depth_share_alpha5	47	52	45	7	2	0.8653846153846154	0.9574468085106383	0.9090909090909091	81.63337619353226	0.77249483514127	0	candidate-surface abundance policy; fixed calls	1	0.06922909116328738
hmp_gastrooral_gtdb_source_abundance	6	depth_share_alpha10	47	52	45	7	2	0.8653846153846154	0.9574468085106383	0.9090909090909091	85.43519883604394	0.6642026619408146	0	candidate-surface abundance policy; fixed calls	1	0.13845818232657475
hmp_gastrooral_gtdb_source_abundance	6	depth_share_cap0.001	47	52	45	7	2	0.8653846153846154	0.9574468085106383	0.9090909090909091	77.93460043288442	0.8098235948611949	0	candidate-surface abundance policy; fixed calls	1	0.001
hmp_gastrooral_gtdb_source_abundance	6	depth_share_cap0.003	47	52	45	7	2	0.8653846153846154	0.9574468085106383	0.9090909090909091	77.65850935165733	0.8101573151341237	0	candidate-surface abundance policy; fixed calls	1	0.003
hmp_gastrooral_gtdb_source_abundance	6	depth_share_cap0.005	47	52	45	7	2	0.8653846153846154	0.9574468085106383	0.9090909090909091	77.704716877271	0.8104031374482268	0	candidate-surface abundance policy; fixed calls	1	0.005
hmp_gastrooral_gtdb_source_abundance	6	depth_share_cap0.01	47	52	45	7	2	0.8653846153846154	0.9574468085106383	0.9090909090909091	78.00717420985247	0.8106299762056394	0	candidate-surface abundance policy; fixed calls	1	0.01
hmp_gastrooral_gtdb_source_abundance	6	depth_share_cap0.02	47	52	45	7	2	0.8653846153846154	0.9574468085106383	0.9090909090909091	78.23778361472274	0.8104249528679446	0	candidate-surface abundance policy; fixed calls	1	0.013845818232657474
hmp_gastrooral_gtdb_source_abundance	6	depth_share_cap0.05	47	52	45	7	2	0.8653846153846154	0.9574468085106383	0.9090909090909091	78.23778361472274	0.8104249528679446	0	candidate-surface abundance policy; fixed calls	1	0.013845818232657474
hmp_gastrooral_gtdb_source_abundance	6	depth_share_alpha0.25_cap0.001	47	52	45	7	2	0.8653846153846154	0.9574468085106383	0.9090909090909091	77.93460043288442	0.8098235948611949	0	candidate-surface abundance policy; fixed calls	1	0.001
hmp_gastrooral_gtdb_source_abundance	6	depth_share_alpha0.25_cap0.003	47	52	45	7	2	0.8653846153846154	0.9574468085106383	0.9090909090909091	77.65850935165733	0.8101573151341237	0	candidate-surface abundance policy; fixed calls	1	0.003
hmp_gastrooral_gtdb_source_abundance	6	depth_share_alpha0.25_cap0.005	47	52	45	7	2	0.8653846153846154	0.9574468085106383	0.9090909090909091	77.61104157130639	0.81022185371507	0	candidate-surface abundance policy; fixed calls	1	0.0034614545581643686
hmp_gastrooral_gtdb_source_abundance	6	depth_share_alpha0.25_cap0.01	47	52	45	7	2	0.8653846153846154	0.9574468085106383	0.9090909090909091	77.61104157130639	0.81022185371507	0	candidate-surface abundance policy; fixed calls	1	0.0034614545581643686
hmp_gastrooral_gtdb_source_abundance	6	depth_share_alpha0.25_cap0.02	47	52	45	7	2	0.8653846153846154	0.9574468085106383	0.9090909090909091	77.61104157130639	0.81022185371507	0	candidate-surface abundance policy; fixed calls	1	0.0034614545581643686
hmp_gastrooral_gtdb_source_abundance	6	depth_share_alpha0.25_cap0.05	47	52	45	7	2	0.8653846153846154	0.9574468085106383	0.9090909090909091	77.61104157130639	0.81022185371507	0	candidate-surface abundance policy; fixed calls	1	0.0034614545581643686
hmp_gastrooral_gtdb_source_abundance	6	depth_share_alpha0.5_cap0.001	47	52	45	7	2	0.8653846153846154	0.9574468085106383	0.9090909090909091	77.93460043288442	0.8098235948611949	0	candidate-surface abundance policy; fixed calls	1	0.001
hmp_gastrooral_gtdb_source_abundance	6	depth_share_alpha0.5_cap0.003	47	52	45	7	2	0.8653846153846154	0.9574468085106383	0.9090909090909091	77.65850935165733	0.8101573151341237	0	candidate-surface abundance policy; fixed calls	1	0.003
hmp_gastrooral_gtdb_source_abundance	6	depth_share_alpha0.5_cap0.005	47	52	45	7	2	0.8653846153846154	0.9574468085106383	0.9090909090909091	77.704716877271	0.8104031374482268	0	candidate-surface abundance policy; fixed calls	1	0.005
hmp_gastrooral_gtdb_source_abundance	6	depth_share_alpha0.5_cap0.01	47	52	45	7	2	0.8653846153846154	0.9574468085106383	0.9090909090909091	77.82139193480009	0.8105561241280588	0	candidate-surface abundance policy; fixed calls	1	0.006922909116328737
hmp_gastrooral_gtdb_source_abundance	6	depth_share_alpha0.5_cap0.02	47	52	45	7	2	0.8653846153846154	0.9574468085106383	0.9090909090909091	77.82139193480009	0.8105561241280588	0	candidate-surface abundance policy; fixed calls	1	0.006922909116328737
hmp_gastrooral_gtdb_source_abundance	6	depth_share_alpha0.5_cap0.05	47	52	45	7	2	0.8653846153846154	0.9574468085106383	0.9090909090909091	77.82139193480009	0.8105561241280588	0	candidate-surface abundance policy; fixed calls	1	0.006922909116328737
hmp_gastrooral_gtdb_source_abundance	6	depth_share_alpha1_cap0.001	47	52	45	7	2	0.8653846153846154	0.9574468085106383	0.9090909090909091	77.93460043288442	0.8098235948611949	0	candidate-surface abundance policy; fixed calls	1	0.001
hmp_gastrooral_gtdb_source_abundance	6	depth_share_alpha1_cap0.003	47	52	45	7	2	0.8653846153846154	0.9574468085106383	0.9090909090909091	77.65850935165733	0.8101573151341237	0	candidate-surface abundance policy; fixed calls	1	0.003
hmp_gastrooral_gtdb_source_abundance	6	depth_share_alpha1_cap0.005	47	52	45	7	2	0.8653846153846154	0.9574468085106383	0.9090909090909091	77.704716877271	0.8104031374482268	0	candidate-surface abundance policy; fixed calls	1	0.005
hmp_gastrooral_gtdb_source_abundance	6	depth_share_alpha1_cap0.01	47	52	45	7	2	0.8653846153846154	0.9574468085106383	0.9090909090909091	78.00717420985247	0.8106299762056394	0	candidate-surface abundance policy; fixed calls	1	0.01
hmp_gastrooral_gtdb_source_abundance	6	depth_share_alpha1_cap0.02	47	52	45	7	2	0.8653846153846154	0.9574468085106383	0.9090909090909091	78.23778361472274	0.8104249528679446	0	candidate-surface abundance policy; fixed calls	1	0.013845818232657474
hmp_gastrooral_gtdb_source_abundance	6	depth_share_alpha1_cap0.05	47	52	45	7	2	0.8653846153846154	0.9574468085106383	0.9090909090909091	78.23778361472274	0.8104249528679446	0	candidate-surface abundance policy; fixed calls	1	0.013845818232657474
hmp_gastrooral_gtdb_source_abundance	6	depth_share_alpha2_cap0.001	47	52	45	7	2	0.8653846153846154	0.9574468085106383	0.9090909090909091	77.93460043288442	0.8098235948611949	0	candidate-surface abundance policy; fixed calls	1	0.001
hmp_gastrooral_gtdb_source_abundance	6	depth_share_alpha2_cap0.003	47	52	45	7	2	0.8653846153846154	0.9574468085106383	0.9090909090909091	77.65850935165733	0.8101573151341237	0	candidate-surface abundance policy; fixed calls	1	0.003
hmp_gastrooral_gtdb_source_abundance	6	depth_share_alpha2_cap0.005	47	52	45	7	2	0.8653846153846154	0.9574468085106383	0.9090909090909091	77.704716877271	0.8104031374482268	0	candidate-surface abundance policy; fixed calls	1	0.005
hmp_gastrooral_gtdb_source_abundance	6	depth_share_alpha2_cap0.01	47	52	45	7	2	0.8653846153846154	0.9574468085106383	0.9090909090909091	78.00717420985247	0.8106299762056394	0	candidate-surface abundance policy; fixed calls	1	0.01
hmp_gastrooral_gtdb_source_abundance	6	depth_share_alpha2_cap0.02	47	52	45	7	2	0.8653846153846154	0.9574468085106383	0.9090909090909091	78.61591320500118	0.809407316707579	0	candidate-surface abundance policy; fixed calls	1	0.02
hmp_gastrooral_gtdb_source_abundance	6	depth_share_alpha2_cap0.05	47	52	45	7	2	0.8653846153846154	0.9574468085106383	0.9090909090909091	79.10642203245229	0.8069459102796414	0	candidate-surface abundance policy; fixed calls	1	0.02769163646531495
