panel	method	samples	mean_F1	pooled_F1	pooled_TP	pooled_FP	pooled_FN	mean_delta_F1	min_delta_F1	worsened_samples	improved_samples	mean_official_L1_pp	mean_delta_official_L1_pp	max_worse_official_L1_pp	mean_official_Pearson	mean_delta_official_Pearson	current_panel_mean_F1	current_panel_pooled_F1	current_panel_L1_pp	current_panel_Pearson	delta_panel_mean_F1	delta_panel_pooled_F1	delta_panel_L1_pp	delta_panel_Pearson
cami2_toy_mouse_gut	current_calls	5,6,7	0.8938387600398774	0.8776470588235294	373	10	94	0.0	0.0	0	0	13.767837122926558	0.0	0.0	0.987976607726638	0.0	0.8938387600398774	0.8776470588235294	13.767837122926558	0.987976607726638	0.0	0.0	0.0	0.0
cami2_toy_mouse_gut	drop_ani_lt_0.95_and_breadth_lt_0.05	5,6,7	0.8802298022448731	0.8609112709832134	359	8	108	-0.013608957795004298	-0.040826873385012896	1	0	13.739256335329868	-0.028580787596689916	0.0	0.9879776182568826	1.0105302447419955e-06	0.8938387600398774	0.8776470588235294	13.767837122926558	0.987976607726638	-0.013608957795004262	-0.01673578784031604	-0.028580787596689916	1.0105302445939657e-06
cami2_toy_mouse_gut	drop_ani_lt_0.95_and_breadth_lt_0.1	5,6,7	0.8551803871704163	0.8300492610837438	337	8	130	-0.03865837286946109	-0.08306559571619809	2	0	13.643539185277662	-0.12429793764889396	0.0	0.9880108393693977	3.423164275976701e-05	0.8938387600398774	0.8776470588235294	13.767837122926558	0.987976607726638	-0.038658372869461055	-0.047597797739785674	-0.12429793764889574	3.423164275973001e-05
cami2_toy_mouse_gut	drop_ani_lt_0.95_and_breadth_lt_0.2	5,6,7	0.8408620702776336	0.8125	325	8	142	-0.05297668976224368	-0.10535105657805044	2	0	13.703585820396668	-0.06425130252988846	0.0	0.9880612048814129	8.45971547750457e-05	0.8938387600398774	0.8776470588235294	13.767837122926558	0.987976607726638	-0.05297668976224379	-0.06514705882352945	-0.06425130252988964	8.459715477493468e-05
cami2_toy_mouse_gut	drop_ani_lt_0.96_and_breadth_lt_0.05	5,6,7	0.8768028091329588	0.8567990373044524	356	8	111	-0.017035950906918635	-0.05110785272075591	1	0	13.748445987654534	-0.019391135272022336	0.0	0.987977636063733	1.0283370950695907e-06	0.8938387600398774	0.8776470588235294	13.767837122926558	0.987976607726638	-0.017035950906918562	-0.020848021519077053	-0.01939113527202352	1.0283370950325832e-06
cami2_toy_mouse_gut	drop_ani_lt_0.96_and_breadth_lt_0.1	5,6,7	0.8443369410293924	0.8169364881693648	328	8	139	-0.049501819010485004	-0.10535105657805044	2	0	13.721353955400566	-0.046483167525990986	0.0	0.9880104117480029	3.3804021364880477e-05	0.8938387600398774	0.8776470588235294	13.767837122926558	0.987976607726638	-0.049501819010485004	-0.06071057065416463	-0.046483167525991576	3.3804021364880477e-05
cami2_toy_mouse_gut	drop_ani_lt_0.96_and_breadth_lt_0.2	5,6,7	0.8284259010220548	0.7974683544303798	315	8	152	-0.06541285901782252	-0.12847222222222232	2	0	13.811199901887013	0.043362778960454186	0.11484042072806311	0.9880608704560564	8.426272941837916e-05	0.8938387600398774	0.8776470588235294	13.767837122926558	0.987976607726638	-0.06541285901782257	-0.08017870439314967	0.04336277896045537	8.426272941841617e-05
cami2_toy_mouse_gut	drop_ani_lt_0.97_and_breadth_lt_0.05	5,6,7	0.8756470389069797	0.8554216867469879	355	8	112	-0.018191721132897614	-0.05457516339869284	1	0	13.753968089989996	-0.013869032936560425	0.0	0.9879776230037796	1.0152771416175692e-06	0.8938387600398774	0.8776470588235294	13.767837122926558	0.987976607726638	-0.018191721132897687	-0.022225372076541516	-0.01386903293656161	1.0152771415805617e-06
cami2_toy_mouse_gut	drop_ani_lt_0.97_and_breadth_lt_0.1	5,6,7	0.8323958343740738	0.802017654476671	318	8	149	-0.061442925665803595	-0.11296296296296293	2	0	13.800920925692816	0.03308380276625833	0.12719866995951534	0.9880095946706028	3.2986943964807836e-05	0.8938387600398774	0.8776470588235294	13.767837122926558	0.987976607726638	-0.06144292566580356	-0.0756294043468585	0.03308380276625833	3.2986943964807836e-05
cami2_toy_mouse_gut	drop_ani_lt_0.97_and_breadth_lt_0.2	5,6,7	0.806733468874044	0.7710219922380337	298	8	169	-0.08710529116583339	-0.15656727014554495	2	0	14.061405649291823	0.29356852636526476	0.5675996339514793	0.988060834185157	8.422645851905812e-05	0.8938387600398774	0.8776470588235294	13.767837122926558	0.987976607726638	-0.08710529116583343	-0.10662506658549575	0.29356852636526476	8.422645851902111e-05
cami2_toy_mouse_gut	drop_ani_lt_0.98_and_breadth_lt_0.05	5,6,7	0.8744844499776027	0.8540410132689986	354	8	113	-0.01935431006227469	-0.05806293018682407	1	0	13.76390341729469	-0.00393370563186816	0.0	0.9879775763250999	9.685984618812427e-07	0.8938387600398774	0.8776470588235294	13.767837122926558	0.987976607726638	-0.019354310062274727	-0.02360604555453083	-0.003933705631867568	9.685984618812427e-07
cami2_toy_mouse_gut	drop_ani_lt_0.98_and_breadth_lt_0.1	5,6,7	0.825007884055219	0.7928843710292249	312	8	155	-0.0688308759846585	-0.11680426556587553	2	0	13.84341856760642	0.07558144467986179	0.22154061836383576	0.9880091705462188	3.25628195809354e-05	0.8938387600398774	0.8776470588235294	13.767837122926558	0.987976607726638	-0.06883087598465842	-0.08476268779430451	0.07558144467986239	3.256281958086138e-05
cami2_toy_mouse_gut	drop_ani_lt_0.98_and_breadth_lt_0.2	5,6,7	0.78673306214576	0.7467018469656992	283	8	184	-0.10710569789411735	-0.1731930960086301	2	0	14.278867852010327	0.5110307290837692	0.8494063558687497	0.9880601576472455	8.354992060766175e-05	0.8938387600398774	0.8776470588235294	13.767837122926558	0.987976607726638	-0.10710569789411739	-0.13094521185783026	0.5110307290837692	8.354992060755073e-05
cami2_toy_mouse_gut	drop_depth_lt_0.5_and_breadth_lt_0.05	5,6,7	0.870563089159416	0.8495145631067961	350	7	117	-0.02327567088046134	-0.06982701264138402	1	0	13.783258657174665	0.015421534248107585	0.04626460274432276	0.9879775225270623	9.148004242639137e-07	0.8938387600398774	0.8776470588235294	13.767837122926558	0.987976607726638	-0.02327567088046134	-0.028132495716733374	0.015421534248106994	9.148004243009211e-07
cami2_toy_mouse_gut	drop_depth_lt_0.5_and_breadth_lt_0.1	5,6,7	0.7914517638253521	0.7526315789473684	286	7	181	-0.1023869962145253	-0.17515381831342736	2	0	14.040138118905455	0.2723009959788989	0.4959358345034026	0.9880082217332068	3.161400656888821e-05	0.8938387600398774	0.8776470588235294	13.767837122926558	0.987976607726638	-0.1023869962145253	-0.12501547987616102	0.2723009959788971	3.161400656881419e-05
cami2_toy_mouse_gut	drop_depth_lt_0.5_and_breadth_lt_0.2	5,6,7	0.7041584785613778	0.6534090909090909	230	7	237	-0.18968028147849955	-0.2906619385342789	3	0	14.977641863931275	1.2098047410047188	1.8793473861680194	0.9880583630874952	8.175536085723116e-05	0.8938387600398774	0.8776470588235294	13.767837122926558	0.987976607726638	-0.18968028147849958	-0.2242379679144385	1.2098047410047172	8.175536085719415e-05
cami2_toy_mouse_gut	drop_depth_lt_0.5_and_breadth_lt_0.3	5,6,7	0.605042905855914	0.5460122699386503	178	7	289	-0.28879585418396336	-0.41662376662376666	3	0	16.91071031060467	3.142873187678114	4.971339089124401	0.9880446529062737	6.804517963573027e-05	0.8938387600398774	0.8776470588235294	13.767837122926558	0.987976607726638	-0.28879585418396336	-0.3316347888848792	3.142873187678113	6.804517963576728e-05
cami2_toy_mouse_gut	drop_depth_lt_1_and_breadth_lt_0.05	5,6,7	0.870563089159416	0.8495145631067961	350	7	117	-0.02327567088046134	-0.06982701264138402	1	0	13.783258657174665	0.015421534248107585	0.04626460274432276	0.9879775225270623	9.148004242639137e-07	0.8938387600398774	0.8776470588235294	13.767837122926558	0.987976607726638	-0.02327567088046134	-0.028132495716733374	0.015421534248106994	9.148004243009211e-07
cami2_toy_mouse_gut	drop_depth_lt_1_and_breadth_lt_0.1	5,6,7	0.7914517638253521	0.7526315789473684	286	7	181	-0.1023869962145253	-0.17515381831342736	2	0	14.040138118905455	0.2723009959788989	0.4959358345034026	0.9880082217332068	3.161400656888821e-05	0.8938387600398774	0.8776470588235294	13.767837122926558	0.987976607726638	-0.1023869962145253	-0.12501547987616102	0.2723009959788971	3.161400656881419e-05
cami2_toy_mouse_gut	drop_depth_lt_1_and_breadth_lt_0.2	5,6,7	0.7041584785613778	0.6534090909090909	230	7	237	-0.18968028147849955	-0.2906619385342789	3	0	14.977641863931275	1.2098047410047188	1.8793473861680194	0.9880583630874952	8.175536085723116e-05	0.8938387600398774	0.8776470588235294	13.767837122926558	0.987976607726638	-0.18968028147849958	-0.2242379679144385	1.2098047410047172	8.175536085719415e-05
cami2_toy_mouse_gut	drop_depth_lt_1_and_breadth_lt_0.3	5,6,7	0.6019774653654435	0.5437788018433178	177	7	290	-0.29186129467443384	-0.41662376662376666	3	0	16.910459652960963	3.142622530034405	4.971339089124401	0.9880531240718038	7.65163451658483e-05	0.8938387600398774	0.8776470588235294	13.767837122926558	0.987976607726638	-0.2918612946744339	-0.3338682569802116	3.142622530034405	7.65163451658113e-05
cami2_toy_mouse_gut	drop_depth_lt_2_and_breadth_lt_0.05	5,6,7	0.870563089159416	0.8495145631067961	350	7	117	-0.02327567088046134	-0.06982701264138402	1	0	13.783258657174665	0.015421534248107585	0.04626460274432276	0.9879775225270623	9.148004242639137e-07	0.8938387600398774	0.8776470588235294	13.767837122926558	0.987976607726638	-0.02327567088046134	-0.028132495716733374	0.015421534248106994	9.148004243009211e-07
cami2_toy_mouse_gut	drop_depth_lt_2_and_breadth_lt_0.1	5,6,7	0.7914517638253521	0.7526315789473684	286	7	181	-0.1023869962145253	-0.17515381831342736	2	0	14.040138118905455	0.2723009959788989	0.4959358345034026	0.9880082217332068	3.161400656888821e-05	0.8938387600398774	0.8776470588235294	13.767837122926558	0.987976607726638	-0.1023869962145253	-0.12501547987616102	0.2723009959788971	3.161400656881419e-05
cami2_toy_mouse_gut	drop_depth_lt_2_and_breadth_lt_0.2	5,6,7	0.7041584785613778	0.6534090909090909	230	7	237	-0.18968028147849955	-0.2906619385342789	3	0	14.977641863931275	1.2098047410047188	1.8793473861680194	0.9880583630874952	8.175536085723116e-05	0.8938387600398774	0.8776470588235294	13.767837122926558	0.987976607726638	-0.18968028147849958	-0.2242379679144385	1.2098047410047172	8.175536085719415e-05
cami2_toy_mouse_gut	drop_depth_lt_2_and_breadth_lt_0.3	5,6,7	0.6019774653654435	0.5437788018433178	177	7	290	-0.29186129467443384	-0.41662376662376666	3	0	16.910459652960963	3.142622530034405	4.971339089124401	0.9880531240718038	7.65163451658483e-05	0.8938387600398774	0.8776470588235294	13.767837122926558	0.987976607726638	-0.2918612946744339	-0.3338682569802116	3.142622530034405	7.65163451658113e-05
cami2_toy_mouse_gut	drop_prob_lt_0.5_and_breadth_lt_0.05	5,6,7	0.8906797186455419	0.8736717827626919	370	10	97	-0.003159041394335501	-0.009477124183006502	1	0	13.716706397820348	-0.051130725106209717	0.0	0.9879773105019058	7.027752678319862e-07	0.8938387600398774	0.8776470588235294	13.767837122926558	0.987976607726638	-0.0031590413943355378	-0.003975276060837585	-0.051130725106210306	7.027752678689936e-07
cami2_toy_mouse_gut	drop_prob_lt_0.5_and_breadth_lt_0.1	5,6,7	0.8831535695942475	0.8642857142857142	363	10	104	-0.010685190445629803	-0.01911487758945385	2	0	13.739746695869576	-0.0280904270569818	0.13738400162457864	0.9879794967180541	2.8889914162055774e-06	0.8938387600398774	0.8776470588235294	13.767837122926558	0.987976607726638	-0.010685190445629877	-0.013361344537815234	-0.028090427056982392	2.888991416094555e-06
cami2_toy_mouse_gut	drop_prob_lt_0.5_and_breadth_lt_0.2	5,6,7	0.8809769078890892	0.8615751789976134	361	10	106	-0.01286185215078813	-0.022363865281712303	2	0	13.80424983263464	0.03641270970808345	0.217672173921585	0.9879783236302287	1.7159035906969915e-06	0.8938387600398774	0.8776470588235294	13.767837122926558	0.987976607726638	-0.012861852150788167	-0.01607187982591607	0.03641270970808286	1.7159035907710063e-06
cami2_toy_mouse_gut	drop_prob_lt_0.5_and_breadth_lt_0.3	5,6,7	0.8798770280710791	0.860215053763441	360	10	107	-0.013961731968798316	-0.022363865281712303	2	0	13.88894204539158	0.12110492246502247	0.47174881219240206	0.9879742052207594	-2.402505878499698e-06	0.8938387600398774	0.8776470588235294	13.767837122926558	0.987976607726638	-0.013961731968798241	-0.017432005060088462	0.12110492246502247	-2.402505878573713e-06
cami2_toy_mouse_gut	drop_prob_lt_0.5_and_realaf_lt_0.05	5,6,7	0.8927916126138998	0.8763250883392226	372	10	95	-0.00104714742597752	-0.00314144227793256	1	0	13.72275966249398	-0.045077460432575954	0.0	0.9879774356755392	8.27948901290417e-07	0.8938387600398774	0.8776470588235294	13.767837122926558	0.987976607726638	-0.001047147425977557	-0.0013219704843068225	-0.04507746043257832	8.279489012164021e-07
cami2_toy_mouse_gut	drop_prob_lt_0.5_and_realaf_lt_0.1	5,6,7	0.8896103896103896	0.8723404255319147	369	10	98	-0.00422837042948776	-0.009477124183006502	2	0	13.72237343891441	-0.045463684012148065	0.01700112328218495	0.9879771476859961	5.399593581145723e-07	0.8938387600398774	0.8776470588235294	13.767837122926558	0.987976607726638	-0.00422837042948776	-0.005306633291614737	-0.045463684012148065	5.399593581145723e-07
cami2_toy_mouse_gut	drop_prob_lt_0.5_and_realaf_lt_0.2	5,6,7	0.8820599037865087	0.8629320619785459	362	10	105	-0.011778856253368645	-0.01911487758945385	2	0	13.766509419968578	-0.0013277029579796817	0.217672173921585	0.9879788834961052	2.2757694672081996e-06	0.8938387600398774	0.8776470588235294	13.767837122926558	0.987976607726638	-0.011778856253368719	-0.014714996844983563	-0.0013277029579796817	2.2757694672081996e-06
cami2_toy_mouse_gut	drop_prob_lt_0.5_and_realaf_lt_0.3	5,6,7	0.8820599037865087	0.8629320619785459	362	10	105	-0.011778856253368645	-0.01911487758945385	2	0	13.766509419968578	-0.0013277029579796817	0.217672173921585	0.9879788834961052	2.2757694672081996e-06	0.8938387600398774	0.8776470588235294	13.767837122926558	0.987976607726638	-0.011778856253368719	-0.014714996844983563	-0.0013277029579796817	2.2757694672081996e-06
cami2_toy_mouse_gut	drop_prob_lt_0.5_and_xny_lt_100	5,6,7	0.8896103896103896	0.8723404255319147	369	10	98	-0.00422837042948776	-0.009477124183006502	2	0	13.72237343891441	-0.045463684012148065	0.01700112328218495	0.9879771476859961	5.399593581145723e-07	0.8938387600398774	0.8776470588235294	13.767837122926558	0.987976607726638	-0.00422837042948776	-0.005306633291614737	-0.045463684012148065	5.399593581145723e-07
cami2_toy_mouse_gut	drop_prob_lt_0.5_and_xny_lt_200	5,6,7	0.8820599037865087	0.8629320619785459	362	10	105	-0.011778856253368645	-0.01911487758945385	2	0	13.766509419968578	-0.0013277029579796817	0.217672173921585	0.9879788834961052	2.2757694672081996e-06	0.8938387600398774	0.8776470588235294	13.767837122926558	0.987976607726638	-0.011778856253368719	-0.014714996844983563	-0.0013277029579796817	2.2757694672081996e-06
cami2_toy_mouse_gut	drop_prob_lt_0.5_and_xny_lt_25	5,6,7	0.8927916126138998	0.8763250883392226	372	10	95	-0.00104714742597752	-0.00314144227793256	1	0	13.72275966249398	-0.045077460432575954	0.0	0.9879774356755392	8.27948901290417e-07	0.8938387600398774	0.8776470588235294	13.767837122926558	0.987976607726638	-0.001047147425977557	-0.0013219704843068225	-0.04507746043257832	8.279489012164021e-07
cami2_toy_mouse_gut	drop_prob_lt_0.5_and_xny_lt_50	5,6,7	0.8927916126138998	0.8763250883392226	372	10	95	-0.00104714742597752	-0.00314144227793256	1	0	13.72275966249398	-0.045077460432575954	0.0	0.9879774356755392	8.27948901290417e-07	0.8938387600398774	0.8776470588235294	13.767837122926558	0.987976607726638	-0.001047147425977557	-0.0013219704843068225	-0.04507746043257832	8.279489012164021e-07
cami2_toy_mouse_gut	drop_prob_lt_0.5_and_xny_lt_500	5,6,7	0.8761106914485083	0.8574850299401197	358	10	109	-0.017728068591369033	-0.022839771443123436	3	0	13.939538385255622	0.1717012623290645	0.7326307232580582	0.9879755550454128	-1.0526812251517488e-06	0.8938387600398774	0.8776470588235294	13.767837122926558	0.987976607726638	-0.017728068591369106	-0.02016202888340979	0.1717012623290639	-1.0526812251887563e-06
cami2_toy_mouse_gut	drop_prob_lt_0.5_and_zipaf_lt_0.1	5,6,7	0.8938387600398774	0.8776470588235294	373	10	94	0.0	0.0	0	0	13.767837122926558	0.0	0.0	0.987976607726638	0.0	0.8938387600398774	0.8776470588235294	13.767837122926558	0.987976607726638	0.0	0.0	0.0	0.0
cami2_toy_mouse_gut	drop_prob_lt_0.5_and_zipaf_lt_0.2	5,6,7	0.8938387600398774	0.8776470588235294	373	10	94	0.0	0.0	0	0	13.767837122926558	0.0	0.0	0.987976607726638	0.0	0.8938387600398774	0.8776470588235294	13.767837122926558	0.987976607726638	0.0	0.0	0.0	0.0
cami2_toy_mouse_gut	drop_prob_lt_0.5_and_zipaf_lt_0.3	5,6,7	0.8906797186455419	0.8736717827626919	370	10	97	-0.003159041394335501	-0.009477124183006502	1	0	13.685503263482039	-0.08233385944451872	0.0	0.987979890664333	3.282937695026078e-06	0.8938387600398774	0.8776470588235294	13.767837122926558	0.987976607726638	-0.0031590413943355378	-0.003975276060837585	-0.08233385944451932	3.282937695026078e-06
cami2_toy_mouse_gut	drop_prob_lt_0.5_and_zipaf_lt_0.4	5,6,7	0.8855892035513476	0.8693586698337292	366	9	101	-0.008249556488529727	-0.009477124183006502	3	0	14.17022664396813	0.40238952104157527	0.8567930804124373	0.9879125533782193	-6.405434841871838e-05	0.8938387600398774	0.8776470588235294	13.767837122926558	0.987976607726638	-0.008249556488529763	-0.008288388989800222	0.402389521041572	-6.405434841871838e-05
cami2_toy_mouse_gut	drop_prob_lt_0.7_and_breadth_lt_0.05	5,6,7	0.8890828677839852	0.8717339667458432	367	8	100	-0.004755892255892273	-0.014267676767676818	1	0	13.71321102322261	-0.05462609970394716	0.0	0.9879773630753365	7.553486985889535e-07	0.8938387600398774	0.8776470588235294	13.767837122926558	0.987976607726638	-0.004755892255892236	-0.0059130920776861995	-0.05462609970394716	7.553486984779312e-07
cami2_toy_mouse_gut	drop_prob_lt_0.7_and_breadth_lt_0.1	5,6,7	0.870385234365377	0.8484848484848484	350	8	117	-0.02345352567450043	-0.040826873385012896	2	0	13.678766191626616	-0.08907093129994041	0.0082570659541652	0.9880033917216885	2.678399505055366e-05	0.8938387600398774	0.8776470588235294	13.767837122926558	0.987976607726638	-0.02345352567450043	-0.02916221033868105	-0.08907093129994159	2.678399505051665e-05
cami2_toy_mouse_gut	drop_prob_lt_0.7_and_breadth_lt_0.2	5,6,7	0.8566203550504964	0.8314883148831489	338	8	129	-0.03721840498938104	-0.0615713346482577	2	0	13.862423628525987	0.09458650559942801	0.2065900194613164	0.988038773034624	6.216530798600998e-05	0.8938387600398774	0.8776470588235294	13.767837122926558	0.987976607726638	-0.037218404989381004	-0.04615874394038055	0.0945865055994286	6.216530798597297e-05
cami2_toy_mouse_gut	drop_prob_lt_0.7_and_breadth_lt_0.3	5,6,7	0.8468989286813375	0.8213399503722084	331	8	136	-0.04693983135853974	-0.06865079365079374	3	0	14.30888925222232	0.5410521292957625	0.8623594709366458	0.9880261742418767	4.956651523879696e-05	0.8938387600398774	0.8776470588235294	13.767837122926558	0.987976607726638	-0.04693983135853985	-0.05630710845132103	0.5410521292957622	4.956651523868594e-05
cami2_toy_mouse_gut	drop_prob_lt_0.7_and_realaf_lt_0.05	5,6,7	0.8944145459097809	0.8783943329397875	372	8	95	0.0005757858699034779	0.0	0	1	13.717064870967533	-0.050772251959022796	0.0	0.9879774356755391	8.279489012164021e-07	0.8938387600398774	0.8776470588235294	13.767837122926558	0.987976607726638	0.0005757858699034779	0.0007472741162580787	-0.05077225195902457	8.279489011053798e-07
cami2_toy_mouse_gut	drop_prob_lt_0.7_and_realaf_lt_0.1	5,6,7	0.8847722439271735	0.8663484486873507	363	8	104	-0.00906651611270389	-0.01752136752136746	2	0	13.67889774543618	-0.08893937749037899	0.022887215048438492	0.987984365863818	7.758137180013946e-06	0.8938387600398774	0.8776470588235294	13.767837122926558	0.987976607726638	-0.009066516112703926	-0.011298610136178722	-0.08893937749037839	7.758137180013946e-06
cami2_toy_mouse_gut	drop_prob_lt_0.7_and_realaf_lt_0.2	5,6,7	0.8658542314906595	0.8428745432399513	346	8	121	-0.02798452854921792	-0.04423388402980244	2	0	13.72248346115216	-0.045353661774395114	0.08221282041077416	0.9880112973312701	3.468960463219132e-05	0.8938387600398774	0.8776470588235294	13.767837122926558	0.987976607726638	-0.027984528549217846	-0.03477251558357819	-0.04535366177439748	3.4689604632154314e-05
cami2_toy_mouse_gut	drop_prob_lt_0.7_and_realaf_lt_0.3	5,6,7	0.8566247790747091	0.8314883148831489	338	8	129	-0.037213980965168224	-0.05806293018682407	2	0	13.998524045730894	0.23068692280433525	0.5319743292009846	0.9880185784830934	4.197075645554863e-05	0.8938387600398774	0.8776470588235294	13.767837122926558	0.987976607726638	-0.03721398096516826	-0.04615874394038055	0.23068692280433645	4.1970756455400604e-05
cami2_toy_mouse_gut	drop_prob_lt_0.7_and_xny_lt_100	5,6,7	0.8847722439271735	0.8663484486873507	363	8	104	-0.00906651611270389	-0.01752136752136746	2	0	13.67889774543618	-0.08893937749037899	0.022887215048438492	0.987984365863818	7.758137180013946e-06	0.8938387600398774	0.8776470588235294	13.767837122926558	0.987976607726638	-0.009066516112703926	-0.011298610136178722	-0.08893937749037839	7.758137180013946e-06
cami2_toy_mouse_gut	drop_prob_lt_0.7_and_xny_lt_200	5,6,7	0.8658542314906595	0.8428745432399513	346	8	121	-0.02798452854921792	-0.04423388402980244	2	0	13.72248346115216	-0.045353661774395114	0.08221282041077416	0.9880112973312701	3.468960463219132e-05	0.8938387600398774	0.8776470588235294	13.767837122926558	0.987976607726638	-0.027984528549217846	-0.03477251558357819	-0.04535366177439748	3.4689604632154314e-05
cami2_toy_mouse_gut	drop_prob_lt_0.7_and_xny_lt_25	5,6,7	0.893600812595226	0.8773584905660378	372	9	95	-0.00023794744465136888	-0.0007138423339541067	1	0	13.722361057445076	-0.04547606548148112	0.0	0.9879774356755391	8.279489012164021e-07	0.8938387600398774	0.8776470588235294	13.767837122926558	0.987976607726638	-0.0002379474446514429	-0.0002885682574916837	-0.04547606548148231	8.279489011053798e-07
cami2_toy_mouse_gut	drop_prob_lt_0.7_and_xny_lt_50	5,6,7	0.8944145459097809	0.8783943329397875	372	8	95	0.0005757858699034779	0.0	0	1	13.717064870967533	-0.050772251959022796	0.0	0.9879774356755391	8.279489012164021e-07	0.8938387600398774	0.8776470588235294	13.767837122926558	0.987976607726638	0.0005757858699034779	0.0007472741162580787	-0.05077225195902457	8.279489011053798e-07
cami2_toy_mouse_gut	drop_prob_lt_0.7_and_xny_lt_500	5,6,7	0.8298516390541003	0.808030112923463	322	8	145	-0.06398712098577708	-0.07581503659347988	3	0	15.82375125460662	2.055914131680062	3.1794380331695233	0.9881565019459101	0.00017989421927215124	0.8938387600398774	0.8776470588235294	13.767837122926558	0.987976607726638	-0.06398712098577708	-0.0696169459000664	2.055914131680062	0.00017989421927211424
cami2_toy_mouse_gut	drop_prob_lt_0.7_and_zipaf_lt_0.1	5,6,7	0.8938387600398774	0.8776470588235294	373	10	94	0.0	0.0	0	0	13.767837122926558	0.0	0.0	0.987976607726638	0.0	0.8938387600398774	0.8776470588235294	13.767837122926558	0.987976607726638	0.0	0.0	0.0	0.0
cami2_toy_mouse_gut	drop_prob_lt_0.7_and_zipaf_lt_0.2	5,6,7	0.8917386152023025	0.8749999999999999	371	10	96	-0.0021001448375749985	-0.006300434512724995	1	0	13.667313911422875	-0.10052321150368175	0.0	0.9879808947784583	4.287051820317522e-06	0.8938387600398774	0.8776470588235294	13.767837122926558	0.987976607726638	-0.0021001448375749243	-0.002647058823529558	-0.10052321150368293	4.287051820317522e-06
cami2_toy_mouse_gut	drop_prob_lt_0.7_and_zipaf_lt_0.3	5,6,7	0.8871889283900457	0.8693586698337292	366	9	101	-0.006649831649831683	-0.01994949494949505	1	0	13.653305170958797	-0.11453195196775923	0.0	0.9880025531978823	2.5945471244385548e-05	0.8938387600398774	0.8776470588235294	13.767837122926558	0.987976607726638	-0.006649831649831683	-0.008288388989800222	-0.114531951967761	2.594547124434854e-05
cami2_toy_mouse_gut	drop_prob_lt_0.7_and_zipaf_lt_0.4	5,6,7	0.8733103531840042	0.8540410132689986	354	8	113	-0.020528406855873205	-0.033141762452107204	3	0	14.171796847919325	0.4039597249927687	0.8379489510999605	0.9879451826451974	-3.142508144060585e-05	0.8938387600398774	0.8776470588235294	13.767837122926558	0.987976607726638	-0.020528406855873205	-0.02360604555453083	0.40395972499276667	-3.142508144060585e-05
cami2_toy_mouse_gut	drop_prob_lt_0.95_and_breadth_lt_0.05	5,6,7	0.8741168125731228	0.8536880290205562	353	7	114	-0.01972194746675456	-0.05916584240026368	1	0	13.770165561523706	0.002328438597150632	0.006985315791451896	0.987977558640427	9.509137890439945e-07	0.8938387600398774	0.8776470588235294	13.767837122926558	0.987976607726638	-0.019721947466754597	-0.023959029802973264	0.0023284385971482635	9.509137890439945e-07
cami2_toy_mouse_gut	drop_prob_lt_0.95_and_breadth_lt_0.1	5,6,7	0.8010994191713735	0.7640156453715775	293	7	174	-0.09273934086850377	-0.1501774937877174	2	0	13.996465812625551	0.2286286896989941	0.4788391149094089	0.988008261796287	3.165406964892684e-05	0.8938387600398774	0.8776470588235294	13.767837122926558	0.987976607726638	-0.09273934086850388	-0.11363141345195193	0.22862868969899353	3.165406964900086e-05
cami2_toy_mouse_gut	drop_prob_lt_0.95_and_breadth_lt_0.2	5,6,7	0.7304147941065015	0.681502086230876	245	7	222	-0.16342396593337594	-0.2563052672049212	3	0	14.794956452254324	1.0271193293277656	1.6799289910981994	0.9880591740521979	8.256632555995551e-05	0.8938387600398774	0.8776470588235294	13.767837122926558	0.987976607726638	-0.16342396593337594	-0.1961449725926534	1.0271193293277658	8.25663255599185e-05
cami2_toy_mouse_gut	drop_prob_lt_0.95_and_breadth_lt_0.3	5,6,7	0.6583663121239006	0.6038291605301914	205	7	262	-0.23547244791597674	-0.34281045751633976	3	0	16.297723196654303	2.5298860737277464	4.08390265985974	0.9880540311661282	7.74234394902799e-05	0.8938387600398774	0.8776470588235294	13.767837122926558	0.987976607726638	-0.23547244791597677	-0.273817898293338	2.529886073727745	7.742343949024288e-05
cami2_toy_mouse_gut	drop_prob_lt_0.95_and_realaf_lt_0.05	5,6,7	0.8898976394320902	0.8727705112960762	367	7	100	-0.003941120607787248	-0.011823361823361744	1	0	13.70086882210783	-0.06696830081872622	0.0	0.9879774399070124	8.321803744622732e-07	0.8938387600398774	0.8776470588235294	13.767837122926558	0.987976607726638	-0.003941120607787174	-0.004876547527453257	-0.0669683008187274	8.321803743882583e-07
cami2_toy_mouse_gut	drop_prob_lt_0.95_and_realaf_lt_0.1	5,6,7	0.8268882858435097	0.7954256670902159	313	7	154	-0.06695047419636768	-0.12222222222222234	2	0	13.939556882417916	0.17171975949135762	0.4099969691667482	0.987985205378743	8.597652105035714e-06	0.8938387600398774	0.8776470588235294	13.767837122926558	0.987976607726638	-0.06695047419636768	-0.08222139173331355	0.1717197594913582	8.597652105035714e-06
cami2_toy_mouse_gut	drop_prob_lt_0.95_and_realaf_lt_0.2	5,6,7	0.7605674537134206	0.7171853856562922	265	7	202	-0.13327130632645676	-0.21450410141685317	3	0	14.367063255619351	0.5992261326927943	0.9652223985330952	0.9880214756674469	4.486794080897175e-05	0.8938387600398774	0.8776470588235294	13.767837122926558	0.987976607726638	-0.13327130632645678	-0.16046167316723725	0.5992261326927935	4.486794080893475e-05
cami2_toy_mouse_gut	drop_prob_lt_0.95_and_realaf_lt_0.3	5,6,7	0.6830867500429775	0.6300578034682082	218	7	249	-0.21075200999689991	-0.3162655435218612	3	0	15.66623207810762	1.898394955181063	3.2295301598988306	0.9880453455280532	6.873780141521586e-05	0.8938387600398774	0.8776470588235294	13.767837122926558	0.987976607726638	-0.21075200999689991	-0.24758925535532128	1.8983949551810628	6.873780141525287e-05
cami2_toy_mouse_gut	drop_prob_lt_0.95_and_xny_lt_100	5,6,7	0.8268882858435097	0.7954256670902159	313	7	154	-0.06695047419636768	-0.12222222222222234	2	0	13.939556882417916	0.17171975949135762	0.4099969691667482	0.987985205378743	8.597652105035714e-06	0.8938387600398774	0.8776470588235294	13.767837122926558	0.987976607726638	-0.06695047419636768	-0.08222139173331355	0.1717197594913582	8.597652105035714e-06
cami2_toy_mouse_gut	drop_prob_lt_0.95_and_xny_lt_200	5,6,7	0.7605674537134206	0.7171853856562922	265	7	202	-0.13327130632645676	-0.21450410141685317	3	0	14.367063255619351	0.5992261326927943	0.9652223985330952	0.9880214756674469	4.486794080897175e-05	0.8938387600398774	0.8776470588235294	13.767837122926558	0.987976607726638	-0.13327130632645678	-0.16046167316723725	0.5992261326927935	4.486794080893475e-05
cami2_toy_mouse_gut	drop_prob_lt_0.95_and_xny_lt_25	5,6,7	0.893600812595226	0.8773584905660378	372	9	95	-0.00023794744465136888	-0.0007138423339541067	1	0	13.722361057445076	-0.04547606548148112	0.0	0.9879774356755391	8.279489012164021e-07	0.8938387600398774	0.8776470588235294	13.767837122926558	0.987976607726638	-0.0002379474446514429	-0.0002885682574916837	-0.04547606548148231	8.279489011053798e-07
cami2_toy_mouse_gut	drop_prob_lt_0.95_and_xny_lt_50	5,6,7	0.8898976394320902	0.8727705112960762	367	7	100	-0.003941120607787248	-0.011823361823361744	1	0	13.70086882210783	-0.06696830081872622	0.0	0.9879774399070124	8.321803744622732e-07	0.8938387600398774	0.8776470588235294	13.767837122926558	0.987976607726638	-0.003941120607787174	-0.004876547527453257	-0.0669683008187274	8.321803743882583e-07
cami2_toy_mouse_gut	drop_prob_lt_0.95_and_xny_lt_500	5,6,7	0.5689012780214066	0.5195618153364633	166	6	301	-0.3249374820184708	-0.3989397794741306	3	0	20.234819911047172	6.466982788120615	9.646175715214332	0.9881704417726839	0.00019383404604585616	0.8938387600398774	0.8776470588235294	13.767837122926558	0.987976607726638	-0.32493748201847084	-0.35808524348706616	6.466982788120614	0.00019383404604589316
cami2_toy_mouse_gut	drop_prob_lt_0.95_and_zipaf_lt_0.1	5,6,7	0.8938387600398774	0.8776470588235294	373	10	94	0.0	0.0	0	0	13.767837122926558	0.0	0.0	0.987976607726638	0.0	0.8938387600398774	0.8776470588235294	13.767837122926558	0.987976607726638	0.0	0.0	0.0	0.0
cami2_toy_mouse_gut	drop_prob_lt_0.95_and_zipaf_lt_0.2	5,6,7	0.8925471322776614	0.8760330578512396	371	9	96	-0.0012916277622159928	-0.0038748832866479788	1	0	13.672641715125371	-0.09519540780118636	0.0	0.9879808947784583	4.287051820391537e-06	0.8938387600398774	0.8776470588235294	13.767837122926558	0.987976607726638	-0.00129162776221603	-0.0016140009722898085	-0.09519540780118696	4.287051820317522e-06
cami2_toy_mouse_gut	drop_prob_lt_0.95_and_zipaf_lt_0.3	5,6,7	0.8824814489715836	0.8636363636363635	361	8	106	-0.011357311068293704	-0.03407193320488111	1	0	13.682001621348128	-0.08583550157842978	0.0	0.9880034561404415	2.6848413803663245e-05	0.8938387600398774	0.8776470588235294	13.767837122926558	0.987976607726638	-0.01135731106829374	-0.014010695187165911	-0.08583550157842978	2.6848413803515214e-05
cami2_toy_mouse_gut	drop_prob_lt_0.95_and_zipaf_lt_0.4	5,6,7	0.8634647705235942	0.8439024390243902	346	7	121	-0.030373989516283267	-0.05457516339869284	3	0	14.205562546616013	0.43772542368945516	0.8379489510999605	0.9879548928040268	-2.171492261112314e-05	0.8938387600398774	0.8776470588235294	13.767837122926558	0.987976607726638	-0.03037398951628323	-0.03374461979913923	0.43772542368945544	-2.1714922611160148e-05
cami2_toy_mouse_gut	drop_prob_lt_0.9_and_breadth_lt_0.05	5,6,7	0.881037766626639	0.8619447779111644	359	7	108	-0.012800993413238334	-0.038402980239715	1	0	13.751965138542433	-0.015871984384123294	0.0	0.9879775097245304	9.019978924144448e-07	0.8938387600398774	0.8776470588235294	13.767837122926558	0.987976607726638	-0.01280099341323837	-0.01570228091236503	-0.01587198438412507	9.019978923774374e-07
cami2_toy_mouse_gut	drop_prob_lt_0.9_and_breadth_lt_0.1	5,6,7	0.8308706101595451	0.8	316	7	151	-0.06296814988033232	-0.09921608725289699	2	0	13.859180028385516	0.09134290545895851	0.2757896938545201	0.988008125784254	3.151805761606822e-05	0.8938387600398774	0.8776470588235294	13.767837122926558	0.987976607726638	-0.06296814988033228	-0.0776470588235294	0.09134290545895851	3.1518057616031214e-05
cami2_toy_mouse_gut	drop_prob_lt_0.9_and_breadth_lt_0.2	5,6,7	0.7943972499322012	0.7559055118110237	288	7	179	-0.09944151010767617	-0.15221695778233502	2	0	14.332211981266918	0.5643748583403619	0.948563472212598	0.988051925356614	7.531762997603497e-05	0.8938387600398774	0.8776470588235294	13.767837122926558	0.987976607726638	-0.09944151010767621	-0.12174154701250572	0.5643748583403596	7.531762997603497e-05
cami2_toy_mouse_gut	drop_prob_lt_0.9_and_breadth_lt_0.3	5,6,7	0.7539779964020088	0.7154471544715448	264	7	203	-0.13986076363786862	-0.1990108984339226	3	0	15.320287182601787	1.552450059675231	2.40946035877527	0.9880443783992149	6.77706725768686e-05	0.8938387600398774	0.8776470588235294	13.767837122926558	0.987976607726638	-0.1398607636378686	-0.16219990435198461	1.5524500596752286	6.777067257690561e-05
cami2_toy_mouse_gut	drop_prob_lt_0.9_and_realaf_lt_0.05	5,6,7	0.8931168516908504	0.8767772511848341	370	7	97	-0.0007219083490269673	-0.002165725047080902	1	0	13.704755727922683	-0.06308139500387296	0.0	0.9879774190159928	8.112893547703356e-07	0.8938387600398774	0.8776470588235294	13.767837122926558	0.987976607726638	-0.0007219083490269673	-0.0008698076386953746	-0.06308139500387533	8.11289354807343e-07
cami2_toy_mouse_gut	drop_prob_lt_0.9_and_realaf_lt_0.1	5,6,7	0.8538279294093248	0.8281829419035847	335	7	132	-0.04001083063055263	-0.07342342342342345	2	0	13.812944682569759	0.04510755964320327	0.23127238134868833	0.9879855829905625	8.975263924478524e-06	0.8938387600398774	0.8776470588235294	13.767837122926558	0.987976607726638	-0.04001083063055255	-0.04946411691994479	0.0451075596432009	8.97526392451553e-06
cami2_toy_mouse_gut	drop_prob_lt_0.9_and_realaf_lt_0.2	5,6,7	0.8156336913346259	0.7814910025706941	304	7	163	-0.0782050687052515	-0.11832814122533752	2	0	14.001106535298385	0.2332694123718285	0.42791410590292855	0.9880190681259489	4.2460399310958095e-05	0.8938387600398774	0.8776470588235294	13.767837122926558	0.987976607726638	-0.07820506870525146	-0.0961560562528353	0.2332694123718273	4.246039931088408e-05
cami2_toy_mouse_gut	drop_prob_lt_0.9_and_realaf_lt_0.3	5,6,7	0.7752436501408311	0.7376830892143809	277	7	190	-0.11859510989904631	-0.1730765776284826	3	0	14.693887074767636	0.9260499518410782	1.6394379865438822	0.9880389255725778	6.231784593987062e-05	0.8938387600398774	0.8776470588235294	13.767837122926558	0.987976607726638	-0.11859510989904631	-0.1399639696091486	0.9260499518410779	6.231784593979661e-05
cami2_toy_mouse_gut	drop_prob_lt_0.9_and_xny_lt_100	5,6,7	0.8538279294093248	0.8281829419035847	335	7	132	-0.04001083063055263	-0.07342342342342345	2	0	13.812944682569759	0.04510755964320327	0.23127238134868833	0.9879855829905625	8.975263924478524e-06	0.8938387600398774	0.8776470588235294	13.767837122926558	0.987976607726638	-0.04001083063055255	-0.04946411691994479	0.0451075596432009	8.97526392451553e-06
cami2_toy_mouse_gut	drop_prob_lt_0.9_and_xny_lt_200	5,6,7	0.8156336913346259	0.7814910025706941	304	7	163	-0.0782050687052515	-0.11832814122533752	2	0	14.001106535298385	0.2332694123718285	0.42791410590292855	0.9880190681259489	4.2460399310958095e-05	0.8938387600398774	0.8776470588235294	13.767837122926558	0.987976607726638	-0.07820506870525146	-0.0961560562528353	0.2332694123718273	4.246039931088408e-05
cami2_toy_mouse_gut	drop_prob_lt_0.9_and_xny_lt_25	5,6,7	0.893600812595226	0.8773584905660378	372	9	95	-0.00023794744465136888	-0.0007138423339541067	1	0	13.722361057445076	-0.04547606548148112	0.0	0.9879774356755391	8.279489012164021e-07	0.8938387600398774	0.8776470588235294	13.767837122926558	0.987976607726638	-0.0002379474446514429	-0.0002885682574916837	-0.04547606548148231	8.279489011053798e-07
cami2_toy_mouse_gut	drop_prob_lt_0.9_and_xny_lt_50	5,6,7	0.8931168516908504	0.8767772511848341	370	7	97	-0.0007219083490269673	-0.002165725047080902	1	0	13.704755727922683	-0.06308139500387296	0.0	0.9879774190159928	8.112893547703356e-07	0.8938387600398774	0.8776470588235294	13.767837122926558	0.987976607726638	-0.0007219083490269673	-0.0008698076386953746	-0.06308139500387533	8.11289354807343e-07
cami2_toy_mouse_gut	drop_prob_lt_0.9_and_xny_lt_500	5,6,7	0.6931314644148682	0.6638418079096046	235	6	232	-0.2007072956250091	-0.24457911182653158	3	0	18.3748966991366	4.60705957621004	6.370587241519827	0.9881591339328096	0.00018252620617176252	0.8938387600398774	0.8776470588235294	13.767837122926558	0.987976607726638	-0.20070729562500922	-0.21380525091392488	4.607059576210041	0.0001825262061716515
cami2_toy_mouse_gut	drop_prob_lt_0.9_and_zipaf_lt_0.1	5,6,7	0.8938387600398774	0.8776470588235294	373	10	94	0.0	0.0	0	0	13.767837122926558	0.0	0.0	0.987976607726638	0.0	0.8938387600398774	0.8776470588235294	13.767837122926558	0.987976607726638	0.0	0.0	0.0	0.0
cami2_toy_mouse_gut	drop_prob_lt_0.9_and_zipaf_lt_0.2	5,6,7	0.8925471322776614	0.8760330578512396	371	9	96	-0.0012916277622159928	-0.0038748832866479788	1	0	13.672641715125371	-0.09519540780118636	0.0	0.9879808947784583	4.287051820391537e-06	0.8938387600398774	0.8776470588235294	13.767837122926558	0.987976607726638	-0.00129162776221603	-0.0016140009722898085	-0.09519540780118696	4.287051820317522e-06
cami2_toy_mouse_gut	drop_prob_lt_0.9_and_zipaf_lt_0.3	5,6,7	0.88359753899174	0.864994026284349	362	8	105	-0.01024122104813748	-0.03072366314441244	1	0	13.68081622902542	-0.08702089390113699	0.0	0.9880031265855443	2.651885890636585e-05	0.8938387600398774	0.8776470588235294	13.767837122926558	0.987976607726638	-0.010241221048137406	-0.012653032539180487	-0.08702089390113876	2.651885890636585e-05
cami2_toy_mouse_gut	drop_prob_lt_0.9_and_zipaf_lt_0.4	5,6,7	0.8657695520853417	0.8467153284671532	348	7	119	-0.02806920795453575	-0.04766081871345029	3	0	14.20200284062598	0.4341657176994227	0.8379489510999605	0.9879545034304541	-2.2104296183840983e-05	0.8938387600398774	0.8776470588235294	13.767837122926558	0.987976607726638	-0.028069207954535713	-0.030931730356376197	0.4341657176994218	-2.210429618387799e-05
cami2_toy_mouse_gut	drop_xny_lt_100_and_breadth_lt_0.05	5,6,7	0.870563089159416	0.8495145631067961	350	7	117	-0.02327567088046134	-0.06982701264138402	1	0	13.783258657174665	0.015421534248107585	0.04626460274432276	0.9879775225270623	9.148004242639137e-07	0.8938387600398774	0.8776470588235294	13.767837122926558	0.987976607726638	-0.02327567088046134	-0.028132495716733374	0.015421534248106994	9.148004243009211e-07
cami2_toy_mouse_gut	drop_xny_lt_100_and_breadth_lt_0.1	5,6,7	0.8177050646824475	0.7846153846153846	306	7	161	-0.0761336953574299	-0.1461075725406935	2	0	13.982707828253394	0.2148707053268364	0.4269061903090261	0.987985107862181	8.500135542988119e-06	0.8938387600398774	0.8776470588235294	13.767837122926558	0.987976607726638	-0.07613369535742986	-0.09303167420814484	0.2148707053268364	8.500135542988119e-06
cami2_toy_mouse_gut	drop_xny_lt_100_and_breadth_lt_0.2	5,6,7	0.8177050646824475	0.7846153846153846	306	7	161	-0.0761336953574299	-0.1461075725406935	2	0	13.982707828253394	0.2148707053268364	0.4269061903090261	0.987985107862181	8.500135542988119e-06	0.8938387600398774	0.8776470588235294	13.767837122926558	0.987976607726638	-0.07613369535742986	-0.09303167420814484	0.2148707053268364	8.500135542988119e-06
cami2_toy_mouse_gut	drop_xny_lt_100_and_breadth_lt_0.3	5,6,7	0.8177050646824475	0.7846153846153846	306	7	161	-0.0761336953574299	-0.1461075725406935	2	0	13.982707828253394	0.2148707053268364	0.4269061903090261	0.987985107862181	8.500135542988119e-06	0.8938387600398774	0.8776470588235294	13.767837122926558	0.987976607726638	-0.07613369535742986	-0.09303167420814484	0.2148707053268364	8.500135542988119e-06
cami2_toy_mouse_gut	drop_xny_lt_200_and_breadth_lt_0.05	5,6,7	0.870563089159416	0.8495145631067961	350	7	117	-0.02327567088046134	-0.06982701264138402	1	0	13.783258657174665	0.015421534248107585	0.04626460274432276	0.9879775225270623	9.148004242639137e-07	0.8938387600398774	0.8776470588235294	13.767837122926558	0.987976607726638	-0.02327567088046134	-0.028132495716733374	0.015421534248106994	9.148004243009211e-07
cami2_toy_mouse_gut	drop_xny_lt_200_and_breadth_lt_0.1	5,6,7	0.7914517638253521	0.7526315789473684	286	7	181	-0.1023869962145253	-0.17515381831342736	2	0	14.040138118905455	0.2723009959788989	0.4959358345034026	0.9880082217332068	3.161400656888821e-05	0.8938387600398774	0.8776470588235294	13.767837122926558	0.987976607726638	-0.1023869962145253	-0.12501547987616102	0.2723009959788971	3.161400656881419e-05
cami2_toy_mouse_gut	drop_xny_lt_200_and_breadth_lt_0.2	5,6,7	0.7399714380788641	0.6942148760330579	252	7	215	-0.15386732196101316	-0.2420852359208524	3	0	14.515097756999197	0.7472606340726401	1.128149898889717	0.9880202966232217	4.368889658368236e-05	0.8938387600398774	0.8776470588235294	13.767837122926558	0.987976607726638	-0.15386732196101327	-0.18343218279047158	0.7472606340726387	4.368889658368236e-05
cami2_toy_mouse_gut	drop_xny_lt_200_and_breadth_lt_0.3	5,6,7	0.7399714380788641	0.6942148760330579	252	7	215	-0.15386732196101316	-0.2420852359208524	3	0	14.515097756999197	0.7472606340726401	1.128149898889717	0.9880202966232217	4.368889658368236e-05	0.8938387600398774	0.8776470588235294	13.767837122926558	0.987976607726638	-0.15386732196101327	-0.18343218279047158	0.7472606340726387	4.368889658368236e-05
cami2_toy_mouse_gut	drop_xny_lt_25_and_breadth_lt_0.05	5,6,7	0.893600812595226	0.8773584905660378	372	9	95	-0.00023794744465136888	-0.0007138423339541067	1	0	13.722361057445076	-0.04547606548148112	0.0	0.9879774356755391	8.279489012164021e-07	0.8938387600398774	0.8776470588235294	13.767837122926558	0.987976607726638	-0.0002379474446514429	-0.0002885682574916837	-0.04547606548148231	8.279489011053798e-07
cami2_toy_mouse_gut	drop_xny_lt_25_and_breadth_lt_0.1	5,6,7	0.893600812595226	0.8773584905660378	372	9	95	-0.00023794744465136888	-0.0007138423339541067	1	0	13.722361057445076	-0.04547606548148112	0.0	0.9879774356755391	8.279489012164021e-07	0.8938387600398774	0.8776470588235294	13.767837122926558	0.987976607726638	-0.0002379474446514429	-0.0002885682574916837	-0.04547606548148231	8.279489011053798e-07
cami2_toy_mouse_gut	drop_xny_lt_25_and_breadth_lt_0.2	5,6,7	0.893600812595226	0.8773584905660378	372	9	95	-0.00023794744465136888	-0.0007138423339541067	1	0	13.722361057445076	-0.04547606548148112	0.0	0.9879774356755391	8.279489012164021e-07	0.8938387600398774	0.8776470588235294	13.767837122926558	0.987976607726638	-0.0002379474446514429	-0.0002885682574916837	-0.04547606548148231	8.279489011053798e-07
cami2_toy_mouse_gut	drop_xny_lt_25_and_breadth_lt_0.3	5,6,7	0.893600812595226	0.8773584905660378	372	9	95	-0.00023794744465136888	-0.0007138423339541067	1	0	13.722361057445076	-0.04547606548148112	0.0	0.9879774356755391	8.279489012164021e-07	0.8938387600398774	0.8776470588235294	13.767837122926558	0.987976607726638	-0.0002379474446514429	-0.0002885682574916837	-0.04547606548148231	8.279489011053798e-07
cami2_toy_mouse_gut	drop_xny_lt_500_and_breadth_lt_0.05	5,6,7	0.870563089159416	0.8495145631067961	350	7	117	-0.02327567088046134	-0.06982701264138402	1	0	13.783258657174665	0.015421534248107585	0.04626460274432276	0.9879775225270623	9.148004242639137e-07	0.8938387600398774	0.8776470588235294	13.767837122926558	0.987976607726638	-0.02327567088046134	-0.028132495716733374	0.015421534248106994	9.148004243009211e-07
cami2_toy_mouse_gut	drop_xny_lt_500_and_breadth_lt_0.1	5,6,7	0.7914517638253521	0.7526315789473684	286	7	181	-0.1023869962145253	-0.17515381831342736	2	0	14.040138118905455	0.2723009959788989	0.4959358345034026	0.9880082217332068	3.161400656888821e-05	0.8938387600398774	0.8776470588235294	13.767837122926558	0.987976607726638	-0.1023869962145253	-0.12501547987616102	0.2723009959788971	3.161400656881419e-05
cami2_toy_mouse_gut	drop_xny_lt_500_and_breadth_lt_0.2	5,6,7	0.7041584785613778	0.6534090909090909	230	7	237	-0.18968028147849955	-0.2906619385342789	3	0	14.977641863931275	1.2098047410047188	1.8793473861680194	0.9880583630874952	8.175536085723116e-05	0.8938387600398774	0.8776470588235294	13.767837122926558	0.987976607726638	-0.18968028147849958	-0.2242379679144385	1.2098047410047172	8.175536085719415e-05
cami2_toy_mouse_gut	drop_xny_lt_500_and_breadth_lt_0.3	5,6,7	0.6019774653654435	0.5437788018433178	177	7	290	-0.29186129467443384	-0.41662376662376666	3	0	16.910459652960963	3.142622530034405	4.971339089124401	0.9880531240718038	7.65163451658483e-05	0.8938387600398774	0.8776470588235294	13.767837122926558	0.987976607726638	-0.2918612946744339	-0.3338682569802116	3.142622530034405	7.65163451658113e-05
cami2_toy_mouse_gut	drop_xny_lt_50_and_breadth_lt_0.05	5,6,7	0.8877207509132723	0.8700834326579262	365	7	102	-0.006118009126605132	-0.018354027379815396	1	0	13.708534110048426	-0.05930301287813163	0.0	0.987977413261599	8.055349610680551e-07	0.8938387600398774	0.8776470588235294	13.767837122926558	0.987976607726638	-0.006118009126605095	-0.007563626165603243	-0.05930301287813222	8.055349610680551e-07
cami2_toy_mouse_gut	drop_xny_lt_50_and_breadth_lt_0.1	5,6,7	0.8877207509132723	0.8700834326579262	365	7	102	-0.006118009126605132	-0.018354027379815396	1	0	13.708534110048426	-0.05930301287813163	0.0	0.987977413261599	8.055349610680551e-07	0.8938387600398774	0.8776470588235294	13.767837122926558	0.987976607726638	-0.006118009126605095	-0.007563626165603243	-0.05930301287813222	8.055349610680551e-07
cami2_toy_mouse_gut	drop_xny_lt_50_and_breadth_lt_0.2	5,6,7	0.8877207509132723	0.8700834326579262	365	7	102	-0.006118009126605132	-0.018354027379815396	1	0	13.708534110048426	-0.05930301287813163	0.0	0.987977413261599	8.055349610680551e-07	0.8938387600398774	0.8776470588235294	13.767837122926558	0.987976607726638	-0.006118009126605095	-0.007563626165603243	-0.05930301287813222	8.055349610680551e-07
cami2_toy_mouse_gut	drop_xny_lt_50_and_breadth_lt_0.3	5,6,7	0.8877207509132723	0.8700834326579262	365	7	102	-0.006118009126605132	-0.018354027379815396	1	0	13.708534110048426	-0.05930301287813163	0.0	0.987977413261599	8.055349610680551e-07	0.8938387600398774	0.8776470588235294	13.767837122926558	0.987976607726638	-0.006118009126605095	-0.007563626165603243	-0.05930301287813222	8.055349610680551e-07
cami2_toy_mouse_gut	max_ani_ge_0.93	5,6,7	0.8925471322776614	0.8760330578512396	371	9	96	-0.0012916277622159928	-0.0038748832866479788	1	0	13.672641715125371	-0.09519540780118636	0.0	0.9879808947784583	4.287051820391537e-06	0.8938387600398774	0.8776470588235294	13.767837122926558	0.987976607726638	-0.00129162776221603	-0.0016140009722898085	-0.09519540780118696	4.287051820317522e-06
cami2_toy_mouse_gut	max_ani_ge_0.94	5,6,7	0.8869075431086605	0.8690476190476191	365	8	102	-0.0069312169312169365	-0.02079365079365081	1	0	13.678349968925561	-0.08948715400099576	0.0	0.9879890165084947	1.2408781856709794e-05	0.8938387600398774	0.8776470588235294	13.767837122926558	0.987976607726638	-0.006931216931216899	-0.008599439775910378	-0.08948715400099694	1.2408781856709794e-05
cami2_toy_mouse_gut	max_ani_ge_0.95	5,6,7	0.8787499050656945	0.8592057761732851	357	7	110	-0.015088854974182811	-0.04766081871345029	1	1	13.811376284209866	0.04353916128330878	0.2757624244736405	0.988007189088813	3.05813621750047e-05	0.8938387600398774	0.8776470588235294	13.767837122926558	0.987976607726638	-0.015088854974182886	-0.01844128265024436	0.04353916128330759	3.0581362175041704e-05
cami2_toy_mouse_gut	max_ani_ge_0.96	5,6,7	0.8573623699194844	0.8382352941176471	342	7	125	-0.03647639012039291	-0.05457516339869284	3	0	14.309225698901047	0.5413885759744902	0.9597723914839591	0.9879517335664376	-2.487416020036104e-05	0.8938387600398774	0.8776470588235294	13.767837122926558	0.987976607726638	-0.03647639012039294	-0.03941176470588237	0.541388575974489	-2.487416020036104e-05
cami2_toy_mouse_gut	max_ani_ge_0.97	5,6,7	0.8090828731189864	0.7908163265306122	310	7	157	-0.08475588692089091	-0.09410672070246529	3	0	17.807209909104177	4.039372786177623	5.466422621796063	0.9879672666680412	-9.341058596771626e-06	0.8938387600398774	0.8776470588235294	13.767837122926558	0.987976607726638	-0.08475588692089098	-0.08683073229291727	4.039372786177619	-9.34105859673462e-06
cami2_toy_mouse_gut	max_ani_ge_0.98	5,6,7	0.7226903369311125	0.7076502732240437	259	6	208	-0.1711484231087648	-0.17578439259855183	3	0	28.872494336913345	15.104657213986783	20.693244225612485	0.9838443609573267	-0.004132246769311195	0.8938387600398774	0.8776470588235294	13.767837122926558	0.987976607726638	-0.17114842310876488	-0.16999678559948572	15.104657213986787	-0.004132246769311232
cami2_toy_mouse_gut	max_ani_ge_0.99	5,6,7	0.5616013046464495	0.551617873651772	179	3	288	-0.33223745539342775	-0.3566073102155576	3	0	69.75585730779189	55.98802018486532	112.51342289647765	0.9028263393422135	-0.08515026838442448	0.8938387600398774	0.8776470588235294	13.767837122926558	0.987976607726638	-0.33223745539342786	-0.3260291851717575	55.98802018486533	-0.08515026838442452
cami2_toy_mouse_gut	max_breadth_ge_0.02	5,6,7	0.8933601915837809	0.8770685579196218	371	8	96	-0.00047856845609650644	-0.0014357053682895193	1	0	13.710457036175375	-0.05738008675118186	0.0	0.9879774506795426	8.429529047004891e-07	0.8938387600398774	0.8776470588235294	13.767837122926558	0.987976607726638	-0.00047856845609650644	-0.0005785009039076527	-0.057380086751182446	8.429529045894668e-07
cami2_toy_mouse_gut	max_breadth_ge_0.05	5,6,7	0.870563089159416	0.8495145631067961	350	7	117	-0.02327567088046134	-0.06982701264138402	1	0	13.783258657174665	0.015421534248107585	0.04626460274432276	0.9879775225270623	9.148004242639137e-07	0.8938387600398774	0.8776470588235294	13.767837122926558	0.987976607726638	-0.02327567088046134	-0.028132495716733374	0.015421534248106994	9.148004243009211e-07
cami2_toy_mouse_gut	max_breadth_ge_0.1	5,6,7	0.7914517638253521	0.7526315789473684	286	7	181	-0.1023869962145253	-0.17515381831342736	2	0	14.040138118905455	0.2723009959788989	0.4959358345034026	0.9880082217332068	3.161400656888821e-05	0.8938387600398774	0.8776470588235294	13.767837122926558	0.987976607726638	-0.1023869962145253	-0.12501547987616102	0.2723009959788971	3.161400656881419e-05
cami2_toy_mouse_gut	max_breadth_ge_0.2	5,6,7	0.7041584785613778	0.6534090909090909	230	7	237	-0.18968028147849955	-0.2906619385342789	3	0	14.977641863931275	1.2098047410047188	1.8793473861680194	0.9880583630874952	8.175536085723116e-05	0.8938387600398774	0.8776470588235294	13.767837122926558	0.987976607726638	-0.18968028147849958	-0.2242379679144385	1.2098047410047172	8.175536085719415e-05
cami2_toy_mouse_gut	max_breadth_ge_0.3	5,6,7	0.6019774653654435	0.5437788018433178	177	7	290	-0.29186129467443384	-0.41662376662376666	3	0	16.910459652960963	3.142622530034405	4.971339089124401	0.9880531240718038	7.65163451658483e-05	0.8938387600398774	0.8776470588235294	13.767837122926558	0.987976607726638	-0.2918612946744339	-0.3338682569802116	3.142622530034405	7.65163451658113e-05
cami2_toy_mouse_gut	max_breadth_ge_0.4	5,6,7	0.4650725937917435	0.41876046901172537	125	5	342	-0.4287661662481339	-0.5065704657001334	3	0	20.55301764053577	6.785180517609213	9.27469783940434	0.9879551068045863	-2.150092205170188e-05	0.8938387600398774	0.8776470588235294	13.767837122926558	0.987976607726638	-0.4287661662481339	-0.4588865898118041	6.785180517609213	-2.1500922051664872e-05
cami2_toy_mouse_gut	max_breadth_ge_0.5	5,6,7	0.3574918383429022	0.32326820603907636	91	5	376	-0.5363469216969752	-0.5743498817966903	3	0	25.288624993076255	11.520787870149695	15.025900134403512	0.9880672656702076	9.065794356977186e-05	0.8938387600398774	0.8776470588235294	13.767837122926558	0.987976607726638	-0.5363469216969752	-0.5543788527844531	11.520787870149697	9.065794356966084e-05
cami2_toy_mouse_gut	max_depth_cv_le_10	5,6,7	0.8938387600398774	0.8776470588235294	373	10	94	0.0	0.0	0	0	13.767837122926558	0.0	0.0	0.987976607726638	0.0	0.8938387600398774	0.8776470588235294	13.767837122926558	0.987976607726638	0.0	0.0	0.0	0.0
cami2_toy_mouse_gut	max_depth_cv_le_100	5,6,7	0.8938387600398774	0.8776470588235294	373	10	94	0.0	0.0	0	0	13.767837122926558	0.0	0.0	0.987976607726638	0.0	0.8938387600398774	0.8776470588235294	13.767837122926558	0.987976607726638	0.0	0.0	0.0	0.0
cami2_toy_mouse_gut	max_depth_cv_le_20	5,6,7	0.8938387600398774	0.8776470588235294	373	10	94	0.0	0.0	0	0	13.767837122926558	0.0	0.0	0.987976607726638	0.0	0.8938387600398774	0.8776470588235294	13.767837122926558	0.987976607726638	0.0	0.0	0.0	0.0
cami2_toy_mouse_gut	max_depth_cv_le_5	5,6,7	0.8629498320117083	0.839657282741738	343	7	124	-0.030888928028169154	-0.06982701264138402	2	0	13.706760905591347	-0.06107621733521107	0.0	0.9880339219535895	5.731422695150664e-05	0.8938387600398774	0.8776470588235294	13.767837122926558	0.987976607726638	-0.030888928028169116	-0.03798977608179144	-0.06107621733521107	5.7314226951543645e-05
cami2_toy_mouse_gut	max_depth_cv_le_50	5,6,7	0.8938387600398774	0.8776470588235294	373	10	94	0.0	0.0	0	0	13.767837122926558	0.0	0.0	0.987976607726638	0.0	0.8938387600398774	0.8776470588235294	13.767837122926558	0.987976607726638	0.0	0.0	0.0	0.0
cami2_toy_mouse_gut	max_hit_mean_depth_ge_0.5	5,6,7	0.8938387600398774	0.8776470588235294	373	10	94	0.0	0.0	0	0	13.767837122926558	0.0	0.0	0.987976607726638	0.0	0.8938387600398774	0.8776470588235294	13.767837122926558	0.987976607726638	0.0	0.0	0.0	0.0
cami2_toy_mouse_gut	max_hit_mean_depth_ge_1	5,6,7	0.8938387600398774	0.8776470588235294	373	10	94	0.0	0.0	0	0	13.767837122926558	0.0	0.0	0.987976607726638	0.0	0.8938387600398774	0.8776470588235294	13.767837122926558	0.987976607726638	0.0	0.0	0.0	0.0
cami2_toy_mouse_gut	max_hit_mean_depth_ge_2	5,6,7	0.3685792081134274	0.31672597864768687	89	6	378	-0.5252595519264499	-0.6343367596671562	3	0	24.328932582088097	10.56109545916154	16.448442019360428	0.9878773086598361	-9.929906680183898e-05	0.8938387600398774	0.8776470588235294	13.767837122926558	0.987976607726638	-0.52525955192645	-0.5609210801758426	10.561095459161539	-9.929906680183898e-05
cami2_toy_mouse_gut	max_hit_mean_depth_ge_3	5,6,7	0.2770857900269665	0.23220973782771534	62	5	405	-0.6167529700129109	-0.682176973353444	3	0	28.269016002557958	14.501178879631398	19.20413332917981	0.9877867186168316	-0.0001898891098062553	0.8938387600398774	0.8776470588235294	13.767837122926558	0.987976607726638	-0.6167529700129109	-0.6454373209958141	14.5011788796314	-0.00018988910980632934
cami2_toy_mouse_gut	max_hit_mean_depth_ge_5	5,6,7	0.19362660400396248	0.14682539682539683	37	0	430	-0.7002121560359149	-0.7760683760683761	3	0	38.89778135353516	25.1299442306086	36.15438191935341	0.9867500315064888	-0.0012265762201492854	0.8938387600398774	0.8776470588235294	13.767837122926558	0.987976607726638	-0.7002121560359149	-0.7308216619981326	25.1299442306086	-0.0012265762201492114
cami2_toy_mouse_gut	max_mean_depth_ge_0.25	5,6,7	0.6965874390184258	0.6457142857142857	226	7	241	-0.1972513210214515	-0.2856497840596781	3	0	15.179666798497992	1.411829675571436	2.209872800172228	0.988016309926142	3.97021995038882e-05	0.8938387600398774	0.8776470588235294	13.767837122926558	0.987976607726638	-0.1972513210214516	-0.23193277310924376	1.4118296755714344	3.9702199503999225e-05
cami2_toy_mouse_gut	max_mean_depth_ge_0.5	5,6,7	0.532975339152382	0.4807692307692307	150	7	317	-0.3608634208874954	-0.45007934265156624	3	0	18.12383214052203	4.3559950175954745	6.116441403569187	0.9880316205811996	5.501285456170161e-05	0.8938387600398774	0.8776470588235294	13.767837122926558	0.987976607726638	-0.36086342088749535	-0.3968778280542987	4.355995017595472	5.5012854561664604e-05
cami2_toy_mouse_gut	max_mean_depth_ge_1	5,6,7	0.36890457061955634	0.326241134751773	92	5	375	-0.524934189420321	-0.5816239316239317	3	0	23.326646615525174	9.558809492598613	12.77128564389845	0.9879556909456664	-2.0916780971602655e-05	0.8938387600398774	0.8776470588235294	13.767837122926558	0.987976607726638	-0.524934189420321	-0.5514059240717564	9.558809492598616	-2.0916780971602655e-05
cami2_toy_mouse_gut	max_mean_depth_ge_2	5,6,7	0.27453899727872333	0.22932330827067668	61	4	406	-0.6192997627611541	-0.6987062404870624	3	0	29.18997981559684	15.422142692670283	21.36006527129512	0.9876902051837861	-0.00028640254285183797	0.8938387600398774	0.8776470588235294	13.767837122926558	0.987976607726638	-0.6192997627611541	-0.6483237505528527	15.422142692670281	-0.00028640254285183797
cami2_toy_mouse_gut	max_mean_depth_ge_3	5,6,7	0.2350147722115714	0.18882466281310215	49	3	418	-0.658823987828306	-0.7257163452874392	3	0	32.93225654563508	19.16441942270852	25.907455776196954	0.9873603825545182	-0.0006162251721196776	0.8938387600398774	0.8776470588235294	13.767837122926558	0.987976607726638	-0.658823987828306	-0.6888223960104273	19.16441942270852	-0.0006162251721197887
cami2_toy_mouse_gut	max_mean_depth_ge_5	5,6,7	0.17484173197239308	0.1282565130260521	32	0	435	-0.7189970280674842	-0.8039295392953929	3	0	41.48440069539877	27.716563572472214	42.33051193772637	0.9865378083566423	-0.0014387993699956543	0.8938387600398774	0.8776470588235294	13.767837122926558	0.987976607726638	-0.7189970280674843	-0.7493905457974773	27.71656357247221	-0.0014387993699956914
cami2_toy_mouse_gut	max_real_min_af_ge_0.02	5,6,7	0.8938387600398774	0.8776470588235294	373	10	94	0.0	0.0	0	0	13.767837122926558	0.0	0.0	0.987976607726638	0.0	0.8938387600398774	0.8776470588235294	13.767837122926558	0.987976607726638	0.0	0.0	0.0	0.0
cami2_toy_mouse_gut	max_real_min_af_ge_0.05	5,6,7	0.8877207509132723	0.8700834326579262	365	7	102	-0.006118009126605132	-0.018354027379815396	1	0	13.708534110048426	-0.05930301287813163	0.0	0.987977413261599	8.055349610680551e-07	0.8938387600398774	0.8776470588235294	13.767837122926558	0.987976607726638	-0.006118009126605095	-0.007563626165603243	-0.05930301287813222	8.055349610680551e-07
cami2_toy_mouse_gut	max_real_min_af_ge_0.1	5,6,7	0.8177050646824475	0.7846153846153846	306	7	161	-0.0761336953574299	-0.1461075725406935	2	0	13.982707828253394	0.2148707053268364	0.4269061903090261	0.987985107862181	8.500135542988119e-06	0.8938387600398774	0.8776470588235294	13.767837122926558	0.987976607726638	-0.07613369535742986	-0.09303167420814484	0.2148707053268364	8.500135542988119e-06
cami2_toy_mouse_gut	max_real_min_af_ge_0.2	5,6,7	0.7399714380788641	0.6942148760330579	252	7	215	-0.15386732196101316	-0.2420852359208524	3	0	14.515097756999197	0.7472606340726401	1.128149898889717	0.9880202966232217	4.368889658368236e-05	0.8938387600398774	0.8776470588235294	13.767837122926558	0.987976607726638	-0.15386732196101327	-0.18343218279047158	0.7472606340726387	4.368889658368236e-05
cami2_toy_mouse_gut	max_real_min_af_ge_0.3	5,6,7	0.6373653990572098	0.5808383233532934	194	7	273	-0.25647336098266754	-0.3759816207184629	3	0	16.12836127598806	2.3605241530615015	3.833380519191449	0.9880438812793786	6.727355274053586e-05	0.8938387600398774	0.8776470588235294	13.767837122926558	0.987976607726638	-0.2564733609826676	-0.296808735470236	2.360524153061501	6.727355274060987e-05
cami2_toy_mouse_gut	max_real_min_af_ge_0.4	5,6,7	0.5540543367960749	0.5	158	7	309	-0.33978442324380254	-0.43167168027503233	3	0	17.995535868497605	4.227698745571048	6.400868807899698	0.9880306169235462	5.4009196908196465e-05	0.8938387600398774	0.8776470588235294	13.767837122926558	0.987976607726638	-0.33978442324380254	-0.37764705882352945	4.227698745571047	5.400919690823347e-05
cami2_toy_mouse_gut	max_real_min_af_ge_0.5	5,6,7	0.4117335425106929	0.3717728055077453	108	6	359	-0.4821052175291845	-0.5319732595666206	3	0	22.40242103883342	8.63458391590686	12.463677300420235	0.9881804532871444	0.00020384556050649186	0.8938387600398774	0.8776470588235294	13.767837122926558	0.987976607726638	-0.4821052175291845	-0.5058742533157842	8.634583915906862	0.00020384556050645486
cami2_toy_mouse_gut	max_xny_ge_10	5,6,7	0.8938387600398774	0.8776470588235294	373	10	94	0.0	0.0	0	0	13.767837122926558	0.0	0.0	0.987976607726638	0.0	0.8938387600398774	0.8776470588235294	13.767837122926558	0.987976607726638	0.0	0.0	0.0	0.0
cami2_toy_mouse_gut	max_xny_ge_100	5,6,7	0.8177050646824475	0.7846153846153846	306	7	161	-0.0761336953574299	-0.1461075725406935	2	0	13.982707828253394	0.2148707053268364	0.4269061903090261	0.987985107862181	8.500135542988119e-06	0.8938387600398774	0.8776470588235294	13.767837122926558	0.987976607726638	-0.07613369535742986	-0.09303167420814484	0.2148707053268364	8.500135542988119e-06
cami2_toy_mouse_gut	max_xny_ge_1000	5,6,7	0.026132423984086387	0.025369978858350947	6	0	461	-0.867706336055791	-0.9255599472990776	3	0	182.22940485186894	168.46156772894236	187.0308154845525	0.14042165975794	-0.8475549479686979	0.8938387600398774	0.8776470588235294	13.767837122926558	0.987976607726638	-0.867706336055791	-0.8522770799651785	168.46156772894238	-0.847554947968698
cami2_toy_mouse_gut	max_xny_ge_200	5,6,7	0.7399714380788641	0.6942148760330579	252	7	215	-0.15386732196101316	-0.2420852359208524	3	0	14.515097756999197	0.7472606340726401	1.128149898889717	0.9880202966232217	4.368889658368236e-05	0.8938387600398774	0.8776470588235294	13.767837122926558	0.987976607726638	-0.15386732196101327	-0.18343218279047158	0.7472606340726387	4.368889658368236e-05
cami2_toy_mouse_gut	max_xny_ge_25	5,6,7	0.893600812595226	0.8773584905660378	372	9	95	-0.00023794744465136888	-0.0007138423339541067	1	0	13.722361057445076	-0.04547606548148112	0.0	0.9879774356755391	8.279489012164021e-07	0.8938387600398774	0.8776470588235294	13.767837122926558	0.987976607726638	-0.0002379474446514429	-0.0002885682574916837	-0.04547606548148231	8.279489011053798e-07
cami2_toy_mouse_gut	max_xny_ge_300	5,6,7	0.6373653990572098	0.5808383233532934	194	7	273	-0.25647336098266754	-0.3759816207184629	3	0	16.12836127598806	2.3605241530615015	3.833380519191449	0.9880438812793786	6.727355274053586e-05	0.8938387600398774	0.8776470588235294	13.767837122926558	0.987976607726638	-0.2564733609826676	-0.296808735470236	2.360524153061501	6.727355274060987e-05
cami2_toy_mouse_gut	max_xny_ge_50	5,6,7	0.8877207509132723	0.8700834326579262	365	7	102	-0.006118009126605132	-0.018354027379815396	1	0	13.708534110048426	-0.05930301287813163	0.0	0.987977413261599	8.055349610680551e-07	0.8938387600398774	0.8776470588235294	13.767837122926558	0.987976607726638	-0.006118009126605095	-0.007563626165603243	-0.05930301287813222	8.055349610680551e-07
cami2_toy_mouse_gut	max_xny_ge_500	5,6,7	0.4117335425106929	0.3717728055077453	108	6	359	-0.4821052175291845	-0.5319732595666206	3	0	22.40242103883342	8.63458391590686	12.463677300420235	0.9881804532871444	0.00020384556050649186	0.8938387600398774	0.8776470588235294	13.767837122926558	0.987976607726638	-0.4821052175291845	-0.5058742533157842	8.634583915906862	0.00020384556050645486
cami2_toy_mouse_gut	max_xny_ge_750	5,6,7	0.2590186015813365	0.22264150943396227	59	4	408	-0.6348201584585408	-0.6987062404870624	3	0	42.673948044320674	28.906110921394117	42.8854780231087	0.968747128040648	-0.01922947968598987	0.8938387600398774	0.8776470588235294	13.767837122926558	0.987976607726638	-0.6348201584585409	-0.6550055493895672	28.906110921394117	-0.01922947968598998
cami2_toy_mouse_gut	max_zip_af_ge_0.05	5,6,7	0.8938387600398774	0.8776470588235294	373	10	94	0.0	0.0	0	0	13.767837122926558	0.0	0.0	0.987976607726638	0.0	0.8938387600398774	0.8776470588235294	13.767837122926558	0.987976607726638	0.0	0.0	0.0	0.0
cami2_toy_mouse_gut	max_zip_af_ge_0.1	5,6,7	0.8938387600398774	0.8776470588235294	373	10	94	0.0	0.0	0	0	13.767837122926558	0.0	0.0	0.987976607726638	0.0	0.8938387600398774	0.8776470588235294	13.767837122926558	0.987976607726638	0.0	0.0	0.0	0.0
cami2_toy_mouse_gut	max_zip_af_ge_0.2	5,6,7	0.8925471322776614	0.8760330578512396	371	9	96	-0.0012916277622159928	-0.0038748832866479788	1	0	13.672641715125371	-0.09519540780118636	0.0	0.9879808947784583	4.287051820391537e-06	0.8938387600398774	0.8776470588235294	13.767837122926558	0.987976607726638	-0.00129162776221603	-0.0016140009722898085	-0.09519540780118696	4.287051820317522e-06
cami2_toy_mouse_gut	max_zip_af_ge_0.3	5,6,7	0.8824814489715836	0.8636363636363635	361	8	106	-0.011357311068293704	-0.03407193320488111	1	0	13.682001621348128	-0.08583550157842978	0.0	0.9880034561404415	2.6848413803663245e-05	0.8938387600398774	0.8776470588235294	13.767837122926558	0.987976607726638	-0.01135731106829374	-0.014010695187165911	-0.08583550157842978	2.6848413803515214e-05
cami2_toy_mouse_gut	max_zip_af_ge_0.4	5,6,7	0.8634647705235942	0.8439024390243902	346	7	121	-0.030373989516283267	-0.05457516339869284	3	0	14.205562546616013	0.43772542368945516	0.8379489510999605	0.9879548928040268	-2.171492261112314e-05	0.8938387600398774	0.8776470588235294	13.767837122926558	0.987976607726638	-0.03037398951628323	-0.03374461979913923	0.43772542368945544	-2.1714922611160148e-05
cami2_toy_mouse_gut	max_zip_af_ge_0.5	5,6,7	0.8169755204758636	0.7984790874524714	315	7	152	-0.07686323956401364	-0.09410672070246529	3	0	17.75795252050214	3.9901153975755848	5.329088996163627	0.9879592940097845	-1.7313716853354737e-05	0.8938387600398774	0.8776470588235294	13.767837122926558	0.987976607726638	-0.07686323956401375	-0.07916797137105802	3.9901153975755825	-1.731371685342875e-05
cami2_toy_mouse_gut	min_breadth_ge_0.02	5,6,7	0.8933601915837809	0.8770685579196218	371	8	96	-0.00047856845609650644	-0.0014357053682895193	1	0	13.710457036175375	-0.05738008675118186	0.0	0.9879774506795426	8.429529047004891e-07	0.8938387600398774	0.8776470588235294	13.767837122926558	0.987976607726638	-0.00047856845609650644	-0.0005785009039076527	-0.057380086751182446	8.429529045894668e-07
cami2_toy_mouse_gut	min_breadth_ge_0.05	5,6,7	0.8611159553883588	0.8382352941176471	342	7	125	-0.032722804651518556	-0.09173441734417342	2	0	13.786041593403155	0.018204470476597123	0.03691260936277985	0.9879820943549493	5.486628311309379e-06	0.8938387600398774	0.8776470588235294	13.767837122926558	0.987976607726638	-0.032722804651518556	-0.03941176470588237	0.018204470476597123	5.4866283113463865e-06
cami2_toy_mouse_gut	min_breadth_ge_0.1	5,6,7	0.7832315501292074	0.7427055702917771	280	7	187	-0.11060720991066993	-0.18369763205828782	2	0	14.109966225350979	0.34212910242442085	0.6791804265124384	0.9880127804218551	3.61726952171996e-05	0.8938387600398774	0.8776470588235294	13.767837122926558	0.987976607726638	-0.11060720991066997	-0.13494148853175236	0.34212910242442085	3.61726952171626e-05
cami2_toy_mouse_gut	min_breadth_ge_0.2	5,6,7	0.680403986796834	0.6269956458635704	216	6	251	-0.2134347732430434	-0.3162655435218612	3	0	15.769306462867648	2.0014693399410914	3.3387665887871734	0.9880338789771104	5.7271250472390456e-05	0.8938387600398774	0.8776470588235294	13.767837122926558	0.987976607726638	-0.21343477324304339	-0.2506514129599591	2.0014693399410906	5.7271250472390456e-05
cami2_toy_mouse_gut	min_breadth_ge_0.3	5,6,7	0.5584638959251963	0.5055292259083728	160	6	307	-0.33537486411468115	-0.44084967320261437	3	0	18.479029884885097	4.711192761958539	6.214943694711794	0.9879678145023009	-8.793224337037367e-06	0.8938387600398774	0.8776470588235294	13.767837122926558	0.987976607726638	-0.3353748641146811	-0.37211783291515665	4.711192761958539	-8.793224337111383e-06
cami2_toy_mouse_gut	min_breadth_ge_0.4	5,6,7	0.4313410718129254	0.38632478632478634	113	5	354	-0.462497688226952	-0.526879750892939	3	0	22.45922911603238	8.691391993105825	11.252013289568719	0.9878853733608145	-9.123436582351523e-05	0.8938387600398774	0.8776470588235294	13.767837122926558	0.987976607726638	-0.462497688226952	-0.4913222724987431	8.691391993105821	-9.123436582347821e-05
cami2_toy_mouse_gut	min_breadth_ge_0.5	5,6,7	0.3180204769410167	0.2867513611615245	79	5	388	-0.5758182830988606	-0.6113526570048309	3	0	30.991369828678376	17.22353270575182	19.045007977656454	0.9857543058363651	-0.0022223018902728007	0.8938387600398774	0.8776470588235294	13.767837122926558	0.987976607726638	-0.5758182830988607	-0.590895697662005	17.22353270575182	-0.0022223018902728375
cami2_toy_mouse_gut	min_xny_ge_10	5,6,7	0.8938387600398774	0.8776470588235294	373	10	94	0.0	0.0	0	0	13.767837122926558	0.0	0.0	0.987976607726638	0.0	0.8938387600398774	0.8776470588235294	13.767837122926558	0.987976607726638	0.0	0.0	0.0	0.0
cami2_toy_mouse_gut	min_xny_ge_100	5,6,7	0.7832315501292074	0.7427055702917771	280	7	187	-0.11060720991066993	-0.18369763205828782	2	0	14.109966225350979	0.34212910242442085	0.6791804265124384	0.9880127804218551	3.61726952171996e-05	0.8938387600398774	0.8776470588235294	13.767837122926558	0.987976607726638	-0.11060720991066997	-0.13494148853175236	0.34212910242442085	3.61726952171626e-05
cami2_toy_mouse_gut	min_xny_ge_200	5,6,7	0.680403986796834	0.6269956458635704	216	6	251	-0.2134347732430434	-0.3162655435218612	3	0	15.769306462867648	2.0014693399410914	3.3387665887871734	0.9880338789771104	5.7271250472390456e-05	0.8938387600398774	0.8776470588235294	13.767837122926558	0.987976607726638	-0.21343477324304339	-0.2506514129599591	2.0014693399410906	5.7271250472390456e-05
cami2_toy_mouse_gut	min_xny_ge_25	5,6,7	0.8912336125194756	0.8744075829383886	369	8	98	-0.0026051475204017516	-0.007815442561205255	1	0	13.707798215518693	-0.06003890740786488	0.0	0.9879773646418784	7.569152403371268e-07	0.8938387600398774	0.8776470588235294	13.767837122926558	0.987976607726638	-0.0026051475204017516	-0.003239475885140841	-0.06003890740786488	7.569152403741342e-07
cami2_toy_mouse_gut	min_xny_ge_300	5,6,7	0.5584638959251963	0.5055292259083728	160	6	307	-0.33537486411468115	-0.44084967320261437	3	0	18.479029884885097	4.711192761958539	6.214943694711794	0.9879678145023009	-8.793224337037367e-06	0.8938387600398774	0.8776470588235294	13.767837122926558	0.987976607726638	-0.3353748641146811	-0.37211783291515665	4.711192761958539	-8.793224337111383e-06
cami2_toy_mouse_gut	min_xny_ge_50	5,6,7	0.8611159553883588	0.8382352941176471	342	7	125	-0.032722804651518556	-0.09173441734417342	2	0	13.786041593403155	0.018204470476597123	0.03691260936277985	0.9879820943549493	5.486628311309379e-06	0.8938387600398774	0.8776470588235294	13.767837122926558	0.987976607726638	-0.032722804651518556	-0.03941176470588237	0.018204470476597123	5.4866283113463865e-06
cami2_toy_mouse_gut	min_xny_ge_500	5,6,7	0.3180204769410167	0.2867513611615245	79	5	388	-0.5758182830988606	-0.6113526570048309	3	0	30.991369828678376	17.22353270575182	19.045007977656454	0.9857543058363651	-0.0022223018902728007	0.8938387600398774	0.8776470588235294	13.767837122926558	0.987976607726638	-0.5758182830988607	-0.590895697662005	17.22353270575182	-0.0022223018902728375
cami2_toy_mouse_gut	prob_ge_0.4	5,6,7	0.8834063581481632	0.8666666666666667	364	9	103	-0.01043240189171409	-0.01383951244286441	3	0	14.380002795319193	0.6121656723926364	1.952067974370486	0.9879184807501646	-5.8126976473301305e-05	0.8938387600398774	0.8776470588235294	13.767837122926558	0.987976607726638	-0.010432401891714238	-0.01098039215686275	0.612165672392635	-5.812697647333831e-05
cami2_toy_mouse_gut	prob_ge_0.5	5,6,7	0.8664398546123538	0.8516284680337756	353	9	114	-0.027398905427523546	-0.032670454545454586	3	0	14.988786142917519	1.2209490199909634	2.3510367731337674	0.9878773095714285	-9.929815520951883e-05	0.8938387600398774	0.8776470588235294	13.767837122926558	0.987976607726638	-0.027398905427523546	-0.02601859078975388	1.220949019990961	-9.929815520948182e-05
cami2_toy_mouse_gut	prob_ge_0.6	5,6,7	0.8400333720380165	0.8252788104089219	333	7	134	-0.05380538800186074	-0.06543109593355767	3	0	16.309915271875663	2.5420781489491087	3.6761388726493216	0.9878099804281675	-0.00016662729847050084	0.8938387600398774	0.8776470588235294	13.767837122926558	0.987976607726638	-0.053805388001860854	-0.05236824841460752	2.5420781489491056	-0.00016662729847050084
cami2_toy_mouse_gut	prob_ge_0.7	5,6,7	0.8127377248296855	0.7954256670902159	313	7	154	-0.08110103521019174	-0.0873770021434962	3	0	18.534737574560825	4.766900451634271	5.195240767810532	0.9875567168692703	-0.0004198908573677107	0.8938387600398774	0.8776470588235294	13.767837122926558	0.987976607726638	-0.08110103521019185	-0.08222139173331355	4.7669004516342675	-0.0004198908573677107
cami2_toy_mouse_gut	prob_ge_0.8	5,6,7	0.7356415700364746	0.7137042062415196	263	7	204	-0.15819719000340282	-0.1880819366852886	3	0	23.484840179214203	9.717003056287643	12.60097318112214	0.98585183155313	-0.0021247761735079993	0.8938387600398774	0.8776470588235294	13.767837122926558	0.987976607726638	-0.15819719000340282	-0.1639428525820098	9.717003056287645	-0.002124776173507925
cami2_toy_mouse_gut	prob_ge_0.9	5,6,7	0.5965383926056789	0.5779122541603631	191	3	276	-0.29730036743419846	-0.3204525744710889	3	0	40.26789691221597	26.500059789289406	33.36036168610286	0.9795645700476426	-0.00841203767899538	0.8938387600398774	0.8776470588235294	13.767837122926558	0.987976607726638	-0.2973003674341985	-0.2997348046631664	26.50005978928941	-0.008412037678995343
cami2_toy_mouse_gut	prob_ge_0.95	5,6,7	0.38213437956993096	0.34275618374558303	97	2	370	-0.5117043804699464	-0.573076923076923	3	0	152.452206602774	138.68436947984745	143.1365212301948	0.28180567596454037	-0.7061709317620976	0.8938387600398774	0.8776470588235294	13.767837122926558	0.987976607726638	-0.5117043804699464	-0.5348908750779464	138.68436947984745	-0.7061709317620977
cami2_toy_mouse_gut	prob_ge_0.98	5,6,7	0.013201320132013203	0.016985138004246284	4	0	463	-0.8806374399078641	-0.9545454545454545	3	0	133.3012262263293	119.53338910340277	184.48945050638042	-0.02149773657951012	-1.0132456285918592	0.8938387600398774	0.8776470588235294	13.767837122926558	0.987976607726638	-0.8806374399078641	-0.8606619208192832	119.53338910340275	-1.009474344306148
cami2_toy_mouse_gut	prob_ge_0.99	5,6,7	0.003350083752093803	0.004273504273504274	1	0	466	-0.8904886762877835	-0.9545454545454545	3	0	133.32615250392732	119.55831538100078	184.5642293391745	-0.011055743499410249	-1.0028036355117593	0.8938387600398774	0.8776470588235294	13.767837122926558	0.987976607726638	-0.8904886762877836	-0.8733735545500252	119.55831538100077	-0.9990323512260483
cami2_toy_mouse_gut	reported_ani_ge_0.93	5,6,7	0.874047556489753	0.8530120481927711	354	9	113	-0.019791203550124353	-0.03985228002569041	2	0	13.516401119291716	-0.25143600363484	0.0	0.9880298041079545	5.3196381316585516e-05	0.8938387600398774	0.8776470588235294	13.767837122926558	0.987976607726638	-0.019791203550124425	-0.024635010630758347	-0.25143600363484175	5.31963813165115e-05
cami2_toy_mouse_gut	reported_ani_ge_0.94	5,6,7	0.8540486283620202	0.8286066584463625	336	8	131	-0.03979013167785713	-0.08306559571619809	2	0	13.658900229191415	-0.1089368937351421	0.0	0.9880556498508137	7.90421241757544e-05	0.8938387600398774	0.8776470588235294	13.767837122926558	0.987976607726638	-0.039790131677857166	-0.04904040037716695	-0.1089368937351427	7.90421241757544e-05
cami2_toy_mouse_gut	reported_ani_ge_0.95	5,6,7	0.8389850375746443	0.81203007518797	324	7	143	-0.05485372246523312	-0.10535105657805044	3	0	13.744925722748725	-0.022911400177831293	0.11586508498306003	0.9880686770648374	9.206933819949636e-05	0.8938387600398774	0.8776470588235294	13.767837122926558	0.987976607726638	-0.05485372246523312	-0.06561698363555946	-0.022911400177832775	9.206933819938534e-05
cami2_toy_mouse_gut	reported_ani_ge_0.96	5,6,7	0.8133766753327202	0.7861715749039693	307	7	160	-0.08046208470715725	-0.13241030999651693	3	0	14.38714623500079	0.6193091120742326	0.9032865013244269	0.9880069774769047	3.036975026671218e-05	0.8938387600398774	0.8776470588235294	13.767837122926558	0.987976607726638	-0.08046208470715721	-0.09147548391956017	0.619309112074232	3.036975026671218e-05
cami2_toy_mouse_gut	reported_ani_ge_0.97	5,6,7	0.7532962911940732	0.7240915208613727	269	7	198	-0.14054246884580412	-0.18594771241830066	3	0	18.045110565636033	4.277273442709478	5.625191641399834	0.9880452139273691	6.860620073105099e-05	0.8938387600398774	0.8776470588235294	13.767837122926558	0.987976607726638	-0.14054246884580424	-0.1535555379621567	4.277273442709475	6.8606200731125e-05
cami2_toy_mouse_gut	reported_ani_ge_0.98	5,6,7	0.6551970785218207	0.6289855072463768	217	6	250	-0.23864168151805656	-0.26447082557417756	3	0	29.219856195867592	15.452019072941034	20.898288451383408	0.9839406601488063	-0.004035947577831656	0.8938387600398774	0.8776470588235294	13.767837122926558	0.987976607726638	-0.23864168151805665	-0.24866155157715264	15.452019072941034	-0.004035947577831656
cami2_toy_mouse_gut	reported_ani_ge_0.99	5,6,7	0.4808331465177577	0.46153846153846156	141	3	326	-0.4130056135221197	-0.43287360335195535	3	0	69.95656021367654	56.18872309074999	112.76232972287609	0.9030198329418062	-0.08495677478483177	0.8938387600398774	0.8776470588235294	13.767837122926558	0.987976607726638	-0.4130056135221197	-0.4161085972850679	56.18872309074998	-0.08495677478483177
cami2_toy_mouse_gut	s_ani_ge_0.93	5,6,7	0.874047556489753	0.8530120481927711	354	9	113	-0.019791203550124353	-0.03985228002569041	2	0	13.516401119291716	-0.25143600363484	0.0	0.9880298041079545	5.3196381316585516e-05	0.8938387600398774	0.8776470588235294	13.767837122926558	0.987976607726638	-0.019791203550124425	-0.024635010630758347	-0.25143600363484175	5.31963813165115e-05
cami2_toy_mouse_gut	s_ani_ge_0.94	5,6,7	0.8540486283620202	0.8286066584463625	336	8	131	-0.03979013167785713	-0.08306559571619809	2	0	13.658900229191415	-0.1089368937351421	0.0	0.9880556498508137	7.90421241757544e-05	0.8938387600398774	0.8776470588235294	13.767837122926558	0.987976607726638	-0.039790131677857166	-0.04904040037716695	-0.1089368937351427	7.90421241757544e-05
cami2_toy_mouse_gut	s_ani_ge_0.95	5,6,7	0.8389850375746443	0.81203007518797	324	7	143	-0.05485372246523312	-0.10535105657805044	3	0	13.744925722748725	-0.022911400177831293	0.11586508498306003	0.9880686770648374	9.206933819949636e-05	0.8938387600398774	0.8776470588235294	13.767837122926558	0.987976607726638	-0.05485372246523312	-0.06561698363555946	-0.022911400177832775	9.206933819938534e-05
cami2_toy_mouse_gut	s_ani_ge_0.96	5,6,7	0.8133766753327202	0.7861715749039693	307	7	160	-0.08046208470715725	-0.13241030999651693	3	0	14.38714623500079	0.6193091120742326	0.9032865013244269	0.9880069774769047	3.036975026671218e-05	0.8938387600398774	0.8776470588235294	13.767837122926558	0.987976607726638	-0.08046208470715721	-0.09147548391956017	0.619309112074232	3.036975026671218e-05
cami2_toy_mouse_gut	s_ani_ge_0.97	5,6,7	0.7532962911940732	0.7240915208613727	269	7	198	-0.14054246884580412	-0.18594771241830066	3	0	18.045110565636033	4.277273442709478	5.625191641399834	0.9880452139273691	6.860620073105099e-05	0.8938387600398774	0.8776470588235294	13.767837122926558	0.987976607726638	-0.14054246884580424	-0.1535555379621567	4.277273442709475	6.8606200731125e-05
cami2_toy_mouse_gut	s_ani_ge_0.98	5,6,7	0.6551970785218207	0.6289855072463768	217	6	250	-0.23864168151805656	-0.26447082557417756	3	0	29.219856195867592	15.452019072941034	20.898288451383408	0.9839406601488063	-0.004035947577831656	0.8938387600398774	0.8776470588235294	13.767837122926558	0.987976607726638	-0.23864168151805665	-0.24866155157715264	15.452019072941034	-0.004035947577831656
cami2_toy_mouse_gut	s_ani_ge_0.99	5,6,7	0.4808331465177577	0.46153846153846156	141	3	326	-0.4130056135221197	-0.43287360335195535	3	0	69.95656021367654	56.18872309074999	112.76232972287609	0.9030198329418062	-0.08495677478483177	0.8938387600398774	0.8776470588235294	13.767837122926558	0.987976607726638	-0.4130056135221197	-0.4161085972850679	56.18872309074998	-0.08495677478483177
cami2_toy_mouse_gut	s_breadth_ge_0.02	5,6,7	0.8933601915837809	0.8770685579196218	371	8	96	-0.00047856845609650644	-0.0014357053682895193	1	0	13.710457036175375	-0.05738008675118186	0.0	0.9879774506795426	8.429529047004891e-07	0.8938387600398774	0.8776470588235294	13.767837122926558	0.987976607726638	-0.00047856845609650644	-0.0005785009039076527	-0.057380086751182446	8.429529045894668e-07
cami2_toy_mouse_gut	s_breadth_ge_0.05	5,6,7	0.870563089159416	0.8495145631067961	350	7	117	-0.02327567088046134	-0.06982701264138402	1	0	13.783258657174665	0.015421534248107585	0.04626460274432276	0.9879775225270623	9.148004242639137e-07	0.8938387600398774	0.8776470588235294	13.767837122926558	0.987976607726638	-0.02327567088046134	-0.028132495716733374	0.015421534248106994	9.148004243009211e-07
cami2_toy_mouse_gut	s_breadth_ge_0.1	5,6,7	0.7914517638253521	0.7526315789473684	286	7	181	-0.1023869962145253	-0.17515381831342736	2	0	14.040138118905455	0.2723009959788989	0.4959358345034026	0.9880082217332068	3.161400656888821e-05	0.8938387600398774	0.8776470588235294	13.767837122926558	0.987976607726638	-0.1023869962145253	-0.12501547987616102	0.2723009959788971	3.161400656881419e-05
cami2_toy_mouse_gut	s_breadth_ge_0.2	5,6,7	0.7041584785613778	0.6534090909090909	230	7	237	-0.18968028147849955	-0.2906619385342789	3	0	14.977641863931275	1.2098047410047188	1.8793473861680194	0.9880583630874952	8.175536085723116e-05	0.8938387600398774	0.8776470588235294	13.767837122926558	0.987976607726638	-0.18968028147849958	-0.2242379679144385	1.2098047410047172	8.175536085719415e-05
cami2_toy_mouse_gut	s_breadth_ge_0.3	5,6,7	0.6019774653654435	0.5437788018433178	177	7	290	-0.29186129467443384	-0.41662376662376666	3	0	16.910459652960963	3.142622530034405	4.971339089124401	0.9880531240718038	7.65163451658483e-05	0.8938387600398774	0.8776470588235294	13.767837122926558	0.987976607726638	-0.2918612946744339	-0.3338682569802116	3.142622530034405	7.65163451658113e-05
cami2_toy_mouse_gut	s_breadth_ge_0.4	5,6,7	0.4650725937917435	0.41876046901172537	125	5	342	-0.4287661662481339	-0.5065704657001334	3	0	20.55301764053577	6.785180517609213	9.27469783940434	0.9879551068045863	-2.150092205170188e-05	0.8938387600398774	0.8776470588235294	13.767837122926558	0.987976607726638	-0.4287661662481339	-0.4588865898118041	6.785180517609213	-2.1500922051664872e-05
cami2_toy_mouse_gut	s_breadth_ge_0.5	5,6,7	0.3574918383429022	0.32326820603907636	91	5	376	-0.5363469216969752	-0.5743498817966903	3	0	25.288624993076255	11.520787870149695	15.025900134403512	0.9880672656702076	9.065794356977186e-05	0.8938387600398774	0.8776470588235294	13.767837122926558	0.987976607726638	-0.5363469216969752	-0.5543788527844531	11.520787870149697	9.065794356966084e-05
cami2_toy_mouse_gut	s_real_min_af_ge_0.02	5,6,7	0.8938387600398774	0.8776470588235294	373	10	94	0.0	0.0	0	0	13.767837122926558	0.0	0.0	0.987976607726638	0.0	0.8938387600398774	0.8776470588235294	13.767837122926558	0.987976607726638	0.0	0.0	0.0	0.0
cami2_toy_mouse_gut	s_real_min_af_ge_0.05	5,6,7	0.8877207509132723	0.8700834326579262	365	7	102	-0.006118009126605132	-0.018354027379815396	1	0	13.708534110048426	-0.05930301287813163	0.0	0.987977413261599	8.055349610680551e-07	0.8938387600398774	0.8776470588235294	13.767837122926558	0.987976607726638	-0.006118009126605095	-0.007563626165603243	-0.05930301287813222	8.055349610680551e-07
cami2_toy_mouse_gut	s_real_min_af_ge_0.1	5,6,7	0.8177050646824475	0.7846153846153846	306	7	161	-0.0761336953574299	-0.1461075725406935	2	0	13.982707828253394	0.2148707053268364	0.4269061903090261	0.987985107862181	8.500135542988119e-06	0.8938387600398774	0.8776470588235294	13.767837122926558	0.987976607726638	-0.07613369535742986	-0.09303167420814484	0.2148707053268364	8.500135542988119e-06
cami2_toy_mouse_gut	s_real_min_af_ge_0.2	5,6,7	0.7399714380788641	0.6942148760330579	252	7	215	-0.15386732196101316	-0.2420852359208524	3	0	14.515097756999197	0.7472606340726401	1.128149898889717	0.9880202966232217	4.368889658368236e-05	0.8938387600398774	0.8776470588235294	13.767837122926558	0.987976607726638	-0.15386732196101327	-0.18343218279047158	0.7472606340726387	4.368889658368236e-05
cami2_toy_mouse_gut	s_real_min_af_ge_0.3	5,6,7	0.6373653990572098	0.5808383233532934	194	7	273	-0.25647336098266754	-0.3759816207184629	3	0	16.12836127598806	2.3605241530615015	3.833380519191449	0.9880438812793786	6.727355274053586e-05	0.8938387600398774	0.8776470588235294	13.767837122926558	0.987976607726638	-0.2564733609826676	-0.296808735470236	2.360524153061501	6.727355274060987e-05
cami2_toy_mouse_gut	s_real_min_af_ge_0.4	5,6,7	0.5540543367960749	0.5	158	7	309	-0.33978442324380254	-0.43167168027503233	3	0	17.995535868497605	4.227698745571048	6.400868807899698	0.9880306169235462	5.4009196908196465e-05	0.8938387600398774	0.8776470588235294	13.767837122926558	0.987976607726638	-0.33978442324380254	-0.37764705882352945	4.227698745571047	5.400919690823347e-05
cami2_toy_mouse_gut	s_real_min_af_ge_0.5	5,6,7	0.4117335425106929	0.3717728055077453	108	6	359	-0.4821052175291845	-0.5319732595666206	3	0	22.40242103883342	8.63458391590686	12.463677300420235	0.9881804532871444	0.00020384556050649186	0.8938387600398774	0.8776470588235294	13.767837122926558	0.987976607726638	-0.4821052175291845	-0.5058742533157842	8.634583915906862	0.00020384556050645486
cami2_toy_mouse_gut	s_xny_ge_10	5,6,7	0.8938387600398774	0.8776470588235294	373	10	94	0.0	0.0	0	0	13.767837122926558	0.0	0.0	0.987976607726638	0.0	0.8938387600398774	0.8776470588235294	13.767837122926558	0.987976607726638	0.0	0.0	0.0	0.0
cami2_toy_mouse_gut	s_xny_ge_100	5,6,7	0.8177050646824475	0.7846153846153846	306	7	161	-0.0761336953574299	-0.1461075725406935	2	0	13.982707828253394	0.2148707053268364	0.4269061903090261	0.987985107862181	8.500135542988119e-06	0.8938387600398774	0.8776470588235294	13.767837122926558	0.987976607726638	-0.07613369535742986	-0.09303167420814484	0.2148707053268364	8.500135542988119e-06
cami2_toy_mouse_gut	s_xny_ge_1000	5,6,7	0.026132423984086387	0.025369978858350947	6	0	461	-0.867706336055791	-0.9255599472990776	3	0	182.22940485186894	168.46156772894236	187.0308154845525	0.14042165975794	-0.8475549479686979	0.8938387600398774	0.8776470588235294	13.767837122926558	0.987976607726638	-0.867706336055791	-0.8522770799651785	168.46156772894238	-0.847554947968698
cami2_toy_mouse_gut	s_xny_ge_200	5,6,7	0.7399714380788641	0.6942148760330579	252	7	215	-0.15386732196101316	-0.2420852359208524	3	0	14.515097756999197	0.7472606340726401	1.128149898889717	0.9880202966232217	4.368889658368236e-05	0.8938387600398774	0.8776470588235294	13.767837122926558	0.987976607726638	-0.15386732196101327	-0.18343218279047158	0.7472606340726387	4.368889658368236e-05
cami2_toy_mouse_gut	s_xny_ge_25	5,6,7	0.893600812595226	0.8773584905660378	372	9	95	-0.00023794744465136888	-0.0007138423339541067	1	0	13.722361057445076	-0.04547606548148112	0.0	0.9879774356755391	8.279489012164021e-07	0.8938387600398774	0.8776470588235294	13.767837122926558	0.987976607726638	-0.0002379474446514429	-0.0002885682574916837	-0.04547606548148231	8.279489011053798e-07
cami2_toy_mouse_gut	s_xny_ge_300	5,6,7	0.6373653990572098	0.5808383233532934	194	7	273	-0.25647336098266754	-0.3759816207184629	3	0	16.12836127598806	2.3605241530615015	3.833380519191449	0.9880438812793786	6.727355274053586e-05	0.8938387600398774	0.8776470588235294	13.767837122926558	0.987976607726638	-0.2564733609826676	-0.296808735470236	2.360524153061501	6.727355274060987e-05
cami2_toy_mouse_gut	s_xny_ge_50	5,6,7	0.8877207509132723	0.8700834326579262	365	7	102	-0.006118009126605132	-0.018354027379815396	1	0	13.708534110048426	-0.05930301287813163	0.0	0.987977413261599	8.055349610680551e-07	0.8938387600398774	0.8776470588235294	13.767837122926558	0.987976607726638	-0.006118009126605095	-0.007563626165603243	-0.05930301287813222	8.055349610680551e-07
cami2_toy_mouse_gut	s_xny_ge_500	5,6,7	0.4117335425106929	0.3717728055077453	108	6	359	-0.4821052175291845	-0.5319732595666206	3	0	22.40242103883342	8.63458391590686	12.463677300420235	0.9881804532871444	0.00020384556050649186	0.8938387600398774	0.8776470588235294	13.767837122926558	0.987976607726638	-0.4821052175291845	-0.5058742533157842	8.634583915906862	0.00020384556050645486
cami2_toy_mouse_gut	s_xny_ge_750	5,6,7	0.2590186015813365	0.22264150943396227	59	4	408	-0.6348201584585408	-0.6987062404870624	3	0	42.673948044320674	28.906110921394117	42.8854780231087	0.968747128040648	-0.01922947968598987	0.8938387600398774	0.8776470588235294	13.767837122926558	0.987976607726638	-0.6348201584585409	-0.6550055493895672	28.906110921394117	-0.01922947968598998
cami2_toy_mouse_gut	s_zip_af_ge_0.05	5,6,7	0.8927916126138998	0.8763250883392226	372	10	95	-0.00104714742597752	-0.00314144227793256	1	0	13.72275966249398	-0.045077460432575954	0.0	0.9879774356755392	8.27948901290417e-07	0.8938387600398774	0.8776470588235294	13.767837122926558	0.987976607726638	-0.001047147425977557	-0.0013219704843068225	-0.04507746043257832	8.279489012164021e-07
cami2_toy_mouse_gut	s_zip_af_ge_0.1	5,6,7	0.8896103896103896	0.8723404255319147	369	10	98	-0.00422837042948776	-0.009477124183006502	2	0	13.565326257464003	-0.20251086546255456	0.0	0.9880011787789876	2.457105234961639e-05	0.8938387600398774	0.8776470588235294	13.767837122926558	0.987976607726638	-0.00422837042948776	-0.005306633291614737	-0.20251086546255515	2.45710523496534e-05
cami2_toy_mouse_gut	s_zip_af_ge_0.2	5,6,7	0.8751691991965768	0.8543922984356197	355	9	112	-0.018669560843300625	-0.036487351905219234	2	0	13.48976801633991	-0.27806910658664624	0.0	0.988026346303157	4.973857651905759e-05	0.8938387600398774	0.8776470588235294	13.767837122926558	0.987976607726638	-0.018669560843300625	-0.023254760387909745	-0.2780691065866474	4.973857651902058e-05
cami2_toy_mouse_gut	s_zip_af_ge_0.3	5,6,7	0.8455760326514116	0.8198757763975155	330	8	137	-0.048262727388465744	-0.08672373279624046	3	0	13.617177643275161	-0.15065947965139545	-0.1110616820946877	0.9880680818946681	9.147416803012565e-05	0.8938387600398774	0.8776470588235294	13.767837122926558	0.987976607726638	-0.04826272738846582	-0.057771282426013926	-0.15065947965139692	9.147416803012565e-05
cami2_toy_mouse_gut	s_zip_af_ge_0.4	5,6,7	0.8186907034594468	0.7908163265306122	310	7	157	-0.07514805658043044	-0.12847222222222232	3	0	14.289680407031492	0.5218432841049347	0.8152605796330015	0.9880094349674159	3.2827240777947665e-05	0.8938387600398774	0.8776470588235294	13.767837122926558	0.987976607726638	-0.07514805658043056	-0.08683073229291727	0.5218432841049339	3.282724077791066e-05
cami2_toy_mouse_gut	s_zip_af_ge_0.5	5,6,7	0.7614687349815773	0.7343124165554072	275	7	192	-0.13237002505829998	-0.1816684762938835	3	0	17.94534733436333	4.177510211436771	5.379248360243665	0.9880426775867298	6.606986009183302e-05	0.8938387600398774	0.8776470588235294	13.767837122926558	0.987976607726638	-0.1323700250583001	-0.1433346422681222	4.177510211436772	6.606986009183302e-05
cami2_toy_mouse_gut	split_unique_breadth_ratio_le_1.1	5,6,7	0.6554300062774638	0.6378066378066378	221	5	246	-0.23840875376241347	-0.25474860335195537	3	0	54.036283424088516	40.26844630116196	63.19335059119996	0.9272783119031499	-0.06069829582348799	0.8938387600398774	0.8776470588235294	13.767837122926558	0.987976607726638	-0.23840875376241355	-0.23984042101689163	40.26844630116196	-0.06069829582348807
cami2_toy_mouse_gut	split_unique_breadth_ratio_le_1.25	5,6,7	0.8315953154662831	0.8125	325	8	142	-0.06224344457359421	-0.07997382857718072	3	0	21.35139162812463	7.5835545051980775	9.679622517250372	0.9846634968049276	-0.0033131109217103827	0.8938387600398774	0.8776470588235294	13.767837122926558	0.987976607726638	-0.06224344457359432	-0.06514705882352945	7.583554505198073	-0.0033131109217103827
cami2_toy_mouse_gut	split_unique_breadth_ratio_le_1.5	5,6,7	0.8844652547049238	0.8680142687277052	365	9	102	-0.009373505334953588	-0.01383951244286441	3	0	14.18024763244514	0.41241050951858416	1.2333216455211833	0.9879563396725248	-2.026805411311135e-05	0.8938387600398774	0.8776470588235294	13.767837122926558	0.987976607726638	-0.009373505334953625	-0.009632790095824295	0.4124105095185815	-2.026805411314836e-05
cami2_toy_mouse_gut	split_unique_breadth_ratio_le_2	5,6,7	0.8927694310047252	0.8763250883392226	372	10	95	-0.0010693290351522593	-0.0032079871054567777	1	0	13.852530811835068	0.08469368890851214	0.25408106672553643	0.9879724201347515	-4.187591886473108e-06	0.8938387600398774	0.8776470588235294	13.767837122926558	0.987976607726638	-0.0010693290351522222	-0.0013219704843068225	0.08469368890851037	-4.187591886473108e-06
cami2_toy_mouse_gut	split_unique_breadth_ratio_le_3	5,6,7	0.8938387600398774	0.8776470588235294	373	10	94	0.0	0.0	0	0	13.767837122926558	0.0	0.0	0.987976607726638	0.0	0.8938387600398774	0.8776470588235294	13.767837122926558	0.987976607726638	0.0	0.0	0.0	0.0
cami2_toy_mouse_gut	split_unique_xny_ratio_le_1.1	5,6,7	0.3172452407614782	0.2956204379562044	81	0	386	-0.5765935192783992	-0.6179064980887974	3	0	156.1783640111248	142.41052688819823	167.71519230523506	0.2780831271497881	-0.7098934805768499	0.8938387600398774	0.8776470588235294	13.767837122926558	0.987976607726638	-0.5765935192783992	-0.582026620867325	142.41052688819826	-0.7098934805768499
cami2_toy_mouse_gut	split_unique_xny_ratio_le_1.25	5,6,7	0.5995515579194621	0.5722983257229832	188	2	279	-0.2942872021204152	-0.3292011580964809	3	0	55.26981899004301	41.501981867116456	63.87887703316824	0.9273906375594679	-0.06058597016716997	0.8938387600398774	0.8776470588235294	13.767837122926558	0.987976607726638	-0.29428720212041526	-0.3053487331005462	41.50198186711645	-0.060585970167170045
cami2_toy_mouse_gut	split_unique_xny_ratio_le_1.5	5,6,7	0.7707781069702168	0.7476882430647291	283	7	184	-0.12306065306966056	-0.1377674712764836	3	0	25.86908498773494	12.101247864808386	12.509618948561297	0.9838923655624184	-0.004084242164219469	0.8938387600398774	0.8776470588235294	13.767837122926558	0.987976607726638	-0.12306065306966063	-0.1299588157588003	12.101247864808382	-0.0040842421642195426
cami2_toy_mouse_gut	split_unique_xny_ratio_le_2	5,6,7	0.8580524093559413	0.8390243902439024	344	9	123	-0.0357863506839361	-0.04225104066602636	3	0	16.37336567233064	2.6055285494040814	4.594577830853762	0.9872628806870575	-0.0007137270395804288	0.8938387600398774	0.8776470588235294	13.767837122926558	0.987976607726638	-0.0357863506839361	-0.03862266857962704	2.605528549404081	-0.0007137270395805029
cami2_toy_mouse_gut	split_unique_xny_ratio_le_3	5,6,7	0.8877302995192644	0.8720379146919431	368	9	99	-0.006108460520612979	-0.007980569049271358	3	0	14.074786787659122	0.30694966473256563	1.0372040923699686	0.9879548358735132	-2.1771853124759783e-05	0.8938387600398774	0.8776470588235294	13.767837122926558	0.987976607726638	-0.006108460520612979	-0.005609144131586308	0.3069496647325636	-2.177185312479679e-05
cami2_toy_mouse_gut	split_unique_xny_ratio_le_5	5,6,7	0.8938387600398774	0.8776470588235294	373	10	94	0.0	0.0	0	0	13.767837122926558	0.0	0.0	0.987976607726638	0.0	0.8938387600398774	0.8776470588235294	13.767837122926558	0.987976607726638	0.0	0.0	0.0	0.0
cami3_toy_human_gut_gtdb_source_readmap	current_calls	0,1,2	0.8159567931704953	0.8145695364238409	246	62	50	0.0	0.0	0	0	62.732029033424595	0.0	0.0	0.8239151096773089	0.0	0.8159567931704953	0.8145695364238409	62.732029033424595	0.8239151096773089	0.0	0.0	0.0	0.0
cami3_toy_human_gut_gtdb_source_readmap	drop_ani_lt_0.95_and_breadth_lt_0.05	0,1,2	0.6335964680272693	0.6331236897274632	151	30	145	-0.18236032514322606	-0.21256010147193305	3	0	60.34057742247081	-2.3914516109537964	-0.37476815555374543	0.8292167897399905	0.00530168006268165	0.8159567931704953	0.8145695364238409	62.732029033424595	0.8239151096773089	-0.18236032514322598	-0.18144584669637764	-2.391451610953787	0.005301680062681613
cami3_toy_human_gut_gtdb_source_readmap	drop_ani_lt_0.95_and_breadth_lt_0.1	0,1,2	0.5780555758921672	0.5784753363228698	129	21	167	-0.23790121727832814	-0.26980341604898483	3	0	60.20715995464602	-2.524869078778574	-0.5551090948184552	0.8292970119473763	0.005381902270067444	0.8159567931704953	0.8145695364238409	62.732029033424595	0.8239151096773089	-0.23790121727832814	-0.23609420010097104	-2.524869078778572	0.005381902270067407
cami3_toy_human_gut_gtdb_source_readmap	drop_ani_lt_0.95_and_breadth_lt_0.2	0,1,2	0.5118998201189982	0.5121951219512195	105	9	191	-0.3040569730514971	-0.3267426951886092	3	0	62.28103096447188	-0.4509980689527164	0.8131404354951997	0.8306545132552184	0.006739403577909697	0.8159567931704953	0.8145695364238409	62.732029033424595	0.8239151096773089	-0.30405697305149715	-0.30237441447262137	-0.450998068952714	0.006739403577909586
cami3_toy_human_gut_gtdb_source_readmap	drop_ani_lt_0.96_and_breadth_lt_0.05	0,1,2	0.6335964680272693	0.6331236897274632	151	30	145	-0.18236032514322606	-0.21256010147193305	3	0	60.34057742247081	-2.3914516109537964	-0.37476815555374543	0.8292167897399905	0.00530168006268165	0.8159567931704953	0.8145695364238409	62.732029033424595	0.8239151096773089	-0.18236032514322598	-0.18144584669637764	-2.391451610953787	0.005301680062681613
cami3_toy_human_gut_gtdb_source_readmap	drop_ani_lt_0.96_and_breadth_lt_0.1	0,1,2	0.5780555758921672	0.5784753363228698	129	21	167	-0.23790121727832814	-0.26980341604898483	3	0	60.20715995464602	-2.524869078778574	-0.5551090948184552	0.8292970119473763	0.005381902270067444	0.8159567931704953	0.8145695364238409	62.732029033424595	0.8239151096773089	-0.23790121727832814	-0.23609420010097104	-2.524869078778572	0.005381902270067407
cami3_toy_human_gut_gtdb_source_readmap	drop_ani_lt_0.96_and_breadth_lt_0.2	0,1,2	0.5118998201189982	0.5121951219512195	105	9	191	-0.3040569730514971	-0.3267426951886092	3	0	62.28103096447188	-0.4509980689527164	0.8131404354951997	0.8306545132552184	0.006739403577909697	0.8159567931704953	0.8145695364238409	62.732029033424595	0.8239151096773089	-0.30405697305149715	-0.30237441447262137	-0.450998068952714	0.006739403577909586
cami3_toy_human_gut_gtdb_source_readmap	drop_ani_lt_0.97_and_breadth_lt_0.05	0,1,2	0.6335964680272693	0.6331236897274632	151	30	145	-0.18236032514322606	-0.21256010147193305	3	0	60.34057742247081	-2.3914516109537964	-0.37476815555374543	0.8292167897399905	0.00530168006268165	0.8159567931704953	0.8145695364238409	62.732029033424595	0.8239151096773089	-0.18236032514322598	-0.18144584669637764	-2.391451610953787	0.005301680062681613
cami3_toy_human_gut_gtdb_source_readmap	drop_ani_lt_0.97_and_breadth_lt_0.1	0,1,2	0.5780555758921672	0.5784753363228698	129	21	167	-0.23790121727832814	-0.26980341604898483	3	0	60.20715995464602	-2.524869078778574	-0.5551090948184552	0.8292970119473763	0.005381902270067444	0.8159567931704953	0.8145695364238409	62.732029033424595	0.8239151096773089	-0.23790121727832814	-0.23609420010097104	-2.524869078778572	0.005381902270067407
cami3_toy_human_gut_gtdb_source_readmap	drop_ani_lt_0.97_and_breadth_lt_0.2	0,1,2	0.5118998201189982	0.5121951219512195	105	9	191	-0.3040569730514971	-0.3267426951886092	3	0	62.28103096447188	-0.4509980689527164	0.8131404354951997	0.8306545132552184	0.006739403577909697	0.8159567931704953	0.8145695364238409	62.732029033424595	0.8239151096773089	-0.30405697305149715	-0.30237441447262137	-0.450998068952714	0.006739403577909586
cami3_toy_human_gut_gtdb_source_readmap	drop_ani_lt_0.98_and_breadth_lt_0.05	0,1,2	0.6335964680272693	0.6331236897274632	151	30	145	-0.18236032514322606	-0.21256010147193305	3	0	60.34057742247081	-2.3914516109537964	-0.37476815555374543	0.8292167897399905	0.00530168006268165	0.8159567931704953	0.8145695364238409	62.732029033424595	0.8239151096773089	-0.18236032514322598	-0.18144584669637764	-2.391451610953787	0.005301680062681613
cami3_toy_human_gut_gtdb_source_readmap	drop_ani_lt_0.98_and_breadth_lt_0.1	0,1,2	0.5780555758921672	0.5784753363228698	129	21	167	-0.23790121727832814	-0.26980341604898483	3	0	60.20715995464602	-2.524869078778574	-0.5551090948184552	0.8292970119473763	0.005381902270067444	0.8159567931704953	0.8145695364238409	62.732029033424595	0.8239151096773089	-0.23790121727832814	-0.23609420010097104	-2.524869078778572	0.005381902270067407
cami3_toy_human_gut_gtdb_source_readmap	drop_ani_lt_0.98_and_breadth_lt_0.2	0,1,2	0.5118998201189982	0.5121951219512195	105	9	191	-0.3040569730514971	-0.3267426951886092	3	0	62.28103096447188	-0.4509980689527164	0.8131404354951997	0.8306545132552184	0.006739403577909697	0.8159567931704953	0.8145695364238409	62.732029033424595	0.8239151096773089	-0.30405697305149715	-0.30237441447262137	-0.450998068952714	0.006739403577909586
cami3_toy_human_gut_gtdb_source_readmap	drop_depth_lt_0.5_and_breadth_lt_0.05	0,1,2	0.6383469988128319	0.6375	153	31	143	-0.17760979435766344	-0.21256010147193305	3	0	60.43653343425055	-2.2954955991740604	-0.08690012021453697	0.8292170253612267	0.005301915683917913	0.8159567931704953	0.8145695364238409	62.732029033424595	0.8239151096773089	-0.17760979435766344	-0.17706953642384093	-2.295495599174046	0.005301915683917802
cami3_toy_human_gut_gtdb_source_readmap	drop_depth_lt_0.5_and_breadth_lt_0.1	0,1,2	0.5822407955946282	0.5822222222222222	131	23	165	-0.2337159975758671	-0.2528416266734024	3	0	60.35529959791361	-2.3767294355109976	-0.26210428561380184	0.829025746685797	0.005110637008488276	0.8159567931704953	0.8145695364238409	62.732029033424595	0.8239151096773089	-0.23371599757586714	-0.2323473142016187	-2.3767294355109883	0.005110637008488128
cami3_toy_human_gut_gtdb_source_readmap	drop_depth_lt_0.5_and_breadth_lt_0.2	0,1,2	0.5227696712487812	0.5223529411764706	111	18	185	-0.2931871219217141	-0.3166783954961294	3	0	60.57296888316821	-2.159060150256392	-0.4210982496108855	0.8288828638536948	0.00496775417638599	0.8159567931704953	0.8145695364238409	62.732029033424595	0.8239151096773089	-0.29318712192171414	-0.2922165952473703	-2.159060150256387	0.004967754176385952
cami3_toy_human_gut_gtdb_source_readmap	drop_depth_lt_0.5_and_breadth_lt_0.3	0,1,2	0.5088438332862157	0.5083135391923991	107	18	189	-0.3071129598842795	-0.3369458128078817	3	0	60.71671044650892	-2.0153185869156878	-0.4210982496108855	0.828910795275374	0.0049956855980652914	0.8159567931704953	0.8145695364238409	62.732029033424595	0.8239151096773089	-0.30711295988427956	-0.3062559972314418	-2.015318586915676	0.00499568559806518
cami3_toy_human_gut_gtdb_source_readmap	drop_depth_lt_1_and_breadth_lt_0.05	0,1,2	0.6323870832010176	0.6317991631799162	151	31	145	-0.18356970996947777	-0.21256010147193305	3	0	60.394321539896076	-2.3377074935285336	-0.2135358032779564	0.829222931831478	0.0053078221541693615	0.8159567931704953	0.8145695364238409	62.732029033424595	0.8239151096773089	-0.18356970996947775	-0.18277037324392464	-2.3377074935285194	0.0053078221541691395
cami3_toy_human_gut_gtdb_source_readmap	drop_depth_lt_1_and_breadth_lt_0.1	0,1,2	0.5769218961566924	0.5771812080536912	129	22	167	-0.23903489701380284	-0.273204455255409	3	0	60.2618574459677	-2.470171587456908	-0.39101662085345623	0.8293035567377643	0.005388447060455603	0.8159567931704953	0.8145695364238409	62.732029033424595	0.8239151096773089	-0.23903489701380287	-0.23738832837014967	-2.470171587456896	0.005388447060455492
cami3_toy_human_gut_gtdb_source_readmap	drop_depth_lt_1_and_breadth_lt_0.2	0,1,2	0.5180022875123937	0.5178147268408552	109	16	187	-0.29795450565810155	-0.3166783954961294	3	0	60.459984771160485	-2.2720442622641195	-0.6106940992175183	0.8291397384090685	0.005224628731759699	0.8159567931704953	0.8145695364238409	62.732029033424595	0.8239151096773089	-0.29795450565810155	-0.2967548095829857	-2.27204426226411	0.005224628731759662
cami3_toy_human_gut_gtdb_source_readmap	drop_depth_lt_1_and_breadth_lt_0.3	0,1,2	0.48842169863220103	0.4878048780487805	100	14	196	-0.3275350945382942	-0.3543328939152154	3	0	60.980285881716306	-1.7517431517082922	-0.19699536761302028	0.8291204882963586	0.005205378619049905	0.8159567931704953	0.8145695364238409	62.732029033424595	0.8239151096773089	-0.32753509453829427	-0.3267646583750604	-1.7517431517082898	0.005205378619049794
cami3_toy_human_gut_gtdb_source_readmap	drop_depth_lt_2_and_breadth_lt_0.05	0,1,2	0.6335964680272693	0.6331236897274632	151	30	145	-0.18236032514322606	-0.21256010147193305	3	0	60.34057742247081	-2.3914516109537964	-0.37476815555374543	0.8292167897399905	0.00530168006268165	0.8159567931704953	0.8145695364238409	62.732029033424595	0.8239151096773089	-0.18236032514322598	-0.18144584669637764	-2.391451610953787	0.005301680062681613
cami3_toy_human_gut_gtdb_source_readmap	drop_depth_lt_2_and_breadth_lt_0.1	0,1,2	0.5780555758921672	0.5784753363228698	129	21	167	-0.23790121727832814	-0.26980341604898483	3	0	60.20715995464602	-2.524869078778574	-0.5551090948184552	0.8292970119473763	0.005381902270067444	0.8159567931704953	0.8145695364238409	62.732029033424595	0.8239151096773089	-0.23790121727832814	-0.23609420010097104	-2.524869078778572	0.005381902270067407
cami3_toy_human_gut_gtdb_source_readmap	drop_depth_lt_2_and_breadth_lt_0.2	0,1,2	0.5180330478208534	0.5179856115107914	108	13	188	-0.29792374534964194	-0.3267426951886092	3	0	60.90065926815131	-1.831369765273294	0.7206642737297528	0.8290258088641336	0.005110699186824719	0.8159567931704953	0.8145695364238409	62.732029033424595	0.8239151096773089	-0.29792374534964194	-0.2965839249130495	-1.831369765273287	0.005110699186824719
cami3_toy_human_gut_gtdb_source_readmap	drop_depth_lt_2_and_breadth_lt_0.3	0,1,2	0.48062331401021635	0.4801980198019802	97	11	199	-0.33533347916027895	-0.37586206896551727	3	0	61.56187234840715	-1.170156685017453	1.6673663843254616	0.8290570998391837	0.005141990161875072	0.8159567931704953	0.8145695364238409	62.732029033424595	0.8239151096773089	-0.33533347916027895	-0.3343715166218607	-1.1701566850174459	0.0051419901618748876
cami3_toy_human_gut_gtdb_source_readmap	drop_prob_lt_0.5_and_breadth_lt_0.05	0,1,2	0.738590508667235	0.7378277153558053	197	41	99	-0.07736628450326029	-0.09968847352024923	3	0	60.55169183912002	-2.1803371943045966	-0.35039949239767765	0.8280881777332728	0.004173068055964031	0.8159567931704953	0.8145695364238409	62.732029033424595	0.8239151096773089	-0.07736628450326033	-0.07674182106803562	-2.1803371943045775	0.004173068055963958
cami3_toy_human_gut_gtdb_source_readmap	drop_prob_lt_0.5_and_breadth_lt_0.1	0,1,2	0.7352180011385561	0.7348484848484849	194	38	102	-0.08073879203193927	-0.11862786745964304	3	0	60.50268398566907	-2.229345047755532	-0.460227952496183	0.827966489007494	0.00405137933018529	0.8159567931704953	0.8145695364238409	62.732029033424595	0.8239151096773089	-0.08073879203193923	-0.07972105157535603	-2.2293450477555226	0.004051379330185179
cami3_toy_human_gut_gtdb_source_readmap	drop_prob_lt_0.5_and_breadth_lt_0.2	0,1,2	0.734525198612122	0.7346153846153846	191	33	105	-0.0814315945583733	-0.10356444251249719	3	0	59.89768808538175	-2.8343409480428483	-1.6585087247109414	0.8316681222938516	0.007753012616542783	0.8159567931704953	0.8145695364238409	62.732029033424595	0.8239151096773089	-0.08143159455837334	-0.07995415180845633	-2.8343409480428434	0.007753012616542709
cami3_toy_human_gut_gtdb_source_readmap	drop_prob_lt_0.5_and_breadth_lt_0.3	0,1,2	0.7310530917393377	0.7311411992263056	189	32	107	-0.08490370143115755	-0.11138437995299777	3	0	59.89711285976281	-2.8349161736617936	-1.4885295926268611	0.8323980513266364	0.008482941649327613	0.8159567931704953	0.8145695364238409	62.732029033424595	0.8239151096773089	-0.08490370143115755	-0.08342833719753528	-2.8349161736617887	0.008482941649327502
cami3_toy_human_gut_gtdb_source_readmap	drop_prob_lt_0.5_and_realaf_lt_0.05	0,1,2	0.7515677250690845	0.7504553734061932	206	47	90	-0.0643890681014108	-0.08550407635712864	3	0	60.72705986255199	-2.004969170872615	-0.09071332291041045	0.8279028921561212	0.003987782478812485	0.8159567931704953	0.8145695364238409	62.732029033424595	0.8239151096773089	-0.06438906810141076	-0.06411416301764772	-2.004969170872606	0.003987782478812374
cami3_toy_human_gut_gtdb_source_readmap	drop_prob_lt_0.5_and_realaf_lt_0.1	0,1,2	0.7358262405419693	0.7350746268656716	197	43	99	-0.08013055262852593	-0.10337171477255125	3	0	60.57476909863604	-2.157259934788558	-0.3283286121929052	0.8280963351058769	0.004181225428568173	0.8159567931704953	0.8145695364238409	62.732029033424595	0.8239151096773089	-0.08013055262852598	-0.07949490955816929	-2.1572599347885557	0.004181225428568025
cami3_toy_human_gut_gtdb_source_readmap	drop_prob_lt_0.5_and_realaf_lt_0.2	0,1,2	0.728667483528319	0.7283018867924528	193	41	103	-0.08728930964217618	-0.12228734357674631	3	0	60.547039080121976	-2.184989953302626	-0.448444187234216	0.8280746229858416	0.004159513308532888	0.8159567931704953	0.8145695364238409	62.732029033424595	0.8239151096773089	-0.0872893096421763	-0.08626764963138811	-2.184989953302619	0.004159513308532703
cami3_toy_human_gut_gtdb_source_readmap	drop_prob_lt_0.5_and_realaf_lt_0.3	0,1,2	0.7316330025351329	0.7314285714285714	192	37	104	-0.08432379063536255	-0.11492656875834428	3	0	60.33777272169272	-2.3942563117318776	-0.5574239609806	0.8303905477128222	0.006475438035513388	0.8159567931704953	0.8145695364238409	62.732029033424595	0.8239151096773089	-0.08432379063536244	-0.08314096499526946	-2.3942563117318727	0.0064754380355133145
cami3_toy_human_gut_gtdb_source_readmap	drop_prob_lt_0.5_and_xny_lt_100	0,1,2	0.7358262405419693	0.7350746268656716	197	43	99	-0.08013055262852593	-0.10337171477255125	3	0	60.57476909863604	-2.157259934788558	-0.3283286121929052	0.8280963351058769	0.004181225428568173	0.8159567931704953	0.8145695364238409	62.732029033424595	0.8239151096773089	-0.08013055262852598	-0.07949490955816929	-2.1572599347885557	0.004181225428568025
cami3_toy_human_gut_gtdb_source_readmap	drop_prob_lt_0.5_and_xny_lt_200	0,1,2	0.728667483528319	0.7283018867924528	193	41	103	-0.08728930964217618	-0.12228734357674631	3	0	60.547039080121976	-2.184989953302626	-0.448444187234216	0.8280746229858416	0.004159513308532888	0.8159567931704953	0.8145695364238409	62.732029033424595	0.8239151096773089	-0.0872893096421763	-0.08626764963138811	-2.184989953302619	0.004159513308532703
cami3_toy_human_gut_gtdb_source_readmap	drop_prob_lt_0.5_and_xny_lt_25	0,1,2	0.7784150574772796	0.777583187390543	222	53	74	-0.03754173569321584	-0.04554295744579906	3	0	61.882473276137624	-0.8495557572869833	-0.020053503815262275	0.8245174353614569	0.0006023256841483082	0.8159567931704953	0.8145695364238409	62.732029033424595	0.8239151096773089	-0.03754173569321573	-0.036986349033297894	-0.8495557572869714	0.0006023256841480862
cami3_toy_human_gut_gtdb_source_readmap	drop_prob_lt_0.5_and_xny_lt_50	0,1,2	0.7515677250690845	0.7504553734061932	206	47	90	-0.0643890681014108	-0.08550407635712864	3	0	60.72705986255199	-2.004969170872615	-0.09071332291041045	0.8279028921561212	0.003987782478812485	0.8159567931704953	0.8145695364238409	62.732029033424595	0.8239151096773089	-0.06438906810141076	-0.06411416301764772	-2.004969170872606	0.003987782478812374
cami3_toy_human_gut_gtdb_source_readmap	drop_prob_lt_0.5_and_xny_lt_500	0,1,2	0.7272888919678785	0.7269230769230768	189	35	107	-0.08866790120261685	-0.12267697926737564	3	0	60.26664869086065	-2.4653803425639516	-0.379922099333335	0.8320489478270169	0.008133838149708176	0.8159567931704953	0.8145695364238409	62.732029033424595	0.8239151096773089	-0.0886679012026168	-0.0876464595007641	-2.4653803425639467	0.008133838149708028
cami3_toy_human_gut_gtdb_source_readmap	drop_prob_lt_0.5_and_zipaf_lt_0.1	0,1,2	0.7938530522244189	0.7924528301886793	231	56	65	-0.02210374094607633	-0.03703423013767848	3	0	61.26688808750519	-1.4651409459194131	-0.2584667587988392	0.827134610682441	0.0032195010051322046	0.8159567931704953	0.8145695364238409	62.732029033424595	0.8239151096773089	-0.022103740946076367	-0.0221167062351616	-1.4651409459194085	0.0032195010051321304
cami3_toy_human_gut_gtdb_source_readmap	drop_prob_lt_0.5_and_zipaf_lt_0.2	0,1,2	0.7957118547322369	0.7944250871080138	228	50	68	-0.020244938438258402	-0.03900048495367403	3	0	60.323999302505364	-2.408029730919246	-1.0896766890162866	0.8306808504134978	0.0067657407361890005	0.8159567931704953	0.8145695364238409	62.732029033424595	0.8239151096773089	-0.020244938438258364	-0.02014444931582704	-2.408029730919232	0.006765740736188963
cami3_toy_human_gut_gtdb_source_readmap	drop_prob_lt_0.5_and_zipaf_lt_0.3	0,1,2	0.7928423193023647	0.7915936952714535	226	49	70	-0.02311447386813074	-0.045207307060755264	3	0	60.39624293917232	-2.335786094252273	-0.8787330315114588	0.8306880129176152	0.0067729032403063645	0.8159567931704953	0.8145695364238409	62.732029033424595	0.8239151096773089	-0.02311447386813059	-0.022975841152387377	-2.3357860942522777	0.006772903240306327
cami3_toy_human_gut_gtdb_source_readmap	drop_prob_lt_0.5_and_zipaf_lt_0.4	0,1,2	0.7822481925774144	0.7809187279151943	221	49	75	-0.03370860059308093	-0.05147912206948124	3	0	61.42736373064172	-1.304665302782882	1.4649483953245692	0.830350253978905	0.0064351443015962335	0.8159567931704953	0.8145695364238409	62.732029033424595	0.8239151096773089	-0.033708600593080895	-0.033650808508646546	-1.3046653027828725	0.006435144301596196
cami3_toy_human_gut_gtdb_source_readmap	drop_prob_lt_0.7_and_breadth_lt_0.05	0,1,2	0.6937456185601101	0.6929133858267718	176	36	120	-0.12221117461038522	-0.14274518584863405	3	0	60.31294415312012	-2.4190848803044864	-0.37913692853644676	0.8293262754393734	0.005411165762064685	0.8159567931704953	0.8145695364238409	62.732029033424595	0.8239151096773089	-0.12221117461038522	-0.12165615059706913	-2.4190848803044744	0.005411165762064574
cami3_toy_human_gut_gtdb_source_readmap	drop_prob_lt_0.7_and_breadth_lt_0.1	0,1,2	0.6795963844416241	0.6787878787878787	168	31	128	-0.13636040872887115	-0.15723216086192482	3	0	60.255770600368756	-2.476258433055842	-0.49843483525621934	0.8292251717041381	0.00531006202682945	0.8159567931704953	0.8145695364238409	62.732029033424595	0.8239151096773089	-0.13636040872887123	-0.13578165763596217	-2.4762584330558397	0.005310062026829265
cami3_toy_human_gut_gtdb_source_readmap	drop_prob_lt_0.7_and_breadth_lt_0.2	0,1,2	0.6696257335573575	0.6694386694386695	161	24	135	-0.14633105961313783	-0.17273442737633715	3	0	59.055264298531704	-3.676764734892906	-2.123500838929914	0.8340422300327089	0.010127120355400088	0.8159567931704953	0.8145695364238409	62.732029033424595	0.8239151096773089	-0.14633105961313775	-0.14513086698517141	-3.676764734892892	0.010127120355400088
cami3_toy_human_gut_gtdb_source_readmap	drop_prob_lt_0.7_and_breadth_lt_0.3	0,1,2	0.6573150523537293	0.6567796610169492	155	21	141	-0.15864174081676596	-0.19698389192783095	3	0	60.36504301358477	-2.3669860198398376	-0.8968806570696017	0.8328973043962908	0.008982194718982131	0.8159567931704953	0.8145695364238409	62.732029033424595	0.8239151096773089	-0.15864174081676596	-0.1577898754068917	-2.3669860198398283	0.008982194718981984
cami3_toy_human_gut_gtdb_source_readmap	drop_prob_lt_0.7_and_realaf_lt_0.05	0,1,2	0.7146908219142915	0.713472485768501	188	43	108	-0.10126597125620374	-0.12103365715386505	3	0	60.529116120440825	-2.2029129129837792	-0.12081187056806897	0.8289697422723631	0.005054632595054305	0.8159567931704953	0.8145695364238409	62.732029033424595	0.8239151096773089	-0.10126597125620385	-0.10109705065533992	-2.20291291298377	0.0050546325950542315
cami3_toy_human_gut_gtdb_source_readmap	drop_prob_lt_0.7_and_realaf_lt_0.1	0,1,2	0.6882782618225658	0.6876227897838899	175	38	121	-0.12767853134792959	-0.14274518584863405	3	0	60.33827336384622	-2.393755669578385	-0.35706605508185874	0.8293396705451115	0.005424560867802815	0.8159567931704953	0.8145695364238409	62.732029033424595	0.8239151096773089	-0.1276785313479295	-0.12694674663995098	-2.3937556695783755	0.00542456086780263
cami3_toy_human_gut_gtdb_source_readmap	drop_prob_lt_0.7_and_realaf_lt_0.2	0,1,2	0.6727049409411178	0.6720321931589537	167	34	129	-0.1432518522293776	-0.16124412876618166	3	0	60.298373625415174	-2.433655408009431	-0.4866268095132824	0.8293363242745476	0.005421214597238729	0.8159567931704953	0.8145695364238409	62.732029033424595	0.8239151096773089	-0.14325185222937753	-0.1425373432648872	-2.4336554080094217	0.005421214597238766
cami3_toy_human_gut_gtdb_source_readmap	drop_prob_lt_0.7_and_realaf_lt_0.3	0,1,2	0.6673657364854156	0.6666666666666666	163	30	133	-0.14859105668507958	-0.17273442737633715	3	0	60.061296644379865	-2.670732389044742	-0.7355836106441558	0.8317540478271329	0.007838938149824096	0.8159567931704953	0.8145695364238409	62.732029033424595	0.8239151096773089	-0.14859105668507966	-0.14790286975717426	-2.67073238904473	0.00783893814982406
cami3_toy_human_gut_gtdb_source_readmap	drop_prob_lt_0.7_and_xny_lt_100	0,1,2	0.6882782618225658	0.6876227897838899	175	38	121	-0.12767853134792959	-0.14274518584863405	3	0	60.33827336384622	-2.393755669578385	-0.35706605508185874	0.8293396705451115	0.005424560867802815	0.8159567931704953	0.8145695364238409	62.732029033424595	0.8239151096773089	-0.1276785313479295	-0.12694674663995098	-2.3937556695783755	0.00542456086780263
cami3_toy_human_gut_gtdb_source_readmap	drop_prob_lt_0.7_and_xny_lt_200	0,1,2	0.6727049409411178	0.6720321931589537	167	34	129	-0.1432518522293776	-0.16124412876618166	3	0	60.298373625415174	-2.433655408009431	-0.4866268095132824	0.8293363242745476	0.005421214597238729	0.8159567931704953	0.8145695364238409	62.732029033424595	0.8239151096773089	-0.14325185222937753	-0.1425373432648872	-2.4336554080094217	0.005421214597238766
cami3_toy_human_gut_gtdb_source_readmap	drop_prob_lt_0.7_and_xny_lt_25	0,1,2	0.7591791148959933	0.7584973166368515	212	51	84	-0.05677767827450194	-0.06410965640174571	3	0	61.637102864937454	-1.0949261684871487	-0.02230610135961797	0.8245465509680868	0.0006314412907780417	0.8159567931704953	0.8145695364238409	62.732029033424595	0.8239151096773089	-0.056777678274501975	-0.0560722197869894	-1.0949261684871416	0.0006314412907779676
cami3_toy_human_gut_gtdb_source_readmap	drop_prob_lt_0.7_and_xny_lt_50	0,1,2	0.7146908219142915	0.713472485768501	188	43	108	-0.10126597125620374	-0.12103365715386505	3	0	60.529116120440825	-2.2029129129837792	-0.12081187056806897	0.8289697422723631	0.005054632595054305	0.8159567931704953	0.8145695364238409	62.732029033424595	0.8239151096773089	-0.10126597125620385	-0.10109705065533992	-2.20291291298377	0.0050546325950542315
cami3_toy_human_gut_gtdb_source_readmap	drop_prob_lt_0.7_and_xny_lt_500	0,1,2	0.6590822284061767	0.6582809224318659	157	24	139	-0.1568745647643186	-0.18875405502823495	3	0	59.5106100555217	-3.2214189779028977	-2.0892377711614785	0.834377960271888	0.010462850594579298	0.8159567931704953	0.8145695364238409	62.732029033424595	0.8239151096773089	-0.1568745647643186	-0.15628861399197502	-3.2214189779028928	0.010462850594579187
cami3_toy_human_gut_gtdb_source_readmap	drop_prob_lt_0.7_and_zipaf_lt_0.1	0,1,2	0.7875539202189348	0.7862068965517242	228	56	68	-0.02840287295156041	-0.0493631792541922	3	0	61.0972771038303	-1.6347519295943016	-0.2584667587988392	0.8281306630336197	0.00421555335631089	0.8159567931704953	0.8145695364238409	62.732029033424595	0.8239151096773089	-0.02840287295156052	-0.028362639872116735	-1.6347519295942945	0.004215553356310853
cami3_toy_human_gut_gtdb_source_readmap	drop_prob_lt_0.7_and_zipaf_lt_0.2	0,1,2	0.7864713514140874	0.7852112676056338	223	49	73	-0.02948544175640792	-0.06005659784089723	3	0	60.182691664134104	-2.5493373692904933	-1.3164143952281293	0.8316283322237846	0.00771322254647581	0.8159567931704953	0.8145695364238409	62.732029033424595	0.8239151096773089	-0.029485441756407882	-0.029358268818207134	-2.549337369290491	0.007713222546475773
cami3_toy_human_gut_gtdb_source_readmap	drop_prob_lt_0.7_and_zipaf_lt_0.3	0,1,2	0.7813239252978773	0.7801418439716312	220	48	76	-0.0346328678726181	-0.07309709200699199	3	0	60.25723304052906	-2.474795992895551	-1.3033491429262227	0.8316665540137724	0.0077514443364636865	0.8159567931704953	0.8145695364238409	62.732029033424595	0.8239151096773089	-0.03463286787261799	-0.03442769245220967	-2.4747959928955368	0.0077514443364635754
cami3_toy_human_gut_gtdb_source_readmap	drop_prob_lt_0.7_and_zipaf_lt_0.4	0,1,2	0.766942209167525	0.7653429602888085	212	46	84	-0.04901458400297024	-0.07555150995930604	3	0	63.92336119380457	1.1913321603799691	2.6120823221852305	0.8293685367034723	0.005453427026163582	0.8159567931704953	0.8145695364238409	62.732029033424595	0.8239151096773089	-0.04901458400297032	-0.04922657613503234	1.1913321603799716	0.005453427026163471
cami3_toy_human_gut_gtdb_source_readmap	drop_prob_lt_0.95_and_breadth_lt_0.05	0,1,2	0.6656255448087552	0.6653061224489797	163	31	133	-0.15033124836174006	-0.17287203574292587	3	0	60.32229282076495	-2.409736212659652	-0.39753079832283333	0.8292338958065107	0.0053187861292020395	0.8159567931704953	0.8145695364238409	62.732029033424595	0.8239151096773089	-0.15033124836174006	-0.1492634139748612	-2.409736212659645	0.005318786129201891
cami3_toy_human_gut_gtdb_source_readmap	drop_prob_lt_0.95_and_breadth_lt_0.1	0,1,2	0.6190798321696344	0.6190476190476191	143	23	153	-0.19687696100086102	-0.20531533175211336	3	0	60.178488314495574	-2.5535407189290353	-0.5859626175096864	0.8293393624091712	0.005424252731862385	0.8159567931704953	0.8145695364238409	62.732029033424595	0.8239151096773089	-0.19687696100086094	-0.19552191737622182	-2.553540718929021	0.005424252731862311
cami3_toy_human_gut_gtdb_source_readmap	drop_prob_lt_0.95_and_breadth_lt_0.2	0,1,2	0.5740397946280299	0.5740740740740741	124	12	172	-0.24191699854246537	-0.2721272417012781	3	0	62.14574587157117	-0.5862831618534301	0.6418080702541715	0.8307995635203711	0.0068844538430623175	0.8159567931704953	0.8145695364238409	62.732029033424595	0.8239151096773089	-0.2419169985424654	-0.24049546234976682	-0.586283161853423	0.006884453843062244
cami3_toy_human_gut_gtdb_source_readmap	drop_prob_lt_0.95_and_breadth_lt_0.3	0,1,2	0.5374832064487237	0.5371702637889688	112	9	184	-0.27847358672177164	-0.3231527093596058	3	0	64.3346815437405	1.602652510315906	3.989767439190956	0.8295442491268347	0.0056291394495259954	0.8159567931704953	0.8145695364238409	62.732029033424595	0.8239151096773089	-0.2784735867217716	-0.2773992726348721	1.602652510315906	0.005629139449525811
cami3_toy_human_gut_gtdb_source_readmap	drop_prob_lt_0.95_and_realaf_lt_0.05	0,1,2	0.6920454545454545	0.6914062500000001	177	39	119	-0.12391133862504071	-0.14274518584863405	3	0	60.53684077918149	-2.1951882542431114	-0.12059016789003607	0.8289010303548042	0.004985920677495481	0.8159567931704953	0.8145695364238409	62.732029033424595	0.8239151096773089	-0.12391133862504078	-0.12316328642384078	-2.1951882542431065	0.00498592067749537
cami3_toy_human_gut_gtdb_source_readmap	drop_prob_lt_0.95_and_realaf_lt_0.1	0,1,2	0.6421334068591463	0.6419753086419752	156	34	140	-0.173823386311349	-0.1964030664295916	3	0	60.376523501655015	-2.3555055317695803	-0.3737667427604663	0.8292988927583433	0.005383783081034525	0.8159567931704953	0.8145695364238409	62.732029033424595	0.8239151096773089	-0.17382338631134897	-0.17259422778186573	-2.3555055317695803	0.005383783081034488
cami3_toy_human_gut_gtdb_source_readmap	drop_prob_lt_0.95_and_realaf_lt_0.2	0,1,2	0.5924880525686976	0.5925925925925926	136	27	160	-0.22346874060179764	-0.2370023767082592	3	0	60.3859946583457	-2.346034375078903	-0.5740267842264757	0.8290912034948449	0.005176093817536032	0.8159567931704953	0.8145695364238409	62.732029033424595	0.8239151096773089	-0.22346874060179767	-0.22197694383124833	-2.3460343750788937	0.005176093817536032
cami3_toy_human_gut_gtdb_source_readmap	drop_prob_lt_0.95_and_realaf_lt_0.3	0,1,2	0.5753212780800037	0.5752808988764044	128	21	168	-0.24063551509049164	-0.266645479103766	3	0	60.21084027154743	-2.52118876187717	-0.9150535028318032	0.8315077311673238	0.007592621490015013	0.8159567931704953	0.8145695364238409	62.732029033424595	0.8239151096773089	-0.24063551509049164	-0.23928863754743646	-2.5211887618771627	0.007592621490014939
cami3_toy_human_gut_gtdb_source_readmap	drop_prob_lt_0.95_and_xny_lt_100	0,1,2	0.6421334068591463	0.6419753086419752	156	34	140	-0.173823386311349	-0.1964030664295916	3	0	60.376523501655015	-2.3555055317695803	-0.3737667427604663	0.8292988927583433	0.005383783081034525	0.8159567931704953	0.8145695364238409	62.732029033424595	0.8239151096773089	-0.17382338631134897	-0.17259422778186573	-2.3555055317695803	0.005383783081034488
cami3_toy_human_gut_gtdb_source_readmap	drop_prob_lt_0.95_and_xny_lt_200	0,1,2	0.5924880525686976	0.5925925925925926	136	27	160	-0.22346874060179764	-0.2370023767082592	3	0	60.3859946583457	-2.346034375078903	-0.5740267842264757	0.8290912034948449	0.005176093817536032	0.8159567931704953	0.8145695364238409	62.732029033424595	0.8239151096773089	-0.22346874060179767	-0.22197694383124833	-2.3460343750788937	0.005176093817536032
cami3_toy_human_gut_gtdb_source_readmap	drop_prob_lt_0.95_and_xny_lt_25	0,1,2	0.7482550298327771	0.7481751824817519	205	47	91	-0.06770176333771812	-0.0784106454421094	3	0	61.635707434507104	-1.096321598917503	-0.022033582031532717	0.8244669780931976	0.0005518684158887973	0.8159567931704953	0.8145695364238409	62.732029033424595	0.8239151096773089	-0.06770176333771816	-0.06639435394208903	-1.0963215989174913	0.0005518684158887233
cami3_toy_human_gut_gtdb_source_readmap	drop_prob_lt_0.95_and_xny_lt_50	0,1,2	0.6920454545454545	0.6914062500000001	177	39	119	-0.12391133862504071	-0.14274518584863405	3	0	60.53684077918149	-2.1951882542431114	-0.12059016789003607	0.8289010303548042	0.004985920677495481	0.8159567931704953	0.8145695364238409	62.732029033424595	0.8239151096773089	-0.12391133862504078	-0.12316328642384078	-2.1951882542431065	0.00498592067749537
cami3_toy_human_gut_gtdb_source_readmap	drop_prob_lt_0.95_and_xny_lt_500	0,1,2	0.5424125790667144	0.5424528301886792	115	13	181	-0.27354421410378094	-0.30307295331925876	3	0	63.03758179013412	0.30555275670951926	1.3086671774220093	0.8311979191336536	0.007282809456344778	0.8159567931704953	0.8145695364238409	62.732029033424595	0.8239151096773089	-0.27354421410378094	-0.2721167062351617	0.305552756709524	0.007282809456344741
cami3_toy_human_gut_gtdb_source_readmap	drop_prob_lt_0.95_and_zipaf_lt_0.1	0,1,2	0.790449659946563	0.7889273356401383	228	54	68	-0.02550713322393224	-0.045207307060755264	3	0	60.73917054188481	-1.9928584915397944	-0.2584667587988392	0.8283726772927212	0.004457567615412494	0.8159567931704953	0.8145695364238409	62.732029033424595	0.8239151096773089	-0.025507133223932277	-0.025642200783702607	-1.992858491539785	0.004457567615412383
cami3_toy_human_gut_gtdb_source_readmap	drop_prob_lt_0.95_and_zipaf_lt_0.2	0,1,2	0.7783697817851895	0.7771836007130124	218	47	78	-0.03758701138530581	-0.06234440383494899	3	0	62.98430138535294	0.252272351928345	0.8758692474708312	0.8285066563082487	0.004591546630940006	0.8159567931704953	0.8145695364238409	62.732029033424595	0.8239151096773089	-0.037587011385305846	-0.03738593571082849	0.2522723519283474	0.004591546630939858
cami3_toy_human_gut_gtdb_source_readmap	drop_prob_lt_0.95_and_zipaf_lt_0.3	0,1,2	0.7731423305688198	0.7719928186714543	215	46	81	-0.04281446260167565	-0.07555150995930604	3	0	63.062192671078265	0.3301636376536668	1.1035652537183864	0.8285483050664176	0.004633195389109002	0.8159567931704953	0.8145695364238409	62.732029033424595	0.8239151096773089	-0.04281446260167554	-0.042576717752386584	0.3301636376536692	0.00463319538910878
cami3_toy_human_gut_gtdb_source_readmap	drop_prob_lt_0.95_and_zipaf_lt_0.4	0,1,2	0.75146016640862	0.75	204	44	92	-0.06449662676187524	-0.07805987116331947	3	0	67.22734399181567	4.495314958391066	9.30660145288492	0.826346598628986	0.0024314889516771445	0.8159567931704953	0.8145695364238409	62.732029033424595	0.8239151096773089	-0.06449662676187529	-0.06456953642384089	4.495314958391077	0.0024314889516771077
cami3_toy_human_gut_gtdb_source_readmap	drop_prob_lt_0.9_and_breadth_lt_0.05	0,1,2	0.6792936544860259	0.6787878787878787	168	31	128	-0.13666313868446936	-0.1652097155385973	3	0	60.312531457144495	-2.419497576280115	-0.3991528234907591	0.8292310490970037	0.005315939419694882	0.8159567931704953	0.8145695364238409	62.732029033424595	0.8239151096773089	-0.13666313868446944	-0.13578165763596217	-2.4194975762801008	0.005315939419694882
cami3_toy_human_gut_gtdb_source_readmap	drop_prob_lt_0.9_and_breadth_lt_0.1	0,1,2	0.6502940377028733	0.649789029535865	154	24	142	-0.165662755467622	-0.1927451858486341	3	0	60.16259014326598	-2.56943889015862	-0.5885812499501455	0.8294235044191524	0.005508394741843614	0.8159567931704953	0.8145695364238409	62.732029033424595	0.8239151096773089	-0.165662755467622	-0.16478050688797585	-2.569438890158615	0.005508394741843503
cami3_toy_human_gut_gtdb_source_readmap	drop_prob_lt_0.9_and_breadth_lt_0.2	0,1,2	0.6177766778359292	0.6174496644295302	138	13	158	-0.19818011533456623	-0.23969570368522797	3	0	62.108335160886064	-0.6236938725385338	0.5624364934119797	0.8308531081760858	0.00693799849877715	0.8159567931704953	0.8145695364238409	62.732029033424595	0.8239151096773089	-0.19818011533456614	-0.1971198719943107	-0.6236938725385315	0.006937998498776965
cami3_toy_human_gut_gtdb_source_readmap	drop_prob_lt_0.9_and_breadth_lt_0.3	0,1,2	0.5870600060341078	0.5866050808314088	127	10	169	-0.22889678713638753	-0.277754216553029	3	0	64.16676303187111	1.4347339984465062	3.923769502687861	0.8295543104856374	0.005639200808328693	0.8159567931704953	0.8145695364238409	62.732029033424595	0.8239151096773089	-0.2288967871363875	-0.22796445559243206	1.434733998446518	0.005639200808328582
cami3_toy_human_gut_gtdb_source_readmap	drop_prob_lt_0.9_and_realaf_lt_0.05	0,1,2	0.7049091308215775	0.7040618955512573	182	39	114	-0.11104766234891783	-0.13542623361442774	3	0	60.527095048808185	-2.2049339846164195	-0.12222720414932553	0.8288985806909848	0.004983471013675948	0.8159567931704953	0.8145695364238409	62.732029033424595	0.8239151096773089	-0.11104766234891783	-0.11050764087258358	-2.20493398461641	0.004983471013675911
cami3_toy_human_gut_gtdb_source_readmap	drop_prob_lt_0.9_and_realaf_lt_0.1	0,1,2	0.6645682992988382	0.6639676113360324	164	34	132	-0.15138849387165706	-0.1806239737274219	3	0	60.35627306705461	-2.375755966369996	-0.37538885108232023	0.8292770264873898	0.005361916810081062	0.8159567931704953	0.8145695364238409	62.732029033424595	0.8239151096773089	-0.1513884938716571	-0.15060192508780845	-2.3757559663699865	0.005361916810080913
cami3_toy_human_gut_gtdb_source_readmap	drop_prob_lt_0.9_and_realaf_lt_0.2	0,1,2	0.6301643764477752	0.6300211416490487	149	28	147	-0.18579241672272007	-0.20486639796984618	3	0	60.34282377481119	-2.3892052586134276	-0.576704864290086	0.8291626001526288	0.005247490475320027	0.8159567931704953	0.8145695364238409	62.732029033424595	0.8239151096773089	-0.18579241672272007	-0.18454839477479223	-2.3892052586134085	0.005247490475319916
cami3_toy_human_gut_gtdb_source_readmap	drop_prob_lt_0.9_and_realaf_lt_0.3	0,1,2	0.6176755322303268	0.6173913043478261	142	22	154	-0.1982812609401685	-0.2347906403940887	3	0	60.18154039344031	-2.5504886399842923	-0.8766429655431907	0.8315732790609033	0.007658169383594389	0.8159567931704953	0.8145695364238409	62.732029033424595	0.8239151096773089	-0.1982812609401685	-0.19717823207601481	-2.5504886399842874	0.0076581693835944264
cami3_toy_human_gut_gtdb_source_readmap	drop_prob_lt_0.9_and_xny_lt_100	0,1,2	0.6645682992988382	0.6639676113360324	164	34	132	-0.15138849387165706	-0.1806239737274219	3	0	60.35627306705461	-2.375755966369996	-0.37538885108232023	0.8292770264873898	0.005361916810081062	0.8159567931704953	0.8145695364238409	62.732029033424595	0.8239151096773089	-0.1513884938716571	-0.15060192508780845	-2.3757559663699865	0.005361916810080913
cami3_toy_human_gut_gtdb_source_readmap	drop_prob_lt_0.9_and_xny_lt_200	0,1,2	0.6301643764477752	0.6300211416490487	149	28	147	-0.18579241672272007	-0.20486639796984618	3	0	60.34282377481119	-2.3892052586134276	-0.576704864290086	0.8291626001526288	0.005247490475320027	0.8159567931704953	0.8145695364238409	62.732029033424595	0.8239151096773089	-0.18579241672272007	-0.18454839477479223	-2.3892052586134085	0.005247490475319916
cami3_toy_human_gut_gtdb_source_readmap	drop_prob_lt_0.9_and_xny_lt_25	0,1,2	0.7553165610147757	0.7549909255898366	208	47	88	-0.060640232155719564	-0.06422185732530561	3	0	61.63541794748926	-1.096611085935341	-0.023677557144296202	0.8244666960486601	0.0005515863713513314	0.8159567931704953	0.8145695364238409	62.732029033424595	0.8239151096773089	-0.060640232155719564	-0.059578610834004286	-1.0966110859353364	0.0005515863713512204
cami3_toy_human_gut_gtdb_source_readmap	drop_prob_lt_0.9_and_xny_lt_50	0,1,2	0.7049091308215775	0.7040618955512573	182	39	114	-0.11104766234891783	-0.13542623361442774	3	0	60.527095048808185	-2.2049339846164195	-0.12222720414932553	0.8288985806909848	0.004983471013675948	0.8159567931704953	0.8145695364238409	62.732029033424595	0.8239151096773089	-0.11104766234891783	-0.11050764087258358	-2.20493398461641	0.004983471013675911
cami3_toy_human_gut_gtdb_source_readmap	drop_prob_lt_0.9_and_xny_lt_500	0,1,2	0.59128931400976	0.5909090909090909	130	14	166	-0.22466747916073526	-0.268343271973036	3	0	62.954235385008275	0.22220635158367705	1.125354995720059	0.8312460714737743	0.007330961796465567	0.8159567931704953	0.8145695364238409	62.732029033424595	0.8239151096773089	-0.22466747916073526	-0.22366044551474995	0.2222063515836794	0.007330961796465418
cami3_toy_human_gut_gtdb_source_readmap	drop_prob_lt_0.9_and_zipaf_lt_0.1	0,1,2	0.790449659946563	0.7889273356401383	228	54	68	-0.02550713322393224	-0.045207307060755264	3	0	60.73917054188481	-1.9928584915397944	-0.2584667587988392	0.8283726772927212	0.004457567615412494	0.8159567931704953	0.8145695364238409	62.732029033424595	0.8239151096773089	-0.025507133223932277	-0.025642200783702607	-1.992858491539785	0.004457567615412383
cami3_toy_human_gut_gtdb_source_readmap	drop_prob_lt_0.9_and_zipaf_lt_0.2	0,1,2	0.7806730617444391	0.7793594306049823	219	47	77	-0.035283731426056154	-0.06234440383494899	3	0	62.980262602848825	0.2482335694242271	0.8758692474708312	0.8285059126335216	0.004590802956212836	0.8159567931704953	0.8145695364238409	62.732029033424595	0.8239151096773089	-0.03528373142605623	-0.03521010581885864	0.24823356942422947	0.004590802956212725
cami3_toy_human_gut_gtdb_source_readmap	drop_prob_lt_0.9_and_zipaf_lt_0.3	0,1,2	0.7754456105280694	0.7741935483870968	216	46	80	-0.040511182642426	-0.07555150995930604	3	0	63.05815388857415	0.32612485514954886	1.1035652537183864	0.8285475613916905	0.004632451714381832	0.8159567931704953	0.8145695364238409	62.732029033424595	0.8239151096773089	-0.040511182642425925	-0.04037598803674414	0.32612485514955125	0.004632451714381647
cami3_toy_human_gut_gtdb_source_readmap	drop_prob_lt_0.9_and_zipaf_lt_0.4	0,1,2	0.7584715937657114	0.756855575868373	207	44	89	-0.057485199404783915	-0.07805987116331947	3	0	66.97579783864818	4.243768805223581	8.516846323672965	0.8263171393053281	0.0024020296280194606	0.8159567931704953	0.8145695364238409	62.732029033424595	0.8239151096773089	-0.057485199404783915	-0.05771396055546785	4.243768805223581	0.0024020296280192754
cami3_toy_human_gut_gtdb_source_readmap	drop_xny_lt_100_and_breadth_lt_0.05	0,1,2	0.6326807424112814	0.6320166320166319	152	33	144	-0.18327605075921397	-0.21256010147193305	3	0	60.35787885865535	-2.3741501747692504	-0.3691677288667634	0.8292493876286522	0.005334277951343484	0.8159567931704953	0.8145695364238409	62.732029033424595	0.8239151096773089	-0.18327605075921394	-0.18255290440720895	-2.374150174769248	0.005334277951343336
cami3_toy_human_gut_gtdb_source_readmap	drop_xny_lt_100_and_breadth_lt_0.1	0,1,2	0.606696378474485	0.6059322033898304	143	33	153	-0.2092604146960103	-0.23753454283311304	3	0	60.40251704785809	-2.329511985566507	-0.3510032281023925	0.8292827068309992	0.00536759715369058	0.8159567931704953	0.8145695364238409	62.732029033424595	0.8239151096773089	-0.2092604146960103	-0.20863733303401044	-2.329511985566505	0.0053675971536903955
cami3_toy_human_gut_gtdb_source_readmap	drop_xny_lt_100_and_breadth_lt_0.2	0,1,2	0.606696378474485	0.6059322033898304	143	33	153	-0.2092604146960103	-0.23753454283311304	3	0	60.40251704785809	-2.329511985566507	-0.3510032281023925	0.8292827068309992	0.00536759715369058	0.8159567931704953	0.8145695364238409	62.732029033424595	0.8239151096773089	-0.2092604146960103	-0.20863733303401044	-2.329511985566505	0.0053675971536903955
cami3_toy_human_gut_gtdb_source_readmap	drop_xny_lt_100_and_breadth_lt_0.3	0,1,2	0.606696378474485	0.6059322033898304	143	33	153	-0.2092604146960103	-0.23753454283311304	3	0	60.40251704785809	-2.329511985566507	-0.3510032281023925	0.8292827068309992	0.00536759715369058	0.8159567931704953	0.8145695364238409	62.732029033424595	0.8239151096773089	-0.2092604146960103	-0.20863733303401044	-2.329511985566505	0.0053675971536903955
cami3_toy_human_gut_gtdb_source_readmap	drop_xny_lt_200_and_breadth_lt_0.05	0,1,2	0.6320968782923854	0.6317991631799162	151	31	145	-0.18385991487810993	-0.21256010147193305	3	0	60.35601204975969	-2.376016983664911	-0.37476815555374543	0.8291997152036888	0.005284605526380104	0.8159567931704953	0.8145695364238409	62.732029033424595	0.8239151096773089	-0.18385991487810993	-0.18277037324392464	-2.376016983664904	0.005284605526379993
cami3_toy_human_gut_gtdb_source_readmap	drop_xny_lt_200_and_breadth_lt_0.1	0,1,2	0.5744292237442922	0.5752212389380531	130	26	166	-0.24152756942620304	-0.273204455255409	3	0	60.323638050203364	-2.4083909832212336	-0.5431553303637386	0.8291010607325816	0.005185951055272864	0.8159567931704953	0.8145695364238409	62.732029033424595	0.8239151096773089	-0.24152756942620313	-0.2393482974857878	-2.4083909832212314	0.005185951055272753
cami3_toy_human_gut_gtdb_source_readmap	drop_xny_lt_200_and_breadth_lt_0.2	0,1,2	0.5352474323062558	0.5354691075514874	117	24	179	-0.2807093608642395	-0.2941329179646937	3	0	60.5092404609694	-2.2227885724552032	-0.4763722209098731	0.8289378398176797	0.005022730140370875	0.8159567931704953	0.8145695364238409	62.732029033424595	0.8239151096773089	-0.2807093608642395	-0.27910042887235353	-2.222788572455194	0.005022730140370801
cami3_toy_human_gut_gtdb_source_readmap	drop_xny_lt_200_and_breadth_lt_0.3	0,1,2	0.5352474323062558	0.5354691075514874	117	24	179	-0.2807093608642395	-0.2941329179646937	3	0	60.5092404609694	-2.2227885724552032	-0.4763722209098731	0.8289378398176797	0.005022730140370875	0.8159567931704953	0.8145695364238409	62.732029033424595	0.8239151096773089	-0.2807093608642395	-0.27910042887235353	-2.222788572455194	0.005022730140370801
cami3_toy_human_gut_gtdb_source_readmap	drop_xny_lt_25_and_breadth_lt_0.05	0,1,2	0.7430707084157598	0.7426470588235295	202	46	94	-0.07288608475473542	-0.07723716445825979	3	0	61.638747692206096	-1.0932813412185116	-0.017306705247598586	0.8244472134642961	0.0005321037869873516	0.8159567931704953	0.8145695364238409	62.732029033424595	0.8239151096773089	-0.07288608475473546	-0.07192247760031134	-1.0932813412184998	0.0005321037869872036
cami3_toy_human_gut_gtdb_source_readmap	drop_xny_lt_25_and_breadth_lt_0.1	0,1,2	0.7430707084157598	0.7426470588235295	202	46	94	-0.07288608475473542	-0.07723716445825979	3	0	61.638747692206096	-1.0932813412185116	-0.017306705247598586	0.8244472134642961	0.0005321037869873516	0.8159567931704953	0.8145695364238409	62.732029033424595	0.8239151096773089	-0.07288608475473546	-0.07192247760031134	-1.0932813412184998	0.0005321037869872036
cami3_toy_human_gut_gtdb_source_readmap	drop_xny_lt_25_and_breadth_lt_0.2	0,1,2	0.7430707084157598	0.7426470588235295	202	46	94	-0.07288608475473542	-0.07723716445825979	3	0	61.638747692206096	-1.0932813412185116	-0.017306705247598586	0.8244472134642961	0.0005321037869873516	0.8159567931704953	0.8145695364238409	62.732029033424595	0.8239151096773089	-0.07288608475473546	-0.07192247760031134	-1.0932813412184998	0.0005321037869872036
cami3_toy_human_gut_gtdb_source_readmap	drop_xny_lt_25_and_breadth_lt_0.3	0,1,2	0.7430707084157598	0.7426470588235295	202	46	94	-0.07288608475473542	-0.07723716445825979	3	0	61.638747692206096	-1.0932813412185116	-0.017306705247598586	0.8244472134642961	0.0005321037869873516	0.8159567931704953	0.8145695364238409	62.732029033424595	0.8239151096773089	-0.07288608475473546	-0.07192247760031134	-1.0932813412184998	0.0005321037869872036
cami3_toy_human_gut_gtdb_source_readmap	drop_xny_lt_500_and_breadth_lt_0.05	0,1,2	0.6335964680272693	0.6331236897274632	151	30	145	-0.18236032514322606	-0.21256010147193305	3	0	60.34057742247081	-2.3914516109537964	-0.37476815555374543	0.8292167897399905	0.00530168006268165	0.8159567931704953	0.8145695364238409	62.732029033424595	0.8239151096773089	-0.18236032514322598	-0.18144584669637764	-2.391451610953787	0.005301680062681613
cami3_toy_human_gut_gtdb_source_readmap	drop_xny_lt_500_and_breadth_lt_0.1	0,1,2	0.5780555758921672	0.5784753363228698	129	21	167	-0.23790121727832814	-0.26980341604898483	3	0	60.20715995464602	-2.524869078778574	-0.5551090948184552	0.8292970119473763	0.005381902270067444	0.8159567931704953	0.8145695364238409	62.732029033424595	0.8239151096773089	-0.23790121727832814	-0.23609420010097104	-2.524869078778572	0.005381902270067407
cami3_toy_human_gut_gtdb_source_readmap	drop_xny_lt_500_and_breadth_lt_0.2	0,1,2	0.507053529307795	0.5072463768115941	105	13	191	-0.30890326386270023	-0.3267426951886092	3	0	62.66194653267926	-0.0700825007453479	0.8237863079624361	0.8302785377082875	0.006363428030978817	0.8159567931704953	0.8145695364238409	62.732029033424595	0.8239151096773089	-0.3089032638627003	-0.30732315961224677	-0.07008250074533606	0.006363428030978668
cami3_toy_human_gut_gtdb_source_readmap	drop_xny_lt_500_and_breadth_lt_0.3	0,1,2	0.4817011289069602	0.4813895781637717	97	10	199	-0.33425566426353504	-0.36157635467980287	3	0	63.116601015996714	0.3845719825721166	1.4848515436481335	0.831048406431512	0.007133296754203229	0.8159567931704953	0.8145695364238409	62.732029033424595	0.8239151096773089	-0.3342556642635351	-0.3331799582600692	0.384571982572119	0.0071332967542031556
cami3_toy_human_gut_gtdb_source_readmap	drop_xny_lt_50_and_breadth_lt_0.05	0,1,2	0.6649833441948741	0.6640000000000001	166	38	130	-0.15097344897562115	-0.17287203574292587	3	0	60.55170243923363	-2.1803265941909706	-0.09767115962151962	0.8288827155439877	0.004967605866678992	0.8159567931704953	0.8145695364238409	62.732029033424595	0.8239151096773089	-0.15097344897562115	-0.15056953642384074	-2.1803265941909657	0.004967605866678881
cami3_toy_human_gut_gtdb_source_readmap	drop_xny_lt_50_and_breadth_lt_0.1	0,1,2	0.6649833441948741	0.6640000000000001	166	38	130	-0.15097344897562115	-0.17287203574292587	3	0	60.55170243923363	-2.1803265941909706	-0.09767115962151962	0.8288827155439877	0.004967605866678992	0.8159567931704953	0.8145695364238409	62.732029033424595	0.8239151096773089	-0.15097344897562115	-0.15056953642384074	-2.1803265941909657	0.004967605866678881
cami3_toy_human_gut_gtdb_source_readmap	drop_xny_lt_50_and_breadth_lt_0.2	0,1,2	0.6649833441948741	0.6640000000000001	166	38	130	-0.15097344897562115	-0.17287203574292587	3	0	60.55170243923363	-2.1803265941909706	-0.09767115962151962	0.8288827155439877	0.004967605866678992	0.8159567931704953	0.8145695364238409	62.732029033424595	0.8239151096773089	-0.15097344897562115	-0.15056953642384074	-2.1803265941909657	0.004967605866678881
cami3_toy_human_gut_gtdb_source_readmap	drop_xny_lt_50_and_breadth_lt_0.3	0,1,2	0.6649833441948741	0.6640000000000001	166	38	130	-0.15097344897562115	-0.17287203574292587	3	0	60.55170243923363	-2.1803265941909706	-0.09767115962151962	0.8288827155439877	0.004967605866678992	0.8159567931704953	0.8145695364238409	62.732029033424595	0.8239151096773089	-0.15097344897562115	-0.15056953642384074	-2.1803265941909657	0.004967605866678881
cami3_toy_human_gut_gtdb_source_readmap	max_ani_ge_0.93	0,1,2	0.7774283817075638	0.776386404293381	217	46	79	-0.03852841146293151	-0.06891226201571032	3	0	62.98453991029802	0.2525108768734204	0.8886082739008145	0.8285174896475053	0.004602379970196487	0.8159567931704953	0.8145695364238409	62.732029033424595	0.8239151096773089	-0.03852841146293151	-0.038183132130459874	0.2525108768734228	0.004602379970196413
cami3_toy_human_gut_gtdb_source_readmap	max_ani_ge_0.94	0,1,2	0.7753554132166848	0.7741935483870968	216	46	80	-0.04060137995381041	-0.06891226201571032	3	0	62.99054034447241	0.2585113110478095	0.8886082739008145	0.8285175598177671	0.004602450140458347	0.8159567931704953	0.8145695364238409	62.732029033424595	0.8239151096773089	-0.040601379953810524	-0.04037598803674414	0.2585113110478119	0.004602450140458236
cami3_toy_human_gut_gtdb_source_readmap	max_ani_ge_0.95	0,1,2	0.765651917506965	0.7644927536231885	211	45	85	-0.050304875663530334	-0.07133435624108331	3	0	63.186389714523266	0.45436068109866073	1.0567385055365577	0.82848622978847	0.004571120111161342	0.8159567931704953	0.8145695364238409	62.732029033424595	0.8239151096773089	-0.05030487566353026	-0.05007678280065242	0.4543606810986702	0.00457112011116112
cami3_toy_human_gut_gtdb_source_readmap	max_ani_ge_0.96	0,1,2	0.7192241700492187	0.718336483931947	190	43	106	-0.09673262312127673	-0.10922459893048142	3	0	76.88241015205811	14.150381118633524	21.18658224897412	0.8208209333504994	-0.003094176326809269	0.8159567931704953	0.8145695364238409	62.732029033424595	0.8239151096773089	-0.09673262312127662	-0.09623305249189384	14.150381118633518	-0.003094176326809417
cami3_toy_human_gut_gtdb_source_readmap	max_ani_ge_0.97	0,1,2	0.6788122249586176	0.6783625730994152	174	43	122	-0.13714456821187768	-0.16493769921761792	3	0	89.2730628430027	26.541033809578096	40.59385362491108	0.7935632645014987	-0.030351845175809983	0.8159567931704953	0.8145695364238409	62.732029033424595	0.8239151096773089	-0.1371445682118777	-0.13620696332442572	26.54103380957811	-0.030351845175810133
cami3_toy_human_gut_gtdb_source_readmap	max_ani_ge_0.98	0,1,2	0.6162213222317752	0.6160164271047229	150	41	146	-0.1997354709387201	-0.2219797009712977	3	0	124.00093651976921	61.26890748634461	79.63021439001247	0.6244346496457837	-0.19948046003152511	0.8159567931704953	0.8145695364238409	62.732029033424595	0.8239151096773089	-0.19973547093872013	-0.19855310931911796	61.26890748634462	-0.1994804600315252
cami3_toy_human_gut_gtdb_source_readmap	max_ani_ge_0.99	0,1,2	0.5495387730562579	0.5505376344086022	128	41	168	-0.2664180201142375	-0.30185049821105703	3	0	133.93350208930045	71.20147305587584	82.40803672514826	0.6110627893827311	-0.2128523202945777	0.8159567931704953	0.8145695364238409	62.732029033424595	0.8239151096773089	-0.26641802011423743	-0.26403190201523874	71.20147305587585	-0.2128523202945778
cami3_toy_human_gut_gtdb_source_readmap	max_breadth_ge_0.02	0,1,2	0.7141578950156876	0.7140115163147792	186	39	110	-0.10179889815480762	-0.11800887243828762	3	0	60.51767866627813	-2.2143503671464777	-0.21849453886198233	0.8289614015381659	0.005046291860857181	0.8159567931704953	0.8145695364238409	62.732029033424595	0.8239151096773089	-0.1017988981548077	-0.10055802010906167	-2.2143503671464657	0.005046291860857033
cami3_toy_human_gut_gtdb_source_readmap	max_breadth_ge_0.05	0,1,2	0.6335964680272693	0.6331236897274632	151	30	145	-0.18236032514322606	-0.21256010147193305	3	0	60.34057742247081	-2.3914516109537964	-0.37476815555374543	0.8292167897399905	0.00530168006268165	0.8159567931704953	0.8145695364238409	62.732029033424595	0.8239151096773089	-0.18236032514322598	-0.18144584669637764	-2.391451610953787	0.005301680062681613
cami3_toy_human_gut_gtdb_source_readmap	max_breadth_ge_0.1	0,1,2	0.5780555758921672	0.5784753363228698	129	21	167	-0.23790121727832814	-0.26980341604898483	3	0	60.20715995464602	-2.524869078778574	-0.5551090948184552	0.8292970119473763	0.005381902270067444	0.8159567931704953	0.8145695364238409	62.732029033424595	0.8239151096773089	-0.23790121727832814	-0.23609420010097104	-2.524869078778572	0.005381902270067407
cami3_toy_human_gut_gtdb_source_readmap	max_breadth_ge_0.2	0,1,2	0.5118998201189982	0.5121951219512195	105	9	191	-0.3040569730514971	-0.3267426951886092	3	0	62.28103096447188	-0.4509980689527164	0.8131404354951997	0.8306545132552184	0.006739403577909697	0.8159567931704953	0.8145695364238409	62.732029033424595	0.8239151096773089	-0.30405697305149715	-0.30237441447262137	-0.450998068952714	0.006739403577909586
cami3_toy_human_gut_gtdb_source_readmap	max_breadth_ge_0.3	0,1,2	0.46319337460534826	0.46310432569974563	91	6	205	-0.3527634185651471	-0.3835225244520596	3	0	64.58954446187884	1.8575154284542374	4.294293524815814	0.8293976847863433	0.005482575109034678	0.8159567931704953	0.8145695364238409	62.732029033424595	0.8239151096773089	-0.35276341856514704	-0.35146521072409526	1.8575154284542492	0.005482575109034493
cami3_toy_human_gut_gtdb_source_readmap	max_breadth_ge_0.4	0,1,2	0.3553570299981783	0.35616438356164387	65	4	231	-0.46059976317231704	-0.4833474059480253	3	0	78.97920848826969	16.247179454845078	22.684295781217685	0.8228138408016182	-0.0011012688756905087	0.8159567931704953	0.8145695364238409	62.732029033424595	0.8239151096773089	-0.460599763172317	-0.458405152862197	16.247179454845096	-0.0011012688756906197
cami3_toy_human_gut_gtdb_source_readmap	max_breadth_ge_0.5	0,1,2	0.281169285141389	0.28160919540229884	49	3	247	-0.5347875080291061	-0.5408390274908628	3	0	91.39759173252953	28.665562699104935	32.07141959048363	0.816448844756351	-0.007466264920957588	0.8159567931704953	0.8145695364238409	62.732029033424595	0.8239151096773089	-0.5347875080291062	-0.532960341021542	28.66556269910494	-0.00746626492095781
cami3_toy_human_gut_gtdb_source_readmap	max_depth_cv_le_10	0,1,2	0.5343339629053915	0.5339578454332553	114	17	182	-0.2816228302651039	-0.3067500998535482	3	0	87.89245708299728	25.160428049572676	32.29941731917559	0.8062201479586871	-0.017694961718621616	0.8159567931704953	0.8145695364238409	62.732029033424595	0.8239151096773089	-0.2816228302651038	-0.2806116909905856	25.160428049572687	-0.017694961718621727
cami3_toy_human_gut_gtdb_source_readmap	max_depth_cv_le_100	0,1,2	0.8159567931704953	0.8145695364238409	246	62	50	0.0	0.0	0	0	62.732029033424595	0.0	0.0	0.8239151096773089	0.0	0.8159567931704953	0.8145695364238409	62.732029033424595	0.8239151096773089	0.0	0.0	0.0	0.0
cami3_toy_human_gut_gtdb_source_readmap	max_depth_cv_le_20	0,1,2	0.6265705884290463	0.6260504201680672	149	31	147	-0.18938620474144904	-0.2215237692284444	3	0	86.28914898099684	23.557119947572232	32.2208872524357	0.8045113682769811	-0.019403741400327707	0.8159567931704953	0.8145695364238409	62.732029033424595	0.8239151096773089	-0.18938620474144896	-0.18851911625577367	23.557119947572247	-0.019403741400327745
cami3_toy_human_gut_gtdb_source_readmap	max_depth_cv_le_5	0,1,2	0.4302028837168182	0.42894056847545226	83	8	213	-0.38575390945367705	-0.44430556576722297	3	0	97.541815398546	34.80978636512139	52.61594496441347	0.7922402431331174	-0.031674866544191306	0.8159567931704953	0.8145695364238409	62.732029033424595	0.8239151096773089	-0.3857539094536771	-0.38562896794838863	34.80978636512141	-0.03167486654419149
cami3_toy_human_gut_gtdb_source_readmap	max_depth_cv_le_50	0,1,2	0.8159567931704953	0.8145695364238409	246	62	50	0.0	0.0	0	0	62.732029033424595	0.0	0.0	0.8239151096773089	0.0	0.8159567931704953	0.8145695364238409	62.732029033424595	0.8239151096773089	0.0	0.0	0.0	0.0
cami3_toy_human_gut_gtdb_source_readmap	max_hit_mean_depth_ge_0.5	0,1,2	0.8159567931704953	0.8145695364238409	246	62	50	0.0	0.0	0	0	62.732029033424595	0.0	0.0	0.8239151096773089	0.0	0.8159567931704953	0.8145695364238409	62.732029033424595	0.8239151096773089	0.0	0.0	0.0	0.0
cami3_toy_human_gut_gtdb_source_readmap	max_hit_mean_depth_ge_1	0,1,2	0.8159567931704953	0.8145695364238409	246	62	50	0.0	0.0	0	0	62.732029033424595	0.0	0.0	0.8239151096773089	0.0	0.8159567931704953	0.8145695364238409	62.732029033424595	0.8239151096773089	0.0	0.0	0.0	0.0
cami3_toy_human_gut_gtdb_source_readmap	max_hit_mean_depth_ge_2	0,1,2	0.6216162634872308	0.6206896551724138	153	44	143	-0.19434052968326446	-0.21256010147193305	3	0	63.36402486206492	0.6319958286403254	1.1430863989900928	0.8234671136598574	-0.00044799601745141676	0.8159567931704953	0.8145695364238409	62.732029033424595	0.8239151096773089	-0.19434052968326454	-0.19387988125142708	0.6319958286403278	-0.00044799601745149076
cami3_toy_human_gut_gtdb_source_readmap	max_hit_mean_depth_ge_3	0,1,2	0.5516217986806221	0.5509761388286334	127	38	169	-0.26433499448987313	-0.2851991371261149	3	0	63.74310269651781	1.011073663093202	2.213896761288339	0.8233695002368949	-0.000545609440413856	0.8159567931704953	0.8145695364238409	62.732029033424595	0.8239151096773089	-0.2643349944898732	-0.2635933975952075	1.0110736630932138	-0.00054560944041393
cami3_toy_human_gut_gtdb_source_readmap	max_hit_mean_depth_ge_5	0,1,2	0.4790666123999457	0.4779582366589328	103	32	193	-0.33689018077054955	-0.39014778325123145	3	0	66.3446710151113	3.612641981686695	7.566892118399267	0.8235888392952404	-0.0003262703820683018	0.8159567931704953	0.8145695364238409	62.732029033424595	0.8239151096773089	-0.3368901807705496	-0.3366112997649081	3.612641981686707	-0.0003262703820684498
cami3_toy_human_gut_gtdb_source_readmap	max_mean_depth_ge_0.25	0,1,2	0.5384523066478325	0.5379310344827586	117	22	179	-0.27750448652266285	-0.300623973727422	3	0	60.609456576103945	-2.1225724573206626	-0.1855282798032576	0.8288637842675506	0.004948674590241768	0.8159567931704953	0.8145695364238409	62.732029033424595	0.8239151096773089	-0.2775044865226628	-0.2766385019410823	-2.1225724573206506	0.004948674590241731
cami3_toy_human_gut_gtdb_source_readmap	max_mean_depth_ge_0.5	0,1,2	0.5051779521655035	0.5047619047619049	106	18	190	-0.3107788410049917	-0.3369458128078817	3	0	60.75526146706982	-1.9767675663547852	-0.4210982496108855	0.8289134771516142	0.00499836747430545	0.8159567931704953	0.8145695364238409	62.732029033424595	0.8239151096773089	-0.31077884100499176	-0.30980763166193603	-1.9767675663547735	0.004998367474305376
cami3_toy_human_gut_gtdb_source_readmap	max_mean_depth_ge_1	0,1,2	0.438343210842977	0.4382871536523929	87	14	209	-0.37761358232751824	-0.3868589857178297	3	0	61.99160010600985	-0.7404289274147567	0.1882628254068237	0.829183181980675	0.005268072303366196	0.8159567931704953	0.8145695364238409	62.732029033424595	0.8239151096773089	-0.3776135823275183	-0.376282382771448	-0.7404289274147473	0.0052680723033661225
cami3_toy_human_gut_gtdb_source_readmap	max_mean_depth_ge_2	0,1,2	0.3554191024940068	0.3548387096774193	66	10	230	-0.4605376906764885	-0.4934444865479348	3	0	64.80215125703018	2.0701222236055727	5.587246088643411	0.8294531456938244	0.005538036016515664	0.8159567931704953	0.8145695364238409	62.732029033424595	0.8239151096773089	-0.4605376906764885	-0.4597308267464216	2.07012222360558	0.005538036016515591
cami3_toy_human_gut_gtdb_source_readmap	max_mean_depth_ge_3	0,1,2	0.29805467016228643	0.2969187675070028	53	8	243	-0.5179021230082088	-0.5849955584268755	3	0	69.68778258021915	6.9557535467945515	11.570284506714216	0.8285534517159293	0.004638342038620458	0.8159567931704953	0.8145695364238409	62.732029033424595	0.8239151096773089	-0.5179021230082088	-0.5176507689168381	6.955753546794554	0.004638342038620458
cami3_toy_human_gut_gtdb_source_readmap	max_mean_depth_ge_5	0,1,2	0.20719127615679342	0.20771513353115728	35	6	261	-0.608765517013702	-0.6421624352658835	3	0	77.41976969538399	14.687740661959387	20.504496394872433	0.8307078764821986	0.006792766804889679	0.8159567931704953	0.8145695364238409	62.732029033424595	0.8239151096773089	-0.6087655170137019	-0.6068544028926837	14.687740661959396	0.006792766804889716
cami3_toy_human_gut_gtdb_source_readmap	max_real_min_af_ge_0.02	0,1,2	0.7716591619376594	0.7714285714285715	216	48	80	-0.044297631232835956	-0.057081741787624374	3	0	61.68126962714107	-1.0507594062835324	-0.016170985117149428	0.8244542837835134	0.0005391741062046318	0.8159567931704953	0.8145695364238409	62.732029033424595	0.8239151096773089	-0.04429763123283592	-0.043140964995269426	-1.0507594062835253	0.0005391741062045208
cami3_toy_human_gut_gtdb_source_readmap	max_real_min_af_ge_0.05	0,1,2	0.6649833441948741	0.6640000000000001	166	38	130	-0.15097344897562115	-0.17287203574292587	3	0	60.55170243923363	-2.1803265941909706	-0.09767115962151962	0.8288827155439877	0.004967605866678992	0.8159567931704953	0.8145695364238409	62.732029033424595	0.8239151096773089	-0.15097344897562115	-0.15056953642384074	-2.1803265941909657	0.004967605866678881
cami3_toy_human_gut_gtdb_source_readmap	max_real_min_af_ge_0.1	0,1,2	0.606696378474485	0.6059322033898304	143	33	153	-0.2092604146960103	-0.23753454283311304	3	0	60.40251704785809	-2.329511985566507	-0.3510032281023925	0.8292827068309992	0.00536759715369058	0.8159567931704953	0.8145695364238409	62.732029033424595	0.8239151096773089	-0.2092604146960103	-0.20863733303401044	-2.329511985566505	0.0053675971536903955
cami3_toy_human_gut_gtdb_source_readmap	max_real_min_af_ge_0.2	0,1,2	0.5352474323062558	0.5354691075514874	117	24	179	-0.2807093608642395	-0.2941329179646937	3	0	60.5092404609694	-2.2227885724552032	-0.4763722209098731	0.8289378398176797	0.005022730140370875	0.8159567931704953	0.8145695364238409	62.732029033424595	0.8239151096773089	-0.2807093608642395	-0.27910042887235353	-2.222788572455194	0.005022730140370801
cami3_toy_human_gut_gtdb_source_readmap	max_real_min_af_ge_0.3	0,1,2	0.5116375966759599	0.5118483412322276	108	18	188	-0.30431919649453537	-0.32026361336706155	3	0	60.35801118730686	-2.374017846117743	-0.8190398013266602	0.8313575474716942	0.00744243779438547	0.8159567931704953	0.8145695364238409	62.732029033424595	0.8239151096773089	-0.3043191964945354	-0.30272119519161333	-2.374017846117738	0.007442437794385359
cami3_toy_human_gut_gtdb_source_readmap	max_real_min_af_ge_0.4	0,1,2	0.49357801746146285	0.49388753056234724	101	12	195	-0.32237877570903245	-0.3334017515051997	3	0	59.75756558519754	-2.9744634482270675	-2.064180974459987	0.8339777216159375	0.010062611938628674	0.8159567931704953	0.8145695364238409	62.732029033424595	0.8239151096773089	-0.32237877570903245	-0.32068200586149365	-2.9744634482270556	0.010062611938628674
cami3_toy_human_gut_gtdb_source_readmap	max_real_min_af_ge_0.5	0,1,2	0.45841768143926415	0.4584382871536525	91	10	205	-0.35753911173123115	-0.37247049650919656	3	0	63.43924920037449	0.7072201669498952	2.0615982337704963	0.8310791970021802	0.007164087324871467	0.8159567931704953	0.8145695364238409	62.732029033424595	0.8239151096773089	-0.35753911173123115	-0.3561312492701884	0.7072201669498952	0.007164087324871393
cami3_toy_human_gut_gtdb_source_readmap	max_xny_ge_10	0,1,2	0.7988947445469184	0.7979626485568762	235	58	61	-0.01706204862357689	-0.029108822212270513	3	0	62.70471558712797	-0.027313446296633497	0.004574861329302848	0.8238437442474332	-7.136542987540295e-05	0.8159567931704953	0.8145695364238409	62.732029033424595	0.8239151096773089	-0.017062048623576853	-0.016606887866964737	-0.027313446296624022	-7.1365429875625e-05
cami3_toy_human_gut_gtdb_source_readmap	max_xny_ge_100	0,1,2	0.606696378474485	0.6059322033898304	143	33	153	-0.2092604146960103	-0.23753454283311304	3	0	60.40251704785809	-2.329511985566507	-0.3510032281023925	0.8292827068309992	0.00536759715369058	0.8159567931704953	0.8145695364238409	62.732029033424595	0.8239151096773089	-0.2092604146960103	-0.20863733303401044	-2.329511985566505	0.0053675971536903955
cami3_toy_human_gut_gtdb_source_readmap	max_xny_ge_1000	0,1,2	0.032450454033273686	0.03322259136212625	5	0	291	-0.7835063391372216	-0.8129480031858005	3	0	159.87829095278892	97.14626191936429	133.51134532609714	0.5581963710890124	-0.2657187385882964	0.8159567931704953	0.8145695364238409	62.732029033424595	0.8239151096773089	-0.7835063391372216	-0.7813469450617146	97.14626191936432	-0.2657187385882964
cami3_toy_human_gut_gtdb_source_readmap	max_xny_ge_200	0,1,2	0.5352474323062558	0.5354691075514874	117	24	179	-0.2807093608642395	-0.2941329179646937	3	0	60.5092404609694	-2.2227885724552032	-0.4763722209098731	0.8289378398176797	0.005022730140370875	0.8159567931704953	0.8145695364238409	62.732029033424595	0.8239151096773089	-0.2807093608642395	-0.27910042887235353	-2.222788572455194	0.005022730140370801
cami3_toy_human_gut_gtdb_source_readmap	max_xny_ge_25	0,1,2	0.7430707084157598	0.7426470588235295	202	46	94	-0.07288608475473542	-0.07723716445825979	3	0	61.638747692206096	-1.0932813412185116	-0.017306705247598586	0.8244472134642961	0.0005321037869873516	0.8159567931704953	0.8145695364238409	62.732029033424595	0.8239151096773089	-0.07288608475473546	-0.07192247760031134	-1.0932813412184998	0.0005321037869872036
cami3_toy_human_gut_gtdb_source_readmap	max_xny_ge_300	0,1,2	0.5116375966759599	0.5118483412322276	108	18	188	-0.30431919649453537	-0.32026361336706155	3	0	60.35801118730686	-2.374017846117743	-0.8190398013266602	0.8313575474716942	0.00744243779438547	0.8159567931704953	0.8145695364238409	62.732029033424595	0.8239151096773089	-0.3043191964945354	-0.30272119519161333	-2.374017846117738	0.007442437794385359
cami3_toy_human_gut_gtdb_source_readmap	max_xny_ge_50	0,1,2	0.6649833441948741	0.6640000000000001	166	38	130	-0.15097344897562115	-0.17287203574292587	3	0	60.55170243923363	-2.1803265941909706	-0.09767115962151962	0.8288827155439877	0.004967605866678992	0.8159567931704953	0.8145695364238409	62.732029033424595	0.8239151096773089	-0.15097344897562115	-0.15056953642384074	-2.1803265941909657	0.004967605866678881
cami3_toy_human_gut_gtdb_source_readmap	max_xny_ge_500	0,1,2	0.45841768143926415	0.4584382871536525	91	10	205	-0.35753911173123115	-0.37247049650919656	3	0	63.43924920037449	0.7072201669498952	2.0615982337704963	0.8310791970021802	0.007164087324871467	0.8159567931704953	0.8145695364238409	62.732029033424595	0.8239151096773089	-0.35753911173123115	-0.3561312492701884	0.7072201669498952	0.007164087324871393
cami3_toy_human_gut_gtdb_source_readmap	max_xny_ge_750	0,1,2	0.19638125520478464	0.1970149253731343	33	6	263	-0.6195755379657107	-0.6437484084542909	3	0	108.21553825868206	45.48350922525746	53.98910238771197	0.7862689173988405	-0.03764619227846814	0.8159567931704953	0.8145695364238409	62.732029033424595	0.8239151096773089	-0.6195755379657106	-0.6175546110507066	45.483509225257464	-0.03764619227846833
cami3_toy_human_gut_gtdb_source_readmap	max_zip_af_ge_0.05	0,1,2	0.7918088192523509	0.7903780068728522	230	56	66	-0.02414797391814431	-0.04316692905388242	3	0	61.13729945875084	-1.5947295746737662	-0.2584667587988392	0.828113945973926	0.004198836296617252	0.8159567931704953	0.8145695364238409	62.732029033424595	0.8239151096773089	-0.024147973918144383	-0.02419152955098869	-1.5947295746737566	0.004198836296617103
cami3_toy_human_gut_gtdb_source_readmap	max_zip_af_ge_0.1	0,1,2	0.790449659946563	0.7889273356401383	228	54	68	-0.02550713322393224	-0.045207307060755264	3	0	60.73917054188481	-1.9928584915397944	-0.2584667587988392	0.8283726772927212	0.004457567615412494	0.8159567931704953	0.8145695364238409	62.732029033424595	0.8239151096773089	-0.025507133223932277	-0.025642200783702607	-1.992858491539785	0.004457567615412383
cami3_toy_human_gut_gtdb_source_readmap	max_zip_af_ge_0.2	0,1,2	0.7783697817851895	0.7771836007130124	218	47	78	-0.03758701138530581	-0.06234440383494899	3	0	62.98430138535294	0.252272351928345	0.8758692474708312	0.8285066563082487	0.004591546630940006	0.8159567931704953	0.8145695364238409	62.732029033424595	0.8239151096773089	-0.037587011385305846	-0.03738593571082849	0.2522723519283474	0.004591546630939858
cami3_toy_human_gut_gtdb_source_readmap	max_zip_af_ge_0.3	0,1,2	0.7689335763600654	0.7675675675675675	213	46	83	-0.047023216810429834	-0.07555150995930604	3	0	63.064431077673596	0.332402044249001	1.1035652537183864	0.8285483708804536	0.004633261203144889	0.8159567931704953	0.8145695364238409	62.732029033424595	0.8239151096773089	-0.04702321681042987	-0.04700196885627339	0.332402044249001	0.004633261203144778
cami3_toy_human_gut_gtdb_source_readmap	max_zip_af_ge_0.4	0,1,2	0.736523261065944	0.7350746268656716	197	43	99	-0.07943353210455133	-0.0917350848385331	3	0	72.04448402830775	9.312454994883156	14.606333300071725	0.8240158340100873	0.00010072433277856045	0.8159567931704953	0.8145695364238409	62.732029033424595	0.8239151096773089	-0.07943353210455129	-0.07949490955816929	9.312454994883154	0.00010072433277841242
cami3_toy_human_gut_gtdb_source_readmap	max_zip_af_ge_0.5	0,1,2	0.6890769293870069	0.688588007736944	178	43	118	-0.12687986378348837	-0.14961622178943745	3	0	80.00837039689497	17.27634136347037	24.52057014287047	0.8204234816530418	-0.0034916280242669093	0.8159567931704953	0.8145695364238409	62.732029033424595	0.8239151096773089	-0.12687986378348837	-0.12598152868689694	17.27634136347038	-0.003491628024267057
cami3_toy_human_gut_gtdb_source_readmap	min_breadth_ge_0.02	0,1,2	0.6917661410769457	0.6907630522088354	172	30	124	-0.12419065209354947	-0.15364902189697893	3	0	60.365794404225056	-2.3662346291995533	-0.2384763674078414	0.8292516072875875	0.005336497610278841	0.8159567931704953	0.8145695364238409	62.732029033424595	0.8239151096773089	-0.12419065209354962	-0.12380648421500551	-2.366234629199539	0.0053364976102786565
cami3_toy_human_gut_gtdb_source_readmap	min_breadth_ge_0.05	0,1,2	0.6125956435887941	0.6123348017621145	139	19	157	-0.20336114958170104	-0.2347906403940887	3	0	62.90105523279766	0.16902619937305494	0.493305692326345	0.8272280433174757	0.0033129336401669742	0.8159567931704953	0.8145695364238409	62.732029033424595	0.8239151096773089	-0.20336114958170115	-0.20223473466172637	0.1690261993730644	0.0033129336401668263
cami3_toy_human_gut_gtdb_source_readmap	min_breadth_ge_0.1	0,1,2	0.5492697801316001	0.5505882352941177	117	12	179	-0.26668701303889525	-0.2670604198260038	3	0	62.43664176807004	-0.29538726535456306	0.67620055663199	0.8305147338040957	0.006599624126786978	0.8159567931704953	0.8145695364238409	62.732029033424595	0.8239151096773089	-0.2666870130388952	-0.2639813011297232	-0.29538726535455595	0.006599624126786829
cami3_toy_human_gut_gtdb_source_readmap	min_breadth_ge_0.2	0,1,2	0.43356327160493824	0.4329896907216494	84	8	212	-0.382393521565557	-0.43247582557927383	3	0	75.36579744137894	12.633768407954355	17.981634528466714	0.8128012739899418	-0.011113835687366827	0.8159567931704953	0.8145695364238409	62.732029033424595	0.8239151096773089	-0.38239352156555706	-0.3815798457021915	12.63376840795435	-0.011113835687367013
cami3_toy_human_gut_gtdb_source_readmap	min_breadth_ge_0.3	0,1,2	0.35178400383141767	0.3516483516483517	64	4	232	-0.4641727893390777	-0.48791564039408863	3	0	87.53926739432966	24.807238360905036	27.010527077587668	0.8161609772784786	-0.007754132398830234	0.8159567931704953	0.8145695364238409	62.732029033424595	0.8239151096773089	-0.46417278933907763	-0.4629211847754892	24.80723836090506	-0.007754132398830271
cami3_toy_human_gut_gtdb_source_readmap	min_breadth_ge_0.4	0,1,2	0.28658057656359864	0.28735632183908044	50	2	246	-0.5293762166068966	-0.5382849647483193	3	0	100.44469015693822	37.71266112351362	49.49028767455295	0.7999956431421372	-0.02391946653517152	0.8159567931704953	0.8145695364238409	62.732029033424595	0.8239151096773089	-0.5293762166068967	-0.5272132145847604	37.71266112351363	-0.02391946653517163
cami3_toy_human_gut_gtdb_source_readmap	min_breadth_ge_0.5	0,1,2	0.22002262443438916	0.2208955223880597	37	2	259	-0.595934168736106	-0.6226861373920198	3	0	116.22812040890692	53.496091375482315	55.640120955574076	0.7750539922589805	-0.04886111741832829	0.8159567931704953	0.8145695364238409	62.732029033424595	0.8239151096773089	-0.5959341687361062	-0.5936740140357812	53.49609137548232	-0.048861117418328326
cami3_toy_human_gut_gtdb_source_readmap	min_xny_ge_10	0,1,2	0.7340396980390813	0.7340823970037453	196	42	100	-0.08191709513141399	-0.0934838581897407	3	0	60.59685852278832	-2.1351705106362857	-0.21137957291472986	0.8286732708311927	0.004758161153883907	0.8159567931704953	0.8145695364238409	62.732029033424595	0.8239151096773089	-0.08191709513141399	-0.08048713942009555	-2.1351705106362786	0.004758161153883833
cami3_toy_human_gut_gtdb_source_readmap	min_xny_ge_100	0,1,2	0.5492697801316001	0.5505882352941177	117	12	179	-0.26668701303889525	-0.2670604198260038	3	0	62.43664176807004	-0.29538726535456306	0.67620055663199	0.8305147338040957	0.006599624126786978	0.8159567931704953	0.8145695364238409	62.732029033424595	0.8239151096773089	-0.2666870130388952	-0.2639813011297232	-0.29538726535455595	0.006599624126786829
cami3_toy_human_gut_gtdb_source_readmap	min_xny_ge_200	0,1,2	0.43356327160493824	0.4329896907216494	84	8	212	-0.382393521565557	-0.43247582557927383	3	0	75.36579744137894	12.633768407954355	17.981634528466714	0.8128012739899418	-0.011113835687366827	0.8159567931704953	0.8145695364238409	62.732029033424595	0.8239151096773089	-0.38239352156555706	-0.3815798457021915	12.63376840795435	-0.011113835687367013
cami3_toy_human_gut_gtdb_source_readmap	min_xny_ge_25	0,1,2	0.6664563428539064	0.6652892561983471	161	27	135	-0.14950045031658887	-0.17663195775935803	3	0	60.33427583815308	-2.3977531952715196	-0.22138656236953835	0.8292244321687688	0.005309322491460063	0.8159567931704953	0.8145695364238409	62.732029033424595	0.8239151096773089	-0.14950045031658887	-0.14928028022549378	-2.3977531952715125	0.005309322491459989
cami3_toy_human_gut_gtdb_source_readmap	min_xny_ge_300	0,1,2	0.35178400383141767	0.3516483516483517	64	4	232	-0.4641727893390777	-0.48791564039408863	3	0	87.53926739432966	24.807238360905036	27.010527077587668	0.8161609772784786	-0.007754132398830234	0.8159567931704953	0.8145695364238409	62.732029033424595	0.8239151096773089	-0.46417278933907763	-0.4629211847754892	24.80723836090506	-0.007754132398830271
cami3_toy_human_gut_gtdb_source_readmap	min_xny_ge_50	0,1,2	0.6125956435887941	0.6123348017621145	139	19	157	-0.20336114958170104	-0.2347906403940887	3	0	62.90105523279766	0.16902619937305494	0.493305692326345	0.8272280433174757	0.0033129336401669742	0.8159567931704953	0.8145695364238409	62.732029033424595	0.8239151096773089	-0.20336114958170115	-0.20223473466172637	0.1690261993730644	0.0033129336401668263
cami3_toy_human_gut_gtdb_source_readmap	min_xny_ge_500	0,1,2	0.22002262443438916	0.2208955223880597	37	2	259	-0.595934168736106	-0.6226861373920198	3	0	116.22812040890692	53.496091375482315	55.640120955574076	0.7750539922589805	-0.04886111741832829	0.8159567931704953	0.8145695364238409	62.732029033424595	0.8239151096773089	-0.5959341687361062	-0.5936740140357812	53.49609137548232	-0.048861117418328326
cami3_toy_human_gut_gtdb_source_readmap	prob_ge_0.4	0,1,2	0.7823809649725879	0.7823008849557522	221	48	75	-0.03357582819790731	-0.05431325537016196	3	0	60.89237261600878	-1.8396564174158125	-0.8099879318232155	0.8293418438800755	0.0054267342027667365	0.8159567931704953	0.8145695364238409	62.732029033424595	0.8239151096773089	-0.03357582819790739	-0.03226865146808866	-1.8396564174158172	0.0054267342027666254
cami3_toy_human_gut_gtdb_source_readmap	prob_ge_0.5	0,1,2	0.7134306430755689	0.7137254901960786	182	32	114	-0.1025261500949265	-0.13540275923453493	3	0	64.26176232031851	1.5297332868939009	5.065233550894554	0.8283832260757907	0.004468116398481992	0.8159567931704953	0.8145695364238409	62.732029033424595	0.8239151096773089	-0.10252615009492638	-0.10084404622776233	1.529733286893915	0.004468116398481881
cami3_toy_human_gut_gtdb_source_readmap	prob_ge_0.6	0,1,2	0.651288487282463	0.6512605042016807	155	25	141	-0.16466830588803216	-0.1725918452133658	3	0	70.76704937143042	8.035020338005824	9.823934707513644	0.8244690097925144	0.0005539001152055819	0.8159567931704953	0.8145695364238409	62.732029033424595	0.8239151096773089	-0.16466830588803227	-0.1633090322221602	8.035020338005822	0.0005539001152055079
cami3_toy_human_gut_gtdb_source_readmap	prob_ge_0.7	0,1,2	0.6098729660712635	0.6096491228070174	139	21	157	-0.2060838270992317	-0.23093843913622691	3	0	71.43944623644684	8.707417203022237	10.68504700587863	0.8253955563785341	0.0014804467012253797	0.8159567931704953	0.8145695364238409	62.732029033424595	0.8239151096773089	-0.2060838270992318	-0.20492041361682345	8.707417203022246	0.0014804467012252687
cami3_toy_human_gut_gtdb_source_readmap	prob_ge_0.8	0,1,2	0.5738338048172854	0.5740740740740741	124	12	172	-0.2421229883532098	-0.25518537723619383	3	0	77.01192377430093	14.279894740876323	23.033966562521627	0.8298436524419719	0.005928542764663147	0.8159567931704953	0.8145695364238409	62.732029033424595	0.8239151096773089	-0.2421229883532099	-0.24049546234976682	14.27989474087633	0.005928542764663036
cami3_toy_human_gut_gtdb_source_readmap	prob_ge_0.9	0,1,2	0.5100923767590434	0.5098039215686275	104	8	192	-0.30586441641145184	-0.3437941368975851	3	0	98.2981835986261	35.56615456520149	52.941716447962	0.6748539900200531	-0.14906111965725566	0.8159567931704953	0.8145695364238409	62.732029033424595	0.8239151096773089	-0.3058644164114519	-0.30476561485521336	35.5661545652015	-0.14906111965725577
cami3_toy_human_gut_gtdb_source_readmap	prob_ge_0.95	0,1,2	0.3832880451538907	0.384	72	7	224	-0.43266874801660454	-0.461343242998278	3	0	151.8885948949359	89.15656586151128	118.30241840881817	0.24053153530575333	-0.5833835743715554	0.8159567931704953	0.8145695364238409	62.732029033424595	0.8239151096773089	-0.4326687480166046	-0.4305695364238409	89.1565658615113	-0.5833835743715555
cami3_toy_human_gut_gtdb_source_readmap	prob_ge_0.98	0,1,2	0.17206645898234685	0.17737003058103976	29	2	267	-0.6438903341881484	-0.7342245989304814	3	0	176.32907549747605	113.59704646405146	140.17239439123517	0.14705047145208075	-0.676864638225228	0.8159567931704953	0.8145695364238409	62.732029033424595	0.8239151096773089	-0.6438903341881484	-0.6371995058428012	113.59704646405146	-0.6768646382252281
cami3_toy_human_gut_gtdb_source_readmap	prob_ge_0.99	0,1,2	0.06356320597445242	0.06535947712418301	10	0	286	-0.7523935871960429	-0.8129480031858005	3	0	194.04093832744067	131.30890929401605	140.29968956282596	0.0510460248143089	-0.7728690848629999	0.8159567931704953	0.8145695364238409	62.732029033424595	0.8239151096773089	-0.7523935871960429	-0.7492100592996579	131.30890929401608	-0.772869084863
cami3_toy_human_gut_gtdb_source_readmap	reported_ani_ge_0.93	0,1,2	0.0	0.0	0	0	296	-0.8159567931704953	-0.8472906403940886	3	0	99.99999999999973	37.26797096657513	49.92395499605569			0.8159567931704953	0.8145695364238409	62.732029033424595	0.8239151096773089	-0.8159567931704953	-0.8145695364238409	37.267970966575135	
cami3_toy_human_gut_gtdb_source_readmap	reported_ani_ge_0.94	0,1,2	0.0	0.0	0	0	296	-0.8159567931704953	-0.8472906403940886	3	0	99.99999999999973	37.26797096657513	49.92395499605569			0.8159567931704953	0.8145695364238409	62.732029033424595	0.8239151096773089	-0.8159567931704953	-0.8145695364238409	37.267970966575135	
cami3_toy_human_gut_gtdb_source_readmap	reported_ani_ge_0.95	0,1,2	0.0	0.0	0	0	296	-0.8159567931704953	-0.8472906403940886	3	0	99.99999999999973	37.26797096657513	49.92395499605569			0.8159567931704953	0.8145695364238409	62.732029033424595	0.8239151096773089	-0.8159567931704953	-0.8145695364238409	37.267970966575135	
cami3_toy_human_gut_gtdb_source_readmap	reported_ani_ge_0.96	0,1,2	0.0	0.0	0	0	296	-0.8159567931704953	-0.8472906403940886	3	0	99.99999999999973	37.26797096657513	49.92395499605569			0.8159567931704953	0.8145695364238409	62.732029033424595	0.8239151096773089	-0.8159567931704953	-0.8145695364238409	37.267970966575135	
cami3_toy_human_gut_gtdb_source_readmap	reported_ani_ge_0.97	0,1,2	0.0	0.0	0	0	296	-0.8159567931704953	-0.8472906403940886	3	0	99.99999999999973	37.26797096657513	49.92395499605569			0.8159567931704953	0.8145695364238409	62.732029033424595	0.8239151096773089	-0.8159567931704953	-0.8145695364238409	37.267970966575135	
cami3_toy_human_gut_gtdb_source_readmap	reported_ani_ge_0.98	0,1,2	0.0	0.0	0	0	296	-0.8159567931704953	-0.8472906403940886	3	0	99.99999999999973	37.26797096657513	49.92395499605569			0.8159567931704953	0.8145695364238409	62.732029033424595	0.8239151096773089	-0.8159567931704953	-0.8145695364238409	37.267970966575135	
cami3_toy_human_gut_gtdb_source_readmap	reported_ani_ge_0.99	0,1,2	0.0	0.0	0	0	296	-0.8159567931704953	-0.8472906403940886	3	0	99.99999999999973	37.26797096657513	49.92395499605569			0.8159567931704953	0.8145695364238409	62.732029033424595	0.8239151096773089	-0.8159567931704953	-0.8145695364238409	37.267970966575135	
cami3_toy_human_gut_gtdb_source_readmap	s_ani_ge_0.93	0,1,2	0.6928370920338026	0.6924643584521385	170	25	126	-0.12311970113669268	-0.13798831481269325	3	0	61.94711004523399	-0.7849189881906161	0.22270786275905152	0.8311883755600441	0.007273265882735432	0.8159567931704953	0.8145695364238409	62.732029033424595	0.8239151096773089	-0.12311970113669268	-0.1221051779717024	-0.7849189881906042	0.007273265882735247
cami3_toy_human_gut_gtdb_source_readmap	s_ani_ge_0.94	0,1,2	0.6916745146305884	0.691358024691358	168	22	128	-0.12428227853990688	-0.13384034799642786	3	0	61.871382914602286	-0.8606461188223165	0.2036081661835425	0.8319016226965492	0.007986513019240396	0.8159567931704953	0.8145695364238409	62.732029033424595	0.8239151096773089	-0.12428227853990692	-0.1232115117324829	-0.8606461188223093	0.00798651301924036
cami3_toy_human_gut_gtdb_source_readmap	s_ani_ge_0.95	0,1,2	0.6734410121127885	0.6736842105263158	160	19	136	-0.14251578105770682	-0.1625815552812554	3	0	62.07748458367246	-0.6545444497521444	0.6084018579986576	0.831667974523188	0.007752864845879263	0.8159567931704953	0.8145695364238409	62.732029033424595	0.8239151096773089	-0.1425157810577068	-0.14088532589752512	-0.6545444497521373	0.007752864845879115
cami3_toy_human_gut_gtdb_source_readmap	s_ani_ge_0.96	0,1,2	0.6101909184726523	0.6116071428571428	137	15	159	-0.20576587469784305	-0.23128342245989308	3	0	77.16244344831152	14.43041441488691	21.317029741027866	0.831596340559797	0.007681230882488362	0.8159567931704953	0.8145695364238409	62.732029033424595	0.8239151096773089	-0.20576587469784302	-0.2029623935666981	14.430414414886926	0.007681230882488177
cami3_toy_human_gut_gtdb_source_readmap	s_ani_ge_0.97	0,1,2	0.5490420189668309	0.5501165501165501	118	15	178	-0.26691477420366433	-0.29576306046894296	3	0	89.92605868811478	27.19402965469018	40.3147918020627	0.8064367912325415	-0.017478318444767178	0.8159567931704953	0.8145695364238409	62.732029033424595	0.8239151096773089	-0.2669147742036644	-0.26445298630729075	27.194029654690183	-0.017478318444767327
cami3_toy_human_gut_gtdb_source_readmap	s_ani_ge_0.98	0,1,2	0.4572900580615142	0.4588528678304239	92	13	204	-0.35866673510898117	-0.3916016481108092	3	0	123.9164964513592	61.18446741793459	77.42045648064493	0.6407633689079352	-0.18315174076937357	0.8159567931704953	0.8145695364238409	62.732029033424595	0.8239151096773089	-0.3586667351089811	-0.355716668593417	61.1844674179346	-0.18315174076937368
cami3_toy_human_gut_gtdb_source_readmap	s_ani_ge_0.99	0,1,2	0.3589417254811215	0.36074270557029176	68	13	228	-0.4570150676893738	-0.500891265597148	3	0	135.5409468903915	72.8089178569669	79.28093213619866	0.6292518106807047	-0.19466329899660417	0.8159567931704953	0.8145695364238409	62.732029033424595	0.8239151096773089	-0.4570150676893738	-0.45382683085354913	72.8089178569669	-0.19466329899660417
cami3_toy_human_gut_gtdb_source_readmap	s_breadth_ge_0.02	0,1,2	0.7141578950156876	0.7140115163147792	186	39	110	-0.10179889815480762	-0.11800887243828762	3	0	60.51767866627813	-2.2143503671464777	-0.21849453886198233	0.8289614015381659	0.005046291860857181	0.8159567931704953	0.8145695364238409	62.732029033424595	0.8239151096773089	-0.1017988981548077	-0.10055802010906167	-2.2143503671464657	0.005046291860857033
cami3_toy_human_gut_gtdb_source_readmap	s_breadth_ge_0.05	0,1,2	0.6335964680272693	0.6331236897274632	151	30	145	-0.18236032514322606	-0.21256010147193305	3	0	60.34057742247081	-2.3914516109537964	-0.37476815555374543	0.8292167897399905	0.00530168006268165	0.8159567931704953	0.8145695364238409	62.732029033424595	0.8239151096773089	-0.18236032514322598	-0.18144584669637764	-2.391451610953787	0.005301680062681613
cami3_toy_human_gut_gtdb_source_readmap	s_breadth_ge_0.1	0,1,2	0.5780555758921672	0.5784753363228698	129	21	167	-0.23790121727832814	-0.26980341604898483	3	0	60.20715995464602	-2.524869078778574	-0.5551090948184552	0.8292970119473763	0.005381902270067444	0.8159567931704953	0.8145695364238409	62.732029033424595	0.8239151096773089	-0.23790121727832814	-0.23609420010097104	-2.524869078778572	0.005381902270067407
cami3_toy_human_gut_gtdb_source_readmap	s_breadth_ge_0.2	0,1,2	0.5118998201189982	0.5121951219512195	105	9	191	-0.3040569730514971	-0.3267426951886092	3	0	62.28103096447188	-0.4509980689527164	0.8131404354951997	0.8306545132552184	0.006739403577909697	0.8159567931704953	0.8145695364238409	62.732029033424595	0.8239151096773089	-0.30405697305149715	-0.30237441447262137	-0.450998068952714	0.006739403577909586
cami3_toy_human_gut_gtdb_source_readmap	s_breadth_ge_0.3	0,1,2	0.46319337460534826	0.46310432569974563	91	6	205	-0.3527634185651471	-0.3835225244520596	3	0	64.58954446187884	1.8575154284542374	4.294293524815814	0.8293976847863433	0.005482575109034678	0.8159567931704953	0.8145695364238409	62.732029033424595	0.8239151096773089	-0.35276341856514704	-0.35146521072409526	1.8575154284542492	0.005482575109034493
cami3_toy_human_gut_gtdb_source_readmap	s_breadth_ge_0.4	0,1,2	0.3553570299981783	0.35616438356164387	65	4	231	-0.46059976317231704	-0.4833474059480253	3	0	78.97920848826969	16.247179454845078	22.684295781217685	0.8228138408016182	-0.0011012688756905087	0.8159567931704953	0.8145695364238409	62.732029033424595	0.8239151096773089	-0.460599763172317	-0.458405152862197	16.247179454845096	-0.0011012688756906197
cami3_toy_human_gut_gtdb_source_readmap	s_breadth_ge_0.5	0,1,2	0.281169285141389	0.28160919540229884	49	3	247	-0.5347875080291061	-0.5408390274908628	3	0	91.39759173252953	28.665562699104935	32.07141959048363	0.816448844756351	-0.007466264920957588	0.8159567931704953	0.8145695364238409	62.732029033424595	0.8239151096773089	-0.5347875080291062	-0.532960341021542	28.66556269910494	-0.00746626492095781
cami3_toy_human_gut_gtdb_source_readmap	s_real_min_af_ge_0.02	0,1,2	0.7716591619376594	0.7714285714285715	216	48	80	-0.044297631232835956	-0.057081741787624374	3	0	61.68126962714107	-1.0507594062835324	-0.016170985117149428	0.8244542837835134	0.0005391741062046318	0.8159567931704953	0.8145695364238409	62.732029033424595	0.8239151096773089	-0.04429763123283592	-0.043140964995269426	-1.0507594062835253	0.0005391741062045208
cami3_toy_human_gut_gtdb_source_readmap	s_real_min_af_ge_0.05	0,1,2	0.6649833441948741	0.6640000000000001	166	38	130	-0.15097344897562115	-0.17287203574292587	3	0	60.55170243923363	-2.1803265941909706	-0.09767115962151962	0.8288827155439877	0.004967605866678992	0.8159567931704953	0.8145695364238409	62.732029033424595	0.8239151096773089	-0.15097344897562115	-0.15056953642384074	-2.1803265941909657	0.004967605866678881
cami3_toy_human_gut_gtdb_source_readmap	s_real_min_af_ge_0.1	0,1,2	0.606696378474485	0.6059322033898304	143	33	153	-0.2092604146960103	-0.23753454283311304	3	0	60.40251704785809	-2.329511985566507	-0.3510032281023925	0.8292827068309992	0.00536759715369058	0.8159567931704953	0.8145695364238409	62.732029033424595	0.8239151096773089	-0.2092604146960103	-0.20863733303401044	-2.329511985566505	0.0053675971536903955
cami3_toy_human_gut_gtdb_source_readmap	s_real_min_af_ge_0.2	0,1,2	0.5352474323062558	0.5354691075514874	117	24	179	-0.2807093608642395	-0.2941329179646937	3	0	60.5092404609694	-2.2227885724552032	-0.4763722209098731	0.8289378398176797	0.005022730140370875	0.8159567931704953	0.8145695364238409	62.732029033424595	0.8239151096773089	-0.2807093608642395	-0.27910042887235353	-2.222788572455194	0.005022730140370801
cami3_toy_human_gut_gtdb_source_readmap	s_real_min_af_ge_0.3	0,1,2	0.5116375966759599	0.5118483412322276	108	18	188	-0.30431919649453537	-0.32026361336706155	3	0	60.35801118730686	-2.374017846117743	-0.8190398013266602	0.8313575474716942	0.00744243779438547	0.8159567931704953	0.8145695364238409	62.732029033424595	0.8239151096773089	-0.3043191964945354	-0.30272119519161333	-2.374017846117738	0.007442437794385359
cami3_toy_human_gut_gtdb_source_readmap	s_real_min_af_ge_0.4	0,1,2	0.49357801746146285	0.49388753056234724	101	12	195	-0.32237877570903245	-0.3334017515051997	3	0	59.75756558519754	-2.9744634482270675	-2.064180974459987	0.8339777216159375	0.010062611938628674	0.8159567931704953	0.8145695364238409	62.732029033424595	0.8239151096773089	-0.32237877570903245	-0.32068200586149365	-2.9744634482270556	0.010062611938628674
cami3_toy_human_gut_gtdb_source_readmap	s_real_min_af_ge_0.5	0,1,2	0.45841768143926415	0.4584382871536525	91	10	205	-0.35753911173123115	-0.37247049650919656	3	0	63.43924920037449	0.7072201669498952	2.0615982337704963	0.8310791970021802	0.007164087324871467	0.8159567931704953	0.8145695364238409	62.732029033424595	0.8239151096773089	-0.35753911173123115	-0.3561312492701884	0.7072201669498952	0.007164087324871393
cami3_toy_human_gut_gtdb_source_readmap	s_xny_ge_10	0,1,2	0.7988947445469184	0.7979626485568762	235	58	61	-0.01706204862357689	-0.029108822212270513	3	0	62.70471558712797	-0.027313446296633497	0.004574861329302848	0.8238437442474332	-7.136542987540295e-05	0.8159567931704953	0.8145695364238409	62.732029033424595	0.8239151096773089	-0.017062048623576853	-0.016606887866964737	-0.027313446296624022	-7.1365429875625e-05
cami3_toy_human_gut_gtdb_source_readmap	s_xny_ge_100	0,1,2	0.606696378474485	0.6059322033898304	143	33	153	-0.2092604146960103	-0.23753454283311304	3	0	60.40251704785809	-2.329511985566507	-0.3510032281023925	0.8292827068309992	0.00536759715369058	0.8159567931704953	0.8145695364238409	62.732029033424595	0.8239151096773089	-0.2092604146960103	-0.20863733303401044	-2.329511985566505	0.0053675971536903955
cami3_toy_human_gut_gtdb_source_readmap	s_xny_ge_1000	0,1,2	0.032450454033273686	0.03322259136212625	5	0	291	-0.7835063391372216	-0.8129480031858005	3	0	159.87829095278892	97.14626191936429	133.51134532609714	0.5581963710890124	-0.2657187385882964	0.8159567931704953	0.8145695364238409	62.732029033424595	0.8239151096773089	-0.7835063391372216	-0.7813469450617146	97.14626191936432	-0.2657187385882964
cami3_toy_human_gut_gtdb_source_readmap	s_xny_ge_200	0,1,2	0.5352474323062558	0.5354691075514874	117	24	179	-0.2807093608642395	-0.2941329179646937	3	0	60.5092404609694	-2.2227885724552032	-0.4763722209098731	0.8289378398176797	0.005022730140370875	0.8159567931704953	0.8145695364238409	62.732029033424595	0.8239151096773089	-0.2807093608642395	-0.27910042887235353	-2.222788572455194	0.005022730140370801
cami3_toy_human_gut_gtdb_source_readmap	s_xny_ge_25	0,1,2	0.7430707084157598	0.7426470588235295	202	46	94	-0.07288608475473542	-0.07723716445825979	3	0	61.638747692206096	-1.0932813412185116	-0.017306705247598586	0.8244472134642961	0.0005321037869873516	0.8159567931704953	0.8145695364238409	62.732029033424595	0.8239151096773089	-0.07288608475473546	-0.07192247760031134	-1.0932813412184998	0.0005321037869872036
cami3_toy_human_gut_gtdb_source_readmap	s_xny_ge_300	0,1,2	0.5116375966759599	0.5118483412322276	108	18	188	-0.30431919649453537	-0.32026361336706155	3	0	60.35801118730686	-2.374017846117743	-0.8190398013266602	0.8313575474716942	0.00744243779438547	0.8159567931704953	0.8145695364238409	62.732029033424595	0.8239151096773089	-0.3043191964945354	-0.30272119519161333	-2.374017846117738	0.007442437794385359
cami3_toy_human_gut_gtdb_source_readmap	s_xny_ge_50	0,1,2	0.6649833441948741	0.6640000000000001	166	38	130	-0.15097344897562115	-0.17287203574292587	3	0	60.55170243923363	-2.1803265941909706	-0.09767115962151962	0.8288827155439877	0.004967605866678992	0.8159567931704953	0.8145695364238409	62.732029033424595	0.8239151096773089	-0.15097344897562115	-0.15056953642384074	-2.1803265941909657	0.004967605866678881
cami3_toy_human_gut_gtdb_source_readmap	s_xny_ge_500	0,1,2	0.45841768143926415	0.4584382871536525	91	10	205	-0.35753911173123115	-0.37247049650919656	3	0	63.43924920037449	0.7072201669498952	2.0615982337704963	0.8310791970021802	0.007164087324871467	0.8159567931704953	0.8145695364238409	62.732029033424595	0.8239151096773089	-0.35753911173123115	-0.3561312492701884	0.7072201669498952	0.007164087324871393
cami3_toy_human_gut_gtdb_source_readmap	s_xny_ge_750	0,1,2	0.19638125520478464	0.1970149253731343	33	6	263	-0.6195755379657107	-0.6437484084542909	3	0	108.21553825868206	45.48350922525746	53.98910238771197	0.7862689173988405	-0.03764619227846814	0.8159567931704953	0.8145695364238409	62.732029033424595	0.8239151096773089	-0.6195755379657106	-0.6175546110507066	45.483509225257464	-0.03764619227846833
cami3_toy_human_gut_gtdb_source_readmap	s_zip_af_ge_0.05	0,1,2	0.7458333476807167	0.7444444444444445	201	43	95	-0.07012344548977852	-0.07972307282652102	3	0	60.320701608766434	-2.411327424658168	-0.3238095899359763	0.8294639947871817	0.0055488851098730585	0.8159567931704953	0.8145695364238409	62.732029033424595	0.8239151096773089	-0.07012344548977856	-0.07012509197939643	-2.411327424658161	0.0055488851098728365
cami3_toy_human_gut_gtdb_source_readmap	s_zip_af_ge_0.1	0,1,2	0.7314696475501153	0.7300380228136882	192	38	104	-0.08448714562038	-0.0959094249244754	3	0	60.160328865073836	-2.571700168350764	-0.45932170505832914	0.8298029884380896	0.005887878760780896	0.8159567931704953	0.8145695364238409	62.732029033424595	0.8239151096773089	-0.08448714562037996	-0.08453151361015265	-2.571700168350759	0.005887878760780785
cami3_toy_human_gut_gtdb_source_readmap	s_zip_af_ge_0.2	0,1,2	0.6927256318447724	0.6923076923076924	171	27	125	-0.12323116132572283	-0.13052763461374184	3	0	61.94850026533552	-0.7835287680890891	0.21490233265496528	0.8312008784740271	0.007285768796718384	0.8159567931704953	0.8145695364238409	62.732029033424595	0.8239151096773089	-0.12323116132572287	-0.12226184411614849	-0.7835287680890772	0.007285768796718273
cami3_toy_human_gut_gtdb_source_readmap	s_zip_af_ge_0.3	0,1,2	0.6763548481942546	0.6764091858037578	162	21	134	-0.13960194497624068	-0.1625815552812554	3	0	61.94700378558033	-0.7850252478442812	0.23719241553044412	0.8318374129625145	0.007922303285205637	0.8159567931704953	0.8145695364238409	62.732029033424595	0.8239151096773089	-0.13960194497624068	-0.13816035062008314	-0.785025247844267	0.0079223032852056
cami3_toy_human_gut_gtdb_source_readmap	s_zip_af_ge_0.4	0,1,2	0.6288476843797294	0.6299559471365638	143	15	153	-0.18710910879076592	-0.2042636369189419	3	0	72.45741797485448	9.725388941429882	15.575392297410744	0.8343118871705529	0.01039677749324408	0.8159567931704953	0.8145695364238409	62.732029033424595	0.8239151096773089	-0.18710910879076592	-0.1846135892872771	9.725388941429884	0.01039677749324408
cami3_toy_human_gut_gtdb_source_readmap	s_zip_af_ge_0.5	0,1,2	0.5658320658320659	0.5668202764976957	123	15	173	-0.25012472733842944	-0.27361853832442073	3	0	80.46756125049694	17.735532217072333	24.574679291062168	0.8314408090079165	0.0075256993306077975	0.8159567931704953	0.8145695364238409	62.732029033424595	0.8239151096773089	-0.2501247273384294	-0.24774925992614516	17.735532217072347	0.007525699330607649
cami3_toy_human_gut_gtdb_source_readmap	split_unique_breadth_ratio_le_1.1	0,1,2	0.3507750237550613	0.35106382978723405	66	14	230	-0.46518176941543393	-0.4893970127235848	3	0	134.96656745094657	72.23453841752197	99.3930534205692	0.6283065785603901	-0.1956085311169187	0.8159567931704953	0.8145695364238409	62.732029033424595	0.8239151096773089	-0.465181769415434	-0.46350570663660684	72.23453841752197	-0.19560853111691878
cami3_toy_human_gut_gtdb_source_readmap	split_unique_breadth_ratio_le_1.25	0,1,2	0.5511803098214988	0.5520361990950227	122	24	174	-0.26477648334899656	-0.28607645078233335	3	0	122.44894234244494	59.716913309020335	95.6369538012654	0.6291350585578872	-0.19478005111942154	0.8159567931704953	0.8145695364238409	62.732029033424595	0.8239151096773089	-0.2647764833489965	-0.26253333732881823	59.71691330902034	-0.19478005111942165
cami3_toy_human_gut_gtdb_source_readmap	split_unique_breadth_ratio_le_1.5	0,1,2	0.7044617476208132	0.7040000000000001	176	28	120	-0.11149504554968204	-0.12315270935960598	3	0	87.82196949588315	25.089940462458554	34.41532285348763	0.8016837470434908	-0.022231362633817902	0.8159567931704953	0.8145695364238409	62.732029033424595	0.8239151096773089	-0.11149504554968215	-0.11056953642384082	25.089940462458557	-0.022231362633818086
cami3_toy_human_gut_gtdb_source_readmap	split_unique_breadth_ratio_le_2	0,1,2	0.7889464594127807	0.7884267631103073	218	39	78	-0.027010333757714628	-0.04729064039408859	2	1	70.31457958845834	7.582550555033738	13.936502441495165	0.8133627544336984	-0.010552355243610312	0.8159567931704953	0.8145695364238409	62.732029033424595	0.8239151096773089	-0.027010333757714555	-0.02614277331353354	7.582550555033748	-0.010552355243610423
cami3_toy_human_gut_gtdb_source_readmap	split_unique_breadth_ratio_le_3	0,1,2	0.8068902051865358	0.8055555555555555	232	48	64	-0.009066587983959687	-0.013879892662163384	3	0	63.6812701136584	0.9492410802337972	2.138856582825383	0.8225364690473812	-0.001378640629927541	0.8159567931704953	0.8145695364238409	62.732029033424595	0.8239151096773089	-0.00906658798395954	-0.00901398086828542	0.9492410802338043	-0.0013786406299276521
cami3_toy_human_gut_gtdb_source_readmap	split_unique_xny_ratio_le_1.1	0,1,2	0.1650582449549303	0.1656441717791411	27	3	269	-0.650898548215565	-0.675808757346323	3	0	194.09000447554047	131.35797544211584	144.08594921722312	0.021465534617527416	-0.8024495750597813	0.8159567931704953	0.8145695364238409	62.732029033424595	0.8239151096773089	-0.650898548215565	-0.6489253646446997	131.35797544211587	-0.8024495750597814
cami3_toy_human_gut_gtdb_source_readmap	split_unique_xny_ratio_le_1.25	0,1,2	0.28287841904880495	0.28328611898017	50	7	246	-0.5330783741216903	-0.5589952411323162	3	0	135.39680525727715	72.66477622385254	100.09736811802154	0.6238952232282238	-0.20001988644908497	0.8159567931704953	0.8145695364238409	62.732029033424595	0.8239151096773089	-0.5330783741216903	-0.5312834174436709	72.66477622385256	-0.20001988644908508
cami3_toy_human_gut_gtdb_source_readmap	split_unique_xny_ratio_le_1.5	0,1,2	0.4163202122954444	0.41836734693877553	82	14	214	-0.39963658087505083	-0.44766997708174194	3	0	130.71294821878135	67.98091918535677	96.57201400664249	0.6183939915895301	-0.2055211180877786	0.8159567931704953	0.8145695364238409	62.732029033424595	0.8239151096773089	-0.3996365808750509	-0.39620218948506536	67.98091918535675	-0.20552111808777873
cami3_toy_human_gut_gtdb_source_readmap	split_unique_xny_ratio_le_2	0,1,2	0.6029761904761904	0.6035242290748898	137	21	159	-0.21298060269430485	-0.23422459893048142	3	0	93.308294498687	30.576265465262395	36.61108379891612	0.8025599411807526	-0.021355168496556165	0.8159567931704953	0.8145695364238409	62.732029033424595	0.8239151096773089	-0.21298060269430485	-0.2110453073489511	30.57626546526241	-0.021355168496556276
cami3_toy_human_gut_gtdb_source_readmap	split_unique_xny_ratio_le_3	0,1,2	0.695308964060529	0.6961770623742454	173	28	123	-0.1206478291099663	-0.1454828770761768	3	0	83.95156460668763	21.219535573263027	25.064326027076397	0.8026096718416964	-0.021305437835612267	0.8159567931704953	0.8145695364238409	62.732029033424595	0.8239151096773089	-0.1206478291099663	-0.11839247404959552	21.21953557326303	-0.02130543783561245
cami3_toy_human_gut_gtdb_source_readmap	split_unique_xny_ratio_le_5	0,1,2	0.7747326776738541	0.7740740740740739	209	35	87	-0.04122411549664121	-0.05584679012670901	3	0	64.99826943438343	2.2662404009588215	6.380367519981917	0.8255341872970074	0.0016190776196987426	0.8159567931704953	0.8145695364238409	62.732029033424595	0.8239151096773089	-0.04122411549664118	-0.040495462349766975	2.2662404009588357	0.0016190776196985945
hmp_airskin_gtdb_source_abundance	current_calls	0,1,10,11,13,14,15,16,17,18,19,2,20,21,22,23,24,25,26,28,3,4,5,6,7,8,9	0.8679233151214787	0.8482433900760593	1171	344	75	0.0	0.0	0	0	23.239397859021405	0.0	0.0	0.978936897273734	0.0	0.8679233151214787	0.8482433900760593	23.239397859021405	0.978936897273734	0.0	0.0	0.0	0.0
hmp_airskin_gtdb_source_abundance	drop_ani_lt_0.95_and_breadth_lt_0.05	0,1,10,11,13,14,15,16,17,18,19,2,20,21,22,23,24,25,26,28,3,4,5,6,7,8,9	0.8772275505283652	0.8603022484334686	1167	300	79	0.00930423540688656	0.0	0	14	22.129565114533793	-1.1098327444876082	0.0	0.9796474512520539	0.0007105539783196995	0.8679233151214787	0.8482433900760593	23.239397859021405	0.978936897273734	0.009304235406886519	0.012058858357409274	-1.109832744487612	0.0007105539783198722
hmp_airskin_gtdb_source_abundance	drop_ani_lt_0.95_and_breadth_lt_0.1	0,1,10,11,13,14,15,16,17,18,19,2,20,21,22,23,24,25,26,28,3,4,5,6,7,8,9	0.8796259645068496	0.8644386030792338	1151	266	95	0.011702649385370857	-0.013607594936708933	3	12	20.822136965212994	-2.417260893808409	0.11705400251215181	0.9809119495127716	0.001975052239037666	0.8679233151214787	0.8482433900760593	23.239397859021405	0.978936897273734	0.011702649385370911	0.016195213003174502	-2.417260893808411	0.0019750522390376
hmp_airskin_gtdb_source_abundance	drop_ani_lt_0.95_and_breadth_lt_0.2	0,1,10,11,13,14,15,16,17,18,19,2,20,21,22,23,24,25,26,28,3,4,5,6,7,8,9	0.8812051476087898	0.8665620094191523	1104	198	142	0.013281832487311332	-0.05109309751903712	6	10	18.999941930780807	-4.239455928240599	1.3701322149663575	0.9818177533139955	0.00288085604026144	0.8679233151214787	0.8482433900760593	23.239397859021405	0.978936897273734	0.013281832487311074	0.01831861934309298	-4.239455928240599	0.002880856040261448
hmp_airskin_gtdb_source_abundance	drop_ani_lt_0.96_and_breadth_lt_0.05	0,1,10,11,13,14,15,16,17,18,19,2,20,21,22,23,24,25,26,28,3,4,5,6,7,8,9	0.8764293683709047	0.8594614533382516	1165	300	81	0.008506053249425952	-0.013607594936708933	2	13	22.12837760888611	-1.1110202501352882	0.028078614650652867	0.9796466049340177	0.0007097076602835868	0.8679233151214787	0.8482433900760593	23.239397859021405	0.978936897273734	0.008506053249425993	0.011218063262192324	-1.1110202501352937	0.0007097076602836649
hmp_airskin_gtdb_source_abundance	drop_ani_lt_0.96_and_breadth_lt_0.1	0,1,10,11,13,14,15,16,17,18,19,2,20,21,22,23,24,25,26,28,3,4,5,6,7,8,9	0.878805644887454	0.8635851183765502	1149	266	97	0.010882329765975338	-0.027564102564102577	3	12	20.820920072813365	-2.41847778620804	0.11705400251215181	0.9809111374439998	0.0019742401702657762	0.8679233151214787	0.8482433900760593	23.239397859021405	0.978936897273734	0.010882329765975363	0.015341728300490853	-2.41847778620804	0.0019742401702658174
hmp_airskin_gtdb_source_abundance	drop_ani_lt_0.96_and_breadth_lt_0.2	0,1,10,11,13,14,15,16,17,18,19,2,20,21,22,23,24,25,26,28,3,4,5,6,7,8,9	0.8767765690285201	0.8602999210734017	1090	198	156	0.00885325390704159	-0.05109309751903712	7	9	18.99822176023381	-4.241176098787595	1.3701322149663575	0.9818143819195958	0.002877484645861827	0.8679233151214787	0.8482433900760593	23.239397859021405	0.978936897273734	0.008853253907041392	0.012056530997342385	-4.241176098787594	0.002877484645861794
hmp_airskin_gtdb_source_abundance	drop_ani_lt_0.97_and_breadth_lt_0.05	0,1,10,11,13,14,15,16,17,18,19,2,20,21,22,23,24,25,26,28,3,4,5,6,7,8,9	0.8762553123940414	0.8590405904059041	1164	300	82	0.008331997272562721	-0.013607594936708933	2	13	22.128436203337507	-1.1109616556838955	0.028078614650652867	0.9796465065547317	0.000709609280997725	0.8679233151214787	0.8482433900760593	23.239397859021405	0.978936897273734	0.00833199727256273	0.01079720032984477	-1.110961655683898	0.000709609280997725
hmp_airskin_gtdb_source_abundance	drop_ani_lt_0.97_and_breadth_lt_0.1	0,1,10,11,13,14,15,16,17,18,19,2,20,21,22,23,24,25,26,28,3,4,5,6,7,8,9	0.878137119760566	0.8623024830699775	1146	266	100	0.010213804639087358	-0.027564102564102577	3	12	20.820616512289728	-2.41878134673168	0.11705400251215181	0.9809107918186721	0.001973894544938188	0.8679233151214787	0.8482433900760593	23.239397859021405	0.978936897273734	0.010213804639087276	0.014059092993918165	-2.418781346731677	0.001973894544938126
hmp_airskin_gtdb_source_abundance	drop_ani_lt_0.97_and_breadth_lt_0.2	0,1,10,11,13,14,15,16,17,18,19,2,20,21,22,23,24,25,26,28,3,4,5,6,7,8,9	0.8735935463229778	0.855216184053947	1078	197	168	0.005670231201499199	-0.06879361914257232	7	10	18.979612598619454	-4.259785260401947	1.3701322149663575	0.9817952030939883	0.002858305820254292	0.8679233151214787	0.8482433900760593	23.239397859021405	0.978936897273734	0.005670231201499121	0.006972793977887637	-4.2597852604019515	0.002858305820254259
hmp_airskin_gtdb_source_abundance	drop_ani_lt_0.98_and_breadth_lt_0.05	0,1,10,11,13,14,15,16,17,18,19,2,20,21,22,23,24,25,26,28,3,4,5,6,7,8,9	0.8762553123940414	0.8590405904059041	1164	300	82	0.008331997272562721	-0.013607594936708933	2	13	22.128436203337507	-1.1109616556838955	0.028078614650652867	0.9796465065547317	0.000709609280997725	0.8679233151214787	0.8482433900760593	23.239397859021405	0.978936897273734	0.00833199727256273	0.01079720032984477	-1.110961655683898	0.000709609280997725
hmp_airskin_gtdb_source_abundance	drop_ani_lt_0.98_and_breadth_lt_0.1	0,1,10,11,13,14,15,16,17,18,19,2,20,21,22,23,24,25,26,28,3,4,5,6,7,8,9	0.8779328177438133	0.8618742943168987	1145	266	101	0.010009502622334592	-0.027564102564102577	3	12	20.820560386143097	-2.4188374728783093	0.11705400251215181	0.9809107125578174	0.0019738152840833864	0.8679233151214787	0.8482433900760593	23.239397859021405	0.978936897273734	0.010009502622334576	0.013630904240839348	-2.418837472878309	0.001973815284083358
hmp_airskin_gtdb_source_abundance	drop_ani_lt_0.98_and_breadth_lt_0.2	0,1,10,11,13,14,15,16,17,18,19,2,20,21,22,23,24,25,26,28,3,4,5,6,7,8,9	0.869138468357056	0.8490415335463258	1063	195	183	0.0012151532355774688	-0.12129099427381562	7	11	18.9613553841504	-4.278042474871004	1.3701322149663575	0.9817936154817474	0.002856718208013439	0.8679233151214787	0.8482433900760593	23.239397859021405	0.978936897273734	0.0012151532355773043	0.0007981434702665213	-4.278042474871004	0.0028567182080133646
hmp_airskin_gtdb_source_abundance	drop_depth_lt_0.5_and_breadth_lt_0.05	0,1,10,11,13,14,15,16,17,18,19,2,20,21,22,23,24,25,26,28,3,4,5,6,7,8,9	0.908713810751817	0.9049844236760125	1162	160	84	0.040790495630338444	-0.009339774557165836	2	14	22.123005850253577	-1.1163920087678254	0.03255937584205526	0.9795990375292474	0.0006621402555131891	0.8679233151214787	0.8482433900760593	23.239397859021405	0.978936897273734	0.04079049563033832	0.056741033599953195	-1.1163920087678285	0.000662140255513366
hmp_airskin_gtdb_source_abundance	drop_depth_lt_0.5_and_breadth_lt_0.1	0,1,10,11,13,14,15,16,17,18,19,2,20,21,22,23,24,25,26,28,3,4,5,6,7,8,9	0.9100160003932355	0.9071343164607414	1138	125	108	0.04209268527175693	-0.020875420875420825	4	15	21.61015328882435	-1.6292445701970566	0.11705400251215181	0.9796551406341463	0.0007182433604122835	0.8679233151214787	0.8482433900760593	23.239397859021405	0.978936897273734	0.0420926852717568	0.058890926384682074	-1.6292445701970557	0.0007182433604122629
hmp_airskin_gtdb_source_abundance	drop_depth_lt_0.5_and_breadth_lt_0.2	0,1,10,11,13,14,15,16,17,18,19,2,20,21,22,23,24,25,26,28,3,4,5,6,7,8,9	0.888834240221377	0.882502113271344	1044	76	202	0.02091092509989834	-0.18510523475445217	10	11	21.15107379920248	-2.088324059818925	1.3701322149663575	0.9796134847686111	0.0006765874948771723	0.8679233151214787	0.8482433900760593	23.239397859021405	0.978936897273734	0.020910925099898336	0.03425872319528467	-2.0883240598189268	0.00067658749487709
hmp_airskin_gtdb_source_abundance	drop_depth_lt_0.5_and_breadth_lt_0.3	0,1,10,11,13,14,15,16,17,18,19,2,20,21,22,23,24,25,26,28,3,4,5,6,7,8,9	0.8500125934516929	0.8405797101449275	957	74	289	-0.01791072166978584	-0.32850877192982464	13	8	21.252282885944496	-1.987114973076906	2.04647260917006	0.9793755017483723	0.000438604474638274	0.8679233151214787	0.8482433900760593	23.239397859021405	0.978936897273734	-0.0179107216697858	-0.007663679931131817	-1.9871149730769098	0.0004386044746382822
hmp_airskin_gtdb_source_abundance	drop_depth_lt_1_and_breadth_lt_0.05	0,1,10,11,13,14,15,16,17,18,19,2,20,21,22,23,24,25,26,28,3,4,5,6,7,8,9	0.908713810751817	0.9049844236760125	1162	160	84	0.040790495630338444	-0.009339774557165836	2	14	22.123005850253577	-1.1163920087678254	0.03255937584205526	0.9795990375292474	0.0006621402555131891	0.8679233151214787	0.8482433900760593	23.239397859021405	0.978936897273734	0.04079049563033832	0.056741033599953195	-1.1163920087678285	0.000662140255513366
hmp_airskin_gtdb_source_abundance	drop_depth_lt_1_and_breadth_lt_0.1	0,1,10,11,13,14,15,16,17,18,19,2,20,21,22,23,24,25,26,28,3,4,5,6,7,8,9	0.9100160003932355	0.9071343164607414	1138	125	108	0.04209268527175693	-0.020875420875420825	4	15	21.61015328882435	-1.6292445701970566	0.11705400251215181	0.9796551406341463	0.0007182433604122835	0.8679233151214787	0.8482433900760593	23.239397859021405	0.978936897273734	0.0420926852717568	0.058890926384682074	-1.6292445701970557	0.0007182433604122629
hmp_airskin_gtdb_source_abundance	drop_depth_lt_1_and_breadth_lt_0.2	0,1,10,11,13,14,15,16,17,18,19,2,20,21,22,23,24,25,26,28,3,4,5,6,7,8,9	0.8967242783782194	0.8901287553648068	1037	47	209	0.028800963256740666	-0.17864923747276684	10	13	20.29959425896881	-2.9398036000525933	1.3701322149663575	0.9796740536433303	0.0007371563695962838	0.8679233151214787	0.8482433900760593	23.239397859021405	0.978936897273734	0.028800963256740753	0.041885365288747534	-2.9398036000525956	0.0007371563695962591
hmp_airskin_gtdb_source_abundance	drop_depth_lt_1_and_breadth_lt_0.3	0,1,10,11,13,14,15,16,17,18,19,2,20,21,22,23,24,25,26,28,3,4,5,6,7,8,9	0.844399882460169	0.8340117593848937	922	43	324	-0.02352343266130969	-0.32850877192982464	16	9	20.48895132600668	-2.7504465330147276	2.944917197260768	0.9796785386802408	0.0007416414065068741	0.8679233151214787	0.8482433900760593	23.239397859021405	0.978936897273734	-0.02352343266130974	-0.01423163069116562	-2.750446533014724	0.0007416414065067878
hmp_airskin_gtdb_source_abundance	drop_depth_lt_2_and_breadth_lt_0.05	0,1,10,11,13,14,15,16,17,18,19,2,20,21,22,23,24,25,26,28,3,4,5,6,7,8,9	0.908713810751817	0.9049844236760125	1162	160	84	0.040790495630338444	-0.009339774557165836	2	14	22.123005850253577	-1.1163920087678254	0.03255937584205526	0.9795990375292474	0.0006621402555131891	0.8679233151214787	0.8482433900760593	23.239397859021405	0.978936897273734	0.04079049563033832	0.056741033599953195	-1.1163920087678285	0.000662140255513366
hmp_airskin_gtdb_source_abundance	drop_depth_lt_2_and_breadth_lt_0.1	0,1,10,11,13,14,15,16,17,18,19,2,20,21,22,23,24,25,26,28,3,4,5,6,7,8,9	0.9113647420244496	0.9085828343313372	1138	121	108	0.043441426902970995	-0.020875420875420825	4	15	20.98079206536916	-2.258605793652242	0.11705400251215181	0.9803383619251641	0.0014014646514301818	0.8679233151214787	0.8482433900760593	23.239397859021405	0.978936897273734	0.043441426902970925	0.06033944425527793	-2.2586057936522437	0.0014014646514300955
hmp_airskin_gtdb_source_abundance	drop_depth_lt_2_and_breadth_lt_0.2	0,1,10,11,13,14,15,16,17,18,19,2,20,21,22,23,24,25,26,28,3,4,5,6,7,8,9	0.9010057353048936	0.8946459412780657	1036	34	210	0.03308242018341493	-0.1720725673446949	10	13	19.37898484110396	-3.8604130179174425	1.3701322149663575	0.9805521354509295	0.0016152381771956411	0.8679233151214787	0.8482433900760593	23.239397859021405	0.978936897273734	0.033082420183414896	0.046402551202006426	-3.8604130179174447	0.0016152381771954438
hmp_airskin_gtdb_source_abundance	drop_depth_lt_2_and_breadth_lt_0.3	0,1,10,11,13,14,15,16,17,18,19,2,20,21,22,23,24,25,26,28,3,4,5,6,7,8,9	0.8419712213366914	0.8322639780018332	908	28	338	-0.025952093784787272	-0.32850877192982464	15	10	19.864183770946283	-3.3752140880751216	3.0503568077481837	0.9804936967458094	0.0015567994720753497	0.8679233151214787	0.8482433900760593	23.239397859021405	0.978936897273734	-0.025952093784787245	-0.01597941207422615	-3.375214088075122	0.001556799472075432
hmp_airskin_gtdb_source_abundance	drop_prob_lt_0.5_and_breadth_lt_0.05	0,1,10,11,13,14,15,16,17,18,19,2,20,21,22,23,24,25,26,28,3,4,5,6,7,8,9	0.9066986465584866	0.9031262060980316	1170	175	76	0.03877533143700806	0.0	0	14	22.188765337604885	-1.0506325214165158	0.0	0.979600927387623	0.000664030113889047	0.8679233151214787	0.8482433900760593	23.239397859021405	0.978936897273734	0.038775331437007954	0.054882816021972314	-1.0506325214165209	0.000664030113889047
hmp_airskin_gtdb_source_abundance	drop_prob_lt_0.5_and_breadth_lt_0.1	0,1,10,11,13,14,15,16,17,18,19,2,20,21,22,23,24,25,26,28,3,4,5,6,7,8,9	0.910302947883218	0.906832298136646	1168	162	78	0.04237963276173939	0.0	0	15	21.899492816034293	-1.3399050429871056	0.0	0.9796541019957514	0.0007172047220172979	0.8679233151214787	0.8482433900760593	23.239397859021405	0.978936897273734	0.04237963276173928	0.0585889080605867	-1.3399050429871124	0.0007172047220174171
hmp_airskin_gtdb_source_abundance	drop_prob_lt_0.5_and_breadth_lt_0.2	0,1,10,11,13,14,15,16,17,18,19,2,20,21,22,23,24,25,26,28,3,4,5,6,7,8,9	0.9103358689524825	0.9038385437277404	1142	139	104	0.042412553831003785	-0.041883116883116966	4	16	21.371976996322065	-1.8674208626993392	0.06153075580935763	0.9798123307366531	0.000875433462919295	0.8679233151214787	0.8482433900760593	23.239397859021405	0.978936897273734	0.04241255383100384	0.055595153651681106	-1.8674208626993405	0.000875433462919073
hmp_airskin_gtdb_source_abundance	drop_prob_lt_0.5_and_breadth_lt_0.3	0,1,10,11,13,14,15,16,17,18,19,2,20,21,22,23,24,25,26,28,3,4,5,6,7,8,9	0.9062861564893921	0.8988047808764941	1128	136	118	0.038362841367913535	-0.041883116883116966	4	16	21.131900225761825	-2.107497633259581	1.7851251985918246	0.9801160930463013	0.001179195772567429	0.8679233151214787	0.8482433900760593	23.239397859021405	0.978936897273734	0.03836284136791346	0.05056139080043476	-2.1074976332595803	0.0011791957725673097
hmp_airskin_gtdb_source_abundance	drop_prob_lt_0.5_and_realaf_lt_0.05	0,1,10,11,13,14,15,16,17,18,19,2,20,21,22,23,24,25,26,28,3,4,5,6,7,8,9	0.9016067767938287	0.8956022944550669	1171	198	75	0.033683461672350014	0.0	0	13	23.033939093415462	-0.20545876560593967	0.0	0.9790549784272615	0.00011808115352765182	0.8679233151214787	0.8482433900760593	23.239397859021405	0.978936897273734	0.033683461672350035	0.04735890437900758	-0.20545876560594323	0.00011808115352751614
hmp_airskin_gtdb_source_abundance	drop_prob_lt_0.5_and_realaf_lt_0.1	0,1,10,11,13,14,15,16,17,18,19,2,20,21,22,23,24,25,26,28,3,4,5,6,7,8,9	0.9043659708348826	0.8993855606758832	1171	187	75	0.03644265571340404	0.0	0	14	22.46324259729893	-0.7761552617224763	0.0	0.9794397812404879	0.0005028839667538758	0.8679233151214787	0.8482433900760593	23.239397859021405	0.978936897273734	0.03644265571340388	0.051142170599823844	-0.7761552617224758	0.0005028839667539087
hmp_airskin_gtdb_source_abundance	drop_prob_lt_0.5_and_realaf_lt_0.2	0,1,10,11,13,14,15,16,17,18,19,2,20,21,22,23,24,25,26,28,3,4,5,6,7,8,9	0.9069677518745484	0.9036750483558993	1168	171	78	0.03904443675306963	-0.013607594936708933	2	14	22.302999062589272	-0.9363987964321288	0.05667022218414175	0.9794312375649862	0.0004943402912522533	0.8679233151214787	0.8482433900760593	23.239397859021405	0.978936897273734	0.03904443675306968	0.05543165827983998	-0.9363987964321332	0.000494340291252171
hmp_airskin_gtdb_source_abundance	drop_prob_lt_0.5_and_realaf_lt_0.3	0,1,10,11,13,14,15,16,17,18,19,2,20,21,22,23,24,25,26,28,3,4,5,6,7,8,9	0.9097163848897227	0.9046129788897577	1157	155	89	0.04179306976824422	-0.027564102564102577	3	16	21.81852064034825	-1.4208772186731495	0.0	0.979616139388188	0.0006792421144541413	0.8679233151214787	0.8482433900760593	23.239397859021405	0.978936897273734	0.04179306976824404	0.05636958881369836	-1.420877218673155	0.0006792421144540262
hmp_airskin_gtdb_source_abundance	drop_prob_lt_0.5_and_xny_lt_100	0,1,10,11,13,14,15,16,17,18,19,2,20,21,22,23,24,25,26,28,3,4,5,6,7,8,9	0.9043659708348826	0.8993855606758832	1171	187	75	0.03644265571340404	0.0	0	14	22.46324259729893	-0.7761552617224763	0.0	0.9794397812404879	0.0005028839667538758	0.8679233151214787	0.8482433900760593	23.239397859021405	0.978936897273734	0.03644265571340388	0.051142170599823844	-0.7761552617224758	0.0005028839667539087
hmp_airskin_gtdb_source_abundance	drop_prob_lt_0.5_and_xny_lt_200	0,1,10,11,13,14,15,16,17,18,19,2,20,21,22,23,24,25,26,28,3,4,5,6,7,8,9	0.9069677518745484	0.9036750483558993	1168	171	78	0.03904443675306963	-0.013607594936708933	2	14	22.302999062589272	-0.9363987964321288	0.05667022218414175	0.9794312375649862	0.0004943402912522533	0.8679233151214787	0.8482433900760593	23.239397859021405	0.978936897273734	0.03904443675306968	0.05543165827983998	-0.9363987964321332	0.000494340291252171
hmp_airskin_gtdb_source_abundance	drop_prob_lt_0.5_and_xny_lt_25	0,1,10,11,13,14,15,16,17,18,19,2,20,21,22,23,24,25,26,28,3,4,5,6,7,8,9	0.900010396360888	0.8938931297709923	1171	203	75	0.032087081239409475	0.0	0	11	23.21516192705174	-0.02423593196966349	0.0	0.9788980234239824	-3.8873849751673315e-05	0.8679233151214787	0.8482433900760593	23.239397859021405	0.978936897273734	0.03208708123940929	0.04564973969493302	-0.02423593196966678	-3.8873849751652756e-05
hmp_airskin_gtdb_source_abundance	drop_prob_lt_0.5_and_xny_lt_50	0,1,10,11,13,14,15,16,17,18,19,2,20,21,22,23,24,25,26,28,3,4,5,6,7,8,9	0.9016067767938287	0.8956022944550669	1171	198	75	0.033683461672350014	0.0	0	13	23.033939093415462	-0.20545876560593967	0.0	0.9790549784272615	0.00011808115352765182	0.8679233151214787	0.8482433900760593	23.239397859021405	0.978936897273734	0.033683461672350035	0.04735890437900758	-0.20545876560594323	0.00011808115352751614
hmp_airskin_gtdb_source_abundance	drop_prob_lt_0.5_and_xny_lt_500	0,1,10,11,13,14,15,16,17,18,19,2,20,21,22,23,24,25,26,28,3,4,5,6,7,8,9	0.9085700334872109	0.8997613365155132	1131	137	115	0.04064671836573228	-0.041883116883116966	6	15	20.806369628400805	-2.433028230620599	0.08227400347389491	0.9804250610963773	0.0014881638226434668	0.8679233151214787	0.8482433900760593	23.239397859021405	0.978936897273734	0.04064671836573219	0.05151794643945384	-2.4330282306206	0.0014881638226432736
hmp_airskin_gtdb_source_abundance	drop_prob_lt_0.5_and_zipaf_lt_0.1	0,1,10,11,13,14,15,16,17,18,19,2,20,21,22,23,24,25,26,28,3,4,5,6,7,8,9	0.869024562188781	0.8500907441016333	1171	338	75	0.0011012470673023968	0.0	0	5	22.888005078672883	-0.3513927803485224	0.0	0.9792353429841787	0.0002984457104448522	0.8679233151214787	0.8482433900760593	23.239397859021405	0.978936897273734	0.0011012470673023023	0.0018473540255740106	-0.3513927803485224	0.0002984457104446836
hmp_airskin_gtdb_source_abundance	drop_prob_lt_0.5_and_zipaf_lt_0.2	0,1,10,11,13,14,15,16,17,18,19,2,20,21,22,23,24,25,26,28,3,4,5,6,7,8,9	0.8708887861675296	0.8522561863173217	1171	331	75	0.0029654710460510656	0.0	0	8	22.725507177056397	-0.5138906819650091	0.0	0.9792519206965239	0.0003150234227900814	0.8679233151214787	0.8482433900760593	23.239397859021405	0.978936897273734	0.002965471046050938	0.004012796241262384	-0.5138906819650089	0.00031502342278988404
hmp_airskin_gtdb_source_abundance	drop_prob_lt_0.5_and_zipaf_lt_0.3	0,1,10,11,13,14,15,16,17,18,19,2,20,21,22,23,24,25,26,28,3,4,5,6,7,8,9	0.8708887861675296	0.8522561863173217	1171	331	75	0.0029654710460510656	0.0	0	8	22.725507177056397	-0.5138906819650091	0.0	0.9792519206965239	0.0003150234227900814	0.8679233151214787	0.8482433900760593	23.239397859021405	0.978936897273734	0.002965471046050938	0.004012796241262384	-0.5138906819650089	0.00031502342278988404
hmp_airskin_gtdb_source_abundance	drop_prob_lt_0.5_and_zipaf_lt_0.4	0,1,10,11,13,14,15,16,17,18,19,2,20,21,22,23,24,25,26,28,3,4,5,6,7,8,9	0.8710574148725487	0.850675428988682	1165	328	81	0.003134099751070271	-0.015984654731457715	5	8	22.485799237916783	-0.7535986211046235	2.1976684250903062	0.9792372688636386	0.0003003715899046775	0.8679233151214787	0.8482433900760593	23.239397859021405	0.978936897273734	0.003134099751070041	0.0024320389126226694	-0.7535986211046222	0.0003003715899045911
hmp_airskin_gtdb_source_abundance	drop_prob_lt_0.7_and_breadth_lt_0.05	0,1,10,11,13,14,15,16,17,18,19,2,20,21,22,23,24,25,26,28,3,4,5,6,7,8,9	0.9101639912670598	0.9071844660194176	1168	161	78	0.04224067614558121	0.0	0	15	22.126715611653847	-1.1126822473675586	0.0	0.9796052681446019	0.0006683708708678453	0.8679233151214787	0.8482433900760593	23.239397859021405	0.978936897273734	0.042240676145581135	0.05894107594335829	-1.1126822473675588	0.000668370870867907
hmp_airskin_gtdb_source_abundance	drop_prob_lt_0.7_and_breadth_lt_0.1	0,1,10,11,13,14,15,16,17,18,19,2,20,21,22,23,24,25,26,28,3,4,5,6,7,8,9	0.9167038514820225	0.9155766944114151	1155	122	91	0.048780536360543754	-0.020875420875420825	2	16	20.95321987461279	-2.2861779844086167	0.11705400251215181	0.9806925702110026	0.001755672937268588	0.8679233151214787	0.8482433900760593	23.239397859021405	0.978936897273734	0.0487805363605438	0.06733330433535578	-2.286177984408617	0.0017556729372686375
hmp_airskin_gtdb_source_abundance	drop_prob_lt_0.7_and_breadth_lt_0.2	0,1,10,11,13,14,15,16,17,18,19,2,20,21,22,23,24,25,26,28,3,4,5,6,7,8,9	0.9243388504471339	0.9216589861751152	1100	41	146	0.05641553532565511	-0.04500000000000004	5	15	19.032720432933647	-4.206677426087756	0.7654741840761368	0.9814972153398765	0.0025603180661427968	0.8679233151214787	0.8482433900760593	23.239397859021405	0.978936897273734	0.05641553532565524	0.0734155960990559	-4.206677426087758	0.0025603180661425418
hmp_airskin_gtdb_source_abundance	drop_prob_lt_0.7_and_breadth_lt_0.3	0,1,10,11,13,14,15,16,17,18,19,2,20,21,22,23,24,25,26,28,3,4,5,6,7,8,9	0.8983620876842306	0.8962548428755919	1041	36	205	0.030438772562751938	-0.09855072463768122	13	11	19.164914603749846	-4.0744832552715575	1.8682033063162145	0.9819119014907446	0.0029750042170107894	0.8679233151214787	0.8482433900760593	23.239397859021405	0.978936897273734	0.03043877256275196	0.04801145279953256	-4.074483255271559	0.0029750042170105795
hmp_airskin_gtdb_source_abundance	drop_prob_lt_0.7_and_realaf_lt_0.05	0,1,10,11,13,14,15,16,17,18,19,2,20,21,22,23,24,25,26,28,3,4,5,6,7,8,9	0.9041385773717834	0.8986953184957791	1171	189	75	0.03621526225030478	0.0	0	14	23.032735989552922	-0.20666186946848236	0.0	0.9790502726934828	0.00011337541974898036	0.8679233151214787	0.8482433900760593	23.239397859021405	0.978936897273734	0.03621526225030469	0.050451928419719794	-0.20666186946848342	0.00011337541974876242
hmp_airskin_gtdb_source_abundance	drop_prob_lt_0.7_and_realaf_lt_0.1	0,1,10,11,13,14,15,16,17,18,19,2,20,21,22,23,24,25,26,28,3,4,5,6,7,8,9	0.9069211054840959	0.9022788721514098	1168	175	78	0.03899779036261733	0.0	0	15	22.453368479959185	-0.7860293790622186	0.0	0.9794305345945751	0.0004936373208409726	0.8679233151214787	0.8482433900760593	23.239397859021405	0.978936897273734	0.03899779036261719	0.05403548207535047	-0.7860293790622208	0.0004936373208410672
hmp_airskin_gtdb_source_abundance	drop_prob_lt_0.7_and_realaf_lt_0.2	0,1,10,11,13,14,15,16,17,18,19,2,20,21,22,23,24,25,26,28,3,4,5,6,7,8,9	0.9081928617272	0.906090373280943	1153	146	93	0.04026954660572146	-0.020875420875420825	4	13	22.174944367282073	-1.0644534917393307	0.0	0.9794151687841128	0.0004782715103788907	0.8679233151214787	0.8482433900760593	23.239397859021405	0.978936897273734	0.04026954660572135	0.057846983204883684	-1.0644534917393322	0.00047827151037882487
hmp_airskin_gtdb_source_abundance	drop_prob_lt_0.7_and_realaf_lt_0.3	0,1,10,11,13,14,15,16,17,18,19,2,20,21,22,23,24,25,26,28,3,4,5,6,7,8,9	0.9170023371654143	0.9155158407798538	1127	89	119	0.049079022043935744	-0.03026315789473688	5	14	20.626517281471948	-2.612880577549461	0.0	0.9801146533970049	0.0011777561232709007	0.8679233151214787	0.8482433900760593	23.239397859021405	0.978936897273734	0.04907902204393566	0.0672724507037945	-2.6128805775494577	0.0011777561232708678
hmp_airskin_gtdb_source_abundance	drop_prob_lt_0.7_and_xny_lt_100	0,1,10,11,13,14,15,16,17,18,19,2,20,21,22,23,24,25,26,28,3,4,5,6,7,8,9	0.9069211054840959	0.9022788721514098	1168	175	78	0.03899779036261733	0.0	0	15	22.453368479959185	-0.7860293790622186	0.0	0.9794305345945751	0.0004936373208409726	0.8679233151214787	0.8482433900760593	23.239397859021405	0.978936897273734	0.03899779036261719	0.05403548207535047	-0.7860293790622208	0.0004936373208410672
hmp_airskin_gtdb_source_abundance	drop_prob_lt_0.7_and_xny_lt_200	0,1,10,11,13,14,15,16,17,18,19,2,20,21,22,23,24,25,26,28,3,4,5,6,7,8,9	0.9081928617272	0.906090373280943	1153	146	93	0.04026954660572146	-0.020875420875420825	4	13	22.174944367282073	-1.0644534917393307	0.0	0.9794151687841128	0.0004782715103788907	0.8679233151214787	0.8482433900760593	23.239397859021405	0.978936897273734	0.04026954660572135	0.057846983204883684	-1.0644534917393322	0.00047827151037882487
hmp_airskin_gtdb_source_abundance	drop_prob_lt_0.7_and_xny_lt_25	0,1,10,11,13,14,15,16,17,18,19,2,20,21,22,23,24,25,26,28,3,4,5,6,7,8,9	0.902402424192884	0.8966309341500766	1171	195	75	0.03447910907140533	0.0	0	12	23.21469036732945	-0.02470749169195059	0.0	0.9788932447873109	-4.365248642307157e-05	0.8679233151214787	0.8482433900760593	23.239397859021405	0.978936897273734	0.03447910907140528	0.04838754407401724	-0.024707491691955852	-4.365248642312913e-05
hmp_airskin_gtdb_source_abundance	drop_prob_lt_0.7_and_xny_lt_50	0,1,10,11,13,14,15,16,17,18,19,2,20,21,22,23,24,25,26,28,3,4,5,6,7,8,9	0.9041385773717834	0.8986953184957791	1171	189	75	0.03621526225030478	0.0	0	14	23.032735989552922	-0.20666186946848236	0.0	0.9790502726934828	0.00011337541974898036	0.8679233151214787	0.8482433900760593	23.239397859021405	0.978936897273734	0.03621526225030469	0.050451928419719794	-0.20666186946848342	0.00011337541974876242
hmp_airskin_gtdb_source_abundance	drop_prob_lt_0.7_and_xny_lt_500	0,1,10,11,13,14,15,16,17,18,19,2,20,21,22,23,24,25,26,28,3,4,5,6,7,8,9	0.9043432760362867	0.8996569468267582	1049	37	197	0.036419960914808015	-0.07712215320910976	11	13	18.607177731151697	-4.6322201278697115	1.2884474120169287	0.9822161522385912	0.0032792549648571643	0.8679233151214787	0.8482433900760593	23.239397859021405	0.978936897273734	0.036419960914808036	0.05141355675069892	-4.632220127869708	0.003279254964857148
hmp_airskin_gtdb_source_abundance	drop_prob_lt_0.7_and_zipaf_lt_0.1	0,1,10,11,13,14,15,16,17,18,19,2,20,21,22,23,24,25,26,28,3,4,5,6,7,8,9	0.8691407463003803	0.85039941902687	1171	337	75	0.0012174311789017055	0.0	0	6	22.859022358953926	-0.3803755000674773	0.0	0.9792459624941213	0.000309065220387399	0.8679233151214787	0.8482433900760593	23.239397859021405	0.978936897273734	0.0012174311789016068	0.0021560289508106845	-0.3803755000674798	0.00030906522038731676
hmp_airskin_gtdb_source_abundance	drop_prob_lt_0.7_and_zipaf_lt_0.2	0,1,10,11,13,14,15,16,17,18,19,2,20,21,22,23,24,25,26,28,3,4,5,6,7,8,9	0.8748077865441926	0.8581898131183584	1171	312	75	0.006884471422713933	0.0	0	12	22.299257935714873	-0.9401399233065345	0.0	0.9793744991025801	0.00043760182884617835	0.8679233151214787	0.8482433900760593	23.239397859021405	0.978936897273734	0.006884471422713867	0.00994642304229909	-0.940139923306532	0.00043760182884611254
hmp_airskin_gtdb_source_abundance	drop_prob_lt_0.7_and_zipaf_lt_0.3	0,1,10,11,13,14,15,16,17,18,19,2,20,21,22,23,24,25,26,28,3,4,5,6,7,8,9	0.8751113836295836	0.8594554819720382	1168	304	78	0.0071880685081049675	-0.03287908284663654	1	12	21.97728082526476	-1.2621170337566463	0.24371441375267722	0.9794615688444532	0.0005246715707193742	0.8679233151214787	0.8482433900760593	23.239397859021405	0.978936897273734	0.007188068508104939	0.011212091895978937	-1.2621170337566454	0.0005246715707192262
hmp_airskin_gtdb_source_abundance	drop_prob_lt_0.7_and_zipaf_lt_0.4	0,1,10,11,13,14,15,16,17,18,19,2,20,21,22,23,24,25,26,28,3,4,5,6,7,8,9	0.873593931010642	0.8564026646928202	1157	299	89	0.0056706158891635435	-0.03287908284663654	5	10	21.712109829664946	-1.5272880293564555	2.0758209135664387	0.9796261949624442	0.0006892976887100707	0.8679233151214787	0.8482433900760593	23.239397859021405	0.978936897273734	0.0056706158891632885	0.008159274616760914	-1.527288029356459	0.0006892976887101776
hmp_airskin_gtdb_source_abundance	drop_prob_lt_0.95_and_breadth_lt_0.05	0,1,10,11,13,14,15,16,17,18,19,2,20,21,22,23,24,25,26,28,3,4,5,6,7,8,9	0.9090123663880633	0.9054106656286494	1163	160	83	0.04108905126658472	-0.0019230769230769162	2	14	22.12283989613538	-1.1165579628860256	0.028078614650652867	0.9795990517823095	0.0006621545085754258	0.8679233151214787	0.8482433900760593	23.239397859021405	0.978936897273734	0.041089051266584575	0.05716727555259005	-1.1165579628860272	0.0006621545085755409
hmp_airskin_gtdb_source_abundance	drop_prob_lt_0.95_and_breadth_lt_0.1	0,1,10,11,13,14,15,16,17,18,19,2,20,21,22,23,24,25,26,28,3,4,5,6,7,8,9	0.9123591806217538	0.9098164405426975	1140	120	106	0.0444358655002752	-0.020875420875420825	4	15	20.764458861371534	-2.4749389976498724	0.11705400251215181	0.9808345304576359	0.0018976331839020597	0.8679233151214787	0.8482433900760593	23.239397859021405	0.978936897273734	0.04443586550027512	0.06157305046663819	-2.474938997649872	0.0018976331839019034
hmp_airskin_gtdb_source_abundance	drop_prob_lt_0.95_and_breadth_lt_0.2	0,1,10,11,13,14,15,16,17,18,19,2,20,21,22,23,24,25,26,28,3,4,5,6,7,8,9	0.9048538560269447	0.8980121002592912	1039	29	207	0.03693054090546595	-0.1842397336293008	9	14	18.637415506996394	-4.601982352025008	1.2199490204635346	0.9817569072902365	0.002820010016502487	0.8679233151214787	0.8482433900760593	23.239397859021405	0.978936897273734	0.03693054090546599	0.04976871018323192	-4.601982352025011	0.00282001001650245
hmp_airskin_gtdb_source_abundance	drop_prob_lt_0.95_and_breadth_lt_0.3	0,1,10,11,13,14,15,16,17,18,19,2,20,21,22,23,24,25,26,28,3,4,5,6,7,8,9	0.84391033090292	0.8351749539594843	907	19	339	-0.024012984218558703	-0.31985294117647056	16	10	18.95888200119413	-4.2805158578272735	2.8891961182047687	0.9831959628190723	0.004259065545338318	0.8679233151214787	0.8482433900760593	23.239397859021405	0.978936897273734	-0.024012984218558686	-0.013068436116575044	-4.280515857827275	0.004259065545338281
hmp_airskin_gtdb_source_abundance	drop_prob_lt_0.95_and_realaf_lt_0.05	0,1,10,11,13,14,15,16,17,18,19,2,20,21,22,23,24,25,26,28,3,4,5,6,7,8,9	0.9032156146046145	0.8974260468689973	1168	189	78	0.035292299483135885	-0.013607594936708933	1	14	23.02914506893206	-0.21025279008933903	0.0	0.9790493118345681	0.00011241456083425864	0.8679233151214787	0.8482433900760593	23.239397859021405	0.978936897273734	0.035292299483135836	0.049182656792937984	-0.2102527900893456	0.0001124145608341065
hmp_airskin_gtdb_source_abundance	drop_prob_lt_0.95_and_realaf_lt_0.1	0,1,10,11,13,14,15,16,17,18,19,2,20,21,22,23,24,25,26,28,3,4,5,6,7,8,9	0.902982735193058	0.8975950349107836	1157	175	89	0.035059420071579576	-0.027564102564102577	2	15	22.42914510798733	-0.8102527510340686	0.005317442161993924	0.9794278619917707	0.0004909647180365449	0.8679233151214787	0.8482433900760593	23.239397859021405	0.978936897273734	0.03505942007157936	0.04935164483472432	-0.8102527510340742	0.0004909647180366683
hmp_airskin_gtdb_source_abundance	drop_prob_lt_0.95_and_realaf_lt_0.2	0,1,10,11,13,14,15,16,17,18,19,2,20,21,22,23,24,25,26,28,3,4,5,6,7,8,9	0.8978479683335401	0.89402390438247	1122	142	124	0.02992465321206136	-0.07568493150684918	7	12	22.088408763214208	-1.150989095807194	0.005317442161993924	0.9793989747587281	0.0004620774849939843	0.8679233151214787	0.8482433900760593	23.239397859021405	0.978936897273734	0.02992465321206139	0.045780514306410725	-1.1509890958071978	0.0004620774849940501
hmp_airskin_gtdb_source_abundance	drop_prob_lt_0.95_and_realaf_lt_0.3	0,1,10,11,13,14,15,16,17,18,19,2,20,21,22,23,24,25,26,28,3,4,5,6,7,8,9	0.8927997784155999	0.8868321413546488	1054	77	192	0.024876463294121125	-0.22197558268590456	7	15	20.234344547403662	-3.005053311617745	0.10184628652067573	0.9802684013602799	0.0013315040865461137	0.8679233151214787	0.8482433900760593	23.239397859021405	0.978936897273734	0.024876463294121187	0.03858875127858952	-3.0050533116177434	0.0013315040865459205
hmp_airskin_gtdb_source_abundance	drop_prob_lt_0.95_and_xny_lt_100	0,1,10,11,13,14,15,16,17,18,19,2,20,21,22,23,24,25,26,28,3,4,5,6,7,8,9	0.902982735193058	0.8975950349107836	1157	175	89	0.035059420071579576	-0.027564102564102577	2	15	22.42914510798733	-0.8102527510340686	0.005317442161993924	0.9794278619917707	0.0004909647180365449	0.8679233151214787	0.8482433900760593	23.239397859021405	0.978936897273734	0.03505942007157936	0.04935164483472432	-0.8102527510340742	0.0004909647180366683
hmp_airskin_gtdb_source_abundance	drop_prob_lt_0.95_and_xny_lt_200	0,1,10,11,13,14,15,16,17,18,19,2,20,21,22,23,24,25,26,28,3,4,5,6,7,8,9	0.8978479683335401	0.89402390438247	1122	142	124	0.02992465321206136	-0.07568493150684918	7	12	22.088408763214208	-1.150989095807194	0.005317442161993924	0.9793989747587281	0.0004620774849939843	0.8679233151214787	0.8482433900760593	23.239397859021405	0.978936897273734	0.02992465321206139	0.045780514306410725	-1.1509890958071978	0.0004620774849940501
hmp_airskin_gtdb_source_abundance	drop_prob_lt_0.95_and_xny_lt_25	0,1,10,11,13,14,15,16,17,18,19,2,20,21,22,23,24,25,26,28,3,4,5,6,7,8,9	0.902402424192884	0.8966309341500766	1171	195	75	0.03447910907140533	0.0	0	12	23.21469036732945	-0.02470749169195059	0.0	0.9788932447873109	-4.365248642307157e-05	0.8679233151214787	0.8482433900760593	23.239397859021405	0.978936897273734	0.03447910907140528	0.04838754407401724	-0.024707491691955852	-4.365248642312913e-05
hmp_airskin_gtdb_source_abundance	drop_prob_lt_0.95_and_xny_lt_50	0,1,10,11,13,14,15,16,17,18,19,2,20,21,22,23,24,25,26,28,3,4,5,6,7,8,9	0.9032156146046145	0.8974260468689973	1168	189	78	0.035292299483135885	-0.013607594936708933	1	14	23.02914506893206	-0.21025279008933903	0.0	0.9790493118345681	0.00011241456083425864	0.8679233151214787	0.8482433900760593	23.239397859021405	0.978936897273734	0.035292299483135836	0.049182656792937984	-0.2102527900893456	0.0001124145608341065
hmp_airskin_gtdb_source_abundance	drop_prob_lt_0.95_and_xny_lt_500	0,1,10,11,13,14,15,16,17,18,19,2,20,21,22,23,24,25,26,28,3,4,5,6,7,8,9	0.8475171045218063	0.8312528895053167	899	18	347	-0.02040621059967222	-0.32850877192982464	15	11	18.160784944055372	-5.0786129149660315	2.0071335187363886	0.9824288901126553	0.003491992838921473	0.8679233151214787	0.8482433900760593	23.239397859021405	0.978936897273734	-0.020406210599672403	-0.016990500570742584	-5.078612914966033	0.0034919928389213206
hmp_airskin_gtdb_source_abundance	drop_prob_lt_0.95_and_zipaf_lt_0.1	0,1,10,11,13,14,15,16,17,18,19,2,20,21,22,23,24,25,26,28,3,4,5,6,7,8,9	0.8691407463003803	0.85039941902687	1171	337	75	0.0012174311789017055	0.0	0	6	22.859022358953926	-0.3803755000674773	0.0	0.9792459624941213	0.000309065220387399	0.8679233151214787	0.8482433900760593	23.239397859021405	0.978936897273734	0.0012174311789016068	0.0021560289508106845	-0.3803755000674798	0.00030906522038731676
hmp_airskin_gtdb_source_abundance	drop_prob_lt_0.95_and_zipaf_lt_0.2	0,1,10,11,13,14,15,16,17,18,19,2,20,21,22,23,24,25,26,28,3,4,5,6,7,8,9	0.8748077865441926	0.8581898131183584	1171	312	75	0.006884471422713933	0.0	0	12	22.299257935714873	-0.9401399233065345	0.0	0.9793744991025801	0.00043760182884617835	0.8679233151214787	0.8482433900760593	23.239397859021405	0.978936897273734	0.006884471422713867	0.00994642304229909	-0.940139923306532	0.00043760182884611254
hmp_airskin_gtdb_source_abundance	drop_prob_lt_0.95_and_zipaf_lt_0.3	0,1,10,11,13,14,15,16,17,18,19,2,20,21,22,23,24,25,26,28,3,4,5,6,7,8,9	0.874726338012871	0.8593519882179675	1167	303	79	0.006803022891392476	-0.03287908284663654	2	12	21.692023360535316	-1.547374498486089	0.24371441375267722	0.9804703588022619	0.0015334615285279615	0.8679233151214787	0.8482433900760593	23.239397859021405	0.978936897273734	0.006803022891392341	0.011108598141908232	-1.5473744984860893	0.0015334615285278463
hmp_airskin_gtdb_source_abundance	drop_prob_lt_0.95_and_zipaf_lt_0.4	0,1,10,11,13,14,15,16,17,18,19,2,20,21,22,23,24,25,26,28,3,4,5,6,7,8,9	0.8713805819784007	0.8541743970315399	1151	298	95	0.0034572668569223313	-0.03287908284663654	8	9	21.74888492407372	-1.49051293494768	7.923184623632338	0.9786789501835129	-0.0002579470902210026	0.8679233151214787	0.8482433900760593	23.239397859021405	0.978936897273734	0.0034572668569220477	0.0059310069554805445	-1.4905129349476844	-0.00025794709022108897
hmp_airskin_gtdb_source_abundance	drop_prob_lt_0.9_and_breadth_lt_0.05	0,1,10,11,13,14,15,16,17,18,19,2,20,21,22,23,24,25,26,28,3,4,5,6,7,8,9	0.9093772104440561	0.9058365758754865	1164	160	82	0.041453895322577546	-0.0019230769230769162	2	14	22.122601099294407	-1.116796759726999	0.028078614650652867	0.9795990699210182	0.0006621726472841296	0.8679233151214787	0.8482433900760593	23.239397859021405	0.978936897273734	0.04145389532257737	0.05759318579942718	-1.1167967597269985	0.0006621726472841871
hmp_airskin_gtdb_source_abundance	drop_prob_lt_0.9_and_breadth_lt_0.1	0,1,10,11,13,14,15,16,17,18,19,2,20,21,22,23,24,25,26,28,3,4,5,6,7,8,9	0.9148477624687373	0.9128531635495424	1147	120	99	0.04692444734725873	-0.020875420875420825	3	15	20.767724050044777	-2.4716738089766297	0.11705400251215181	0.980835004979452	0.0018981077057179704	0.8679233151214787	0.8482433900760593	23.239397859021405	0.978936897273734	0.046924447347258647	0.06460977347348307	-2.471673808976629	0.0018981077057179663
hmp_airskin_gtdb_source_abundance	drop_prob_lt_0.9_and_breadth_lt_0.2	0,1,10,11,13,14,15,16,17,18,19,2,20,21,22,23,24,25,26,28,3,4,5,6,7,8,9	0.9118505233676882	0.9062098501070663	1058	31	188	0.04392720824620938	-0.13689839572192508	8	15	18.672946065191155	-4.5664517938302485	1.2199490204635346	0.9817596961096902	0.0028227988359562023	0.8679233151214787	0.8482433900760593	23.239397859021405	0.978936897273734	0.04392720824620955	0.05796646003100703	-4.56645179383025	0.002822798835956153
hmp_airskin_gtdb_source_abundance	drop_prob_lt_0.9_and_breadth_lt_0.3	0,1,10,11,13,14,15,16,17,18,19,2,20,21,22,23,24,25,26,28,3,4,5,6,7,8,9	0.8607899840685391	0.854824165915239	948	24	298	-0.007133331052939612	-0.23529411764705876	15	11	19.0904832797402	-4.148914579281201	2.6217434720136943	0.983172139430569	0.004235242156835199	0.8679233151214787	0.8482433900760593	23.239397859021405	0.978936897273734	-0.007133331052939562	0.006580775839179709	-4.148914579281204	0.004235242156835017
hmp_airskin_gtdb_source_abundance	drop_prob_lt_0.9_and_realaf_lt_0.05	0,1,10,11,13,14,15,16,17,18,19,2,20,21,22,23,24,25,26,28,3,4,5,6,7,8,9	0.9032156146046145	0.8974260468689973	1168	189	78	0.035292299483135885	-0.013607594936708933	1	14	23.02914506893206	-0.21025279008933903	0.0	0.9790493118345681	0.00011241456083425864	0.8679233151214787	0.8482433900760593	23.239397859021405	0.978936897273734	0.035292299483135836	0.049182656792937984	-0.2102527900893456	0.0001124145608341065
hmp_airskin_gtdb_source_abundance	drop_prob_lt_0.9_and_realaf_lt_0.1	0,1,10,11,13,14,15,16,17,18,19,2,20,21,22,23,24,25,26,28,3,4,5,6,7,8,9	0.9049599819350052	0.8997289972899729	1162	175	84	0.0370366668135266	-0.027564102564102577	1	15	22.429360668956793	-0.810037190064612	0.0	0.9794280828346899	0.0004911855609558218	0.8679233151214787	0.8482433900760593	23.239397859021405	0.978936897273734	0.037036666813526464	0.0514856072139136	-0.8100371900646124	0.0004911855609558424
hmp_airskin_gtdb_source_abundance	drop_prob_lt_0.9_and_realaf_lt_0.2	0,1,10,11,13,14,15,16,17,18,19,2,20,21,22,23,24,25,26,28,3,4,5,6,7,8,9	0.9030251228134598	0.9002375296912114	1137	143	109	0.03510180769198131	-0.05035294117647049	5	13	22.104915698667664	-1.1344821603537407	0.0	0.9794034682636942	0.0004665709899601894	0.8679233151214787	0.8482433900760593	23.239397859021405	0.978936897273734	0.035101807691981124	0.05199413961515209	-1.1344821603537412	0.0004665709899601689
hmp_airskin_gtdb_source_abundance	drop_prob_lt_0.9_and_realaf_lt_0.3	0,1,10,11,13,14,15,16,17,18,19,2,20,21,22,23,24,25,26,28,3,4,5,6,7,8,9	0.9047330102899659	0.9005799502899751	1087	81	159	0.036809695168487144	-0.16163222045574988	7	14	20.316599637496804	-2.9227982215245984	0.0	0.9802711105999312	0.0013342133261973117	0.8679233151214787	0.8482433900760593	23.239397859021405	0.978936897273734	0.0368096951684872	0.05233656021391575	-2.9227982215246016	0.001334213326197209
hmp_airskin_gtdb_source_abundance	drop_prob_lt_0.9_and_xny_lt_100	0,1,10,11,13,14,15,16,17,18,19,2,20,21,22,23,24,25,26,28,3,4,5,6,7,8,9	0.9049599819350052	0.8997289972899729	1162	175	84	0.0370366668135266	-0.027564102564102577	1	15	22.429360668956793	-0.810037190064612	0.0	0.9794280828346899	0.0004911855609558218	0.8679233151214787	0.8482433900760593	23.239397859021405	0.978936897273734	0.037036666813526464	0.0514856072139136	-0.8100371900646124	0.0004911855609558424
hmp_airskin_gtdb_source_abundance	drop_prob_lt_0.9_and_xny_lt_200	0,1,10,11,13,14,15,16,17,18,19,2,20,21,22,23,24,25,26,28,3,4,5,6,7,8,9	0.9030251228134598	0.9002375296912114	1137	143	109	0.03510180769198131	-0.05035294117647049	5	13	22.104915698667664	-1.1344821603537407	0.0	0.9794034682636942	0.0004665709899601894	0.8679233151214787	0.8482433900760593	23.239397859021405	0.978936897273734	0.035101807691981124	0.05199413961515209	-1.1344821603537412	0.0004665709899601689
hmp_airskin_gtdb_source_abundance	drop_prob_lt_0.9_and_xny_lt_25	0,1,10,11,13,14,15,16,17,18,19,2,20,21,22,23,24,25,26,28,3,4,5,6,7,8,9	0.902402424192884	0.8966309341500766	1171	195	75	0.03447910907140533	0.0	0	12	23.21469036732945	-0.02470749169195059	0.0	0.9788932447873109	-4.365248642307157e-05	0.8679233151214787	0.8482433900760593	23.239397859021405	0.978936897273734	0.03447910907140528	0.04838754407401724	-0.024707491691955852	-4.365248642312913e-05
hmp_airskin_gtdb_source_abundance	drop_prob_lt_0.9_and_xny_lt_50	0,1,10,11,13,14,15,16,17,18,19,2,20,21,22,23,24,25,26,28,3,4,5,6,7,8,9	0.9032156146046145	0.8974260468689973	1168	189	78	0.035292299483135885	-0.013607594936708933	1	14	23.02914506893206	-0.21025279008933903	0.0	0.9790493118345681	0.00011241456083425864	0.8679233151214787	0.8482433900760593	23.239397859021405	0.978936897273734	0.035292299483135836	0.049182656792937984	-0.2102527900893456	0.0001124145608341065
hmp_airskin_gtdb_source_abundance	drop_prob_lt_0.9_and_xny_lt_500	0,1,10,11,13,14,15,16,17,18,19,2,20,21,22,23,24,25,26,28,3,4,5,6,7,8,9	0.8701530407532682	0.8597041685342895	959	26	287	0.002229725631789437	-0.20625000000000004	15	11	18.33790207706232	-4.901495781959086	1.7386081035375476	0.9824044171115643	0.0034675198378304175	0.8679233151214787	0.8482433900760593	23.239397859021405	0.978936897273734	0.00222972563178947	0.011460778458230236	-4.901495781959085	0.003467519837830335
hmp_airskin_gtdb_source_abundance	drop_prob_lt_0.9_and_zipaf_lt_0.1	0,1,10,11,13,14,15,16,17,18,19,2,20,21,22,23,24,25,26,28,3,4,5,6,7,8,9	0.8691407463003803	0.85039941902687	1171	337	75	0.0012174311789017055	0.0	0	6	22.859022358953926	-0.3803755000674773	0.0	0.9792459624941213	0.000309065220387399	0.8679233151214787	0.8482433900760593	23.239397859021405	0.978936897273734	0.0012174311789016068	0.0021560289508106845	-0.3803755000674798	0.00030906522038731676
hmp_airskin_gtdb_source_abundance	drop_prob_lt_0.9_and_zipaf_lt_0.2	0,1,10,11,13,14,15,16,17,18,19,2,20,21,22,23,24,25,26,28,3,4,5,6,7,8,9	0.8748077865441926	0.8581898131183584	1171	312	75	0.006884471422713933	0.0	0	12	22.299257935714873	-0.9401399233065345	0.0	0.9793744991025801	0.00043760182884617835	0.8679233151214787	0.8482433900760593	23.239397859021405	0.978936897273734	0.006884471422713867	0.00994642304229909	-0.940139923306532	0.00043760182884611254
hmp_airskin_gtdb_source_abundance	drop_prob_lt_0.9_and_zipaf_lt_0.3	0,1,10,11,13,14,15,16,17,18,19,2,20,21,22,23,24,25,26,28,3,4,5,6,7,8,9	0.874726338012871	0.8593519882179675	1167	303	79	0.006803022891392476	-0.03287908284663654	2	12	21.692023360535316	-1.547374498486089	0.24371441375267722	0.9804703588022619	0.0015334615285279615	0.8679233151214787	0.8482433900760593	23.239397859021405	0.978936897273734	0.006803022891392341	0.011108598141908232	-1.5473744984860893	0.0015334615285278463
hmp_airskin_gtdb_source_abundance	drop_prob_lt_0.9_and_zipaf_lt_0.4	0,1,10,11,13,14,15,16,17,18,19,2,20,21,22,23,24,25,26,28,3,4,5,6,7,8,9	0.8713805819784007	0.8541743970315399	1151	298	95	0.0034572668569223313	-0.03287908284663654	8	9	21.74888492407372	-1.49051293494768	7.923184623632338	0.9786789501835129	-0.0002579470902210026	0.8679233151214787	0.8482433900760593	23.239397859021405	0.978936897273734	0.0034572668569220477	0.0059310069554805445	-1.4905129349476844	-0.00025794709022108897
hmp_airskin_gtdb_source_abundance	drop_xny_lt_100_and_breadth_lt_0.05	0,1,10,11,13,14,15,16,17,18,19,2,20,21,22,23,24,25,26,28,3,4,5,6,7,8,9	0.9056521828212751	0.9005802707930367	1164	175	82	0.03772886769979648	-0.013607594936708933	2	14	22.450353442080523	-0.789044416940883	0.003626532575747632	0.9794297462113026	0.0004928489375687186	0.8679233151214787	0.8482433900760593	23.239397859021405	0.978936897273734	0.03772886769979644	0.052336880716977396	-0.7890444169408823	0.000492848937568624
hmp_airskin_gtdb_source_abundance	drop_xny_lt_100_and_breadth_lt_0.1	0,1,10,11,13,14,15,16,17,18,19,2,20,21,22,23,24,25,26,28,3,4,5,6,7,8,9	0.9025086856794879	0.8967391304347827	1155	175	91	0.03458537055800946	-0.027564102564102577	3	14	22.428671172481902	-0.8107266865395012	0.005317442161993924	0.9794274559823825	0.0004905587086483118	0.8679233151214787	0.8482433900760593	23.239397859021405	0.978936897273734	0.034585370558009254	0.048495740358723394	-0.8107266865395033	0.0004905587086484475
hmp_airskin_gtdb_source_abundance	drop_xny_lt_100_and_breadth_lt_0.2	0,1,10,11,13,14,15,16,17,18,19,2,20,21,22,23,24,25,26,28,3,4,5,6,7,8,9	0.9025086856794879	0.8967391304347827	1155	175	91	0.03458537055800946	-0.027564102564102577	3	14	22.428671172481902	-0.8107266865395012	0.005317442161993924	0.9794274559823825	0.0004905587086483118	0.8679233151214787	0.8482433900760593	23.239397859021405	0.978936897273734	0.034585370558009254	0.048495740358723394	-0.8107266865395033	0.0004905587086484475
hmp_airskin_gtdb_source_abundance	drop_xny_lt_100_and_breadth_lt_0.3	0,1,10,11,13,14,15,16,17,18,19,2,20,21,22,23,24,25,26,28,3,4,5,6,7,8,9	0.9025086856794879	0.8967391304347827	1155	175	91	0.03458537055800946	-0.027564102564102577	3	14	22.428671172481902	-0.8107266865395012	0.005317442161993924	0.9794274559823825	0.0004905587086483118	0.8679233151214787	0.8482433900760593	23.239397859021405	0.978936897273734	0.034585370558009254	0.048495740358723394	-0.8107266865395033	0.0004905587086484475
hmp_airskin_gtdb_source_abundance	drop_xny_lt_200_and_breadth_lt_0.05	0,1,10,11,13,14,15,16,17,18,19,2,20,21,22,23,24,25,26,28,3,4,5,6,7,8,9	0.9084327410665378	0.9043545878693623	1163	163	83	0.04050942594505917	-0.009339774557165836	2	14	22.32179807183981	-0.9175997871815924	0.03255937584205526	0.9794176897007255	0.0004807924269914437	0.8679233151214787	0.8482433900760593	23.239397859021405	0.978936897273734	0.04050942594505913	0.05611119779330298	-0.9175997871815937	0.00048079242699150537
hmp_airskin_gtdb_source_abundance	drop_xny_lt_200_and_breadth_lt_0.1	0,1,10,11,13,14,15,16,17,18,19,2,20,21,22,23,24,25,26,28,3,4,5,6,7,8,9	0.9047860580855196	0.9016522423288749	1146	150	100	0.03686274296404093	-0.020875420875420825	4	14	22.19334226988073	-1.0460555891406762	0.005317442161993924	0.9794145891118513	0.00047769183811725076	0.8679233151214787	0.8482433900760593	23.239397859021405	0.978936897273734	0.03686274296404091	0.05340885225281555	-1.0460555891406749	0.0004776918381173001
hmp_airskin_gtdb_source_abundance	drop_xny_lt_200_and_breadth_lt_0.2	0,1,10,11,13,14,15,16,17,18,19,2,20,21,22,23,24,25,26,28,3,4,5,6,7,8,9	0.8968335152027576	0.8922585794094174	1118	142	128	0.028910200081278762	-0.07568493150684918	7	12	22.09067037269574	-1.148727486325659	0.04599058155360325	0.9793982378656231	0.00046134059188899195	0.8679233151214787	0.8482433900760593	23.239397859021405	0.978936897273734	0.02891020008127887	0.04401518933335813	-1.1487274863256651	0.00046134059188907006
hmp_airskin_gtdb_source_abundance	drop_xny_lt_200_and_breadth_lt_0.3	0,1,10,11,13,14,15,16,17,18,19,2,20,21,22,23,24,25,26,28,3,4,5,6,7,8,9	0.8968335152027576	0.8922585794094174	1118	142	128	0.028910200081278762	-0.07568493150684918	7	12	22.09067037269574	-1.148727486325659	0.04599058155360325	0.9793982378656231	0.00046134059188899195	0.8679233151214787	0.8482433900760593	23.239397859021405	0.978936897273734	0.02891020008127887	0.04401518933335813	-1.1487274863256651	0.00046134059188907006
hmp_airskin_gtdb_source_abundance	drop_xny_lt_25_and_breadth_lt_0.05	0,1,10,11,13,14,15,16,17,18,19,2,20,21,22,23,24,25,26,28,3,4,5,6,7,8,9	0.902402424192884	0.8966309341500766	1171	195	75	0.03447910907140533	0.0	0	12	23.21469036732945	-0.02470749169195059	0.0	0.9788932447873109	-4.365248642307157e-05	0.8679233151214787	0.8482433900760593	23.239397859021405	0.978936897273734	0.03447910907140528	0.04838754407401724	-0.024707491691955852	-4.365248642312913e-05
hmp_airskin_gtdb_source_abundance	drop_xny_lt_25_and_breadth_lt_0.1	0,1,10,11,13,14,15,16,17,18,19,2,20,21,22,23,24,25,26,28,3,4,5,6,7,8,9	0.902402424192884	0.8966309341500766	1171	195	75	0.03447910907140533	0.0	0	12	23.21469036732945	-0.02470749169195059	0.0	0.9788932447873109	-4.365248642307157e-05	0.8679233151214787	0.8482433900760593	23.239397859021405	0.978936897273734	0.03447910907140528	0.04838754407401724	-0.024707491691955852	-4.365248642312913e-05
hmp_airskin_gtdb_source_abundance	drop_xny_lt_25_and_breadth_lt_0.2	0,1,10,11,13,14,15,16,17,18,19,2,20,21,22,23,24,25,26,28,3,4,5,6,7,8,9	0.902402424192884	0.8966309341500766	1171	195	75	0.03447910907140533	0.0	0	12	23.21469036732945	-0.02470749169195059	0.0	0.9788932447873109	-4.365248642307157e-05	0.8679233151214787	0.8482433900760593	23.239397859021405	0.978936897273734	0.03447910907140528	0.04838754407401724	-0.024707491691955852	-4.365248642312913e-05
hmp_airskin_gtdb_source_abundance	drop_xny_lt_25_and_breadth_lt_0.3	0,1,10,11,13,14,15,16,17,18,19,2,20,21,22,23,24,25,26,28,3,4,5,6,7,8,9	0.902402424192884	0.8966309341500766	1171	195	75	0.03447910907140533	0.0	0	12	23.21469036732945	-0.02470749169195059	0.0	0.9788932447873109	-4.365248642307157e-05	0.8679233151214787	0.8482433900760593	23.239397859021405	0.978936897273734	0.03447910907140528	0.04838754407401724	-0.024707491691955852	-4.365248642312913e-05
hmp_airskin_gtdb_source_abundance	drop_xny_lt_500_and_breadth_lt_0.05	0,1,10,11,13,14,15,16,17,18,19,2,20,21,22,23,24,25,26,28,3,4,5,6,7,8,9	0.908713810751817	0.9049844236760125	1162	160	84	0.040790495630338444	-0.009339774557165836	2	14	22.123005850253577	-1.1163920087678254	0.03255937584205526	0.9795990375292474	0.0006621402555131891	0.8679233151214787	0.8482433900760593	23.239397859021405	0.978936897273734	0.04079049563033832	0.056741033599953195	-1.1163920087678285	0.000662140255513366
hmp_airskin_gtdb_source_abundance	drop_xny_lt_500_and_breadth_lt_0.1	0,1,10,11,13,14,15,16,17,18,19,2,20,21,22,23,24,25,26,28,3,4,5,6,7,8,9	0.9118708381827197	0.9089456869009584	1138	120	108	0.04394752306124107	-0.020875420875420825	4	15	20.764168736994296	-2.475229122027108	0.11705400251215181	0.9808341688433423	0.001897271569608242	0.8679233151214787	0.8482433900760593	23.239397859021405	0.978936897273734	0.043947523061241056	0.06070229682489914	-2.475229122027109	0.0018972715696082831
hmp_airskin_gtdb_source_abundance	drop_xny_lt_500_and_breadth_lt_0.2	0,1,10,11,13,14,15,16,17,18,19,2,20,21,22,23,24,25,26,28,3,4,5,6,7,8,9	0.9062865451202801	0.9004739336492892	1045	30	201	0.03836322999880131	-0.16013071895424835	7	16	18.684239586825555	-4.555158272195847	0.5961215635559611	0.9815756785520142	0.0026387812782803304	0.8679233151214787	0.8482433900760593	23.239397859021405	0.978936897273734	0.038363229998801374	0.05223054357322987	-4.55515827219585	0.002638781278280211
hmp_airskin_gtdb_source_abundance	drop_xny_lt_500_and_breadth_lt_0.3	0,1,10,11,13,14,15,16,17,18,19,2,20,21,22,23,24,25,26,28,3,4,5,6,7,8,9	0.8605641253856129	0.8502722323049002	937	21	309	-0.007359189735865645	-0.32850877192982464	13	12	18.16257033617915	-5.0768275228422555	1.8581992878228277	0.9824223076868832	0.0034854104131491915	0.8679233151214787	0.8482433900760593	23.239397859021405	0.978936897273734	-0.007359189735865801	0.0020288422288409214	-5.076827522842255	0.0034854104131492036
hmp_airskin_gtdb_source_abundance	drop_xny_lt_50_and_breadth_lt_0.05	0,1,10,11,13,14,15,16,17,18,19,2,20,21,22,23,24,25,26,28,3,4,5,6,7,8,9	0.9029214174448098	0.8970023059185241	1167	189	79	0.034998102323331164	-0.013607594936708933	2	13	23.02931094070157	-0.21008691831982826	0.003626532575747632	0.9790492975282216	0.00011240025448771501	0.8679233151214787	0.8482433900760593	23.239397859021405	0.978936897273734	0.034998102323331115	0.048758915842464834	-0.21008691831983484	0.00011240025448755464
hmp_airskin_gtdb_source_abundance	drop_xny_lt_50_and_breadth_lt_0.1	0,1,10,11,13,14,15,16,17,18,19,2,20,21,22,23,24,25,26,28,3,4,5,6,7,8,9	0.9029214174448098	0.8970023059185241	1167	189	79	0.034998102323331164	-0.013607594936708933	2	13	23.02931094070157	-0.21008691831982826	0.003626532575747632	0.9790492975282216	0.00011240025448771501	0.8679233151214787	0.8482433900760593	23.239397859021405	0.978936897273734	0.034998102323331115	0.048758915842464834	-0.21008691831983484	0.00011240025448755464
hmp_airskin_gtdb_source_abundance	drop_xny_lt_50_and_breadth_lt_0.2	0,1,10,11,13,14,15,16,17,18,19,2,20,21,22,23,24,25,26,28,3,4,5,6,7,8,9	0.9029214174448098	0.8970023059185241	1167	189	79	0.034998102323331164	-0.013607594936708933	2	13	23.02931094070157	-0.21008691831982826	0.003626532575747632	0.9790492975282216	0.00011240025448771501	0.8679233151214787	0.8482433900760593	23.239397859021405	0.978936897273734	0.034998102323331115	0.048758915842464834	-0.21008691831983484	0.00011240025448755464
hmp_airskin_gtdb_source_abundance	drop_xny_lt_50_and_breadth_lt_0.3	0,1,10,11,13,14,15,16,17,18,19,2,20,21,22,23,24,25,26,28,3,4,5,6,7,8,9	0.9029214174448098	0.8970023059185241	1167	189	79	0.034998102323331164	-0.013607594936708933	2	13	23.02931094070157	-0.21008691831982826	0.003626532575747632	0.9790492975282216	0.00011240025448771501	0.8679233151214787	0.8482433900760593	23.239397859021405	0.978936897273734	0.034998102323331115	0.048758915842464834	-0.21008691831983484	0.00011240025448755464
hmp_airskin_gtdb_source_abundance	max_ani_ge_0.93	0,1,10,11,13,14,15,16,17,18,19,2,20,21,22,23,24,25,26,28,3,4,5,6,7,8,9	0.8747664102923245	0.8584005869405723	1170	310	76	0.006843095170845824	-0.016197783461210702	1	12	22.262667600781743	-0.9767302582396604	0.12002095273363977	0.9793765694722354	0.0004396721985015732	0.8679233151214787	0.8482433900760593	23.239397859021405	0.978936897273734	0.006843095170845803	0.010157196864512996	-0.9767302582396624	0.00043967219850138406
hmp_airskin_gtdb_source_abundance	max_ani_ge_0.94	0,1,10,11,13,14,15,16,17,18,19,2,20,21,22,23,24,25,26,28,3,4,5,6,7,8,9	0.8751113836295836	0.8594554819720382	1168	304	78	0.0071880685081049675	-0.03287908284663654	1	12	21.97728082526476	-1.2621170337566463	0.24371441375267722	0.9794615688444532	0.0005246715707193742	0.8679233151214787	0.8482433900760593	23.239397859021405	0.978936897273734	0.007188068508104939	0.011212091895978937	-1.2621170337566454	0.0005246715707192262
hmp_airskin_gtdb_source_abundance	max_ani_ge_0.95	0,1,10,11,13,14,15,16,17,18,19,2,20,21,22,23,24,25,26,28,3,4,5,6,7,8,9	0.8748157190556178	0.8591445427728612	1165	301	81	0.006892403934139393	-0.03287908284663654	3	13	21.423237484236896	-1.8161603747845063	0.2946894812136094	0.980706299157556	0.0017694018838220152	0.8679233151214787	0.8482433900760593	23.239397859021405	0.978936897273734	0.006892403934139146	0.010901152696801919	-1.8161603747845092	0.0017694018838220194
hmp_airskin_gtdb_source_abundance	max_ani_ge_0.96	0,1,10,11,13,14,15,16,17,18,19,2,20,21,22,23,24,25,26,28,3,4,5,6,7,8,9	0.8708502481147335	0.8537490720118782	1150	298	96	0.002926932993255132	-0.041883116883116966	8	9	21.74594280042523	-1.4934550585961714	7.923184623632338	0.9786785453264315	-0.000258351947302533	0.8679233151214787	0.8482433900760593	23.239397859021405	0.978936897273734	0.0029269329932548604	0.005505681935818907	-1.4934550585961759	-0.0002583519473025042
hmp_airskin_gtdb_source_abundance	max_ani_ge_0.97	0,1,10,11,13,14,15,16,17,18,19,2,20,21,22,23,24,25,26,28,3,4,5,6,7,8,9	0.8547017446921106	0.8398791540785498	1112	290	134	-0.013221570429367968	-0.08653846153846156	16	7	27.51925093206175	4.279853073040345	40.92523480872683	0.9480965346224641	-0.03084036265126983	0.8679233151214787	0.8482433900760593	23.239397859021405	0.978936897273734	-0.013221570429368112	-0.008364235997509462	4.279853073040346	-0.03084036265126988
hmp_airskin_gtdb_source_abundance	max_ani_ge_0.98	0,1,10,11,13,14,15,16,17,18,19,2,20,21,22,23,24,25,26,28,3,4,5,6,7,8,9	0.8343745958066549	0.8244803695150116	1071	281	175	-0.03354871931482378	-0.13545150501672232	24	2	37.97508558415637	14.735687725134962	80.55819318319065	0.904383834939948	-0.07455306233378584	0.8679233151214787	0.8482433900760593	23.239397859021405	0.978936897273734	-0.03354871931482384	-0.023763020561047732	14.735687725134962	-0.074553062333786
hmp_airskin_gtdb_source_abundance	max_ani_ge_0.99	0,1,10,11,13,14,15,16,17,18,19,2,20,21,22,23,24,25,26,28,3,4,5,6,7,8,9	0.8025248122373173	0.8	1014	275	232	-0.06539850288416123	-0.18881118881118886	26	1	67.43244883524447	44.19305097622306	141.4310189735034	0.7287621082817867	-0.25017478899194734	0.8679233151214787	0.8482433900760593	23.239397859021405	0.978936897273734	-0.06539850288416138	-0.04824339007605927	44.19305097622306	-0.25017478899194734
hmp_airskin_gtdb_source_abundance	max_breadth_ge_0.02	0,1,10,11,13,14,15,16,17,18,19,2,20,21,22,23,24,25,26,28,3,4,5,6,7,8,9	0.9048620952116835	0.8993855606758832	1171	187	75	0.036938780090205	0.0	0	14	22.717669670434788	-0.5217281885866185	0.0	0.9792696924250225	0.00033279515128846216	0.8679233151214787	0.8482433900760593	23.239397859021405	0.978936897273734	0.03693878009020479	0.051142170599823844	-0.5217281885866178	0.0003327951512884786
hmp_airskin_gtdb_source_abundance	max_breadth_ge_0.05	0,1,10,11,13,14,15,16,17,18,19,2,20,21,22,23,24,25,26,28,3,4,5,6,7,8,9	0.908713810751817	0.9049844236760125	1162	160	84	0.040790495630338444	-0.009339774557165836	2	14	22.123005850253577	-1.1163920087678254	0.03255937584205526	0.9795990375292474	0.0006621402555131891	0.8679233151214787	0.8482433900760593	23.239397859021405	0.978936897273734	0.04079049563033832	0.056741033599953195	-1.1163920087678285	0.000662140255513366
hmp_airskin_gtdb_source_abundance	max_breadth_ge_0.1	0,1,10,11,13,14,15,16,17,18,19,2,20,21,22,23,24,25,26,28,3,4,5,6,7,8,9	0.9118708381827197	0.9089456869009584	1138	120	108	0.04394752306124107	-0.020875420875420825	4	15	20.764168736994296	-2.475229122027108	0.11705400251215181	0.9808341688433423	0.001897271569608242	0.8679233151214787	0.8482433900760593	23.239397859021405	0.978936897273734	0.043947523061241056	0.06070229682489914	-2.475229122027109	0.0018972715696082831
hmp_airskin_gtdb_source_abundance	max_breadth_ge_0.2	0,1,10,11,13,14,15,16,17,18,19,2,20,21,22,23,24,25,26,28,3,4,5,6,7,8,9	0.9018327895968061	0.8946684005201561	1032	29	214	0.03390947447532742	-0.1842397336293008	9	14	18.64480059023971	-4.594597268781692	1.2199490204635346	0.9817559179685907	0.00281902069485691	0.8679233151214787	0.8482433900760593	23.239397859021405	0.978936897273734	0.03390947447532744	0.04642501044409675	-4.594597268781694	0.002819020694856733
hmp_airskin_gtdb_source_abundance	max_breadth_ge_0.3	0,1,10,11,13,14,15,16,17,18,19,2,20,21,22,23,24,25,26,28,3,4,5,6,7,8,9	0.8368237056235586	0.8276181649675627	893	19	353	-0.031099609497920167	-0.35357142857142854	16	10	18.960264225686128	-4.2791336333352765	2.8891961182047687	0.9831955387633141	0.004258641489580052	0.8679233151214787	0.8482433900760593	23.239397859021405	0.978936897273734	-0.031099609497920122	-0.020625225108496625	-4.279133633335277	0.004258641489580106
hmp_airskin_gtdb_source_abundance	max_breadth_ge_0.4	0,1,10,11,13,14,15,16,17,18,19,2,20,21,22,23,24,25,26,28,3,4,5,6,7,8,9	0.7801625024295665	0.7571569595261598	767	13	479	-0.08776081269191215	-0.40648148148148155	20	6	21.775478217137604	-1.4639196418838016	8.390177711013031	0.9782025317459804	-0.0007343655277536579	0.8679233151214787	0.8482433900760593	23.239397859021405	0.978936897273734	-0.08776081269191216	-0.09108643054989951	-1.4639196418838019	-0.0007343655277536332
hmp_airskin_gtdb_source_abundance	max_breadth_ge_0.5	0,1,10,11,13,14,15,16,17,18,19,2,20,21,22,23,24,25,26,28,3,4,5,6,7,8,9	0.7028019063233438	0.6609808102345416	620	10	626	-0.16512140879813464	-0.48122529644268763	24	3	27.44546259515464	4.206064736133238	26.18062375128943	0.9700478116618777	-0.008889085611856282	0.8679233151214787	0.8482433900760593	23.239397859021405	0.978936897273734	-0.16512140879813486	-0.18726257984151773	4.206064736133236	-0.008889085611856307
hmp_airskin_gtdb_source_abundance	max_depth_cv_le_10	0,1,10,11,13,14,15,16,17,18,19,2,20,21,22,23,24,25,26,28,3,4,5,6,7,8,9	0.784318678313513	0.7830832196452933	861	92	385	-0.0836046368079658	-0.36257309941520477	23	4	84.31820374611746	61.07880588709605	151.32593255604544	0.5489383143872076	-0.4299985828865263	0.8679233151214787	0.8482433900760593	23.239397859021405	0.978936897273734	-0.0836046368079657	-0.06516017043076605	61.07880588709605	-0.42999858288652637
hmp_airskin_gtdb_source_abundance	max_depth_cv_le_100	0,1,10,11,13,14,15,16,17,18,19,2,20,21,22,23,24,25,26,28,3,4,5,6,7,8,9	0.8679233151214787	0.8482433900760593	1171	344	75	0.0	0.0	0	0	23.239397859021405	0.0	0.0	0.978936897273734	0.0	0.8679233151214787	0.8482433900760593	23.239397859021405	0.978936897273734	0.0	0.0	0.0	0.0
hmp_airskin_gtdb_source_abundance	max_depth_cv_le_20	0,1,10,11,13,14,15,16,17,18,19,2,20,21,22,23,24,25,26,28,3,4,5,6,7,8,9	0.8113014228850561	0.791093117408907	977	247	269	-0.05662189223642233	-0.22222222222222232	23	2	28.32445398977298	5.085056130751578	82.48222113789075	0.9496191201929004	-0.029317777080833465	0.8679233151214787	0.8482433900760593	23.239397859021405	0.978936897273734	-0.056621892236422555	-0.057150272667152335	5.085056130751575	-0.029317777080833607
hmp_airskin_gtdb_source_abundance	max_depth_cv_le_5	0,1,10,11,13,14,15,16,17,18,19,2,20,21,22,23,24,25,26,28,3,4,5,6,7,8,9	0.7462534652469259	0.7545893719806762	781	43	465	-0.12166984987455273	-0.36257309941520477	23	4	100.75167879687736	77.51228093785595	153.31805199390593	0.4585174800418493	-0.5204194172318846	0.8679233151214787	0.8482433900760593	23.239397859021405	0.978936897273734	-0.12166984987455276	-0.0936540180953831	77.51228093785595	-0.5204194172318848
hmp_airskin_gtdb_source_abundance	max_depth_cv_le_50	0,1,10,11,13,14,15,16,17,18,19,2,20,21,22,23,24,25,26,28,3,4,5,6,7,8,9	0.8679233151214787	0.8482433900760593	1171	344	75	0.0	0.0	0	0	23.239397859021405	0.0	0.0	0.978936897273734	0.0	0.8679233151214787	0.8482433900760593	23.239397859021405	0.978936897273734	0.0	0.0	0.0	0.0
hmp_airskin_gtdb_source_abundance	max_hit_mean_depth_ge_0.5	0,1,10,11,13,14,15,16,17,18,19,2,20,21,22,23,24,25,26,28,3,4,5,6,7,8,9	0.8679233151214787	0.8482433900760593	1171	344	75	0.0	0.0	0	0	23.239397859021405	0.0	0.0	0.978936897273734	0.0	0.8679233151214787	0.8482433900760593	23.239397859021405	0.978936897273734	0.0	0.0	0.0	0.0
hmp_airskin_gtdb_source_abundance	max_hit_mean_depth_ge_1	0,1,10,11,13,14,15,16,17,18,19,2,20,21,22,23,24,25,26,28,3,4,5,6,7,8,9	0.8679233151214787	0.8482433900760593	1171	344	75	0.0	0.0	0	0	23.239397859021405	0.0	0.0	0.978936897273734	0.0	0.8679233151214787	0.8482433900760593	23.239397859021405	0.978936897273734	0.0	0.0	0.0	0.0
hmp_airskin_gtdb_source_abundance	max_hit_mean_depth_ge_2	0,1,10,11,13,14,15,16,17,18,19,2,20,21,22,23,24,25,26,28,3,4,5,6,7,8,9	0.7574943144264381	0.7376460017969453	821	159	425	-0.11042900069504037	-0.6271276595744681	19	5	24.612529597569786	1.3731317385483786	31.777149470141673	0.9779208235659261	-0.0010160737078077342	0.8679233151214787	0.8482433900760593	23.239397859021405	0.978936897273734	-0.11042900069504058	-0.11059738827911403	1.3731317385483806	-0.001016073707807874
hmp_airskin_gtdb_source_abundance	max_hit_mean_depth_ge_3	0,1,10,11,13,14,15,16,17,18,19,2,20,21,22,23,24,25,26,28,3,4,5,6,7,8,9	0.6329185122626162	0.6057494866529775	590	112	656	-0.23500480285886247	-0.7854651162790698	23	2	27.930567237917437	4.691169378896028	84.85798067492868	0.9777895381211967	-0.0011473591525372256	0.8679233151214787	0.8482433900760593	23.239397859021405	0.978936897273734	-0.2350048028588625	-0.24249390342308186	4.691169378896031	-0.001147359152537275
hmp_airskin_gtdb_source_abundance	max_hit_mean_depth_ge_5	0,1,10,11,13,14,15,16,17,18,19,2,20,21,22,23,24,25,26,28,3,4,5,6,7,8,9	0.5208997853676353	0.48063781321184507	422	88	824	-0.3470235297538434	-0.7854651162790698	25	1	30.046082349503678	6.806684490482279	84.85798067492868	0.9773162934195437	-0.0016206038541903135	0.8679233151214787	0.8482433900760593	23.239397859021405	0.978936897273734	-0.34702352975384343	-0.36760557686421425	6.806684490482272	-0.0016206038541902723
hmp_airskin_gtdb_source_abundance	max_mean_depth_ge_0.25	0,1,10,11,13,14,15,16,17,18,19,2,20,21,22,23,24,25,26,28,3,4,5,6,7,8,9	0.8805048522855765	0.8717105263157895	1060	126	186	0.012581537164097807	-0.2475806451612902	6	13	22.397084996041855	-0.8423128629795508	0.2552586815579261	0.9789088944694674	-2.800280426655481e-05	0.8679233151214787	0.8482433900760593	23.239397859021405	0.978936897273734	0.012581537164097822	0.02346713623973018	-0.8423128629795507	-2.8002804266624715e-05
hmp_airskin_gtdb_source_abundance	max_mean_depth_ge_0.5	0,1,10,11,13,14,15,16,17,18,19,2,20,21,22,23,24,25,26,28,3,4,5,6,7,8,9	0.8366107610980292	0.823371989295272	923	73	323	-0.03131255402344942	-0.37954545454545463	13	9	21.213008975631308	-2.026388883390098	2.196200224336021	0.9793556961717788	0.0004187988980448217	0.8679233151214787	0.8482433900760593	23.239397859021405	0.978936897273734	-0.03131255402344946	-0.02487140078078731	-2.026388883390098	0.0004187988980447477
hmp_airskin_gtdb_source_abundance	max_mean_depth_ge_1	0,1,10,11,13,14,15,16,17,18,19,2,20,21,22,23,24,25,26,28,3,4,5,6,7,8,9	0.7550724148949024	0.7223880597014926	726	38	520	-0.1128509002265763	-0.5065287016506529	21	5	21.253187116787004	-1.9862107422344037	5.481205895386477	0.9794871376079052	0.0005502403341711951	0.8679233151214787	0.8482433900760593	23.239397859021405	0.978936897273734	-0.11285090022657629	-0.12585533037456675	-1.9862107422344017	0.0005502403341711704
hmp_airskin_gtdb_source_abundance	max_mean_depth_ge_2	0,1,10,11,13,14,15,16,17,18,19,2,20,21,22,23,24,25,26,28,3,4,5,6,7,8,9	0.6112739924676078	0.5639567936327459	496	17	750	-0.2566493226538708	-0.6641304347826087	25	1	25.270659796265424	2.031261937244019	69.48190126336378	0.9801620536309729	0.0012251563572388505	0.8679233151214787	0.8482433900760593	23.239397859021405	0.978936897273734	-0.25664932265387086	-0.28428659644331344	2.031261937244018	0.0012251563572388546
hmp_airskin_gtdb_source_abundance	max_mean_depth_ge_3	0,1,10,11,13,14,15,16,17,18,19,2,20,21,22,23,24,25,26,28,3,4,5,6,7,8,9	0.5178265085833594	0.47023086269744835	387	13	859	-0.35009680653811914	-0.8297619047619048	26	1	27.742545181507673	4.50314732248627	84.8579806749287	0.9814055958678068	0.0024686985940727555	0.8679233151214787	0.8482433900760593	23.239397859021405	0.978936897273734	-0.35009680653811925	-0.37801252737861096	4.503147322486267	0.002468698594072838
hmp_airskin_gtdb_source_abundance	max_mean_depth_ge_5	0,1,10,11,13,14,15,16,17,18,19,2,20,21,22,23,24,25,26,28,3,4,5,6,7,8,9	0.4079793379149571	0.3521681997371879	268	8	978	-0.4599439772065214	-0.8297619047619048	27	0	32.92658292735039	9.687185068328983	84.8579806749287	0.9808360067173462	0.0018991094436122515	0.8679233151214787	0.8482433900760593	23.239397859021405	0.978936897273734	-0.4599439772065216	-0.49607519033887143	9.687185068328983	0.001899109443612157
hmp_airskin_gtdb_source_abundance	max_real_min_af_ge_0.02	0,1,10,11,13,14,15,16,17,18,19,2,20,21,22,23,24,25,26,28,3,4,5,6,7,8,9	0.9021989725922507	0.8962877918101798	1171	196	75	0.034275657470771964	0.0	0	12	23.214818175667368	-0.024579683354035115	0.0	0.9788932887797066	-4.3608494027271274e-05	0.8679233151214787	0.8482433900760593	23.239397859021405	0.978936897273734	0.03427565747077199	0.0480444017341205	-0.024579683354037485	-4.3608494027402855e-05
hmp_airskin_gtdb_source_abundance	max_real_min_af_ge_0.05	0,1,10,11,13,14,15,16,17,18,19,2,20,21,22,23,24,25,26,28,3,4,5,6,7,8,9	0.9029214174448098	0.8970023059185241	1167	189	79	0.034998102323331164	-0.013607594936708933	2	13	23.02931094070157	-0.21008691831982826	0.003626532575747632	0.9790492975282216	0.00011240025448771501	0.8679233151214787	0.8482433900760593	23.239397859021405	0.978936897273734	0.034998102323331115	0.048758915842464834	-0.21008691831983484	0.00011240025448755464
hmp_airskin_gtdb_source_abundance	max_real_min_af_ge_0.1	0,1,10,11,13,14,15,16,17,18,19,2,20,21,22,23,24,25,26,28,3,4,5,6,7,8,9	0.9025086856794879	0.8967391304347827	1155	175	91	0.03458537055800946	-0.027564102564102577	3	14	22.428671172481902	-0.8107266865395012	0.005317442161993924	0.9794274559823825	0.0004905587086483118	0.8679233151214787	0.8482433900760593	23.239397859021405	0.978936897273734	0.034585370558009254	0.048495740358723394	-0.8107266865395033	0.0004905587086484475
hmp_airskin_gtdb_source_abundance	max_real_min_af_ge_0.2	0,1,10,11,13,14,15,16,17,18,19,2,20,21,22,23,24,25,26,28,3,4,5,6,7,8,9	0.8968335152027576	0.8922585794094174	1118	142	128	0.028910200081278762	-0.07568493150684918	7	12	22.09067037269574	-1.148727486325659	0.04599058155360325	0.9793982378656231	0.00046134059188899195	0.8679233151214787	0.8482433900760593	23.239397859021405	0.978936897273734	0.02891020008127887	0.04401518933335813	-1.1487274863256651	0.00046134059188907006
hmp_airskin_gtdb_source_abundance	max_real_min_af_ge_0.3	0,1,10,11,13,14,15,16,17,18,19,2,20,21,22,23,24,25,26,28,3,4,5,6,7,8,9	0.8878175348505544	0.8821292775665399	1044	77	202	0.01989421972907565	-0.22197558268590456	7	15	20.231326176103657	-3.0080716829177505	0.10184628652067573	0.9802648182329683	0.001327920959234487	0.8679233151214787	0.8482433900760593	23.239397859021405	0.978936897273734	0.01989421972907568	0.033885887490480604	-3.0080716829177483	0.0013279209592342855
hmp_airskin_gtdb_source_abundance	max_real_min_af_ge_0.4	0,1,10,11,13,14,15,16,17,18,19,2,20,21,22,23,24,25,26,28,3,4,5,6,7,8,9	0.8639902330464437	0.8534289556252802	952	33	294	-0.0039330820750348725	-0.32850877192982464	9	14	18.65647898898114	-4.582918870040263	1.035778969071032	0.9816135307760633	0.002676633502329351	0.8679233151214787	0.8482433900760593	23.239397859021405	0.978936897273734	-0.003933082075034955	0.005185565549220894	-4.582918870040267	0.002676633502329273
hmp_airskin_gtdb_source_abundance	max_real_min_af_ge_0.5	0,1,10,11,13,14,15,16,17,18,19,2,20,21,22,23,24,25,26,28,3,4,5,6,7,8,9	0.8246347476796608	0.8020882771713337	845	16	401	-0.04328856744181779	-0.37954545454545463	19	8	18.2004119265543	-5.038985932467104	2.0071335187363886	0.9824270547457644	0.003490157472030314	0.8679233151214787	0.8482433900760593	23.239397859021405	0.978936897273734	-0.04328856744181786	-0.046155112904725626	-5.0389859324671065	0.0034901574720304085
hmp_airskin_gtdb_source_abundance	max_xny_ge_10	0,1,10,11,13,14,15,16,17,18,19,2,20,21,22,23,24,25,26,28,3,4,5,6,7,8,9	0.9015326202031152	0.8952599388379204	1171	199	75	0.033609305081636634	0.0	0	11	23.235927877484997	-0.0034699815364072238	0.0	0.97889547749857	-4.1419775163973494e-05	0.8679233151214787	0.8482433900760593	23.239397859021405	0.978936897273734	0.03360930508163651	0.04701654876186112	-0.0034699815364085396	-4.141977516403106e-05
hmp_airskin_gtdb_source_abundance	max_xny_ge_100	0,1,10,11,13,14,15,16,17,18,19,2,20,21,22,23,24,25,26,28,3,4,5,6,7,8,9	0.9025086856794879	0.8967391304347827	1155	175	91	0.03458537055800946	-0.027564102564102577	3	14	22.428671172481902	-0.8107266865395012	0.005317442161993924	0.9794274559823825	0.0004905587086483118	0.8679233151214787	0.8482433900760593	23.239397859021405	0.978936897273734	0.034585370558009254	0.048495740358723394	-0.8107266865395033	0.0004905587086484475
hmp_airskin_gtdb_source_abundance	max_xny_ge_1000	0,1,10,11,13,14,15,16,17,18,19,2,20,21,22,23,24,25,26,28,3,4,5,6,7,8,9	0.1288338744113039	0.09480122324159021	62	0	1184	-0.7390894407101747	-0.9292929292929293	27	0	145.47197060617953	122.23257274715814	187.1090521717247	0.36207192230752033	-0.6163353795308801	0.8679233151214787	0.8482433900760593	23.239397859021405	0.978936897273734	-0.7390894407101748	-0.7534421668344691	122.23257274715812	-0.6168649749662136
hmp_airskin_gtdb_source_abundance	max_xny_ge_200	0,1,10,11,13,14,15,16,17,18,19,2,20,21,22,23,24,25,26,28,3,4,5,6,7,8,9	0.8968335152027576	0.8922585794094174	1118	142	128	0.028910200081278762	-0.07568493150684918	7	12	22.09067037269574	-1.148727486325659	0.04599058155360325	0.9793982378656231	0.00046134059188899195	0.8679233151214787	0.8482433900760593	23.239397859021405	0.978936897273734	0.02891020008127887	0.04401518933335813	-1.1487274863256651	0.00046134059188907006
hmp_airskin_gtdb_source_abundance	max_xny_ge_25	0,1,10,11,13,14,15,16,17,18,19,2,20,21,22,23,24,25,26,28,3,4,5,6,7,8,9	0.902402424192884	0.8966309341500766	1171	195	75	0.03447910907140533	0.0	0	12	23.21469036732945	-0.02470749169195059	0.0	0.9788932447873109	-4.365248642307157e-05	0.8679233151214787	0.8482433900760593	23.239397859021405	0.978936897273734	0.03447910907140528	0.04838754407401724	-0.024707491691955852	-4.365248642312913e-05
hmp_airskin_gtdb_source_abundance	max_xny_ge_300	0,1,10,11,13,14,15,16,17,18,19,2,20,21,22,23,24,25,26,28,3,4,5,6,7,8,9	0.8878175348505544	0.8821292775665399	1044	77	202	0.01989421972907565	-0.22197558268590456	7	15	20.231326176103657	-3.0080716829177505	0.10184628652067573	0.9802648182329683	0.001327920959234487	0.8679233151214787	0.8482433900760593	23.239397859021405	0.978936897273734	0.01989421972907568	0.033885887490480604	-3.0080716829177483	0.0013279209592342855
hmp_airskin_gtdb_source_abundance	max_xny_ge_50	0,1,10,11,13,14,15,16,17,18,19,2,20,21,22,23,24,25,26,28,3,4,5,6,7,8,9	0.9029214174448098	0.8970023059185241	1167	189	79	0.034998102323331164	-0.013607594936708933	2	13	23.02931094070157	-0.21008691831982826	0.003626532575747632	0.9790492975282216	0.00011240025448771501	0.8679233151214787	0.8482433900760593	23.239397859021405	0.978936897273734	0.034998102323331115	0.048758915842464834	-0.21008691831983484	0.00011240025448755464
hmp_airskin_gtdb_source_abundance	max_xny_ge_500	0,1,10,11,13,14,15,16,17,18,19,2,20,21,22,23,24,25,26,28,3,4,5,6,7,8,9	0.8246347476796608	0.8020882771713337	845	16	401	-0.04328856744181779	-0.37954545454545463	19	8	18.2004119265543	-5.038985932467104	2.0071335187363886	0.9824270547457644	0.003490157472030314	0.8679233151214787	0.8482433900760593	23.239397859021405	0.978936897273734	-0.04328856744181786	-0.046155112904725626	-5.0389859324671065	0.0034901574720304085
hmp_airskin_gtdb_source_abundance	max_xny_ge_750	0,1,10,11,13,14,15,16,17,18,19,2,20,21,22,23,24,25,26,28,3,4,5,6,7,8,9	0.6395695258839432	0.5964125560538116	532	6	714	-0.22835378923753546	-0.5988581466842336	24	3	31.384018707591093	8.144620848569689	46.30852730401776	0.9484780219141811	-0.03045887535955292	0.8679233151214787	0.8482433900760593	23.239397859021405	0.978936897273734	-0.22835378923753546	-0.2518308340222477	8.144620848569687	-0.03045887535955294
hmp_airskin_gtdb_source_abundance	max_zip_af_ge_0.05	0,1,10,11,13,14,15,16,17,18,19,2,20,21,22,23,24,25,26,28,3,4,5,6,7,8,9	0.8686842218484406	0.8494740660137831	1171	340	75	0.0007609067269620517	0.0	0	4	22.91277612647911	-0.3266217325422972	0.0	0.9792342957638198	0.0002973984900859658	0.8679233151214787	0.8482433900760593	23.239397859021405	0.978936897273734	0.0007609067269619407	0.0012306759377237464	-0.32662173254229643	0.00029739849008580954
hmp_airskin_gtdb_source_abundance	max_zip_af_ge_0.1	0,1,10,11,13,14,15,16,17,18,19,2,20,21,22,23,24,25,26,28,3,4,5,6,7,8,9	0.8691407463003803	0.85039941902687	1171	337	75	0.0012174311789017055	0.0	0	6	22.859022358953926	-0.3803755000674773	0.0	0.9792459624941213	0.000309065220387399	0.8679233151214787	0.8482433900760593	23.239397859021405	0.978936897273734	0.0012174311789016068	0.0021560289508106845	-0.3803755000674798	0.00030906522038731676
hmp_airskin_gtdb_source_abundance	max_zip_af_ge_0.2	0,1,10,11,13,14,15,16,17,18,19,2,20,21,22,23,24,25,26,28,3,4,5,6,7,8,9	0.8748077865441926	0.8581898131183584	1171	312	75	0.006884471422713933	0.0	0	12	22.299257935714873	-0.9401399233065345	0.0	0.9793744991025801	0.00043760182884617835	0.8679233151214787	0.8482433900760593	23.239397859021405	0.978936897273734	0.006884471422713867	0.00994642304229909	-0.940139923306532	0.00043760182884611254
hmp_airskin_gtdb_source_abundance	max_zip_af_ge_0.3	0,1,10,11,13,14,15,16,17,18,19,2,20,21,22,23,24,25,26,28,3,4,5,6,7,8,9	0.874726338012871	0.8593519882179675	1167	303	79	0.006803022891392476	-0.03287908284663654	2	12	21.692023360535316	-1.547374498486089	0.24371441375267722	0.9804703588022619	0.0015334615285279615	0.8679233151214787	0.8482433900760593	23.239397859021405	0.978936897273734	0.006803022891392341	0.011108598141908232	-1.5473744984860893	0.0015334615285278463
hmp_airskin_gtdb_source_abundance	max_zip_af_ge_0.4	0,1,10,11,13,14,15,16,17,18,19,2,20,21,22,23,24,25,26,28,3,4,5,6,7,8,9	0.8713805819784007	0.8541743970315399	1151	298	95	0.0034572668569223313	-0.03287908284663654	8	9	21.74888492407372	-1.49051293494768	7.923184623632338	0.9786789501835129	-0.0002579470902210026	0.8679233151214787	0.8482433900760593	23.239397859021405	0.978936897273734	0.0034572668569220477	0.0059310069554805445	-1.4905129349476844	-0.00025794709022108897
hmp_airskin_gtdb_source_abundance	max_zip_af_ge_0.5	0,1,10,11,13,14,15,16,17,18,19,2,20,21,22,23,24,25,26,28,3,4,5,6,7,8,9	0.8599511243501053	0.8438088069251035	1121	290	125	-0.007972190771373249	-0.06357927786499207	13	8	23.80372561189151	0.5643277528701034	16.959303666279	0.9701754166519224	-0.008761480621811528	0.8679233151214787	0.8482433900760593	23.239397859021405	0.978936897273734	-0.007972190771373344	-0.004434583150955795	0.5643277528701063	-0.00876148062181159
hmp_airskin_gtdb_source_abundance	min_breadth_ge_0.02	0,1,10,11,13,14,15,16,17,18,19,2,20,21,22,23,24,25,26,28,3,4,5,6,7,8,9	0.9158277433074148	0.9136381398983979	1169	144	77	0.04790442818593627	0.0	0	15	21.179222354670586	-2.0601755043508185	0.0	0.9807061830038863	0.0017692857301524355	0.8679233151214787	0.8482433900760593	23.239397859021405	0.978936897273734	0.0479044281859361	0.06539474982233862	-2.06017550435082	0.0017692857301523368
hmp_airskin_gtdb_source_abundance	min_breadth_ge_0.05	0,1,10,11,13,14,15,16,17,18,19,2,20,21,22,23,24,25,26,28,3,4,5,6,7,8,9	0.9245827209805624	0.9269277351635042	1148	83	98	0.05665940585908378	-0.018333333333333313	1	15	20.090130159498788	-3.149267699522616	0.19677882569514793	0.9809416172646931	0.002004719990959052	0.8679233151214787	0.8482433900760593	23.239397859021405	0.978936897273734	0.05665940585908369	0.07868434508744493	-3.1492676995226176	0.0020047199909590807
hmp_airskin_gtdb_source_abundance	min_breadth_ge_0.1	0,1,10,11,13,14,15,16,17,18,19,2,20,21,22,23,24,25,26,28,3,4,5,6,7,8,9	0.919709455600207	0.9185310257492613	1088	35	158	0.05178614047872838	-0.07992957746478879	8	15	18.96674247358056	-4.272655385440841	2.3168007261363783	0.9815437573592599	0.002606860085526122	0.8679233151214787	0.8482433900760593	23.239397859021405	0.978936897273734	0.051786140478728315	0.07028763567320195	-4.272655385440846	0.0026068600855259083
hmp_airskin_gtdb_source_abundance	min_breadth_ge_0.2	0,1,10,11,13,14,15,16,17,18,19,2,20,21,22,23,24,25,26,28,3,4,5,6,7,8,9	0.8571123680933893	0.8476580263756254	932	21	314	-0.0108109470280894	-0.22215876641918897	15	11	19.61053763490249	-3.628860224118916	7.510791997889214	0.982525090218695	0.0035881929449611263	0.8679233151214787	0.8482433900760593	23.239397859021405	0.978936897273734	-0.01081094702808938	-0.0005853637004339385	-3.6288602241189167	0.003588192944961044
hmp_airskin_gtdb_source_abundance	min_breadth_ge_0.3	0,1,10,11,13,14,15,16,17,18,19,2,20,21,22,23,24,25,26,28,3,4,5,6,7,8,9	0.7862293497603859	0.7674987763093489	784	13	462	-0.08169396536109257	-0.3656750572082379	22	5	22.07881779600609	-1.160580063015316	8.390177711013031	0.978523533798986	-0.00041336347474794666	0.8679233151214787	0.8482433900760593	23.239397859021405	0.978936897273734	-0.08169396536109275	-0.08074461376671038	-1.160580063015317	-0.0004133634747479631
hmp_airskin_gtdb_source_abundance	min_breadth_ge_0.4	0,1,10,11,13,14,15,16,17,18,19,2,20,21,22,23,24,25,26,28,3,4,5,6,7,8,9	0.706096045465563	0.6744063324538259	639	10	607	-0.16182726965591565	-0.4505347593582887	24	3	35.46779925449625	12.228401395474846	50.08515571497376	0.933314816634899	-0.04562208063883496	0.8679233151214787	0.8482433900760593	23.239397859021405	0.978936897273734	-0.16182726965591565	-0.17383705762223345	12.228401395474844	-0.045622080638834994
hmp_airskin_gtdb_source_abundance	min_breadth_ge_0.5	0,1,10,11,13,14,15,16,17,18,19,2,20,21,22,23,24,25,26,28,3,4,5,6,7,8,9	0.6319741230992386	0.583710407239819	516	6	730	-0.23594919202223993	-0.5559006211180124	26	1	43.75855547168239	20.519157612660997	53.345138441809105	0.9224702636970294	-0.05646663357670446	0.8679233151214787	0.8482433900760593	23.239397859021405	0.978936897273734	-0.23594919202224007	-0.26453298283624027	20.519157612660987	-0.05646663357670456
hmp_airskin_gtdb_source_abundance	min_xny_ge_10	0,1,10,11,13,14,15,16,17,18,19,2,20,21,22,23,24,25,26,28,3,4,5,6,7,8,9	0.9043689472710192	0.8993855606758832	1171	187	75	0.03644563214954078	0.0	0	14	22.975757574965595	-0.26364028405580775	0.0	0.979081486924218	0.0001445896504840077	0.8679233151214787	0.8482433900760593	23.239397859021405	0.978936897273734	0.03644563214954055	0.051142170599823844	-0.2636402840558105	0.00014458965048402828
hmp_airskin_gtdb_source_abundance	min_xny_ge_100	0,1,10,11,13,14,15,16,17,18,19,2,20,21,22,23,24,25,26,28,3,4,5,6,7,8,9	0.919709455600207	0.9185310257492613	1088	35	158	0.05178614047872838	-0.07992957746478879	8	15	18.96674247358056	-4.272655385440841	2.3168007261363783	0.9815437573592599	0.002606860085526122	0.8679233151214787	0.8482433900760593	23.239397859021405	0.978936897273734	0.051786140478728315	0.07028763567320195	-4.272655385440846	0.0026068600855259083
hmp_airskin_gtdb_source_abundance	min_xny_ge_200	0,1,10,11,13,14,15,16,17,18,19,2,20,21,22,23,24,25,26,28,3,4,5,6,7,8,9	0.8571123680933893	0.8476580263756254	932	21	314	-0.0108109470280894	-0.22215876641918897	15	11	19.61053763490249	-3.628860224118916	7.510791997889214	0.982525090218695	0.0035881929449611263	0.8679233151214787	0.8482433900760593	23.239397859021405	0.978936897273734	-0.01081094702808938	-0.0005853637004339385	-3.6288602241189167	0.003588192944961044
hmp_airskin_gtdb_source_abundance	min_xny_ge_25	0,1,10,11,13,14,15,16,17,18,19,2,20,21,22,23,24,25,26,28,3,4,5,6,7,8,9	0.9198362676292405	0.919323101141283	1168	127	78	0.05191295250776186	0.0	0	16	20.853451658447053	-2.385946200574352	0.0	0.9808102850885213	0.0018733878147872357	0.8679233151214787	0.8482433900760593	23.239397859021405	0.978936897273734	0.051912952507761845	0.0710797110652237	-2.3859462005743524	0.0018733878147872973
hmp_airskin_gtdb_source_abundance	min_xny_ge_300	0,1,10,11,13,14,15,16,17,18,19,2,20,21,22,23,24,25,26,28,3,4,5,6,7,8,9	0.7862293497603859	0.7674987763093489	784	13	462	-0.08169396536109257	-0.3656750572082379	22	5	22.07881779600609	-1.160580063015316	8.390177711013031	0.978523533798986	-0.00041336347474794666	0.8679233151214787	0.8482433900760593	23.239397859021405	0.978936897273734	-0.08169396536109275	-0.08074461376671038	-1.160580063015317	-0.0004133634747479631
hmp_airskin_gtdb_source_abundance	min_xny_ge_50	0,1,10,11,13,14,15,16,17,18,19,2,20,21,22,23,24,25,26,28,3,4,5,6,7,8,9	0.9245827209805624	0.9269277351635042	1148	83	98	0.05665940585908378	-0.018333333333333313	1	15	20.090130159498788	-3.149267699522616	0.19677882569514793	0.9809416172646931	0.002004719990959052	0.8679233151214787	0.8482433900760593	23.239397859021405	0.978936897273734	0.05665940585908369	0.07868434508744493	-3.1492676995226176	0.0020047199909590807
hmp_airskin_gtdb_source_abundance	min_xny_ge_500	0,1,10,11,13,14,15,16,17,18,19,2,20,21,22,23,24,25,26,28,3,4,5,6,7,8,9	0.6319741230992386	0.583710407239819	516	6	730	-0.23594919202223993	-0.5559006211180124	26	1	43.75855547168239	20.519157612660997	53.345138441809105	0.9224702636970294	-0.05646663357670446	0.8679233151214787	0.8482433900760593	23.239397859021405	0.978936897273734	-0.23594919202224007	-0.26453298283624027	20.519157612660987	-0.05646663357670456
hmp_airskin_gtdb_source_abundance	prob_ge_0.4	0,1,10,11,13,14,15,16,17,18,19,2,20,21,22,23,24,25,26,28,3,4,5,6,7,8,9	0.8710724120557053	0.8526392961876832	1163	319	83	0.0031490969342266688	-0.019323671497584627	5	9	23.23241837152149	-0.006979487499914867	8.197554799834805	0.9786871586646236	-0.0002497386091103356	0.8679233151214787	0.8482433900760593	23.239397859021405	0.978936897273734	0.003149096934226603	0.004395906111623882	-0.006979487499915393	-0.0002497386091103726
hmp_airskin_gtdb_source_abundance	prob_ge_0.5	0,1,10,11,13,14,15,16,17,18,19,2,20,21,22,23,24,25,26,28,3,4,5,6,7,8,9	0.8915902836085287	0.8823291548726243	1091	136	155	0.023666968487049994	-0.041883116883116966	11	12	22.69383276394949	-0.5455650950719189	8.986113897046753	0.9778239616121731	-0.0011129356615607671	0.8679233151214787	0.8482433900760593	23.239397859021405	0.978936897273734	0.023666968487049966	0.034085764796565	-0.5455650950719146	-0.0011129356615608987
hmp_airskin_gtdb_source_abundance	prob_ge_0.6	0,1,10,11,13,14,15,16,17,18,19,2,20,21,22,23,24,25,26,28,3,4,5,6,7,8,9	0.8719160297386532	0.8620838737570254	997	70	249	0.003992714617174645	-0.10351966873705987	16	9	21.662833162942487	-1.5765646960789188	13.399168661612649	0.9789298277224977	-7.06955123620224e-06	0.8679233151214787	0.8482433900760593	23.239397859021405	0.978936897273734	0.003992714617174542	0.013840483680966131	-1.5765646960789184	-7.069551236305038e-06
hmp_airskin_gtdb_source_abundance	prob_ge_0.7	0,1,10,11,13,14,15,16,17,18,19,2,20,21,22,23,24,25,26,28,3,4,5,6,7,8,9	0.8611039772013293	0.8548459133541759	957	36	289	-0.006819337920149433	-0.12698412698412698	17	9	21.867478931589353	-1.3719189274320516	21.41098760471926	0.9778157026924638	-0.0011211945812702833	0.8679233151214787	0.8482433900760593	23.239397859021405	0.978936897273734	-0.0068193379201494375	0.006602523278116612	-1.371918927432052	-0.0011211945812702462
hmp_airskin_gtdb_source_abundance	prob_ge_0.8	0,1,10,11,13,14,15,16,17,18,19,2,20,21,22,23,24,25,26,28,3,4,5,6,7,8,9	0.8077446319360196	0.7891221374045801	827	23	419	-0.06017868318545908	-0.18653846153846165	22	5	26.54522864486168	3.3058307858402713	41.88003840303617	0.958864716449783	-0.020072180823951014	0.8679233151214787	0.8482433900760593	23.239397859021405	0.978936897273734	-0.06017868318545905	-0.05912125267147916	3.305830785840275	-0.020072180823951014
hmp_airskin_gtdb_source_abundance	prob_ge_0.9	0,1,10,11,13,14,15,16,17,18,19,2,20,21,22,23,24,25,26,28,3,4,5,6,7,8,9	0.6415204309520092	0.6467129877071085	605	20	641	-0.22640288416946955	-0.4183006535947713	26	1	71.76430153305276	48.52490367403137	161.9663356478137	0.7167017635737266	-0.26223513370000734	0.8679233151214787	0.8482433900760593	23.239397859021405	0.978936897273734	-0.22640288416946952	-0.2015304023689508	48.52490367403135	-0.2622351337000074
hmp_airskin_gtdb_source_abundance	prob_ge_0.95	0,1,10,11,13,14,15,16,17,18,19,2,20,21,22,23,24,25,26,28,3,4,5,6,7,8,9	0.4661759132169479	0.47873633049817743	394	6	852	-0.40174740190453084	-0.5506671474936893	27	0	99.60044427486409	76.3610464158427	175.81933580486015	0.6257200938590549	-0.35321680341467915	0.8679233151214787	0.8482433900760593	23.239397859021405	0.978936897273734	-0.4017474019045308	-0.3695070595778819	76.36104641584268	-0.3532168034146791
hmp_airskin_gtdb_source_abundance	prob_ge_0.98	0,1,10,11,13,14,15,16,17,18,19,2,20,21,22,23,24,25,26,28,3,4,5,6,7,8,9	0.12143697484440705	0.11346444780635401	75	1	1171	-0.7464863402770716	-0.9615384615384616	27	0	134.3424895818492	111.10309172282781	186.23783474116317	0.5379941672530173	-0.4390736118523959	0.8679233151214787	0.8482433900760593	23.239397859021405	0.978936897273734	-0.7464863402770716	-0.7347789422697053	111.1030917228278	-0.4409427300207167
hmp_airskin_gtdb_source_abundance	prob_ge_0.99	0,1,10,11,13,14,15,16,17,18,19,2,20,21,22,23,24,25,26,28,3,4,5,6,7,8,9	0.0329902442112553	0.02689873417721519	17	1	1229	-0.8349330709102233	-1.0	27	0	123.60048864503933	100.36109078601788	172.1863654107339	0.558301955127651	-0.4133368639557791	0.8679233151214787	0.8482433900760593	23.239397859021405	0.978936897273734	-0.8349330709102234	-0.8213446558988441	100.36109078601793	-0.420634942146083
hmp_airskin_gtdb_source_abundance	reported_ani_ge_0.93	0,1,10,11,13,14,15,16,17,18,19,2,20,21,22,23,24,25,26,28,3,4,5,6,7,8,9	0.8887886629621333	0.8790697674418604	1134	200	112	0.020865347840654597	-0.013607594936708933	2	14	19.157627486945266	-4.081770372076135	0.7821812082150217	0.9818957131384879	0.0029588158647540063	0.8679233151214787	0.8482433900760593	23.239397859021405	0.978936897273734	0.020865347840654636	0.030826377365801072	-4.081770372076139	0.002958815864753883
hmp_airskin_gtdb_source_abundance	reported_ani_ge_0.94	0,1,10,11,13,14,15,16,17,18,19,2,20,21,22,23,24,25,26,28,3,4,5,6,7,8,9	0.8777336416851891	0.8670338316286389	1102	194	144	0.009810326563710623	-0.07096451774112955	6	11	19.017424919407656	-4.2219729396137495	1.48133826564451	0.9824020723556504	0.003465175081916411	0.8679233151214787	0.8482433900760593	23.239397859021405	0.978936897273734	0.009810326563710392	0.018790441552579584	-4.2219729396137495	0.0034651750819163496
hmp_airskin_gtdb_source_abundance	reported_ani_ge_0.95	0,1,10,11,13,14,15,16,17,18,19,2,20,21,22,23,24,25,26,28,3,4,5,6,7,8,9	0.85861747824147	0.843121480289622	1048	192	198	-0.009305836880008753	-0.1349143610013176	13	5	19.70196304053673	-3.537434818484677	3.805473896527225	0.9807894379218632	0.001852540648129321	0.8679233151214787	0.8482433900760593	23.239397859021405	0.978936897273734	-0.009305836880008744	-0.00512190978643734	-3.5374348184846767	0.0018525406481292306
hmp_airskin_gtdb_source_abundance	reported_ani_ge_0.96	0,1,10,11,13,14,15,16,17,18,19,2,20,21,22,23,24,25,26,28,3,4,5,6,7,8,9	0.8329853568851083	0.8143564356435643	987	191	259	-0.0349379582363703	-0.1349143610013176	19	2	23.642858561195574	0.403460702174171	27.721779609045537	0.9617312140102151	-0.01720568326351898	0.8679233151214787	0.8482433900760593	23.239397859021405	0.978936897273734	-0.03493795823637036	-0.03388695443249501	0.4034607021741685	-0.0172056832635189
hmp_airskin_gtdb_source_abundance	reported_ani_ge_0.97	0,1,10,11,13,14,15,16,17,18,19,2,20,21,22,23,24,25,26,28,3,4,5,6,7,8,9	0.7880269833264761	0.7612456747404844	880	186	366	-0.07989633179500248	-0.16675661090124116	24	1	35.95602067072863	12.716622811707222	103.1997026171527	0.9053341068329094	-0.07360279044082452	0.8679233151214787	0.8482433900760593	23.239397859021405	0.978936897273734	-0.07989633179500255	-0.08699771533557488	12.716622811707222	-0.07360279044082463
hmp_airskin_gtdb_source_abundance	reported_ani_ge_0.98	0,1,10,11,13,14,15,16,17,18,19,2,20,21,22,23,24,25,26,28,3,4,5,6,7,8,9	0.7246586009746943	0.6814404432132964	738	182	508	-0.14326471414678427	-0.2964943553178847	26	0	45.82255411483537	22.58315625581396	103.1997026171527	0.8937231505201267	-0.0852137467536071	0.8679233151214787	0.8482433900760593	23.239397859021405	0.978936897273734	-0.14326471414678443	-0.16680294686276287	22.583156255813964	-0.08521374675360727
hmp_airskin_gtdb_source_abundance	reported_ani_ge_0.99	0,1,10,11,13,14,15,16,17,18,19,2,20,21,22,23,24,25,26,28,3,4,5,6,7,8,9	0.5720579608790972	0.5294117647058822	513	179	733	-0.29586535424238164	-0.5328874024526199	27	0	99.84715652832654	76.60775866930511	157.11240691506188	0.592305155852143	-0.3866317414215909	0.8679233151214787	0.8482433900760593	23.239397859021405	0.978936897273734	-0.2958653542423815	-0.31883162537017706	76.60775866930513	-0.38663174142159096
hmp_airskin_gtdb_source_abundance	s_ani_ge_0.93	0,1,10,11,13,14,15,16,17,18,19,2,20,21,22,23,24,25,26,28,3,4,5,6,7,8,9	0.889779078944501	0.8798133022170361	1131	194	115	0.021855763823022206	-0.02415458937198056	5	18	18.788715849081672	-4.450682009939732	0.7821812082150217	0.9819738489983245	0.003036951724590772	0.8679233151214787	0.8482433900760593	23.239397859021405	0.978936897273734	0.021855763823022345	0.03156991214097682	-4.450682009939733	0.0030369517245905087
hmp_airskin_gtdb_source_abundance	s_ani_ge_0.94	0,1,10,11,13,14,15,16,17,18,19,2,20,21,22,23,24,25,26,28,3,4,5,6,7,8,9	0.8717366198018064	0.8637083993660857	1090	188	156	0.003813304680327783	-0.07583417593528807	12	12	18.838552926382548	-4.400844932638855	2.3168007261363783	0.9824201212227492	0.0034832239490153543	0.8679233151214787	0.8482433900760593	23.239397859021405	0.978936897273734	0.0038133046803277004	0.015465009290026366	-4.400844932638858	0.003483223949015235
hmp_airskin_gtdb_source_abundance	s_ani_ge_0.95	0,1,10,11,13,14,15,16,17,18,19,2,20,21,22,23,24,25,26,28,3,4,5,6,7,8,9	0.849789663557192	0.83739837398374	1030	184	216	-0.018133651564286583	-0.1349143610013176	19	7	19.578459751642168	-3.6609381073792338	4.5485299923163645	0.9807274784845077	0.0017905812107736608	0.8679233151214787	0.8482433900760593	23.239397859021405	0.978936897273734	-0.0181336515642867	-0.01084501609231936	-3.6609381073792377	0.0017905812107736896
hmp_airskin_gtdb_source_abundance	s_ani_ge_0.96	0,1,10,11,13,14,15,16,17,18,19,2,20,21,22,23,24,25,26,28,3,4,5,6,7,8,9	0.8212888356644318	0.8060200668896321	964	182	282	-0.046634479457047004	-0.1630434782608695	23	3	21.154941362782797	-2.084456496238609	4.5485299923163645	0.9786014288611873	-0.00033546841254672444	0.8679233151214787	0.8482433900760593	23.239397859021405	0.978936897273734	-0.04663447945704691	-0.042223323186427186	-2.0844564962386087	-0.00033546841254672444
hmp_airskin_gtdb_source_abundance	s_ani_ge_0.97	0,1,10,11,13,14,15,16,17,18,19,2,20,21,22,23,24,25,26,28,3,4,5,6,7,8,9	0.775021035347442	0.7495606326889278	853	177	393	-0.09290227977403658	-0.16675661090124116	24	2	30.12710194929626	6.887704090274855	40.750067260949706	0.9484762504553859	-0.03046064681834811	0.8679233151214787	0.8482433900760593	23.239397859021405	0.978936897273734	-0.09290227977403664	-0.0986827573871315	6.887704090274855	-0.030460646818348147
hmp_airskin_gtdb_source_abundance	s_ani_ge_0.98	0,1,10,11,13,14,15,16,17,18,19,2,20,21,22,23,24,25,26,28,3,4,5,6,7,8,9	0.6923118563872167	0.6536817102137767	688	171	558	-0.1756114587342619	-0.2964943553178847	27	0	45.60077501823069	22.361377159209283	82.4449856360208	0.9083016522443381	-0.07063524502939583	0.8679233151214787	0.8482433900760593	23.239397859021405	0.978936897273734	-0.17561145873426198	-0.19456167986228257	22.361377159209287	-0.07063524502939589
hmp_airskin_gtdb_source_abundance	s_ani_ge_0.99	0,1,10,11,13,14,15,16,17,18,19,2,20,21,22,23,24,25,26,28,3,4,5,6,7,8,9	0.4935739855077674	0.46695557963163603	431	169	815	-0.37434932961371137	-0.5328874024526199	27	0	85.92466930238199	62.685271443360584	164.64443827341273	0.740144166163821	-0.23879273110991298	0.8679233151214787	0.8482433900760593	23.239397859021405	0.978936897273734	-0.3743493296137113	-0.3812878104444233	62.68527144336058	-0.23879273110991306
hmp_airskin_gtdb_source_abundance	s_breadth_ge_0.02	0,1,10,11,13,14,15,16,17,18,19,2,20,21,22,23,24,25,26,28,3,4,5,6,7,8,9	0.9048620952116835	0.8993855606758832	1171	187	75	0.036938780090205	0.0	0	14	22.717669670434788	-0.5217281885866185	0.0	0.9792696924250225	0.00033279515128846216	0.8679233151214787	0.8482433900760593	23.239397859021405	0.978936897273734	0.03693878009020479	0.051142170599823844	-0.5217281885866178	0.0003327951512884786
hmp_airskin_gtdb_source_abundance	s_breadth_ge_0.05	0,1,10,11,13,14,15,16,17,18,19,2,20,21,22,23,24,25,26,28,3,4,5,6,7,8,9	0.908713810751817	0.9049844236760125	1162	160	84	0.040790495630338444	-0.009339774557165836	2	14	22.123005850253577	-1.1163920087678254	0.03255937584205526	0.9795990375292474	0.0006621402555131891	0.8679233151214787	0.8482433900760593	23.239397859021405	0.978936897273734	0.04079049563033832	0.056741033599953195	-1.1163920087678285	0.000662140255513366
hmp_airskin_gtdb_source_abundance	s_breadth_ge_0.1	0,1,10,11,13,14,15,16,17,18,19,2,20,21,22,23,24,25,26,28,3,4,5,6,7,8,9	0.9118708381827197	0.9089456869009584	1138	120	108	0.04394752306124107	-0.020875420875420825	4	15	20.764168736994296	-2.475229122027108	0.11705400251215181	0.9808341688433423	0.001897271569608242	0.8679233151214787	0.8482433900760593	23.239397859021405	0.978936897273734	0.043947523061241056	0.06070229682489914	-2.475229122027109	0.0018972715696082831
hmp_airskin_gtdb_source_abundance	s_breadth_ge_0.2	0,1,10,11,13,14,15,16,17,18,19,2,20,21,22,23,24,25,26,28,3,4,5,6,7,8,9	0.9018327895968061	0.8946684005201561	1032	29	214	0.03390947447532742	-0.1842397336293008	9	14	18.64480059023971	-4.594597268781692	1.2199490204635346	0.9817559179685907	0.00281902069485691	0.8679233151214787	0.8482433900760593	23.239397859021405	0.978936897273734	0.03390947447532744	0.04642501044409675	-4.594597268781694	0.002819020694856733
hmp_airskin_gtdb_source_abundance	s_breadth_ge_0.3	0,1,10,11,13,14,15,16,17,18,19,2,20,21,22,23,24,25,26,28,3,4,5,6,7,8,9	0.8368237056235586	0.8276181649675627	893	19	353	-0.031099609497920167	-0.35357142857142854	16	10	18.960264225686128	-4.2791336333352765	2.8891961182047687	0.9831955387633141	0.004258641489580052	0.8679233151214787	0.8482433900760593	23.239397859021405	0.978936897273734	-0.031099609497920122	-0.020625225108496625	-4.279133633335277	0.004258641489580106
hmp_airskin_gtdb_source_abundance	s_breadth_ge_0.4	0,1,10,11,13,14,15,16,17,18,19,2,20,21,22,23,24,25,26,28,3,4,5,6,7,8,9	0.7801625024295665	0.7571569595261598	767	13	479	-0.08776081269191215	-0.40648148148148155	20	6	21.775478217137604	-1.4639196418838016	8.390177711013031	0.9782025317459804	-0.0007343655277536579	0.8679233151214787	0.8482433900760593	23.239397859021405	0.978936897273734	-0.08776081269191216	-0.09108643054989951	-1.4639196418838019	-0.0007343655277536332
hmp_airskin_gtdb_source_abundance	s_breadth_ge_0.5	0,1,10,11,13,14,15,16,17,18,19,2,20,21,22,23,24,25,26,28,3,4,5,6,7,8,9	0.7028019063233438	0.6609808102345416	620	10	626	-0.16512140879813464	-0.48122529644268763	24	3	27.44546259515464	4.206064736133238	26.18062375128943	0.9700478116618777	-0.008889085611856282	0.8679233151214787	0.8482433900760593	23.239397859021405	0.978936897273734	-0.16512140879813486	-0.18726257984151773	4.206064736133236	-0.008889085611856307
hmp_airskin_gtdb_source_abundance	s_real_min_af_ge_0.02	0,1,10,11,13,14,15,16,17,18,19,2,20,21,22,23,24,25,26,28,3,4,5,6,7,8,9	0.9021989725922507	0.8962877918101798	1171	196	75	0.034275657470771964	0.0	0	12	23.214818175667368	-0.024579683354035115	0.0	0.9788932887797066	-4.3608494027271274e-05	0.8679233151214787	0.8482433900760593	23.239397859021405	0.978936897273734	0.03427565747077199	0.0480444017341205	-0.024579683354037485	-4.3608494027402855e-05
hmp_airskin_gtdb_source_abundance	s_real_min_af_ge_0.05	0,1,10,11,13,14,15,16,17,18,19,2,20,21,22,23,24,25,26,28,3,4,5,6,7,8,9	0.9029214174448098	0.8970023059185241	1167	189	79	0.034998102323331164	-0.013607594936708933	2	13	23.02931094070157	-0.21008691831982826	0.003626532575747632	0.9790492975282216	0.00011240025448771501	0.8679233151214787	0.8482433900760593	23.239397859021405	0.978936897273734	0.034998102323331115	0.048758915842464834	-0.21008691831983484	0.00011240025448755464
hmp_airskin_gtdb_source_abundance	s_real_min_af_ge_0.1	0,1,10,11,13,14,15,16,17,18,19,2,20,21,22,23,24,25,26,28,3,4,5,6,7,8,9	0.9025086856794879	0.8967391304347827	1155	175	91	0.03458537055800946	-0.027564102564102577	3	14	22.428671172481902	-0.8107266865395012	0.005317442161993924	0.9794274559823825	0.0004905587086483118	0.8679233151214787	0.8482433900760593	23.239397859021405	0.978936897273734	0.034585370558009254	0.048495740358723394	-0.8107266865395033	0.0004905587086484475
hmp_airskin_gtdb_source_abundance	s_real_min_af_ge_0.2	0,1,10,11,13,14,15,16,17,18,19,2,20,21,22,23,24,25,26,28,3,4,5,6,7,8,9	0.8968335152027576	0.8922585794094174	1118	142	128	0.028910200081278762	-0.07568493150684918	7	12	22.09067037269574	-1.148727486325659	0.04599058155360325	0.9793982378656231	0.00046134059188899195	0.8679233151214787	0.8482433900760593	23.239397859021405	0.978936897273734	0.02891020008127887	0.04401518933335813	-1.1487274863256651	0.00046134059188907006
hmp_airskin_gtdb_source_abundance	s_real_min_af_ge_0.3	0,1,10,11,13,14,15,16,17,18,19,2,20,21,22,23,24,25,26,28,3,4,5,6,7,8,9	0.8878175348505544	0.8821292775665399	1044	77	202	0.01989421972907565	-0.22197558268590456	7	15	20.231326176103657	-3.0080716829177505	0.10184628652067573	0.9802648182329683	0.001327920959234487	0.8679233151214787	0.8482433900760593	23.239397859021405	0.978936897273734	0.01989421972907568	0.033885887490480604	-3.0080716829177483	0.0013279209592342855
hmp_airskin_gtdb_source_abundance	s_real_min_af_ge_0.4	0,1,10,11,13,14,15,16,17,18,19,2,20,21,22,23,24,25,26,28,3,4,5,6,7,8,9	0.8639902330464437	0.8534289556252802	952	33	294	-0.0039330820750348725	-0.32850877192982464	9	14	18.65647898898114	-4.582918870040263	1.035778969071032	0.9816135307760633	0.002676633502329351	0.8679233151214787	0.8482433900760593	23.239397859021405	0.978936897273734	-0.003933082075034955	0.005185565549220894	-4.582918870040267	0.002676633502329273
hmp_airskin_gtdb_source_abundance	s_real_min_af_ge_0.5	0,1,10,11,13,14,15,16,17,18,19,2,20,21,22,23,24,25,26,28,3,4,5,6,7,8,9	0.8246347476796608	0.8020882771713337	845	16	401	-0.04328856744181779	-0.37954545454545463	19	8	18.2004119265543	-5.038985932467104	2.0071335187363886	0.9824270547457644	0.003490157472030314	0.8679233151214787	0.8482433900760593	23.239397859021405	0.978936897273734	-0.04328856744181786	-0.046155112904725626	-5.0389859324671065	0.0034901574720304085
hmp_airskin_gtdb_source_abundance	s_xny_ge_10	0,1,10,11,13,14,15,16,17,18,19,2,20,21,22,23,24,25,26,28,3,4,5,6,7,8,9	0.9015326202031152	0.8952599388379204	1171	199	75	0.033609305081636634	0.0	0	11	23.235927877484997	-0.0034699815364072238	0.0	0.97889547749857	-4.1419775163973494e-05	0.8679233151214787	0.8482433900760593	23.239397859021405	0.978936897273734	0.03360930508163651	0.04701654876186112	-0.0034699815364085396	-4.141977516403106e-05
hmp_airskin_gtdb_source_abundance	s_xny_ge_100	0,1,10,11,13,14,15,16,17,18,19,2,20,21,22,23,24,25,26,28,3,4,5,6,7,8,9	0.9025086856794879	0.8967391304347827	1155	175	91	0.03458537055800946	-0.027564102564102577	3	14	22.428671172481902	-0.8107266865395012	0.005317442161993924	0.9794274559823825	0.0004905587086483118	0.8679233151214787	0.8482433900760593	23.239397859021405	0.978936897273734	0.034585370558009254	0.048495740358723394	-0.8107266865395033	0.0004905587086484475
hmp_airskin_gtdb_source_abundance	s_xny_ge_1000	0,1,10,11,13,14,15,16,17,18,19,2,20,21,22,23,24,25,26,28,3,4,5,6,7,8,9	0.1288338744113039	0.09480122324159021	62	0	1184	-0.7390894407101747	-0.9292929292929293	27	0	145.47197060617953	122.23257274715814	187.1090521717247	0.36207192230752033	-0.6163353795308801	0.8679233151214787	0.8482433900760593	23.239397859021405	0.978936897273734	-0.7390894407101748	-0.7534421668344691	122.23257274715812	-0.6168649749662136
hmp_airskin_gtdb_source_abundance	s_xny_ge_200	0,1,10,11,13,14,15,16,17,18,19,2,20,21,22,23,24,25,26,28,3,4,5,6,7,8,9	0.8968335152027576	0.8922585794094174	1118	142	128	0.028910200081278762	-0.07568493150684918	7	12	22.09067037269574	-1.148727486325659	0.04599058155360325	0.9793982378656231	0.00046134059188899195	0.8679233151214787	0.8482433900760593	23.239397859021405	0.978936897273734	0.02891020008127887	0.04401518933335813	-1.1487274863256651	0.00046134059188907006
hmp_airskin_gtdb_source_abundance	s_xny_ge_25	0,1,10,11,13,14,15,16,17,18,19,2,20,21,22,23,24,25,26,28,3,4,5,6,7,8,9	0.902402424192884	0.8966309341500766	1171	195	75	0.03447910907140533	0.0	0	12	23.21469036732945	-0.02470749169195059	0.0	0.9788932447873109	-4.365248642307157e-05	0.8679233151214787	0.8482433900760593	23.239397859021405	0.978936897273734	0.03447910907140528	0.04838754407401724	-0.024707491691955852	-4.365248642312913e-05
hmp_airskin_gtdb_source_abundance	s_xny_ge_300	0,1,10,11,13,14,15,16,17,18,19,2,20,21,22,23,24,25,26,28,3,4,5,6,7,8,9	0.8878175348505544	0.8821292775665399	1044	77	202	0.01989421972907565	-0.22197558268590456	7	15	20.231326176103657	-3.0080716829177505	0.10184628652067573	0.9802648182329683	0.001327920959234487	0.8679233151214787	0.8482433900760593	23.239397859021405	0.978936897273734	0.01989421972907568	0.033885887490480604	-3.0080716829177483	0.0013279209592342855
hmp_airskin_gtdb_source_abundance	s_xny_ge_50	0,1,10,11,13,14,15,16,17,18,19,2,20,21,22,23,24,25,26,28,3,4,5,6,7,8,9	0.9029214174448098	0.8970023059185241	1167	189	79	0.034998102323331164	-0.013607594936708933	2	13	23.02931094070157	-0.21008691831982826	0.003626532575747632	0.9790492975282216	0.00011240025448771501	0.8679233151214787	0.8482433900760593	23.239397859021405	0.978936897273734	0.034998102323331115	0.048758915842464834	-0.21008691831983484	0.00011240025448755464
hmp_airskin_gtdb_source_abundance	s_xny_ge_500	0,1,10,11,13,14,15,16,17,18,19,2,20,21,22,23,24,25,26,28,3,4,5,6,7,8,9	0.8246347476796608	0.8020882771713337	845	16	401	-0.04328856744181779	-0.37954545454545463	19	8	18.2004119265543	-5.038985932467104	2.0071335187363886	0.9824270547457644	0.003490157472030314	0.8679233151214787	0.8482433900760593	23.239397859021405	0.978936897273734	-0.04328856744181786	-0.046155112904725626	-5.0389859324671065	0.0034901574720304085
hmp_airskin_gtdb_source_abundance	s_xny_ge_750	0,1,10,11,13,14,15,16,17,18,19,2,20,21,22,23,24,25,26,28,3,4,5,6,7,8,9	0.6395695258839432	0.5964125560538116	532	6	714	-0.22835378923753546	-0.5988581466842336	24	3	31.384018707591093	8.144620848569689	46.30852730401776	0.9484780219141811	-0.03045887535955292	0.8679233151214787	0.8482433900760593	23.239397859021405	0.978936897273734	-0.22835378923753546	-0.2518308340222477	8.144620848569687	-0.03045887535955294
hmp_airskin_gtdb_source_abundance	s_zip_af_ge_0.05	0,1,10,11,13,14,15,16,17,18,19,2,20,21,22,23,24,25,26,28,3,4,5,6,7,8,9	0.8740982424083157	0.8562019758507136	1170	317	76	0.006174927286837106	0.0	0	11	22.16253038954569	-1.0768674694757159	0.0	0.979658212406789	0.0007213151330549437	0.8679233151214787	0.8482433900760593	23.239397859021405	0.978936897273734	0.006174927286836995	0.007958585774654248	-1.0768674694757152	0.0007213151330549561
hmp_airskin_gtdb_source_abundance	s_zip_af_ge_0.1	0,1,10,11,13,14,15,16,17,18,19,2,20,21,22,23,24,25,26,28,3,4,5,6,7,8,9	0.8771500580202921	0.8611521418020678	1166	296	80	0.009226742898813608	-0.020875420875420825	2	12	21.019942902061903	-2.2194549569594977	0.0	0.9808746955804608	0.0019377983067267724	0.8679233151214787	0.8482433900760593	23.239397859021405	0.978936897273734	0.009226742898813423	0.012908751726008472	-2.2194549569595026	0.0019377983067268012
hmp_airskin_gtdb_source_abundance	s_zip_af_ge_0.2	0,1,10,11,13,14,15,16,17,18,19,2,20,21,22,23,24,25,26,28,3,4,5,6,7,8,9	0.8905581468778517	0.881145954316686	1138	199	108	0.02263483175637304	-0.02415458937198056	5	17	18.630191885926223	-4.60920597309518	0.7821812082150217	0.9818976815247433	0.0029607842510095653	0.8679233151214787	0.8482433900760593	23.239397859021405	0.978936897273734	0.02263483175637304	0.03290256424062665	-4.609205973095182	0.0029607842510093185
hmp_airskin_gtdb_source_abundance	s_zip_af_ge_0.3	0,1,10,11,13,14,15,16,17,18,19,2,20,21,22,23,24,25,26,28,3,4,5,6,7,8,9	0.8602517815537168	0.8517628205128205	1063	187	183	-0.007671533567761817	-0.10351966873705987	16	10	18.836886380950084	-4.402511478071322	2.3168007261363783	0.9830493172286265	0.004112419954892565	0.8679233151214787	0.8482433900760593	23.239397859021405	0.978936897273734	-0.007671533567761846	0.003519430436761173	-4.402511478071322	0.004112419954892532
hmp_airskin_gtdb_source_abundance	s_zip_af_ge_0.4	0,1,10,11,13,14,15,16,17,18,19,2,20,21,22,23,24,25,26,28,3,4,5,6,7,8,9	0.8271831661871603	0.8114856429463171	975	182	271	-0.04074014893431834	-0.1349143610013176	23	3	21.064667876989002	-2.1747299820324026	4.5485299923163645	0.9786137664820463	-0.00032313079168761534	0.8679233151214787	0.8482433900760593	23.239397859021405	0.978936897273734	-0.04074014893431843	-0.036757747129742224	-2.174729982032403	-0.0003231307916876647
hmp_airskin_gtdb_source_abundance	s_zip_af_ge_0.5	0,1,10,11,13,14,15,16,17,18,19,2,20,21,22,23,24,25,26,28,3,4,5,6,7,8,9	0.7814495005336646	0.758169934640523	870	179	376	-0.08647381458781402	-0.16675661090124116	24	2	25.761743716847672	2.522345857826266	22.208658337076784	0.9703574027568421	-0.008579494516891974	0.8679233151214787	0.8482433900760593	23.239397859021405	0.978936897273734	-0.08647381458781411	-0.09007345543553635	2.5223458578262665	-0.008579494516891883
hmp_airskin_gtdb_source_abundance	split_unique_breadth_ratio_le_1.1	0,1,10,11,13,14,15,16,17,18,19,2,20,21,22,23,24,25,26,28,3,4,5,6,7,8,9	0.5236877450909562	0.5297418630751964	472	64	774	-0.3442355700305225	-0.5384615384615385	27	0	131.48636309749324	108.24696523847182	165.27076862106892	0.39186044384622354	-0.5870764534275104	0.8679233151214787	0.8482433900760593	23.239397859021405	0.978936897273734	-0.3442355700305225	-0.31850152700086287	108.24696523847183	-0.5870764534275105
hmp_airskin_gtdb_source_abundance	split_unique_breadth_ratio_le_1.25	0,1,10,11,13,14,15,16,17,18,19,2,20,21,22,23,24,25,26,28,3,4,5,6,7,8,9	0.7310119874109426	0.7120036513007758	780	165	466	-0.13691132771053585	-0.22989840348330914	27	0	42.59388520771182	19.35448734869042	53.05098825450217	0.920212376003285	-0.05872452127044889	0.8679233151214787	0.8482433900760593	23.239397859021405	0.978936897273734	-0.13691132771053605	-0.1362397387752835	19.354487348690416	-0.058724521270449026
hmp_airskin_gtdb_source_abundance	split_unique_breadth_ratio_le_1.5	0,1,10,11,13,14,15,16,17,18,19,2,20,21,22,23,24,25,26,28,3,4,5,6,7,8,9	0.831290753737865	0.8249282492824929	1006	187	240	-0.03663256138361366	-0.14855072463768126	22	5	25.471200134746702	2.231802275725298	41.373596497501026	0.9538775104902385	-0.02505938678349552	0.8679233151214787	0.8482433900760593	23.239397859021405	0.978936897273734	-0.036632561383613704	-0.023315140793566447	2.231802275725297	-0.025059386783495508
hmp_airskin_gtdb_source_abundance	split_unique_breadth_ratio_le_2	0,1,10,11,13,14,15,16,17,18,19,2,20,21,22,23,24,25,26,28,3,4,5,6,7,8,9	0.886732497460914	0.8757668711656442	1142	220	104	0.018809182339435224	-0.041538461538461635	5	18	19.293734331964473	-3.945663527056936	1.606344977416736	0.9817668594031538	0.0028299621294198994	0.8679233151214787	0.8482433900760593	23.239397859021405	0.978936897273734	0.018809182339435293	0.02752348108958491	-3.945663527056933	0.002829962129419772
hmp_airskin_gtdb_source_abundance	split_unique_breadth_ratio_le_3	0,1,10,11,13,14,15,16,17,18,19,2,20,21,22,23,24,25,26,28,3,4,5,6,7,8,9	0.8808114404444838	0.867586721372622	1163	272	83	0.012888125323005341	-0.003028336577979851	1	15	20.955615382189908	-2.2837824768314983	0.0837452777907366	0.980415769205784	0.0014788719320498868	0.8679233151214787	0.8482433900760593	23.239397859021405	0.978936897273734	0.012888125323005095	0.019343331296562738	-2.2837824768314974	0.0014788719320499855
hmp_airskin_gtdb_source_abundance	split_unique_xny_ratio_le_1.1	0,1,10,11,13,14,15,16,17,18,19,2,20,21,22,23,24,25,26,28,3,4,5,6,7,8,9	0.32180411504955136	0.3079922027290449	237	56	1009	-0.5461192000719272	-0.7683991683991684	27	0	163.4673799073358	140.2279820483144	173.63554752378508	0.18334223957985735	-0.7955946576938766	0.8679233151214787	0.8482433900760593	23.239397859021405	0.978936897273734	-0.5461192000719273	-0.5402511873470144	140.2279820483144	-0.7955946576938766
hmp_airskin_gtdb_source_abundance	split_unique_xny_ratio_le_1.25	0,1,10,11,13,14,15,16,17,18,19,2,20,21,22,23,24,25,26,28,3,4,5,6,7,8,9	0.4973810498544105	0.498564043653073	434	61	812	-0.3705422652670682	-0.5478967833156594	27	0	136.6742810969607	113.43488323793929	165.97491523916085	0.3414404855150991	-0.6374964117586347	0.8679233151214787	0.8482433900760593	23.239397859021405	0.978936897273734	-0.3705422652670682	-0.3496793464229863	113.43488323793929	-0.6374964117586349
hmp_airskin_gtdb_source_abundance	split_unique_xny_ratio_le_1.5	0,1,10,11,13,14,15,16,17,18,19,2,20,21,22,23,24,25,26,28,3,4,5,6,7,8,9	0.6737644616737983	0.6451612903225806	670	161	576	-0.19415885344768033	-0.3315541601255887	27	0	51.6055280842494	28.366130225227995	103.77406520216356	0.8885394977089942	-0.09039739956473972	0.8679233151214787	0.8482433900760593	23.239397859021405	0.978936897273734	-0.19415885344768036	-0.20308209975347868	28.366130225227995	-0.0903973995647398
hmp_airskin_gtdb_source_abundance	split_unique_xny_ratio_le_2	0,1,10,11,13,14,15,16,17,18,19,2,20,21,22,23,24,25,26,28,3,4,5,6,7,8,9	0.7822970965439198	0.7689640225400953	887	174	359	-0.08562621857755877	-0.16778149386845043	26	1	37.768928771029046	14.529530912007644	46.668661052612656	0.9193975312965791	-0.05953936597715496	0.8679233151214787	0.8482433900760593	23.239397859021405	0.978936897273734	-0.08562621857755892	-0.07927936753596398	14.52953091200764	-0.05953936597715492
hmp_airskin_gtdb_source_abundance	split_unique_xny_ratio_le_3	0,1,10,11,13,14,15,16,17,18,19,2,20,21,22,23,24,25,26,28,3,4,5,6,7,8,9	0.856635922482752	0.8415124698310538	1046	194	200	-0.0112873926387265	-0.0652173913043479	18	8	24.195814741650604	0.9564168826291976	41.12846119263851	0.957938548866237	-0.020998348407496984	0.8679233151214787	0.8482433900760593	23.239397859021405	0.978936897273734	-0.01128739263872669	-0.006730920245005545	0.956416882629199	-0.020998348407497036
hmp_airskin_gtdb_source_abundance	split_unique_xny_ratio_le_5	0,1,10,11,13,14,15,16,17,18,19,2,20,21,22,23,24,25,26,28,3,4,5,6,7,8,9	0.8758459660760564	0.8648233486943165	1126	232	120	0.007922650954577703	-0.05984104721832639	6	14	20.561229477238342	-2.678168381783063	6.229989495420426	0.9804999925435517	0.0015630952698176455	0.8679233151214787	0.8482433900760593	23.239397859021405	0.978936897273734	0.00792265095457767	0.01657995861825723	-2.6781683817830633	0.0015630952698176825
hmp_gastrooral_gtdb_source_abundance	current_calls	0,6	0.9195678271308523	0.9156626506024096	76	9	5	0.0	0.0	0	0	48.986991106324496	0.0	0.0	0.8822766995655476	0.0	0.9195678271308523	0.9156626506024096	48.986991106324496	0.8822766995655476	0.0	0.0	0.0	0.0
hmp_gastrooral_gtdb_source_abundance	drop_ani_lt_0.95_and_breadth_lt_0.05	0,6	0.9195678271308523	0.9156626506024096	76	9	5	0.0	0.0	0	0	48.986991106324496	0.0	0.0	0.8822766995655476	0.0	0.9195678271308523	0.9156626506024096	48.986991106324496	0.8822766995655476	0.0	0.0	0.0	0.0
hmp_gastrooral_gtdb_source_abundance	drop_ani_lt_0.95_and_breadth_lt_0.1	0,6	0.9241964827167981	0.9212121212121211	76	8	5	0.004628655585945718	0.0	0	1	48.26509121235975	-0.7218998939647463	0.0	0.8834470873224702	0.0011703877569226862	0.9195678271308523	0.9156626506024096	48.986991106324496	0.8822766995655476	0.004628655585945829	0.00554947060971156	-0.7218998939647463	0.0011703877569226862
hmp_gastrooral_gtdb_source_abundance	drop_ani_lt_0.95_and_breadth_lt_0.2	0,6	0.9185049019607843	0.9146341463414634	75	8	6	-0.001062925170068063	-0.002125850340136126	1	0	49.00077789364828	0.013786787323773808	0.027573574647547616	0.8821215869795433	-0.0001551125860041469	0.9195678271308523	0.9156626506024096	48.986991106324496	0.8822766995655476	-0.0010629251700680076	-0.0010285042609461392	0.013786787323780914	-0.0001551125860042024
hmp_gastrooral_gtdb_source_abundance	drop_ani_lt_0.96_and_breadth_lt_0.05	0,6	0.9195678271308523	0.9156626506024096	76	9	5	0.0	0.0	0	0	48.986991106324496	0.0	0.0	0.8822766995655476	0.0	0.9195678271308523	0.9156626506024096	48.986991106324496	0.8822766995655476	0.0	0.0	0.0	0.0
hmp_gastrooral_gtdb_source_abundance	drop_ani_lt_0.96_and_breadth_lt_0.1	0,6	0.9241964827167981	0.9212121212121211	76	8	5	0.004628655585945718	0.0	0	1	48.26509121235975	-0.7218998939647463	0.0	0.8834470873224702	0.0011703877569226862	0.9195678271308523	0.9156626506024096	48.986991106324496	0.8822766995655476	0.004628655585945829	0.00554947060971156	-0.7218998939647463	0.0011703877569226862
hmp_gastrooral_gtdb_source_abundance	drop_ani_lt_0.96_and_breadth_lt_0.2	0,6	0.9185049019607843	0.9146341463414634	75	8	6	-0.001062925170068063	-0.002125850340136126	1	0	49.00077789364828	0.013786787323773808	0.027573574647547616	0.8821215869795433	-0.0001551125860041469	0.9195678271308523	0.9156626506024096	48.986991106324496	0.8822766995655476	-0.0010629251700680076	-0.0010285042609461392	0.013786787323780914	-0.0001551125860042024
hmp_gastrooral_gtdb_source_abundance	drop_ani_lt_0.97_and_breadth_lt_0.05	0,6	0.9195678271308523	0.9156626506024096	76	9	5	0.0	0.0	0	0	48.986991106324496	0.0	0.0	0.8822766995655476	0.0	0.9195678271308523	0.9156626506024096	48.986991106324496	0.8822766995655476	0.0	0.0	0.0	0.0
hmp_gastrooral_gtdb_source_abundance	drop_ani_lt_0.97_and_breadth_lt_0.1	0,6	0.9241964827167981	0.9212121212121211	76	8	5	0.004628655585945718	0.0	0	1	48.26509121235975	-0.7218998939647463	0.0	0.8834470873224702	0.0011703877569226862	0.9195678271308523	0.9156626506024096	48.986991106324496	0.8822766995655476	0.004628655585945829	0.00554947060971156	-0.7218998939647463	0.0011703877569226862
hmp_gastrooral_gtdb_source_abundance	drop_ani_lt_0.97_and_breadth_lt_0.2	0,6	0.9185049019607843	0.9146341463414634	75	8	6	-0.001062925170068063	-0.002125850340136126	1	0	49.00077789364828	0.013786787323773808	0.027573574647547616	0.8821215869795433	-0.0001551125860041469	0.9195678271308523	0.9156626506024096	48.986991106324496	0.8822766995655476	-0.0010629251700680076	-0.0010285042609461392	0.013786787323780914	-0.0001551125860042024
hmp_gastrooral_gtdb_source_abundance	drop_ani_lt_0.98_and_breadth_lt_0.05	0,6	0.9195678271308523	0.9156626506024096	76	9	5	0.0	0.0	0	0	48.986991106324496	0.0	0.0	0.8822766995655476	0.0	0.9195678271308523	0.9156626506024096	48.986991106324496	0.8822766995655476	0.0	0.0	0.0	0.0
hmp_gastrooral_gtdb_source_abundance	drop_ani_lt_0.98_and_breadth_lt_0.1	0,6	0.9241964827167981	0.9212121212121211	76	8	5	0.004628655585945718	0.0	0	1	48.26509121235975	-0.7218998939647463	0.0	0.8834470873224702	0.0011703877569226862	0.9195678271308523	0.9156626506024096	48.986991106324496	0.8822766995655476	0.004628655585945829	0.00554947060971156	-0.7218998939647463	0.0011703877569226862
hmp_gastrooral_gtdb_source_abundance	drop_ani_lt_0.98_and_breadth_lt_0.2	0,6	0.9067584480600751	0.9012345679012346	73	8	8	-0.012809379070777227	-0.025618758141554454	1	0	49.708752209791214	0.7217611034667115	1.443522206933423	0.881219635264665	-0.0010570643008825376	0.9195678271308523	0.9156626506024096	48.986991106324496	0.8822766995655476	-0.012809379070777172	-0.014428082701175016	0.7217611034667186	-0.001057064300882593
hmp_gastrooral_gtdb_source_abundance	drop_depth_lt_0.5_and_breadth_lt_0.05	0,6	0.9195678271308523	0.9156626506024096	76	9	5	0.0	0.0	0	0	48.986991106324496	0.0	0.0	0.8822766995655476	0.0	0.9195678271308523	0.9156626506024096	48.986991106324496	0.8822766995655476	0.0	0.0	0.0	0.0
hmp_gastrooral_gtdb_source_abundance	drop_depth_lt_0.5_and_breadth_lt_0.1	0,6	0.928035043804756	0.9259259259259259	75	6	6	0.0084672166739036	0.0	0	1	48.165021810890394	-0.8219692954341085	0.0	0.8832479384601515	0.0009712388946039319	0.9195678271308523	0.9156626506024096	48.986991106324496	0.8822766995655476	0.00846721667390371	0.010263275323516341	-0.8219692954341014	0.0009712388946039319
hmp_gastrooral_gtdb_source_abundance	drop_depth_lt_0.5_and_breadth_lt_0.2	0,6	0.9242424242424243	0.922077922077922	71	2	10	0.0046745971115719764	-0.0017825311942958333	1	1	49.408301754728164	0.4213106484036633	0.8386190189524569	0.8802765595410277	-0.002000140024519814	0.9195678271308523	0.9156626506024096	48.986991106324496	0.8822766995655476	0.004674597111572032	0.006415271475512463	0.4213106484036686	-0.0020001400245198697
hmp_gastrooral_gtdb_source_abundance	drop_depth_lt_0.5_and_breadth_lt_0.3	0,6	0.9213085764809903	0.9210526315789475	70	1	11	0.00174074935013796	-0.018099547511312264	1	1	49.41710314550473	0.4301120391802318	0.49724884098591815	0.8799553039266843	-0.002321395638863244	0.9195678271308523	0.9156626506024096	48.986991106324496	0.8822766995655476	0.0017407493501380156	0.005389980976537867	0.4301120391802371	-0.002321395638863244
hmp_gastrooral_gtdb_source_abundance	drop_depth_lt_1_and_breadth_lt_0.05	0,6	0.9195678271308523	0.9156626506024096	76	9	5	0.0	0.0	0	0	48.986991106324496	0.0	0.0	0.8822766995655476	0.0	0.9195678271308523	0.9156626506024096	48.986991106324496	0.8822766995655476	0.0	0.0	0.0	0.0
hmp_gastrooral_gtdb_source_abundance	drop_depth_lt_1_and_breadth_lt_0.1	0,6	0.928035043804756	0.9259259259259259	75	6	6	0.0084672166739036	0.0	0	1	48.165021810890394	-0.8219692954341085	0.0	0.8832479384601515	0.0009712388946039319	0.9195678271308523	0.9156626506024096	48.986991106324496	0.8822766995655476	0.00846721667390371	0.010263275323516341	-0.8219692954341014	0.0009712388946039319
hmp_gastrooral_gtdb_source_abundance	drop_depth_lt_1_and_breadth_lt_0.2	0,6	0.9242424242424243	0.922077922077922	71	2	10	0.0046745971115719764	-0.0017825311942958333	1	1	49.408301754728164	0.4213106484036633	0.8386190189524569	0.8802765595410277	-0.002000140024519814	0.9195678271308523	0.9156626506024096	48.986991106324496	0.8822766995655476	0.004674597111572032	0.006415271475512463	0.4213106484036686	-0.0020001400245198697
hmp_gastrooral_gtdb_source_abundance	drop_depth_lt_1_and_breadth_lt_0.3	0,6	0.9213085764809903	0.9210526315789475	70	1	11	0.00174074935013796	-0.018099547511312264	1	1	49.41710314550473	0.4301120391802318	0.49724884098591815	0.8799553039266843	-0.002321395638863244	0.9195678271308523	0.9156626506024096	48.986991106324496	0.8822766995655476	0.0017407493501380156	0.005389980976537867	0.4301120391802371	-0.002321395638863244
hmp_gastrooral_gtdb_source_abundance	drop_depth_lt_2_and_breadth_lt_0.05	0,6	0.9195678271308523	0.9156626506024096	76	9	5	0.0	0.0	0	0	48.986991106324496	0.0	0.0	0.8822766995655476	0.0	0.9195678271308523	0.9156626506024096	48.986991106324496	0.8822766995655476	0.0	0.0	0.0	0.0
hmp_gastrooral_gtdb_source_abundance	drop_depth_lt_2_and_breadth_lt_0.1	0,6	0.928035043804756	0.9259259259259259	75	6	6	0.0084672166739036	0.0	0	1	48.165021810890394	-0.8219692954341085	0.0	0.8832479384601515	0.0009712388946039319	0.9195678271308523	0.9156626506024096	48.986991106324496	0.8822766995655476	0.00846721667390371	0.010263275323516341	-0.8219692954341014	0.0009712388946039319
hmp_gastrooral_gtdb_source_abundance	drop_depth_lt_2_and_breadth_lt_0.2	0,6	0.9242424242424243	0.922077922077922	71	2	10	0.0046745971115719764	-0.0017825311942958333	1	1	49.408301754728164	0.4213106484036633	0.8386190189524569	0.8802765595410277	-0.002000140024519814	0.9195678271308523	0.9156626506024096	48.986991106324496	0.8822766995655476	0.004674597111572032	0.006415271475512463	0.4213106484036686	-0.0020001400245198697
hmp_gastrooral_gtdb_source_abundance	drop_depth_lt_2_and_breadth_lt_0.3	0,6	0.9213085764809903	0.9210526315789475	70	1	11	0.00174074935013796	-0.018099547511312264	1	1	49.41710314550473	0.4301120391802318	0.49724884098591815	0.8799553039266843	-0.002321395638863244	0.9195678271308523	0.9156626506024096	48.986991106324496	0.8822766995655476	0.0017407493501380156	0.005389980976537867	0.4301120391802371	-0.002321395638863244
hmp_gastrooral_gtdb_source_abundance	drop_prob_lt_0.5_and_breadth_lt_0.05	0,6	0.9195678271308523	0.9156626506024096	76	9	5	0.0	0.0	0	0	48.986991106324496	0.0	0.0	0.8822766995655476	0.0	0.9195678271308523	0.9156626506024096	48.986991106324496	0.8822766995655476	0.0	0.0	0.0	0.0
hmp_gastrooral_gtdb_source_abundance	drop_prob_lt_0.5_and_breadth_lt_0.1	0,6	0.928921568627451	0.9268292682926829	76	7	5	0.009353741496598622	0.0	0	1	48.230865209925526	-0.7561258963989701	0.0	0.883394596065271	0.0011178964997235474	0.9195678271308523	0.9156626506024096	48.986991106324496	0.8822766995655476	0.009353741496598733	0.011166617690273273	-0.7561258963989701	0.001117896499723492
hmp_gastrooral_gtdb_source_abundance	drop_prob_lt_0.5_and_breadth_lt_0.2	0,6	0.9244204509368054	0.9192546583850932	74	6	7	0.004852623805953027	-0.004342162396873683	1	1	49.291608513598526	0.30461740727402464	0.6488479620499419	0.881449211493138	-0.0008274880724093991	0.9195678271308523	0.9156626506024096	48.986991106324496	0.8822766995655476	0.004852623805953082	0.0035920077826836483	0.30461740727402997	-0.0008274880724095102
hmp_gastrooral_gtdb_source_abundance	drop_prob_lt_0.5_and_breadth_lt_0.3	0,6	0.9165054803352676	0.9125	73	6	8	-0.0030623467955847583	-0.004342162396873683	2	0	49.47106132563849	0.48407021931399186	0.6488479620499419	0.8814409300210235	-0.0008357695445240232	0.9195678271308523	0.9156626506024096	48.986991106324496	0.8822766995655476	-0.003062346795584703	-0.0031626506024096113	0.48407021931399186	-0.0008357695445240232
hmp_gastrooral_gtdb_source_abundance	drop_prob_lt_0.5_and_realaf_lt_0.05	0,6	0.9195678271308523	0.9156626506024096	76	9	5	0.0	0.0	0	0	48.986991106324496	0.0	0.0	0.8822766995655476	0.0	0.9195678271308523	0.9156626506024096	48.986991106324496	0.8822766995655476	0.0	0.0	0.0	0.0
hmp_gastrooral_gtdb_source_abundance	drop_prob_lt_0.5_and_realaf_lt_0.1	0,6	0.9195678271308523	0.9156626506024096	76	9	5	0.0	0.0	0	0	48.986991106324496	0.0	0.0	0.8822766995655476	0.0	0.9195678271308523	0.9156626506024096	48.986991106324496	0.8822766995655476	0.0	0.0	0.0	0.0
hmp_gastrooral_gtdb_source_abundance	drop_prob_lt_0.5_and_realaf_lt_0.2	0,6	0.9195678271308523	0.9156626506024096	76	9	5	0.0	0.0	0	0	48.986991106324496	0.0	0.0	0.8822766995655476	0.0	0.9195678271308523	0.9156626506024096	48.986991106324496	0.8822766995655476	0.0	0.0	0.0	0.0
hmp_gastrooral_gtdb_source_abundance	drop_prob_lt_0.5_and_realaf_lt_0.3	0,6	0.9265915321352423	0.9212121212121211	76	8	5	0.0070237050043898686	0.0	0	1	48.967184532573555	-0.0198065737509463	0.0	0.8821404785335565	-0.00013622103199095736	0.9195678271308523	0.9156626506024096	48.986991106324496	0.8822766995655476	0.00702370500438998	0.00554947060971156	-0.01980657375094097	-0.00013622103199106839
hmp_gastrooral_gtdb_source_abundance	drop_prob_lt_0.5_and_xny_lt_100	0,6	0.9195678271308523	0.9156626506024096	76	9	5	0.0	0.0	0	0	48.986991106324496	0.0	0.0	0.8822766995655476	0.0	0.9195678271308523	0.9156626506024096	48.986991106324496	0.8822766995655476	0.0	0.0	0.0	0.0
hmp_gastrooral_gtdb_source_abundance	drop_prob_lt_0.5_and_xny_lt_200	0,6	0.9195678271308523	0.9156626506024096	76	9	5	0.0	0.0	0	0	48.986991106324496	0.0	0.0	0.8822766995655476	0.0	0.9195678271308523	0.9156626506024096	48.986991106324496	0.8822766995655476	0.0	0.0	0.0	0.0
hmp_gastrooral_gtdb_source_abundance	drop_prob_lt_0.5_and_xny_lt_25	0,6	0.9195678271308523	0.9156626506024096	76	9	5	0.0	0.0	0	0	48.986991106324496	0.0	0.0	0.8822766995655476	0.0	0.9195678271308523	0.9156626506024096	48.986991106324496	0.8822766995655476	0.0	0.0	0.0	0.0
hmp_gastrooral_gtdb_source_abundance	drop_prob_lt_0.5_and_xny_lt_50	0,6	0.9195678271308523	0.9156626506024096	76	9	5	0.0	0.0	0	0	48.986991106324496	0.0	0.0	0.8822766995655476	0.0	0.9195678271308523	0.9156626506024096	48.986991106324496	0.8822766995655476	0.0	0.0	0.0	0.0
hmp_gastrooral_gtdb_source_abundance	drop_prob_lt_0.5_and_xny_lt_500	0,6	0.9359452736318408	0.9325153374233128	76	6	5	0.01637744650098849	0.014047410008779737	0	2	48.211058636174585	-0.7759324701499164	-0.0396131475018926	0.8832583750332801	0.00098167546773259	0.9195678271308523	0.9156626506024096	48.986991106324496	0.8822766995655476	0.01637744650098849	0.01685268682090324	-0.7759324701499111	0.0009816754677325346
hmp_gastrooral_gtdb_source_abundance	drop_prob_lt_0.5_and_zipaf_lt_0.1	0,6	0.9195678271308523	0.9156626506024096	76	9	5	0.0	0.0	0	0	48.986991106324496	0.0	0.0	0.8822766995655476	0.0	0.9195678271308523	0.9156626506024096	48.986991106324496	0.8822766995655476	0.0	0.0	0.0	0.0
hmp_gastrooral_gtdb_source_abundance	drop_prob_lt_0.5_and_zipaf_lt_0.2	0,6	0.9195678271308523	0.9156626506024096	76	9	5	0.0	0.0	0	0	48.986991106324496	0.0	0.0	0.8822766995655476	0.0	0.9195678271308523	0.9156626506024096	48.986991106324496	0.8822766995655476	0.0	0.0	0.0	0.0
hmp_gastrooral_gtdb_source_abundance	drop_prob_lt_0.5_and_zipaf_lt_0.3	0,6	0.9195678271308523	0.9156626506024096	76	9	5	0.0	0.0	0	0	48.986991106324496	0.0	0.0	0.8822766995655476	0.0	0.9195678271308523	0.9156626506024096	48.986991106324496	0.8822766995655476	0.0	0.0	0.0	0.0
hmp_gastrooral_gtdb_source_abundance	drop_prob_lt_0.5_and_zipaf_lt_0.4	0,6	0.9195678271308523	0.9156626506024096	76	9	5	0.0	0.0	0	0	48.986991106324496	0.0	0.0	0.8822766995655476	0.0	0.9195678271308523	0.9156626506024096	48.986991106324496	0.8822766995655476	0.0	0.0	0.0	0.0
hmp_gastrooral_gtdb_source_abundance	drop_prob_lt_0.7_and_breadth_lt_0.05	0,6	0.9195678271308523	0.9156626506024096	76	9	5	0.0	0.0	0	0	48.986991106324496	0.0	0.0	0.8822766995655476	0.0	0.9195678271308523	0.9156626506024096	48.986991106324496	0.8822766995655476	0.0	0.0	0.0	0.0
hmp_gastrooral_gtdb_source_abundance	drop_prob_lt_0.7_and_breadth_lt_0.1	0,6	0.928921568627451	0.9268292682926829	76	7	5	0.009353741496598622	0.0	0	1	48.230865209925526	-0.7561258963989701	0.0	0.883394596065271	0.0011178964997235474	0.9195678271308523	0.9156626506024096	48.986991106324496	0.8822766995655476	0.009353741496598733	0.011166617690273273	-0.7561258963989701	0.001117896499723492
hmp_gastrooral_gtdb_source_abundance	drop_prob_lt_0.7_and_breadth_lt_0.2	0,6	0.9341336794289423	0.9308176100628931	74	4	7	0.014565852298089932	0.014047410008779737	0	2	49.15456548486884	0.1675743785443391	0.3747619045905708	0.8811378674062599	-0.0011388321592876172	0.9195678271308523	0.9156626506024096	48.986991106324496	0.8822766995655476	0.014565852298090043	0.015154959460483508	0.16757437854434443	-0.0011388321592876727
hmp_gastrooral_gtdb_source_abundance	drop_prob_lt_0.7_and_breadth_lt_0.3	0,6	0.9262187088274045	0.9240506329113924	73	4	8	0.006650881696552147	-0.0017825311942958333	1	1	49.33401829690881	0.3470271905843063	0.3747619045905708	0.8811295859341453	-0.0011471136314022412	0.9195678271308523	0.9156626506024096	48.986991106324496	0.8822766995655476	0.006650881696552258	0.008387982308982855	0.3470271905843134	-0.0011471136314022967
hmp_gastrooral_gtdb_source_abundance	drop_prob_lt_0.7_and_realaf_lt_0.05	0,6	0.9195678271308523	0.9156626506024096	76	9	5	0.0	0.0	0	0	48.986991106324496	0.0	0.0	0.8822766995655476	0.0	0.9195678271308523	0.9156626506024096	48.986991106324496	0.8822766995655476	0.0	0.0	0.0	0.0
hmp_gastrooral_gtdb_source_abundance	drop_prob_lt_0.7_and_realaf_lt_0.1	0,6	0.9195678271308523	0.9156626506024096	76	9	5	0.0	0.0	0	0	48.986991106324496	0.0	0.0	0.8822766995655476	0.0	0.9195678271308523	0.9156626506024096	48.986991106324496	0.8822766995655476	0.0	0.0	0.0	0.0
hmp_gastrooral_gtdb_source_abundance	drop_prob_lt_0.7_and_realaf_lt_0.2	0,6	0.9195678271308523	0.9156626506024096	76	9	5	0.0	0.0	0	0	48.986991106324496	0.0	0.0	0.8822766995655476	0.0	0.9195678271308523	0.9156626506024096	48.986991106324496	0.8822766995655476	0.0	0.0	0.0	0.0
hmp_gastrooral_gtdb_source_abundance	drop_prob_lt_0.7_and_realaf_lt_0.3	0,6	0.9312201877211879	0.9268292682926829	76	7	5	0.011652360590335586	0.009257311171891436	0	2	48.912251141034986	-0.0747399652895151	-0.0396131475018926	0.8820638856064991	-0.00021281395904843015	0.9195678271308523	0.9156626506024096	48.986991106324496	0.8822766995655476	0.011652360590335586	0.011166617690273273	-0.07473996528950977	-0.00021281395904848566
hmp_gastrooral_gtdb_source_abundance	drop_prob_lt_0.7_and_xny_lt_100	0,6	0.9195678271308523	0.9156626506024096	76	9	5	0.0	0.0	0	0	48.986991106324496	0.0	0.0	0.8822766995655476	0.0	0.9195678271308523	0.9156626506024096	48.986991106324496	0.8822766995655476	0.0	0.0	0.0	0.0
hmp_gastrooral_gtdb_source_abundance	drop_prob_lt_0.7_and_xny_lt_200	0,6	0.9195678271308523	0.9156626506024096	76	9	5	0.0	0.0	0	0	48.986991106324496	0.0	0.0	0.8822766995655476	0.0	0.9195678271308523	0.9156626506024096	48.986991106324496	0.8822766995655476	0.0	0.0	0.0	0.0
hmp_gastrooral_gtdb_source_abundance	drop_prob_lt_0.7_and_xny_lt_25	0,6	0.9195678271308523	0.9156626506024096	76	9	5	0.0	0.0	0	0	48.986991106324496	0.0	0.0	0.8822766995655476	0.0	0.9195678271308523	0.9156626506024096	48.986991106324496	0.8822766995655476	0.0	0.0	0.0	0.0
hmp_gastrooral_gtdb_source_abundance	drop_prob_lt_0.7_and_xny_lt_50	0,6	0.9195678271308523	0.9156626506024096	76	9	5	0.0	0.0	0	0	48.986991106324496	0.0	0.0	0.8822766995655476	0.0	0.9195678271308523	0.9156626506024096	48.986991106324496	0.8822766995655476	0.0	0.0	0.0	0.0
hmp_gastrooral_gtdb_source_abundance	drop_prob_lt_0.7_and_xny_lt_500	0,6	0.9456970466814862	0.9440993788819876	76	4	5	0.02612921955063391	0.014047410008779737	0	2	48.07135306159118	-0.9156380447333188	-0.0396131475018926	0.8830115975408368	0.0007348979752893059	0.9195678271308523	0.9156626506024096	48.986991106324496	0.8822766995655476	0.026129219550633964	0.028436728279577994	-0.9156380447333134	0.0007348979752892504
hmp_gastrooral_gtdb_source_abundance	drop_prob_lt_0.7_and_zipaf_lt_0.1	0,6	0.9195678271308523	0.9156626506024096	76	9	5	0.0	0.0	0	0	48.986991106324496	0.0	0.0	0.8822766995655476	0.0	0.9195678271308523	0.9156626506024096	48.986991106324496	0.8822766995655476	0.0	0.0	0.0	0.0
hmp_gastrooral_gtdb_source_abundance	drop_prob_lt_0.7_and_zipaf_lt_0.2	0,6	0.9195678271308523	0.9156626506024096	76	9	5	0.0	0.0	0	0	48.986991106324496	0.0	0.0	0.8822766995655476	0.0	0.9195678271308523	0.9156626506024096	48.986991106324496	0.8822766995655476	0.0	0.0	0.0	0.0
hmp_gastrooral_gtdb_source_abundance	drop_prob_lt_0.7_and_zipaf_lt_0.3	0,6	0.9195678271308523	0.9156626506024096	76	9	5	0.0	0.0	0	0	48.986991106324496	0.0	0.0	0.8822766995655476	0.0	0.9195678271308523	0.9156626506024096	48.986991106324496	0.8822766995655476	0.0	0.0	0.0	0.0
hmp_gastrooral_gtdb_source_abundance	drop_prob_lt_0.7_and_zipaf_lt_0.4	0,6	0.9195678271308523	0.9156626506024096	76	9	5	0.0	0.0	0	0	48.986991106324496	0.0	0.0	0.8822766995655476	0.0	0.9195678271308523	0.9156626506024096	48.986991106324496	0.8822766995655476	0.0	0.0	0.0	0.0
hmp_gastrooral_gtdb_source_abundance	drop_prob_lt_0.95_and_breadth_lt_0.05	0,6	0.9195678271308523	0.9156626506024096	76	9	5	0.0	0.0	0	0	48.986991106324496	0.0	0.0	0.8822766995655476	0.0	0.9195678271308523	0.9156626506024096	48.986991106324496	0.8822766995655476	0.0	0.0	0.0	0.0
hmp_gastrooral_gtdb_source_abundance	drop_prob_lt_0.95_and_breadth_lt_0.1	0,6	0.928035043804756	0.9259259259259259	75	6	6	0.0084672166739036	0.0	0	1	48.165021810890394	-0.8219692954341085	0.0	0.8832479384601515	0.0009712388946039319	0.9195678271308523	0.9156626506024096	48.986991106324496	0.8822766995655476	0.00846721667390371	0.010263275323516341	-0.8219692954341014	0.0009712388946039319
hmp_gastrooral_gtdb_source_abundance	drop_prob_lt_0.95_and_breadth_lt_0.2	0,6	0.9242424242424243	0.922077922077922	71	2	10	0.0046745971115719764	-0.0017825311942958333	1	1	49.408301754728164	0.4213106484036633	0.8386190189524569	0.8802765595410277	-0.002000140024519814	0.9195678271308523	0.9156626506024096	48.986991106324496	0.8822766995655476	0.004674597111572032	0.006415271475512463	0.4213106484036686	-0.0020001400245198697
hmp_gastrooral_gtdb_source_abundance	drop_prob_lt_0.95_and_breadth_lt_0.3	0,6	0.9213085764809903	0.9210526315789475	70	1	11	0.00174074935013796	-0.018099547511312264	1	1	49.41710314550473	0.4301120391802318	0.49724884098591815	0.8799553039266843	-0.002321395638863244	0.9195678271308523	0.9156626506024096	48.986991106324496	0.8822766995655476	0.0017407493501380156	0.005389980976537867	0.4301120391802371	-0.002321395638863244
hmp_gastrooral_gtdb_source_abundance	drop_prob_lt_0.95_and_realaf_lt_0.05	0,6	0.9195678271308523	0.9156626506024096	76	9	5	0.0	0.0	0	0	48.986991106324496	0.0	0.0	0.8822766995655476	0.0	0.9195678271308523	0.9156626506024096	48.986991106324496	0.8822766995655476	0.0	0.0	0.0	0.0
hmp_gastrooral_gtdb_source_abundance	drop_prob_lt_0.95_and_realaf_lt_0.1	0,6	0.9138872043662826	0.9090909090909091	75	9	6	-0.005680622764569765	-0.01136124552913953	1	0	48.965201651269666	-0.021789455054836537	0.0	0.8822006677989374	-7.603176661014066e-05	0.9195678271308523	0.9156626506024096	48.986991106324496	0.8822766995655476	-0.005680622764569709	-0.006571741511500528	-0.021789455054829432	-7.603176661019617e-05
hmp_gastrooral_gtdb_source_abundance	drop_prob_lt_0.95_and_realaf_lt_0.2	0,6	0.905985536236344	0.9024390243902438	74	9	7	-0.013582290894508242	-0.015803336259876954	2	0	48.9870250008249	3.3894500399256344e-05	0.04364669911047159	0.882201260042841	-7.543952270638865e-05	0.9195678271308523	0.9156626506024096	48.986991106324496	0.8822766995655476	-0.013582290894508242	-0.013223626212165773	3.3894500404585415e-05	-7.543952270649967e-05
hmp_gastrooral_gtdb_source_abundance	drop_prob_lt_0.95_and_realaf_lt_0.3	0,6	0.927143778207608	0.9249999999999999	74	5	7	0.007575951076755683	-0.0017825311942958333	1	1	48.80499774880108	-0.18199335752342272	0.004002277854869618	0.881837566586758	-0.0004391329787894471	0.9195678271308523	0.9156626506024096	48.986991106324496	0.8822766995655476	0.007575951076755683	0.009337349397590344	-0.1819933575234174	-0.00043913297878950264
hmp_gastrooral_gtdb_source_abundance	drop_prob_lt_0.95_and_xny_lt_100	0,6	0.9138872043662826	0.9090909090909091	75	9	6	-0.005680622764569765	-0.01136124552913953	1	0	48.965201651269666	-0.021789455054836537	0.0	0.8822006677989374	-7.603176661014066e-05	0.9195678271308523	0.9156626506024096	48.986991106324496	0.8822766995655476	-0.005680622764569709	-0.006571741511500528	-0.021789455054829432	-7.603176661019617e-05
hmp_gastrooral_gtdb_source_abundance	drop_prob_lt_0.95_and_xny_lt_200	0,6	0.905985536236344	0.9024390243902438	74	9	7	-0.013582290894508242	-0.015803336259876954	2	0	48.9870250008249	3.3894500399256344e-05	0.04364669911047159	0.882201260042841	-7.543952270638865e-05	0.9195678271308523	0.9156626506024096	48.986991106324496	0.8822766995655476	-0.013582290894508242	-0.013223626212165773	3.3894500404585415e-05	-7.543952270649967e-05
hmp_gastrooral_gtdb_source_abundance	drop_prob_lt_0.95_and_xny_lt_25	0,6	0.9195678271308523	0.9156626506024096	76	9	5	0.0	0.0	0	0	48.986991106324496	0.0	0.0	0.8822766995655476	0.0	0.9195678271308523	0.9156626506024096	48.986991106324496	0.8822766995655476	0.0	0.0	0.0	0.0
hmp_gastrooral_gtdb_source_abundance	drop_prob_lt_0.95_and_xny_lt_50	0,6	0.9195678271308523	0.9156626506024096	76	9	5	0.0	0.0	0	0	48.986991106324496	0.0	0.0	0.8822766995655476	0.0	0.9195678271308523	0.9156626506024096	48.986991106324496	0.8822766995655476	0.0	0.0	0.0	0.0
hmp_gastrooral_gtdb_source_abundance	drop_prob_lt_0.95_and_xny_lt_500	0,6	0.916354556803995	0.9210526315789475	70	1	11	-0.0032132703268573093	-0.05228758169934633	1	1	48.667355881786975	-0.3196352245375227	1.0649694099602378	0.8818731906270973	-0.0004035089384502033	0.9195678271308523	0.9156626506024096	48.986991106324496	0.8822766995655476	-0.0032132703268572538	0.005389980976537867	-0.3196352245375209	-0.0004035089384502033
hmp_gastrooral_gtdb_source_abundance	drop_prob_lt_0.95_and_zipaf_lt_0.1	0,6	0.9195678271308523	0.9156626506024096	76	9	5	0.0	0.0	0	0	48.986991106324496	0.0	0.0	0.8822766995655476	0.0	0.9195678271308523	0.9156626506024096	48.986991106324496	0.8822766995655476	0.0	0.0	0.0	0.0
hmp_gastrooral_gtdb_source_abundance	drop_prob_lt_0.95_and_zipaf_lt_0.2	0,6	0.9195678271308523	0.9156626506024096	76	9	5	0.0	0.0	0	0	48.986991106324496	0.0	0.0	0.8822766995655476	0.0	0.9195678271308523	0.9156626506024096	48.986991106324496	0.8822766995655476	0.0	0.0	0.0	0.0
hmp_gastrooral_gtdb_source_abundance	drop_prob_lt_0.95_and_zipaf_lt_0.3	0,6	0.9195678271308523	0.9156626506024096	76	9	5	0.0	0.0	0	0	48.986991106324496	0.0	0.0	0.8822766995655476	0.0	0.9195678271308523	0.9156626506024096	48.986991106324496	0.8822766995655476	0.0	0.0	0.0	0.0
hmp_gastrooral_gtdb_source_abundance	drop_prob_lt_0.95_and_zipaf_lt_0.4	0,6	0.9138872043662826	0.9090909090909091	75	9	6	-0.005680622764569765	-0.01136124552913953	1	0	47.84377379387975	-1.1432173124447544	0.0	0.8896618278464627	0.00738512828091531	0.9195678271308523	0.9156626506024096	48.986991106324496	0.8822766995655476	-0.005680622764569709	-0.006571741511500528	-1.1432173124447473	0.007385128280915199
hmp_gastrooral_gtdb_source_abundance	drop_prob_lt_0.9_and_breadth_lt_0.05	0,6	0.9195678271308523	0.9156626506024096	76	9	5	0.0	0.0	0	0	48.986991106324496	0.0	0.0	0.8822766995655476	0.0	0.9195678271308523	0.9156626506024096	48.986991106324496	0.8822766995655476	0.0	0.0	0.0	0.0
hmp_gastrooral_gtdb_source_abundance	drop_prob_lt_0.9_and_breadth_lt_0.1	0,6	0.928035043804756	0.9259259259259259	75	6	6	0.0084672166739036	0.0	0	1	48.165021810890394	-0.8219692954341085	0.0	0.8832479384601515	0.0009712388946039319	0.9195678271308523	0.9156626506024096	48.986991106324496	0.8822766995655476	0.00846721667390371	0.010263275323516341	-0.8219692954341014	0.0009712388946039319
hmp_gastrooral_gtdb_source_abundance	drop_prob_lt_0.9_and_breadth_lt_0.2	0,6	0.9321573948439621	0.9290322580645162	72	2	9	0.012589567713109762	0.011131725417439786	0	2	49.38649404204978	0.39950293572528217	0.8386190189524569	0.8802759041770171	-0.0020007953885304297	0.9195678271308523	0.9156626506024096	48.986991106324496	0.8822766995655476	0.012589567713109817	0.01336960746210658	0.3995029357252875	-0.0020007953885304852
hmp_gastrooral_gtdb_source_abundance	drop_prob_lt_0.9_and_breadth_lt_0.3	0,6	0.9294670846394986	0.9281045751633987	71	1	10	0.009899257508646175	-0.0017825311942958333	1	1	49.39526176510648	0.40827065878198	0.49724884098591815	0.879954505793503	-0.0023221937720444563	0.9195678271308523	0.9156626506024096	48.986991106324496	0.8822766995655476	0.009899257508646286	0.012441924560989137	0.4082706587819871	-0.0023221937720445673
hmp_gastrooral_gtdb_source_abundance	drop_prob_lt_0.9_and_realaf_lt_0.05	0,6	0.9195678271308523	0.9156626506024096	76	9	5	0.0	0.0	0	0	48.986991106324496	0.0	0.0	0.8822766995655476	0.0	0.9195678271308523	0.9156626506024096	48.986991106324496	0.8822766995655476	0.0	0.0	0.0	0.0
hmp_gastrooral_gtdb_source_abundance	drop_prob_lt_0.9_and_realaf_lt_0.1	0,6	0.9138872043662826	0.9090909090909091	75	9	6	-0.005680622764569765	-0.01136124552913953	1	0	48.965201651269666	-0.021789455054836537	0.0	0.8822006677989374	-7.603176661014066e-05	0.9195678271308523	0.9156626506024096	48.986991106324496	0.8822766995655476	-0.005680622764569709	-0.006571741511500528	-0.021789455054829432	-7.603176661019617e-05
hmp_gastrooral_gtdb_source_abundance	drop_prob_lt_0.9_and_realaf_lt_0.2	0,6	0.9138872043662826	0.9090909090909091	75	9	6	-0.005680622764569765	-0.01136124552913953	1	0	48.965201651269666	-0.021789455054836537	0.0	0.8822006677989374	-7.603176661014066e-05	0.9195678271308523	0.9156626506024096	48.986991106324496	0.8822766995655476	-0.005680622764569709	-0.006571741511500528	-0.021789455054829432	-7.603176661019617e-05
hmp_gastrooral_gtdb_source_abundance	drop_prob_lt_0.9_and_realaf_lt_0.3	0,6	0.9350587488091457	0.9316770186335404	75	5	6	0.015490921678293468	0.014047410008779737	0	2	48.7831900361227	-0.20380107020180382	-0.0396131475018926	0.8818369112227474	-0.0004397883428000626	0.9195678271308523	0.9156626506024096	48.986991106324496	0.8822766995655476	0.015490921678293468	0.016014368031130766	-0.2038010702017985	-0.00043978834280011814
hmp_gastrooral_gtdb_source_abundance	drop_prob_lt_0.9_and_xny_lt_100	0,6	0.9138872043662826	0.9090909090909091	75	9	6	-0.005680622764569765	-0.01136124552913953	1	0	48.965201651269666	-0.021789455054836537	0.0	0.8822006677989374	-7.603176661014066e-05	0.9195678271308523	0.9156626506024096	48.986991106324496	0.8822766995655476	-0.005680622764569709	-0.006571741511500528	-0.021789455054829432	-7.603176661019617e-05
hmp_gastrooral_gtdb_source_abundance	drop_prob_lt_0.9_and_xny_lt_200	0,6	0.9138872043662826	0.9090909090909091	75	9	6	-0.005680622764569765	-0.01136124552913953	1	0	48.965201651269666	-0.021789455054836537	0.0	0.8822006677989374	-7.603176661014066e-05	0.9195678271308523	0.9156626506024096	48.986991106324496	0.8822766995655476	-0.005680622764569709	-0.006571741511500528	-0.021789455054829432	-7.603176661019617e-05
hmp_gastrooral_gtdb_source_abundance	drop_prob_lt_0.9_and_xny_lt_25	0,6	0.9195678271308523	0.9156626506024096	76	9	5	0.0	0.0	0	0	48.986991106324496	0.0	0.0	0.8822766995655476	0.0	0.9195678271308523	0.9156626506024096	48.986991106324496	0.8822766995655476	0.0	0.0	0.0	0.0
hmp_gastrooral_gtdb_source_abundance	drop_prob_lt_0.9_and_xny_lt_50	0,6	0.9195678271308523	0.9156626506024096	76	9	5	0.0	0.0	0	0	48.986991106324496	0.0	0.0	0.8822766995655476	0.0	0.9195678271308523	0.9156626506024096	48.986991106324496	0.8822766995655476	0.0	0.0	0.0	0.0
hmp_gastrooral_gtdb_source_abundance	drop_prob_lt_0.9_and_xny_lt_500	0,6	0.9416070820565203	0.9419354838709678	73	1	8	0.02203925492566794	-0.0017825311942958333	1	1	48.28997088373298	-0.6970202225915187	0.3101994138522457	0.8818857817599706	-0.0003909178055769291	0.9195678271308523	0.9156626506024096	48.986991106324496	0.8822766995655476	0.02203925492566805	0.026272833268558227	-0.6970202225915187	-0.00039091780557698463
hmp_gastrooral_gtdb_source_abundance	drop_prob_lt_0.9_and_zipaf_lt_0.1	0,6	0.9195678271308523	0.9156626506024096	76	9	5	0.0	0.0	0	0	48.986991106324496	0.0	0.0	0.8822766995655476	0.0	0.9195678271308523	0.9156626506024096	48.986991106324496	0.8822766995655476	0.0	0.0	0.0	0.0
hmp_gastrooral_gtdb_source_abundance	drop_prob_lt_0.9_and_zipaf_lt_0.2	0,6	0.9195678271308523	0.9156626506024096	76	9	5	0.0	0.0	0	0	48.986991106324496	0.0	0.0	0.8822766995655476	0.0	0.9195678271308523	0.9156626506024096	48.986991106324496	0.8822766995655476	0.0	0.0	0.0	0.0
hmp_gastrooral_gtdb_source_abundance	drop_prob_lt_0.9_and_zipaf_lt_0.3	0,6	0.9195678271308523	0.9156626506024096	76	9	5	0.0	0.0	0	0	48.986991106324496	0.0	0.0	0.8822766995655476	0.0	0.9195678271308523	0.9156626506024096	48.986991106324496	0.8822766995655476	0.0	0.0	0.0	0.0
hmp_gastrooral_gtdb_source_abundance	drop_prob_lt_0.9_and_zipaf_lt_0.4	0,6	0.9138872043662826	0.9090909090909091	75	9	6	-0.005680622764569765	-0.01136124552913953	1	0	47.84377379387975	-1.1432173124447544	0.0	0.8896618278464627	0.00738512828091531	0.9195678271308523	0.9156626506024096	48.986991106324496	0.8822766995655476	-0.005680622764569709	-0.006571741511500528	-1.1432173124447473	0.007385128280915199
hmp_gastrooral_gtdb_source_abundance	drop_xny_lt_100_and_breadth_lt_0.05	0,6	0.9195678271308523	0.9156626506024096	76	9	5	0.0	0.0	0	0	48.986991106324496	0.0	0.0	0.8822766995655476	0.0	0.9195678271308523	0.9156626506024096	48.986991106324496	0.8822766995655476	0.0	0.0	0.0	0.0
hmp_gastrooral_gtdb_source_abundance	drop_xny_lt_100_and_breadth_lt_0.1	0,6	0.9138872043662826	0.9090909090909091	75	9	6	-0.005680622764569765	-0.01136124552913953	1	0	48.965201651269666	-0.021789455054836537	0.0	0.8822006677989374	-7.603176661014066e-05	0.9195678271308523	0.9156626506024096	48.986991106324496	0.8822766995655476	-0.005680622764569709	-0.006571741511500528	-0.021789455054829432	-7.603176661019617e-05
hmp_gastrooral_gtdb_source_abundance	drop_xny_lt_100_and_breadth_lt_0.2	0,6	0.9138872043662826	0.9090909090909091	75	9	6	-0.005680622764569765	-0.01136124552913953	1	0	48.965201651269666	-0.021789455054836537	0.0	0.8822006677989374	-7.603176661014066e-05	0.9195678271308523	0.9156626506024096	48.986991106324496	0.8822766995655476	-0.005680622764569709	-0.006571741511500528	-0.021789455054829432	-7.603176661019617e-05
hmp_gastrooral_gtdb_source_abundance	drop_xny_lt_100_and_breadth_lt_0.3	0,6	0.9138872043662826	0.9090909090909091	75	9	6	-0.005680622764569765	-0.01136124552913953	1	0	48.965201651269666	-0.021789455054836537	0.0	0.8822006677989374	-7.603176661014066e-05	0.9195678271308523	0.9156626506024096	48.986991106324496	0.8822766995655476	-0.005680622764569709	-0.006571741511500528	-0.021789455054829432	-7.603176661019617e-05
hmp_gastrooral_gtdb_source_abundance	drop_xny_lt_200_and_breadth_lt_0.05	0,6	0.9195678271308523	0.9156626506024096	76	9	5	0.0	0.0	0	0	48.986991106324496	0.0	0.0	0.8822766995655476	0.0	0.9195678271308523	0.9156626506024096	48.986991106324496	0.8822766995655476	0.0	0.0	0.0	0.0
hmp_gastrooral_gtdb_source_abundance	drop_xny_lt_200_and_breadth_lt_0.1	0,6	0.9138872043662826	0.9090909090909091	75	9	6	-0.005680622764569765	-0.01136124552913953	1	0	48.965201651269666	-0.021789455054836537	0.0	0.8822006677989374	-7.603176661014066e-05	0.9195678271308523	0.9156626506024096	48.986991106324496	0.8822766995655476	-0.005680622764569709	-0.006571741511500528	-0.021789455054829432	-7.603176661019617e-05
hmp_gastrooral_gtdb_source_abundance	drop_xny_lt_200_and_breadth_lt_0.2	0,6	0.905985536236344	0.9024390243902438	74	9	7	-0.013582290894508242	-0.015803336259876954	2	0	48.9870250008249	3.3894500399256344e-05	0.04364669911047159	0.882201260042841	-7.543952270638865e-05	0.9195678271308523	0.9156626506024096	48.986991106324496	0.8822766995655476	-0.013582290894508242	-0.013223626212165773	3.3894500404585415e-05	-7.543952270649967e-05
hmp_gastrooral_gtdb_source_abundance	drop_xny_lt_200_and_breadth_lt_0.3	0,6	0.905985536236344	0.9024390243902438	74	9	7	-0.013582290894508242	-0.015803336259876954	2	0	48.9870250008249	3.3894500399256344e-05	0.04364669911047159	0.882201260042841	-7.543952270638865e-05	0.9195678271308523	0.9156626506024096	48.986991106324496	0.8822766995655476	-0.013582290894508242	-0.013223626212165773	3.3894500404585415e-05	-7.543952270649967e-05
hmp_gastrooral_gtdb_source_abundance	drop_xny_lt_25_and_breadth_lt_0.05	0,6	0.9195678271308523	0.9156626506024096	76	9	5	0.0	0.0	0	0	48.986991106324496	0.0	0.0	0.8822766995655476	0.0	0.9195678271308523	0.9156626506024096	48.986991106324496	0.8822766995655476	0.0	0.0	0.0	0.0
hmp_gastrooral_gtdb_source_abundance	drop_xny_lt_25_and_breadth_lt_0.1	0,6	0.9195678271308523	0.9156626506024096	76	9	5	0.0	0.0	0	0	48.986991106324496	0.0	0.0	0.8822766995655476	0.0	0.9195678271308523	0.9156626506024096	48.986991106324496	0.8822766995655476	0.0	0.0	0.0	0.0
hmp_gastrooral_gtdb_source_abundance	drop_xny_lt_25_and_breadth_lt_0.2	0,6	0.9195678271308523	0.9156626506024096	76	9	5	0.0	0.0	0	0	48.986991106324496	0.0	0.0	0.8822766995655476	0.0	0.9195678271308523	0.9156626506024096	48.986991106324496	0.8822766995655476	0.0	0.0	0.0	0.0
hmp_gastrooral_gtdb_source_abundance	drop_xny_lt_25_and_breadth_lt_0.3	0,6	0.9195678271308523	0.9156626506024096	76	9	5	0.0	0.0	0	0	48.986991106324496	0.0	0.0	0.8822766995655476	0.0	0.9195678271308523	0.9156626506024096	48.986991106324496	0.8822766995655476	0.0	0.0	0.0	0.0
hmp_gastrooral_gtdb_source_abundance	drop_xny_lt_500_and_breadth_lt_0.05	0,6	0.9195678271308523	0.9156626506024096	76	9	5	0.0	0.0	0	0	48.986991106324496	0.0	0.0	0.8822766995655476	0.0	0.9195678271308523	0.9156626506024096	48.986991106324496	0.8822766995655476	0.0	0.0	0.0	0.0
hmp_gastrooral_gtdb_source_abundance	drop_xny_lt_500_and_breadth_lt_0.1	0,6	0.928035043804756	0.9259259259259259	75	6	6	0.0084672166739036	0.0	0	1	48.165021810890394	-0.8219692954341085	0.0	0.8832479384601515	0.0009712388946039319	0.9195678271308523	0.9156626506024096	48.986991106324496	0.8822766995655476	0.00846721667390371	0.010263275323516341	-0.8219692954341014	0.0009712388946039319
hmp_gastrooral_gtdb_source_abundance	drop_xny_lt_500_and_breadth_lt_0.2	0,6	0.9363636363636363	0.935897435897436	73	2	8	0.01679580923278401	-0.0017825311942958333	1	1	48.3109413455547	-0.6760497607697982	0.004002277854869618	0.882188604401494	-8.809516405344775e-05	0.9195678271308523	0.9156626506024096	48.986991106324496	0.8822766995655476	0.01679580923278401	0.020234785295026425	-0.6760497607697928	-8.809516405350326e-05
hmp_gastrooral_gtdb_source_abundance	drop_xny_lt_500_and_breadth_lt_0.3	0,6	0.9416070820565203	0.9419354838709678	73	1	8	0.02203925492566794	-0.0017825311942958333	1	1	48.136872315734294	-0.8501187905902068	0.004002277854869618	0.8818943658442588	-0.0003823337212885969	0.9195678271308523	0.9156626506024096	48.986991106324496	0.8822766995655476	0.02203925492566805	0.026272833268558227	-0.8501187905902015	-0.0003823337212887079
hmp_gastrooral_gtdb_source_abundance	drop_xny_lt_50_and_breadth_lt_0.05	0,6	0.9195678271308523	0.9156626506024096	76	9	5	0.0	0.0	0	0	48.986991106324496	0.0	0.0	0.8822766995655476	0.0	0.9195678271308523	0.9156626506024096	48.986991106324496	0.8822766995655476	0.0	0.0	0.0	0.0
hmp_gastrooral_gtdb_source_abundance	drop_xny_lt_50_and_breadth_lt_0.1	0,6	0.9195678271308523	0.9156626506024096	76	9	5	0.0	0.0	0	0	48.986991106324496	0.0	0.0	0.8822766995655476	0.0	0.9195678271308523	0.9156626506024096	48.986991106324496	0.8822766995655476	0.0	0.0	0.0	0.0
hmp_gastrooral_gtdb_source_abundance	drop_xny_lt_50_and_breadth_lt_0.2	0,6	0.9195678271308523	0.9156626506024096	76	9	5	0.0	0.0	0	0	48.986991106324496	0.0	0.0	0.8822766995655476	0.0	0.9195678271308523	0.9156626506024096	48.986991106324496	0.8822766995655476	0.0	0.0	0.0	0.0
hmp_gastrooral_gtdb_source_abundance	drop_xny_lt_50_and_breadth_lt_0.3	0,6	0.9195678271308523	0.9156626506024096	76	9	5	0.0	0.0	0	0	48.986991106324496	0.0	0.0	0.8822766995655476	0.0	0.9195678271308523	0.9156626506024096	48.986991106324496	0.8822766995655476	0.0	0.0	0.0	0.0
hmp_gastrooral_gtdb_source_abundance	max_ani_ge_0.93	0,6	0.9195678271308523	0.9156626506024096	76	9	5	0.0	0.0	0	0	48.986991106324496	0.0	0.0	0.8822766995655476	0.0	0.9195678271308523	0.9156626506024096	48.986991106324496	0.8822766995655476	0.0	0.0	0.0	0.0
hmp_gastrooral_gtdb_source_abundance	max_ani_ge_0.94	0,6	0.9195678271308523	0.9156626506024096	76	9	5	0.0	0.0	0	0	48.986991106324496	0.0	0.0	0.8822766995655476	0.0	0.9195678271308523	0.9156626506024096	48.986991106324496	0.8822766995655476	0.0	0.0	0.0	0.0
hmp_gastrooral_gtdb_source_abundance	max_ani_ge_0.95	0,6	0.9195678271308523	0.9156626506024096	76	9	5	0.0	0.0	0	0	48.986991106324496	0.0	0.0	0.8822766995655476	0.0	0.9195678271308523	0.9156626506024096	48.986991106324496	0.8822766995655476	0.0	0.0	0.0	0.0
hmp_gastrooral_gtdb_source_abundance	max_ani_ge_0.96	0,6	0.9138872043662826	0.9090909090909091	75	9	6	-0.005680622764569765	-0.01136124552913953	1	0	47.84377379387975	-1.1432173124447544	0.0	0.8896618278464627	0.00738512828091531	0.9195678271308523	0.9156626506024096	48.986991106324496	0.8822766995655476	-0.005680622764569709	-0.006571741511500528	-1.1432173124447473	0.007385128280915199
hmp_gastrooral_gtdb_source_abundance	max_ani_ge_0.97	0,6	0.8882184820577961	0.8819875776397514	71	9	10	-0.0313493450730562	-0.04689535388623545	2	0	68.49507029587252	19.508079189548027	37.23114707106161	0.5942213549836582	-0.28805534458188925	0.9195678271308523	0.9156626506024096	48.986991106324496	0.8822766995655476	-0.0313493450730562	-0.03367507296265815	19.508079189548027	-0.2880553445818893
hmp_gastrooral_gtdb_source_abundance	max_ani_ge_0.98	0,6	0.8757300454250487	0.8679245283018868	69	9	12	-0.0438377817058036	-0.07187222715173025	2	0	68.40185618200377	19.414865075679266	37.04471884332409	0.6105704082438563	-0.27170629132169116	0.9195678271308523	0.9156626506024096	48.986991106324496	0.8822766995655476	-0.04383778170580355	-0.04773812230052277	19.414865075679273	-0.2717062913216912
hmp_gastrooral_gtdb_source_abundance	max_ani_ge_0.99	0,6	0.845350052246604	0.8366013071895425	64	8	17	-0.07421777488424836	-0.11634998827117049	2	0	92.49756197779617	43.51057087147167	77.61540547817235	0.40127786144258776	-0.48099883812295974	0.9195678271308523	0.9156626506024096	48.986991106324496	0.8822766995655476	-0.0742177748842483	-0.07906134341286708	43.51057087147167	-0.4809988381229598
hmp_gastrooral_gtdb_source_abundance	max_breadth_ge_0.02	0,6	0.9195678271308523	0.9156626506024096	76	9	5	0.0	0.0	0	0	48.986991106324496	0.0	0.0	0.8822766995655476	0.0	0.9195678271308523	0.9156626506024096	48.986991106324496	0.8822766995655476	0.0	0.0	0.0	0.0
hmp_gastrooral_gtdb_source_abundance	max_breadth_ge_0.05	0,6	0.9195678271308523	0.9156626506024096	76	9	5	0.0	0.0	0	0	48.986991106324496	0.0	0.0	0.8822766995655476	0.0	0.9195678271308523	0.9156626506024096	48.986991106324496	0.8822766995655476	0.0	0.0	0.0	0.0
hmp_gastrooral_gtdb_source_abundance	max_breadth_ge_0.1	0,6	0.928035043804756	0.9259259259259259	75	6	6	0.0084672166739036	0.0	0	1	48.165021810890394	-0.8219692954341085	0.0	0.8832479384601515	0.0009712388946039319	0.9195678271308523	0.9156626506024096	48.986991106324496	0.8822766995655476	0.00846721667390371	0.010263275323516341	-0.8219692954341014	0.0009712388946039319
hmp_gastrooral_gtdb_source_abundance	max_breadth_ge_0.2	0,6	0.9242424242424243	0.922077922077922	71	2	10	0.0046745971115719764	-0.0017825311942958333	1	1	49.408301754728164	0.4213106484036633	0.8386190189524569	0.8802765595410277	-0.002000140024519814	0.9195678271308523	0.9156626506024096	48.986991106324496	0.8822766995655476	0.004674597111572032	0.006415271475512463	0.4213106484036686	-0.0020001400245198697
hmp_gastrooral_gtdb_source_abundance	max_breadth_ge_0.3	0,6	0.9213085764809903	0.9210526315789475	70	1	11	0.00174074935013796	-0.018099547511312264	1	1	49.41710314550473	0.4301120391802318	0.49724884098591815	0.8799553039266843	-0.002321395638863244	0.9195678271308523	0.9156626506024096	48.986991106324496	0.8822766995655476	0.0017407493501380156	0.005389980976537867	0.4301120391802371	-0.002321395638863244
hmp_gastrooral_gtdb_source_abundance	max_breadth_ge_0.4	0,6	0.907376283846872	0.9054054054054054	67	0	14	-0.01219154328398031	-0.020541549953314697	2	0	48.16770104640614	-0.8192900599183659	0.05004603797567597	0.8873110012178484	0.00503430165230101	0.9195678271308523	0.9156626506024096	48.986991106324496	0.8822766995655476	-0.01219154328398031	-0.010257245197004217	-0.8192900599183588	0.005034301652300899
hmp_gastrooral_gtdb_source_abundance	max_breadth_ge_0.5	0,6	0.8188563945875164	0.8175182481751825	56	0	25	-0.10071143254333598	-0.11359026369168357	2	0	72.01805177349998	23.03106066717548	42.00863612059162	0.5896884628741117	-0.29258823669143574	0.9195678271308523	0.9156626506024096	48.986991106324496	0.8822766995655476	-0.10071143254333592	-0.0981444024272271	23.03106066717548	-0.29258823669143585
hmp_gastrooral_gtdb_source_abundance	max_depth_cv_le_10	0,6	0.7657117477237398	0.764705882352941	52	3	29	-0.15385607940711254	-0.1692466460268317	2	0	94.64312082916936	45.65612972284485	49.168059617351894	0.5814017673987414	-0.30087493216680616	0.9195678271308523	0.9156626506024096	48.986991106324496	0.8822766995655476	-0.15385607940711243	-0.15095676824946858	45.65612972284487	-0.30087493216680616
hmp_gastrooral_gtdb_source_abundance	max_depth_cv_le_100	0,6	0.9195678271308523	0.9156626506024096	76	9	5	0.0	0.0	0	0	48.986991106324496	0.0	0.0	0.8822766995655476	0.0	0.9195678271308523	0.9156626506024096	48.986991106324496	0.8822766995655476	0.0	0.0	0.0	0.0
hmp_gastrooral_gtdb_source_abundance	max_depth_cv_le_20	0,6	0.8018413894120109	0.7999999999999998	56	3	25	-0.11772643771884145	-0.12761714855433703	2	0	87.3135181954482	38.3265270891237	39.54720364272682	0.5832790733599849	-0.29899762620556264	0.9195678271308523	0.9156626506024096	48.986991106324496	0.8822766995655476	-0.11772643771884139	-0.11566265060240977	38.3265270891237	-0.2989976262055627
hmp_gastrooral_gtdb_source_abundance	max_depth_cv_le_5	0,6	0.7149877149877151	0.7131782945736433	46	2	35	-0.20458011214313726	-0.21390374331550788	2	0	110.9410299326607	61.954038826336195	73.61250406179659	0.5603355251892554	-0.32194117437629205	0.9195678271308523	0.9156626506024096	48.986991106324496	0.8822766995655476	-0.2045801121431372	-0.20248435602876624	61.9540388263362	-0.3219411743762921
hmp_gastrooral_gtdb_source_abundance	max_depth_cv_le_50	0,6	0.9195678271308523	0.9156626506024096	76	9	5	0.0	0.0	0	0	48.986991106324496	0.0	0.0	0.8822766995655476	0.0	0.9195678271308523	0.9156626506024096	48.986991106324496	0.8822766995655476	0.0	0.0	0.0	0.0
hmp_gastrooral_gtdb_source_abundance	max_hit_mean_depth_ge_0.5	0,6	0.9195678271308523	0.9156626506024096	76	9	5	0.0	0.0	0	0	48.986991106324496	0.0	0.0	0.8822766995655476	0.0	0.9195678271308523	0.9156626506024096	48.986991106324496	0.8822766995655476	0.0	0.0	0.0	0.0
hmp_gastrooral_gtdb_source_abundance	max_hit_mean_depth_ge_1	0,6	0.9195678271308523	0.9156626506024096	76	9	5	0.0	0.0	0	0	48.986991106324496	0.0	0.0	0.8822766995655476	0.0	0.9195678271308523	0.9156626506024096	48.986991106324496	0.8822766995655476	0.0	0.0	0.0	0.0
hmp_gastrooral_gtdb_source_abundance	max_hit_mean_depth_ge_2	0,6	0.6063492063492064	0.6016260162601625	37	5	44	-0.3132186207816459	-0.4852607709750567	2	0	52.568879713509915	3.5818886071854195	4.648324750417345	0.8747117336743873	-0.00756496589116018	0.9195678271308523	0.9156626506024096	48.986991106324496	0.8822766995655476	-0.31321862078164586	-0.31403663434224705	3.5818886071854195	-0.007564965891160291
hmp_gastrooral_gtdb_source_abundance	max_hit_mean_depth_ge_3	0,6	0.4979969183359013	0.4912280701754386	28	5	53	-0.421570908794951	-0.5928744379107576	2	0	54.7357413150557	5.748750208731201	6.492019657400675	0.8763381195012487	-0.005938580064298815	0.9195678271308523	0.9156626506024096	48.986991106324496	0.8822766995655476	-0.42157090879495096	-0.42443458042697096	5.748750208731202	-0.005938580064298815
hmp_gastrooral_gtdb_source_abundance	max_hit_mean_depth_ge_5	0,6	0.3518099547511312	0.34951456310679613	18	4	63	-0.5677578723797212	-0.7825745682888541	2	0	71.51171377696674	22.52472267064224	36.16152010531022	0.8283683546768879	-0.05390834488865964	0.9195678271308523	0.9156626506024096	48.986991106324496	0.8822766995655476	-0.5677578723797211	-0.5661480874956135	22.524722670642248	-0.0539083448886597
hmp_gastrooral_gtdb_source_abundance	max_mean_depth_ge_0.25	0,6	0.9233607244675499	0.923076923076923	72	3	9	0.003792897336697576	-0.015803336259876954	1	1	48.673077796197475	-0.3139133101270257	0.04364669911047159	0.8818145537285489	-0.00046214583699866196	0.9195678271308523	0.9156626506024096	48.986991106324496	0.8822766995655476	0.0037928973366976315	0.007414272474513428	-0.3139133101270204	-0.00046214583699866196
hmp_gastrooral_gtdb_source_abundance	max_mean_depth_ge_0.5	0,6	0.9085972850678732	0.9066666666666666	68	1	13	-0.010970542062979094	-0.018099547511312264	2	0	49.727494632833874	0.7405035265093733	1.1180318156442013	0.8791588293693482	-0.003117870196199357	0.9195678271308523	0.9156626506024096	48.986991106324496	0.8822766995655476	-0.010970542062979094	-0.008995983935742968	0.7405035265093787	-0.003117870196199357
hmp_gastrooral_gtdb_source_abundance	max_mean_depth_ge_1	0,6	0.6586021505376344	0.6557377049180327	40	1	41	-0.2609656765932179	-0.41408821593153383	2	0	50.23327940666087	1.246288300336369	1.9898404589939283	0.8760450611326465	-0.006231638432900977	0.9195678271308523	0.9156626506024096	48.986991106324496	0.8822766995655476	-0.2609656765932179	-0.25992494568437685	1.2462883003363743	-0.006231638432901088
hmp_gastrooral_gtdb_source_abundance	max_mean_depth_ge_2	0,6	0.47878787878787876	0.4716981132075471	25	0	56	-0.44077994834297357	-0.6070500927643785	2	0	52.97839341342229	3.9914023070977915	6.2928465797631326	0.8864019777886175	0.004125278223070017	0.9195678271308523	0.9156626506024096	48.986991106324496	0.8822766995655476	-0.4407799483429735	-0.44396453739486247	3.9914023070977933	0.004125278223069961
hmp_gastrooral_gtdb_source_abundance	max_mean_depth_ge_3	0,6	0.38782051282051283	0.38	19	0	62	-0.5317473143103395	-0.7056514913657771	2	0	47.86554237072269	-1.1214487356018097	9.443480791529808	0.9096810341727288	0.027404334607181335	0.9195678271308523	0.9156626506024096	48.986991106324496	0.8822766995655476	-0.5317473143103395	-0.5356626506024096	-1.1214487356018026	0.02740433460718128
hmp_gastrooral_gtdb_source_abundance	max_mean_depth_ge_5	0,6	0.24444444444444446	0.2391304347826087	11	0	70	-0.6751233826864078	-0.8979591836734694	2	0	67.71285126430165	18.72586015797715	21.926939889880003	0.9545192125236682	-0.0004102301603730041	0.9195678271308523	0.9156626506024096	48.986991106324496	0.8822766995655476	-0.6751233826864078	-0.6765322158198008	18.725860157977152	0.07224251295812067
hmp_gastrooral_gtdb_source_abundance	max_real_min_af_ge_0.02	0,6	0.9195678271308523	0.9156626506024096	76	9	5	0.0	0.0	0	0	48.986991106324496	0.0	0.0	0.8822766995655476	0.0	0.9195678271308523	0.9156626506024096	48.986991106324496	0.8822766995655476	0.0	0.0	0.0	0.0
hmp_gastrooral_gtdb_source_abundance	max_real_min_af_ge_0.05	0,6	0.9195678271308523	0.9156626506024096	76	9	5	0.0	0.0	0	0	48.986991106324496	0.0	0.0	0.8822766995655476	0.0	0.9195678271308523	0.9156626506024096	48.986991106324496	0.8822766995655476	0.0	0.0	0.0	0.0
hmp_gastrooral_gtdb_source_abundance	max_real_min_af_ge_0.1	0,6	0.9138872043662826	0.9090909090909091	75	9	6	-0.005680622764569765	-0.01136124552913953	1	0	48.965201651269666	-0.021789455054836537	0.0	0.8822006677989374	-7.603176661014066e-05	0.9195678271308523	0.9156626506024096	48.986991106324496	0.8822766995655476	-0.005680622764569709	-0.006571741511500528	-0.021789455054829432	-7.603176661019617e-05
hmp_gastrooral_gtdb_source_abundance	max_real_min_af_ge_0.2	0,6	0.905985536236344	0.9024390243902438	74	9	7	-0.013582290894508242	-0.015803336259876954	2	0	48.9870250008249	3.3894500399256344e-05	0.04364669911047159	0.882201260042841	-7.543952270638865e-05	0.9195678271308523	0.9156626506024096	48.986991106324496	0.8822766995655476	-0.013582290894508242	-0.013223626212165773	3.3894500404585415e-05	-7.543952270649967e-05
hmp_gastrooral_gtdb_source_abundance	max_real_min_af_ge_0.3	0,6	0.927143778207608	0.9249999999999999	74	5	7	0.007575951076755683	-0.0017825311942958333	1	1	48.80499774880108	-0.18199335752342272	0.004002277854869618	0.881837566586758	-0.0004391329787894471	0.9195678271308523	0.9156626506024096	48.986991106324496	0.8822766995655476	0.007575951076755683	0.009337349397590344	-0.1819933575234174	-0.00043913297878950264
hmp_gastrooral_gtdb_source_abundance	max_real_min_af_ge_0.4	0,6	0.9422244422244422	0.9426751592356688	74	2	7	0.022656615093589905	-0.0017825311942958333	1	1	47.956452881219334	-1.0305382251051665	0.004002277854869618	0.8827271114891244	0.00045041192357686555	0.9195678271308523	0.9156626506024096	48.986991106324496	0.8822766995655476	0.02265661509358996	0.027012508633259213	-1.0305382251051611	0.00045041192357686555
hmp_gastrooral_gtdb_source_abundance	max_real_min_af_ge_0.5	0,6	0.916354556803995	0.9210526315789475	70	1	11	-0.0032132703268573093	-0.05228758169934633	1	1	48.667355881786975	-0.3196352245375227	1.0649694099602378	0.8818731906270973	-0.0004035089384502033	0.9195678271308523	0.9156626506024096	48.986991106324496	0.8822766995655476	-0.0032132703268572538	0.005389980976537867	-0.3196352245375209	-0.0004035089384502033
hmp_gastrooral_gtdb_source_abundance	max_xny_ge_10	0,6	0.9195678271308523	0.9156626506024096	76	9	5	0.0	0.0	0	0	48.986991106324496	0.0	0.0	0.8822766995655476	0.0	0.9195678271308523	0.9156626506024096	48.986991106324496	0.8822766995655476	0.0	0.0	0.0	0.0
hmp_gastrooral_gtdb_source_abundance	max_xny_ge_100	0,6	0.9138872043662826	0.9090909090909091	75	9	6	-0.005680622764569765	-0.01136124552913953	1	0	48.965201651269666	-0.021789455054836537	0.0	0.8822006677989374	-7.603176661014066e-05	0.9195678271308523	0.9156626506024096	48.986991106324496	0.8822766995655476	-0.005680622764569709	-0.006571741511500528	-0.021789455054829432	-7.603176661019617e-05
hmp_gastrooral_gtdb_source_abundance	max_xny_ge_1000	0,6	0.2491630798660928	0.2391304347826087	11	0	70	-0.6704047472647595	-0.7410964385754302	2	0	118.73196248174575	69.74497137542124	107.18667089354584	0.47100464715153306	-0.41127205241401443	0.9195678271308523	0.9156626506024096	48.986991106324496	0.8822766995655476	-0.6704047472647595	-0.6765322158198008	69.74497137542126	-0.4112720524140145
hmp_gastrooral_gtdb_source_abundance	max_xny_ge_200	0,6	0.905985536236344	0.9024390243902438	74	9	7	-0.013582290894508242	-0.015803336259876954	2	0	48.9870250008249	3.3894500399256344e-05	0.04364669911047159	0.882201260042841	-7.543952270638865e-05	0.9195678271308523	0.9156626506024096	48.986991106324496	0.8822766995655476	-0.013582290894508242	-0.013223626212165773	3.3894500404585415e-05	-7.543952270649967e-05
hmp_gastrooral_gtdb_source_abundance	max_xny_ge_25	0,6	0.9195678271308523	0.9156626506024096	76	9	5	0.0	0.0	0	0	48.986991106324496	0.0	0.0	0.8822766995655476	0.0	0.9195678271308523	0.9156626506024096	48.986991106324496	0.8822766995655476	0.0	0.0	0.0	0.0
hmp_gastrooral_gtdb_source_abundance	max_xny_ge_300	0,6	0.927143778207608	0.9249999999999999	74	5	7	0.007575951076755683	-0.0017825311942958333	1	1	48.80499774880108	-0.18199335752342272	0.004002277854869618	0.881837566586758	-0.0004391329787894471	0.9195678271308523	0.9156626506024096	48.986991106324496	0.8822766995655476	0.007575951076755683	0.009337349397590344	-0.1819933575234174	-0.00043913297878950264
hmp_gastrooral_gtdb_source_abundance	max_xny_ge_50	0,6	0.9195678271308523	0.9156626506024096	76	9	5	0.0	0.0	0	0	48.986991106324496	0.0	0.0	0.8822766995655476	0.0	0.9195678271308523	0.9156626506024096	48.986991106324496	0.8822766995655476	0.0	0.0	0.0	0.0
hmp_gastrooral_gtdb_source_abundance	max_xny_ge_500	0,6	0.916354556803995	0.9210526315789475	70	1	11	-0.0032132703268573093	-0.05228758169934633	1	1	48.667355881786975	-0.3196352245375227	1.0649694099602378	0.8818731906270973	-0.0004035089384502033	0.9195678271308523	0.9156626506024096	48.986991106324496	0.8822766995655476	-0.0032132703268572538	0.005389980976537867	-0.3196352245375209	-0.0004035089384502033
hmp_gastrooral_gtdb_source_abundance	max_xny_ge_750	0,6	0.8188563945875164	0.8175182481751825	56	0	25	-0.10071143254333598	-0.11359026369168357	2	0	55.383529435478636	6.39653832915414	8.49756401177055	0.8194110220147698	-0.06286567755077771	0.9195678271308523	0.9156626506024096	48.986991106324496	0.8822766995655476	-0.10071143254333592	-0.0981444024272271	6.39653832915414	-0.06286567755077777
hmp_gastrooral_gtdb_source_abundance	max_zip_af_ge_0.05	0,6	0.9195678271308523	0.9156626506024096	76	9	5	0.0	0.0	0	0	48.986991106324496	0.0	0.0	0.8822766995655476	0.0	0.9195678271308523	0.9156626506024096	48.986991106324496	0.8822766995655476	0.0	0.0	0.0	0.0
hmp_gastrooral_gtdb_source_abundance	max_zip_af_ge_0.1	0,6	0.9195678271308523	0.9156626506024096	76	9	5	0.0	0.0	0	0	48.986991106324496	0.0	0.0	0.8822766995655476	0.0	0.9195678271308523	0.9156626506024096	48.986991106324496	0.8822766995655476	0.0	0.0	0.0	0.0
hmp_gastrooral_gtdb_source_abundance	max_zip_af_ge_0.2	0,6	0.9195678271308523	0.9156626506024096	76	9	5	0.0	0.0	0	0	48.986991106324496	0.0	0.0	0.8822766995655476	0.0	0.9195678271308523	0.9156626506024096	48.986991106324496	0.8822766995655476	0.0	0.0	0.0	0.0
hmp_gastrooral_gtdb_source_abundance	max_zip_af_ge_0.3	0,6	0.9195678271308523	0.9156626506024096	76	9	5	0.0	0.0	0	0	48.986991106324496	0.0	0.0	0.8822766995655476	0.0	0.9195678271308523	0.9156626506024096	48.986991106324496	0.8822766995655476	0.0	0.0	0.0	0.0
hmp_gastrooral_gtdb_source_abundance	max_zip_af_ge_0.4	0,6	0.9138872043662826	0.9090909090909091	75	9	6	-0.005680622764569765	-0.01136124552913953	1	0	47.84377379387975	-1.1432173124447544	0.0	0.8896618278464627	0.00738512828091531	0.9195678271308523	0.9156626506024096	48.986991106324496	0.8822766995655476	-0.005680622764569709	-0.006571741511500528	-1.1432173124447473	0.007385128280915199
hmp_gastrooral_gtdb_source_abundance	max_zip_af_ge_0.5	0,6	0.8882184820577961	0.8819875776397514	71	9	10	-0.0313493450730562	-0.04689535388623545	2	0	68.49507029587252	19.508079189548027	37.23114707106161	0.5942213549836582	-0.28805534458188925	0.9195678271308523	0.9156626506024096	48.986991106324496	0.8822766995655476	-0.0313493450730562	-0.03367507296265815	19.508079189548027	-0.2880553445818893
hmp_gastrooral_gtdb_source_abundance	min_breadth_ge_0.02	0,6	0.9195678271308523	0.9156626506024096	76	9	5	0.0	0.0	0	0	48.986991106324496	0.0	0.0	0.8822766995655476	0.0	0.9195678271308523	0.9156626506024096	48.986991106324496	0.8822766995655476	0.0	0.0	0.0	0.0
hmp_gastrooral_gtdb_source_abundance	min_breadth_ge_0.05	0,6	0.928921568627451	0.9268292682926829	76	7	5	0.009353741496598622	0.0	0	1	48.87631110045646	-0.1106800058680335	0.0	0.8821280259562335	-0.00014867360931397622	0.9195678271308523	0.9156626506024096	48.986991106324496	0.8822766995655476	0.009353741496598733	0.011166617690273273	-0.1106800058680335	-0.00014867360931403173
hmp_gastrooral_gtdb_source_abundance	min_breadth_ge_0.1	0,6	0.9252525252525253	0.923076923076923	72	3	9	0.005684698121672993	-0.0017825311942958333	1	1	49.28496958260021	0.2979784762757163	0.31929247657804183	0.8809257128776355	-0.001350986687911948	0.9195678271308523	0.9156626506024096	48.986991106324496	0.8822766995655476	0.0056846981216730486	0.007414272474513428	0.2979784762757163	-0.0013509866879120036
hmp_gastrooral_gtdb_source_abundance	min_breadth_ge_0.2	0,6	0.9085972850678732	0.9066666666666666	68	1	13	-0.010970542062979094	-0.018099547511312264	2	0	48.32416564610557	-0.6628254602189312	0.3629752373745454	0.8872555603730985	0.004978860807550944	0.9195678271308523	0.9156626506024096	48.986991106324496	0.8822766995655476	-0.010970542062979094	-0.008995983935742968	-0.6628254602189259	0.004978860807550944
hmp_gastrooral_gtdb_source_abundance	min_breadth_ge_0.3	0,6	0.8940524000764964	0.8904109589041096	65	0	16	-0.025515427054355888	-0.03048930415539708	2	0	49.93073595497553	0.9437448486510291	1.9867311850520792	0.88434162726955	0.002064927704002517	0.9195678271308523	0.9156626506024096	48.986991106324496	0.8822766995655476	-0.025515427054355833	-0.025251691698299994	0.9437448486510362	0.0020649277040024616
hmp_gastrooral_gtdb_source_abundance	min_breadth_ge_0.4	0,6	0.8112290008841733	0.8088235294117647	55	0	26	-0.10833882624667907	-0.11359026369168357	2	0	72.54323636448014	23.556245258155638	41.39327029766207	0.6072341123123377	-0.27504258725320985	0.9195678271308523	0.9156626506024096	48.986991106324496	0.8822766995655476	-0.10833882624667901	-0.10683912119064487	23.55624525815564	-0.27504258725320985
hmp_gastrooral_gtdb_source_abundance	min_breadth_ge_0.5	0,6	0.7490215264187867	0.7441860465116279	48	0	33	-0.1705463007120656	-0.18563041655018175	2	0	75.43787773426814	26.45088662794364	46.07144192612695	0.6128944692313549	-0.26938223033419256	0.9195678271308523	0.9156626506024096	48.986991106324496	0.8822766995655476	-0.17054630071206556	-0.1714766040907817	26.450886627943646	-0.2693822303341926
hmp_gastrooral_gtdb_source_abundance	min_xny_ge_10	0,6	0.9195678271308523	0.9156626506024096	76	9	5	0.0	0.0	0	0	48.986991106324496	0.0	0.0	0.8822766995655476	0.0	0.9195678271308523	0.9156626506024096	48.986991106324496	0.8822766995655476	0.0	0.0	0.0	0.0
hmp_gastrooral_gtdb_source_abundance	min_xny_ge_100	0,6	0.9252525252525253	0.923076923076923	72	3	9	0.005684698121672993	-0.0017825311942958333	1	1	49.28496958260021	0.2979784762757163	0.31929247657804183	0.8809257128776355	-0.001350986687911948	0.9195678271308523	0.9156626506024096	48.986991106324496	0.8822766995655476	0.0056846981216730486	0.007414272474513428	0.2979784762757163	-0.0013509866879120036
hmp_gastrooral_gtdb_source_abundance	min_xny_ge_200	0,6	0.9085972850678732	0.9066666666666666	68	1	13	-0.010970542062979094	-0.018099547511312264	2	0	48.32416564610557	-0.6628254602189312	0.3629752373745454	0.8872555603730985	0.004978860807550944	0.9195678271308523	0.9156626506024096	48.986991106324496	0.8822766995655476	-0.010970542062979094	-0.008995983935742968	-0.6628254602189259	0.004978860807550944
hmp_gastrooral_gtdb_source_abundance	min_xny_ge_25	0,6	0.9241964827167981	0.9212121212121211	76	8	5	0.004628655585945718	0.0	0	1	48.95432045560146	-0.032670650723041206	0.0	0.882249435556273	-2.7264009274496903e-05	0.9195678271308523	0.9156626506024096	48.986991106324496	0.8822766995655476	0.004628655585945829	0.00554947060971156	-0.0326706507230341	-2.7264009274552414e-05
hmp_gastrooral_gtdb_source_abundance	min_xny_ge_300	0,6	0.8940524000764964	0.8904109589041096	65	0	16	-0.025515427054355888	-0.03048930415539708	2	0	49.93073595497553	0.9437448486510291	1.9867311850520792	0.88434162726955	0.002064927704002517	0.9195678271308523	0.9156626506024096	48.986991106324496	0.8822766995655476	-0.025515427054355833	-0.025251691698299994	0.9437448486510362	0.0020649277040024616
hmp_gastrooral_gtdb_source_abundance	min_xny_ge_50	0,6	0.928921568627451	0.9268292682926829	76	7	5	0.009353741496598622	0.0	0	1	48.87631110045646	-0.1106800058680335	0.0	0.8821280259562335	-0.00014867360931397622	0.9195678271308523	0.9156626506024096	48.986991106324496	0.8822766995655476	0.009353741496598733	0.011166617690273273	-0.1106800058680335	-0.00014867360931403173
hmp_gastrooral_gtdb_source_abundance	min_xny_ge_500	0,6	0.7490215264187867	0.7441860465116279	48	0	33	-0.1705463007120656	-0.18563041655018175	2	0	75.43787773426814	26.45088662794364	46.07144192612695	0.6128944692313549	-0.26938223033419256	0.9195678271308523	0.9156626506024096	48.986991106324496	0.8822766995655476	-0.17054630071206556	-0.1714766040907817	26.450886627943646	-0.2693822303341926
hmp_gastrooral_gtdb_source_abundance	prob_ge_0.4	0,6	0.9185049019607843	0.9146341463414634	75	8	6	-0.001062925170068063	-0.002125850340136126	1	0	49.00077789364828	0.013786787323773808	0.027573574647547616	0.8821215869795433	-0.0001551125860041469	0.9195678271308523	0.9156626506024096	48.986991106324496	0.8822766995655476	-0.0010629251700680076	-0.0010285042609461392	0.013786787323780914	-0.0001551125860042024
hmp_gastrooral_gtdb_source_abundance	prob_ge_0.5	0,6	0.9035326086956522	0.8974358974358974	70	5	11	-0.016035218435200116	-0.02839396628216495	2	0	50.2718688891935	1.2848777828689997	1.4175223566863409	0.8804130271996451	-0.0018636723659023469	0.9195678271308523	0.9156626506024096	48.986991106324496	0.8822766995655476	-0.01603521843520006	-0.018226753166512233	1.2848777828690032	-0.0018636723659024579
hmp_gastrooral_gtdb_source_abundance	prob_ge_0.6	0,6	0.8825396825396825	0.8758169934640523	67	5	14	-0.03702814459116982	-0.053514739229024944	2	0	53.48467659681061	4.497685490486109	7.374542779722972	0.8759146107489613	-0.0063620888165861755	0.9195678271308523	0.9156626506024096	48.986991106324496	0.8822766995655476	-0.037028144591169765	-0.039845657138357304	4.497685490486113	-0.0063620888165862866
hmp_gastrooral_gtdb_source_abundance	prob_ge_0.7	0,6	0.8921356421356421	0.8874172185430464	67	3	14	-0.027432184995210218	-0.03432282003710574	2	0	53.33881695318544	4.351825846860944	7.082823492472642	0.8754313709308681	-0.0068453286346794595	0.9195678271308523	0.9156626506024096	48.986991106324496	0.8822766995655476	-0.027432184995210163	-0.02824543205936314	4.351825846860947	-0.0068453286346794595
hmp_gastrooral_gtdb_source_abundance	prob_ge_0.8	0,6	0.8490488006617039	0.8428571428571429	59	0	22	-0.07051902646914848	-0.10308738880167456	2	0	50.989009808950144	2.002018702625646	3.4329136355020005	0.8932241191187154	0.010947419553167803	0.9195678271308523	0.9156626506024096	48.986991106324496	0.8822766995655476	-0.07051902646914843	-0.07280550774526673	2.002018702625648	0.010947419553167803
hmp_gastrooral_gtdb_source_abundance	prob_ge_0.9	0,6	0.7226166328600405	0.7142857142857143	45	0	36	-0.19695119427081176	-0.28031212484993995	2	0	136.76957956279435	87.78258845646985	102.8885963462582	0.15204976883498508	-0.7302269307305624	0.9195678271308523	0.9156626506024096	48.986991106324496	0.8822766995655476	-0.19695119427081176	-0.2013769363166953	87.78258845646985	-0.7302269307305624
hmp_gastrooral_gtdb_source_abundance	prob_ge_0.95	0,6	0.6078787878787878	0.603448275862069	35	0	46	-0.31168903925206454	-0.3222016079158937	2	0	144.50486723608577	95.51787612976125	116.46376248715887	0.15642466035896238	-0.725852039206585	0.9195678271308523	0.9156626506024096	48.986991106324496	0.8822766995655476	-0.3116890392520645	-0.31221437474034064	95.51787612976128	-0.7258520392065851
hmp_gastrooral_gtdb_source_abundance	prob_ge_0.98	0,6	0.21847070506454813	0.21978021978021975	10	0	71	-0.7010971220663043	-0.7306501547987616	2	0	183.36997830968585	134.38298720336135	156.21018900858144	0.0006995343675403679	-0.8815771651980071	0.9195678271308523	0.9156626506024096	48.986991106324496	0.8822766995655476	-0.7010971220663041	-0.6958824308221898	134.38298720336135	-0.8815771651980072
hmp_gastrooral_gtdb_source_abundance	prob_ge_0.99	0,6	0.04940476190476191	0.048192771084337345	2	0	79	-0.8701630652260904	-0.8840336134453781	2	0	197.52694321392374	148.53995210759925	177.32130011969278	-0.035585991083621635	-0.9178626906491691	0.9195678271308523	0.9156626506024096	48.986991106324496	0.8822766995655476	-0.8701630652260903	-0.8674698795180722	148.53995210759925	-0.9178626906491691
hmp_gastrooral_gtdb_source_abundance	reported_ani_ge_0.93	0,6	0.9241964827167981	0.9212121212121211	76	8	5	0.004628655585945718	0.0	0	1	48.26509121235975	-0.7218998939647463	0.0	0.8834470873224702	0.0011703877569226862	0.9195678271308523	0.9156626506024096	48.986991106324496	0.8822766995655476	0.004628655585945829	0.00554947060971156	-0.7218998939647463	0.0011703877569226862
hmp_gastrooral_gtdb_source_abundance	reported_ani_ge_0.94	0,6	0.9241964827167981	0.9212121212121211	76	8	5	0.004628655585945718	0.0	0	1	48.26509121235975	-0.7218998939647463	0.0	0.8834470873224702	0.0011703877569226862	0.9195678271308523	0.9156626506024096	48.986991106324496	0.8822766995655476	0.004628655585945829	0.00554947060971156	-0.7218998939647463	0.0011703877569226862
hmp_gastrooral_gtdb_source_abundance	reported_ani_ge_0.95	0,6	0.9185049019607843	0.9146341463414634	75	8	6	-0.001062925170068063	-0.002125850340136126	1	0	49.00077789364828	0.013786787323773808	0.027573574647547616	0.8821215869795433	-0.0001551125860041469	0.9195678271308523	0.9156626506024096	48.986991106324496	0.8822766995655476	-0.0010629251700680076	-0.0010285042609461392	0.013786787323780914	-0.0001551125860042024
hmp_gastrooral_gtdb_source_abundance	reported_ani_ge_0.96	0,6	0.9126934984520123	0.9079754601226994	74	8	7	-0.006874328678839969	-0.013748657357679939	1	0	47.80464303552266	-1.1823480708018366	0.0	0.8897400350495515	0.007463335484003963	0.9195678271308523	0.9156626506024096	48.986991106324496	0.8822766995655476	-0.006874328678839969	-0.007687190479710226	-1.1823480708018366	0.007463335484003908
hmp_gastrooral_gtdb_source_abundance	reported_ani_ge_0.97	0,6	0.8865996106424401	0.880503144654088	70	8	11	-0.032968216488412305	-0.050133096716947656	2	0	69.07440854210935	20.08741743578485	38.38982356353526	0.5969293842450519	-0.2853473153204955	0.9195678271308523	0.9156626506024096	48.986991106324496	0.8822766995655476	-0.032968216488412194	-0.03515950594832162	20.087417435784857	-0.2853473153204956
hmp_gastrooral_gtdb_source_abundance	reported_ani_ge_0.98	0,6	0.8671809491866511	0.858974358974359	67	8	14	-0.052386877944201216	-0.08897041962852548	2	0	69.9655765056469	20.97858539932239	40.17215949061034	0.6141815058772432	-0.2680951936883043	0.9195678271308523	0.9156626506024096	48.986991106324496	0.8822766995655476	-0.05238687794420116	-0.05668829162805056	20.978585399322398	-0.26809519368830437
hmp_gastrooral_gtdb_source_abundance	reported_ani_ge_0.99	0,6	0.827106227106227	0.8187919463087249	61	7	20	-0.09246160002462528	-0.13605442176870752	2	0	128.84755420853827	79.86056310221375	82.13956764930502	0.08135564060315173	-0.8009210589623958	0.9195678271308523	0.9156626506024096	48.986991106324496	0.8822766995655476	-0.09246160002462522	-0.09687070429368472	79.86056310221377	-0.8009210589623958
hmp_gastrooral_gtdb_source_abundance	s_ani_ge_0.93	0,6	0.9241964827167981	0.9212121212121211	76	8	5	0.004628655585945718	0.0	0	1	48.26509121235975	-0.7218998939647463	0.0	0.8834470873224702	0.0011703877569226862	0.9195678271308523	0.9156626506024096	48.986991106324496	0.8822766995655476	0.004628655585945829	0.00554947060971156	-0.7218998939647463	0.0011703877569226862
hmp_gastrooral_gtdb_source_abundance	s_ani_ge_0.94	0,6	0.9241964827167981	0.9212121212121211	76	8	5	0.004628655585945718	0.0	0	1	48.26509121235975	-0.7218998939647463	0.0	0.8834470873224702	0.0011703877569226862	0.9195678271308523	0.9156626506024096	48.986991106324496	0.8822766995655476	0.004628655585945829	0.00554947060971156	-0.7218998939647463	0.0011703877569226862
hmp_gastrooral_gtdb_source_abundance	s_ani_ge_0.95	0,6	0.9176136363636364	0.9135802469135802	74	7	7	-0.0019541907672159797	-0.002125850340136126	2	0	48.84876765981489	-0.13822344650960972	0.027573574647547616	0.8821778492922383	-9.885027330924778e-05	0.9195678271308523	0.9156626506024096	48.986991106324496	0.8822766995655476	-0.0019541907672159242	-0.002082403688829393	-0.13822344650960616	-9.885027330924778e-05
hmp_gastrooral_gtdb_source_abundance	s_ani_ge_0.96	0,6	0.9118022328548645	0.9068322981366459	73	7	8	-0.007765594275987886	-0.013748657357679939	2	0	47.65263280168928	-1.33435830463522	-0.30402046766676705	0.8897962973622464	0.0075195977966988625	0.9195678271308523	0.9156626506024096	48.986991106324496	0.8822766995655476	-0.007765594275987775	-0.008830352465763691	-1.3343583046352165	0.0075195977966988625
hmp_gastrooral_gtdb_source_abundance	s_ani_ge_0.97	0,6	0.8593969144460027	0.8571428571428571	66	7	15	-0.06017091268484953	-0.0702087286527514	2	0	69.74004229954829	20.75305119322379	38.38982356353526	0.5969911589892485	-0.28528554057629896	0.9195678271308523	0.9156626506024096	48.986991106324496	0.8822766995655476	-0.06017091268484953	-0.058519793459552494	20.753051193223797	-0.28528554057629907
hmp_gastrooral_gtdb_source_abundance	s_ani_ge_0.98	0,6	0.8211610486891385	0.8187919463087249	61	7	20	-0.09840677844171375	-0.10784313725490202	2	0	72.01398605076145	23.02699494443695	40.17215949061034	0.614116413046338	-0.2681602865192094	0.9195678271308523	0.9156626506024096	48.986991106324496	0.8822766995655476	-0.09840677844171375	-0.09687070429368472	23.02699494443695	-0.26816028651920953
hmp_gastrooral_gtdb_source_abundance	s_ani_ge_0.99	0,6	0.7328042328042328	0.7391304347826088	51	6	30	-0.18676359432661954	-0.23747276688453156	2	0	108.28242822327893	59.29543711695443	82.13956764930502	0.404784506657359	-0.4774921929081885	0.9195678271308523	0.9156626506024096	48.986991106324496	0.8822766995655476	-0.1867635943266195	-0.17653221581980083	59.29543711695443	-0.47749219290818856
hmp_gastrooral_gtdb_source_abundance	s_breadth_ge_0.02	0,6	0.9195678271308523	0.9156626506024096	76	9	5	0.0	0.0	0	0	48.986991106324496	0.0	0.0	0.8822766995655476	0.0	0.9195678271308523	0.9156626506024096	48.986991106324496	0.8822766995655476	0.0	0.0	0.0	0.0
hmp_gastrooral_gtdb_source_abundance	s_breadth_ge_0.05	0,6	0.9195678271308523	0.9156626506024096	76	9	5	0.0	0.0	0	0	48.986991106324496	0.0	0.0	0.8822766995655476	0.0	0.9195678271308523	0.9156626506024096	48.986991106324496	0.8822766995655476	0.0	0.0	0.0	0.0
hmp_gastrooral_gtdb_source_abundance	s_breadth_ge_0.1	0,6	0.928035043804756	0.9259259259259259	75	6	6	0.0084672166739036	0.0	0	1	48.165021810890394	-0.8219692954341085	0.0	0.8832479384601515	0.0009712388946039319	0.9195678271308523	0.9156626506024096	48.986991106324496	0.8822766995655476	0.00846721667390371	0.010263275323516341	-0.8219692954341014	0.0009712388946039319
hmp_gastrooral_gtdb_source_abundance	s_breadth_ge_0.2	0,6	0.9242424242424243	0.922077922077922	71	2	10	0.0046745971115719764	-0.0017825311942958333	1	1	49.408301754728164	0.4213106484036633	0.8386190189524569	0.8802765595410277	-0.002000140024519814	0.9195678271308523	0.9156626506024096	48.986991106324496	0.8822766995655476	0.004674597111572032	0.006415271475512463	0.4213106484036686	-0.0020001400245198697
hmp_gastrooral_gtdb_source_abundance	s_breadth_ge_0.3	0,6	0.9213085764809903	0.9210526315789475	70	1	11	0.00174074935013796	-0.018099547511312264	1	1	49.41710314550473	0.4301120391802318	0.49724884098591815	0.8799553039266843	-0.002321395638863244	0.9195678271308523	0.9156626506024096	48.986991106324496	0.8822766995655476	0.0017407493501380156	0.005389980976537867	0.4301120391802371	-0.002321395638863244
hmp_gastrooral_gtdb_source_abundance	s_breadth_ge_0.4	0,6	0.907376283846872	0.9054054054054054	67	0	14	-0.01219154328398031	-0.020541549953314697	2	0	48.16770104640614	-0.8192900599183659	0.05004603797567597	0.8873110012178484	0.00503430165230101	0.9195678271308523	0.9156626506024096	48.986991106324496	0.8822766995655476	-0.01219154328398031	-0.010257245197004217	-0.8192900599183588	0.005034301652300899
hmp_gastrooral_gtdb_source_abundance	s_breadth_ge_0.5	0,6	0.8188563945875164	0.8175182481751825	56	0	25	-0.10071143254333598	-0.11359026369168357	2	0	72.01805177349998	23.03106066717548	42.00863612059162	0.5896884628741117	-0.29258823669143574	0.9195678271308523	0.9156626506024096	48.986991106324496	0.8822766995655476	-0.10071143254333592	-0.0981444024272271	23.03106066717548	-0.29258823669143585
hmp_gastrooral_gtdb_source_abundance	s_real_min_af_ge_0.02	0,6	0.9195678271308523	0.9156626506024096	76	9	5	0.0	0.0	0	0	48.986991106324496	0.0	0.0	0.8822766995655476	0.0	0.9195678271308523	0.9156626506024096	48.986991106324496	0.8822766995655476	0.0	0.0	0.0	0.0
hmp_gastrooral_gtdb_source_abundance	s_real_min_af_ge_0.05	0,6	0.9195678271308523	0.9156626506024096	76	9	5	0.0	0.0	0	0	48.986991106324496	0.0	0.0	0.8822766995655476	0.0	0.9195678271308523	0.9156626506024096	48.986991106324496	0.8822766995655476	0.0	0.0	0.0	0.0
hmp_gastrooral_gtdb_source_abundance	s_real_min_af_ge_0.1	0,6	0.9138872043662826	0.9090909090909091	75	9	6	-0.005680622764569765	-0.01136124552913953	1	0	48.965201651269666	-0.021789455054836537	0.0	0.8822006677989374	-7.603176661014066e-05	0.9195678271308523	0.9156626506024096	48.986991106324496	0.8822766995655476	-0.005680622764569709	-0.006571741511500528	-0.021789455054829432	-7.603176661019617e-05
hmp_gastrooral_gtdb_source_abundance	s_real_min_af_ge_0.2	0,6	0.905985536236344	0.9024390243902438	74	9	7	-0.013582290894508242	-0.015803336259876954	2	0	48.9870250008249	3.3894500399256344e-05	0.04364669911047159	0.882201260042841	-7.543952270638865e-05	0.9195678271308523	0.9156626506024096	48.986991106324496	0.8822766995655476	-0.013582290894508242	-0.013223626212165773	3.3894500404585415e-05	-7.543952270649967e-05
hmp_gastrooral_gtdb_source_abundance	s_real_min_af_ge_0.3	0,6	0.927143778207608	0.9249999999999999	74	5	7	0.007575951076755683	-0.0017825311942958333	1	1	48.80499774880108	-0.18199335752342272	0.004002277854869618	0.881837566586758	-0.0004391329787894471	0.9195678271308523	0.9156626506024096	48.986991106324496	0.8822766995655476	0.007575951076755683	0.009337349397590344	-0.1819933575234174	-0.00043913297878950264
hmp_gastrooral_gtdb_source_abundance	s_real_min_af_ge_0.4	0,6	0.9422244422244422	0.9426751592356688	74	2	7	0.022656615093589905	-0.0017825311942958333	1	1	47.956452881219334	-1.0305382251051665	0.004002277854869618	0.8827271114891244	0.00045041192357686555	0.9195678271308523	0.9156626506024096	48.986991106324496	0.8822766995655476	0.02265661509358996	0.027012508633259213	-1.0305382251051611	0.00045041192357686555
hmp_gastrooral_gtdb_source_abundance	s_real_min_af_ge_0.5	0,6	0.916354556803995	0.9210526315789475	70	1	11	-0.0032132703268573093	-0.05228758169934633	1	1	48.667355881786975	-0.3196352245375227	1.0649694099602378	0.8818731906270973	-0.0004035089384502033	0.9195678271308523	0.9156626506024096	48.986991106324496	0.8822766995655476	-0.0032132703268572538	0.005389980976537867	-0.3196352245375209	-0.0004035089384502033
hmp_gastrooral_gtdb_source_abundance	s_xny_ge_10	0,6	0.9195678271308523	0.9156626506024096	76	9	5	0.0	0.0	0	0	48.986991106324496	0.0	0.0	0.8822766995655476	0.0	0.9195678271308523	0.9156626506024096	48.986991106324496	0.8822766995655476	0.0	0.0	0.0	0.0
hmp_gastrooral_gtdb_source_abundance	s_xny_ge_100	0,6	0.9138872043662826	0.9090909090909091	75	9	6	-0.005680622764569765	-0.01136124552913953	1	0	48.965201651269666	-0.021789455054836537	0.0	0.8822006677989374	-7.603176661014066e-05	0.9195678271308523	0.9156626506024096	48.986991106324496	0.8822766995655476	-0.005680622764569709	-0.006571741511500528	-0.021789455054829432	-7.603176661019617e-05
hmp_gastrooral_gtdb_source_abundance	s_xny_ge_1000	0,6	0.2491630798660928	0.2391304347826087	11	0	70	-0.6704047472647595	-0.7410964385754302	2	0	118.73196248174575	69.74497137542124	107.18667089354584	0.47100464715153306	-0.41127205241401443	0.9195678271308523	0.9156626506024096	48.986991106324496	0.8822766995655476	-0.6704047472647595	-0.6765322158198008	69.74497137542126	-0.4112720524140145
hmp_gastrooral_gtdb_source_abundance	s_xny_ge_200	0,6	0.905985536236344	0.9024390243902438	74	9	7	-0.013582290894508242	-0.015803336259876954	2	0	48.9870250008249	3.3894500399256344e-05	0.04364669911047159	0.882201260042841	-7.543952270638865e-05	0.9195678271308523	0.9156626506024096	48.986991106324496	0.8822766995655476	-0.013582290894508242	-0.013223626212165773	3.3894500404585415e-05	-7.543952270649967e-05
hmp_gastrooral_gtdb_source_abundance	s_xny_ge_25	0,6	0.9195678271308523	0.9156626506024096	76	9	5	0.0	0.0	0	0	48.986991106324496	0.0	0.0	0.8822766995655476	0.0	0.9195678271308523	0.9156626506024096	48.986991106324496	0.8822766995655476	0.0	0.0	0.0	0.0
hmp_gastrooral_gtdb_source_abundance	s_xny_ge_300	0,6	0.927143778207608	0.9249999999999999	74	5	7	0.007575951076755683	-0.0017825311942958333	1	1	48.80499774880108	-0.18199335752342272	0.004002277854869618	0.881837566586758	-0.0004391329787894471	0.9195678271308523	0.9156626506024096	48.986991106324496	0.8822766995655476	0.007575951076755683	0.009337349397590344	-0.1819933575234174	-0.00043913297878950264
hmp_gastrooral_gtdb_source_abundance	s_xny_ge_50	0,6	0.9195678271308523	0.9156626506024096	76	9	5	0.0	0.0	0	0	48.986991106324496	0.0	0.0	0.8822766995655476	0.0	0.9195678271308523	0.9156626506024096	48.986991106324496	0.8822766995655476	0.0	0.0	0.0	0.0
hmp_gastrooral_gtdb_source_abundance	s_xny_ge_500	0,6	0.916354556803995	0.9210526315789475	70	1	11	-0.0032132703268573093	-0.05228758169934633	1	1	48.667355881786975	-0.3196352245375227	1.0649694099602378	0.8818731906270973	-0.0004035089384502033	0.9195678271308523	0.9156626506024096	48.986991106324496	0.8822766995655476	-0.0032132703268572538	0.005389980976537867	-0.3196352245375209	-0.0004035089384502033
hmp_gastrooral_gtdb_source_abundance	s_xny_ge_750	0,6	0.8188563945875164	0.8175182481751825	56	0	25	-0.10071143254333598	-0.11359026369168357	2	0	55.383529435478636	6.39653832915414	8.49756401177055	0.8194110220147698	-0.06286567755077771	0.9195678271308523	0.9156626506024096	48.986991106324496	0.8822766995655476	-0.10071143254333592	-0.0981444024272271	6.39653832915414	-0.06286567755077777
hmp_gastrooral_gtdb_source_abundance	s_zip_af_ge_0.05	0,6	0.9195678271308523	0.9156626506024096	76	9	5	0.0	0.0	0	0	48.986991106324496	0.0	0.0	0.8822766995655476	0.0	0.9195678271308523	0.9156626506024096	48.986991106324496	0.8822766995655476	0.0	0.0	0.0	0.0
hmp_gastrooral_gtdb_source_abundance	s_zip_af_ge_0.1	0,6	0.9195678271308523	0.9156626506024096	76	9	5	0.0	0.0	0	0	48.986991106324496	0.0	0.0	0.8822766995655476	0.0	0.9195678271308523	0.9156626506024096	48.986991106324496	0.8822766995655476	0.0	0.0	0.0	0.0
hmp_gastrooral_gtdb_source_abundance	s_zip_af_ge_0.2	0,6	0.9241964827167981	0.9212121212121211	76	8	5	0.004628655585945718	0.0	0	1	48.26509121235975	-0.7218998939647463	0.0	0.8834470873224702	0.0011703877569226862	0.9195678271308523	0.9156626506024096	48.986991106324496	0.8822766995655476	0.004628655585945829	0.00554947060971156	-0.7218998939647463	0.0011703877569226862
hmp_gastrooral_gtdb_source_abundance	s_zip_af_ge_0.3	0,6	0.9162948145868596	0.9146341463414634	75	8	6	-0.0032730125439927593	-0.015803336259876954	1	1	48.44449504544754	-0.542496060876962	0.3588076661755686	0.8834384349097173	0.0011617353441698564	0.9195678271308523	0.9156626506024096	48.986991106324496	0.8822766995655476	-0.003273012543992704	-0.0010285042609461392	-0.5424960608769567	0.0011617353441697453
hmp_gastrooral_gtdb_source_abundance	s_zip_af_ge_0.4	0,6	0.9118022328548645	0.9068322981366459	73	7	8	-0.007765594275987886	-0.013748657357679939	2	0	47.65263280168928	-1.33435830463522	-0.30402046766676705	0.8897962973622464	0.0075195977966988625	0.9195678271308523	0.9156626506024096	48.986991106324496	0.8822766995655476	-0.007765594275987775	-0.008830352465763691	-1.3343583046352165	0.0075195977966988625
hmp_gastrooral_gtdb_source_abundance	s_zip_af_ge_0.5	0,6	0.8683574879227054	0.864516129032258	67	7	14	-0.05121033920814699	-0.05228758169934633	2	0	69.46625332593854	20.479262219614036	38.38982356353526	0.596986097058445	-0.2852906025071025	0.9195678271308523	0.9156626506024096	48.986991106324496	0.8822766995655476	-0.05121033920814688	-0.05114652157015154	20.479262219614043	-0.2852906025071026
hmp_gastrooral_gtdb_source_abundance	split_unique_breadth_ratio_le_1.1	0,6	0.6359953703703703	0.6271186440677966	37	0	44	-0.283572456760482	-0.3667091836734694	2	0	135.22791481286916	86.24092370654466	124.00338875818062	0.2354889119702016	-0.6467877875953459	0.9195678271308523	0.9156626506024096	48.986991106324496	0.8822766995655476	-0.28357245676048193	-0.288544006534613	86.24092370654466	-0.6467877875953459
hmp_gastrooral_gtdb_source_abundance	split_unique_breadth_ratio_le_1.25	0,6	0.7987873343813159	0.791044776119403	53	0	28	-0.1207804927495364	-0.18563041655018175	2	0	80.96269156607931	31.97570045975481	46.07715153483581	0.60296550044928	-0.2793111991162675	0.9195678271308523	0.9156626506024096	48.986991106324496	0.8822766995655476	-0.1207804927495364	-0.12461787448300654	31.97570045975482	-0.27931119911626756
hmp_gastrooral_gtdb_source_abundance	split_unique_breadth_ratio_le_1.5	0,6	0.8850678733031674	0.8800000000000001	66	3	15	-0.034499953827685004	-0.050900360144057744	2	0	56.451307930943976	7.464316824619475	14.408391700035608	0.8799714286081834	-0.002305270957364103	0.9195678271308523	0.9156626506024096	48.986991106324496	0.8822766995655476	-0.03449995382768489	-0.035662650602409474	7.46431682461948	-0.002305270957364103
hmp_gastrooral_gtdb_source_abundance	split_unique_breadth_ratio_le_2	0,6	0.900197628458498	0.8987341772151898	71	6	10	-0.01937019867235429	-0.03208556149732622	2	0	50.241581004554064	1.2545898982295682	1.949477996538377	0.8795481755083266	-0.002728524057220849	0.9195678271308523	0.9156626506024096	48.986991106324496	0.8822766995655476	-0.019370198672354233	-0.01692847338721981	1.2545898982295682	-0.0027285240572209046
hmp_gastrooral_gtdb_source_abundance	split_unique_breadth_ratio_le_3	0,6	0.923219814241486	0.9202453987730062	75	7	6	0.0036519871106337476	0.0	0	1	49.22504603967401	0.23805493334950967	0.47610986669901934	0.8816101389474029	-0.0006665606181445183	0.9195678271308523	0.9156626506024096	48.986991106324496	0.8822766995655476	0.0036519871106337476	0.004582748170596562	0.23805493334951677	-0.0006665606181446293
hmp_gastrooral_gtdb_source_abundance	split_unique_xny_ratio_le_1.1	0,6	0.42158385093167705	0.4117647058823529	21	0	60	-0.4979839761991753	-0.5765306122448979	2	0	145.11842451733762	96.13143341101312	132.26216643369176	0.28904495228040944	-0.5932317472851381	0.9195678271308523	0.9156626506024096	48.986991106324496	0.8822766995655476	-0.4979839761991752	-0.5038979447200567	96.13143341101312	-0.5932317472851381
hmp_gastrooral_gtdb_source_abundance	split_unique_xny_ratio_le_1.25	0,6	0.6359953703703703	0.6271186440677966	37	0	44	-0.283572456760482	-0.3667091836734694	2	0	135.22791481286916	86.24092370654466	124.00338875818062	0.2354889119702016	-0.6467877875953459	0.9195678271308523	0.9156626506024096	48.986991106324496	0.8822766995655476	-0.28357245676048193	-0.288544006534613	86.24092370654466	-0.6467877875953459
hmp_gastrooral_gtdb_source_abundance	split_unique_xny_ratio_le_1.5	0,6	0.7713615023474178	0.7633587786259541	50	0	31	-0.14820632478343454	-0.22190284564530038	2	0	82.18275392420807	33.195762817883576	47.40616513998221	0.6059572081298406	-0.27631949143570694	0.9195678271308523	0.9156626506024096	48.986991106324496	0.8822766995655476	-0.14820632478343443	-0.15230387197645545	33.195762817883576	-0.276319491435707
hmp_gastrooral_gtdb_source_abundance	split_unique_xny_ratio_le_2	0,6	0.8577533577533577	0.851063829787234	60	0	21	-0.06181446937749463	-0.10308738880167456	2	0	71.84240543429942	22.85541432797492	44.56489890262071	0.6077078592640561	-0.2745688403014914	0.9195678271308523	0.9156626506024096	48.986991106324496	0.8822766995655476	-0.061814469377494574	-0.06459882081517554	22.855414327974927	-0.2745688403014914
hmp_gastrooral_gtdb_source_abundance	split_unique_xny_ratio_le_3	0,6	0.8762322015334063	0.87248322147651	65	3	16	-0.043335625597446026	-0.05458568969756583	2	0	69.90038381293375	20.91339270660925	41.26708361329774	0.5902923675266367	-0.29198433203891083	0.9195678271308523	0.9156626506024096	48.986991106324496	0.8822766995655476	-0.04333562559744597	-0.04317942912589956	20.913392706609258	-0.29198433203891083
hmp_gastrooral_gtdb_source_abundance	split_unique_xny_ratio_le_5	0,6	0.9083387410772227	0.9056603773584906	72	6	9	-0.011229086053629656	-0.015803336259876954	2	0	49.7751896525504	0.7881985462259014	1.2175894262762341	0.8809309825257051	-0.0013457170398423757	0.9195678271308523	0.9156626506024096	48.986991106324496	0.8822766995655476	-0.0112290860536296	-0.010002273243919002	0.7881985462259067	-0.0013457170398424312
