method	panels	mean_panel_pooled_F1	mean_panel_L1_union_pp	mean_panel_Pearson_union	total_TP	total_FP	total_FN	mean_delta_F1	min_delta_F1	mean_delta_L1_union_pp	mean_delta_Pearson_union	total_TP_delta	total_FP_delta	total_FN_delta	improved_samples_F1	worsened_samples_F1	unchanged_samples_F1
current_calls_raw_depth_abundance	hmp_airskin_gtdb_source_abundance,hmp_gastrooral_gtdb_source_abundance	0.8818247517597093	180.9735384032905	-0.03508196253172415	1108	316	68	0.0	0.0	140.42949515336738	-0.9608353263208615	0.0	0.0	0.0	0.0	0.0	26.0
current_default	hmp_airskin_gtdb_source_abundance,hmp_gastrooral_gtdb_source_abundance	0.8818247517597093	35.76275879445157	0.9316002425700405	1108	316	68										
raw_rescue_ani0.92_xny100_br0.05_af0.1_raw_depth_abundance	hmp_airskin_gtdb_source_abundance,hmp_gastrooral_gtdb_source_abundance	0.7834056374920007	187.0357716701086	-0.06066691507763457	1135	540	41	-0.078290992314381	-0.34490740740740744	151.62006448156353	-0.9946581004246773	27.0	224.0	-27.0	1.0	25.0	0.0
raw_rescue_ani0.92_xny100_br0.05_af0.1_zero_rescue_mass	hmp_airskin_gtdb_source_abundance,hmp_gastrooral_gtdb_source_abundance	0.7834056374920007	35.76275879445157	0.9322960360690551	1135	540	41	-0.078290992314381	-0.34490740740740744	-7.856962943501108e-16	0.0011291023984574737	27.0	224.0	-27.0	1.0	25.0	0.0
raw_rescue_ani0.92_xny100_br0.05_af0.3_raw_depth_abundance	hmp_airskin_gtdb_source_abundance,hmp_gastrooral_gtdb_source_abundance	0.8194913181707018	186.88486485246477	-0.05526151385098594	1134	488	42	-0.06105699770129394	-0.22638888888888886	151.344127494225	-0.9935849227166155	26.0	172.0	-26.0	1.0	25.0	0.0
raw_rescue_ani0.92_xny100_br0.05_af0.3_zero_rescue_mass	hmp_airskin_gtdb_source_abundance,hmp_gastrooral_gtdb_source_abundance	0.8194913181707018	35.76275879445157	0.932062335835369	1134	488	42	-0.06105699770129394	-0.22638888888888886	-7.173748774501012e-16	0.0008428121655288817	26.0	172.0	-26.0	1.0	25.0	0.0
raw_rescue_ani0.92_xny100_br0.05_af0.5_raw_depth_abundance	hmp_airskin_gtdb_source_abundance,hmp_gastrooral_gtdb_source_abundance	0.8750729225498604	181.28820125956832	-0.03058768233322518	1133	351	43	-0.0019500546827613179	-0.04127906976744178	141.01739395041838	-0.9569495415514017	25.0	35.0	-25.0	9.0	9.0	8.0
raw_rescue_ani0.92_xny100_br0.05_af0.5_zero_rescue_mass	hmp_airskin_gtdb_source_abundance,hmp_gastrooral_gtdb_source_abundance	0.8750729225498604	35.76275879445157	0.9316955559308607	1133	351	43	-0.0019500546827613179	-0.04127906976744178	-8.198570028001156e-16	0.00019813985262724974	25.0	35.0	-25.0	9.0	9.0	8.0
raw_rescue_ani0.92_xny100_br0.05_af0.7_raw_depth_abundance	hmp_airskin_gtdb_source_abundance,hmp_gastrooral_gtdb_source_abundance	0.8904615834063687	180.96958893212593	-0.03486898713187393	1120	317	56	0.0069050023682210625	0.0	140.4291960970462	-0.9604476291872212	12.0	1.0	-12.0	9.0	0.0	17.0
raw_rescue_ani0.92_xny100_br0.05_af0.7_zero_rescue_mass	hmp_airskin_gtdb_source_abundance,hmp_gastrooral_gtdb_source_abundance	0.8904615834063687	35.76275879445157	0.931600391105674	1120	317	56	0.0069050023682210625	0.0	0.0	2.742196312415064e-07	12.0	1.0	-12.0	9.0	0.0	17.0
raw_rescue_ani0.92_xny100_br0.05_af0.9_raw_depth_abundance	hmp_airskin_gtdb_source_abundance,hmp_gastrooral_gtdb_source_abundance	0.8850712707698818	180.96946329090525	-0.035078691981263115	1109	316	67	0.0005902026362384435	0.0	140.4288682130004	-0.9608348231592523	1.0	0.0	-1.0	1.0	0.0	25.0
raw_rescue_ani0.92_xny100_br0.05_af0.9_zero_rescue_mass	hmp_airskin_gtdb_source_abundance,hmp_gastrooral_gtdb_source_abundance	0.8850712707698818	35.76275879445157	0.9316002425700405	1109	316	67	0.0005902026362384435	0.0	0.0	0.0	1.0	0.0	-1.0	1.0	0.0	25.0
raw_rescue_ani0.92_xny100_br0.15_af0.1_raw_depth_abundance	hmp_airskin_gtdb_source_abundance,hmp_gastrooral_gtdb_source_abundance	0.8329243908438932	184.84474511260078	-0.026252017170932042	1135	471	41	-0.054302764933150754	-0.19999999999999996	147.58331583062915	-0.9559545065998555	27.0	155.0	-27.0	1.0	25.0	0.0
raw_rescue_ani0.92_xny100_br0.15_af0.1_zero_rescue_mass	hmp_airskin_gtdb_source_abundance,hmp_gastrooral_gtdb_source_abundance	0.8329243908438932	35.76275879445157	0.9319438518429088	1135	471	41	-0.054302764933150754	-0.19999999999999996	-1.0589819619501493e-15	0.0006402649325222873	27.0	155.0	-27.0	1.0	25.0	0.0
raw_rescue_ani0.92_xny100_br0.15_af0.3_raw_depth_abundance	hmp_airskin_gtdb_source_abundance,hmp_gastrooral_gtdb_source_abundance	0.8358217178116908	184.54858225922118	-0.025497843229435456	1134	465	42	-0.05122521740568131	-0.19999999999999996	147.03655371287311	-0.953975439885061	26.0	149.0	-26.0	1.0	25.0	0.0
raw_rescue_ani0.92_xny100_br0.15_af0.3_zero_rescue_mass	hmp_airskin_gtdb_source_abundance,hmp_gastrooral_gtdb_source_abundance	0.8358217178116908	35.76275879445157	0.9319155591773922	1134	465	42	-0.05122521740568131	-0.19999999999999996	-1.2639462126501783e-15	0.0005873685255917437	26.0	149.0	-26.0	1.0	25.0	0.0
raw_rescue_ani0.92_xny100_br0.15_af0.5_raw_depth_abundance	hmp_airskin_gtdb_source_abundance,hmp_gastrooral_gtdb_source_abundance	0.8750729225498604	181.28820125956832	-0.03058768233322518	1133	351	43	-0.0019500546827613179	-0.04127906976744178	141.01739395041838	-0.9569495415514017	25.0	35.0	-25.0	9.0	9.0	8.0
raw_rescue_ani0.92_xny100_br0.15_af0.5_zero_rescue_mass	hmp_airskin_gtdb_source_abundance,hmp_gastrooral_gtdb_source_abundance	0.8750729225498604	35.76275879445157	0.9316955559308607	1133	351	43	-0.0019500546827613179	-0.04127906976744178	-8.198570028001156e-16	0.00019813985262724974	25.0	35.0	-25.0	9.0	9.0	8.0
raw_rescue_ani0.92_xny100_br0.15_af0.7_raw_depth_abundance	hmp_airskin_gtdb_source_abundance,hmp_gastrooral_gtdb_source_abundance	0.8904615834063687	180.96958893212593	-0.03486898713187393	1120	317	56	0.0069050023682210625	0.0	140.4291960970462	-0.9604476291872212	12.0	1.0	-12.0	9.0	0.0	17.0
raw_rescue_ani0.92_xny100_br0.15_af0.7_zero_rescue_mass	hmp_airskin_gtdb_source_abundance,hmp_gastrooral_gtdb_source_abundance	0.8904615834063687	35.76275879445157	0.931600391105674	1120	317	56	0.0069050023682210625	0.0	0.0	2.742196312415064e-07	12.0	1.0	-12.0	9.0	0.0	17.0
raw_rescue_ani0.92_xny100_br0.15_af0.9_raw_depth_abundance	hmp_airskin_gtdb_source_abundance,hmp_gastrooral_gtdb_source_abundance	0.8850712707698818	180.96946329090525	-0.035078691981263115	1109	316	67	0.0005902026362384435	0.0	140.4288682130004	-0.9608348231592523	1.0	0.0	-1.0	1.0	0.0	25.0
raw_rescue_ani0.92_xny100_br0.15_af0.9_zero_rescue_mass	hmp_airskin_gtdb_source_abundance,hmp_gastrooral_gtdb_source_abundance	0.8850712707698818	35.76275879445157	0.9316002425700405	1109	316	67	0.0005902026362384435	0.0	0.0	0.0	1.0	0.0	-1.0	1.0	0.0	25.0
raw_rescue_ani0.92_xny100_br0.1_af0.1_raw_depth_abundance	hmp_airskin_gtdb_source_abundance,hmp_gastrooral_gtdb_source_abundance	0.8223285329529104	187.03230997513654	-0.049821709916200205	1135	498	41	-0.06563959812587225	-0.284438775510204	151.6185652691129	-0.9910973577529334	27.0	182.0	-27.0	1.0	25.0	0.0
raw_rescue_ani0.92_xny100_br0.1_af0.1_zero_rescue_mass	hmp_airskin_gtdb_source_abundance,hmp_gastrooral_gtdb_source_abundance	0.8223285329529104	35.76275879445157	0.9321056560755876	1135	498	41	-0.06563959812587225	-0.284438775510204	-1.0589819619501493e-15	0.0009326161253478319	27.0	182.0	-27.0	1.0	25.0	0.0
raw_rescue_ani0.92_xny100_br0.1_af0.3_raw_depth_abundance	hmp_airskin_gtdb_source_abundance,hmp_gastrooral_gtdb_source_abundance	0.8320711684580587	186.8823142663138	-0.046665949328957776	1134	475	42	-0.056225362017970716	-0.22638888888888886	151.34364461183412	-0.9900322958241701	26.0	159.0	-26.0	1.0	25.0	0.0
raw_rescue_ani0.92_xny100_br0.1_af0.3_zero_rescue_mass	hmp_airskin_gtdb_source_abundance,hmp_gastrooral_gtdb_source_abundance	0.8320711684580587	35.76275879445157	0.9320032364701367	1134	475	42	-0.056225362017970716	-0.22638888888888886	-7.173748774501012e-16	0.0007498980904818964	26.0	159.0	-26.0	1.0	25.0	0.0
raw_rescue_ani0.92_xny100_br0.1_af0.5_raw_depth_abundance	hmp_airskin_gtdb_source_abundance,hmp_gastrooral_gtdb_source_abundance	0.8750729225498604	181.28820125956832	-0.03058768233322518	1133	351	43	-0.0019500546827613179	-0.04127906976744178	141.01739395041838	-0.9569495415514017	25.0	35.0	-25.0	9.0	9.0	8.0
raw_rescue_ani0.92_xny100_br0.1_af0.5_zero_rescue_mass	hmp_airskin_gtdb_source_abundance,hmp_gastrooral_gtdb_source_abundance	0.8750729225498604	35.76275879445157	0.9316955559308607	1133	351	43	-0.0019500546827613179	-0.04127906976744178	-8.198570028001156e-16	0.00019813985262724974	25.0	35.0	-25.0	9.0	9.0	8.0
raw_rescue_ani0.92_xny100_br0.1_af0.7_raw_depth_abundance	hmp_airskin_gtdb_source_abundance,hmp_gastrooral_gtdb_source_abundance	0.8904615834063687	180.96958893212593	-0.03486898713187393	1120	317	56	0.0069050023682210625	0.0	140.4291960970462	-0.9604476291872212	12.0	1.0	-12.0	9.0	0.0	17.0
raw_rescue_ani0.92_xny100_br0.1_af0.7_zero_rescue_mass	hmp_airskin_gtdb_source_abundance,hmp_gastrooral_gtdb_source_abundance	0.8904615834063687	35.76275879445157	0.931600391105674	1120	317	56	0.0069050023682210625	0.0	0.0	2.742196312415064e-07	12.0	1.0	-12.0	9.0	0.0	17.0
raw_rescue_ani0.92_xny100_br0.1_af0.9_raw_depth_abundance	hmp_airskin_gtdb_source_abundance,hmp_gastrooral_gtdb_source_abundance	0.8850712707698818	180.96946329090525	-0.035078691981263115	1109	316	67	0.0005902026362384435	0.0	140.4288682130004	-0.9608348231592523	1.0	0.0	-1.0	1.0	0.0	25.0
raw_rescue_ani0.92_xny100_br0.1_af0.9_zero_rescue_mass	hmp_airskin_gtdb_source_abundance,hmp_gastrooral_gtdb_source_abundance	0.8850712707698818	35.76275879445157	0.9316002425700405	1109	316	67	0.0005902026362384435	0.0	0.0	0.0	1.0	0.0	-1.0	1.0	0.0	25.0
raw_rescue_ani0.92_xny100_br0.25_af0.1_raw_depth_abundance	hmp_airskin_gtdb_source_abundance,hmp_gastrooral_gtdb_source_abundance	0.8793886295325191	181.81211526504214	-0.03322555945447362	1123	341	53	-0.005237169684770982	-0.09090909090909094	141.98461506094057	-0.9602286603082509	15.0	25.0	-15.0	9.0	13.0	4.0
raw_rescue_ani0.92_xny100_br0.25_af0.1_zero_rescue_mass	hmp_airskin_gtdb_source_abundance,hmp_gastrooral_gtdb_source_abundance	0.8793886295325191	35.76275879445157	0.9317624860798432	1123	341	53	-0.005237169684770982	-0.09090909090909094	-5.465713352000771e-16	0.00012899764841886382	15.0	25.0	-15.0	9.0	13.0	4.0
raw_rescue_ani0.92_xny100_br0.25_af0.3_raw_depth_abundance	hmp_airskin_gtdb_source_abundance,hmp_gastrooral_gtdb_source_abundance	0.8793886295325191	181.81211526504214	-0.03322555945447362	1123	341	53	-0.005237169684770982	-0.09090909090909094	141.98461506094057	-0.9602286603082509	15.0	25.0	-15.0	9.0	13.0	4.0
raw_rescue_ani0.92_xny100_br0.25_af0.3_zero_rescue_mass	hmp_airskin_gtdb_source_abundance,hmp_gastrooral_gtdb_source_abundance	0.8793886295325191	35.76275879445157	0.9317624860798432	1123	341	53	-0.005237169684770982	-0.09090909090909094	-5.465713352000771e-16	0.00012899764841886382	15.0	25.0	-15.0	9.0	13.0	4.0
raw_rescue_ani0.92_xny100_br0.25_af0.5_raw_depth_abundance	hmp_airskin_gtdb_source_abundance,hmp_gastrooral_gtdb_source_abundance	0.8867930440231866	181.18337043144305	-0.034649959792442786	1122	326	54	0.0029086978305477916	-0.018142235123367212	140.82386041847525	-0.961024866668339	14.0	10.0	-14.0	10.0	4.0	12.0
raw_rescue_ani0.92_xny100_br0.25_af0.5_zero_rescue_mass	hmp_airskin_gtdb_source_abundance,hmp_gastrooral_gtdb_source_abundance	0.8867930440231866	35.76275879445157	0.9317157784356527	1122	326	54	0.0029086978305477916	-0.018142235123367212	2.7328566760003855e-16	0.00010404339071255444	14.0	10.0	-14.0	10.0	4.0	12.0
raw_rescue_ani0.92_xny100_br0.25_af0.7_raw_depth_abundance	hmp_airskin_gtdb_source_abundance,hmp_gastrooral_gtdb_source_abundance	0.8904011461318051	180.9695905226842	-0.034909772564946664	1119	316	57	0.006308287395956782	0.0	140.42919903346152	-0.9605229253713555	11.0	0.0	-11.0	9.0	0.0	17.0
raw_rescue_ani0.92_xny100_br0.25_af0.7_zero_rescue_mass	hmp_airskin_gtdb_source_abundance,hmp_gastrooral_gtdb_source_abundance	0.8904011461318051	35.76275879445157	0.9316002425700405	1119	316	57	0.006308287395956782	0.0	0.0	0.0	11.0	0.0	-11.0	9.0	0.0	17.0
raw_rescue_ani0.92_xny100_br0.25_af0.9_raw_depth_abundance	hmp_airskin_gtdb_source_abundance,hmp_gastrooral_gtdb_source_abundance	0.8850712707698818	180.96946329090525	-0.035078691981263115	1109	316	67	0.0005902026362384435	0.0	140.4288682130004	-0.9608348231592523	1.0	0.0	-1.0	1.0	0.0	25.0
raw_rescue_ani0.92_xny100_br0.25_af0.9_zero_rescue_mass	hmp_airskin_gtdb_source_abundance,hmp_gastrooral_gtdb_source_abundance	0.8850712707698818	35.76275879445157	0.9316002425700405	1109	316	67	0.0005902026362384435	0.0	0.0	0.0	1.0	0.0	-1.0	1.0	0.0	25.0
raw_rescue_ani0.92_xny100_br0.2_af0.1_raw_depth_abundance	hmp_airskin_gtdb_source_abundance,hmp_gastrooral_gtdb_source_abundance	0.864782146362744	184.11950598650463	-0.03239297657746463	1131	410	45	-0.034133778586717546	-0.19999999999999996	146.24441318192464	-0.9604017882383279	23.0	94.0	-23.0	3.0	23.0	0.0
raw_rescue_ani0.92_xny100_br0.2_af0.1_zero_rescue_mass	hmp_airskin_gtdb_source_abundance,hmp_gastrooral_gtdb_source_abundance	0.864782146362744	35.76275879445157	0.9318752975473428	1131	410	45	-0.034133778586717546	-0.19999999999999996	-1.0248212535001446e-16	0.000402349593023556	23.0	94.0	-23.0	3.0	23.0	0.0
raw_rescue_ani0.92_xny100_br0.2_af0.3_raw_depth_abundance	hmp_airskin_gtdb_source_abundance,hmp_gastrooral_gtdb_source_abundance	0.8651078073339002	183.78133922086948	-0.031025613866182335	1131	408	45	-0.03214876970515694	-0.19999999999999996	145.6201053069059	-0.9578774263098068	23.0	92.0	-23.0	3.0	23.0	0.0
raw_rescue_ani0.92_xny100_br0.2_af0.3_zero_rescue_mass	hmp_airskin_gtdb_source_abundance,hmp_gastrooral_gtdb_source_abundance	0.8651078073339002	35.76275879445157	0.9318420287349172	1131	408	45	-0.03214876970515694	-0.19999999999999996	-1.0248212535001446e-16	0.0003409302470070558	23.0	92.0	-23.0	3.0	23.0	0.0
raw_rescue_ani0.92_xny100_br0.2_af0.5_raw_depth_abundance	hmp_airskin_gtdb_source_abundance,hmp_gastrooral_gtdb_source_abundance	0.8840458414570355	181.1833677439183	-0.033044886595308985	1130	338	46	0.0017328329078435528	-0.035612535612535634	140.82385534723454	-0.9589692140204874	22.0	22.0	-22.0	12.0	5.0	9.0
raw_rescue_ani0.92_xny100_br0.2_af0.5_zero_rescue_mass	hmp_airskin_gtdb_source_abundance,hmp_gastrooral_gtdb_source_abundance	0.8840458414570355	35.76275879445157	0.9316999516147748	1130	338	46	0.0017328329078435528	-0.035612535612535634	-5.465713352000771e-16	0.00011590386090121196	22.0	22.0	-22.0	12.0	5.0	9.0
raw_rescue_ani0.92_xny100_br0.2_af0.7_raw_depth_abundance	hmp_airskin_gtdb_source_abundance,hmp_gastrooral_gtdb_source_abundance	0.8902267944821136	180.96959052268437	-0.03486898665406321	1119	317	57	0.0061879228375822165	0.0	140.4291990334618	-0.9604476283051091	11.0	1.0	-11.0	9.0	0.0	17.0
raw_rescue_ani0.92_xny100_br0.2_af0.7_zero_rescue_mass	hmp_airskin_gtdb_source_abundance,hmp_gastrooral_gtdb_source_abundance	0.8902267944821136	35.76275879445157	0.931600391105674	1119	317	57	0.0061879228375822165	0.0	0.0	2.742196312415064e-07	11.0	1.0	-11.0	9.0	0.0	17.0
raw_rescue_ani0.92_xny100_br0.2_af0.9_raw_depth_abundance	hmp_airskin_gtdb_source_abundance,hmp_gastrooral_gtdb_source_abundance	0.8850712707698818	180.96946329090525	-0.035078691981263115	1109	316	67	0.0005902026362384435	0.0	140.4288682130004	-0.9608348231592523	1.0	0.0	-1.0	1.0	0.0	25.0
raw_rescue_ani0.92_xny100_br0.2_af0.9_zero_rescue_mass	hmp_airskin_gtdb_source_abundance,hmp_gastrooral_gtdb_source_abundance	0.8850712707698818	35.76275879445157	0.9316002425700405	1109	316	67	0.0005902026362384435	0.0	0.0	0.0	1.0	0.0	-1.0	1.0	0.0	25.0
raw_rescue_ani0.92_xny100_br0.3_af0.1_raw_depth_abundance	hmp_airskin_gtdb_source_abundance,hmp_gastrooral_gtdb_source_abundance	0.8858428805237315	181.21550775186012	-0.03507149895526184	1115	322	61	0.0009475710090749178	-0.0045033112582780754	140.88319085616828	-0.9618030928150818	7.0	6.0	-7.0	6.0	2.0	18.0
raw_rescue_ani0.92_xny100_br0.3_af0.1_zero_rescue_mass	hmp_airskin_gtdb_source_abundance,hmp_gastrooral_gtdb_source_abundance	0.8858428805237315	35.76275879445157	0.9317149614776257	1115	322	61	0.0009475710090749178	-0.0045033112582780754	2.7328566760003855e-16	0.00010253516050869796	7.0	6.0	-7.0	6.0	2.0	18.0
raw_rescue_ani0.92_xny100_br0.3_af0.3_raw_depth_abundance	hmp_airskin_gtdb_source_abundance,hmp_gastrooral_gtdb_source_abundance	0.8858428805237315	181.21550775186012	-0.03507149895526184	1115	322	61	0.0009475710090749178	-0.0045033112582780754	140.88319085616828	-0.9618030928150818	7.0	6.0	-7.0	6.0	2.0	18.0
raw_rescue_ani0.92_xny100_br0.3_af0.3_zero_rescue_mass	hmp_airskin_gtdb_source_abundance,hmp_gastrooral_gtdb_source_abundance	0.8858428805237315	35.76275879445157	0.9317149614776257	1115	322	61	0.0009475710090749178	-0.0045033112582780754	2.7328566760003855e-16	0.00010253516050869796	7.0	6.0	-7.0	6.0	2.0	18.0
raw_rescue_ani0.92_xny100_br0.3_af0.5_raw_depth_abundance	hmp_airskin_gtdb_source_abundance,hmp_gastrooral_gtdb_source_abundance	0.8858428805237315	181.21550775186012	-0.03507149895526184	1115	322	61	0.0009475710090749178	-0.0045033112582780754	140.88319085616828	-0.9618030928150818	7.0	6.0	-7.0	6.0	2.0	18.0
raw_rescue_ani0.92_xny100_br0.3_af0.5_zero_rescue_mass	hmp_airskin_gtdb_source_abundance,hmp_gastrooral_gtdb_source_abundance	0.8858428805237315	35.76275879445157	0.9317149614776257	1115	322	61	0.0009475710090749178	-0.0045033112582780754	2.7328566760003855e-16	0.00010253516050869796	7.0	6.0	-7.0	6.0	2.0	18.0
raw_rescue_ani0.92_xny100_br0.3_af0.7_raw_depth_abundance	hmp_airskin_gtdb_source_abundance,hmp_gastrooral_gtdb_source_abundance	0.8892241884448611	181.0017219222056	-0.034929923684303	1114	316	62	0.0033591364666979598	0.0	140.48851854027032	-0.9605601274378593	6.0	0.0	-6.0	5.0	0.0	21.0
raw_rescue_ani0.92_xny100_br0.3_af0.7_zero_rescue_mass	hmp_airskin_gtdb_source_abundance,hmp_gastrooral_gtdb_source_abundance	0.8892241884448611	35.76275879445157	0.9316002425700405	1114	316	62	0.0033591364666979598	0.0	0.0	0.0	6.0	0.0	-6.0	5.0	0.0	21.0
raw_rescue_ani0.92_xny100_br0.3_af0.9_raw_depth_abundance	hmp_airskin_gtdb_source_abundance,hmp_gastrooral_gtdb_source_abundance	0.8850712707698818	180.96946329090525	-0.035078691981263115	1109	316	67	0.0005902026362384435	0.0	140.4288682130004	-0.9608348231592523	1.0	0.0	-1.0	1.0	0.0	25.0
raw_rescue_ani0.92_xny100_br0.3_af0.9_zero_rescue_mass	hmp_airskin_gtdb_source_abundance,hmp_gastrooral_gtdb_source_abundance	0.8850712707698818	35.76275879445157	0.9316002425700405	1109	316	67	0.0005902026362384435	0.0	0.0	0.0	1.0	0.0	-1.0	1.0	0.0	25.0
raw_rescue_ani0.92_xny100_br0.5_af0.1_raw_depth_abundance	hmp_airskin_gtdb_source_abundance,hmp_gastrooral_gtdb_source_abundance	0.8882791407442188	180.96940660439162	-0.03507871949267515	1110	316	66	0.0010183459215245849	0.0	140.42885949199834	-0.9608348273917772	2.0	0.0	-2.0	2.0	0.0	24.0
raw_rescue_ani0.92_xny100_br0.5_af0.1_zero_rescue_mass	hmp_airskin_gtdb_source_abundance,hmp_gastrooral_gtdb_source_abundance	0.8882791407442188	35.76275879445157	0.9316002425700405	1110	316	66	0.0010183459215245849	0.0	0.0	0.0	2.0	0.0	-2.0	2.0	0.0	24.0
raw_rescue_ani0.92_xny100_br0.5_af0.3_raw_depth_abundance	hmp_airskin_gtdb_source_abundance,hmp_gastrooral_gtdb_source_abundance	0.8882791407442188	180.96940660439162	-0.03507871949267515	1110	316	66	0.0010183459215245849	0.0	140.42885949199834	-0.9608348273917772	2.0	0.0	-2.0	2.0	0.0	24.0
raw_rescue_ani0.92_xny100_br0.5_af0.3_zero_rescue_mass	hmp_airskin_gtdb_source_abundance,hmp_gastrooral_gtdb_source_abundance	0.8882791407442188	35.76275879445157	0.9316002425700405	1110	316	66	0.0010183459215245849	0.0	0.0	0.0	2.0	0.0	-2.0	2.0	0.0	24.0
raw_rescue_ani0.92_xny100_br0.5_af0.5_raw_depth_abundance	hmp_airskin_gtdb_source_abundance,hmp_gastrooral_gtdb_source_abundance	0.8882791407442188	180.96940660439162	-0.03507871949267515	1110	316	66	0.0010183459215245849	0.0	140.42885949199834	-0.9608348273917772	2.0	0.0	-2.0	2.0	0.0	24.0
raw_rescue_ani0.92_xny100_br0.5_af0.5_zero_rescue_mass	hmp_airskin_gtdb_source_abundance,hmp_gastrooral_gtdb_source_abundance	0.8882791407442188	35.76275879445157	0.9316002425700405	1110	316	66	0.0010183459215245849	0.0	0.0	0.0	2.0	0.0	-2.0	2.0	0.0	24.0
raw_rescue_ani0.92_xny100_br0.5_af0.7_raw_depth_abundance	hmp_airskin_gtdb_source_abundance,hmp_gastrooral_gtdb_source_abundance	0.8882791407442188	180.96940660439162	-0.03507871949267515	1110	316	66	0.0010183459215245849	0.0	140.42885949199834	-0.9608348273917772	2.0	0.0	-2.0	2.0	0.0	24.0
raw_rescue_ani0.92_xny100_br0.5_af0.7_zero_rescue_mass	hmp_airskin_gtdb_source_abundance,hmp_gastrooral_gtdb_source_abundance	0.8882791407442188	35.76275879445157	0.9316002425700405	1110	316	66	0.0010183459215245849	0.0	0.0	0.0	2.0	0.0	-2.0	2.0	0.0	24.0
raw_rescue_ani0.92_xny100_br0.5_af0.9_raw_depth_abundance	hmp_airskin_gtdb_source_abundance,hmp_gastrooral_gtdb_source_abundance	0.8850712707698818	180.96946329090525	-0.035078691981263115	1109	316	67	0.0005902026362384435	0.0	140.4288682130004	-0.9608348231592523	1.0	0.0	-1.0	1.0	0.0	25.0
raw_rescue_ani0.92_xny100_br0.5_af0.9_zero_rescue_mass	hmp_airskin_gtdb_source_abundance,hmp_gastrooral_gtdb_source_abundance	0.8850712707698818	35.76275879445157	0.9316002425700405	1109	316	67	0.0005902026362384435	0.0	0.0	0.0	1.0	0.0	-1.0	1.0	0.0	25.0
raw_rescue_ani0.92_xny300_br0.05_af0.1_raw_depth_abundance	hmp_airskin_gtdb_source_abundance,hmp_gastrooral_gtdb_source_abundance	0.8194913181707018	186.88486485246477	-0.05526151385098594	1134	488	42	-0.06105699770129394	-0.22638888888888886	151.344127494225	-0.9935849227166155	26.0	172.0	-26.0	1.0	25.0	0.0
raw_rescue_ani0.92_xny300_br0.05_af0.1_zero_rescue_mass	hmp_airskin_gtdb_source_abundance,hmp_gastrooral_gtdb_source_abundance	0.8194913181707018	35.76275879445157	0.932062335835369	1134	488	42	-0.06105699770129394	-0.22638888888888886	-7.173748774501012e-16	0.0008428121655288817	26.0	172.0	-26.0	1.0	25.0	0.0
raw_rescue_ani0.92_xny300_br0.05_af0.3_raw_depth_abundance	hmp_airskin_gtdb_source_abundance,hmp_gastrooral_gtdb_source_abundance	0.8194913181707018	186.88486485246477	-0.05526151385098594	1134	488	42	-0.06105699770129394	-0.22638888888888886	151.344127494225	-0.9935849227166155	26.0	172.0	-26.0	1.0	25.0	0.0
raw_rescue_ani0.92_xny300_br0.05_af0.3_zero_rescue_mass	hmp_airskin_gtdb_source_abundance,hmp_gastrooral_gtdb_source_abundance	0.8194913181707018	35.76275879445157	0.932062335835369	1134	488	42	-0.06105699770129394	-0.22638888888888886	-7.173748774501012e-16	0.0008428121655288817	26.0	172.0	-26.0	1.0	25.0	0.0
raw_rescue_ani0.92_xny300_br0.05_af0.5_raw_depth_abundance	hmp_airskin_gtdb_source_abundance,hmp_gastrooral_gtdb_source_abundance	0.8750729225498604	181.28820125956832	-0.03058768233322518	1133	351	43	-0.0019500546827613179	-0.04127906976744178	141.01739395041838	-0.9569495415514017	25.0	35.0	-25.0	9.0	9.0	8.0
raw_rescue_ani0.92_xny300_br0.05_af0.5_zero_rescue_mass	hmp_airskin_gtdb_source_abundance,hmp_gastrooral_gtdb_source_abundance	0.8750729225498604	35.76275879445157	0.9316955559308607	1133	351	43	-0.0019500546827613179	-0.04127906976744178	-8.198570028001156e-16	0.00019813985262724974	25.0	35.0	-25.0	9.0	9.0	8.0
raw_rescue_ani0.92_xny300_br0.05_af0.7_raw_depth_abundance	hmp_airskin_gtdb_source_abundance,hmp_gastrooral_gtdb_source_abundance	0.8904615834063687	180.96958893212593	-0.03486898713187393	1120	317	56	0.0069050023682210625	0.0	140.4291960970462	-0.9604476291872212	12.0	1.0	-12.0	9.0	0.0	17.0
raw_rescue_ani0.92_xny300_br0.05_af0.7_zero_rescue_mass	hmp_airskin_gtdb_source_abundance,hmp_gastrooral_gtdb_source_abundance	0.8904615834063687	35.76275879445157	0.931600391105674	1120	317	56	0.0069050023682210625	0.0	0.0	2.742196312415064e-07	12.0	1.0	-12.0	9.0	0.0	17.0
raw_rescue_ani0.92_xny300_br0.05_af0.9_raw_depth_abundance	hmp_airskin_gtdb_source_abundance,hmp_gastrooral_gtdb_source_abundance	0.8850712707698818	180.96946329090525	-0.035078691981263115	1109	316	67	0.0005902026362384435	0.0	140.4288682130004	-0.9608348231592523	1.0	0.0	-1.0	1.0	0.0	25.0
raw_rescue_ani0.92_xny300_br0.05_af0.9_zero_rescue_mass	hmp_airskin_gtdb_source_abundance,hmp_gastrooral_gtdb_source_abundance	0.8850712707698818	35.76275879445157	0.9316002425700405	1109	316	67	0.0005902026362384435	0.0	0.0	0.0	1.0	0.0	-1.0	1.0	0.0	25.0
raw_rescue_ani0.92_xny300_br0.15_af0.1_raw_depth_abundance	hmp_airskin_gtdb_source_abundance,hmp_gastrooral_gtdb_source_abundance	0.8358217178116908	184.54858225922118	-0.025497843229435456	1134	465	42	-0.05122521740568131	-0.19999999999999996	147.03655371287311	-0.953975439885061	26.0	149.0	-26.0	1.0	25.0	0.0
raw_rescue_ani0.92_xny300_br0.15_af0.1_zero_rescue_mass	hmp_airskin_gtdb_source_abundance,hmp_gastrooral_gtdb_source_abundance	0.8358217178116908	35.76275879445157	0.9319155591773922	1134	465	42	-0.05122521740568131	-0.19999999999999996	-1.2639462126501783e-15	0.0005873685255917437	26.0	149.0	-26.0	1.0	25.0	0.0
raw_rescue_ani0.92_xny300_br0.15_af0.3_raw_depth_abundance	hmp_airskin_gtdb_source_abundance,hmp_gastrooral_gtdb_source_abundance	0.8358217178116908	184.54858225922118	-0.025497843229435456	1134	465	42	-0.05122521740568131	-0.19999999999999996	147.03655371287311	-0.953975439885061	26.0	149.0	-26.0	1.0	25.0	0.0
raw_rescue_ani0.92_xny300_br0.15_af0.3_zero_rescue_mass	hmp_airskin_gtdb_source_abundance,hmp_gastrooral_gtdb_source_abundance	0.8358217178116908	35.76275879445157	0.9319155591773922	1134	465	42	-0.05122521740568131	-0.19999999999999996	-1.2639462126501783e-15	0.0005873685255917437	26.0	149.0	-26.0	1.0	25.0	0.0
raw_rescue_ani0.92_xny300_br0.15_af0.5_raw_depth_abundance	hmp_airskin_gtdb_source_abundance,hmp_gastrooral_gtdb_source_abundance	0.8750729225498604	181.28820125956832	-0.03058768233322518	1133	351	43	-0.0019500546827613179	-0.04127906976744178	141.01739395041838	-0.9569495415514017	25.0	35.0	-25.0	9.0	9.0	8.0
raw_rescue_ani0.92_xny300_br0.15_af0.5_zero_rescue_mass	hmp_airskin_gtdb_source_abundance,hmp_gastrooral_gtdb_source_abundance	0.8750729225498604	35.76275879445157	0.9316955559308607	1133	351	43	-0.0019500546827613179	-0.04127906976744178	-8.198570028001156e-16	0.00019813985262724974	25.0	35.0	-25.0	9.0	9.0	8.0
raw_rescue_ani0.92_xny300_br0.15_af0.7_raw_depth_abundance	hmp_airskin_gtdb_source_abundance,hmp_gastrooral_gtdb_source_abundance	0.8904615834063687	180.96958893212593	-0.03486898713187393	1120	317	56	0.0069050023682210625	0.0	140.4291960970462	-0.9604476291872212	12.0	1.0	-12.0	9.0	0.0	17.0
raw_rescue_ani0.92_xny300_br0.15_af0.7_zero_rescue_mass	hmp_airskin_gtdb_source_abundance,hmp_gastrooral_gtdb_source_abundance	0.8904615834063687	35.76275879445157	0.931600391105674	1120	317	56	0.0069050023682210625	0.0	0.0	2.742196312415064e-07	12.0	1.0	-12.0	9.0	0.0	17.0
raw_rescue_ani0.92_xny300_br0.15_af0.9_raw_depth_abundance	hmp_airskin_gtdb_source_abundance,hmp_gastrooral_gtdb_source_abundance	0.8850712707698818	180.96946329090525	-0.035078691981263115	1109	316	67	0.0005902026362384435	0.0	140.4288682130004	-0.9608348231592523	1.0	0.0	-1.0	1.0	0.0	25.0
raw_rescue_ani0.92_xny300_br0.15_af0.9_zero_rescue_mass	hmp_airskin_gtdb_source_abundance,hmp_gastrooral_gtdb_source_abundance	0.8850712707698818	35.76275879445157	0.9316002425700405	1109	316	67	0.0005902026362384435	0.0	0.0	0.0	1.0	0.0	-1.0	1.0	0.0	25.0
raw_rescue_ani0.92_xny300_br0.1_af0.1_raw_depth_abundance	hmp_airskin_gtdb_source_abundance,hmp_gastrooral_gtdb_source_abundance	0.8320711684580587	186.8823142663138	-0.046665949328957776	1134	475	42	-0.056225362017970716	-0.22638888888888886	151.34364461183412	-0.9900322958241701	26.0	159.0	-26.0	1.0	25.0	0.0
raw_rescue_ani0.92_xny300_br0.1_af0.1_zero_rescue_mass	hmp_airskin_gtdb_source_abundance,hmp_gastrooral_gtdb_source_abundance	0.8320711684580587	35.76275879445157	0.9320032364701367	1134	475	42	-0.056225362017970716	-0.22638888888888886	-7.173748774501012e-16	0.0007498980904818964	26.0	159.0	-26.0	1.0	25.0	0.0
raw_rescue_ani0.92_xny300_br0.1_af0.3_raw_depth_abundance	hmp_airskin_gtdb_source_abundance,hmp_gastrooral_gtdb_source_abundance	0.8320711684580587	186.8823142663138	-0.046665949328957776	1134	475	42	-0.056225362017970716	-0.22638888888888886	151.34364461183412	-0.9900322958241701	26.0	159.0	-26.0	1.0	25.0	0.0
raw_rescue_ani0.92_xny300_br0.1_af0.3_zero_rescue_mass	hmp_airskin_gtdb_source_abundance,hmp_gastrooral_gtdb_source_abundance	0.8320711684580587	35.76275879445157	0.9320032364701367	1134	475	42	-0.056225362017970716	-0.22638888888888886	-7.173748774501012e-16	0.0007498980904818964	26.0	159.0	-26.0	1.0	25.0	0.0
raw_rescue_ani0.92_xny300_br0.1_af0.5_raw_depth_abundance	hmp_airskin_gtdb_source_abundance,hmp_gastrooral_gtdb_source_abundance	0.8750729225498604	181.28820125956832	-0.03058768233322518	1133	351	43	-0.0019500546827613179	-0.04127906976744178	141.01739395041838	-0.9569495415514017	25.0	35.0	-25.0	9.0	9.0	8.0
raw_rescue_ani0.92_xny300_br0.1_af0.5_zero_rescue_mass	hmp_airskin_gtdb_source_abundance,hmp_gastrooral_gtdb_source_abundance	0.8750729225498604	35.76275879445157	0.9316955559308607	1133	351	43	-0.0019500546827613179	-0.04127906976744178	-8.198570028001156e-16	0.00019813985262724974	25.0	35.0	-25.0	9.0	9.0	8.0
raw_rescue_ani0.92_xny300_br0.1_af0.7_raw_depth_abundance	hmp_airskin_gtdb_source_abundance,hmp_gastrooral_gtdb_source_abundance	0.8904615834063687	180.96958893212593	-0.03486898713187393	1120	317	56	0.0069050023682210625	0.0	140.4291960970462	-0.9604476291872212	12.0	1.0	-12.0	9.0	0.0	17.0
raw_rescue_ani0.92_xny300_br0.1_af0.7_zero_rescue_mass	hmp_airskin_gtdb_source_abundance,hmp_gastrooral_gtdb_source_abundance	0.8904615834063687	35.76275879445157	0.931600391105674	1120	317	56	0.0069050023682210625	0.0	0.0	2.742196312415064e-07	12.0	1.0	-12.0	9.0	0.0	17.0
raw_rescue_ani0.92_xny300_br0.1_af0.9_raw_depth_abundance	hmp_airskin_gtdb_source_abundance,hmp_gastrooral_gtdb_source_abundance	0.8850712707698818	180.96946329090525	-0.035078691981263115	1109	316	67	0.0005902026362384435	0.0	140.4288682130004	-0.9608348231592523	1.0	0.0	-1.0	1.0	0.0	25.0
raw_rescue_ani0.92_xny300_br0.1_af0.9_zero_rescue_mass	hmp_airskin_gtdb_source_abundance,hmp_gastrooral_gtdb_source_abundance	0.8850712707698818	35.76275879445157	0.9316002425700405	1109	316	67	0.0005902026362384435	0.0	0.0	0.0	1.0	0.0	-1.0	1.0	0.0	25.0
raw_rescue_ani0.92_xny300_br0.25_af0.1_raw_depth_abundance	hmp_airskin_gtdb_source_abundance,hmp_gastrooral_gtdb_source_abundance	0.8793886295325191	181.81211526504214	-0.03322555945447362	1123	341	53	-0.005237169684770982	-0.09090909090909094	141.98461506094057	-0.9602286603082509	15.0	25.0	-15.0	9.0	13.0	4.0
raw_rescue_ani0.92_xny300_br0.25_af0.1_zero_rescue_mass	hmp_airskin_gtdb_source_abundance,hmp_gastrooral_gtdb_source_abundance	0.8793886295325191	35.76275879445157	0.9317624860798432	1123	341	53	-0.005237169684770982	-0.09090909090909094	-5.465713352000771e-16	0.00012899764841886382	15.0	25.0	-15.0	9.0	13.0	4.0
raw_rescue_ani0.92_xny300_br0.25_af0.3_raw_depth_abundance	hmp_airskin_gtdb_source_abundance,hmp_gastrooral_gtdb_source_abundance	0.8793886295325191	181.81211526504214	-0.03322555945447362	1123	341	53	-0.005237169684770982	-0.09090909090909094	141.98461506094057	-0.9602286603082509	15.0	25.0	-15.0	9.0	13.0	4.0
raw_rescue_ani0.92_xny300_br0.25_af0.3_zero_rescue_mass	hmp_airskin_gtdb_source_abundance,hmp_gastrooral_gtdb_source_abundance	0.8793886295325191	35.76275879445157	0.9317624860798432	1123	341	53	-0.005237169684770982	-0.09090909090909094	-5.465713352000771e-16	0.00012899764841886382	15.0	25.0	-15.0	9.0	13.0	4.0
raw_rescue_ani0.92_xny300_br0.25_af0.5_raw_depth_abundance	hmp_airskin_gtdb_source_abundance,hmp_gastrooral_gtdb_source_abundance	0.8867930440231866	181.18337043144305	-0.034649959792442786	1122	326	54	0.0029086978305477916	-0.018142235123367212	140.82386041847525	-0.961024866668339	14.0	10.0	-14.0	10.0	4.0	12.0
raw_rescue_ani0.92_xny300_br0.25_af0.5_zero_rescue_mass	hmp_airskin_gtdb_source_abundance,hmp_gastrooral_gtdb_source_abundance	0.8867930440231866	35.76275879445157	0.9317157784356527	1122	326	54	0.0029086978305477916	-0.018142235123367212	2.7328566760003855e-16	0.00010404339071255444	14.0	10.0	-14.0	10.0	4.0	12.0
raw_rescue_ani0.92_xny300_br0.25_af0.7_raw_depth_abundance	hmp_airskin_gtdb_source_abundance,hmp_gastrooral_gtdb_source_abundance	0.8904011461318051	180.9695905226842	-0.034909772564946664	1119	316	57	0.006308287395956782	0.0	140.42919903346152	-0.9605229253713555	11.0	0.0	-11.0	9.0	0.0	17.0
raw_rescue_ani0.92_xny300_br0.25_af0.7_zero_rescue_mass	hmp_airskin_gtdb_source_abundance,hmp_gastrooral_gtdb_source_abundance	0.8904011461318051	35.76275879445157	0.9316002425700405	1119	316	57	0.006308287395956782	0.0	0.0	0.0	11.0	0.0	-11.0	9.0	0.0	17.0
raw_rescue_ani0.92_xny300_br0.25_af0.9_raw_depth_abundance	hmp_airskin_gtdb_source_abundance,hmp_gastrooral_gtdb_source_abundance	0.8850712707698818	180.96946329090525	-0.035078691981263115	1109	316	67	0.0005902026362384435	0.0	140.4288682130004	-0.9608348231592523	1.0	0.0	-1.0	1.0	0.0	25.0
raw_rescue_ani0.92_xny300_br0.25_af0.9_zero_rescue_mass	hmp_airskin_gtdb_source_abundance,hmp_gastrooral_gtdb_source_abundance	0.8850712707698818	35.76275879445157	0.9316002425700405	1109	316	67	0.0005902026362384435	0.0	0.0	0.0	1.0	0.0	-1.0	1.0	0.0	25.0
raw_rescue_ani0.92_xny300_br0.2_af0.1_raw_depth_abundance	hmp_airskin_gtdb_source_abundance,hmp_gastrooral_gtdb_source_abundance	0.8651078073339002	183.78133922086948	-0.031025613866182335	1131	408	45	-0.03214876970515694	-0.19999999999999996	145.6201053069059	-0.9578774263098068	23.0	92.0	-23.0	3.0	23.0	0.0
raw_rescue_ani0.92_xny300_br0.2_af0.1_zero_rescue_mass	hmp_airskin_gtdb_source_abundance,hmp_gastrooral_gtdb_source_abundance	0.8651078073339002	35.76275879445157	0.9318420287349172	1131	408	45	-0.03214876970515694	-0.19999999999999996	-1.0248212535001446e-16	0.0003409302470070558	23.0	92.0	-23.0	3.0	23.0	0.0
raw_rescue_ani0.92_xny300_br0.2_af0.3_raw_depth_abundance	hmp_airskin_gtdb_source_abundance,hmp_gastrooral_gtdb_source_abundance	0.8651078073339002	183.78133922086948	-0.031025613866182335	1131	408	45	-0.03214876970515694	-0.19999999999999996	145.6201053069059	-0.9578774263098068	23.0	92.0	-23.0	3.0	23.0	0.0
raw_rescue_ani0.92_xny300_br0.2_af0.3_zero_rescue_mass	hmp_airskin_gtdb_source_abundance,hmp_gastrooral_gtdb_source_abundance	0.8651078073339002	35.76275879445157	0.9318420287349172	1131	408	45	-0.03214876970515694	-0.19999999999999996	-1.0248212535001446e-16	0.0003409302470070558	23.0	92.0	-23.0	3.0	23.0	0.0
raw_rescue_ani0.92_xny300_br0.2_af0.5_raw_depth_abundance	hmp_airskin_gtdb_source_abundance,hmp_gastrooral_gtdb_source_abundance	0.8840458414570355	181.1833677439183	-0.033044886595308985	1130	338	46	0.0017328329078435528	-0.035612535612535634	140.82385534723454	-0.9589692140204874	22.0	22.0	-22.0	12.0	5.0	9.0
raw_rescue_ani0.92_xny300_br0.2_af0.5_zero_rescue_mass	hmp_airskin_gtdb_source_abundance,hmp_gastrooral_gtdb_source_abundance	0.8840458414570355	35.76275879445157	0.9316999516147748	1130	338	46	0.0017328329078435528	-0.035612535612535634	-5.465713352000771e-16	0.00011590386090121196	22.0	22.0	-22.0	12.0	5.0	9.0
raw_rescue_ani0.92_xny300_br0.2_af0.7_raw_depth_abundance	hmp_airskin_gtdb_source_abundance,hmp_gastrooral_gtdb_source_abundance	0.8902267944821136	180.96959052268437	-0.03486898665406321	1119	317	57	0.0061879228375822165	0.0	140.4291990334618	-0.9604476283051091	11.0	1.0	-11.0	9.0	0.0	17.0
raw_rescue_ani0.92_xny300_br0.2_af0.7_zero_rescue_mass	hmp_airskin_gtdb_source_abundance,hmp_gastrooral_gtdb_source_abundance	0.8902267944821136	35.76275879445157	0.931600391105674	1119	317	57	0.0061879228375822165	0.0	0.0	2.742196312415064e-07	11.0	1.0	-11.0	9.0	0.0	17.0
raw_rescue_ani0.92_xny300_br0.2_af0.9_raw_depth_abundance	hmp_airskin_gtdb_source_abundance,hmp_gastrooral_gtdb_source_abundance	0.8850712707698818	180.96946329090525	-0.035078691981263115	1109	316	67	0.0005902026362384435	0.0	140.4288682130004	-0.9608348231592523	1.0	0.0	-1.0	1.0	0.0	25.0
raw_rescue_ani0.92_xny300_br0.2_af0.9_zero_rescue_mass	hmp_airskin_gtdb_source_abundance,hmp_gastrooral_gtdb_source_abundance	0.8850712707698818	35.76275879445157	0.9316002425700405	1109	316	67	0.0005902026362384435	0.0	0.0	0.0	1.0	0.0	-1.0	1.0	0.0	25.0
raw_rescue_ani0.92_xny300_br0.3_af0.1_raw_depth_abundance	hmp_airskin_gtdb_source_abundance,hmp_gastrooral_gtdb_source_abundance	0.8858428805237315	181.21550775186012	-0.03507149895526184	1115	322	61	0.0009475710090749178	-0.0045033112582780754	140.88319085616828	-0.9618030928150818	7.0	6.0	-7.0	6.0	2.0	18.0
raw_rescue_ani0.92_xny300_br0.3_af0.1_zero_rescue_mass	hmp_airskin_gtdb_source_abundance,hmp_gastrooral_gtdb_source_abundance	0.8858428805237315	35.76275879445157	0.9317149614776257	1115	322	61	0.0009475710090749178	-0.0045033112582780754	2.7328566760003855e-16	0.00010253516050869796	7.0	6.0	-7.0	6.0	2.0	18.0
raw_rescue_ani0.92_xny300_br0.3_af0.3_raw_depth_abundance	hmp_airskin_gtdb_source_abundance,hmp_gastrooral_gtdb_source_abundance	0.8858428805237315	181.21550775186012	-0.03507149895526184	1115	322	61	0.0009475710090749178	-0.0045033112582780754	140.88319085616828	-0.9618030928150818	7.0	6.0	-7.0	6.0	2.0	18.0
raw_rescue_ani0.92_xny300_br0.3_af0.3_zero_rescue_mass	hmp_airskin_gtdb_source_abundance,hmp_gastrooral_gtdb_source_abundance	0.8858428805237315	35.76275879445157	0.9317149614776257	1115	322	61	0.0009475710090749178	-0.0045033112582780754	2.7328566760003855e-16	0.00010253516050869796	7.0	6.0	-7.0	6.0	2.0	18.0
raw_rescue_ani0.92_xny300_br0.3_af0.5_raw_depth_abundance	hmp_airskin_gtdb_source_abundance,hmp_gastrooral_gtdb_source_abundance	0.8858428805237315	181.21550775186012	-0.03507149895526184	1115	322	61	0.0009475710090749178	-0.0045033112582780754	140.88319085616828	-0.9618030928150818	7.0	6.0	-7.0	6.0	2.0	18.0
raw_rescue_ani0.92_xny300_br0.3_af0.5_zero_rescue_mass	hmp_airskin_gtdb_source_abundance,hmp_gastrooral_gtdb_source_abundance	0.8858428805237315	35.76275879445157	0.9317149614776257	1115	322	61	0.0009475710090749178	-0.0045033112582780754	2.7328566760003855e-16	0.00010253516050869796	7.0	6.0	-7.0	6.0	2.0	18.0
raw_rescue_ani0.92_xny300_br0.3_af0.7_raw_depth_abundance	hmp_airskin_gtdb_source_abundance,hmp_gastrooral_gtdb_source_abundance	0.8892241884448611	181.0017219222056	-0.034929923684303	1114	316	62	0.0033591364666979598	0.0	140.48851854027032	-0.9605601274378593	6.0	0.0	-6.0	5.0	0.0	21.0
raw_rescue_ani0.92_xny300_br0.3_af0.7_zero_rescue_mass	hmp_airskin_gtdb_source_abundance,hmp_gastrooral_gtdb_source_abundance	0.8892241884448611	35.76275879445157	0.9316002425700405	1114	316	62	0.0033591364666979598	0.0	0.0	0.0	6.0	0.0	-6.0	5.0	0.0	21.0
raw_rescue_ani0.92_xny300_br0.3_af0.9_raw_depth_abundance	hmp_airskin_gtdb_source_abundance,hmp_gastrooral_gtdb_source_abundance	0.8850712707698818	180.96946329090525	-0.035078691981263115	1109	316	67	0.0005902026362384435	0.0	140.4288682130004	-0.9608348231592523	1.0	0.0	-1.0	1.0	0.0	25.0
raw_rescue_ani0.92_xny300_br0.3_af0.9_zero_rescue_mass	hmp_airskin_gtdb_source_abundance,hmp_gastrooral_gtdb_source_abundance	0.8850712707698818	35.76275879445157	0.9316002425700405	1109	316	67	0.0005902026362384435	0.0	0.0	0.0	1.0	0.0	-1.0	1.0	0.0	25.0
raw_rescue_ani0.92_xny300_br0.5_af0.1_raw_depth_abundance	hmp_airskin_gtdb_source_abundance,hmp_gastrooral_gtdb_source_abundance	0.8882791407442188	180.96940660439162	-0.03507871949267515	1110	316	66	0.0010183459215245849	0.0	140.42885949199834	-0.9608348273917772	2.0	0.0	-2.0	2.0	0.0	24.0
raw_rescue_ani0.92_xny300_br0.5_af0.1_zero_rescue_mass	hmp_airskin_gtdb_source_abundance,hmp_gastrooral_gtdb_source_abundance	0.8882791407442188	35.76275879445157	0.9316002425700405	1110	316	66	0.0010183459215245849	0.0	0.0	0.0	2.0	0.0	-2.0	2.0	0.0	24.0
raw_rescue_ani0.92_xny300_br0.5_af0.3_raw_depth_abundance	hmp_airskin_gtdb_source_abundance,hmp_gastrooral_gtdb_source_abundance	0.8882791407442188	180.96940660439162	-0.03507871949267515	1110	316	66	0.0010183459215245849	0.0	140.42885949199834	-0.9608348273917772	2.0	0.0	-2.0	2.0	0.0	24.0
raw_rescue_ani0.92_xny300_br0.5_af0.3_zero_rescue_mass	hmp_airskin_gtdb_source_abundance,hmp_gastrooral_gtdb_source_abundance	0.8882791407442188	35.76275879445157	0.9316002425700405	1110	316	66	0.0010183459215245849	0.0	0.0	0.0	2.0	0.0	-2.0	2.0	0.0	24.0
raw_rescue_ani0.92_xny300_br0.5_af0.5_raw_depth_abundance	hmp_airskin_gtdb_source_abundance,hmp_gastrooral_gtdb_source_abundance	0.8882791407442188	180.96940660439162	-0.03507871949267515	1110	316	66	0.0010183459215245849	0.0	140.42885949199834	-0.9608348273917772	2.0	0.0	-2.0	2.0	0.0	24.0
raw_rescue_ani0.92_xny300_br0.5_af0.5_zero_rescue_mass	hmp_airskin_gtdb_source_abundance,hmp_gastrooral_gtdb_source_abundance	0.8882791407442188	35.76275879445157	0.9316002425700405	1110	316	66	0.0010183459215245849	0.0	0.0	0.0	2.0	0.0	-2.0	2.0	0.0	24.0
raw_rescue_ani0.92_xny300_br0.5_af0.7_raw_depth_abundance	hmp_airskin_gtdb_source_abundance,hmp_gastrooral_gtdb_source_abundance	0.8882791407442188	180.96940660439162	-0.03507871949267515	1110	316	66	0.0010183459215245849	0.0	140.42885949199834	-0.9608348273917772	2.0	0.0	-2.0	2.0	0.0	24.0
raw_rescue_ani0.92_xny300_br0.5_af0.7_zero_rescue_mass	hmp_airskin_gtdb_source_abundance,hmp_gastrooral_gtdb_source_abundance	0.8882791407442188	35.76275879445157	0.9316002425700405	1110	316	66	0.0010183459215245849	0.0	0.0	0.0	2.0	0.0	-2.0	2.0	0.0	24.0
raw_rescue_ani0.92_xny300_br0.5_af0.9_raw_depth_abundance	hmp_airskin_gtdb_source_abundance,hmp_gastrooral_gtdb_source_abundance	0.8850712707698818	180.96946329090525	-0.035078691981263115	1109	316	67	0.0005902026362384435	0.0	140.4288682130004	-0.9608348231592523	1.0	0.0	-1.0	1.0	0.0	25.0
raw_rescue_ani0.92_xny300_br0.5_af0.9_zero_rescue_mass	hmp_airskin_gtdb_source_abundance,hmp_gastrooral_gtdb_source_abundance	0.8850712707698818	35.76275879445157	0.9316002425700405	1109	316	67	0.0005902026362384435	0.0	0.0	0.0	1.0	0.0	-1.0	1.0	0.0	25.0
raw_rescue_ani0.92_xny500_br0.05_af0.1_raw_depth_abundance	hmp_airskin_gtdb_source_abundance,hmp_gastrooral_gtdb_source_abundance	0.8750729225498604	181.28820125956832	-0.03058768233322518	1133	351	43	-0.0019500546827613179	-0.04127906976744178	141.01739395041838	-0.9569495415514017	25.0	35.0	-25.0	9.0	9.0	8.0
raw_rescue_ani0.92_xny500_br0.05_af0.1_zero_rescue_mass	hmp_airskin_gtdb_source_abundance,hmp_gastrooral_gtdb_source_abundance	0.8750729225498604	35.76275879445157	0.9316955559308607	1133	351	43	-0.0019500546827613179	-0.04127906976744178	-8.198570028001156e-16	0.00019813985262724974	25.0	35.0	-25.0	9.0	9.0	8.0
raw_rescue_ani0.92_xny500_br0.05_af0.3_raw_depth_abundance	hmp_airskin_gtdb_source_abundance,hmp_gastrooral_gtdb_source_abundance	0.8750729225498604	181.28820125956832	-0.03058768233322518	1133	351	43	-0.0019500546827613179	-0.04127906976744178	141.01739395041838	-0.9569495415514017	25.0	35.0	-25.0	9.0	9.0	8.0
raw_rescue_ani0.92_xny500_br0.05_af0.3_zero_rescue_mass	hmp_airskin_gtdb_source_abundance,hmp_gastrooral_gtdb_source_abundance	0.8750729225498604	35.76275879445157	0.9316955559308607	1133	351	43	-0.0019500546827613179	-0.04127906976744178	-8.198570028001156e-16	0.00019813985262724974	25.0	35.0	-25.0	9.0	9.0	8.0
raw_rescue_ani0.92_xny500_br0.05_af0.5_raw_depth_abundance	hmp_airskin_gtdb_source_abundance,hmp_gastrooral_gtdb_source_abundance	0.8750729225498604	181.28820125956832	-0.03058768233322518	1133	351	43	-0.0019500546827613179	-0.04127906976744178	141.01739395041838	-0.9569495415514017	25.0	35.0	-25.0	9.0	9.0	8.0
raw_rescue_ani0.92_xny500_br0.05_af0.5_zero_rescue_mass	hmp_airskin_gtdb_source_abundance,hmp_gastrooral_gtdb_source_abundance	0.8750729225498604	35.76275879445157	0.9316955559308607	1133	351	43	-0.0019500546827613179	-0.04127906976744178	-8.198570028001156e-16	0.00019813985262724974	25.0	35.0	-25.0	9.0	9.0	8.0
raw_rescue_ani0.92_xny500_br0.05_af0.7_raw_depth_abundance	hmp_airskin_gtdb_source_abundance,hmp_gastrooral_gtdb_source_abundance	0.8904615834063687	180.96958893212593	-0.03486898713187393	1120	317	56	0.0069050023682210625	0.0	140.4291960970462	-0.9604476291872212	12.0	1.0	-12.0	9.0	0.0	17.0
raw_rescue_ani0.92_xny500_br0.05_af0.7_zero_rescue_mass	hmp_airskin_gtdb_source_abundance,hmp_gastrooral_gtdb_source_abundance	0.8904615834063687	35.76275879445157	0.931600391105674	1120	317	56	0.0069050023682210625	0.0	0.0	2.742196312415064e-07	12.0	1.0	-12.0	9.0	0.0	17.0
raw_rescue_ani0.92_xny500_br0.05_af0.9_raw_depth_abundance	hmp_airskin_gtdb_source_abundance,hmp_gastrooral_gtdb_source_abundance	0.8850712707698818	180.96946329090525	-0.035078691981263115	1109	316	67	0.0005902026362384435	0.0	140.4288682130004	-0.9608348231592523	1.0	0.0	-1.0	1.0	0.0	25.0
raw_rescue_ani0.92_xny500_br0.05_af0.9_zero_rescue_mass	hmp_airskin_gtdb_source_abundance,hmp_gastrooral_gtdb_source_abundance	0.8850712707698818	35.76275879445157	0.9316002425700405	1109	316	67	0.0005902026362384435	0.0	0.0	0.0	1.0	0.0	-1.0	1.0	0.0	25.0
raw_rescue_ani0.92_xny500_br0.15_af0.1_raw_depth_abundance	hmp_airskin_gtdb_source_abundance,hmp_gastrooral_gtdb_source_abundance	0.8750729225498604	181.28820125956832	-0.03058768233322518	1133	351	43	-0.0019500546827613179	-0.04127906976744178	141.01739395041838	-0.9569495415514017	25.0	35.0	-25.0	9.0	9.0	8.0
raw_rescue_ani0.92_xny500_br0.15_af0.1_zero_rescue_mass	hmp_airskin_gtdb_source_abundance,hmp_gastrooral_gtdb_source_abundance	0.8750729225498604	35.76275879445157	0.9316955559308607	1133	351	43	-0.0019500546827613179	-0.04127906976744178	-8.198570028001156e-16	0.00019813985262724974	25.0	35.0	-25.0	9.0	9.0	8.0
raw_rescue_ani0.92_xny500_br0.15_af0.3_raw_depth_abundance	hmp_airskin_gtdb_source_abundance,hmp_gastrooral_gtdb_source_abundance	0.8750729225498604	181.28820125956832	-0.03058768233322518	1133	351	43	-0.0019500546827613179	-0.04127906976744178	141.01739395041838	-0.9569495415514017	25.0	35.0	-25.0	9.0	9.0	8.0
raw_rescue_ani0.92_xny500_br0.15_af0.3_zero_rescue_mass	hmp_airskin_gtdb_source_abundance,hmp_gastrooral_gtdb_source_abundance	0.8750729225498604	35.76275879445157	0.9316955559308607	1133	351	43	-0.0019500546827613179	-0.04127906976744178	-8.198570028001156e-16	0.00019813985262724974	25.0	35.0	-25.0	9.0	9.0	8.0
raw_rescue_ani0.92_xny500_br0.15_af0.5_raw_depth_abundance	hmp_airskin_gtdb_source_abundance,hmp_gastrooral_gtdb_source_abundance	0.8750729225498604	181.28820125956832	-0.03058768233322518	1133	351	43	-0.0019500546827613179	-0.04127906976744178	141.01739395041838	-0.9569495415514017	25.0	35.0	-25.0	9.0	9.0	8.0
raw_rescue_ani0.92_xny500_br0.15_af0.5_zero_rescue_mass	hmp_airskin_gtdb_source_abundance,hmp_gastrooral_gtdb_source_abundance	0.8750729225498604	35.76275879445157	0.9316955559308607	1133	351	43	-0.0019500546827613179	-0.04127906976744178	-8.198570028001156e-16	0.00019813985262724974	25.0	35.0	-25.0	9.0	9.0	8.0
raw_rescue_ani0.92_xny500_br0.15_af0.7_raw_depth_abundance	hmp_airskin_gtdb_source_abundance,hmp_gastrooral_gtdb_source_abundance	0.8904615834063687	180.96958893212593	-0.03486898713187393	1120	317	56	0.0069050023682210625	0.0	140.4291960970462	-0.9604476291872212	12.0	1.0	-12.0	9.0	0.0	17.0
raw_rescue_ani0.92_xny500_br0.15_af0.7_zero_rescue_mass	hmp_airskin_gtdb_source_abundance,hmp_gastrooral_gtdb_source_abundance	0.8904615834063687	35.76275879445157	0.931600391105674	1120	317	56	0.0069050023682210625	0.0	0.0	2.742196312415064e-07	12.0	1.0	-12.0	9.0	0.0	17.0
raw_rescue_ani0.92_xny500_br0.15_af0.9_raw_depth_abundance	hmp_airskin_gtdb_source_abundance,hmp_gastrooral_gtdb_source_abundance	0.8850712707698818	180.96946329090525	-0.035078691981263115	1109	316	67	0.0005902026362384435	0.0	140.4288682130004	-0.9608348231592523	1.0	0.0	-1.0	1.0	0.0	25.0
raw_rescue_ani0.92_xny500_br0.15_af0.9_zero_rescue_mass	hmp_airskin_gtdb_source_abundance,hmp_gastrooral_gtdb_source_abundance	0.8850712707698818	35.76275879445157	0.9316002425700405	1109	316	67	0.0005902026362384435	0.0	0.0	0.0	1.0	0.0	-1.0	1.0	0.0	25.0
raw_rescue_ani0.92_xny500_br0.1_af0.1_raw_depth_abundance	hmp_airskin_gtdb_source_abundance,hmp_gastrooral_gtdb_source_abundance	0.8750729225498604	181.28820125956832	-0.03058768233322518	1133	351	43	-0.0019500546827613179	-0.04127906976744178	141.01739395041838	-0.9569495415514017	25.0	35.0	-25.0	9.0	9.0	8.0
raw_rescue_ani0.92_xny500_br0.1_af0.1_zero_rescue_mass	hmp_airskin_gtdb_source_abundance,hmp_gastrooral_gtdb_source_abundance	0.8750729225498604	35.76275879445157	0.9316955559308607	1133	351	43	-0.0019500546827613179	-0.04127906976744178	-8.198570028001156e-16	0.00019813985262724974	25.0	35.0	-25.0	9.0	9.0	8.0
raw_rescue_ani0.92_xny500_br0.1_af0.3_raw_depth_abundance	hmp_airskin_gtdb_source_abundance,hmp_gastrooral_gtdb_source_abundance	0.8750729225498604	181.28820125956832	-0.03058768233322518	1133	351	43	-0.0019500546827613179	-0.04127906976744178	141.01739395041838	-0.9569495415514017	25.0	35.0	-25.0	9.0	9.0	8.0
raw_rescue_ani0.92_xny500_br0.1_af0.3_zero_rescue_mass	hmp_airskin_gtdb_source_abundance,hmp_gastrooral_gtdb_source_abundance	0.8750729225498604	35.76275879445157	0.9316955559308607	1133	351	43	-0.0019500546827613179	-0.04127906976744178	-8.198570028001156e-16	0.00019813985262724974	25.0	35.0	-25.0	9.0	9.0	8.0
raw_rescue_ani0.92_xny500_br0.1_af0.5_raw_depth_abundance	hmp_airskin_gtdb_source_abundance,hmp_gastrooral_gtdb_source_abundance	0.8750729225498604	181.28820125956832	-0.03058768233322518	1133	351	43	-0.0019500546827613179	-0.04127906976744178	141.01739395041838	-0.9569495415514017	25.0	35.0	-25.0	9.0	9.0	8.0
raw_rescue_ani0.92_xny500_br0.1_af0.5_zero_rescue_mass	hmp_airskin_gtdb_source_abundance,hmp_gastrooral_gtdb_source_abundance	0.8750729225498604	35.76275879445157	0.9316955559308607	1133	351	43	-0.0019500546827613179	-0.04127906976744178	-8.198570028001156e-16	0.00019813985262724974	25.0	35.0	-25.0	9.0	9.0	8.0
raw_rescue_ani0.92_xny500_br0.1_af0.7_raw_depth_abundance	hmp_airskin_gtdb_source_abundance,hmp_gastrooral_gtdb_source_abundance	0.8904615834063687	180.96958893212593	-0.03486898713187393	1120	317	56	0.0069050023682210625	0.0	140.4291960970462	-0.9604476291872212	12.0	1.0	-12.0	9.0	0.0	17.0
raw_rescue_ani0.92_xny500_br0.1_af0.7_zero_rescue_mass	hmp_airskin_gtdb_source_abundance,hmp_gastrooral_gtdb_source_abundance	0.8904615834063687	35.76275879445157	0.931600391105674	1120	317	56	0.0069050023682210625	0.0	0.0	2.742196312415064e-07	12.0	1.0	-12.0	9.0	0.0	17.0
raw_rescue_ani0.92_xny500_br0.1_af0.9_raw_depth_abundance	hmp_airskin_gtdb_source_abundance,hmp_gastrooral_gtdb_source_abundance	0.8850712707698818	180.96946329090525	-0.035078691981263115	1109	316	67	0.0005902026362384435	0.0	140.4288682130004	-0.9608348231592523	1.0	0.0	-1.0	1.0	0.0	25.0
raw_rescue_ani0.92_xny500_br0.1_af0.9_zero_rescue_mass	hmp_airskin_gtdb_source_abundance,hmp_gastrooral_gtdb_source_abundance	0.8850712707698818	35.76275879445157	0.9316002425700405	1109	316	67	0.0005902026362384435	0.0	0.0	0.0	1.0	0.0	-1.0	1.0	0.0	25.0
raw_rescue_ani0.92_xny500_br0.25_af0.1_raw_depth_abundance	hmp_airskin_gtdb_source_abundance,hmp_gastrooral_gtdb_source_abundance	0.8867930440231866	181.18337043144305	-0.034649959792442786	1122	326	54	0.0029086978305477916	-0.018142235123367212	140.82386041847525	-0.961024866668339	14.0	10.0	-14.0	10.0	4.0	12.0
raw_rescue_ani0.92_xny500_br0.25_af0.1_zero_rescue_mass	hmp_airskin_gtdb_source_abundance,hmp_gastrooral_gtdb_source_abundance	0.8867930440231866	35.76275879445157	0.9317157784356527	1122	326	54	0.0029086978305477916	-0.018142235123367212	2.7328566760003855e-16	0.00010404339071255444	14.0	10.0	-14.0	10.0	4.0	12.0
raw_rescue_ani0.92_xny500_br0.25_af0.3_raw_depth_abundance	hmp_airskin_gtdb_source_abundance,hmp_gastrooral_gtdb_source_abundance	0.8867930440231866	181.18337043144305	-0.034649959792442786	1122	326	54	0.0029086978305477916	-0.018142235123367212	140.82386041847525	-0.961024866668339	14.0	10.0	-14.0	10.0	4.0	12.0
raw_rescue_ani0.92_xny500_br0.25_af0.3_zero_rescue_mass	hmp_airskin_gtdb_source_abundance,hmp_gastrooral_gtdb_source_abundance	0.8867930440231866	35.76275879445157	0.9317157784356527	1122	326	54	0.0029086978305477916	-0.018142235123367212	2.7328566760003855e-16	0.00010404339071255444	14.0	10.0	-14.0	10.0	4.0	12.0
raw_rescue_ani0.92_xny500_br0.25_af0.5_raw_depth_abundance	hmp_airskin_gtdb_source_abundance,hmp_gastrooral_gtdb_source_abundance	0.8867930440231866	181.18337043144305	-0.034649959792442786	1122	326	54	0.0029086978305477916	-0.018142235123367212	140.82386041847525	-0.961024866668339	14.0	10.0	-14.0	10.0	4.0	12.0
raw_rescue_ani0.92_xny500_br0.25_af0.5_zero_rescue_mass	hmp_airskin_gtdb_source_abundance,hmp_gastrooral_gtdb_source_abundance	0.8867930440231866	35.76275879445157	0.9317157784356527	1122	326	54	0.0029086978305477916	-0.018142235123367212	2.7328566760003855e-16	0.00010404339071255444	14.0	10.0	-14.0	10.0	4.0	12.0
raw_rescue_ani0.92_xny500_br0.25_af0.7_raw_depth_abundance	hmp_airskin_gtdb_source_abundance,hmp_gastrooral_gtdb_source_abundance	0.8904011461318051	180.9695905226842	-0.034909772564946664	1119	316	57	0.006308287395956782	0.0	140.42919903346152	-0.9605229253713555	11.0	0.0	-11.0	9.0	0.0	17.0
raw_rescue_ani0.92_xny500_br0.25_af0.7_zero_rescue_mass	hmp_airskin_gtdb_source_abundance,hmp_gastrooral_gtdb_source_abundance	0.8904011461318051	35.76275879445157	0.9316002425700405	1119	316	57	0.006308287395956782	0.0	0.0	0.0	11.0	0.0	-11.0	9.0	0.0	17.0
raw_rescue_ani0.92_xny500_br0.25_af0.9_raw_depth_abundance	hmp_airskin_gtdb_source_abundance,hmp_gastrooral_gtdb_source_abundance	0.8850712707698818	180.96946329090525	-0.035078691981263115	1109	316	67	0.0005902026362384435	0.0	140.4288682130004	-0.9608348231592523	1.0	0.0	-1.0	1.0	0.0	25.0
raw_rescue_ani0.92_xny500_br0.25_af0.9_zero_rescue_mass	hmp_airskin_gtdb_source_abundance,hmp_gastrooral_gtdb_source_abundance	0.8850712707698818	35.76275879445157	0.9316002425700405	1109	316	67	0.0005902026362384435	0.0	0.0	0.0	1.0	0.0	-1.0	1.0	0.0	25.0
raw_rescue_ani0.92_xny500_br0.2_af0.1_raw_depth_abundance	hmp_airskin_gtdb_source_abundance,hmp_gastrooral_gtdb_source_abundance	0.8840458414570355	181.1833677439183	-0.033044886595308985	1130	338	46	0.0017328329078435528	-0.035612535612535634	140.82385534723454	-0.9589692140204874	22.0	22.0	-22.0	12.0	5.0	9.0
raw_rescue_ani0.92_xny500_br0.2_af0.1_zero_rescue_mass	hmp_airskin_gtdb_source_abundance,hmp_gastrooral_gtdb_source_abundance	0.8840458414570355	35.76275879445157	0.9316999516147748	1130	338	46	0.0017328329078435528	-0.035612535612535634	-5.465713352000771e-16	0.00011590386090121196	22.0	22.0	-22.0	12.0	5.0	9.0
raw_rescue_ani0.92_xny500_br0.2_af0.3_raw_depth_abundance	hmp_airskin_gtdb_source_abundance,hmp_gastrooral_gtdb_source_abundance	0.8840458414570355	181.1833677439183	-0.033044886595308985	1130	338	46	0.0017328329078435528	-0.035612535612535634	140.82385534723454	-0.9589692140204874	22.0	22.0	-22.0	12.0	5.0	9.0
raw_rescue_ani0.92_xny500_br0.2_af0.3_zero_rescue_mass	hmp_airskin_gtdb_source_abundance,hmp_gastrooral_gtdb_source_abundance	0.8840458414570355	35.76275879445157	0.9316999516147748	1130	338	46	0.0017328329078435528	-0.035612535612535634	-5.465713352000771e-16	0.00011590386090121196	22.0	22.0	-22.0	12.0	5.0	9.0
raw_rescue_ani0.92_xny500_br0.2_af0.5_raw_depth_abundance	hmp_airskin_gtdb_source_abundance,hmp_gastrooral_gtdb_source_abundance	0.8840458414570355	181.1833677439183	-0.033044886595308985	1130	338	46	0.0017328329078435528	-0.035612535612535634	140.82385534723454	-0.9589692140204874	22.0	22.0	-22.0	12.0	5.0	9.0
raw_rescue_ani0.92_xny500_br0.2_af0.5_zero_rescue_mass	hmp_airskin_gtdb_source_abundance,hmp_gastrooral_gtdb_source_abundance	0.8840458414570355	35.76275879445157	0.9316999516147748	1130	338	46	0.0017328329078435528	-0.035612535612535634	-5.465713352000771e-16	0.00011590386090121196	22.0	22.0	-22.0	12.0	5.0	9.0
raw_rescue_ani0.92_xny500_br0.2_af0.7_raw_depth_abundance	hmp_airskin_gtdb_source_abundance,hmp_gastrooral_gtdb_source_abundance	0.8902267944821136	180.96959052268437	-0.03486898665406321	1119	317	57	0.0061879228375822165	0.0	140.4291990334618	-0.9604476283051091	11.0	1.0	-11.0	9.0	0.0	17.0
raw_rescue_ani0.92_xny500_br0.2_af0.7_zero_rescue_mass	hmp_airskin_gtdb_source_abundance,hmp_gastrooral_gtdb_source_abundance	0.8902267944821136	35.76275879445157	0.931600391105674	1119	317	57	0.0061879228375822165	0.0	0.0	2.742196312415064e-07	11.0	1.0	-11.0	9.0	0.0	17.0
raw_rescue_ani0.92_xny500_br0.2_af0.9_raw_depth_abundance	hmp_airskin_gtdb_source_abundance,hmp_gastrooral_gtdb_source_abundance	0.8850712707698818	180.96946329090525	-0.035078691981263115	1109	316	67	0.0005902026362384435	0.0	140.4288682130004	-0.9608348231592523	1.0	0.0	-1.0	1.0	0.0	25.0
raw_rescue_ani0.92_xny500_br0.2_af0.9_zero_rescue_mass	hmp_airskin_gtdb_source_abundance,hmp_gastrooral_gtdb_source_abundance	0.8850712707698818	35.76275879445157	0.9316002425700405	1109	316	67	0.0005902026362384435	0.0	0.0	0.0	1.0	0.0	-1.0	1.0	0.0	25.0
raw_rescue_ani0.92_xny500_br0.3_af0.1_raw_depth_abundance	hmp_airskin_gtdb_source_abundance,hmp_gastrooral_gtdb_source_abundance	0.8858428805237315	181.21550775186012	-0.03507149895526184	1115	322	61	0.0009475710090749178	-0.0045033112582780754	140.88319085616828	-0.9618030928150818	7.0	6.0	-7.0	6.0	2.0	18.0
raw_rescue_ani0.92_xny500_br0.3_af0.1_zero_rescue_mass	hmp_airskin_gtdb_source_abundance,hmp_gastrooral_gtdb_source_abundance	0.8858428805237315	35.76275879445157	0.9317149614776257	1115	322	61	0.0009475710090749178	-0.0045033112582780754	2.7328566760003855e-16	0.00010253516050869796	7.0	6.0	-7.0	6.0	2.0	18.0
raw_rescue_ani0.92_xny500_br0.3_af0.3_raw_depth_abundance	hmp_airskin_gtdb_source_abundance,hmp_gastrooral_gtdb_source_abundance	0.8858428805237315	181.21550775186012	-0.03507149895526184	1115	322	61	0.0009475710090749178	-0.0045033112582780754	140.88319085616828	-0.9618030928150818	7.0	6.0	-7.0	6.0	2.0	18.0
raw_rescue_ani0.92_xny500_br0.3_af0.3_zero_rescue_mass	hmp_airskin_gtdb_source_abundance,hmp_gastrooral_gtdb_source_abundance	0.8858428805237315	35.76275879445157	0.9317149614776257	1115	322	61	0.0009475710090749178	-0.0045033112582780754	2.7328566760003855e-16	0.00010253516050869796	7.0	6.0	-7.0	6.0	2.0	18.0
raw_rescue_ani0.92_xny500_br0.3_af0.5_raw_depth_abundance	hmp_airskin_gtdb_source_abundance,hmp_gastrooral_gtdb_source_abundance	0.8858428805237315	181.21550775186012	-0.03507149895526184	1115	322	61	0.0009475710090749178	-0.0045033112582780754	140.88319085616828	-0.9618030928150818	7.0	6.0	-7.0	6.0	2.0	18.0
raw_rescue_ani0.92_xny500_br0.3_af0.5_zero_rescue_mass	hmp_airskin_gtdb_source_abundance,hmp_gastrooral_gtdb_source_abundance	0.8858428805237315	35.76275879445157	0.9317149614776257	1115	322	61	0.0009475710090749178	-0.0045033112582780754	2.7328566760003855e-16	0.00010253516050869796	7.0	6.0	-7.0	6.0	2.0	18.0
raw_rescue_ani0.92_xny500_br0.3_af0.7_raw_depth_abundance	hmp_airskin_gtdb_source_abundance,hmp_gastrooral_gtdb_source_abundance	0.8892241884448611	181.0017219222056	-0.034929923684303	1114	316	62	0.0033591364666979598	0.0	140.48851854027032	-0.9605601274378593	6.0	0.0	-6.0	5.0	0.0	21.0
raw_rescue_ani0.92_xny500_br0.3_af0.7_zero_rescue_mass	hmp_airskin_gtdb_source_abundance,hmp_gastrooral_gtdb_source_abundance	0.8892241884448611	35.76275879445157	0.9316002425700405	1114	316	62	0.0033591364666979598	0.0	0.0	0.0	6.0	0.0	-6.0	5.0	0.0	21.0
raw_rescue_ani0.92_xny500_br0.3_af0.9_raw_depth_abundance	hmp_airskin_gtdb_source_abundance,hmp_gastrooral_gtdb_source_abundance	0.8850712707698818	180.96946329090525	-0.035078691981263115	1109	316	67	0.0005902026362384435	0.0	140.4288682130004	-0.9608348231592523	1.0	0.0	-1.0	1.0	0.0	25.0
raw_rescue_ani0.92_xny500_br0.3_af0.9_zero_rescue_mass	hmp_airskin_gtdb_source_abundance,hmp_gastrooral_gtdb_source_abundance	0.8850712707698818	35.76275879445157	0.9316002425700405	1109	316	67	0.0005902026362384435	0.0	0.0	0.0	1.0	0.0	-1.0	1.0	0.0	25.0
raw_rescue_ani0.92_xny500_br0.5_af0.1_raw_depth_abundance	hmp_airskin_gtdb_source_abundance,hmp_gastrooral_gtdb_source_abundance	0.8882791407442188	180.96940660439162	-0.03507871949267515	1110	316	66	0.0010183459215245849	0.0	140.42885949199834	-0.9608348273917772	2.0	0.0	-2.0	2.0	0.0	24.0
raw_rescue_ani0.92_xny500_br0.5_af0.1_zero_rescue_mass	hmp_airskin_gtdb_source_abundance,hmp_gastrooral_gtdb_source_abundance	0.8882791407442188	35.76275879445157	0.9316002425700405	1110	316	66	0.0010183459215245849	0.0	0.0	0.0	2.0	0.0	-2.0	2.0	0.0	24.0
raw_rescue_ani0.92_xny500_br0.5_af0.3_raw_depth_abundance	hmp_airskin_gtdb_source_abundance,hmp_gastrooral_gtdb_source_abundance	0.8882791407442188	180.96940660439162	-0.03507871949267515	1110	316	66	0.0010183459215245849	0.0	140.42885949199834	-0.9608348273917772	2.0	0.0	-2.0	2.0	0.0	24.0
raw_rescue_ani0.92_xny500_br0.5_af0.3_zero_rescue_mass	hmp_airskin_gtdb_source_abundance,hmp_gastrooral_gtdb_source_abundance	0.8882791407442188	35.76275879445157	0.9316002425700405	1110	316	66	0.0010183459215245849	0.0	0.0	0.0	2.0	0.0	-2.0	2.0	0.0	24.0
raw_rescue_ani0.92_xny500_br0.5_af0.5_raw_depth_abundance	hmp_airskin_gtdb_source_abundance,hmp_gastrooral_gtdb_source_abundance	0.8882791407442188	180.96940660439162	-0.03507871949267515	1110	316	66	0.0010183459215245849	0.0	140.42885949199834	-0.9608348273917772	2.0	0.0	-2.0	2.0	0.0	24.0
raw_rescue_ani0.92_xny500_br0.5_af0.5_zero_rescue_mass	hmp_airskin_gtdb_source_abundance,hmp_gastrooral_gtdb_source_abundance	0.8882791407442188	35.76275879445157	0.9316002425700405	1110	316	66	0.0010183459215245849	0.0	0.0	0.0	2.0	0.0	-2.0	2.0	0.0	24.0
raw_rescue_ani0.92_xny500_br0.5_af0.7_raw_depth_abundance	hmp_airskin_gtdb_source_abundance,hmp_gastrooral_gtdb_source_abundance	0.8882791407442188	180.96940660439162	-0.03507871949267515	1110	316	66	0.0010183459215245849	0.0	140.42885949199834	-0.9608348273917772	2.0	0.0	-2.0	2.0	0.0	24.0
raw_rescue_ani0.92_xny500_br0.5_af0.7_zero_rescue_mass	hmp_airskin_gtdb_source_abundance,hmp_gastrooral_gtdb_source_abundance	0.8882791407442188	35.76275879445157	0.9316002425700405	1110	316	66	0.0010183459215245849	0.0	0.0	0.0	2.0	0.0	-2.0	2.0	0.0	24.0
raw_rescue_ani0.92_xny500_br0.5_af0.9_raw_depth_abundance	hmp_airskin_gtdb_source_abundance,hmp_gastrooral_gtdb_source_abundance	0.8850712707698818	180.96946329090525	-0.035078691981263115	1109	316	67	0.0005902026362384435	0.0	140.4288682130004	-0.9608348231592523	1.0	0.0	-1.0	1.0	0.0	25.0
raw_rescue_ani0.92_xny500_br0.5_af0.9_zero_rescue_mass	hmp_airskin_gtdb_source_abundance,hmp_gastrooral_gtdb_source_abundance	0.8850712707698818	35.76275879445157	0.9316002425700405	1109	316	67	0.0005902026362384435	0.0	0.0	0.0	1.0	0.0	-1.0	1.0	0.0	25.0
raw_rescue_ani0.92_xny700_br0.05_af0.1_raw_depth_abundance	hmp_airskin_gtdb_source_abundance,hmp_gastrooral_gtdb_source_abundance	0.8904615834063687	180.96958893212593	-0.03486898713187393	1120	317	56	0.0069050023682210625	0.0	140.4291960970462	-0.9604476291872212	12.0	1.0	-12.0	9.0	0.0	17.0
raw_rescue_ani0.92_xny700_br0.05_af0.1_zero_rescue_mass	hmp_airskin_gtdb_source_abundance,hmp_gastrooral_gtdb_source_abundance	0.8904615834063687	35.76275879445157	0.931600391105674	1120	317	56	0.0069050023682210625	0.0	0.0	2.742196312415064e-07	12.0	1.0	-12.0	9.0	0.0	17.0
raw_rescue_ani0.92_xny700_br0.05_af0.3_raw_depth_abundance	hmp_airskin_gtdb_source_abundance,hmp_gastrooral_gtdb_source_abundance	0.8904615834063687	180.96958893212593	-0.03486898713187393	1120	317	56	0.0069050023682210625	0.0	140.4291960970462	-0.9604476291872212	12.0	1.0	-12.0	9.0	0.0	17.0
raw_rescue_ani0.92_xny700_br0.05_af0.3_zero_rescue_mass	hmp_airskin_gtdb_source_abundance,hmp_gastrooral_gtdb_source_abundance	0.8904615834063687	35.76275879445157	0.931600391105674	1120	317	56	0.0069050023682210625	0.0	0.0	2.742196312415064e-07	12.0	1.0	-12.0	9.0	0.0	17.0
raw_rescue_ani0.92_xny700_br0.05_af0.5_raw_depth_abundance	hmp_airskin_gtdb_source_abundance,hmp_gastrooral_gtdb_source_abundance	0.8904615834063687	180.96958893212593	-0.03486898713187393	1120	317	56	0.0069050023682210625	0.0	140.4291960970462	-0.9604476291872212	12.0	1.0	-12.0	9.0	0.0	17.0
raw_rescue_ani0.92_xny700_br0.05_af0.5_zero_rescue_mass	hmp_airskin_gtdb_source_abundance,hmp_gastrooral_gtdb_source_abundance	0.8904615834063687	35.76275879445157	0.931600391105674	1120	317	56	0.0069050023682210625	0.0	0.0	2.742196312415064e-07	12.0	1.0	-12.0	9.0	0.0	17.0
raw_rescue_ani0.92_xny700_br0.05_af0.7_raw_depth_abundance	hmp_airskin_gtdb_source_abundance,hmp_gastrooral_gtdb_source_abundance	0.8904615834063687	180.96958893212593	-0.03486898713187393	1120	317	56	0.0069050023682210625	0.0	140.4291960970462	-0.9604476291872212	12.0	1.0	-12.0	9.0	0.0	17.0
raw_rescue_ani0.92_xny700_br0.05_af0.7_zero_rescue_mass	hmp_airskin_gtdb_source_abundance,hmp_gastrooral_gtdb_source_abundance	0.8904615834063687	35.76275879445157	0.931600391105674	1120	317	56	0.0069050023682210625	0.0	0.0	2.742196312415064e-07	12.0	1.0	-12.0	9.0	0.0	17.0
raw_rescue_ani0.92_xny700_br0.05_af0.9_raw_depth_abundance	hmp_airskin_gtdb_source_abundance,hmp_gastrooral_gtdb_source_abundance	0.8850712707698818	180.96946329090525	-0.035078691981263115	1109	316	67	0.0005902026362384435	0.0	140.4288682130004	-0.9608348231592523	1.0	0.0	-1.0	1.0	0.0	25.0
raw_rescue_ani0.92_xny700_br0.05_af0.9_zero_rescue_mass	hmp_airskin_gtdb_source_abundance,hmp_gastrooral_gtdb_source_abundance	0.8850712707698818	35.76275879445157	0.9316002425700405	1109	316	67	0.0005902026362384435	0.0	0.0	0.0	1.0	0.0	-1.0	1.0	0.0	25.0
raw_rescue_ani0.92_xny700_br0.15_af0.1_raw_depth_abundance	hmp_airskin_gtdb_source_abundance,hmp_gastrooral_gtdb_source_abundance	0.8904615834063687	180.96958893212593	-0.03486898713187393	1120	317	56	0.0069050023682210625	0.0	140.4291960970462	-0.9604476291872212	12.0	1.0	-12.0	9.0	0.0	17.0
raw_rescue_ani0.92_xny700_br0.15_af0.1_zero_rescue_mass	hmp_airskin_gtdb_source_abundance,hmp_gastrooral_gtdb_source_abundance	0.8904615834063687	35.76275879445157	0.931600391105674	1120	317	56	0.0069050023682210625	0.0	0.0	2.742196312415064e-07	12.0	1.0	-12.0	9.0	0.0	17.0
raw_rescue_ani0.92_xny700_br0.15_af0.3_raw_depth_abundance	hmp_airskin_gtdb_source_abundance,hmp_gastrooral_gtdb_source_abundance	0.8904615834063687	180.96958893212593	-0.03486898713187393	1120	317	56	0.0069050023682210625	0.0	140.4291960970462	-0.9604476291872212	12.0	1.0	-12.0	9.0	0.0	17.0
raw_rescue_ani0.92_xny700_br0.15_af0.3_zero_rescue_mass	hmp_airskin_gtdb_source_abundance,hmp_gastrooral_gtdb_source_abundance	0.8904615834063687	35.76275879445157	0.931600391105674	1120	317	56	0.0069050023682210625	0.0	0.0	2.742196312415064e-07	12.0	1.0	-12.0	9.0	0.0	17.0
raw_rescue_ani0.92_xny700_br0.15_af0.5_raw_depth_abundance	hmp_airskin_gtdb_source_abundance,hmp_gastrooral_gtdb_source_abundance	0.8904615834063687	180.96958893212593	-0.03486898713187393	1120	317	56	0.0069050023682210625	0.0	140.4291960970462	-0.9604476291872212	12.0	1.0	-12.0	9.0	0.0	17.0
raw_rescue_ani0.92_xny700_br0.15_af0.5_zero_rescue_mass	hmp_airskin_gtdb_source_abundance,hmp_gastrooral_gtdb_source_abundance	0.8904615834063687	35.76275879445157	0.931600391105674	1120	317	56	0.0069050023682210625	0.0	0.0	2.742196312415064e-07	12.0	1.0	-12.0	9.0	0.0	17.0
raw_rescue_ani0.92_xny700_br0.15_af0.7_raw_depth_abundance	hmp_airskin_gtdb_source_abundance,hmp_gastrooral_gtdb_source_abundance	0.8904615834063687	180.96958893212593	-0.03486898713187393	1120	317	56	0.0069050023682210625	0.0	140.4291960970462	-0.9604476291872212	12.0	1.0	-12.0	9.0	0.0	17.0
raw_rescue_ani0.92_xny700_br0.15_af0.7_zero_rescue_mass	hmp_airskin_gtdb_source_abundance,hmp_gastrooral_gtdb_source_abundance	0.8904615834063687	35.76275879445157	0.931600391105674	1120	317	56	0.0069050023682210625	0.0	0.0	2.742196312415064e-07	12.0	1.0	-12.0	9.0	0.0	17.0
raw_rescue_ani0.92_xny700_br0.15_af0.9_raw_depth_abundance	hmp_airskin_gtdb_source_abundance,hmp_gastrooral_gtdb_source_abundance	0.8850712707698818	180.96946329090525	-0.035078691981263115	1109	316	67	0.0005902026362384435	0.0	140.4288682130004	-0.9608348231592523	1.0	0.0	-1.0	1.0	0.0	25.0
raw_rescue_ani0.92_xny700_br0.15_af0.9_zero_rescue_mass	hmp_airskin_gtdb_source_abundance,hmp_gastrooral_gtdb_source_abundance	0.8850712707698818	35.76275879445157	0.9316002425700405	1109	316	67	0.0005902026362384435	0.0	0.0	0.0	1.0	0.0	-1.0	1.0	0.0	25.0
raw_rescue_ani0.92_xny700_br0.1_af0.1_raw_depth_abundance	hmp_airskin_gtdb_source_abundance,hmp_gastrooral_gtdb_source_abundance	0.8904615834063687	180.96958893212593	-0.03486898713187393	1120	317	56	0.0069050023682210625	0.0	140.4291960970462	-0.9604476291872212	12.0	1.0	-12.0	9.0	0.0	17.0
raw_rescue_ani0.92_xny700_br0.1_af0.1_zero_rescue_mass	hmp_airskin_gtdb_source_abundance,hmp_gastrooral_gtdb_source_abundance	0.8904615834063687	35.76275879445157	0.931600391105674	1120	317	56	0.0069050023682210625	0.0	0.0	2.742196312415064e-07	12.0	1.0	-12.0	9.0	0.0	17.0
raw_rescue_ani0.92_xny700_br0.1_af0.3_raw_depth_abundance	hmp_airskin_gtdb_source_abundance,hmp_gastrooral_gtdb_source_abundance	0.8904615834063687	180.96958893212593	-0.03486898713187393	1120	317	56	0.0069050023682210625	0.0	140.4291960970462	-0.9604476291872212	12.0	1.0	-12.0	9.0	0.0	17.0
raw_rescue_ani0.92_xny700_br0.1_af0.3_zero_rescue_mass	hmp_airskin_gtdb_source_abundance,hmp_gastrooral_gtdb_source_abundance	0.8904615834063687	35.76275879445157	0.931600391105674	1120	317	56	0.0069050023682210625	0.0	0.0	2.742196312415064e-07	12.0	1.0	-12.0	9.0	0.0	17.0
raw_rescue_ani0.92_xny700_br0.1_af0.5_raw_depth_abundance	hmp_airskin_gtdb_source_abundance,hmp_gastrooral_gtdb_source_abundance	0.8904615834063687	180.96958893212593	-0.03486898713187393	1120	317	56	0.0069050023682210625	0.0	140.4291960970462	-0.9604476291872212	12.0	1.0	-12.0	9.0	0.0	17.0
raw_rescue_ani0.92_xny700_br0.1_af0.5_zero_rescue_mass	hmp_airskin_gtdb_source_abundance,hmp_gastrooral_gtdb_source_abundance	0.8904615834063687	35.76275879445157	0.931600391105674	1120	317	56	0.0069050023682210625	0.0	0.0	2.742196312415064e-07	12.0	1.0	-12.0	9.0	0.0	17.0
raw_rescue_ani0.92_xny700_br0.1_af0.7_raw_depth_abundance	hmp_airskin_gtdb_source_abundance,hmp_gastrooral_gtdb_source_abundance	0.8904615834063687	180.96958893212593	-0.03486898713187393	1120	317	56	0.0069050023682210625	0.0	140.4291960970462	-0.9604476291872212	12.0	1.0	-12.0	9.0	0.0	17.0
raw_rescue_ani0.92_xny700_br0.1_af0.7_zero_rescue_mass	hmp_airskin_gtdb_source_abundance,hmp_gastrooral_gtdb_source_abundance	0.8904615834063687	35.76275879445157	0.931600391105674	1120	317	56	0.0069050023682210625	0.0	0.0	2.742196312415064e-07	12.0	1.0	-12.0	9.0	0.0	17.0
raw_rescue_ani0.92_xny700_br0.1_af0.9_raw_depth_abundance	hmp_airskin_gtdb_source_abundance,hmp_gastrooral_gtdb_source_abundance	0.8850712707698818	180.96946329090525	-0.035078691981263115	1109	316	67	0.0005902026362384435	0.0	140.4288682130004	-0.9608348231592523	1.0	0.0	-1.0	1.0	0.0	25.0
raw_rescue_ani0.92_xny700_br0.1_af0.9_zero_rescue_mass	hmp_airskin_gtdb_source_abundance,hmp_gastrooral_gtdb_source_abundance	0.8850712707698818	35.76275879445157	0.9316002425700405	1109	316	67	0.0005902026362384435	0.0	0.0	0.0	1.0	0.0	-1.0	1.0	0.0	25.0
raw_rescue_ani0.92_xny700_br0.25_af0.1_raw_depth_abundance	hmp_airskin_gtdb_source_abundance,hmp_gastrooral_gtdb_source_abundance	0.8904011461318051	180.9695905226842	-0.034909772564946664	1119	316	57	0.006308287395956782	0.0	140.42919903346152	-0.9605229253713555	11.0	0.0	-11.0	9.0	0.0	17.0
raw_rescue_ani0.92_xny700_br0.25_af0.1_zero_rescue_mass	hmp_airskin_gtdb_source_abundance,hmp_gastrooral_gtdb_source_abundance	0.8904011461318051	35.76275879445157	0.9316002425700405	1119	316	57	0.006308287395956782	0.0	0.0	0.0	11.0	0.0	-11.0	9.0	0.0	17.0
raw_rescue_ani0.92_xny700_br0.25_af0.3_raw_depth_abundance	hmp_airskin_gtdb_source_abundance,hmp_gastrooral_gtdb_source_abundance	0.8904011461318051	180.9695905226842	-0.034909772564946664	1119	316	57	0.006308287395956782	0.0	140.42919903346152	-0.9605229253713555	11.0	0.0	-11.0	9.0	0.0	17.0
raw_rescue_ani0.92_xny700_br0.25_af0.3_zero_rescue_mass	hmp_airskin_gtdb_source_abundance,hmp_gastrooral_gtdb_source_abundance	0.8904011461318051	35.76275879445157	0.9316002425700405	1119	316	57	0.006308287395956782	0.0	0.0	0.0	11.0	0.0	-11.0	9.0	0.0	17.0
raw_rescue_ani0.92_xny700_br0.25_af0.5_raw_depth_abundance	hmp_airskin_gtdb_source_abundance,hmp_gastrooral_gtdb_source_abundance	0.8904011461318051	180.9695905226842	-0.034909772564946664	1119	316	57	0.006308287395956782	0.0	140.42919903346152	-0.9605229253713555	11.0	0.0	-11.0	9.0	0.0	17.0
raw_rescue_ani0.92_xny700_br0.25_af0.5_zero_rescue_mass	hmp_airskin_gtdb_source_abundance,hmp_gastrooral_gtdb_source_abundance	0.8904011461318051	35.76275879445157	0.9316002425700405	1119	316	57	0.006308287395956782	0.0	0.0	0.0	11.0	0.0	-11.0	9.0	0.0	17.0
raw_rescue_ani0.92_xny700_br0.25_af0.7_raw_depth_abundance	hmp_airskin_gtdb_source_abundance,hmp_gastrooral_gtdb_source_abundance	0.8904011461318051	180.9695905226842	-0.034909772564946664	1119	316	57	0.006308287395956782	0.0	140.42919903346152	-0.9605229253713555	11.0	0.0	-11.0	9.0	0.0	17.0
raw_rescue_ani0.92_xny700_br0.25_af0.7_zero_rescue_mass	hmp_airskin_gtdb_source_abundance,hmp_gastrooral_gtdb_source_abundance	0.8904011461318051	35.76275879445157	0.9316002425700405	1119	316	57	0.006308287395956782	0.0	0.0	0.0	11.0	0.0	-11.0	9.0	0.0	17.0
raw_rescue_ani0.92_xny700_br0.25_af0.9_raw_depth_abundance	hmp_airskin_gtdb_source_abundance,hmp_gastrooral_gtdb_source_abundance	0.8850712707698818	180.96946329090525	-0.035078691981263115	1109	316	67	0.0005902026362384435	0.0	140.4288682130004	-0.9608348231592523	1.0	0.0	-1.0	1.0	0.0	25.0
raw_rescue_ani0.92_xny700_br0.25_af0.9_zero_rescue_mass	hmp_airskin_gtdb_source_abundance,hmp_gastrooral_gtdb_source_abundance	0.8850712707698818	35.76275879445157	0.9316002425700405	1109	316	67	0.0005902026362384435	0.0	0.0	0.0	1.0	0.0	-1.0	1.0	0.0	25.0
raw_rescue_ani0.92_xny700_br0.2_af0.1_raw_depth_abundance	hmp_airskin_gtdb_source_abundance,hmp_gastrooral_gtdb_source_abundance	0.8902267944821136	180.96959052268437	-0.03486898665406321	1119	317	57	0.0061879228375822165	0.0	140.4291990334618	-0.9604476283051091	11.0	1.0	-11.0	9.0	0.0	17.0
raw_rescue_ani0.92_xny700_br0.2_af0.1_zero_rescue_mass	hmp_airskin_gtdb_source_abundance,hmp_gastrooral_gtdb_source_abundance	0.8902267944821136	35.76275879445157	0.931600391105674	1119	317	57	0.0061879228375822165	0.0	0.0	2.742196312415064e-07	11.0	1.0	-11.0	9.0	0.0	17.0
raw_rescue_ani0.92_xny700_br0.2_af0.3_raw_depth_abundance	hmp_airskin_gtdb_source_abundance,hmp_gastrooral_gtdb_source_abundance	0.8902267944821136	180.96959052268437	-0.03486898665406321	1119	317	57	0.0061879228375822165	0.0	140.4291990334618	-0.9604476283051091	11.0	1.0	-11.0	9.0	0.0	17.0
raw_rescue_ani0.92_xny700_br0.2_af0.3_zero_rescue_mass	hmp_airskin_gtdb_source_abundance,hmp_gastrooral_gtdb_source_abundance	0.8902267944821136	35.76275879445157	0.931600391105674	1119	317	57	0.0061879228375822165	0.0	0.0	2.742196312415064e-07	11.0	1.0	-11.0	9.0	0.0	17.0
raw_rescue_ani0.92_xny700_br0.2_af0.5_raw_depth_abundance	hmp_airskin_gtdb_source_abundance,hmp_gastrooral_gtdb_source_abundance	0.8902267944821136	180.96959052268437	-0.03486898665406321	1119	317	57	0.0061879228375822165	0.0	140.4291990334618	-0.9604476283051091	11.0	1.0	-11.0	9.0	0.0	17.0
raw_rescue_ani0.92_xny700_br0.2_af0.5_zero_rescue_mass	hmp_airskin_gtdb_source_abundance,hmp_gastrooral_gtdb_source_abundance	0.8902267944821136	35.76275879445157	0.931600391105674	1119	317	57	0.0061879228375822165	0.0	0.0	2.742196312415064e-07	11.0	1.0	-11.0	9.0	0.0	17.0
raw_rescue_ani0.92_xny700_br0.2_af0.7_raw_depth_abundance	hmp_airskin_gtdb_source_abundance,hmp_gastrooral_gtdb_source_abundance	0.8902267944821136	180.96959052268437	-0.03486898665406321	1119	317	57	0.0061879228375822165	0.0	140.4291990334618	-0.9604476283051091	11.0	1.0	-11.0	9.0	0.0	17.0
raw_rescue_ani0.92_xny700_br0.2_af0.7_zero_rescue_mass	hmp_airskin_gtdb_source_abundance,hmp_gastrooral_gtdb_source_abundance	0.8902267944821136	35.76275879445157	0.931600391105674	1119	317	57	0.0061879228375822165	0.0	0.0	2.742196312415064e-07	11.0	1.0	-11.0	9.0	0.0	17.0
raw_rescue_ani0.92_xny700_br0.2_af0.9_raw_depth_abundance	hmp_airskin_gtdb_source_abundance,hmp_gastrooral_gtdb_source_abundance	0.8850712707698818	180.96946329090525	-0.035078691981263115	1109	316	67	0.0005902026362384435	0.0	140.4288682130004	-0.9608348231592523	1.0	0.0	-1.0	1.0	0.0	25.0
raw_rescue_ani0.92_xny700_br0.2_af0.9_zero_rescue_mass	hmp_airskin_gtdb_source_abundance,hmp_gastrooral_gtdb_source_abundance	0.8850712707698818	35.76275879445157	0.9316002425700405	1109	316	67	0.0005902026362384435	0.0	0.0	0.0	1.0	0.0	-1.0	1.0	0.0	25.0
raw_rescue_ani0.92_xny700_br0.3_af0.1_raw_depth_abundance	hmp_airskin_gtdb_source_abundance,hmp_gastrooral_gtdb_source_abundance	0.8892241884448611	181.0017219222056	-0.034929923684303	1114	316	62	0.0033591364666979598	0.0	140.48851854027032	-0.9605601274378593	6.0	0.0	-6.0	5.0	0.0	21.0
raw_rescue_ani0.92_xny700_br0.3_af0.1_zero_rescue_mass	hmp_airskin_gtdb_source_abundance,hmp_gastrooral_gtdb_source_abundance	0.8892241884448611	35.76275879445157	0.9316002425700405	1114	316	62	0.0033591364666979598	0.0	0.0	0.0	6.0	0.0	-6.0	5.0	0.0	21.0
raw_rescue_ani0.92_xny700_br0.3_af0.3_raw_depth_abundance	hmp_airskin_gtdb_source_abundance,hmp_gastrooral_gtdb_source_abundance	0.8892241884448611	181.0017219222056	-0.034929923684303	1114	316	62	0.0033591364666979598	0.0	140.48851854027032	-0.9605601274378593	6.0	0.0	-6.0	5.0	0.0	21.0
raw_rescue_ani0.92_xny700_br0.3_af0.3_zero_rescue_mass	hmp_airskin_gtdb_source_abundance,hmp_gastrooral_gtdb_source_abundance	0.8892241884448611	35.76275879445157	0.9316002425700405	1114	316	62	0.0033591364666979598	0.0	0.0	0.0	6.0	0.0	-6.0	5.0	0.0	21.0
raw_rescue_ani0.92_xny700_br0.3_af0.5_raw_depth_abundance	hmp_airskin_gtdb_source_abundance,hmp_gastrooral_gtdb_source_abundance	0.8892241884448611	181.0017219222056	-0.034929923684303	1114	316	62	0.0033591364666979598	0.0	140.48851854027032	-0.9605601274378593	6.0	0.0	-6.0	5.0	0.0	21.0
raw_rescue_ani0.92_xny700_br0.3_af0.5_zero_rescue_mass	hmp_airskin_gtdb_source_abundance,hmp_gastrooral_gtdb_source_abundance	0.8892241884448611	35.76275879445157	0.9316002425700405	1114	316	62	0.0033591364666979598	0.0	0.0	0.0	6.0	0.0	-6.0	5.0	0.0	21.0
raw_rescue_ani0.92_xny700_br0.3_af0.7_raw_depth_abundance	hmp_airskin_gtdb_source_abundance,hmp_gastrooral_gtdb_source_abundance	0.8892241884448611	181.0017219222056	-0.034929923684303	1114	316	62	0.0033591364666979598	0.0	140.48851854027032	-0.9605601274378593	6.0	0.0	-6.0	5.0	0.0	21.0
raw_rescue_ani0.92_xny700_br0.3_af0.7_zero_rescue_mass	hmp_airskin_gtdb_source_abundance,hmp_gastrooral_gtdb_source_abundance	0.8892241884448611	35.76275879445157	0.9316002425700405	1114	316	62	0.0033591364666979598	0.0	0.0	0.0	6.0	0.0	-6.0	5.0	0.0	21.0
raw_rescue_ani0.92_xny700_br0.3_af0.9_raw_depth_abundance	hmp_airskin_gtdb_source_abundance,hmp_gastrooral_gtdb_source_abundance	0.8850712707698818	180.96946329090525	-0.035078691981263115	1109	316	67	0.0005902026362384435	0.0	140.4288682130004	-0.9608348231592523	1.0	0.0	-1.0	1.0	0.0	25.0
raw_rescue_ani0.92_xny700_br0.3_af0.9_zero_rescue_mass	hmp_airskin_gtdb_source_abundance,hmp_gastrooral_gtdb_source_abundance	0.8850712707698818	35.76275879445157	0.9316002425700405	1109	316	67	0.0005902026362384435	0.0	0.0	0.0	1.0	0.0	-1.0	1.0	0.0	25.0
raw_rescue_ani0.92_xny700_br0.5_af0.1_raw_depth_abundance	hmp_airskin_gtdb_source_abundance,hmp_gastrooral_gtdb_source_abundance	0.8882791407442188	180.96940660439162	-0.03507871949267515	1110	316	66	0.0010183459215245849	0.0	140.42885949199834	-0.9608348273917772	2.0	0.0	-2.0	2.0	0.0	24.0
raw_rescue_ani0.92_xny700_br0.5_af0.1_zero_rescue_mass	hmp_airskin_gtdb_source_abundance,hmp_gastrooral_gtdb_source_abundance	0.8882791407442188	35.76275879445157	0.9316002425700405	1110	316	66	0.0010183459215245849	0.0	0.0	0.0	2.0	0.0	-2.0	2.0	0.0	24.0
raw_rescue_ani0.92_xny700_br0.5_af0.3_raw_depth_abundance	hmp_airskin_gtdb_source_abundance,hmp_gastrooral_gtdb_source_abundance	0.8882791407442188	180.96940660439162	-0.03507871949267515	1110	316	66	0.0010183459215245849	0.0	140.42885949199834	-0.9608348273917772	2.0	0.0	-2.0	2.0	0.0	24.0
raw_rescue_ani0.92_xny700_br0.5_af0.3_zero_rescue_mass	hmp_airskin_gtdb_source_abundance,hmp_gastrooral_gtdb_source_abundance	0.8882791407442188	35.76275879445157	0.9316002425700405	1110	316	66	0.0010183459215245849	0.0	0.0	0.0	2.0	0.0	-2.0	2.0	0.0	24.0
raw_rescue_ani0.92_xny700_br0.5_af0.5_raw_depth_abundance	hmp_airskin_gtdb_source_abundance,hmp_gastrooral_gtdb_source_abundance	0.8882791407442188	180.96940660439162	-0.03507871949267515	1110	316	66	0.0010183459215245849	0.0	140.42885949199834	-0.9608348273917772	2.0	0.0	-2.0	2.0	0.0	24.0
raw_rescue_ani0.92_xny700_br0.5_af0.5_zero_rescue_mass	hmp_airskin_gtdb_source_abundance,hmp_gastrooral_gtdb_source_abundance	0.8882791407442188	35.76275879445157	0.9316002425700405	1110	316	66	0.0010183459215245849	0.0	0.0	0.0	2.0	0.0	-2.0	2.0	0.0	24.0
raw_rescue_ani0.92_xny700_br0.5_af0.7_raw_depth_abundance	hmp_airskin_gtdb_source_abundance,hmp_gastrooral_gtdb_source_abundance	0.8882791407442188	180.96940660439162	-0.03507871949267515	1110	316	66	0.0010183459215245849	0.0	140.42885949199834	-0.9608348273917772	2.0	0.0	-2.0	2.0	0.0	24.0
raw_rescue_ani0.92_xny700_br0.5_af0.7_zero_rescue_mass	hmp_airskin_gtdb_source_abundance,hmp_gastrooral_gtdb_source_abundance	0.8882791407442188	35.76275879445157	0.9316002425700405	1110	316	66	0.0010183459215245849	0.0	0.0	0.0	2.0	0.0	-2.0	2.0	0.0	24.0
raw_rescue_ani0.92_xny700_br0.5_af0.9_raw_depth_abundance	hmp_airskin_gtdb_source_abundance,hmp_gastrooral_gtdb_source_abundance	0.8850712707698818	180.96946329090525	-0.035078691981263115	1109	316	67	0.0005902026362384435	0.0	140.4288682130004	-0.9608348231592523	1.0	0.0	-1.0	1.0	0.0	25.0
raw_rescue_ani0.92_xny700_br0.5_af0.9_zero_rescue_mass	hmp_airskin_gtdb_source_abundance,hmp_gastrooral_gtdb_source_abundance	0.8850712707698818	35.76275879445157	0.9316002425700405	1109	316	67	0.0005902026362384435	0.0	0.0	0.0	1.0	0.0	-1.0	1.0	0.0	25.0
raw_rescue_ani0.92_xny900_br0.05_af0.1_raw_depth_abundance	hmp_airskin_gtdb_source_abundance,hmp_gastrooral_gtdb_source_abundance	0.8850712707698818	180.96946329090525	-0.035078691981263115	1109	316	67	0.0005902026362384435	0.0	140.4288682130004	-0.9608348231592523	1.0	0.0	-1.0	1.0	0.0	25.0
raw_rescue_ani0.92_xny900_br0.05_af0.1_zero_rescue_mass	hmp_airskin_gtdb_source_abundance,hmp_gastrooral_gtdb_source_abundance	0.8850712707698818	35.76275879445157	0.9316002425700405	1109	316	67	0.0005902026362384435	0.0	0.0	0.0	1.0	0.0	-1.0	1.0	0.0	25.0
raw_rescue_ani0.92_xny900_br0.05_af0.3_raw_depth_abundance	hmp_airskin_gtdb_source_abundance,hmp_gastrooral_gtdb_source_abundance	0.8850712707698818	180.96946329090525	-0.035078691981263115	1109	316	67	0.0005902026362384435	0.0	140.4288682130004	-0.9608348231592523	1.0	0.0	-1.0	1.0	0.0	25.0
raw_rescue_ani0.92_xny900_br0.05_af0.3_zero_rescue_mass	hmp_airskin_gtdb_source_abundance,hmp_gastrooral_gtdb_source_abundance	0.8850712707698818	35.76275879445157	0.9316002425700405	1109	316	67	0.0005902026362384435	0.0	0.0	0.0	1.0	0.0	-1.0	1.0	0.0	25.0
raw_rescue_ani0.92_xny900_br0.05_af0.5_raw_depth_abundance	hmp_airskin_gtdb_source_abundance,hmp_gastrooral_gtdb_source_abundance	0.8850712707698818	180.96946329090525	-0.035078691981263115	1109	316	67	0.0005902026362384435	0.0	140.4288682130004	-0.9608348231592523	1.0	0.0	-1.0	1.0	0.0	25.0
raw_rescue_ani0.92_xny900_br0.05_af0.5_zero_rescue_mass	hmp_airskin_gtdb_source_abundance,hmp_gastrooral_gtdb_source_abundance	0.8850712707698818	35.76275879445157	0.9316002425700405	1109	316	67	0.0005902026362384435	0.0	0.0	0.0	1.0	0.0	-1.0	1.0	0.0	25.0
raw_rescue_ani0.92_xny900_br0.05_af0.7_raw_depth_abundance	hmp_airskin_gtdb_source_abundance,hmp_gastrooral_gtdb_source_abundance	0.8850712707698818	180.96946329090525	-0.035078691981263115	1109	316	67	0.0005902026362384435	0.0	140.4288682130004	-0.9608348231592523	1.0	0.0	-1.0	1.0	0.0	25.0
raw_rescue_ani0.92_xny900_br0.05_af0.7_zero_rescue_mass	hmp_airskin_gtdb_source_abundance,hmp_gastrooral_gtdb_source_abundance	0.8850712707698818	35.76275879445157	0.9316002425700405	1109	316	67	0.0005902026362384435	0.0	0.0	0.0	1.0	0.0	-1.0	1.0	0.0	25.0
raw_rescue_ani0.92_xny900_br0.05_af0.9_raw_depth_abundance	hmp_airskin_gtdb_source_abundance,hmp_gastrooral_gtdb_source_abundance	0.8850712707698818	180.96946329090525	-0.035078691981263115	1109	316	67	0.0005902026362384435	0.0	140.4288682130004	-0.9608348231592523	1.0	0.0	-1.0	1.0	0.0	25.0
raw_rescue_ani0.92_xny900_br0.05_af0.9_zero_rescue_mass	hmp_airskin_gtdb_source_abundance,hmp_gastrooral_gtdb_source_abundance	0.8850712707698818	35.76275879445157	0.9316002425700405	1109	316	67	0.0005902026362384435	0.0	0.0	0.0	1.0	0.0	-1.0	1.0	0.0	25.0
raw_rescue_ani0.92_xny900_br0.15_af0.1_raw_depth_abundance	hmp_airskin_gtdb_source_abundance,hmp_gastrooral_gtdb_source_abundance	0.8850712707698818	180.96946329090525	-0.035078691981263115	1109	316	67	0.0005902026362384435	0.0	140.4288682130004	-0.9608348231592523	1.0	0.0	-1.0	1.0	0.0	25.0
raw_rescue_ani0.92_xny900_br0.15_af0.1_zero_rescue_mass	hmp_airskin_gtdb_source_abundance,hmp_gastrooral_gtdb_source_abundance	0.8850712707698818	35.76275879445157	0.9316002425700405	1109	316	67	0.0005902026362384435	0.0	0.0	0.0	1.0	0.0	-1.0	1.0	0.0	25.0
raw_rescue_ani0.92_xny900_br0.15_af0.3_raw_depth_abundance	hmp_airskin_gtdb_source_abundance,hmp_gastrooral_gtdb_source_abundance	0.8850712707698818	180.96946329090525	-0.035078691981263115	1109	316	67	0.0005902026362384435	0.0	140.4288682130004	-0.9608348231592523	1.0	0.0	-1.0	1.0	0.0	25.0
raw_rescue_ani0.92_xny900_br0.15_af0.3_zero_rescue_mass	hmp_airskin_gtdb_source_abundance,hmp_gastrooral_gtdb_source_abundance	0.8850712707698818	35.76275879445157	0.9316002425700405	1109	316	67	0.0005902026362384435	0.0	0.0	0.0	1.0	0.0	-1.0	1.0	0.0	25.0
raw_rescue_ani0.92_xny900_br0.15_af0.5_raw_depth_abundance	hmp_airskin_gtdb_source_abundance,hmp_gastrooral_gtdb_source_abundance	0.8850712707698818	180.96946329090525	-0.035078691981263115	1109	316	67	0.0005902026362384435	0.0	140.4288682130004	-0.9608348231592523	1.0	0.0	-1.0	1.0	0.0	25.0
raw_rescue_ani0.92_xny900_br0.15_af0.5_zero_rescue_mass	hmp_airskin_gtdb_source_abundance,hmp_gastrooral_gtdb_source_abundance	0.8850712707698818	35.76275879445157	0.9316002425700405	1109	316	67	0.0005902026362384435	0.0	0.0	0.0	1.0	0.0	-1.0	1.0	0.0	25.0
raw_rescue_ani0.92_xny900_br0.15_af0.7_raw_depth_abundance	hmp_airskin_gtdb_source_abundance,hmp_gastrooral_gtdb_source_abundance	0.8850712707698818	180.96946329090525	-0.035078691981263115	1109	316	67	0.0005902026362384435	0.0	140.4288682130004	-0.9608348231592523	1.0	0.0	-1.0	1.0	0.0	25.0
raw_rescue_ani0.92_xny900_br0.15_af0.7_zero_rescue_mass	hmp_airskin_gtdb_source_abundance,hmp_gastrooral_gtdb_source_abundance	0.8850712707698818	35.76275879445157	0.9316002425700405	1109	316	67	0.0005902026362384435	0.0	0.0	0.0	1.0	0.0	-1.0	1.0	0.0	25.0
raw_rescue_ani0.92_xny900_br0.15_af0.9_raw_depth_abundance	hmp_airskin_gtdb_source_abundance,hmp_gastrooral_gtdb_source_abundance	0.8850712707698818	180.96946329090525	-0.035078691981263115	1109	316	67	0.0005902026362384435	0.0	140.4288682130004	-0.9608348231592523	1.0	0.0	-1.0	1.0	0.0	25.0
raw_rescue_ani0.92_xny900_br0.15_af0.9_zero_rescue_mass	hmp_airskin_gtdb_source_abundance,hmp_gastrooral_gtdb_source_abundance	0.8850712707698818	35.76275879445157	0.9316002425700405	1109	316	67	0.0005902026362384435	0.0	0.0	0.0	1.0	0.0	-1.0	1.0	0.0	25.0
raw_rescue_ani0.92_xny900_br0.1_af0.1_raw_depth_abundance	hmp_airskin_gtdb_source_abundance,hmp_gastrooral_gtdb_source_abundance	0.8850712707698818	180.96946329090525	-0.035078691981263115	1109	316	67	0.0005902026362384435	0.0	140.4288682130004	-0.9608348231592523	1.0	0.0	-1.0	1.0	0.0	25.0
raw_rescue_ani0.92_xny900_br0.1_af0.1_zero_rescue_mass	hmp_airskin_gtdb_source_abundance,hmp_gastrooral_gtdb_source_abundance	0.8850712707698818	35.76275879445157	0.9316002425700405	1109	316	67	0.0005902026362384435	0.0	0.0	0.0	1.0	0.0	-1.0	1.0	0.0	25.0
raw_rescue_ani0.92_xny900_br0.1_af0.3_raw_depth_abundance	hmp_airskin_gtdb_source_abundance,hmp_gastrooral_gtdb_source_abundance	0.8850712707698818	180.96946329090525	-0.035078691981263115	1109	316	67	0.0005902026362384435	0.0	140.4288682130004	-0.9608348231592523	1.0	0.0	-1.0	1.0	0.0	25.0
raw_rescue_ani0.92_xny900_br0.1_af0.3_zero_rescue_mass	hmp_airskin_gtdb_source_abundance,hmp_gastrooral_gtdb_source_abundance	0.8850712707698818	35.76275879445157	0.9316002425700405	1109	316	67	0.0005902026362384435	0.0	0.0	0.0	1.0	0.0	-1.0	1.0	0.0	25.0
raw_rescue_ani0.92_xny900_br0.1_af0.5_raw_depth_abundance	hmp_airskin_gtdb_source_abundance,hmp_gastrooral_gtdb_source_abundance	0.8850712707698818	180.96946329090525	-0.035078691981263115	1109	316	67	0.0005902026362384435	0.0	140.4288682130004	-0.9608348231592523	1.0	0.0	-1.0	1.0	0.0	25.0
raw_rescue_ani0.92_xny900_br0.1_af0.5_zero_rescue_mass	hmp_airskin_gtdb_source_abundance,hmp_gastrooral_gtdb_source_abundance	0.8850712707698818	35.76275879445157	0.9316002425700405	1109	316	67	0.0005902026362384435	0.0	0.0	0.0	1.0	0.0	-1.0	1.0	0.0	25.0
raw_rescue_ani0.92_xny900_br0.1_af0.7_raw_depth_abundance	hmp_airskin_gtdb_source_abundance,hmp_gastrooral_gtdb_source_abundance	0.8850712707698818	180.96946329090525	-0.035078691981263115	1109	316	67	0.0005902026362384435	0.0	140.4288682130004	-0.9608348231592523	1.0	0.0	-1.0	1.0	0.0	25.0
raw_rescue_ani0.92_xny900_br0.1_af0.7_zero_rescue_mass	hmp_airskin_gtdb_source_abundance,hmp_gastrooral_gtdb_source_abundance	0.8850712707698818	35.76275879445157	0.9316002425700405	1109	316	67	0.0005902026362384435	0.0	0.0	0.0	1.0	0.0	-1.0	1.0	0.0	25.0
raw_rescue_ani0.92_xny900_br0.1_af0.9_raw_depth_abundance	hmp_airskin_gtdb_source_abundance,hmp_gastrooral_gtdb_source_abundance	0.8850712707698818	180.96946329090525	-0.035078691981263115	1109	316	67	0.0005902026362384435	0.0	140.4288682130004	-0.9608348231592523	1.0	0.0	-1.0	1.0	0.0	25.0
raw_rescue_ani0.92_xny900_br0.1_af0.9_zero_rescue_mass	hmp_airskin_gtdb_source_abundance,hmp_gastrooral_gtdb_source_abundance	0.8850712707698818	35.76275879445157	0.9316002425700405	1109	316	67	0.0005902026362384435	0.0	0.0	0.0	1.0	0.0	-1.0	1.0	0.0	25.0
raw_rescue_ani0.92_xny900_br0.25_af0.1_raw_depth_abundance	hmp_airskin_gtdb_source_abundance,hmp_gastrooral_gtdb_source_abundance	0.8850712707698818	180.96946329090525	-0.035078691981263115	1109	316	67	0.0005902026362384435	0.0	140.4288682130004	-0.9608348231592523	1.0	0.0	-1.0	1.0	0.0	25.0
raw_rescue_ani0.92_xny900_br0.25_af0.1_zero_rescue_mass	hmp_airskin_gtdb_source_abundance,hmp_gastrooral_gtdb_source_abundance	0.8850712707698818	35.76275879445157	0.9316002425700405	1109	316	67	0.0005902026362384435	0.0	0.0	0.0	1.0	0.0	-1.0	1.0	0.0	25.0
raw_rescue_ani0.92_xny900_br0.25_af0.3_raw_depth_abundance	hmp_airskin_gtdb_source_abundance,hmp_gastrooral_gtdb_source_abundance	0.8850712707698818	180.96946329090525	-0.035078691981263115	1109	316	67	0.0005902026362384435	0.0	140.4288682130004	-0.9608348231592523	1.0	0.0	-1.0	1.0	0.0	25.0
raw_rescue_ani0.92_xny900_br0.25_af0.3_zero_rescue_mass	hmp_airskin_gtdb_source_abundance,hmp_gastrooral_gtdb_source_abundance	0.8850712707698818	35.76275879445157	0.9316002425700405	1109	316	67	0.0005902026362384435	0.0	0.0	0.0	1.0	0.0	-1.0	1.0	0.0	25.0
raw_rescue_ani0.92_xny900_br0.25_af0.5_raw_depth_abundance	hmp_airskin_gtdb_source_abundance,hmp_gastrooral_gtdb_source_abundance	0.8850712707698818	180.96946329090525	-0.035078691981263115	1109	316	67	0.0005902026362384435	0.0	140.4288682130004	-0.9608348231592523	1.0	0.0	-1.0	1.0	0.0	25.0
raw_rescue_ani0.92_xny900_br0.25_af0.5_zero_rescue_mass	hmp_airskin_gtdb_source_abundance,hmp_gastrooral_gtdb_source_abundance	0.8850712707698818	35.76275879445157	0.9316002425700405	1109	316	67	0.0005902026362384435	0.0	0.0	0.0	1.0	0.0	-1.0	1.0	0.0	25.0
raw_rescue_ani0.92_xny900_br0.25_af0.7_raw_depth_abundance	hmp_airskin_gtdb_source_abundance,hmp_gastrooral_gtdb_source_abundance	0.8850712707698818	180.96946329090525	-0.035078691981263115	1109	316	67	0.0005902026362384435	0.0	140.4288682130004	-0.9608348231592523	1.0	0.0	-1.0	1.0	0.0	25.0
raw_rescue_ani0.92_xny900_br0.25_af0.7_zero_rescue_mass	hmp_airskin_gtdb_source_abundance,hmp_gastrooral_gtdb_source_abundance	0.8850712707698818	35.76275879445157	0.9316002425700405	1109	316	67	0.0005902026362384435	0.0	0.0	0.0	1.0	0.0	-1.0	1.0	0.0	25.0
raw_rescue_ani0.92_xny900_br0.25_af0.9_raw_depth_abundance	hmp_airskin_gtdb_source_abundance,hmp_gastrooral_gtdb_source_abundance	0.8850712707698818	180.96946329090525	-0.035078691981263115	1109	316	67	0.0005902026362384435	0.0	140.4288682130004	-0.9608348231592523	1.0	0.0	-1.0	1.0	0.0	25.0
raw_rescue_ani0.92_xny900_br0.25_af0.9_zero_rescue_mass	hmp_airskin_gtdb_source_abundance,hmp_gastrooral_gtdb_source_abundance	0.8850712707698818	35.76275879445157	0.9316002425700405	1109	316	67	0.0005902026362384435	0.0	0.0	0.0	1.0	0.0	-1.0	1.0	0.0	25.0
raw_rescue_ani0.92_xny900_br0.2_af0.1_raw_depth_abundance	hmp_airskin_gtdb_source_abundance,hmp_gastrooral_gtdb_source_abundance	0.8850712707698818	180.96946329090525	-0.035078691981263115	1109	316	67	0.0005902026362384435	0.0	140.4288682130004	-0.9608348231592523	1.0	0.0	-1.0	1.0	0.0	25.0
raw_rescue_ani0.92_xny900_br0.2_af0.1_zero_rescue_mass	hmp_airskin_gtdb_source_abundance,hmp_gastrooral_gtdb_source_abundance	0.8850712707698818	35.76275879445157	0.9316002425700405	1109	316	67	0.0005902026362384435	0.0	0.0	0.0	1.0	0.0	-1.0	1.0	0.0	25.0
raw_rescue_ani0.92_xny900_br0.2_af0.3_raw_depth_abundance	hmp_airskin_gtdb_source_abundance,hmp_gastrooral_gtdb_source_abundance	0.8850712707698818	180.96946329090525	-0.035078691981263115	1109	316	67	0.0005902026362384435	0.0	140.4288682130004	-0.9608348231592523	1.0	0.0	-1.0	1.0	0.0	25.0
raw_rescue_ani0.92_xny900_br0.2_af0.3_zero_rescue_mass	hmp_airskin_gtdb_source_abundance,hmp_gastrooral_gtdb_source_abundance	0.8850712707698818	35.76275879445157	0.9316002425700405	1109	316	67	0.0005902026362384435	0.0	0.0	0.0	1.0	0.0	-1.0	1.0	0.0	25.0
raw_rescue_ani0.92_xny900_br0.2_af0.5_raw_depth_abundance	hmp_airskin_gtdb_source_abundance,hmp_gastrooral_gtdb_source_abundance	0.8850712707698818	180.96946329090525	-0.035078691981263115	1109	316	67	0.0005902026362384435	0.0	140.4288682130004	-0.9608348231592523	1.0	0.0	-1.0	1.0	0.0	25.0
raw_rescue_ani0.92_xny900_br0.2_af0.5_zero_rescue_mass	hmp_airskin_gtdb_source_abundance,hmp_gastrooral_gtdb_source_abundance	0.8850712707698818	35.76275879445157	0.9316002425700405	1109	316	67	0.0005902026362384435	0.0	0.0	0.0	1.0	0.0	-1.0	1.0	0.0	25.0
raw_rescue_ani0.92_xny900_br0.2_af0.7_raw_depth_abundance	hmp_airskin_gtdb_source_abundance,hmp_gastrooral_gtdb_source_abundance	0.8850712707698818	180.96946329090525	-0.035078691981263115	1109	316	67	0.0005902026362384435	0.0	140.4288682130004	-0.9608348231592523	1.0	0.0	-1.0	1.0	0.0	25.0
raw_rescue_ani0.92_xny900_br0.2_af0.7_zero_rescue_mass	hmp_airskin_gtdb_source_abundance,hmp_gastrooral_gtdb_source_abundance	0.8850712707698818	35.76275879445157	0.9316002425700405	1109	316	67	0.0005902026362384435	0.0	0.0	0.0	1.0	0.0	-1.0	1.0	0.0	25.0
raw_rescue_ani0.92_xny900_br0.2_af0.9_raw_depth_abundance	hmp_airskin_gtdb_source_abundance,hmp_gastrooral_gtdb_source_abundance	0.8850712707698818	180.96946329090525	-0.035078691981263115	1109	316	67	0.0005902026362384435	0.0	140.4288682130004	-0.9608348231592523	1.0	0.0	-1.0	1.0	0.0	25.0
raw_rescue_ani0.92_xny900_br0.2_af0.9_zero_rescue_mass	hmp_airskin_gtdb_source_abundance,hmp_gastrooral_gtdb_source_abundance	0.8850712707698818	35.76275879445157	0.9316002425700405	1109	316	67	0.0005902026362384435	0.0	0.0	0.0	1.0	0.0	-1.0	1.0	0.0	25.0
raw_rescue_ani0.92_xny900_br0.3_af0.1_raw_depth_abundance	hmp_airskin_gtdb_source_abundance,hmp_gastrooral_gtdb_source_abundance	0.8850712707698818	180.96946329090525	-0.035078691981263115	1109	316	67	0.0005902026362384435	0.0	140.4288682130004	-0.9608348231592523	1.0	0.0	-1.0	1.0	0.0	25.0
raw_rescue_ani0.92_xny900_br0.3_af0.1_zero_rescue_mass	hmp_airskin_gtdb_source_abundance,hmp_gastrooral_gtdb_source_abundance	0.8850712707698818	35.76275879445157	0.9316002425700405	1109	316	67	0.0005902026362384435	0.0	0.0	0.0	1.0	0.0	-1.0	1.0	0.0	25.0
raw_rescue_ani0.92_xny900_br0.3_af0.3_raw_depth_abundance	hmp_airskin_gtdb_source_abundance,hmp_gastrooral_gtdb_source_abundance	0.8850712707698818	180.96946329090525	-0.035078691981263115	1109	316	67	0.0005902026362384435	0.0	140.4288682130004	-0.9608348231592523	1.0	0.0	-1.0	1.0	0.0	25.0
raw_rescue_ani0.92_xny900_br0.3_af0.3_zero_rescue_mass	hmp_airskin_gtdb_source_abundance,hmp_gastrooral_gtdb_source_abundance	0.8850712707698818	35.76275879445157	0.9316002425700405	1109	316	67	0.0005902026362384435	0.0	0.0	0.0	1.0	0.0	-1.0	1.0	0.0	25.0
raw_rescue_ani0.92_xny900_br0.3_af0.5_raw_depth_abundance	hmp_airskin_gtdb_source_abundance,hmp_gastrooral_gtdb_source_abundance	0.8850712707698818	180.96946329090525	-0.035078691981263115	1109	316	67	0.0005902026362384435	0.0	140.4288682130004	-0.9608348231592523	1.0	0.0	-1.0	1.0	0.0	25.0
raw_rescue_ani0.92_xny900_br0.3_af0.5_zero_rescue_mass	hmp_airskin_gtdb_source_abundance,hmp_gastrooral_gtdb_source_abundance	0.8850712707698818	35.76275879445157	0.9316002425700405	1109	316	67	0.0005902026362384435	0.0	0.0	0.0	1.0	0.0	-1.0	1.0	0.0	25.0
raw_rescue_ani0.92_xny900_br0.3_af0.7_raw_depth_abundance	hmp_airskin_gtdb_source_abundance,hmp_gastrooral_gtdb_source_abundance	0.8850712707698818	180.96946329090525	-0.035078691981263115	1109	316	67	0.0005902026362384435	0.0	140.4288682130004	-0.9608348231592523	1.0	0.0	-1.0	1.0	0.0	25.0
raw_rescue_ani0.92_xny900_br0.3_af0.7_zero_rescue_mass	hmp_airskin_gtdb_source_abundance,hmp_gastrooral_gtdb_source_abundance	0.8850712707698818	35.76275879445157	0.9316002425700405	1109	316	67	0.0005902026362384435	0.0	0.0	0.0	1.0	0.0	-1.0	1.0	0.0	25.0
raw_rescue_ani0.92_xny900_br0.3_af0.9_raw_depth_abundance	hmp_airskin_gtdb_source_abundance,hmp_gastrooral_gtdb_source_abundance	0.8850712707698818	180.96946329090525	-0.035078691981263115	1109	316	67	0.0005902026362384435	0.0	140.4288682130004	-0.9608348231592523	1.0	0.0	-1.0	1.0	0.0	25.0
raw_rescue_ani0.92_xny900_br0.3_af0.9_zero_rescue_mass	hmp_airskin_gtdb_source_abundance,hmp_gastrooral_gtdb_source_abundance	0.8850712707698818	35.76275879445157	0.9316002425700405	1109	316	67	0.0005902026362384435	0.0	0.0	0.0	1.0	0.0	-1.0	1.0	0.0	25.0
raw_rescue_ani0.92_xny900_br0.5_af0.1_raw_depth_abundance	hmp_airskin_gtdb_source_abundance,hmp_gastrooral_gtdb_source_abundance	0.8850712707698818	180.96946329090525	-0.035078691981263115	1109	316	67	0.0005902026362384435	0.0	140.4288682130004	-0.9608348231592523	1.0	0.0	-1.0	1.0	0.0	25.0
raw_rescue_ani0.92_xny900_br0.5_af0.1_zero_rescue_mass	hmp_airskin_gtdb_source_abundance,hmp_gastrooral_gtdb_source_abundance	0.8850712707698818	35.76275879445157	0.9316002425700405	1109	316	67	0.0005902026362384435	0.0	0.0	0.0	1.0	0.0	-1.0	1.0	0.0	25.0
raw_rescue_ani0.92_xny900_br0.5_af0.3_raw_depth_abundance	hmp_airskin_gtdb_source_abundance,hmp_gastrooral_gtdb_source_abundance	0.8850712707698818	180.96946329090525	-0.035078691981263115	1109	316	67	0.0005902026362384435	0.0	140.4288682130004	-0.9608348231592523	1.0	0.0	-1.0	1.0	0.0	25.0
raw_rescue_ani0.92_xny900_br0.5_af0.3_zero_rescue_mass	hmp_airskin_gtdb_source_abundance,hmp_gastrooral_gtdb_source_abundance	0.8850712707698818	35.76275879445157	0.9316002425700405	1109	316	67	0.0005902026362384435	0.0	0.0	0.0	1.0	0.0	-1.0	1.0	0.0	25.0
raw_rescue_ani0.92_xny900_br0.5_af0.5_raw_depth_abundance	hmp_airskin_gtdb_source_abundance,hmp_gastrooral_gtdb_source_abundance	0.8850712707698818	180.96946329090525	-0.035078691981263115	1109	316	67	0.0005902026362384435	0.0	140.4288682130004	-0.9608348231592523	1.0	0.0	-1.0	1.0	0.0	25.0
raw_rescue_ani0.92_xny900_br0.5_af0.5_zero_rescue_mass	hmp_airskin_gtdb_source_abundance,hmp_gastrooral_gtdb_source_abundance	0.8850712707698818	35.76275879445157	0.9316002425700405	1109	316	67	0.0005902026362384435	0.0	0.0	0.0	1.0	0.0	-1.0	1.0	0.0	25.0
raw_rescue_ani0.92_xny900_br0.5_af0.7_raw_depth_abundance	hmp_airskin_gtdb_source_abundance,hmp_gastrooral_gtdb_source_abundance	0.8850712707698818	180.96946329090525	-0.035078691981263115	1109	316	67	0.0005902026362384435	0.0	140.4288682130004	-0.9608348231592523	1.0	0.0	-1.0	1.0	0.0	25.0
raw_rescue_ani0.92_xny900_br0.5_af0.7_zero_rescue_mass	hmp_airskin_gtdb_source_abundance,hmp_gastrooral_gtdb_source_abundance	0.8850712707698818	35.76275879445157	0.9316002425700405	1109	316	67	0.0005902026362384435	0.0	0.0	0.0	1.0	0.0	-1.0	1.0	0.0	25.0
raw_rescue_ani0.92_xny900_br0.5_af0.9_raw_depth_abundance	hmp_airskin_gtdb_source_abundance,hmp_gastrooral_gtdb_source_abundance	0.8850712707698818	180.96946329090525	-0.035078691981263115	1109	316	67	0.0005902026362384435	0.0	140.4288682130004	-0.9608348231592523	1.0	0.0	-1.0	1.0	0.0	25.0
raw_rescue_ani0.92_xny900_br0.5_af0.9_zero_rescue_mass	hmp_airskin_gtdb_source_abundance,hmp_gastrooral_gtdb_source_abundance	0.8850712707698818	35.76275879445157	0.9316002425700405	1109	316	67	0.0005902026362384435	0.0	0.0	0.0	1.0	0.0	-1.0	1.0	0.0	25.0
raw_rescue_ani0.93_xny100_br0.05_af0.1_raw_depth_abundance	hmp_airskin_gtdb_source_abundance,hmp_gastrooral_gtdb_source_abundance	0.8092873086734693	186.05284948985206	-0.06577243839657596	1131	449	45	-0.05081670387074961	-0.284438775510204	149.80543893881332	-0.9977692365601183	23.0	133.0	-23.0	3.0	23.0	0.0
raw_rescue_ani0.93_xny100_br0.05_af0.1_zero_rescue_mass	hmp_airskin_gtdb_source_abundance,hmp_gastrooral_gtdb_source_abundance	0.8092873086734693	35.76275879445157	0.9321570465621073	1131	449	45	-0.05081670387074961	-0.284438775510204	1.0248212535001446e-16	0.0009504190086314731	23.0	133.0	-23.0	3.0	23.0	0.0
raw_rescue_ani0.93_xny100_br0.05_af0.3_raw_depth_abundance	hmp_airskin_gtdb_source_abundance,hmp_gastrooral_gtdb_source_abundance	0.8366117596886827	185.84645262024264	-0.057361696797015915	1130	414	46	-0.03636080685441695	-0.19999999999999996	149.42705882015036	-0.9949216806540591	22.0	98.0	-22.0	3.0	23.0	0.0
raw_rescue_ani0.93_xny100_br0.05_af0.3_zero_rescue_mass	hmp_airskin_gtdb_source_abundance,hmp_gastrooral_gtdb_source_abundance	0.8366117596886827	35.76275879445157	0.9319447364189306	1130	414	46	-0.03636080685441695	-0.19999999999999996	1.0248212535001446e-16	0.0006388987762211674	22.0	98.0	-22.0	3.0	23.0	0.0
raw_rescue_ani0.93_xny100_br0.05_af0.5_raw_depth_abundance	hmp_airskin_gtdb_source_abundance,hmp_gastrooral_gtdb_source_abundance	0.8841574023377056	181.18336861346086	-0.033365285792737745	1129	336	47	0.0021334473605789236	-0.035612535612535634	140.82385702564795	-0.9595610481859077	21.0	20.0	-21.0	13.0	4.0	9.0
raw_rescue_ani0.93_xny100_br0.05_af0.5_zero_rescue_mass	hmp_airskin_gtdb_source_abundance,hmp_gastrooral_gtdb_source_abundance	0.8841574023377056	35.76275879445157	0.9316972341389045	1129	336	47	0.0021334473605789236	-0.035612535612535634	-6.832141690000964e-17	0.00011088698237152836	21.0	20.0	-21.0	13.0	4.0	9.0
raw_rescue_ani0.93_xny100_br0.05_af0.7_raw_depth_abundance	hmp_airskin_gtdb_source_abundance,hmp_gastrooral_gtdb_source_abundance	0.8902267944821136	180.96959052268437	-0.03486898665406321	1119	317	57	0.0061879228375822165	0.0	140.4291990334618	-0.9604476283051091	11.0	1.0	-11.0	9.0	0.0	17.0
raw_rescue_ani0.93_xny100_br0.05_af0.7_zero_rescue_mass	hmp_airskin_gtdb_source_abundance,hmp_gastrooral_gtdb_source_abundance	0.8902267944821136	35.76275879445157	0.931600391105674	1119	317	57	0.0061879228375822165	0.0	0.0	2.742196312415064e-07	11.0	1.0	-11.0	9.0	0.0	17.0
raw_rescue_ani0.93_xny100_br0.05_af0.9_raw_depth_abundance	hmp_airskin_gtdb_source_abundance,hmp_gastrooral_gtdb_source_abundance	0.8850712707698818	180.96946329090525	-0.035078691981263115	1109	316	67	0.0005902026362384435	0.0	140.4288682130004	-0.9608348231592523	1.0	0.0	-1.0	1.0	0.0	25.0
raw_rescue_ani0.93_xny100_br0.05_af0.9_zero_rescue_mass	hmp_airskin_gtdb_source_abundance,hmp_gastrooral_gtdb_source_abundance	0.8850712707698818	35.76275879445157	0.9316002425700405	1109	316	67	0.0005902026362384435	0.0	0.0	0.0	1.0	0.0	-1.0	1.0	0.0	25.0
raw_rescue_ani0.93_xny100_br0.15_af0.1_raw_depth_abundance	hmp_airskin_gtdb_source_abundance,hmp_gastrooral_gtdb_source_abundance	0.8519597235409719	183.72541575287818	-0.02905990362047376	1131	402	45	-0.031944330701525164	-0.19999999999999996	145.51686196919965	-0.9586695415175163	23.0	86.0	-23.0	3.0	23.0	0.0
raw_rescue_ani0.93_xny100_br0.15_af0.1_zero_rescue_mass	hmp_airskin_gtdb_source_abundance,hmp_gastrooral_gtdb_source_abundance	0.8519597235409719	35.76275879445157	0.9318861599320105	1131	402	45	-0.031944330701525164	-0.19999999999999996	3.75767792950053e-16	0.0005202694115846601	23.0	86.0	-23.0	3.0	23.0	0.0
raw_rescue_ani0.93_xny100_br0.15_af0.3_raw_depth_abundance	hmp_airskin_gtdb_source_abundance,hmp_gastrooral_gtdb_source_abundance	0.8520581076330932	183.3497284678609	-0.027643498289971695	1130	400	46	-0.030199411835918896	-0.19999999999999996	144.82328544301393	-0.9560546393688971	22.0	84.0	-22.0	3.0	23.0	0.0
raw_rescue_ani0.93_xny100_br0.15_af0.3_zero_rescue_mass	hmp_airskin_gtdb_source_abundance,hmp_gastrooral_gtdb_source_abundance	0.8520581076330932	35.76275879445157	0.9318624153163917	1130	400	46	-0.030199411835918896	-0.19999999999999996	5.124106267500722e-16	0.0004764331981345114	22.0	84.0	-22.0	3.0	23.0	0.0
raw_rescue_ani0.93_xny100_br0.15_af0.5_raw_depth_abundance	hmp_airskin_gtdb_source_abundance,hmp_gastrooral_gtdb_source_abundance	0.8841574023377056	181.18336861346086	-0.033365285792737745	1129	336	47	0.0021334473605789236	-0.035612535612535634	140.82385702564795	-0.9595610481859077	21.0	20.0	-21.0	13.0	4.0	9.0
raw_rescue_ani0.93_xny100_br0.15_af0.5_zero_rescue_mass	hmp_airskin_gtdb_source_abundance,hmp_gastrooral_gtdb_source_abundance	0.8841574023377056	35.76275879445157	0.9316972341389045	1129	336	47	0.0021334473605789236	-0.035612535612535634	-6.832141690000964e-17	0.00011088698237152836	21.0	20.0	-21.0	13.0	4.0	9.0
raw_rescue_ani0.93_xny100_br0.15_af0.7_raw_depth_abundance	hmp_airskin_gtdb_source_abundance,hmp_gastrooral_gtdb_source_abundance	0.8902267944821136	180.96959052268437	-0.03486898665406321	1119	317	57	0.0061879228375822165	0.0	140.4291990334618	-0.9604476283051091	11.0	1.0	-11.0	9.0	0.0	17.0
raw_rescue_ani0.93_xny100_br0.15_af0.7_zero_rescue_mass	hmp_airskin_gtdb_source_abundance,hmp_gastrooral_gtdb_source_abundance	0.8902267944821136	35.76275879445157	0.931600391105674	1119	317	57	0.0061879228375822165	0.0	0.0	2.742196312415064e-07	11.0	1.0	-11.0	9.0	0.0	17.0
raw_rescue_ani0.93_xny100_br0.15_af0.9_raw_depth_abundance	hmp_airskin_gtdb_source_abundance,hmp_gastrooral_gtdb_source_abundance	0.8850712707698818	180.96946329090525	-0.035078691981263115	1109	316	67	0.0005902026362384435	0.0	140.4288682130004	-0.9608348231592523	1.0	0.0	-1.0	1.0	0.0	25.0
raw_rescue_ani0.93_xny100_br0.15_af0.9_zero_rescue_mass	hmp_airskin_gtdb_source_abundance,hmp_gastrooral_gtdb_source_abundance	0.8850712707698818	35.76275879445157	0.9316002425700405	1109	316	67	0.0005902026362384435	0.0	0.0	0.0	1.0	0.0	-1.0	1.0	0.0	25.0
raw_rescue_ani0.93_xny100_br0.1_af0.1_raw_depth_abundance	hmp_airskin_gtdb_source_abundance,hmp_gastrooral_gtdb_source_abundance	0.8424865229110512	186.04941037250398	-0.053615443381412414	1131	419	45	-0.04041723543981978	-0.22638888888888886	149.80398154970496	-0.9951367081595883	23.0	103.0	-23.0	3.0	23.0	0.0
raw_rescue_ani0.93_xny100_br0.1_af0.1_zero_rescue_mass	hmp_airskin_gtdb_source_abundance,hmp_gastrooral_gtdb_source_abundance	0.8424865229110512	35.76275879445157	0.9320173202051043	1131	419	45	-0.04041723543981978	-0.22638888888888886	-1.708035422500241e-16	0.0007752350382908515	23.0	103.0	-23.0	3.0	23.0	0.0
raw_rescue_ani0.93_xny100_br0.1_af0.3_raw_depth_abundance	hmp_airskin_gtdb_source_abundance,hmp_gastrooral_gtdb_source_abundance	0.8488151658767771	185.8439323684371	-0.049279152704168445	1130	406	46	-0.033562423199673494	-0.19999999999999996	149.42663208275752	-0.9928374733134988	22.0	90.0	-22.0	3.0	23.0	0.0
raw_rescue_ani0.93_xny100_br0.1_af0.3_zero_rescue_mass	hmp_airskin_gtdb_source_abundance,hmp_gastrooral_gtdb_source_abundance	0.8488151658767771	35.76275879445157	0.93192592853357	1130	406	46	-0.033562423199673494	-0.19999999999999996	1.0248212535001446e-16	0.0005999768125152708	22.0	90.0	-22.0	3.0	23.0	0.0
raw_rescue_ani0.93_xny100_br0.1_af0.5_raw_depth_abundance	hmp_airskin_gtdb_source_abundance,hmp_gastrooral_gtdb_source_abundance	0.8841574023377056	181.18336861346086	-0.033365285792737745	1129	336	47	0.0021334473605789236	-0.035612535612535634	140.82385702564795	-0.9595610481859077	21.0	20.0	-21.0	13.0	4.0	9.0
raw_rescue_ani0.93_xny100_br0.1_af0.5_zero_rescue_mass	hmp_airskin_gtdb_source_abundance,hmp_gastrooral_gtdb_source_abundance	0.8841574023377056	35.76275879445157	0.9316972341389045	1129	336	47	0.0021334473605789236	-0.035612535612535634	-6.832141690000964e-17	0.00011088698237152836	21.0	20.0	-21.0	13.0	4.0	9.0
raw_rescue_ani0.93_xny100_br0.1_af0.7_raw_depth_abundance	hmp_airskin_gtdb_source_abundance,hmp_gastrooral_gtdb_source_abundance	0.8902267944821136	180.96959052268437	-0.03486898665406321	1119	317	57	0.0061879228375822165	0.0	140.4291990334618	-0.9604476283051091	11.0	1.0	-11.0	9.0	0.0	17.0
raw_rescue_ani0.93_xny100_br0.1_af0.7_zero_rescue_mass	hmp_airskin_gtdb_source_abundance,hmp_gastrooral_gtdb_source_abundance	0.8902267944821136	35.76275879445157	0.931600391105674	1119	317	57	0.0061879228375822165	0.0	0.0	2.742196312415064e-07	11.0	1.0	-11.0	9.0	0.0	17.0
raw_rescue_ani0.93_xny100_br0.1_af0.9_raw_depth_abundance	hmp_airskin_gtdb_source_abundance,hmp_gastrooral_gtdb_source_abundance	0.8850712707698818	180.96946329090525	-0.035078691981263115	1109	316	67	0.0005902026362384435	0.0	140.4288682130004	-0.9608348231592523	1.0	0.0	-1.0	1.0	0.0	25.0
raw_rescue_ani0.93_xny100_br0.1_af0.9_zero_rescue_mass	hmp_airskin_gtdb_source_abundance,hmp_gastrooral_gtdb_source_abundance	0.8850712707698818	35.76275879445157	0.9316002425700405	1109	316	67	0.0005902026362384435	0.0	0.0	0.0	1.0	0.0	-1.0	1.0	0.0	25.0
raw_rescue_ani0.93_xny100_br0.25_af0.1_raw_depth_abundance	hmp_airskin_gtdb_source_abundance,hmp_gastrooral_gtdb_source_abundance	0.8793886295325191	181.81211526504214	-0.03322555945447362	1123	341	53	-0.005237169684770982	-0.09090909090909094	141.98461506094057	-0.9602286603082509	15.0	25.0	-15.0	9.0	13.0	4.0
raw_rescue_ani0.93_xny100_br0.25_af0.1_zero_rescue_mass	hmp_airskin_gtdb_source_abundance,hmp_gastrooral_gtdb_source_abundance	0.8793886295325191	35.76275879445157	0.9317624860798432	1123	341	53	-0.005237169684770982	-0.09090909090909094	-5.465713352000771e-16	0.00012899764841886382	15.0	25.0	-15.0	9.0	13.0	4.0
raw_rescue_ani0.93_xny100_br0.25_af0.3_raw_depth_abundance	hmp_airskin_gtdb_source_abundance,hmp_gastrooral_gtdb_source_abundance	0.8793886295325191	181.81211526504214	-0.03322555945447362	1123	341	53	-0.005237169684770982	-0.09090909090909094	141.98461506094057	-0.9602286603082509	15.0	25.0	-15.0	9.0	13.0	4.0
raw_rescue_ani0.93_xny100_br0.25_af0.3_zero_rescue_mass	hmp_airskin_gtdb_source_abundance,hmp_gastrooral_gtdb_source_abundance	0.8793886295325191	35.76275879445157	0.9317624860798432	1123	341	53	-0.005237169684770982	-0.09090909090909094	-5.465713352000771e-16	0.00012899764841886382	15.0	25.0	-15.0	9.0	13.0	4.0
raw_rescue_ani0.93_xny100_br0.25_af0.5_raw_depth_abundance	hmp_airskin_gtdb_source_abundance,hmp_gastrooral_gtdb_source_abundance	0.8867930440231866	181.18337043144305	-0.034649959792442786	1122	326	54	0.0029086978305477916	-0.018142235123367212	140.82386041847525	-0.961024866668339	14.0	10.0	-14.0	10.0	4.0	12.0
raw_rescue_ani0.93_xny100_br0.25_af0.5_zero_rescue_mass	hmp_airskin_gtdb_source_abundance,hmp_gastrooral_gtdb_source_abundance	0.8867930440231866	35.76275879445157	0.9317157784356527	1122	326	54	0.0029086978305477916	-0.018142235123367212	2.7328566760003855e-16	0.00010404339071255444	14.0	10.0	-14.0	10.0	4.0	12.0
raw_rescue_ani0.93_xny100_br0.25_af0.7_raw_depth_abundance	hmp_airskin_gtdb_source_abundance,hmp_gastrooral_gtdb_source_abundance	0.8904011461318051	180.9695905226842	-0.034909772564946664	1119	316	57	0.006308287395956782	0.0	140.42919903346152	-0.9605229253713555	11.0	0.0	-11.0	9.0	0.0	17.0
raw_rescue_ani0.93_xny100_br0.25_af0.7_zero_rescue_mass	hmp_airskin_gtdb_source_abundance,hmp_gastrooral_gtdb_source_abundance	0.8904011461318051	35.76275879445157	0.9316002425700405	1119	316	57	0.006308287395956782	0.0	0.0	0.0	11.0	0.0	-11.0	9.0	0.0	17.0
raw_rescue_ani0.93_xny100_br0.25_af0.9_raw_depth_abundance	hmp_airskin_gtdb_source_abundance,hmp_gastrooral_gtdb_source_abundance	0.8850712707698818	180.96946329090525	-0.035078691981263115	1109	316	67	0.0005902026362384435	0.0	140.4288682130004	-0.9608348231592523	1.0	0.0	-1.0	1.0	0.0	25.0
raw_rescue_ani0.93_xny100_br0.25_af0.9_zero_rescue_mass	hmp_airskin_gtdb_source_abundance,hmp_gastrooral_gtdb_source_abundance	0.8850712707698818	35.76275879445157	0.9316002425700405	1109	316	67	0.0005902026362384435	0.0	0.0	0.0	1.0	0.0	-1.0	1.0	0.0	25.0
raw_rescue_ani0.93_xny100_br0.2_af0.1_raw_depth_abundance	hmp_airskin_gtdb_source_abundance,hmp_gastrooral_gtdb_source_abundance	0.87012203545936	183.637154646083	-0.032365024889305066	1130	391	46	-0.027245767106700382	-0.19999999999999996	145.35391850926317	-0.959512126592708	22.0	75.0	-22.0	3.0	23.0	0.0
raw_rescue_ani0.93_xny100_br0.2_af0.1_zero_rescue_mass	hmp_airskin_gtdb_source_abundance,hmp_gastrooral_gtdb_source_abundance	0.87012203545936	35.76275879445157	0.9318876552473114	1130	391	46	-0.027245767106700382	-0.19999999999999996	-3.416070845000482e-17	0.0003952430116494231	22.0	75.0	-22.0	3.0	23.0	0.0
raw_rescue_ani0.93_xny100_br0.2_af0.3_raw_depth_abundance	hmp_airskin_gtdb_source_abundance,hmp_gastrooral_gtdb_source_abundance	0.8704523039202131	183.24350512521153	-0.030914430688560986	1130	389	46	-0.02518497194245694	-0.19999999999999996	144.62718093226974	-0.9568341065297958	22.0	73.0	-22.0	3.0	23.0	0.0
raw_rescue_ani0.93_xny100_br0.2_af0.3_zero_rescue_mass	hmp_airskin_gtdb_source_abundance,hmp_gastrooral_gtdb_source_abundance	0.8704523039202131	35.76275879445157	0.9318541986115767	1130	389	46	-0.02518497194245694	-0.19999999999999996	-1.708035422500241e-16	0.00033347691490815274	22.0	73.0	-22.0	3.0	23.0	0.0
raw_rescue_ani0.93_xny100_br0.2_af0.5_raw_depth_abundance	hmp_airskin_gtdb_source_abundance,hmp_gastrooral_gtdb_source_abundance	0.8868723344644024	181.1833685918617	-0.03390176468916119	1129	335	47	0.002483097710229271	-0.035612535612535634	140.82385702232503	-0.9596435834007421	21.0	19.0	-21.0	13.0	4.0	9.0
raw_rescue_ani0.93_xny100_br0.2_af0.5_zero_rescue_mass	hmp_airskin_gtdb_source_abundance,hmp_gastrooral_gtdb_source_abundance	0.8868723344644024	35.76275879445157	0.9317215082213374	1129	335	47	0.002483097710229271	-0.035612535612535634	-6.832141690000964e-17	0.00011462145659197641	21.0	19.0	-21.0	13.0	4.0	9.0
raw_rescue_ani0.93_xny100_br0.2_af0.7_raw_depth_abundance	hmp_airskin_gtdb_source_abundance,hmp_gastrooral_gtdb_source_abundance	0.8902267944821136	180.96959052268437	-0.03486898665406321	1119	317	57	0.0061879228375822165	0.0	140.4291990334618	-0.9604476283051091	11.0	1.0	-11.0	9.0	0.0	17.0
raw_rescue_ani0.93_xny100_br0.2_af0.7_zero_rescue_mass	hmp_airskin_gtdb_source_abundance,hmp_gastrooral_gtdb_source_abundance	0.8902267944821136	35.76275879445157	0.931600391105674	1119	317	57	0.0061879228375822165	0.0	0.0	2.742196312415064e-07	11.0	1.0	-11.0	9.0	0.0	17.0
raw_rescue_ani0.93_xny100_br0.2_af0.9_raw_depth_abundance	hmp_airskin_gtdb_source_abundance,hmp_gastrooral_gtdb_source_abundance	0.8850712707698818	180.96946329090525	-0.035078691981263115	1109	316	67	0.0005902026362384435	0.0	140.4288682130004	-0.9608348231592523	1.0	0.0	-1.0	1.0	0.0	25.0
raw_rescue_ani0.93_xny100_br0.2_af0.9_zero_rescue_mass	hmp_airskin_gtdb_source_abundance,hmp_gastrooral_gtdb_source_abundance	0.8850712707698818	35.76275879445157	0.9316002425700405	1109	316	67	0.0005902026362384435	0.0	0.0	0.0	1.0	0.0	-1.0	1.0	0.0	25.0
raw_rescue_ani0.93_xny100_br0.3_af0.1_raw_depth_abundance	hmp_airskin_gtdb_source_abundance,hmp_gastrooral_gtdb_source_abundance	0.8858428805237315	181.21550775186012	-0.03507149895526184	1115	322	61	0.0009475710090749178	-0.0045033112582780754	140.88319085616828	-0.9618030928150818	7.0	6.0	-7.0	6.0	2.0	18.0
raw_rescue_ani0.93_xny100_br0.3_af0.1_zero_rescue_mass	hmp_airskin_gtdb_source_abundance,hmp_gastrooral_gtdb_source_abundance	0.8858428805237315	35.76275879445157	0.9317149614776257	1115	322	61	0.0009475710090749178	-0.0045033112582780754	2.7328566760003855e-16	0.00010253516050869796	7.0	6.0	-7.0	6.0	2.0	18.0
raw_rescue_ani0.93_xny100_br0.3_af0.3_raw_depth_abundance	hmp_airskin_gtdb_source_abundance,hmp_gastrooral_gtdb_source_abundance	0.8858428805237315	181.21550775186012	-0.03507149895526184	1115	322	61	0.0009475710090749178	-0.0045033112582780754	140.88319085616828	-0.9618030928150818	7.0	6.0	-7.0	6.0	2.0	18.0
raw_rescue_ani0.93_xny100_br0.3_af0.3_zero_rescue_mass	hmp_airskin_gtdb_source_abundance,hmp_gastrooral_gtdb_source_abundance	0.8858428805237315	35.76275879445157	0.9317149614776257	1115	322	61	0.0009475710090749178	-0.0045033112582780754	2.7328566760003855e-16	0.00010253516050869796	7.0	6.0	-7.0	6.0	2.0	18.0
raw_rescue_ani0.93_xny100_br0.3_af0.5_raw_depth_abundance	hmp_airskin_gtdb_source_abundance,hmp_gastrooral_gtdb_source_abundance	0.8858428805237315	181.21550775186012	-0.03507149895526184	1115	322	61	0.0009475710090749178	-0.0045033112582780754	140.88319085616828	-0.9618030928150818	7.0	6.0	-7.0	6.0	2.0	18.0
raw_rescue_ani0.93_xny100_br0.3_af0.5_zero_rescue_mass	hmp_airskin_gtdb_source_abundance,hmp_gastrooral_gtdb_source_abundance	0.8858428805237315	35.76275879445157	0.9317149614776257	1115	322	61	0.0009475710090749178	-0.0045033112582780754	2.7328566760003855e-16	0.00010253516050869796	7.0	6.0	-7.0	6.0	2.0	18.0
raw_rescue_ani0.93_xny100_br0.3_af0.7_raw_depth_abundance	hmp_airskin_gtdb_source_abundance,hmp_gastrooral_gtdb_source_abundance	0.8892241884448611	181.0017219222056	-0.034929923684303	1114	316	62	0.0033591364666979598	0.0	140.48851854027032	-0.9605601274378593	6.0	0.0	-6.0	5.0	0.0	21.0
raw_rescue_ani0.93_xny100_br0.3_af0.7_zero_rescue_mass	hmp_airskin_gtdb_source_abundance,hmp_gastrooral_gtdb_source_abundance	0.8892241884448611	35.76275879445157	0.9316002425700405	1114	316	62	0.0033591364666979598	0.0	0.0	0.0	6.0	0.0	-6.0	5.0	0.0	21.0
raw_rescue_ani0.93_xny100_br0.3_af0.9_raw_depth_abundance	hmp_airskin_gtdb_source_abundance,hmp_gastrooral_gtdb_source_abundance	0.8850712707698818	180.96946329090525	-0.035078691981263115	1109	316	67	0.0005902026362384435	0.0	140.4288682130004	-0.9608348231592523	1.0	0.0	-1.0	1.0	0.0	25.0
raw_rescue_ani0.93_xny100_br0.3_af0.9_zero_rescue_mass	hmp_airskin_gtdb_source_abundance,hmp_gastrooral_gtdb_source_abundance	0.8850712707698818	35.76275879445157	0.9316002425700405	1109	316	67	0.0005902026362384435	0.0	0.0	0.0	1.0	0.0	-1.0	1.0	0.0	25.0
raw_rescue_ani0.93_xny100_br0.5_af0.1_raw_depth_abundance	hmp_airskin_gtdb_source_abundance,hmp_gastrooral_gtdb_source_abundance	0.8882791407442188	180.96940660439162	-0.03507871949267515	1110	316	66	0.0010183459215245849	0.0	140.42885949199834	-0.9608348273917772	2.0	0.0	-2.0	2.0	0.0	24.0
raw_rescue_ani0.93_xny100_br0.5_af0.1_zero_rescue_mass	hmp_airskin_gtdb_source_abundance,hmp_gastrooral_gtdb_source_abundance	0.8882791407442188	35.76275879445157	0.9316002425700405	1110	316	66	0.0010183459215245849	0.0	0.0	0.0	2.0	0.0	-2.0	2.0	0.0	24.0
raw_rescue_ani0.93_xny100_br0.5_af0.3_raw_depth_abundance	hmp_airskin_gtdb_source_abundance,hmp_gastrooral_gtdb_source_abundance	0.8882791407442188	180.96940660439162	-0.03507871949267515	1110	316	66	0.0010183459215245849	0.0	140.42885949199834	-0.9608348273917772	2.0	0.0	-2.0	2.0	0.0	24.0
raw_rescue_ani0.93_xny100_br0.5_af0.3_zero_rescue_mass	hmp_airskin_gtdb_source_abundance,hmp_gastrooral_gtdb_source_abundance	0.8882791407442188	35.76275879445157	0.9316002425700405	1110	316	66	0.0010183459215245849	0.0	0.0	0.0	2.0	0.0	-2.0	2.0	0.0	24.0
raw_rescue_ani0.93_xny100_br0.5_af0.5_raw_depth_abundance	hmp_airskin_gtdb_source_abundance,hmp_gastrooral_gtdb_source_abundance	0.8882791407442188	180.96940660439162	-0.03507871949267515	1110	316	66	0.0010183459215245849	0.0	140.42885949199834	-0.9608348273917772	2.0	0.0	-2.0	2.0	0.0	24.0
raw_rescue_ani0.93_xny100_br0.5_af0.5_zero_rescue_mass	hmp_airskin_gtdb_source_abundance,hmp_gastrooral_gtdb_source_abundance	0.8882791407442188	35.76275879445157	0.9316002425700405	1110	316	66	0.0010183459215245849	0.0	0.0	0.0	2.0	0.0	-2.0	2.0	0.0	24.0
raw_rescue_ani0.93_xny100_br0.5_af0.7_raw_depth_abundance	hmp_airskin_gtdb_source_abundance,hmp_gastrooral_gtdb_source_abundance	0.8882791407442188	180.96940660439162	-0.03507871949267515	1110	316	66	0.0010183459215245849	0.0	140.42885949199834	-0.9608348273917772	2.0	0.0	-2.0	2.0	0.0	24.0
raw_rescue_ani0.93_xny100_br0.5_af0.7_zero_rescue_mass	hmp_airskin_gtdb_source_abundance,hmp_gastrooral_gtdb_source_abundance	0.8882791407442188	35.76275879445157	0.9316002425700405	1110	316	66	0.0010183459215245849	0.0	0.0	0.0	2.0	0.0	-2.0	2.0	0.0	24.0
raw_rescue_ani0.93_xny100_br0.5_af0.9_raw_depth_abundance	hmp_airskin_gtdb_source_abundance,hmp_gastrooral_gtdb_source_abundance	0.8850712707698818	180.96946329090525	-0.035078691981263115	1109	316	67	0.0005902026362384435	0.0	140.4288682130004	-0.9608348231592523	1.0	0.0	-1.0	1.0	0.0	25.0
raw_rescue_ani0.93_xny100_br0.5_af0.9_zero_rescue_mass	hmp_airskin_gtdb_source_abundance,hmp_gastrooral_gtdb_source_abundance	0.8850712707698818	35.76275879445157	0.9316002425700405	1109	316	67	0.0005902026362384435	0.0	0.0	0.0	1.0	0.0	-1.0	1.0	0.0	25.0
raw_rescue_ani0.93_xny300_br0.05_af0.1_raw_depth_abundance	hmp_airskin_gtdb_source_abundance,hmp_gastrooral_gtdb_source_abundance	0.8366117596886827	185.84645262024264	-0.057361696797015915	1130	414	46	-0.03636080685441695	-0.19999999999999996	149.42705882015036	-0.9949216806540591	22.0	98.0	-22.0	3.0	23.0	0.0
raw_rescue_ani0.93_xny300_br0.05_af0.1_zero_rescue_mass	hmp_airskin_gtdb_source_abundance,hmp_gastrooral_gtdb_source_abundance	0.8366117596886827	35.76275879445157	0.9319447364189306	1130	414	46	-0.03636080685441695	-0.19999999999999996	1.0248212535001446e-16	0.0006388987762211674	22.0	98.0	-22.0	3.0	23.0	0.0
raw_rescue_ani0.93_xny300_br0.05_af0.3_raw_depth_abundance	hmp_airskin_gtdb_source_abundance,hmp_gastrooral_gtdb_source_abundance	0.8366117596886827	185.84645262024264	-0.057361696797015915	1130	414	46	-0.03636080685441695	-0.19999999999999996	149.42705882015036	-0.9949216806540591	22.0	98.0	-22.0	3.0	23.0	0.0
raw_rescue_ani0.93_xny300_br0.05_af0.3_zero_rescue_mass	hmp_airskin_gtdb_source_abundance,hmp_gastrooral_gtdb_source_abundance	0.8366117596886827	35.76275879445157	0.9319447364189306	1130	414	46	-0.03636080685441695	-0.19999999999999996	1.0248212535001446e-16	0.0006388987762211674	22.0	98.0	-22.0	3.0	23.0	0.0
raw_rescue_ani0.93_xny300_br0.05_af0.5_raw_depth_abundance	hmp_airskin_gtdb_source_abundance,hmp_gastrooral_gtdb_source_abundance	0.8841574023377056	181.18336861346086	-0.033365285792737745	1129	336	47	0.0021334473605789236	-0.035612535612535634	140.82385702564795	-0.9595610481859077	21.0	20.0	-21.0	13.0	4.0	9.0
raw_rescue_ani0.93_xny300_br0.05_af0.5_zero_rescue_mass	hmp_airskin_gtdb_source_abundance,hmp_gastrooral_gtdb_source_abundance	0.8841574023377056	35.76275879445157	0.9316972341389045	1129	336	47	0.0021334473605789236	-0.035612535612535634	-6.832141690000964e-17	0.00011088698237152836	21.0	20.0	-21.0	13.0	4.0	9.0
raw_rescue_ani0.93_xny300_br0.05_af0.7_raw_depth_abundance	hmp_airskin_gtdb_source_abundance,hmp_gastrooral_gtdb_source_abundance	0.8902267944821136	180.96959052268437	-0.03486898665406321	1119	317	57	0.0061879228375822165	0.0	140.4291990334618	-0.9604476283051091	11.0	1.0	-11.0	9.0	0.0	17.0
raw_rescue_ani0.93_xny300_br0.05_af0.7_zero_rescue_mass	hmp_airskin_gtdb_source_abundance,hmp_gastrooral_gtdb_source_abundance	0.8902267944821136	35.76275879445157	0.931600391105674	1119	317	57	0.0061879228375822165	0.0	0.0	2.742196312415064e-07	11.0	1.0	-11.0	9.0	0.0	17.0
raw_rescue_ani0.93_xny300_br0.05_af0.9_raw_depth_abundance	hmp_airskin_gtdb_source_abundance,hmp_gastrooral_gtdb_source_abundance	0.8850712707698818	180.96946329090525	-0.035078691981263115	1109	316	67	0.0005902026362384435	0.0	140.4288682130004	-0.9608348231592523	1.0	0.0	-1.0	1.0	0.0	25.0
raw_rescue_ani0.93_xny300_br0.05_af0.9_zero_rescue_mass	hmp_airskin_gtdb_source_abundance,hmp_gastrooral_gtdb_source_abundance	0.8850712707698818	35.76275879445157	0.9316002425700405	1109	316	67	0.0005902026362384435	0.0	0.0	0.0	1.0	0.0	-1.0	1.0	0.0	25.0
raw_rescue_ani0.93_xny300_br0.15_af0.1_raw_depth_abundance	hmp_airskin_gtdb_source_abundance,hmp_gastrooral_gtdb_source_abundance	0.8520581076330932	183.3497284678609	-0.027643498289971695	1130	400	46	-0.030199411835918896	-0.19999999999999996	144.82328544301393	-0.9560546393688971	22.0	84.0	-22.0	3.0	23.0	0.0
raw_rescue_ani0.93_xny300_br0.15_af0.1_zero_rescue_mass	hmp_airskin_gtdb_source_abundance,hmp_gastrooral_gtdb_source_abundance	0.8520581076330932	35.76275879445157	0.9318624153163917	1130	400	46	-0.030199411835918896	-0.19999999999999996	5.124106267500722e-16	0.0004764331981345114	22.0	84.0	-22.0	3.0	23.0	0.0
raw_rescue_ani0.93_xny300_br0.15_af0.3_raw_depth_abundance	hmp_airskin_gtdb_source_abundance,hmp_gastrooral_gtdb_source_abundance	0.8520581076330932	183.3497284678609	-0.027643498289971695	1130	400	46	-0.030199411835918896	-0.19999999999999996	144.82328544301393	-0.9560546393688971	22.0	84.0	-22.0	3.0	23.0	0.0
raw_rescue_ani0.93_xny300_br0.15_af0.3_zero_rescue_mass	hmp_airskin_gtdb_source_abundance,hmp_gastrooral_gtdb_source_abundance	0.8520581076330932	35.76275879445157	0.9318624153163917	1130	400	46	-0.030199411835918896	-0.19999999999999996	5.124106267500722e-16	0.0004764331981345114	22.0	84.0	-22.0	3.0	23.0	0.0
raw_rescue_ani0.93_xny300_br0.15_af0.5_raw_depth_abundance	hmp_airskin_gtdb_source_abundance,hmp_gastrooral_gtdb_source_abundance	0.8841574023377056	181.18336861346086	-0.033365285792737745	1129	336	47	0.0021334473605789236	-0.035612535612535634	140.82385702564795	-0.9595610481859077	21.0	20.0	-21.0	13.0	4.0	9.0
raw_rescue_ani0.93_xny300_br0.15_af0.5_zero_rescue_mass	hmp_airskin_gtdb_source_abundance,hmp_gastrooral_gtdb_source_abundance	0.8841574023377056	35.76275879445157	0.9316972341389045	1129	336	47	0.0021334473605789236	-0.035612535612535634	-6.832141690000964e-17	0.00011088698237152836	21.0	20.0	-21.0	13.0	4.0	9.0
raw_rescue_ani0.93_xny300_br0.15_af0.7_raw_depth_abundance	hmp_airskin_gtdb_source_abundance,hmp_gastrooral_gtdb_source_abundance	0.8902267944821136	180.96959052268437	-0.03486898665406321	1119	317	57	0.0061879228375822165	0.0	140.4291990334618	-0.9604476283051091	11.0	1.0	-11.0	9.0	0.0	17.0
raw_rescue_ani0.93_xny300_br0.15_af0.7_zero_rescue_mass	hmp_airskin_gtdb_source_abundance,hmp_gastrooral_gtdb_source_abundance	0.8902267944821136	35.76275879445157	0.931600391105674	1119	317	57	0.0061879228375822165	0.0	0.0	2.742196312415064e-07	11.0	1.0	-11.0	9.0	0.0	17.0
raw_rescue_ani0.93_xny300_br0.15_af0.9_raw_depth_abundance	hmp_airskin_gtdb_source_abundance,hmp_gastrooral_gtdb_source_abundance	0.8850712707698818	180.96946329090525	-0.035078691981263115	1109	316	67	0.0005902026362384435	0.0	140.4288682130004	-0.9608348231592523	1.0	0.0	-1.0	1.0	0.0	25.0
raw_rescue_ani0.93_xny300_br0.15_af0.9_zero_rescue_mass	hmp_airskin_gtdb_source_abundance,hmp_gastrooral_gtdb_source_abundance	0.8850712707698818	35.76275879445157	0.9316002425700405	1109	316	67	0.0005902026362384435	0.0	0.0	0.0	1.0	0.0	-1.0	1.0	0.0	25.0
raw_rescue_ani0.93_xny300_br0.1_af0.1_raw_depth_abundance	hmp_airskin_gtdb_source_abundance,hmp_gastrooral_gtdb_source_abundance	0.8488151658767771	185.8439323684371	-0.049279152704168445	1130	406	46	-0.033562423199673494	-0.19999999999999996	149.42663208275752	-0.9928374733134988	22.0	90.0	-22.0	3.0	23.0	0.0
raw_rescue_ani0.93_xny300_br0.1_af0.1_zero_rescue_mass	hmp_airskin_gtdb_source_abundance,hmp_gastrooral_gtdb_source_abundance	0.8488151658767771	35.76275879445157	0.93192592853357	1130	406	46	-0.033562423199673494	-0.19999999999999996	1.0248212535001446e-16	0.0005999768125152708	22.0	90.0	-22.0	3.0	23.0	0.0
raw_rescue_ani0.93_xny300_br0.1_af0.3_raw_depth_abundance	hmp_airskin_gtdb_source_abundance,hmp_gastrooral_gtdb_source_abundance	0.8488151658767771	185.8439323684371	-0.049279152704168445	1130	406	46	-0.033562423199673494	-0.19999999999999996	149.42663208275752	-0.9928374733134988	22.0	90.0	-22.0	3.0	23.0	0.0
raw_rescue_ani0.93_xny300_br0.1_af0.3_zero_rescue_mass	hmp_airskin_gtdb_source_abundance,hmp_gastrooral_gtdb_source_abundance	0.8488151658767771	35.76275879445157	0.93192592853357	1130	406	46	-0.033562423199673494	-0.19999999999999996	1.0248212535001446e-16	0.0005999768125152708	22.0	90.0	-22.0	3.0	23.0	0.0
raw_rescue_ani0.93_xny300_br0.1_af0.5_raw_depth_abundance	hmp_airskin_gtdb_source_abundance,hmp_gastrooral_gtdb_source_abundance	0.8841574023377056	181.18336861346086	-0.033365285792737745	1129	336	47	0.0021334473605789236	-0.035612535612535634	140.82385702564795	-0.9595610481859077	21.0	20.0	-21.0	13.0	4.0	9.0
raw_rescue_ani0.93_xny300_br0.1_af0.5_zero_rescue_mass	hmp_airskin_gtdb_source_abundance,hmp_gastrooral_gtdb_source_abundance	0.8841574023377056	35.76275879445157	0.9316972341389045	1129	336	47	0.0021334473605789236	-0.035612535612535634	-6.832141690000964e-17	0.00011088698237152836	21.0	20.0	-21.0	13.0	4.0	9.0
raw_rescue_ani0.93_xny300_br0.1_af0.7_raw_depth_abundance	hmp_airskin_gtdb_source_abundance,hmp_gastrooral_gtdb_source_abundance	0.8902267944821136	180.96959052268437	-0.03486898665406321	1119	317	57	0.0061879228375822165	0.0	140.4291990334618	-0.9604476283051091	11.0	1.0	-11.0	9.0	0.0	17.0
raw_rescue_ani0.93_xny300_br0.1_af0.7_zero_rescue_mass	hmp_airskin_gtdb_source_abundance,hmp_gastrooral_gtdb_source_abundance	0.8902267944821136	35.76275879445157	0.931600391105674	1119	317	57	0.0061879228375822165	0.0	0.0	2.742196312415064e-07	11.0	1.0	-11.0	9.0	0.0	17.0
raw_rescue_ani0.93_xny300_br0.1_af0.9_raw_depth_abundance	hmp_airskin_gtdb_source_abundance,hmp_gastrooral_gtdb_source_abundance	0.8850712707698818	180.96946329090525	-0.035078691981263115	1109	316	67	0.0005902026362384435	0.0	140.4288682130004	-0.9608348231592523	1.0	0.0	-1.0	1.0	0.0	25.0
raw_rescue_ani0.93_xny300_br0.1_af0.9_zero_rescue_mass	hmp_airskin_gtdb_source_abundance,hmp_gastrooral_gtdb_source_abundance	0.8850712707698818	35.76275879445157	0.9316002425700405	1109	316	67	0.0005902026362384435	0.0	0.0	0.0	1.0	0.0	-1.0	1.0	0.0	25.0
raw_rescue_ani0.93_xny300_br0.25_af0.1_raw_depth_abundance	hmp_airskin_gtdb_source_abundance,hmp_gastrooral_gtdb_source_abundance	0.8793886295325191	181.81211526504214	-0.03322555945447362	1123	341	53	-0.005237169684770982	-0.09090909090909094	141.98461506094057	-0.9602286603082509	15.0	25.0	-15.0	9.0	13.0	4.0
raw_rescue_ani0.93_xny300_br0.25_af0.1_zero_rescue_mass	hmp_airskin_gtdb_source_abundance,hmp_gastrooral_gtdb_source_abundance	0.8793886295325191	35.76275879445157	0.9317624860798432	1123	341	53	-0.005237169684770982	-0.09090909090909094	-5.465713352000771e-16	0.00012899764841886382	15.0	25.0	-15.0	9.0	13.0	4.0
raw_rescue_ani0.93_xny300_br0.25_af0.3_raw_depth_abundance	hmp_airskin_gtdb_source_abundance,hmp_gastrooral_gtdb_source_abundance	0.8793886295325191	181.81211526504214	-0.03322555945447362	1123	341	53	-0.005237169684770982	-0.09090909090909094	141.98461506094057	-0.9602286603082509	15.0	25.0	-15.0	9.0	13.0	4.0
raw_rescue_ani0.93_xny300_br0.25_af0.3_zero_rescue_mass	hmp_airskin_gtdb_source_abundance,hmp_gastrooral_gtdb_source_abundance	0.8793886295325191	35.76275879445157	0.9317624860798432	1123	341	53	-0.005237169684770982	-0.09090909090909094	-5.465713352000771e-16	0.00012899764841886382	15.0	25.0	-15.0	9.0	13.0	4.0
raw_rescue_ani0.93_xny300_br0.25_af0.5_raw_depth_abundance	hmp_airskin_gtdb_source_abundance,hmp_gastrooral_gtdb_source_abundance	0.8867930440231866	181.18337043144305	-0.034649959792442786	1122	326	54	0.0029086978305477916	-0.018142235123367212	140.82386041847525	-0.961024866668339	14.0	10.0	-14.0	10.0	4.0	12.0
raw_rescue_ani0.93_xny300_br0.25_af0.5_zero_rescue_mass	hmp_airskin_gtdb_source_abundance,hmp_gastrooral_gtdb_source_abundance	0.8867930440231866	35.76275879445157	0.9317157784356527	1122	326	54	0.0029086978305477916	-0.018142235123367212	2.7328566760003855e-16	0.00010404339071255444	14.0	10.0	-14.0	10.0	4.0	12.0
raw_rescue_ani0.93_xny300_br0.25_af0.7_raw_depth_abundance	hmp_airskin_gtdb_source_abundance,hmp_gastrooral_gtdb_source_abundance	0.8904011461318051	180.9695905226842	-0.034909772564946664	1119	316	57	0.006308287395956782	0.0	140.42919903346152	-0.9605229253713555	11.0	0.0	-11.0	9.0	0.0	17.0
raw_rescue_ani0.93_xny300_br0.25_af0.7_zero_rescue_mass	hmp_airskin_gtdb_source_abundance,hmp_gastrooral_gtdb_source_abundance	0.8904011461318051	35.76275879445157	0.9316002425700405	1119	316	57	0.006308287395956782	0.0	0.0	0.0	11.0	0.0	-11.0	9.0	0.0	17.0
raw_rescue_ani0.93_xny300_br0.25_af0.9_raw_depth_abundance	hmp_airskin_gtdb_source_abundance,hmp_gastrooral_gtdb_source_abundance	0.8850712707698818	180.96946329090525	-0.035078691981263115	1109	316	67	0.0005902026362384435	0.0	140.4288682130004	-0.9608348231592523	1.0	0.0	-1.0	1.0	0.0	25.0
raw_rescue_ani0.93_xny300_br0.25_af0.9_zero_rescue_mass	hmp_airskin_gtdb_source_abundance,hmp_gastrooral_gtdb_source_abundance	0.8850712707698818	35.76275879445157	0.9316002425700405	1109	316	67	0.0005902026362384435	0.0	0.0	0.0	1.0	0.0	-1.0	1.0	0.0	25.0
raw_rescue_ani0.93_xny300_br0.2_af0.1_raw_depth_abundance	hmp_airskin_gtdb_source_abundance,hmp_gastrooral_gtdb_source_abundance	0.8704523039202131	183.24350512521153	-0.030914430688560986	1130	389	46	-0.02518497194245694	-0.19999999999999996	144.62718093226974	-0.9568341065297958	22.0	73.0	-22.0	3.0	23.0	0.0
raw_rescue_ani0.93_xny300_br0.2_af0.1_zero_rescue_mass	hmp_airskin_gtdb_source_abundance,hmp_gastrooral_gtdb_source_abundance	0.8704523039202131	35.76275879445157	0.9318541986115767	1130	389	46	-0.02518497194245694	-0.19999999999999996	-1.708035422500241e-16	0.00033347691490815274	22.0	73.0	-22.0	3.0	23.0	0.0
raw_rescue_ani0.93_xny300_br0.2_af0.3_raw_depth_abundance	hmp_airskin_gtdb_source_abundance,hmp_gastrooral_gtdb_source_abundance	0.8704523039202131	183.24350512521153	-0.030914430688560986	1130	389	46	-0.02518497194245694	-0.19999999999999996	144.62718093226974	-0.9568341065297958	22.0	73.0	-22.0	3.0	23.0	0.0
raw_rescue_ani0.93_xny300_br0.2_af0.3_zero_rescue_mass	hmp_airskin_gtdb_source_abundance,hmp_gastrooral_gtdb_source_abundance	0.8704523039202131	35.76275879445157	0.9318541986115767	1130	389	46	-0.02518497194245694	-0.19999999999999996	-1.708035422500241e-16	0.00033347691490815274	22.0	73.0	-22.0	3.0	23.0	0.0
raw_rescue_ani0.93_xny300_br0.2_af0.5_raw_depth_abundance	hmp_airskin_gtdb_source_abundance,hmp_gastrooral_gtdb_source_abundance	0.8868723344644024	181.1833685918617	-0.03390176468916119	1129	335	47	0.002483097710229271	-0.035612535612535634	140.82385702232503	-0.9596435834007421	21.0	19.0	-21.0	13.0	4.0	9.0
raw_rescue_ani0.93_xny300_br0.2_af0.5_zero_rescue_mass	hmp_airskin_gtdb_source_abundance,hmp_gastrooral_gtdb_source_abundance	0.8868723344644024	35.76275879445157	0.9317215082213374	1129	335	47	0.002483097710229271	-0.035612535612535634	-6.832141690000964e-17	0.00011462145659197641	21.0	19.0	-21.0	13.0	4.0	9.0
raw_rescue_ani0.93_xny300_br0.2_af0.7_raw_depth_abundance	hmp_airskin_gtdb_source_abundance,hmp_gastrooral_gtdb_source_abundance	0.8902267944821136	180.96959052268437	-0.03486898665406321	1119	317	57	0.0061879228375822165	0.0	140.4291990334618	-0.9604476283051091	11.0	1.0	-11.0	9.0	0.0	17.0
raw_rescue_ani0.93_xny300_br0.2_af0.7_zero_rescue_mass	hmp_airskin_gtdb_source_abundance,hmp_gastrooral_gtdb_source_abundance	0.8902267944821136	35.76275879445157	0.931600391105674	1119	317	57	0.0061879228375822165	0.0	0.0	2.742196312415064e-07	11.0	1.0	-11.0	9.0	0.0	17.0
raw_rescue_ani0.93_xny300_br0.2_af0.9_raw_depth_abundance	hmp_airskin_gtdb_source_abundance,hmp_gastrooral_gtdb_source_abundance	0.8850712707698818	180.96946329090525	-0.035078691981263115	1109	316	67	0.0005902026362384435	0.0	140.4288682130004	-0.9608348231592523	1.0	0.0	-1.0	1.0	0.0	25.0
raw_rescue_ani0.93_xny300_br0.2_af0.9_zero_rescue_mass	hmp_airskin_gtdb_source_abundance,hmp_gastrooral_gtdb_source_abundance	0.8850712707698818	35.76275879445157	0.9316002425700405	1109	316	67	0.0005902026362384435	0.0	0.0	0.0	1.0	0.0	-1.0	1.0	0.0	25.0
raw_rescue_ani0.93_xny300_br0.3_af0.1_raw_depth_abundance	hmp_airskin_gtdb_source_abundance,hmp_gastrooral_gtdb_source_abundance	0.8858428805237315	181.21550775186012	-0.03507149895526184	1115	322	61	0.0009475710090749178	-0.0045033112582780754	140.88319085616828	-0.9618030928150818	7.0	6.0	-7.0	6.0	2.0	18.0
raw_rescue_ani0.93_xny300_br0.3_af0.1_zero_rescue_mass	hmp_airskin_gtdb_source_abundance,hmp_gastrooral_gtdb_source_abundance	0.8858428805237315	35.76275879445157	0.9317149614776257	1115	322	61	0.0009475710090749178	-0.0045033112582780754	2.7328566760003855e-16	0.00010253516050869796	7.0	6.0	-7.0	6.0	2.0	18.0
raw_rescue_ani0.93_xny300_br0.3_af0.3_raw_depth_abundance	hmp_airskin_gtdb_source_abundance,hmp_gastrooral_gtdb_source_abundance	0.8858428805237315	181.21550775186012	-0.03507149895526184	1115	322	61	0.0009475710090749178	-0.0045033112582780754	140.88319085616828	-0.9618030928150818	7.0	6.0	-7.0	6.0	2.0	18.0
raw_rescue_ani0.93_xny300_br0.3_af0.3_zero_rescue_mass	hmp_airskin_gtdb_source_abundance,hmp_gastrooral_gtdb_source_abundance	0.8858428805237315	35.76275879445157	0.9317149614776257	1115	322	61	0.0009475710090749178	-0.0045033112582780754	2.7328566760003855e-16	0.00010253516050869796	7.0	6.0	-7.0	6.0	2.0	18.0
raw_rescue_ani0.93_xny300_br0.3_af0.5_raw_depth_abundance	hmp_airskin_gtdb_source_abundance,hmp_gastrooral_gtdb_source_abundance	0.8858428805237315	181.21550775186012	-0.03507149895526184	1115	322	61	0.0009475710090749178	-0.0045033112582780754	140.88319085616828	-0.9618030928150818	7.0	6.0	-7.0	6.0	2.0	18.0
raw_rescue_ani0.93_xny300_br0.3_af0.5_zero_rescue_mass	hmp_airskin_gtdb_source_abundance,hmp_gastrooral_gtdb_source_abundance	0.8858428805237315	35.76275879445157	0.9317149614776257	1115	322	61	0.0009475710090749178	-0.0045033112582780754	2.7328566760003855e-16	0.00010253516050869796	7.0	6.0	-7.0	6.0	2.0	18.0
raw_rescue_ani0.93_xny300_br0.3_af0.7_raw_depth_abundance	hmp_airskin_gtdb_source_abundance,hmp_gastrooral_gtdb_source_abundance	0.8892241884448611	181.0017219222056	-0.034929923684303	1114	316	62	0.0033591364666979598	0.0	140.48851854027032	-0.9605601274378593	6.0	0.0	-6.0	5.0	0.0	21.0
raw_rescue_ani0.93_xny300_br0.3_af0.7_zero_rescue_mass	hmp_airskin_gtdb_source_abundance,hmp_gastrooral_gtdb_source_abundance	0.8892241884448611	35.76275879445157	0.9316002425700405	1114	316	62	0.0033591364666979598	0.0	0.0	0.0	6.0	0.0	-6.0	5.0	0.0	21.0
raw_rescue_ani0.93_xny300_br0.3_af0.9_raw_depth_abundance	hmp_airskin_gtdb_source_abundance,hmp_gastrooral_gtdb_source_abundance	0.8850712707698818	180.96946329090525	-0.035078691981263115	1109	316	67	0.0005902026362384435	0.0	140.4288682130004	-0.9608348231592523	1.0	0.0	-1.0	1.0	0.0	25.0
raw_rescue_ani0.93_xny300_br0.3_af0.9_zero_rescue_mass	hmp_airskin_gtdb_source_abundance,hmp_gastrooral_gtdb_source_abundance	0.8850712707698818	35.76275879445157	0.9316002425700405	1109	316	67	0.0005902026362384435	0.0	0.0	0.0	1.0	0.0	-1.0	1.0	0.0	25.0
raw_rescue_ani0.93_xny300_br0.5_af0.1_raw_depth_abundance	hmp_airskin_gtdb_source_abundance,hmp_gastrooral_gtdb_source_abundance	0.8882791407442188	180.96940660439162	-0.03507871949267515	1110	316	66	0.0010183459215245849	0.0	140.42885949199834	-0.9608348273917772	2.0	0.0	-2.0	2.0	0.0	24.0
raw_rescue_ani0.93_xny300_br0.5_af0.1_zero_rescue_mass	hmp_airskin_gtdb_source_abundance,hmp_gastrooral_gtdb_source_abundance	0.8882791407442188	35.76275879445157	0.9316002425700405	1110	316	66	0.0010183459215245849	0.0	0.0	0.0	2.0	0.0	-2.0	2.0	0.0	24.0
raw_rescue_ani0.93_xny300_br0.5_af0.3_raw_depth_abundance	hmp_airskin_gtdb_source_abundance,hmp_gastrooral_gtdb_source_abundance	0.8882791407442188	180.96940660439162	-0.03507871949267515	1110	316	66	0.0010183459215245849	0.0	140.42885949199834	-0.9608348273917772	2.0	0.0	-2.0	2.0	0.0	24.0
raw_rescue_ani0.93_xny300_br0.5_af0.3_zero_rescue_mass	hmp_airskin_gtdb_source_abundance,hmp_gastrooral_gtdb_source_abundance	0.8882791407442188	35.76275879445157	0.9316002425700405	1110	316	66	0.0010183459215245849	0.0	0.0	0.0	2.0	0.0	-2.0	2.0	0.0	24.0
raw_rescue_ani0.93_xny300_br0.5_af0.5_raw_depth_abundance	hmp_airskin_gtdb_source_abundance,hmp_gastrooral_gtdb_source_abundance	0.8882791407442188	180.96940660439162	-0.03507871949267515	1110	316	66	0.0010183459215245849	0.0	140.42885949199834	-0.9608348273917772	2.0	0.0	-2.0	2.0	0.0	24.0
raw_rescue_ani0.93_xny300_br0.5_af0.5_zero_rescue_mass	hmp_airskin_gtdb_source_abundance,hmp_gastrooral_gtdb_source_abundance	0.8882791407442188	35.76275879445157	0.9316002425700405	1110	316	66	0.0010183459215245849	0.0	0.0	0.0	2.0	0.0	-2.0	2.0	0.0	24.0
raw_rescue_ani0.93_xny300_br0.5_af0.7_raw_depth_abundance	hmp_airskin_gtdb_source_abundance,hmp_gastrooral_gtdb_source_abundance	0.8882791407442188	180.96940660439162	-0.03507871949267515	1110	316	66	0.0010183459215245849	0.0	140.42885949199834	-0.9608348273917772	2.0	0.0	-2.0	2.0	0.0	24.0
raw_rescue_ani0.93_xny300_br0.5_af0.7_zero_rescue_mass	hmp_airskin_gtdb_source_abundance,hmp_gastrooral_gtdb_source_abundance	0.8882791407442188	35.76275879445157	0.9316002425700405	1110	316	66	0.0010183459215245849	0.0	0.0	0.0	2.0	0.0	-2.0	2.0	0.0	24.0
raw_rescue_ani0.93_xny300_br0.5_af0.9_raw_depth_abundance	hmp_airskin_gtdb_source_abundance,hmp_gastrooral_gtdb_source_abundance	0.8850712707698818	180.96946329090525	-0.035078691981263115	1109	316	67	0.0005902026362384435	0.0	140.4288682130004	-0.9608348231592523	1.0	0.0	-1.0	1.0	0.0	25.0
raw_rescue_ani0.93_xny300_br0.5_af0.9_zero_rescue_mass	hmp_airskin_gtdb_source_abundance,hmp_gastrooral_gtdb_source_abundance	0.8850712707698818	35.76275879445157	0.9316002425700405	1109	316	67	0.0005902026362384435	0.0	0.0	0.0	1.0	0.0	-1.0	1.0	0.0	25.0
raw_rescue_ani0.93_xny500_br0.05_af0.1_raw_depth_abundance	hmp_airskin_gtdb_source_abundance,hmp_gastrooral_gtdb_source_abundance	0.8841574023377056	181.18336861346086	-0.033365285792737745	1129	336	47	0.0021334473605789236	-0.035612535612535634	140.82385702564795	-0.9595610481859077	21.0	20.0	-21.0	13.0	4.0	9.0
raw_rescue_ani0.93_xny500_br0.05_af0.1_zero_rescue_mass	hmp_airskin_gtdb_source_abundance,hmp_gastrooral_gtdb_source_abundance	0.8841574023377056	35.76275879445157	0.9316972341389045	1129	336	47	0.0021334473605789236	-0.035612535612535634	-6.832141690000964e-17	0.00011088698237152836	21.0	20.0	-21.0	13.0	4.0	9.0
raw_rescue_ani0.93_xny500_br0.05_af0.3_raw_depth_abundance	hmp_airskin_gtdb_source_abundance,hmp_gastrooral_gtdb_source_abundance	0.8841574023377056	181.18336861346086	-0.033365285792737745	1129	336	47	0.0021334473605789236	-0.035612535612535634	140.82385702564795	-0.9595610481859077	21.0	20.0	-21.0	13.0	4.0	9.0
raw_rescue_ani0.93_xny500_br0.05_af0.3_zero_rescue_mass	hmp_airskin_gtdb_source_abundance,hmp_gastrooral_gtdb_source_abundance	0.8841574023377056	35.76275879445157	0.9316972341389045	1129	336	47	0.0021334473605789236	-0.035612535612535634	-6.832141690000964e-17	0.00011088698237152836	21.0	20.0	-21.0	13.0	4.0	9.0
raw_rescue_ani0.93_xny500_br0.05_af0.5_raw_depth_abundance	hmp_airskin_gtdb_source_abundance,hmp_gastrooral_gtdb_source_abundance	0.8841574023377056	181.18336861346086	-0.033365285792737745	1129	336	47	0.0021334473605789236	-0.035612535612535634	140.82385702564795	-0.9595610481859077	21.0	20.0	-21.0	13.0	4.0	9.0
raw_rescue_ani0.93_xny500_br0.05_af0.5_zero_rescue_mass	hmp_airskin_gtdb_source_abundance,hmp_gastrooral_gtdb_source_abundance	0.8841574023377056	35.76275879445157	0.9316972341389045	1129	336	47	0.0021334473605789236	-0.035612535612535634	-6.832141690000964e-17	0.00011088698237152836	21.0	20.0	-21.0	13.0	4.0	9.0
raw_rescue_ani0.93_xny500_br0.05_af0.7_raw_depth_abundance	hmp_airskin_gtdb_source_abundance,hmp_gastrooral_gtdb_source_abundance	0.8902267944821136	180.96959052268437	-0.03486898665406321	1119	317	57	0.0061879228375822165	0.0	140.4291990334618	-0.9604476283051091	11.0	1.0	-11.0	9.0	0.0	17.0
raw_rescue_ani0.93_xny500_br0.05_af0.7_zero_rescue_mass	hmp_airskin_gtdb_source_abundance,hmp_gastrooral_gtdb_source_abundance	0.8902267944821136	35.76275879445157	0.931600391105674	1119	317	57	0.0061879228375822165	0.0	0.0	2.742196312415064e-07	11.0	1.0	-11.0	9.0	0.0	17.0
raw_rescue_ani0.93_xny500_br0.05_af0.9_raw_depth_abundance	hmp_airskin_gtdb_source_abundance,hmp_gastrooral_gtdb_source_abundance	0.8850712707698818	180.96946329090525	-0.035078691981263115	1109	316	67	0.0005902026362384435	0.0	140.4288682130004	-0.9608348231592523	1.0	0.0	-1.0	1.0	0.0	25.0
raw_rescue_ani0.93_xny500_br0.05_af0.9_zero_rescue_mass	hmp_airskin_gtdb_source_abundance,hmp_gastrooral_gtdb_source_abundance	0.8850712707698818	35.76275879445157	0.9316002425700405	1109	316	67	0.0005902026362384435	0.0	0.0	0.0	1.0	0.0	-1.0	1.0	0.0	25.0
raw_rescue_ani0.93_xny500_br0.15_af0.1_raw_depth_abundance	hmp_airskin_gtdb_source_abundance,hmp_gastrooral_gtdb_source_abundance	0.8841574023377056	181.18336861346086	-0.033365285792737745	1129	336	47	0.0021334473605789236	-0.035612535612535634	140.82385702564795	-0.9595610481859077	21.0	20.0	-21.0	13.0	4.0	9.0
raw_rescue_ani0.93_xny500_br0.15_af0.1_zero_rescue_mass	hmp_airskin_gtdb_source_abundance,hmp_gastrooral_gtdb_source_abundance	0.8841574023377056	35.76275879445157	0.9316972341389045	1129	336	47	0.0021334473605789236	-0.035612535612535634	-6.832141690000964e-17	0.00011088698237152836	21.0	20.0	-21.0	13.0	4.0	9.0
raw_rescue_ani0.93_xny500_br0.15_af0.3_raw_depth_abundance	hmp_airskin_gtdb_source_abundance,hmp_gastrooral_gtdb_source_abundance	0.8841574023377056	181.18336861346086	-0.033365285792737745	1129	336	47	0.0021334473605789236	-0.035612535612535634	140.82385702564795	-0.9595610481859077	21.0	20.0	-21.0	13.0	4.0	9.0
raw_rescue_ani0.93_xny500_br0.15_af0.3_zero_rescue_mass	hmp_airskin_gtdb_source_abundance,hmp_gastrooral_gtdb_source_abundance	0.8841574023377056	35.76275879445157	0.9316972341389045	1129	336	47	0.0021334473605789236	-0.035612535612535634	-6.832141690000964e-17	0.00011088698237152836	21.0	20.0	-21.0	13.0	4.0	9.0
raw_rescue_ani0.93_xny500_br0.15_af0.5_raw_depth_abundance	hmp_airskin_gtdb_source_abundance,hmp_gastrooral_gtdb_source_abundance	0.8841574023377056	181.18336861346086	-0.033365285792737745	1129	336	47	0.0021334473605789236	-0.035612535612535634	140.82385702564795	-0.9595610481859077	21.0	20.0	-21.0	13.0	4.0	9.0
raw_rescue_ani0.93_xny500_br0.15_af0.5_zero_rescue_mass	hmp_airskin_gtdb_source_abundance,hmp_gastrooral_gtdb_source_abundance	0.8841574023377056	35.76275879445157	0.9316972341389045	1129	336	47	0.0021334473605789236	-0.035612535612535634	-6.832141690000964e-17	0.00011088698237152836	21.0	20.0	-21.0	13.0	4.0	9.0
raw_rescue_ani0.93_xny500_br0.15_af0.7_raw_depth_abundance	hmp_airskin_gtdb_source_abundance,hmp_gastrooral_gtdb_source_abundance	0.8902267944821136	180.96959052268437	-0.03486898665406321	1119	317	57	0.0061879228375822165	0.0	140.4291990334618	-0.9604476283051091	11.0	1.0	-11.0	9.0	0.0	17.0
raw_rescue_ani0.93_xny500_br0.15_af0.7_zero_rescue_mass	hmp_airskin_gtdb_source_abundance,hmp_gastrooral_gtdb_source_abundance	0.8902267944821136	35.76275879445157	0.931600391105674	1119	317	57	0.0061879228375822165	0.0	0.0	2.742196312415064e-07	11.0	1.0	-11.0	9.0	0.0	17.0
raw_rescue_ani0.93_xny500_br0.15_af0.9_raw_depth_abundance	hmp_airskin_gtdb_source_abundance,hmp_gastrooral_gtdb_source_abundance	0.8850712707698818	180.96946329090525	-0.035078691981263115	1109	316	67	0.0005902026362384435	0.0	140.4288682130004	-0.9608348231592523	1.0	0.0	-1.0	1.0	0.0	25.0
raw_rescue_ani0.93_xny500_br0.15_af0.9_zero_rescue_mass	hmp_airskin_gtdb_source_abundance,hmp_gastrooral_gtdb_source_abundance	0.8850712707698818	35.76275879445157	0.9316002425700405	1109	316	67	0.0005902026362384435	0.0	0.0	0.0	1.0	0.0	-1.0	1.0	0.0	25.0
raw_rescue_ani0.93_xny500_br0.1_af0.1_raw_depth_abundance	hmp_airskin_gtdb_source_abundance,hmp_gastrooral_gtdb_source_abundance	0.8841574023377056	181.18336861346086	-0.033365285792737745	1129	336	47	0.0021334473605789236	-0.035612535612535634	140.82385702564795	-0.9595610481859077	21.0	20.0	-21.0	13.0	4.0	9.0
raw_rescue_ani0.93_xny500_br0.1_af0.1_zero_rescue_mass	hmp_airskin_gtdb_source_abundance,hmp_gastrooral_gtdb_source_abundance	0.8841574023377056	35.76275879445157	0.9316972341389045	1129	336	47	0.0021334473605789236	-0.035612535612535634	-6.832141690000964e-17	0.00011088698237152836	21.0	20.0	-21.0	13.0	4.0	9.0
raw_rescue_ani0.93_xny500_br0.1_af0.3_raw_depth_abundance	hmp_airskin_gtdb_source_abundance,hmp_gastrooral_gtdb_source_abundance	0.8841574023377056	181.18336861346086	-0.033365285792737745	1129	336	47	0.0021334473605789236	-0.035612535612535634	140.82385702564795	-0.9595610481859077	21.0	20.0	-21.0	13.0	4.0	9.0
raw_rescue_ani0.93_xny500_br0.1_af0.3_zero_rescue_mass	hmp_airskin_gtdb_source_abundance,hmp_gastrooral_gtdb_source_abundance	0.8841574023377056	35.76275879445157	0.9316972341389045	1129	336	47	0.0021334473605789236	-0.035612535612535634	-6.832141690000964e-17	0.00011088698237152836	21.0	20.0	-21.0	13.0	4.0	9.0
raw_rescue_ani0.93_xny500_br0.1_af0.5_raw_depth_abundance	hmp_airskin_gtdb_source_abundance,hmp_gastrooral_gtdb_source_abundance	0.8841574023377056	181.18336861346086	-0.033365285792737745	1129	336	47	0.0021334473605789236	-0.035612535612535634	140.82385702564795	-0.9595610481859077	21.0	20.0	-21.0	13.0	4.0	9.0
raw_rescue_ani0.93_xny500_br0.1_af0.5_zero_rescue_mass	hmp_airskin_gtdb_source_abundance,hmp_gastrooral_gtdb_source_abundance	0.8841574023377056	35.76275879445157	0.9316972341389045	1129	336	47	0.0021334473605789236	-0.035612535612535634	-6.832141690000964e-17	0.00011088698237152836	21.0	20.0	-21.0	13.0	4.0	9.0
raw_rescue_ani0.93_xny500_br0.1_af0.7_raw_depth_abundance	hmp_airskin_gtdb_source_abundance,hmp_gastrooral_gtdb_source_abundance	0.8902267944821136	180.96959052268437	-0.03486898665406321	1119	317	57	0.0061879228375822165	0.0	140.4291990334618	-0.9604476283051091	11.0	1.0	-11.0	9.0	0.0	17.0
raw_rescue_ani0.93_xny500_br0.1_af0.7_zero_rescue_mass	hmp_airskin_gtdb_source_abundance,hmp_gastrooral_gtdb_source_abundance	0.8902267944821136	35.76275879445157	0.931600391105674	1119	317	57	0.0061879228375822165	0.0	0.0	2.742196312415064e-07	11.0	1.0	-11.0	9.0	0.0	17.0
raw_rescue_ani0.93_xny500_br0.1_af0.9_raw_depth_abundance	hmp_airskin_gtdb_source_abundance,hmp_gastrooral_gtdb_source_abundance	0.8850712707698818	180.96946329090525	-0.035078691981263115	1109	316	67	0.0005902026362384435	0.0	140.4288682130004	-0.9608348231592523	1.0	0.0	-1.0	1.0	0.0	25.0
raw_rescue_ani0.93_xny500_br0.1_af0.9_zero_rescue_mass	hmp_airskin_gtdb_source_abundance,hmp_gastrooral_gtdb_source_abundance	0.8850712707698818	35.76275879445157	0.9316002425700405	1109	316	67	0.0005902026362384435	0.0	0.0	0.0	1.0	0.0	-1.0	1.0	0.0	25.0
raw_rescue_ani0.93_xny500_br0.25_af0.1_raw_depth_abundance	hmp_airskin_gtdb_source_abundance,hmp_gastrooral_gtdb_source_abundance	0.8867930440231866	181.18337043144305	-0.034649959792442786	1122	326	54	0.0029086978305477916	-0.018142235123367212	140.82386041847525	-0.961024866668339	14.0	10.0	-14.0	10.0	4.0	12.0
raw_rescue_ani0.93_xny500_br0.25_af0.1_zero_rescue_mass	hmp_airskin_gtdb_source_abundance,hmp_gastrooral_gtdb_source_abundance	0.8867930440231866	35.76275879445157	0.9317157784356527	1122	326	54	0.0029086978305477916	-0.018142235123367212	2.7328566760003855e-16	0.00010404339071255444	14.0	10.0	-14.0	10.0	4.0	12.0
raw_rescue_ani0.93_xny500_br0.25_af0.3_raw_depth_abundance	hmp_airskin_gtdb_source_abundance,hmp_gastrooral_gtdb_source_abundance	0.8867930440231866	181.18337043144305	-0.034649959792442786	1122	326	54	0.0029086978305477916	-0.018142235123367212	140.82386041847525	-0.961024866668339	14.0	10.0	-14.0	10.0	4.0	12.0
raw_rescue_ani0.93_xny500_br0.25_af0.3_zero_rescue_mass	hmp_airskin_gtdb_source_abundance,hmp_gastrooral_gtdb_source_abundance	0.8867930440231866	35.76275879445157	0.9317157784356527	1122	326	54	0.0029086978305477916	-0.018142235123367212	2.7328566760003855e-16	0.00010404339071255444	14.0	10.0	-14.0	10.0	4.0	12.0
raw_rescue_ani0.93_xny500_br0.25_af0.5_raw_depth_abundance	hmp_airskin_gtdb_source_abundance,hmp_gastrooral_gtdb_source_abundance	0.8867930440231866	181.18337043144305	-0.034649959792442786	1122	326	54	0.0029086978305477916	-0.018142235123367212	140.82386041847525	-0.961024866668339	14.0	10.0	-14.0	10.0	4.0	12.0
raw_rescue_ani0.93_xny500_br0.25_af0.5_zero_rescue_mass	hmp_airskin_gtdb_source_abundance,hmp_gastrooral_gtdb_source_abundance	0.8867930440231866	35.76275879445157	0.9317157784356527	1122	326	54	0.0029086978305477916	-0.018142235123367212	2.7328566760003855e-16	0.00010404339071255444	14.0	10.0	-14.0	10.0	4.0	12.0
raw_rescue_ani0.93_xny500_br0.25_af0.7_raw_depth_abundance	hmp_airskin_gtdb_source_abundance,hmp_gastrooral_gtdb_source_abundance	0.8904011461318051	180.9695905226842	-0.034909772564946664	1119	316	57	0.006308287395956782	0.0	140.42919903346152	-0.9605229253713555	11.0	0.0	-11.0	9.0	0.0	17.0
raw_rescue_ani0.93_xny500_br0.25_af0.7_zero_rescue_mass	hmp_airskin_gtdb_source_abundance,hmp_gastrooral_gtdb_source_abundance	0.8904011461318051	35.76275879445157	0.9316002425700405	1119	316	57	0.006308287395956782	0.0	0.0	0.0	11.0	0.0	-11.0	9.0	0.0	17.0
raw_rescue_ani0.93_xny500_br0.25_af0.9_raw_depth_abundance	hmp_airskin_gtdb_source_abundance,hmp_gastrooral_gtdb_source_abundance	0.8850712707698818	180.96946329090525	-0.035078691981263115	1109	316	67	0.0005902026362384435	0.0	140.4288682130004	-0.9608348231592523	1.0	0.0	-1.0	1.0	0.0	25.0
raw_rescue_ani0.93_xny500_br0.25_af0.9_zero_rescue_mass	hmp_airskin_gtdb_source_abundance,hmp_gastrooral_gtdb_source_abundance	0.8850712707698818	35.76275879445157	0.9316002425700405	1109	316	67	0.0005902026362384435	0.0	0.0	0.0	1.0	0.0	-1.0	1.0	0.0	25.0
raw_rescue_ani0.93_xny500_br0.2_af0.1_raw_depth_abundance	hmp_airskin_gtdb_source_abundance,hmp_gastrooral_gtdb_source_abundance	0.8868723344644024	181.1833685918617	-0.03390176468916119	1129	335	47	0.002483097710229271	-0.035612535612535634	140.82385702232503	-0.9596435834007421	21.0	19.0	-21.0	13.0	4.0	9.0
raw_rescue_ani0.93_xny500_br0.2_af0.1_zero_rescue_mass	hmp_airskin_gtdb_source_abundance,hmp_gastrooral_gtdb_source_abundance	0.8868723344644024	35.76275879445157	0.9317215082213374	1129	335	47	0.002483097710229271	-0.035612535612535634	-6.832141690000964e-17	0.00011462145659197641	21.0	19.0	-21.0	13.0	4.0	9.0
raw_rescue_ani0.93_xny500_br0.2_af0.3_raw_depth_abundance	hmp_airskin_gtdb_source_abundance,hmp_gastrooral_gtdb_source_abundance	0.8868723344644024	181.1833685918617	-0.03390176468916119	1129	335	47	0.002483097710229271	-0.035612535612535634	140.82385702232503	-0.9596435834007421	21.0	19.0	-21.0	13.0	4.0	9.0
raw_rescue_ani0.93_xny500_br0.2_af0.3_zero_rescue_mass	hmp_airskin_gtdb_source_abundance,hmp_gastrooral_gtdb_source_abundance	0.8868723344644024	35.76275879445157	0.9317215082213374	1129	335	47	0.002483097710229271	-0.035612535612535634	-6.832141690000964e-17	0.00011462145659197641	21.0	19.0	-21.0	13.0	4.0	9.0
raw_rescue_ani0.93_xny500_br0.2_af0.5_raw_depth_abundance	hmp_airskin_gtdb_source_abundance,hmp_gastrooral_gtdb_source_abundance	0.8868723344644024	181.1833685918617	-0.03390176468916119	1129	335	47	0.002483097710229271	-0.035612535612535634	140.82385702232503	-0.9596435834007421	21.0	19.0	-21.0	13.0	4.0	9.0
raw_rescue_ani0.93_xny500_br0.2_af0.5_zero_rescue_mass	hmp_airskin_gtdb_source_abundance,hmp_gastrooral_gtdb_source_abundance	0.8868723344644024	35.76275879445157	0.9317215082213374	1129	335	47	0.002483097710229271	-0.035612535612535634	-6.832141690000964e-17	0.00011462145659197641	21.0	19.0	-21.0	13.0	4.0	9.0
raw_rescue_ani0.93_xny500_br0.2_af0.7_raw_depth_abundance	hmp_airskin_gtdb_source_abundance,hmp_gastrooral_gtdb_source_abundance	0.8902267944821136	180.96959052268437	-0.03486898665406321	1119	317	57	0.0061879228375822165	0.0	140.4291990334618	-0.9604476283051091	11.0	1.0	-11.0	9.0	0.0	17.0
raw_rescue_ani0.93_xny500_br0.2_af0.7_zero_rescue_mass	hmp_airskin_gtdb_source_abundance,hmp_gastrooral_gtdb_source_abundance	0.8902267944821136	35.76275879445157	0.931600391105674	1119	317	57	0.0061879228375822165	0.0	0.0	2.742196312415064e-07	11.0	1.0	-11.0	9.0	0.0	17.0
raw_rescue_ani0.93_xny500_br0.2_af0.9_raw_depth_abundance	hmp_airskin_gtdb_source_abundance,hmp_gastrooral_gtdb_source_abundance	0.8850712707698818	180.96946329090525	-0.035078691981263115	1109	316	67	0.0005902026362384435	0.0	140.4288682130004	-0.9608348231592523	1.0	0.0	-1.0	1.0	0.0	25.0
raw_rescue_ani0.93_xny500_br0.2_af0.9_zero_rescue_mass	hmp_airskin_gtdb_source_abundance,hmp_gastrooral_gtdb_source_abundance	0.8850712707698818	35.76275879445157	0.9316002425700405	1109	316	67	0.0005902026362384435	0.0	0.0	0.0	1.0	0.0	-1.0	1.0	0.0	25.0
raw_rescue_ani0.93_xny500_br0.3_af0.1_raw_depth_abundance	hmp_airskin_gtdb_source_abundance,hmp_gastrooral_gtdb_source_abundance	0.8858428805237315	181.21550775186012	-0.03507149895526184	1115	322	61	0.0009475710090749178	-0.0045033112582780754	140.88319085616828	-0.9618030928150818	7.0	6.0	-7.0	6.0	2.0	18.0
raw_rescue_ani0.93_xny500_br0.3_af0.1_zero_rescue_mass	hmp_airskin_gtdb_source_abundance,hmp_gastrooral_gtdb_source_abundance	0.8858428805237315	35.76275879445157	0.9317149614776257	1115	322	61	0.0009475710090749178	-0.0045033112582780754	2.7328566760003855e-16	0.00010253516050869796	7.0	6.0	-7.0	6.0	2.0	18.0
raw_rescue_ani0.93_xny500_br0.3_af0.3_raw_depth_abundance	hmp_airskin_gtdb_source_abundance,hmp_gastrooral_gtdb_source_abundance	0.8858428805237315	181.21550775186012	-0.03507149895526184	1115	322	61	0.0009475710090749178	-0.0045033112582780754	140.88319085616828	-0.9618030928150818	7.0	6.0	-7.0	6.0	2.0	18.0
raw_rescue_ani0.93_xny500_br0.3_af0.3_zero_rescue_mass	hmp_airskin_gtdb_source_abundance,hmp_gastrooral_gtdb_source_abundance	0.8858428805237315	35.76275879445157	0.9317149614776257	1115	322	61	0.0009475710090749178	-0.0045033112582780754	2.7328566760003855e-16	0.00010253516050869796	7.0	6.0	-7.0	6.0	2.0	18.0
raw_rescue_ani0.93_xny500_br0.3_af0.5_raw_depth_abundance	hmp_airskin_gtdb_source_abundance,hmp_gastrooral_gtdb_source_abundance	0.8858428805237315	181.21550775186012	-0.03507149895526184	1115	322	61	0.0009475710090749178	-0.0045033112582780754	140.88319085616828	-0.9618030928150818	7.0	6.0	-7.0	6.0	2.0	18.0
raw_rescue_ani0.93_xny500_br0.3_af0.5_zero_rescue_mass	hmp_airskin_gtdb_source_abundance,hmp_gastrooral_gtdb_source_abundance	0.8858428805237315	35.76275879445157	0.9317149614776257	1115	322	61	0.0009475710090749178	-0.0045033112582780754	2.7328566760003855e-16	0.00010253516050869796	7.0	6.0	-7.0	6.0	2.0	18.0
raw_rescue_ani0.93_xny500_br0.3_af0.7_raw_depth_abundance	hmp_airskin_gtdb_source_abundance,hmp_gastrooral_gtdb_source_abundance	0.8892241884448611	181.0017219222056	-0.034929923684303	1114	316	62	0.0033591364666979598	0.0	140.48851854027032	-0.9605601274378593	6.0	0.0	-6.0	5.0	0.0	21.0
raw_rescue_ani0.93_xny500_br0.3_af0.7_zero_rescue_mass	hmp_airskin_gtdb_source_abundance,hmp_gastrooral_gtdb_source_abundance	0.8892241884448611	35.76275879445157	0.9316002425700405	1114	316	62	0.0033591364666979598	0.0	0.0	0.0	6.0	0.0	-6.0	5.0	0.0	21.0
raw_rescue_ani0.93_xny500_br0.3_af0.9_raw_depth_abundance	hmp_airskin_gtdb_source_abundance,hmp_gastrooral_gtdb_source_abundance	0.8850712707698818	180.96946329090525	-0.035078691981263115	1109	316	67	0.0005902026362384435	0.0	140.4288682130004	-0.9608348231592523	1.0	0.0	-1.0	1.0	0.0	25.0
raw_rescue_ani0.93_xny500_br0.3_af0.9_zero_rescue_mass	hmp_airskin_gtdb_source_abundance,hmp_gastrooral_gtdb_source_abundance	0.8850712707698818	35.76275879445157	0.9316002425700405	1109	316	67	0.0005902026362384435	0.0	0.0	0.0	1.0	0.0	-1.0	1.0	0.0	25.0
raw_rescue_ani0.93_xny500_br0.5_af0.1_raw_depth_abundance	hmp_airskin_gtdb_source_abundance,hmp_gastrooral_gtdb_source_abundance	0.8882791407442188	180.96940660439162	-0.03507871949267515	1110	316	66	0.0010183459215245849	0.0	140.42885949199834	-0.9608348273917772	2.0	0.0	-2.0	2.0	0.0	24.0
raw_rescue_ani0.93_xny500_br0.5_af0.1_zero_rescue_mass	hmp_airskin_gtdb_source_abundance,hmp_gastrooral_gtdb_source_abundance	0.8882791407442188	35.76275879445157	0.9316002425700405	1110	316	66	0.0010183459215245849	0.0	0.0	0.0	2.0	0.0	-2.0	2.0	0.0	24.0
raw_rescue_ani0.93_xny500_br0.5_af0.3_raw_depth_abundance	hmp_airskin_gtdb_source_abundance,hmp_gastrooral_gtdb_source_abundance	0.8882791407442188	180.96940660439162	-0.03507871949267515	1110	316	66	0.0010183459215245849	0.0	140.42885949199834	-0.9608348273917772	2.0	0.0	-2.0	2.0	0.0	24.0
raw_rescue_ani0.93_xny500_br0.5_af0.3_zero_rescue_mass	hmp_airskin_gtdb_source_abundance,hmp_gastrooral_gtdb_source_abundance	0.8882791407442188	35.76275879445157	0.9316002425700405	1110	316	66	0.0010183459215245849	0.0	0.0	0.0	2.0	0.0	-2.0	2.0	0.0	24.0
raw_rescue_ani0.93_xny500_br0.5_af0.5_raw_depth_abundance	hmp_airskin_gtdb_source_abundance,hmp_gastrooral_gtdb_source_abundance	0.8882791407442188	180.96940660439162	-0.03507871949267515	1110	316	66	0.0010183459215245849	0.0	140.42885949199834	-0.9608348273917772	2.0	0.0	-2.0	2.0	0.0	24.0
raw_rescue_ani0.93_xny500_br0.5_af0.5_zero_rescue_mass	hmp_airskin_gtdb_source_abundance,hmp_gastrooral_gtdb_source_abundance	0.8882791407442188	35.76275879445157	0.9316002425700405	1110	316	66	0.0010183459215245849	0.0	0.0	0.0	2.0	0.0	-2.0	2.0	0.0	24.0
raw_rescue_ani0.93_xny500_br0.5_af0.7_raw_depth_abundance	hmp_airskin_gtdb_source_abundance,hmp_gastrooral_gtdb_source_abundance	0.8882791407442188	180.96940660439162	-0.03507871949267515	1110	316	66	0.0010183459215245849	0.0	140.42885949199834	-0.9608348273917772	2.0	0.0	-2.0	2.0	0.0	24.0
raw_rescue_ani0.93_xny500_br0.5_af0.7_zero_rescue_mass	hmp_airskin_gtdb_source_abundance,hmp_gastrooral_gtdb_source_abundance	0.8882791407442188	35.76275879445157	0.9316002425700405	1110	316	66	0.0010183459215245849	0.0	0.0	0.0	2.0	0.0	-2.0	2.0	0.0	24.0
raw_rescue_ani0.93_xny500_br0.5_af0.9_raw_depth_abundance	hmp_airskin_gtdb_source_abundance,hmp_gastrooral_gtdb_source_abundance	0.8850712707698818	180.96946329090525	-0.035078691981263115	1109	316	67	0.0005902026362384435	0.0	140.4288682130004	-0.9608348231592523	1.0	0.0	-1.0	1.0	0.0	25.0
raw_rescue_ani0.93_xny500_br0.5_af0.9_zero_rescue_mass	hmp_airskin_gtdb_source_abundance,hmp_gastrooral_gtdb_source_abundance	0.8850712707698818	35.76275879445157	0.9316002425700405	1109	316	67	0.0005902026362384435	0.0	0.0	0.0	1.0	0.0	-1.0	1.0	0.0	25.0
raw_rescue_ani0.93_xny700_br0.05_af0.1_raw_depth_abundance	hmp_airskin_gtdb_source_abundance,hmp_gastrooral_gtdb_source_abundance	0.8902267944821136	180.96959052268437	-0.03486898665406321	1119	317	57	0.0061879228375822165	0.0	140.4291990334618	-0.9604476283051091	11.0	1.0	-11.0	9.0	0.0	17.0
raw_rescue_ani0.93_xny700_br0.05_af0.1_zero_rescue_mass	hmp_airskin_gtdb_source_abundance,hmp_gastrooral_gtdb_source_abundance	0.8902267944821136	35.76275879445157	0.931600391105674	1119	317	57	0.0061879228375822165	0.0	0.0	2.742196312415064e-07	11.0	1.0	-11.0	9.0	0.0	17.0
raw_rescue_ani0.93_xny700_br0.05_af0.3_raw_depth_abundance	hmp_airskin_gtdb_source_abundance,hmp_gastrooral_gtdb_source_abundance	0.8902267944821136	180.96959052268437	-0.03486898665406321	1119	317	57	0.0061879228375822165	0.0	140.4291990334618	-0.9604476283051091	11.0	1.0	-11.0	9.0	0.0	17.0
raw_rescue_ani0.93_xny700_br0.05_af0.3_zero_rescue_mass	hmp_airskin_gtdb_source_abundance,hmp_gastrooral_gtdb_source_abundance	0.8902267944821136	35.76275879445157	0.931600391105674	1119	317	57	0.0061879228375822165	0.0	0.0	2.742196312415064e-07	11.0	1.0	-11.0	9.0	0.0	17.0
raw_rescue_ani0.93_xny700_br0.05_af0.5_raw_depth_abundance	hmp_airskin_gtdb_source_abundance,hmp_gastrooral_gtdb_source_abundance	0.8902267944821136	180.96959052268437	-0.03486898665406321	1119	317	57	0.0061879228375822165	0.0	140.4291990334618	-0.9604476283051091	11.0	1.0	-11.0	9.0	0.0	17.0
raw_rescue_ani0.93_xny700_br0.05_af0.5_zero_rescue_mass	hmp_airskin_gtdb_source_abundance,hmp_gastrooral_gtdb_source_abundance	0.8902267944821136	35.76275879445157	0.931600391105674	1119	317	57	0.0061879228375822165	0.0	0.0	2.742196312415064e-07	11.0	1.0	-11.0	9.0	0.0	17.0
raw_rescue_ani0.93_xny700_br0.05_af0.7_raw_depth_abundance	hmp_airskin_gtdb_source_abundance,hmp_gastrooral_gtdb_source_abundance	0.8902267944821136	180.96959052268437	-0.03486898665406321	1119	317	57	0.0061879228375822165	0.0	140.4291990334618	-0.9604476283051091	11.0	1.0	-11.0	9.0	0.0	17.0
raw_rescue_ani0.93_xny700_br0.05_af0.7_zero_rescue_mass	hmp_airskin_gtdb_source_abundance,hmp_gastrooral_gtdb_source_abundance	0.8902267944821136	35.76275879445157	0.931600391105674	1119	317	57	0.0061879228375822165	0.0	0.0	2.742196312415064e-07	11.0	1.0	-11.0	9.0	0.0	17.0
raw_rescue_ani0.93_xny700_br0.05_af0.9_raw_depth_abundance	hmp_airskin_gtdb_source_abundance,hmp_gastrooral_gtdb_source_abundance	0.8850712707698818	180.96946329090525	-0.035078691981263115	1109	316	67	0.0005902026362384435	0.0	140.4288682130004	-0.9608348231592523	1.0	0.0	-1.0	1.0	0.0	25.0
raw_rescue_ani0.93_xny700_br0.05_af0.9_zero_rescue_mass	hmp_airskin_gtdb_source_abundance,hmp_gastrooral_gtdb_source_abundance	0.8850712707698818	35.76275879445157	0.9316002425700405	1109	316	67	0.0005902026362384435	0.0	0.0	0.0	1.0	0.0	-1.0	1.0	0.0	25.0
raw_rescue_ani0.93_xny700_br0.15_af0.1_raw_depth_abundance	hmp_airskin_gtdb_source_abundance,hmp_gastrooral_gtdb_source_abundance	0.8902267944821136	180.96959052268437	-0.03486898665406321	1119	317	57	0.0061879228375822165	0.0	140.4291990334618	-0.9604476283051091	11.0	1.0	-11.0	9.0	0.0	17.0
raw_rescue_ani0.93_xny700_br0.15_af0.1_zero_rescue_mass	hmp_airskin_gtdb_source_abundance,hmp_gastrooral_gtdb_source_abundance	0.8902267944821136	35.76275879445157	0.931600391105674	1119	317	57	0.0061879228375822165	0.0	0.0	2.742196312415064e-07	11.0	1.0	-11.0	9.0	0.0	17.0
raw_rescue_ani0.93_xny700_br0.15_af0.3_raw_depth_abundance	hmp_airskin_gtdb_source_abundance,hmp_gastrooral_gtdb_source_abundance	0.8902267944821136	180.96959052268437	-0.03486898665406321	1119	317	57	0.0061879228375822165	0.0	140.4291990334618	-0.9604476283051091	11.0	1.0	-11.0	9.0	0.0	17.0
raw_rescue_ani0.93_xny700_br0.15_af0.3_zero_rescue_mass	hmp_airskin_gtdb_source_abundance,hmp_gastrooral_gtdb_source_abundance	0.8902267944821136	35.76275879445157	0.931600391105674	1119	317	57	0.0061879228375822165	0.0	0.0	2.742196312415064e-07	11.0	1.0	-11.0	9.0	0.0	17.0
raw_rescue_ani0.93_xny700_br0.15_af0.5_raw_depth_abundance	hmp_airskin_gtdb_source_abundance,hmp_gastrooral_gtdb_source_abundance	0.8902267944821136	180.96959052268437	-0.03486898665406321	1119	317	57	0.0061879228375822165	0.0	140.4291990334618	-0.9604476283051091	11.0	1.0	-11.0	9.0	0.0	17.0
raw_rescue_ani0.93_xny700_br0.15_af0.5_zero_rescue_mass	hmp_airskin_gtdb_source_abundance,hmp_gastrooral_gtdb_source_abundance	0.8902267944821136	35.76275879445157	0.931600391105674	1119	317	57	0.0061879228375822165	0.0	0.0	2.742196312415064e-07	11.0	1.0	-11.0	9.0	0.0	17.0
raw_rescue_ani0.93_xny700_br0.15_af0.7_raw_depth_abundance	hmp_airskin_gtdb_source_abundance,hmp_gastrooral_gtdb_source_abundance	0.8902267944821136	180.96959052268437	-0.03486898665406321	1119	317	57	0.0061879228375822165	0.0	140.4291990334618	-0.9604476283051091	11.0	1.0	-11.0	9.0	0.0	17.0
raw_rescue_ani0.93_xny700_br0.15_af0.7_zero_rescue_mass	hmp_airskin_gtdb_source_abundance,hmp_gastrooral_gtdb_source_abundance	0.8902267944821136	35.76275879445157	0.931600391105674	1119	317	57	0.0061879228375822165	0.0	0.0	2.742196312415064e-07	11.0	1.0	-11.0	9.0	0.0	17.0
raw_rescue_ani0.93_xny700_br0.15_af0.9_raw_depth_abundance	hmp_airskin_gtdb_source_abundance,hmp_gastrooral_gtdb_source_abundance	0.8850712707698818	180.96946329090525	-0.035078691981263115	1109	316	67	0.0005902026362384435	0.0	140.4288682130004	-0.9608348231592523	1.0	0.0	-1.0	1.0	0.0	25.0
raw_rescue_ani0.93_xny700_br0.15_af0.9_zero_rescue_mass	hmp_airskin_gtdb_source_abundance,hmp_gastrooral_gtdb_source_abundance	0.8850712707698818	35.76275879445157	0.9316002425700405	1109	316	67	0.0005902026362384435	0.0	0.0	0.0	1.0	0.0	-1.0	1.0	0.0	25.0
raw_rescue_ani0.93_xny700_br0.1_af0.1_raw_depth_abundance	hmp_airskin_gtdb_source_abundance,hmp_gastrooral_gtdb_source_abundance	0.8902267944821136	180.96959052268437	-0.03486898665406321	1119	317	57	0.0061879228375822165	0.0	140.4291990334618	-0.9604476283051091	11.0	1.0	-11.0	9.0	0.0	17.0
raw_rescue_ani0.93_xny700_br0.1_af0.1_zero_rescue_mass	hmp_airskin_gtdb_source_abundance,hmp_gastrooral_gtdb_source_abundance	0.8902267944821136	35.76275879445157	0.931600391105674	1119	317	57	0.0061879228375822165	0.0	0.0	2.742196312415064e-07	11.0	1.0	-11.0	9.0	0.0	17.0
raw_rescue_ani0.93_xny700_br0.1_af0.3_raw_depth_abundance	hmp_airskin_gtdb_source_abundance,hmp_gastrooral_gtdb_source_abundance	0.8902267944821136	180.96959052268437	-0.03486898665406321	1119	317	57	0.0061879228375822165	0.0	140.4291990334618	-0.9604476283051091	11.0	1.0	-11.0	9.0	0.0	17.0
raw_rescue_ani0.93_xny700_br0.1_af0.3_zero_rescue_mass	hmp_airskin_gtdb_source_abundance,hmp_gastrooral_gtdb_source_abundance	0.8902267944821136	35.76275879445157	0.931600391105674	1119	317	57	0.0061879228375822165	0.0	0.0	2.742196312415064e-07	11.0	1.0	-11.0	9.0	0.0	17.0
raw_rescue_ani0.93_xny700_br0.1_af0.5_raw_depth_abundance	hmp_airskin_gtdb_source_abundance,hmp_gastrooral_gtdb_source_abundance	0.8902267944821136	180.96959052268437	-0.03486898665406321	1119	317	57	0.0061879228375822165	0.0	140.4291990334618	-0.9604476283051091	11.0	1.0	-11.0	9.0	0.0	17.0
raw_rescue_ani0.93_xny700_br0.1_af0.5_zero_rescue_mass	hmp_airskin_gtdb_source_abundance,hmp_gastrooral_gtdb_source_abundance	0.8902267944821136	35.76275879445157	0.931600391105674	1119	317	57	0.0061879228375822165	0.0	0.0	2.742196312415064e-07	11.0	1.0	-11.0	9.0	0.0	17.0
raw_rescue_ani0.93_xny700_br0.1_af0.7_raw_depth_abundance	hmp_airskin_gtdb_source_abundance,hmp_gastrooral_gtdb_source_abundance	0.8902267944821136	180.96959052268437	-0.03486898665406321	1119	317	57	0.0061879228375822165	0.0	140.4291990334618	-0.9604476283051091	11.0	1.0	-11.0	9.0	0.0	17.0
raw_rescue_ani0.93_xny700_br0.1_af0.7_zero_rescue_mass	hmp_airskin_gtdb_source_abundance,hmp_gastrooral_gtdb_source_abundance	0.8902267944821136	35.76275879445157	0.931600391105674	1119	317	57	0.0061879228375822165	0.0	0.0	2.742196312415064e-07	11.0	1.0	-11.0	9.0	0.0	17.0
raw_rescue_ani0.93_xny700_br0.1_af0.9_raw_depth_abundance	hmp_airskin_gtdb_source_abundance,hmp_gastrooral_gtdb_source_abundance	0.8850712707698818	180.96946329090525	-0.035078691981263115	1109	316	67	0.0005902026362384435	0.0	140.4288682130004	-0.9608348231592523	1.0	0.0	-1.0	1.0	0.0	25.0
raw_rescue_ani0.93_xny700_br0.1_af0.9_zero_rescue_mass	hmp_airskin_gtdb_source_abundance,hmp_gastrooral_gtdb_source_abundance	0.8850712707698818	35.76275879445157	0.9316002425700405	1109	316	67	0.0005902026362384435	0.0	0.0	0.0	1.0	0.0	-1.0	1.0	0.0	25.0
raw_rescue_ani0.93_xny700_br0.25_af0.1_raw_depth_abundance	hmp_airskin_gtdb_source_abundance,hmp_gastrooral_gtdb_source_abundance	0.8904011461318051	180.9695905226842	-0.034909772564946664	1119	316	57	0.006308287395956782	0.0	140.42919903346152	-0.9605229253713555	11.0	0.0	-11.0	9.0	0.0	17.0
raw_rescue_ani0.93_xny700_br0.25_af0.1_zero_rescue_mass	hmp_airskin_gtdb_source_abundance,hmp_gastrooral_gtdb_source_abundance	0.8904011461318051	35.76275879445157	0.9316002425700405	1119	316	57	0.006308287395956782	0.0	0.0	0.0	11.0	0.0	-11.0	9.0	0.0	17.0
raw_rescue_ani0.93_xny700_br0.25_af0.3_raw_depth_abundance	hmp_airskin_gtdb_source_abundance,hmp_gastrooral_gtdb_source_abundance	0.8904011461318051	180.9695905226842	-0.034909772564946664	1119	316	57	0.006308287395956782	0.0	140.42919903346152	-0.9605229253713555	11.0	0.0	-11.0	9.0	0.0	17.0
raw_rescue_ani0.93_xny700_br0.25_af0.3_zero_rescue_mass	hmp_airskin_gtdb_source_abundance,hmp_gastrooral_gtdb_source_abundance	0.8904011461318051	35.76275879445157	0.9316002425700405	1119	316	57	0.006308287395956782	0.0	0.0	0.0	11.0	0.0	-11.0	9.0	0.0	17.0
raw_rescue_ani0.93_xny700_br0.25_af0.5_raw_depth_abundance	hmp_airskin_gtdb_source_abundance,hmp_gastrooral_gtdb_source_abundance	0.8904011461318051	180.9695905226842	-0.034909772564946664	1119	316	57	0.006308287395956782	0.0	140.42919903346152	-0.9605229253713555	11.0	0.0	-11.0	9.0	0.0	17.0
raw_rescue_ani0.93_xny700_br0.25_af0.5_zero_rescue_mass	hmp_airskin_gtdb_source_abundance,hmp_gastrooral_gtdb_source_abundance	0.8904011461318051	35.76275879445157	0.9316002425700405	1119	316	57	0.006308287395956782	0.0	0.0	0.0	11.0	0.0	-11.0	9.0	0.0	17.0
raw_rescue_ani0.93_xny700_br0.25_af0.7_raw_depth_abundance	hmp_airskin_gtdb_source_abundance,hmp_gastrooral_gtdb_source_abundance	0.8904011461318051	180.9695905226842	-0.034909772564946664	1119	316	57	0.006308287395956782	0.0	140.42919903346152	-0.9605229253713555	11.0	0.0	-11.0	9.0	0.0	17.0
raw_rescue_ani0.93_xny700_br0.25_af0.7_zero_rescue_mass	hmp_airskin_gtdb_source_abundance,hmp_gastrooral_gtdb_source_abundance	0.8904011461318051	35.76275879445157	0.9316002425700405	1119	316	57	0.006308287395956782	0.0	0.0	0.0	11.0	0.0	-11.0	9.0	0.0	17.0
raw_rescue_ani0.93_xny700_br0.25_af0.9_raw_depth_abundance	hmp_airskin_gtdb_source_abundance,hmp_gastrooral_gtdb_source_abundance	0.8850712707698818	180.96946329090525	-0.035078691981263115	1109	316	67	0.0005902026362384435	0.0	140.4288682130004	-0.9608348231592523	1.0	0.0	-1.0	1.0	0.0	25.0
raw_rescue_ani0.93_xny700_br0.25_af0.9_zero_rescue_mass	hmp_airskin_gtdb_source_abundance,hmp_gastrooral_gtdb_source_abundance	0.8850712707698818	35.76275879445157	0.9316002425700405	1109	316	67	0.0005902026362384435	0.0	0.0	0.0	1.0	0.0	-1.0	1.0	0.0	25.0
raw_rescue_ani0.93_xny700_br0.2_af0.1_raw_depth_abundance	hmp_airskin_gtdb_source_abundance,hmp_gastrooral_gtdb_source_abundance	0.8902267944821136	180.96959052268437	-0.03486898665406321	1119	317	57	0.0061879228375822165	0.0	140.4291990334618	-0.9604476283051091	11.0	1.0	-11.0	9.0	0.0	17.0
raw_rescue_ani0.93_xny700_br0.2_af0.1_zero_rescue_mass	hmp_airskin_gtdb_source_abundance,hmp_gastrooral_gtdb_source_abundance	0.8902267944821136	35.76275879445157	0.931600391105674	1119	317	57	0.0061879228375822165	0.0	0.0	2.742196312415064e-07	11.0	1.0	-11.0	9.0	0.0	17.0
raw_rescue_ani0.93_xny700_br0.2_af0.3_raw_depth_abundance	hmp_airskin_gtdb_source_abundance,hmp_gastrooral_gtdb_source_abundance	0.8902267944821136	180.96959052268437	-0.03486898665406321	1119	317	57	0.0061879228375822165	0.0	140.4291990334618	-0.9604476283051091	11.0	1.0	-11.0	9.0	0.0	17.0
raw_rescue_ani0.93_xny700_br0.2_af0.3_zero_rescue_mass	hmp_airskin_gtdb_source_abundance,hmp_gastrooral_gtdb_source_abundance	0.8902267944821136	35.76275879445157	0.931600391105674	1119	317	57	0.0061879228375822165	0.0	0.0	2.742196312415064e-07	11.0	1.0	-11.0	9.0	0.0	17.0
raw_rescue_ani0.93_xny700_br0.2_af0.5_raw_depth_abundance	hmp_airskin_gtdb_source_abundance,hmp_gastrooral_gtdb_source_abundance	0.8902267944821136	180.96959052268437	-0.03486898665406321	1119	317	57	0.0061879228375822165	0.0	140.4291990334618	-0.9604476283051091	11.0	1.0	-11.0	9.0	0.0	17.0
raw_rescue_ani0.93_xny700_br0.2_af0.5_zero_rescue_mass	hmp_airskin_gtdb_source_abundance,hmp_gastrooral_gtdb_source_abundance	0.8902267944821136	35.76275879445157	0.931600391105674	1119	317	57	0.0061879228375822165	0.0	0.0	2.742196312415064e-07	11.0	1.0	-11.0	9.0	0.0	17.0
raw_rescue_ani0.93_xny700_br0.2_af0.7_raw_depth_abundance	hmp_airskin_gtdb_source_abundance,hmp_gastrooral_gtdb_source_abundance	0.8902267944821136	180.96959052268437	-0.03486898665406321	1119	317	57	0.0061879228375822165	0.0	140.4291990334618	-0.9604476283051091	11.0	1.0	-11.0	9.0	0.0	17.0
raw_rescue_ani0.93_xny700_br0.2_af0.7_zero_rescue_mass	hmp_airskin_gtdb_source_abundance,hmp_gastrooral_gtdb_source_abundance	0.8902267944821136	35.76275879445157	0.931600391105674	1119	317	57	0.0061879228375822165	0.0	0.0	2.742196312415064e-07	11.0	1.0	-11.0	9.0	0.0	17.0
raw_rescue_ani0.93_xny700_br0.2_af0.9_raw_depth_abundance	hmp_airskin_gtdb_source_abundance,hmp_gastrooral_gtdb_source_abundance	0.8850712707698818	180.96946329090525	-0.035078691981263115	1109	316	67	0.0005902026362384435	0.0	140.4288682130004	-0.9608348231592523	1.0	0.0	-1.0	1.0	0.0	25.0
raw_rescue_ani0.93_xny700_br0.2_af0.9_zero_rescue_mass	hmp_airskin_gtdb_source_abundance,hmp_gastrooral_gtdb_source_abundance	0.8850712707698818	35.76275879445157	0.9316002425700405	1109	316	67	0.0005902026362384435	0.0	0.0	0.0	1.0	0.0	-1.0	1.0	0.0	25.0
raw_rescue_ani0.93_xny700_br0.3_af0.1_raw_depth_abundance	hmp_airskin_gtdb_source_abundance,hmp_gastrooral_gtdb_source_abundance	0.8892241884448611	181.0017219222056	-0.034929923684303	1114	316	62	0.0033591364666979598	0.0	140.48851854027032	-0.9605601274378593	6.0	0.0	-6.0	5.0	0.0	21.0
raw_rescue_ani0.93_xny700_br0.3_af0.1_zero_rescue_mass	hmp_airskin_gtdb_source_abundance,hmp_gastrooral_gtdb_source_abundance	0.8892241884448611	35.76275879445157	0.9316002425700405	1114	316	62	0.0033591364666979598	0.0	0.0	0.0	6.0	0.0	-6.0	5.0	0.0	21.0
raw_rescue_ani0.93_xny700_br0.3_af0.3_raw_depth_abundance	hmp_airskin_gtdb_source_abundance,hmp_gastrooral_gtdb_source_abundance	0.8892241884448611	181.0017219222056	-0.034929923684303	1114	316	62	0.0033591364666979598	0.0	140.48851854027032	-0.9605601274378593	6.0	0.0	-6.0	5.0	0.0	21.0
raw_rescue_ani0.93_xny700_br0.3_af0.3_zero_rescue_mass	hmp_airskin_gtdb_source_abundance,hmp_gastrooral_gtdb_source_abundance	0.8892241884448611	35.76275879445157	0.9316002425700405	1114	316	62	0.0033591364666979598	0.0	0.0	0.0	6.0	0.0	-6.0	5.0	0.0	21.0
raw_rescue_ani0.93_xny700_br0.3_af0.5_raw_depth_abundance	hmp_airskin_gtdb_source_abundance,hmp_gastrooral_gtdb_source_abundance	0.8892241884448611	181.0017219222056	-0.034929923684303	1114	316	62	0.0033591364666979598	0.0	140.48851854027032	-0.9605601274378593	6.0	0.0	-6.0	5.0	0.0	21.0
raw_rescue_ani0.93_xny700_br0.3_af0.5_zero_rescue_mass	hmp_airskin_gtdb_source_abundance,hmp_gastrooral_gtdb_source_abundance	0.8892241884448611	35.76275879445157	0.9316002425700405	1114	316	62	0.0033591364666979598	0.0	0.0	0.0	6.0	0.0	-6.0	5.0	0.0	21.0
raw_rescue_ani0.93_xny700_br0.3_af0.7_raw_depth_abundance	hmp_airskin_gtdb_source_abundance,hmp_gastrooral_gtdb_source_abundance	0.8892241884448611	181.0017219222056	-0.034929923684303	1114	316	62	0.0033591364666979598	0.0	140.48851854027032	-0.9605601274378593	6.0	0.0	-6.0	5.0	0.0	21.0
raw_rescue_ani0.93_xny700_br0.3_af0.7_zero_rescue_mass	hmp_airskin_gtdb_source_abundance,hmp_gastrooral_gtdb_source_abundance	0.8892241884448611	35.76275879445157	0.9316002425700405	1114	316	62	0.0033591364666979598	0.0	0.0	0.0	6.0	0.0	-6.0	5.0	0.0	21.0
raw_rescue_ani0.93_xny700_br0.3_af0.9_raw_depth_abundance	hmp_airskin_gtdb_source_abundance,hmp_gastrooral_gtdb_source_abundance	0.8850712707698818	180.96946329090525	-0.035078691981263115	1109	316	67	0.0005902026362384435	0.0	140.4288682130004	-0.9608348231592523	1.0	0.0	-1.0	1.0	0.0	25.0
raw_rescue_ani0.93_xny700_br0.3_af0.9_zero_rescue_mass	hmp_airskin_gtdb_source_abundance,hmp_gastrooral_gtdb_source_abundance	0.8850712707698818	35.76275879445157	0.9316002425700405	1109	316	67	0.0005902026362384435	0.0	0.0	0.0	1.0	0.0	-1.0	1.0	0.0	25.0
raw_rescue_ani0.93_xny700_br0.5_af0.1_raw_depth_abundance	hmp_airskin_gtdb_source_abundance,hmp_gastrooral_gtdb_source_abundance	0.8882791407442188	180.96940660439162	-0.03507871949267515	1110	316	66	0.0010183459215245849	0.0	140.42885949199834	-0.9608348273917772	2.0	0.0	-2.0	2.0	0.0	24.0
raw_rescue_ani0.93_xny700_br0.5_af0.1_zero_rescue_mass	hmp_airskin_gtdb_source_abundance,hmp_gastrooral_gtdb_source_abundance	0.8882791407442188	35.76275879445157	0.9316002425700405	1110	316	66	0.0010183459215245849	0.0	0.0	0.0	2.0	0.0	-2.0	2.0	0.0	24.0
raw_rescue_ani0.93_xny700_br0.5_af0.3_raw_depth_abundance	hmp_airskin_gtdb_source_abundance,hmp_gastrooral_gtdb_source_abundance	0.8882791407442188	180.96940660439162	-0.03507871949267515	1110	316	66	0.0010183459215245849	0.0	140.42885949199834	-0.9608348273917772	2.0	0.0	-2.0	2.0	0.0	24.0
raw_rescue_ani0.93_xny700_br0.5_af0.3_zero_rescue_mass	hmp_airskin_gtdb_source_abundance,hmp_gastrooral_gtdb_source_abundance	0.8882791407442188	35.76275879445157	0.9316002425700405	1110	316	66	0.0010183459215245849	0.0	0.0	0.0	2.0	0.0	-2.0	2.0	0.0	24.0
raw_rescue_ani0.93_xny700_br0.5_af0.5_raw_depth_abundance	hmp_airskin_gtdb_source_abundance,hmp_gastrooral_gtdb_source_abundance	0.8882791407442188	180.96940660439162	-0.03507871949267515	1110	316	66	0.0010183459215245849	0.0	140.42885949199834	-0.9608348273917772	2.0	0.0	-2.0	2.0	0.0	24.0
raw_rescue_ani0.93_xny700_br0.5_af0.5_zero_rescue_mass	hmp_airskin_gtdb_source_abundance,hmp_gastrooral_gtdb_source_abundance	0.8882791407442188	35.76275879445157	0.9316002425700405	1110	316	66	0.0010183459215245849	0.0	0.0	0.0	2.0	0.0	-2.0	2.0	0.0	24.0
raw_rescue_ani0.93_xny700_br0.5_af0.7_raw_depth_abundance	hmp_airskin_gtdb_source_abundance,hmp_gastrooral_gtdb_source_abundance	0.8882791407442188	180.96940660439162	-0.03507871949267515	1110	316	66	0.0010183459215245849	0.0	140.42885949199834	-0.9608348273917772	2.0	0.0	-2.0	2.0	0.0	24.0
raw_rescue_ani0.93_xny700_br0.5_af0.7_zero_rescue_mass	hmp_airskin_gtdb_source_abundance,hmp_gastrooral_gtdb_source_abundance	0.8882791407442188	35.76275879445157	0.9316002425700405	1110	316	66	0.0010183459215245849	0.0	0.0	0.0	2.0	0.0	-2.0	2.0	0.0	24.0
raw_rescue_ani0.93_xny700_br0.5_af0.9_raw_depth_abundance	hmp_airskin_gtdb_source_abundance,hmp_gastrooral_gtdb_source_abundance	0.8850712707698818	180.96946329090525	-0.035078691981263115	1109	316	67	0.0005902026362384435	0.0	140.4288682130004	-0.9608348231592523	1.0	0.0	-1.0	1.0	0.0	25.0
raw_rescue_ani0.93_xny700_br0.5_af0.9_zero_rescue_mass	hmp_airskin_gtdb_source_abundance,hmp_gastrooral_gtdb_source_abundance	0.8850712707698818	35.76275879445157	0.9316002425700405	1109	316	67	0.0005902026362384435	0.0	0.0	0.0	1.0	0.0	-1.0	1.0	0.0	25.0
raw_rescue_ani0.93_xny900_br0.05_af0.1_raw_depth_abundance	hmp_airskin_gtdb_source_abundance,hmp_gastrooral_gtdb_source_abundance	0.8850712707698818	180.96946329090525	-0.035078691981263115	1109	316	67	0.0005902026362384435	0.0	140.4288682130004	-0.9608348231592523	1.0	0.0	-1.0	1.0	0.0	25.0
raw_rescue_ani0.93_xny900_br0.05_af0.1_zero_rescue_mass	hmp_airskin_gtdb_source_abundance,hmp_gastrooral_gtdb_source_abundance	0.8850712707698818	35.76275879445157	0.9316002425700405	1109	316	67	0.0005902026362384435	0.0	0.0	0.0	1.0	0.0	-1.0	1.0	0.0	25.0
raw_rescue_ani0.93_xny900_br0.05_af0.3_raw_depth_abundance	hmp_airskin_gtdb_source_abundance,hmp_gastrooral_gtdb_source_abundance	0.8850712707698818	180.96946329090525	-0.035078691981263115	1109	316	67	0.0005902026362384435	0.0	140.4288682130004	-0.9608348231592523	1.0	0.0	-1.0	1.0	0.0	25.0
raw_rescue_ani0.93_xny900_br0.05_af0.3_zero_rescue_mass	hmp_airskin_gtdb_source_abundance,hmp_gastrooral_gtdb_source_abundance	0.8850712707698818	35.76275879445157	0.9316002425700405	1109	316	67	0.0005902026362384435	0.0	0.0	0.0	1.0	0.0	-1.0	1.0	0.0	25.0
raw_rescue_ani0.93_xny900_br0.05_af0.5_raw_depth_abundance	hmp_airskin_gtdb_source_abundance,hmp_gastrooral_gtdb_source_abundance	0.8850712707698818	180.96946329090525	-0.035078691981263115	1109	316	67	0.0005902026362384435	0.0	140.4288682130004	-0.9608348231592523	1.0	0.0	-1.0	1.0	0.0	25.0
raw_rescue_ani0.93_xny900_br0.05_af0.5_zero_rescue_mass	hmp_airskin_gtdb_source_abundance,hmp_gastrooral_gtdb_source_abundance	0.8850712707698818	35.76275879445157	0.9316002425700405	1109	316	67	0.0005902026362384435	0.0	0.0	0.0	1.0	0.0	-1.0	1.0	0.0	25.0
raw_rescue_ani0.93_xny900_br0.05_af0.7_raw_depth_abundance	hmp_airskin_gtdb_source_abundance,hmp_gastrooral_gtdb_source_abundance	0.8850712707698818	180.96946329090525	-0.035078691981263115	1109	316	67	0.0005902026362384435	0.0	140.4288682130004	-0.9608348231592523	1.0	0.0	-1.0	1.0	0.0	25.0
raw_rescue_ani0.93_xny900_br0.05_af0.7_zero_rescue_mass	hmp_airskin_gtdb_source_abundance,hmp_gastrooral_gtdb_source_abundance	0.8850712707698818	35.76275879445157	0.9316002425700405	1109	316	67	0.0005902026362384435	0.0	0.0	0.0	1.0	0.0	-1.0	1.0	0.0	25.0
raw_rescue_ani0.93_xny900_br0.05_af0.9_raw_depth_abundance	hmp_airskin_gtdb_source_abundance,hmp_gastrooral_gtdb_source_abundance	0.8850712707698818	180.96946329090525	-0.035078691981263115	1109	316	67	0.0005902026362384435	0.0	140.4288682130004	-0.9608348231592523	1.0	0.0	-1.0	1.0	0.0	25.0
raw_rescue_ani0.93_xny900_br0.05_af0.9_zero_rescue_mass	hmp_airskin_gtdb_source_abundance,hmp_gastrooral_gtdb_source_abundance	0.8850712707698818	35.76275879445157	0.9316002425700405	1109	316	67	0.0005902026362384435	0.0	0.0	0.0	1.0	0.0	-1.0	1.0	0.0	25.0
raw_rescue_ani0.93_xny900_br0.15_af0.1_raw_depth_abundance	hmp_airskin_gtdb_source_abundance,hmp_gastrooral_gtdb_source_abundance	0.8850712707698818	180.96946329090525	-0.035078691981263115	1109	316	67	0.0005902026362384435	0.0	140.4288682130004	-0.9608348231592523	1.0	0.0	-1.0	1.0	0.0	25.0
raw_rescue_ani0.93_xny900_br0.15_af0.1_zero_rescue_mass	hmp_airskin_gtdb_source_abundance,hmp_gastrooral_gtdb_source_abundance	0.8850712707698818	35.76275879445157	0.9316002425700405	1109	316	67	0.0005902026362384435	0.0	0.0	0.0	1.0	0.0	-1.0	1.0	0.0	25.0
raw_rescue_ani0.93_xny900_br0.15_af0.3_raw_depth_abundance	hmp_airskin_gtdb_source_abundance,hmp_gastrooral_gtdb_source_abundance	0.8850712707698818	180.96946329090525	-0.035078691981263115	1109	316	67	0.0005902026362384435	0.0	140.4288682130004	-0.9608348231592523	1.0	0.0	-1.0	1.0	0.0	25.0
raw_rescue_ani0.93_xny900_br0.15_af0.3_zero_rescue_mass	hmp_airskin_gtdb_source_abundance,hmp_gastrooral_gtdb_source_abundance	0.8850712707698818	35.76275879445157	0.9316002425700405	1109	316	67	0.0005902026362384435	0.0	0.0	0.0	1.0	0.0	-1.0	1.0	0.0	25.0
raw_rescue_ani0.93_xny900_br0.15_af0.5_raw_depth_abundance	hmp_airskin_gtdb_source_abundance,hmp_gastrooral_gtdb_source_abundance	0.8850712707698818	180.96946329090525	-0.035078691981263115	1109	316	67	0.0005902026362384435	0.0	140.4288682130004	-0.9608348231592523	1.0	0.0	-1.0	1.0	0.0	25.0
raw_rescue_ani0.93_xny900_br0.15_af0.5_zero_rescue_mass	hmp_airskin_gtdb_source_abundance,hmp_gastrooral_gtdb_source_abundance	0.8850712707698818	35.76275879445157	0.9316002425700405	1109	316	67	0.0005902026362384435	0.0	0.0	0.0	1.0	0.0	-1.0	1.0	0.0	25.0
raw_rescue_ani0.93_xny900_br0.15_af0.7_raw_depth_abundance	hmp_airskin_gtdb_source_abundance,hmp_gastrooral_gtdb_source_abundance	0.8850712707698818	180.96946329090525	-0.035078691981263115	1109	316	67	0.0005902026362384435	0.0	140.4288682130004	-0.9608348231592523	1.0	0.0	-1.0	1.0	0.0	25.0
raw_rescue_ani0.93_xny900_br0.15_af0.7_zero_rescue_mass	hmp_airskin_gtdb_source_abundance,hmp_gastrooral_gtdb_source_abundance	0.8850712707698818	35.76275879445157	0.9316002425700405	1109	316	67	0.0005902026362384435	0.0	0.0	0.0	1.0	0.0	-1.0	1.0	0.0	25.0
raw_rescue_ani0.93_xny900_br0.15_af0.9_raw_depth_abundance	hmp_airskin_gtdb_source_abundance,hmp_gastrooral_gtdb_source_abundance	0.8850712707698818	180.96946329090525	-0.035078691981263115	1109	316	67	0.0005902026362384435	0.0	140.4288682130004	-0.9608348231592523	1.0	0.0	-1.0	1.0	0.0	25.0
raw_rescue_ani0.93_xny900_br0.15_af0.9_zero_rescue_mass	hmp_airskin_gtdb_source_abundance,hmp_gastrooral_gtdb_source_abundance	0.8850712707698818	35.76275879445157	0.9316002425700405	1109	316	67	0.0005902026362384435	0.0	0.0	0.0	1.0	0.0	-1.0	1.0	0.0	25.0
raw_rescue_ani0.93_xny900_br0.1_af0.1_raw_depth_abundance	hmp_airskin_gtdb_source_abundance,hmp_gastrooral_gtdb_source_abundance	0.8850712707698818	180.96946329090525	-0.035078691981263115	1109	316	67	0.0005902026362384435	0.0	140.4288682130004	-0.9608348231592523	1.0	0.0	-1.0	1.0	0.0	25.0
raw_rescue_ani0.93_xny900_br0.1_af0.1_zero_rescue_mass	hmp_airskin_gtdb_source_abundance,hmp_gastrooral_gtdb_source_abundance	0.8850712707698818	35.76275879445157	0.9316002425700405	1109	316	67	0.0005902026362384435	0.0	0.0	0.0	1.0	0.0	-1.0	1.0	0.0	25.0
raw_rescue_ani0.93_xny900_br0.1_af0.3_raw_depth_abundance	hmp_airskin_gtdb_source_abundance,hmp_gastrooral_gtdb_source_abundance	0.8850712707698818	180.96946329090525	-0.035078691981263115	1109	316	67	0.0005902026362384435	0.0	140.4288682130004	-0.9608348231592523	1.0	0.0	-1.0	1.0	0.0	25.0
raw_rescue_ani0.93_xny900_br0.1_af0.3_zero_rescue_mass	hmp_airskin_gtdb_source_abundance,hmp_gastrooral_gtdb_source_abundance	0.8850712707698818	35.76275879445157	0.9316002425700405	1109	316	67	0.0005902026362384435	0.0	0.0	0.0	1.0	0.0	-1.0	1.0	0.0	25.0
raw_rescue_ani0.93_xny900_br0.1_af0.5_raw_depth_abundance	hmp_airskin_gtdb_source_abundance,hmp_gastrooral_gtdb_source_abundance	0.8850712707698818	180.96946329090525	-0.035078691981263115	1109	316	67	0.0005902026362384435	0.0	140.4288682130004	-0.9608348231592523	1.0	0.0	-1.0	1.0	0.0	25.0
raw_rescue_ani0.93_xny900_br0.1_af0.5_zero_rescue_mass	hmp_airskin_gtdb_source_abundance,hmp_gastrooral_gtdb_source_abundance	0.8850712707698818	35.76275879445157	0.9316002425700405	1109	316	67	0.0005902026362384435	0.0	0.0	0.0	1.0	0.0	-1.0	1.0	0.0	25.0
raw_rescue_ani0.93_xny900_br0.1_af0.7_raw_depth_abundance	hmp_airskin_gtdb_source_abundance,hmp_gastrooral_gtdb_source_abundance	0.8850712707698818	180.96946329090525	-0.035078691981263115	1109	316	67	0.0005902026362384435	0.0	140.4288682130004	-0.9608348231592523	1.0	0.0	-1.0	1.0	0.0	25.0
raw_rescue_ani0.93_xny900_br0.1_af0.7_zero_rescue_mass	hmp_airskin_gtdb_source_abundance,hmp_gastrooral_gtdb_source_abundance	0.8850712707698818	35.76275879445157	0.9316002425700405	1109	316	67	0.0005902026362384435	0.0	0.0	0.0	1.0	0.0	-1.0	1.0	0.0	25.0
raw_rescue_ani0.93_xny900_br0.1_af0.9_raw_depth_abundance	hmp_airskin_gtdb_source_abundance,hmp_gastrooral_gtdb_source_abundance	0.8850712707698818	180.96946329090525	-0.035078691981263115	1109	316	67	0.0005902026362384435	0.0	140.4288682130004	-0.9608348231592523	1.0	0.0	-1.0	1.0	0.0	25.0
raw_rescue_ani0.93_xny900_br0.1_af0.9_zero_rescue_mass	hmp_airskin_gtdb_source_abundance,hmp_gastrooral_gtdb_source_abundance	0.8850712707698818	35.76275879445157	0.9316002425700405	1109	316	67	0.0005902026362384435	0.0	0.0	0.0	1.0	0.0	-1.0	1.0	0.0	25.0
raw_rescue_ani0.93_xny900_br0.25_af0.1_raw_depth_abundance	hmp_airskin_gtdb_source_abundance,hmp_gastrooral_gtdb_source_abundance	0.8850712707698818	180.96946329090525	-0.035078691981263115	1109	316	67	0.0005902026362384435	0.0	140.4288682130004	-0.9608348231592523	1.0	0.0	-1.0	1.0	0.0	25.0
raw_rescue_ani0.93_xny900_br0.25_af0.1_zero_rescue_mass	hmp_airskin_gtdb_source_abundance,hmp_gastrooral_gtdb_source_abundance	0.8850712707698818	35.76275879445157	0.9316002425700405	1109	316	67	0.0005902026362384435	0.0	0.0	0.0	1.0	0.0	-1.0	1.0	0.0	25.0
raw_rescue_ani0.93_xny900_br0.25_af0.3_raw_depth_abundance	hmp_airskin_gtdb_source_abundance,hmp_gastrooral_gtdb_source_abundance	0.8850712707698818	180.96946329090525	-0.035078691981263115	1109	316	67	0.0005902026362384435	0.0	140.4288682130004	-0.9608348231592523	1.0	0.0	-1.0	1.0	0.0	25.0
raw_rescue_ani0.93_xny900_br0.25_af0.3_zero_rescue_mass	hmp_airskin_gtdb_source_abundance,hmp_gastrooral_gtdb_source_abundance	0.8850712707698818	35.76275879445157	0.9316002425700405	1109	316	67	0.0005902026362384435	0.0	0.0	0.0	1.0	0.0	-1.0	1.0	0.0	25.0
raw_rescue_ani0.93_xny900_br0.25_af0.5_raw_depth_abundance	hmp_airskin_gtdb_source_abundance,hmp_gastrooral_gtdb_source_abundance	0.8850712707698818	180.96946329090525	-0.035078691981263115	1109	316	67	0.0005902026362384435	0.0	140.4288682130004	-0.9608348231592523	1.0	0.0	-1.0	1.0	0.0	25.0
raw_rescue_ani0.93_xny900_br0.25_af0.5_zero_rescue_mass	hmp_airskin_gtdb_source_abundance,hmp_gastrooral_gtdb_source_abundance	0.8850712707698818	35.76275879445157	0.9316002425700405	1109	316	67	0.0005902026362384435	0.0	0.0	0.0	1.0	0.0	-1.0	1.0	0.0	25.0
raw_rescue_ani0.93_xny900_br0.25_af0.7_raw_depth_abundance	hmp_airskin_gtdb_source_abundance,hmp_gastrooral_gtdb_source_abundance	0.8850712707698818	180.96946329090525	-0.035078691981263115	1109	316	67	0.0005902026362384435	0.0	140.4288682130004	-0.9608348231592523	1.0	0.0	-1.0	1.0	0.0	25.0
raw_rescue_ani0.93_xny900_br0.25_af0.7_zero_rescue_mass	hmp_airskin_gtdb_source_abundance,hmp_gastrooral_gtdb_source_abundance	0.8850712707698818	35.76275879445157	0.9316002425700405	1109	316	67	0.0005902026362384435	0.0	0.0	0.0	1.0	0.0	-1.0	1.0	0.0	25.0
raw_rescue_ani0.93_xny900_br0.25_af0.9_raw_depth_abundance	hmp_airskin_gtdb_source_abundance,hmp_gastrooral_gtdb_source_abundance	0.8850712707698818	180.96946329090525	-0.035078691981263115	1109	316	67	0.0005902026362384435	0.0	140.4288682130004	-0.9608348231592523	1.0	0.0	-1.0	1.0	0.0	25.0
raw_rescue_ani0.93_xny900_br0.25_af0.9_zero_rescue_mass	hmp_airskin_gtdb_source_abundance,hmp_gastrooral_gtdb_source_abundance	0.8850712707698818	35.76275879445157	0.9316002425700405	1109	316	67	0.0005902026362384435	0.0	0.0	0.0	1.0	0.0	-1.0	1.0	0.0	25.0
raw_rescue_ani0.93_xny900_br0.2_af0.1_raw_depth_abundance	hmp_airskin_gtdb_source_abundance,hmp_gastrooral_gtdb_source_abundance	0.8850712707698818	180.96946329090525	-0.035078691981263115	1109	316	67	0.0005902026362384435	0.0	140.4288682130004	-0.9608348231592523	1.0	0.0	-1.0	1.0	0.0	25.0
raw_rescue_ani0.93_xny900_br0.2_af0.1_zero_rescue_mass	hmp_airskin_gtdb_source_abundance,hmp_gastrooral_gtdb_source_abundance	0.8850712707698818	35.76275879445157	0.9316002425700405	1109	316	67	0.0005902026362384435	0.0	0.0	0.0	1.0	0.0	-1.0	1.0	0.0	25.0
raw_rescue_ani0.93_xny900_br0.2_af0.3_raw_depth_abundance	hmp_airskin_gtdb_source_abundance,hmp_gastrooral_gtdb_source_abundance	0.8850712707698818	180.96946329090525	-0.035078691981263115	1109	316	67	0.0005902026362384435	0.0	140.4288682130004	-0.9608348231592523	1.0	0.0	-1.0	1.0	0.0	25.0
raw_rescue_ani0.93_xny900_br0.2_af0.3_zero_rescue_mass	hmp_airskin_gtdb_source_abundance,hmp_gastrooral_gtdb_source_abundance	0.8850712707698818	35.76275879445157	0.9316002425700405	1109	316	67	0.0005902026362384435	0.0	0.0	0.0	1.0	0.0	-1.0	1.0	0.0	25.0
raw_rescue_ani0.93_xny900_br0.2_af0.5_raw_depth_abundance	hmp_airskin_gtdb_source_abundance,hmp_gastrooral_gtdb_source_abundance	0.8850712707698818	180.96946329090525	-0.035078691981263115	1109	316	67	0.0005902026362384435	0.0	140.4288682130004	-0.9608348231592523	1.0	0.0	-1.0	1.0	0.0	25.0
raw_rescue_ani0.93_xny900_br0.2_af0.5_zero_rescue_mass	hmp_airskin_gtdb_source_abundance,hmp_gastrooral_gtdb_source_abundance	0.8850712707698818	35.76275879445157	0.9316002425700405	1109	316	67	0.0005902026362384435	0.0	0.0	0.0	1.0	0.0	-1.0	1.0	0.0	25.0
raw_rescue_ani0.93_xny900_br0.2_af0.7_raw_depth_abundance	hmp_airskin_gtdb_source_abundance,hmp_gastrooral_gtdb_source_abundance	0.8850712707698818	180.96946329090525	-0.035078691981263115	1109	316	67	0.0005902026362384435	0.0	140.4288682130004	-0.9608348231592523	1.0	0.0	-1.0	1.0	0.0	25.0
raw_rescue_ani0.93_xny900_br0.2_af0.7_zero_rescue_mass	hmp_airskin_gtdb_source_abundance,hmp_gastrooral_gtdb_source_abundance	0.8850712707698818	35.76275879445157	0.9316002425700405	1109	316	67	0.0005902026362384435	0.0	0.0	0.0	1.0	0.0	-1.0	1.0	0.0	25.0
raw_rescue_ani0.93_xny900_br0.2_af0.9_raw_depth_abundance	hmp_airskin_gtdb_source_abundance,hmp_gastrooral_gtdb_source_abundance	0.8850712707698818	180.96946329090525	-0.035078691981263115	1109	316	67	0.0005902026362384435	0.0	140.4288682130004	-0.9608348231592523	1.0	0.0	-1.0	1.0	0.0	25.0
raw_rescue_ani0.93_xny900_br0.2_af0.9_zero_rescue_mass	hmp_airskin_gtdb_source_abundance,hmp_gastrooral_gtdb_source_abundance	0.8850712707698818	35.76275879445157	0.9316002425700405	1109	316	67	0.0005902026362384435	0.0	0.0	0.0	1.0	0.0	-1.0	1.0	0.0	25.0
raw_rescue_ani0.93_xny900_br0.3_af0.1_raw_depth_abundance	hmp_airskin_gtdb_source_abundance,hmp_gastrooral_gtdb_source_abundance	0.8850712707698818	180.96946329090525	-0.035078691981263115	1109	316	67	0.0005902026362384435	0.0	140.4288682130004	-0.9608348231592523	1.0	0.0	-1.0	1.0	0.0	25.0
raw_rescue_ani0.93_xny900_br0.3_af0.1_zero_rescue_mass	hmp_airskin_gtdb_source_abundance,hmp_gastrooral_gtdb_source_abundance	0.8850712707698818	35.76275879445157	0.9316002425700405	1109	316	67	0.0005902026362384435	0.0	0.0	0.0	1.0	0.0	-1.0	1.0	0.0	25.0
raw_rescue_ani0.93_xny900_br0.3_af0.3_raw_depth_abundance	hmp_airskin_gtdb_source_abundance,hmp_gastrooral_gtdb_source_abundance	0.8850712707698818	180.96946329090525	-0.035078691981263115	1109	316	67	0.0005902026362384435	0.0	140.4288682130004	-0.9608348231592523	1.0	0.0	-1.0	1.0	0.0	25.0
raw_rescue_ani0.93_xny900_br0.3_af0.3_zero_rescue_mass	hmp_airskin_gtdb_source_abundance,hmp_gastrooral_gtdb_source_abundance	0.8850712707698818	35.76275879445157	0.9316002425700405	1109	316	67	0.0005902026362384435	0.0	0.0	0.0	1.0	0.0	-1.0	1.0	0.0	25.0
raw_rescue_ani0.93_xny900_br0.3_af0.5_raw_depth_abundance	hmp_airskin_gtdb_source_abundance,hmp_gastrooral_gtdb_source_abundance	0.8850712707698818	180.96946329090525	-0.035078691981263115	1109	316	67	0.0005902026362384435	0.0	140.4288682130004	-0.9608348231592523	1.0	0.0	-1.0	1.0	0.0	25.0
raw_rescue_ani0.93_xny900_br0.3_af0.5_zero_rescue_mass	hmp_airskin_gtdb_source_abundance,hmp_gastrooral_gtdb_source_abundance	0.8850712707698818	35.76275879445157	0.9316002425700405	1109	316	67	0.0005902026362384435	0.0	0.0	0.0	1.0	0.0	-1.0	1.0	0.0	25.0
raw_rescue_ani0.93_xny900_br0.3_af0.7_raw_depth_abundance	hmp_airskin_gtdb_source_abundance,hmp_gastrooral_gtdb_source_abundance	0.8850712707698818	180.96946329090525	-0.035078691981263115	1109	316	67	0.0005902026362384435	0.0	140.4288682130004	-0.9608348231592523	1.0	0.0	-1.0	1.0	0.0	25.0
raw_rescue_ani0.93_xny900_br0.3_af0.7_zero_rescue_mass	hmp_airskin_gtdb_source_abundance,hmp_gastrooral_gtdb_source_abundance	0.8850712707698818	35.76275879445157	0.9316002425700405	1109	316	67	0.0005902026362384435	0.0	0.0	0.0	1.0	0.0	-1.0	1.0	0.0	25.0
raw_rescue_ani0.93_xny900_br0.3_af0.9_raw_depth_abundance	hmp_airskin_gtdb_source_abundance,hmp_gastrooral_gtdb_source_abundance	0.8850712707698818	180.96946329090525	-0.035078691981263115	1109	316	67	0.0005902026362384435	0.0	140.4288682130004	-0.9608348231592523	1.0	0.0	-1.0	1.0	0.0	25.0
raw_rescue_ani0.93_xny900_br0.3_af0.9_zero_rescue_mass	hmp_airskin_gtdb_source_abundance,hmp_gastrooral_gtdb_source_abundance	0.8850712707698818	35.76275879445157	0.9316002425700405	1109	316	67	0.0005902026362384435	0.0	0.0	0.0	1.0	0.0	-1.0	1.0	0.0	25.0
raw_rescue_ani0.93_xny900_br0.5_af0.1_raw_depth_abundance	hmp_airskin_gtdb_source_abundance,hmp_gastrooral_gtdb_source_abundance	0.8850712707698818	180.96946329090525	-0.035078691981263115	1109	316	67	0.0005902026362384435	0.0	140.4288682130004	-0.9608348231592523	1.0	0.0	-1.0	1.0	0.0	25.0
raw_rescue_ani0.93_xny900_br0.5_af0.1_zero_rescue_mass	hmp_airskin_gtdb_source_abundance,hmp_gastrooral_gtdb_source_abundance	0.8850712707698818	35.76275879445157	0.9316002425700405	1109	316	67	0.0005902026362384435	0.0	0.0	0.0	1.0	0.0	-1.0	1.0	0.0	25.0
raw_rescue_ani0.93_xny900_br0.5_af0.3_raw_depth_abundance	hmp_airskin_gtdb_source_abundance,hmp_gastrooral_gtdb_source_abundance	0.8850712707698818	180.96946329090525	-0.035078691981263115	1109	316	67	0.0005902026362384435	0.0	140.4288682130004	-0.9608348231592523	1.0	0.0	-1.0	1.0	0.0	25.0
raw_rescue_ani0.93_xny900_br0.5_af0.3_zero_rescue_mass	hmp_airskin_gtdb_source_abundance,hmp_gastrooral_gtdb_source_abundance	0.8850712707698818	35.76275879445157	0.9316002425700405	1109	316	67	0.0005902026362384435	0.0	0.0	0.0	1.0	0.0	-1.0	1.0	0.0	25.0
raw_rescue_ani0.93_xny900_br0.5_af0.5_raw_depth_abundance	hmp_airskin_gtdb_source_abundance,hmp_gastrooral_gtdb_source_abundance	0.8850712707698818	180.96946329090525	-0.035078691981263115	1109	316	67	0.0005902026362384435	0.0	140.4288682130004	-0.9608348231592523	1.0	0.0	-1.0	1.0	0.0	25.0
raw_rescue_ani0.93_xny900_br0.5_af0.5_zero_rescue_mass	hmp_airskin_gtdb_source_abundance,hmp_gastrooral_gtdb_source_abundance	0.8850712707698818	35.76275879445157	0.9316002425700405	1109	316	67	0.0005902026362384435	0.0	0.0	0.0	1.0	0.0	-1.0	1.0	0.0	25.0
raw_rescue_ani0.93_xny900_br0.5_af0.7_raw_depth_abundance	hmp_airskin_gtdb_source_abundance,hmp_gastrooral_gtdb_source_abundance	0.8850712707698818	180.96946329090525	-0.035078691981263115	1109	316	67	0.0005902026362384435	0.0	140.4288682130004	-0.9608348231592523	1.0	0.0	-1.0	1.0	0.0	25.0
raw_rescue_ani0.93_xny900_br0.5_af0.7_zero_rescue_mass	hmp_airskin_gtdb_source_abundance,hmp_gastrooral_gtdb_source_abundance	0.8850712707698818	35.76275879445157	0.9316002425700405	1109	316	67	0.0005902026362384435	0.0	0.0	0.0	1.0	0.0	-1.0	1.0	0.0	25.0
raw_rescue_ani0.93_xny900_br0.5_af0.9_raw_depth_abundance	hmp_airskin_gtdb_source_abundance,hmp_gastrooral_gtdb_source_abundance	0.8850712707698818	180.96946329090525	-0.035078691981263115	1109	316	67	0.0005902026362384435	0.0	140.4288682130004	-0.9608348231592523	1.0	0.0	-1.0	1.0	0.0	25.0
raw_rescue_ani0.93_xny900_br0.5_af0.9_zero_rescue_mass	hmp_airskin_gtdb_source_abundance,hmp_gastrooral_gtdb_source_abundance	0.8850712707698818	35.76275879445157	0.9316002425700405	1109	316	67	0.0005902026362384435	0.0	0.0	0.0	1.0	0.0	-1.0	1.0	0.0	25.0
raw_rescue_ani0.94_xny100_br0.05_af0.1_raw_depth_abundance	hmp_airskin_gtdb_source_abundance,hmp_gastrooral_gtdb_source_abundance	0.8262814193925356	184.21555375218566	-0.06935493880224393	1119	387	57	-0.02803046933108475	-0.2102272727272727	146.41369043993978	-1.001578004213878	11.0	71.0	-11.0	6.0	13.0	7.0
raw_rescue_ani0.94_xny100_br0.05_af0.1_zero_rescue_mass	hmp_airskin_gtdb_source_abundance,hmp_gastrooral_gtdb_source_abundance	0.8262814193925356	35.76275879445157	0.932003339449561	1119	387	57	-0.02803046933108475	-0.2102272727272727	-7.51535585900106e-16	0.0008070027197029351	11.0	71.0	-11.0	6.0	13.0	7.0
raw_rescue_ani0.94_xny100_br0.05_af0.3_raw_depth_abundance	hmp_airskin_gtdb_source_abundance,hmp_gastrooral_gtdb_source_abundance	0.849624060150376	184.21332052123574	-0.060662527210842414	1118	358	58	-0.016195469303792974	-0.11698717948717952	146.41205075442332	-0.9982520739293157	10.0	42.0	-10.0	7.0	12.0	7.0
raw_rescue_ani0.94_xny100_br0.05_af0.3_zero_rescue_mass	hmp_airskin_gtdb_source_abundance,hmp_gastrooral_gtdb_source_abundance	0.849624060150376	35.76275879445157	0.9318255107211002	1118	358	58	-0.016195469303792974	-0.11698717948717952	-6.832141690000964e-17	0.0005241434710235219	10.0	42.0	-10.0	7.0	12.0	7.0
raw_rescue_ani0.94_xny100_br0.05_af0.5_raw_depth_abundance	hmp_airskin_gtdb_source_abundance,hmp_gastrooral_gtdb_source_abundance	0.8859665661136249	181.18337248680498	-0.03494213055751072	1117	324	59	0.0017744848094200987	-0.011338582677165365	140.82386421298952	-0.961564258850003	9.0	8.0	-9.0	8.0	3.0	15.0
raw_rescue_ani0.94_xny100_br0.05_af0.5_zero_rescue_mass	hmp_airskin_gtdb_source_abundance,hmp_gastrooral_gtdb_source_abundance	0.8859665661136249	35.76275879445157	0.9317154564797099	1117	324	59	0.0017744848094200987	-0.011338582677165365	2.7328566760003855e-16	0.00010344901051038222	9.0	8.0	-9.0	8.0	3.0	15.0
raw_rescue_ani0.94_xny100_br0.05_af0.7_raw_depth_abundance	hmp_airskin_gtdb_source_abundance,hmp_gastrooral_gtdb_source_abundance	0.8894599660282317	180.96959247023773	-0.034909771741001704	1115	316	61	0.0041117032570005966	0.0	140.429202628945	-0.9605229238502263	7.0	0.0	-7.0	6.0	0.0	20.0
raw_rescue_ani0.94_xny100_br0.05_af0.7_zero_rescue_mass	hmp_airskin_gtdb_source_abundance,hmp_gastrooral_gtdb_source_abundance	0.8894599660282317	35.76275879445157	0.9316002425700405	1115	316	61	0.0041117032570005966	0.0	0.0	0.0	7.0	0.0	-7.0	6.0	0.0	20.0
raw_rescue_ani0.94_xny100_br0.05_af0.9_raw_depth_abundance	hmp_airskin_gtdb_source_abundance,hmp_gastrooral_gtdb_source_abundance	0.8850712707698818	180.96946329090525	-0.035078691981263115	1109	316	67	0.0005902026362384435	0.0	140.4288682130004	-0.9608348231592523	1.0	0.0	-1.0	1.0	0.0	25.0
raw_rescue_ani0.94_xny100_br0.05_af0.9_zero_rescue_mass	hmp_airskin_gtdb_source_abundance,hmp_gastrooral_gtdb_source_abundance	0.8850712707698818	35.76275879445157	0.9316002425700405	1109	316	67	0.0005902026362384435	0.0	0.0	0.0	1.0	0.0	-1.0	1.0	0.0	25.0
raw_rescue_ani0.94_xny100_br0.15_af0.1_raw_depth_abundance	hmp_airskin_gtdb_source_abundance,hmp_gastrooral_gtdb_source_abundance	0.8656655844155844	181.5266723479666	-0.030464807832339375	1119	345	57	-0.010079367068020659	-0.0726351351351352	141.4576484624007	-0.958969993049902	11.0	29.0	-11.0	7.0	12.0	7.0
raw_rescue_ani0.94_xny100_br0.15_af0.1_zero_rescue_mass	hmp_airskin_gtdb_source_abundance,hmp_gastrooral_gtdb_source_abundance	0.8656655844155844	35.76275879445157	0.9317525845087158	1119	345	57	-0.010079367068020659	-0.0726351351351352	-2.049642507000289e-16	0.000356162733513538	11.0	29.0	-11.0	7.0	12.0	7.0
raw_rescue_ani0.94_xny100_br0.15_af0.3_raw_depth_abundance	hmp_airskin_gtdb_source_abundance,hmp_gastrooral_gtdb_source_abundance	0.8654311076661869	181.5278146894563	-0.030443944255781008	1118	345	58	-0.01026080155858864	-0.0726351351351352	141.45975740053555	-0.9589314756777944	10.0	29.0	-10.0	7.0	12.0	7.0
raw_rescue_ani0.94_xny100_br0.15_af0.3_zero_rescue_mass	hmp_airskin_gtdb_source_abundance,hmp_gastrooral_gtdb_source_abundance	0.8654311076661869	35.76275879445157	0.9317525845087158	1118	345	58	-0.01026080155858864	-0.0726351351351352	-2.049642507000289e-16	0.000356162733513538	10.0	29.0	-10.0	7.0	12.0	7.0
raw_rescue_ani0.94_xny100_br0.15_af0.5_raw_depth_abundance	hmp_airskin_gtdb_source_abundance,hmp_gastrooral_gtdb_source_abundance	0.8859665661136249	181.18337248680498	-0.03494213055751072	1117	324	59	0.0017744848094200987	-0.011338582677165365	140.82386421298952	-0.961564258850003	9.0	8.0	-9.0	8.0	3.0	15.0
raw_rescue_ani0.94_xny100_br0.15_af0.5_zero_rescue_mass	hmp_airskin_gtdb_source_abundance,hmp_gastrooral_gtdb_source_abundance	0.8859665661136249	35.76275879445157	0.9317154564797099	1117	324	59	0.0017744848094200987	-0.011338582677165365	2.7328566760003855e-16	0.00010344901051038222	9.0	8.0	-9.0	8.0	3.0	15.0
raw_rescue_ani0.94_xny100_br0.15_af0.7_raw_depth_abundance	hmp_airskin_gtdb_source_abundance,hmp_gastrooral_gtdb_source_abundance	0.8894599660282317	180.96959247023773	-0.034909771741001704	1115	316	61	0.0041117032570005966	0.0	140.429202628945	-0.9605229238502263	7.0	0.0	-7.0	6.0	0.0	20.0
raw_rescue_ani0.94_xny100_br0.15_af0.7_zero_rescue_mass	hmp_airskin_gtdb_source_abundance,hmp_gastrooral_gtdb_source_abundance	0.8894599660282317	35.76275879445157	0.9316002425700405	1115	316	61	0.0041117032570005966	0.0	0.0	0.0	7.0	0.0	-7.0	6.0	0.0	20.0
raw_rescue_ani0.94_xny100_br0.15_af0.9_raw_depth_abundance	hmp_airskin_gtdb_source_abundance,hmp_gastrooral_gtdb_source_abundance	0.8850712707698818	180.96946329090525	-0.035078691981263115	1109	316	67	0.0005902026362384435	0.0	140.4288682130004	-0.9608348231592523	1.0	0.0	-1.0	1.0	0.0	25.0
raw_rescue_ani0.94_xny100_br0.15_af0.9_zero_rescue_mass	hmp_airskin_gtdb_source_abundance,hmp_gastrooral_gtdb_source_abundance	0.8850712707698818	35.76275879445157	0.9316002425700405	1109	316	67	0.0005902026362384435	0.0	0.0	0.0	1.0	0.0	-1.0	1.0	0.0	25.0
raw_rescue_ani0.94_xny100_br0.1_af0.1_raw_depth_abundance	hmp_airskin_gtdb_source_abundance,hmp_gastrooral_gtdb_source_abundance	0.8558510422443761	184.21222447547348	-0.05695462591627182	1119	362	57	-0.01916548761128498	-0.17559523809523803	146.41225879476337	-0.9987382007135722	11.0	46.0	-11.0	6.0	13.0	7.0
raw_rescue_ani0.94_xny100_br0.1_af0.1_zero_rescue_mass	hmp_airskin_gtdb_source_abundance,hmp_gastrooral_gtdb_source_abundance	0.8558510422443761	35.76275879445157	0.9319064010498772	1119	362	57	-0.01916548761128498	-0.17559523809523803	-1.1614640873001638e-15	0.000666280529076097	11.0	46.0	-11.0	6.0	13.0	7.0
raw_rescue_ani0.94_xny100_br0.1_af0.3_raw_depth_abundance	hmp_airskin_gtdb_source_abundance,hmp_gastrooral_gtdb_source_abundance	0.8620718072686316	184.21081006498588	-0.0525855924937637	1118	351	58	-0.013801385123301582	-0.11698717948717952	146.41164213366386	-0.9965500310318701	10.0	35.0	-10.0	7.0	12.0	7.0
raw_rescue_ani0.94_xny100_br0.1_af0.3_zero_rescue_mass	hmp_airskin_gtdb_source_abundance,hmp_gastrooral_gtdb_source_abundance	0.8620718072686316	35.76275879445157	0.9318239557001713	1118	351	58	-0.013801385123301582	-0.11698717948717952	-6.832141690000964e-17	0.0004991618576792056	10.0	35.0	-10.0	7.0	12.0	7.0
raw_rescue_ani0.94_xny100_br0.1_af0.5_raw_depth_abundance	hmp_airskin_gtdb_source_abundance,hmp_gastrooral_gtdb_source_abundance	0.8859665661136249	181.18337248680498	-0.03494213055751072	1117	324	59	0.0017744848094200987	-0.011338582677165365	140.82386421298952	-0.961564258850003	9.0	8.0	-9.0	8.0	3.0	15.0
raw_rescue_ani0.94_xny100_br0.1_af0.5_zero_rescue_mass	hmp_airskin_gtdb_source_abundance,hmp_gastrooral_gtdb_source_abundance	0.8859665661136249	35.76275879445157	0.9317154564797099	1117	324	59	0.0017744848094200987	-0.011338582677165365	2.7328566760003855e-16	0.00010344901051038222	9.0	8.0	-9.0	8.0	3.0	15.0
raw_rescue_ani0.94_xny100_br0.1_af0.7_raw_depth_abundance	hmp_airskin_gtdb_source_abundance,hmp_gastrooral_gtdb_source_abundance	0.8894599660282317	180.96959247023773	-0.034909771741001704	1115	316	61	0.0041117032570005966	0.0	140.429202628945	-0.9605229238502263	7.0	0.0	-7.0	6.0	0.0	20.0
raw_rescue_ani0.94_xny100_br0.1_af0.7_zero_rescue_mass	hmp_airskin_gtdb_source_abundance,hmp_gastrooral_gtdb_source_abundance	0.8894599660282317	35.76275879445157	0.9316002425700405	1115	316	61	0.0041117032570005966	0.0	0.0	0.0	7.0	0.0	-7.0	6.0	0.0	20.0
raw_rescue_ani0.94_xny100_br0.1_af0.9_raw_depth_abundance	hmp_airskin_gtdb_source_abundance,hmp_gastrooral_gtdb_source_abundance	0.8850712707698818	180.96946329090525	-0.035078691981263115	1109	316	67	0.0005902026362384435	0.0	140.4288682130004	-0.9608348231592523	1.0	0.0	-1.0	1.0	0.0	25.0
raw_rescue_ani0.94_xny100_br0.1_af0.9_zero_rescue_mass	hmp_airskin_gtdb_source_abundance,hmp_gastrooral_gtdb_source_abundance	0.8850712707698818	35.76275879445157	0.9316002425700405	1109	316	67	0.0005902026362384435	0.0	0.0	0.0	1.0	0.0	-1.0	1.0	0.0	25.0
raw_rescue_ani0.94_xny100_br0.25_af0.1_raw_depth_abundance	hmp_airskin_gtdb_source_abundance,hmp_gastrooral_gtdb_source_abundance	0.8822762981414063	181.27901758494698	-0.03391505757459889	1118	332	58	-0.002608345041275546	-0.04761904761904767	141.00043975442182	-0.9605760661355478	10.0	16.0	-10.0	9.0	9.0	8.0
raw_rescue_ani0.94_xny100_br0.25_af0.1_zero_rescue_mass	hmp_airskin_gtdb_source_abundance,hmp_gastrooral_gtdb_source_abundance	0.8822762981414063	35.76275879445157	0.9317021198580226	1118	332	58	-0.002608345041275546	-0.04761904761904767	-3.416070845000482e-16	0.00011990677151271564	10.0	16.0	-10.0	9.0	9.0	8.0
raw_rescue_ani0.94_xny100_br0.25_af0.3_raw_depth_abundance	hmp_airskin_gtdb_source_abundance,hmp_gastrooral_gtdb_source_abundance	0.8822762981414063	181.27901758494698	-0.03391505757459889	1118	332	58	-0.002608345041275546	-0.04761904761904767	141.00043975442182	-0.9605760661355478	10.0	16.0	-10.0	9.0	9.0	8.0
raw_rescue_ani0.94_xny100_br0.25_af0.3_zero_rescue_mass	hmp_airskin_gtdb_source_abundance,hmp_gastrooral_gtdb_source_abundance	0.8822762981414063	35.76275879445157	0.9317021198580226	1118	332	58	-0.002608345041275546	-0.04761904761904767	-3.416070845000482e-16	0.00011990677151271564	10.0	16.0	-10.0	9.0	9.0	8.0
raw_rescue_ani0.94_xny100_br0.25_af0.5_raw_depth_abundance	hmp_airskin_gtdb_source_abundance,hmp_gastrooral_gtdb_source_abundance	0.8859665661136249	181.18337248680498	-0.03494213055751072	1117	324	59	0.0017744848094200987	-0.011338582677165365	140.82386421298952	-0.961564258850003	9.0	8.0	-9.0	8.0	3.0	15.0
raw_rescue_ani0.94_xny100_br0.25_af0.5_zero_rescue_mass	hmp_airskin_gtdb_source_abundance,hmp_gastrooral_gtdb_source_abundance	0.8859665661136249	35.76275879445157	0.9317154564797099	1117	324	59	0.0017744848094200987	-0.011338582677165365	2.7328566760003855e-16	0.00010344901051038222	9.0	8.0	-9.0	8.0	3.0	15.0
raw_rescue_ani0.94_xny100_br0.25_af0.7_raw_depth_abundance	hmp_airskin_gtdb_source_abundance,hmp_gastrooral_gtdb_source_abundance	0.8894599660282317	180.96959247023773	-0.034909771741001704	1115	316	61	0.0041117032570005966	0.0	140.429202628945	-0.9605229238502263	7.0	0.0	-7.0	6.0	0.0	20.0
raw_rescue_ani0.94_xny100_br0.25_af0.7_zero_rescue_mass	hmp_airskin_gtdb_source_abundance,hmp_gastrooral_gtdb_source_abundance	0.8894599660282317	35.76275879445157	0.9316002425700405	1115	316	61	0.0041117032570005966	0.0	0.0	0.0	7.0	0.0	-7.0	6.0	0.0	20.0
raw_rescue_ani0.94_xny100_br0.25_af0.9_raw_depth_abundance	hmp_airskin_gtdb_source_abundance,hmp_gastrooral_gtdb_source_abundance	0.8850712707698818	180.96946329090525	-0.035078691981263115	1109	316	67	0.0005902026362384435	0.0	140.4288682130004	-0.9608348231592523	1.0	0.0	-1.0	1.0	0.0	25.0
raw_rescue_ani0.94_xny100_br0.25_af0.9_zero_rescue_mass	hmp_airskin_gtdb_source_abundance,hmp_gastrooral_gtdb_source_abundance	0.8850712707698818	35.76275879445157	0.9316002425700405	1109	316	67	0.0005902026362384435	0.0	0.0	0.0	1.0	0.0	-1.0	1.0	0.0	25.0
raw_rescue_ani0.94_xny100_br0.2_af0.1_raw_depth_abundance	hmp_airskin_gtdb_source_abundance,hmp_gastrooral_gtdb_source_abundance	0.8789045785194695	181.40573166785788	-0.03295783641517713	1118	337	58	-0.005709104987024154	-0.04761904761904767	141.2343734215815	-0.9596810340921528	10.0	21.0	-10.0	8.0	11.0	7.0
raw_rescue_ani0.94_xny100_br0.2_af0.1_zero_rescue_mass	hmp_airskin_gtdb_source_abundance,hmp_gastrooral_gtdb_source_abundance	0.8789045785194695	35.76275879445157	0.9317064310203843	1118	337	58	-0.005709104987024154	-0.04761904761904767	-3.416070845000482e-16	0.00016302966377747147	10.0	21.0	-10.0	8.0	11.0	7.0
raw_rescue_ani0.94_xny100_br0.2_af0.3_raw_depth_abundance	hmp_airskin_gtdb_source_abundance,hmp_gastrooral_gtdb_source_abundance	0.8789045785194695	181.40573166785788	-0.03295783641517713	1118	337	58	-0.005709104987024154	-0.04761904761904767	141.2343734215815	-0.9596810340921528	10.0	21.0	-10.0	8.0	11.0	7.0
raw_rescue_ani0.94_xny100_br0.2_af0.3_zero_rescue_mass	hmp_airskin_gtdb_source_abundance,hmp_gastrooral_gtdb_source_abundance	0.8789045785194695	35.76275879445157	0.9317064310203843	1118	337	58	-0.005709104987024154	-0.04761904761904767	-3.416070845000482e-16	0.00016302966377747147	10.0	21.0	-10.0	8.0	11.0	7.0
raw_rescue_ani0.94_xny100_br0.2_af0.5_raw_depth_abundance	hmp_airskin_gtdb_source_abundance,hmp_gastrooral_gtdb_source_abundance	0.8859665661136249	181.18337248680498	-0.03494213055751072	1117	324	59	0.0017744848094200987	-0.011338582677165365	140.82386421298952	-0.961564258850003	9.0	8.0	-9.0	8.0	3.0	15.0
raw_rescue_ani0.94_xny100_br0.2_af0.5_zero_rescue_mass	hmp_airskin_gtdb_source_abundance,hmp_gastrooral_gtdb_source_abundance	0.8859665661136249	35.76275879445157	0.9317154564797099	1117	324	59	0.0017744848094200987	-0.011338582677165365	2.7328566760003855e-16	0.00010344901051038222	9.0	8.0	-9.0	8.0	3.0	15.0
raw_rescue_ani0.94_xny100_br0.2_af0.7_raw_depth_abundance	hmp_airskin_gtdb_source_abundance,hmp_gastrooral_gtdb_source_abundance	0.8894599660282317	180.96959247023773	-0.034909771741001704	1115	316	61	0.0041117032570005966	0.0	140.429202628945	-0.9605229238502263	7.0	0.0	-7.0	6.0	0.0	20.0
raw_rescue_ani0.94_xny100_br0.2_af0.7_zero_rescue_mass	hmp_airskin_gtdb_source_abundance,hmp_gastrooral_gtdb_source_abundance	0.8894599660282317	35.76275879445157	0.9316002425700405	1115	316	61	0.0041117032570005966	0.0	0.0	0.0	7.0	0.0	-7.0	6.0	0.0	20.0
raw_rescue_ani0.94_xny100_br0.2_af0.9_raw_depth_abundance	hmp_airskin_gtdb_source_abundance,hmp_gastrooral_gtdb_source_abundance	0.8850712707698818	180.96946329090525	-0.035078691981263115	1109	316	67	0.0005902026362384435	0.0	140.4288682130004	-0.9608348231592523	1.0	0.0	-1.0	1.0	0.0	25.0
raw_rescue_ani0.94_xny100_br0.2_af0.9_zero_rescue_mass	hmp_airskin_gtdb_source_abundance,hmp_gastrooral_gtdb_source_abundance	0.8850712707698818	35.76275879445157	0.9316002425700405	1109	316	67	0.0005902026362384435	0.0	0.0	0.0	1.0	0.0	-1.0	1.0	0.0	25.0
raw_rescue_ani0.94_xny100_br0.3_af0.1_raw_depth_abundance	hmp_airskin_gtdb_source_abundance,hmp_gastrooral_gtdb_source_abundance	0.8858428805237315	181.21550775186012	-0.03507149895526184	1115	322	61	0.0009475710090749178	-0.0045033112582780754	140.88319085616828	-0.9618030928150818	7.0	6.0	-7.0	6.0	2.0	18.0
raw_rescue_ani0.94_xny100_br0.3_af0.1_zero_rescue_mass	hmp_airskin_gtdb_source_abundance,hmp_gastrooral_gtdb_source_abundance	0.8858428805237315	35.76275879445157	0.9317149614776257	1115	322	61	0.0009475710090749178	-0.0045033112582780754	2.7328566760003855e-16	0.00010253516050869796	7.0	6.0	-7.0	6.0	2.0	18.0
raw_rescue_ani0.94_xny100_br0.3_af0.3_raw_depth_abundance	hmp_airskin_gtdb_source_abundance,hmp_gastrooral_gtdb_source_abundance	0.8858428805237315	181.21550775186012	-0.03507149895526184	1115	322	61	0.0009475710090749178	-0.0045033112582780754	140.88319085616828	-0.9618030928150818	7.0	6.0	-7.0	6.0	2.0	18.0
raw_rescue_ani0.94_xny100_br0.3_af0.3_zero_rescue_mass	hmp_airskin_gtdb_source_abundance,hmp_gastrooral_gtdb_source_abundance	0.8858428805237315	35.76275879445157	0.9317149614776257	1115	322	61	0.0009475710090749178	-0.0045033112582780754	2.7328566760003855e-16	0.00010253516050869796	7.0	6.0	-7.0	6.0	2.0	18.0
raw_rescue_ani0.94_xny100_br0.3_af0.5_raw_depth_abundance	hmp_airskin_gtdb_source_abundance,hmp_gastrooral_gtdb_source_abundance	0.8858428805237315	181.21550775186012	-0.03507149895526184	1115	322	61	0.0009475710090749178	-0.0045033112582780754	140.88319085616828	-0.9618030928150818	7.0	6.0	-7.0	6.0	2.0	18.0
raw_rescue_ani0.94_xny100_br0.3_af0.5_zero_rescue_mass	hmp_airskin_gtdb_source_abundance,hmp_gastrooral_gtdb_source_abundance	0.8858428805237315	35.76275879445157	0.9317149614776257	1115	322	61	0.0009475710090749178	-0.0045033112582780754	2.7328566760003855e-16	0.00010253516050869796	7.0	6.0	-7.0	6.0	2.0	18.0
raw_rescue_ani0.94_xny100_br0.3_af0.7_raw_depth_abundance	hmp_airskin_gtdb_source_abundance,hmp_gastrooral_gtdb_source_abundance	0.8892241884448611	181.0017219222056	-0.034929923684303	1114	316	62	0.0033591364666979598	0.0	140.48851854027032	-0.9605601274378593	6.0	0.0	-6.0	5.0	0.0	21.0
raw_rescue_ani0.94_xny100_br0.3_af0.7_zero_rescue_mass	hmp_airskin_gtdb_source_abundance,hmp_gastrooral_gtdb_source_abundance	0.8892241884448611	35.76275879445157	0.9316002425700405	1114	316	62	0.0033591364666979598	0.0	0.0	0.0	6.0	0.0	-6.0	5.0	0.0	21.0
raw_rescue_ani0.94_xny100_br0.3_af0.9_raw_depth_abundance	hmp_airskin_gtdb_source_abundance,hmp_gastrooral_gtdb_source_abundance	0.8850712707698818	180.96946329090525	-0.035078691981263115	1109	316	67	0.0005902026362384435	0.0	140.4288682130004	-0.9608348231592523	1.0	0.0	-1.0	1.0	0.0	25.0
raw_rescue_ani0.94_xny100_br0.3_af0.9_zero_rescue_mass	hmp_airskin_gtdb_source_abundance,hmp_gastrooral_gtdb_source_abundance	0.8850712707698818	35.76275879445157	0.9316002425700405	1109	316	67	0.0005902026362384435	0.0	0.0	0.0	1.0	0.0	-1.0	1.0	0.0	25.0
raw_rescue_ani0.94_xny100_br0.5_af0.1_raw_depth_abundance	hmp_airskin_gtdb_source_abundance,hmp_gastrooral_gtdb_source_abundance	0.8882791407442188	180.96940660439162	-0.03507871949267515	1110	316	66	0.0010183459215245849	0.0	140.42885949199834	-0.9608348273917772	2.0	0.0	-2.0	2.0	0.0	24.0
raw_rescue_ani0.94_xny100_br0.5_af0.1_zero_rescue_mass	hmp_airskin_gtdb_source_abundance,hmp_gastrooral_gtdb_source_abundance	0.8882791407442188	35.76275879445157	0.9316002425700405	1110	316	66	0.0010183459215245849	0.0	0.0	0.0	2.0	0.0	-2.0	2.0	0.0	24.0
raw_rescue_ani0.94_xny100_br0.5_af0.3_raw_depth_abundance	hmp_airskin_gtdb_source_abundance,hmp_gastrooral_gtdb_source_abundance	0.8882791407442188	180.96940660439162	-0.03507871949267515	1110	316	66	0.0010183459215245849	0.0	140.42885949199834	-0.9608348273917772	2.0	0.0	-2.0	2.0	0.0	24.0
raw_rescue_ani0.94_xny100_br0.5_af0.3_zero_rescue_mass	hmp_airskin_gtdb_source_abundance,hmp_gastrooral_gtdb_source_abundance	0.8882791407442188	35.76275879445157	0.9316002425700405	1110	316	66	0.0010183459215245849	0.0	0.0	0.0	2.0	0.0	-2.0	2.0	0.0	24.0
raw_rescue_ani0.94_xny100_br0.5_af0.5_raw_depth_abundance	hmp_airskin_gtdb_source_abundance,hmp_gastrooral_gtdb_source_abundance	0.8882791407442188	180.96940660439162	-0.03507871949267515	1110	316	66	0.0010183459215245849	0.0	140.42885949199834	-0.9608348273917772	2.0	0.0	-2.0	2.0	0.0	24.0
raw_rescue_ani0.94_xny100_br0.5_af0.5_zero_rescue_mass	hmp_airskin_gtdb_source_abundance,hmp_gastrooral_gtdb_source_abundance	0.8882791407442188	35.76275879445157	0.9316002425700405	1110	316	66	0.0010183459215245849	0.0	0.0	0.0	2.0	0.0	-2.0	2.0	0.0	24.0
raw_rescue_ani0.94_xny100_br0.5_af0.7_raw_depth_abundance	hmp_airskin_gtdb_source_abundance,hmp_gastrooral_gtdb_source_abundance	0.8882791407442188	180.96940660439162	-0.03507871949267515	1110	316	66	0.0010183459215245849	0.0	140.42885949199834	-0.9608348273917772	2.0	0.0	-2.0	2.0	0.0	24.0
raw_rescue_ani0.94_xny100_br0.5_af0.7_zero_rescue_mass	hmp_airskin_gtdb_source_abundance,hmp_gastrooral_gtdb_source_abundance	0.8882791407442188	35.76275879445157	0.9316002425700405	1110	316	66	0.0010183459215245849	0.0	0.0	0.0	2.0	0.0	-2.0	2.0	0.0	24.0
raw_rescue_ani0.94_xny100_br0.5_af0.9_raw_depth_abundance	hmp_airskin_gtdb_source_abundance,hmp_gastrooral_gtdb_source_abundance	0.8850712707698818	180.96946329090525	-0.035078691981263115	1109	316	67	0.0005902026362384435	0.0	140.4288682130004	-0.9608348231592523	1.0	0.0	-1.0	1.0	0.0	25.0
raw_rescue_ani0.94_xny100_br0.5_af0.9_zero_rescue_mass	hmp_airskin_gtdb_source_abundance,hmp_gastrooral_gtdb_source_abundance	0.8850712707698818	35.76275879445157	0.9316002425700405	1109	316	67	0.0005902026362384435	0.0	0.0	0.0	1.0	0.0	-1.0	1.0	0.0	25.0
raw_rescue_ani0.94_xny300_br0.05_af0.1_raw_depth_abundance	hmp_airskin_gtdb_source_abundance,hmp_gastrooral_gtdb_source_abundance	0.849624060150376	184.21332052123574	-0.060662527210842414	1118	358	58	-0.016195469303792974	-0.11698717948717952	146.41205075442332	-0.9982520739293157	10.0	42.0	-10.0	7.0	12.0	7.0
raw_rescue_ani0.94_xny300_br0.05_af0.1_zero_rescue_mass	hmp_airskin_gtdb_source_abundance,hmp_gastrooral_gtdb_source_abundance	0.849624060150376	35.76275879445157	0.9318255107211002	1118	358	58	-0.016195469303792974	-0.11698717948717952	-6.832141690000964e-17	0.0005241434710235219	10.0	42.0	-10.0	7.0	12.0	7.0
raw_rescue_ani0.94_xny300_br0.05_af0.3_raw_depth_abundance	hmp_airskin_gtdb_source_abundance,hmp_gastrooral_gtdb_source_abundance	0.849624060150376	184.21332052123574	-0.060662527210842414	1118	358	58	-0.016195469303792974	-0.11698717948717952	146.41205075442332	-0.9982520739293157	10.0	42.0	-10.0	7.0	12.0	7.0
raw_rescue_ani0.94_xny300_br0.05_af0.3_zero_rescue_mass	hmp_airskin_gtdb_source_abundance,hmp_gastrooral_gtdb_source_abundance	0.849624060150376	35.76275879445157	0.9318255107211002	1118	358	58	-0.016195469303792974	-0.11698717948717952	-6.832141690000964e-17	0.0005241434710235219	10.0	42.0	-10.0	7.0	12.0	7.0
raw_rescue_ani0.94_xny300_br0.05_af0.5_raw_depth_abundance	hmp_airskin_gtdb_source_abundance,hmp_gastrooral_gtdb_source_abundance	0.8859665661136249	181.18337248680498	-0.03494213055751072	1117	324	59	0.0017744848094200987	-0.011338582677165365	140.82386421298952	-0.961564258850003	9.0	8.0	-9.0	8.0	3.0	15.0
raw_rescue_ani0.94_xny300_br0.05_af0.5_zero_rescue_mass	hmp_airskin_gtdb_source_abundance,hmp_gastrooral_gtdb_source_abundance	0.8859665661136249	35.76275879445157	0.9317154564797099	1117	324	59	0.0017744848094200987	-0.011338582677165365	2.7328566760003855e-16	0.00010344901051038222	9.0	8.0	-9.0	8.0	3.0	15.0
raw_rescue_ani0.94_xny300_br0.05_af0.7_raw_depth_abundance	hmp_airskin_gtdb_source_abundance,hmp_gastrooral_gtdb_source_abundance	0.8894599660282317	180.96959247023773	-0.034909771741001704	1115	316	61	0.0041117032570005966	0.0	140.429202628945	-0.9605229238502263	7.0	0.0	-7.0	6.0	0.0	20.0
raw_rescue_ani0.94_xny300_br0.05_af0.7_zero_rescue_mass	hmp_airskin_gtdb_source_abundance,hmp_gastrooral_gtdb_source_abundance	0.8894599660282317	35.76275879445157	0.9316002425700405	1115	316	61	0.0041117032570005966	0.0	0.0	0.0	7.0	0.0	-7.0	6.0	0.0	20.0
raw_rescue_ani0.94_xny300_br0.05_af0.9_raw_depth_abundance	hmp_airskin_gtdb_source_abundance,hmp_gastrooral_gtdb_source_abundance	0.8850712707698818	180.96946329090525	-0.035078691981263115	1109	316	67	0.0005902026362384435	0.0	140.4288682130004	-0.9608348231592523	1.0	0.0	-1.0	1.0	0.0	25.0
raw_rescue_ani0.94_xny300_br0.05_af0.9_zero_rescue_mass	hmp_airskin_gtdb_source_abundance,hmp_gastrooral_gtdb_source_abundance	0.8850712707698818	35.76275879445157	0.9316002425700405	1109	316	67	0.0005902026362384435	0.0	0.0	0.0	1.0	0.0	-1.0	1.0	0.0	25.0
raw_rescue_ani0.94_xny300_br0.15_af0.1_raw_depth_abundance	hmp_airskin_gtdb_source_abundance,hmp_gastrooral_gtdb_source_abundance	0.8654311076661869	181.5278146894563	-0.030443944255781008	1118	345	58	-0.01026080155858864	-0.0726351351351352	141.45975740053555	-0.9589314756777944	10.0	29.0	-10.0	7.0	12.0	7.0
raw_rescue_ani0.94_xny300_br0.15_af0.1_zero_rescue_mass	hmp_airskin_gtdb_source_abundance,hmp_gastrooral_gtdb_source_abundance	0.8654311076661869	35.76275879445157	0.9317525845087158	1118	345	58	-0.01026080155858864	-0.0726351351351352	-2.049642507000289e-16	0.000356162733513538	10.0	29.0	-10.0	7.0	12.0	7.0
raw_rescue_ani0.94_xny300_br0.15_af0.3_raw_depth_abundance	hmp_airskin_gtdb_source_abundance,hmp_gastrooral_gtdb_source_abundance	0.8654311076661869	181.5278146894563	-0.030443944255781008	1118	345	58	-0.01026080155858864	-0.0726351351351352	141.45975740053555	-0.9589314756777944	10.0	29.0	-10.0	7.0	12.0	7.0
raw_rescue_ani0.94_xny300_br0.15_af0.3_zero_rescue_mass	hmp_airskin_gtdb_source_abundance,hmp_gastrooral_gtdb_source_abundance	0.8654311076661869	35.76275879445157	0.9317525845087158	1118	345	58	-0.01026080155858864	-0.0726351351351352	-2.049642507000289e-16	0.000356162733513538	10.0	29.0	-10.0	7.0	12.0	7.0
raw_rescue_ani0.94_xny300_br0.15_af0.5_raw_depth_abundance	hmp_airskin_gtdb_source_abundance,hmp_gastrooral_gtdb_source_abundance	0.8859665661136249	181.18337248680498	-0.03494213055751072	1117	324	59	0.0017744848094200987	-0.011338582677165365	140.82386421298952	-0.961564258850003	9.0	8.0	-9.0	8.0	3.0	15.0
raw_rescue_ani0.94_xny300_br0.15_af0.5_zero_rescue_mass	hmp_airskin_gtdb_source_abundance,hmp_gastrooral_gtdb_source_abundance	0.8859665661136249	35.76275879445157	0.9317154564797099	1117	324	59	0.0017744848094200987	-0.011338582677165365	2.7328566760003855e-16	0.00010344901051038222	9.0	8.0	-9.0	8.0	3.0	15.0
raw_rescue_ani0.94_xny300_br0.15_af0.7_raw_depth_abundance	hmp_airskin_gtdb_source_abundance,hmp_gastrooral_gtdb_source_abundance	0.8894599660282317	180.96959247023773	-0.034909771741001704	1115	316	61	0.0041117032570005966	0.0	140.429202628945	-0.9605229238502263	7.0	0.0	-7.0	6.0	0.0	20.0
raw_rescue_ani0.94_xny300_br0.15_af0.7_zero_rescue_mass	hmp_airskin_gtdb_source_abundance,hmp_gastrooral_gtdb_source_abundance	0.8894599660282317	35.76275879445157	0.9316002425700405	1115	316	61	0.0041117032570005966	0.0	0.0	0.0	7.0	0.0	-7.0	6.0	0.0	20.0
raw_rescue_ani0.94_xny300_br0.15_af0.9_raw_depth_abundance	hmp_airskin_gtdb_source_abundance,hmp_gastrooral_gtdb_source_abundance	0.8850712707698818	180.96946329090525	-0.035078691981263115	1109	316	67	0.0005902026362384435	0.0	140.4288682130004	-0.9608348231592523	1.0	0.0	-1.0	1.0	0.0	25.0
raw_rescue_ani0.94_xny300_br0.15_af0.9_zero_rescue_mass	hmp_airskin_gtdb_source_abundance,hmp_gastrooral_gtdb_source_abundance	0.8850712707698818	35.76275879445157	0.9316002425700405	1109	316	67	0.0005902026362384435	0.0	0.0	0.0	1.0	0.0	-1.0	1.0	0.0	25.0
raw_rescue_ani0.94_xny300_br0.1_af0.1_raw_depth_abundance	hmp_airskin_gtdb_source_abundance,hmp_gastrooral_gtdb_source_abundance	0.8620718072686316	184.21081006498588	-0.0525855924937637	1118	351	58	-0.013801385123301582	-0.11698717948717952	146.41164213366386	-0.9965500310318701	10.0	35.0	-10.0	7.0	12.0	7.0
raw_rescue_ani0.94_xny300_br0.1_af0.1_zero_rescue_mass	hmp_airskin_gtdb_source_abundance,hmp_gastrooral_gtdb_source_abundance	0.8620718072686316	35.76275879445157	0.9318239557001713	1118	351	58	-0.013801385123301582	-0.11698717948717952	-6.832141690000964e-17	0.0004991618576792056	10.0	35.0	-10.0	7.0	12.0	7.0
raw_rescue_ani0.94_xny300_br0.1_af0.3_raw_depth_abundance	hmp_airskin_gtdb_source_abundance,hmp_gastrooral_gtdb_source_abundance	0.8620718072686316	184.21081006498588	-0.0525855924937637	1118	351	58	-0.013801385123301582	-0.11698717948717952	146.41164213366386	-0.9965500310318701	10.0	35.0	-10.0	7.0	12.0	7.0
raw_rescue_ani0.94_xny300_br0.1_af0.3_zero_rescue_mass	hmp_airskin_gtdb_source_abundance,hmp_gastrooral_gtdb_source_abundance	0.8620718072686316	35.76275879445157	0.9318239557001713	1118	351	58	-0.013801385123301582	-0.11698717948717952	-6.832141690000964e-17	0.0004991618576792056	10.0	35.0	-10.0	7.0	12.0	7.0
raw_rescue_ani0.94_xny300_br0.1_af0.5_raw_depth_abundance	hmp_airskin_gtdb_source_abundance,hmp_gastrooral_gtdb_source_abundance	0.8859665661136249	181.18337248680498	-0.03494213055751072	1117	324	59	0.0017744848094200987	-0.011338582677165365	140.82386421298952	-0.961564258850003	9.0	8.0	-9.0	8.0	3.0	15.0
raw_rescue_ani0.94_xny300_br0.1_af0.5_zero_rescue_mass	hmp_airskin_gtdb_source_abundance,hmp_gastrooral_gtdb_source_abundance	0.8859665661136249	35.76275879445157	0.9317154564797099	1117	324	59	0.0017744848094200987	-0.011338582677165365	2.7328566760003855e-16	0.00010344901051038222	9.0	8.0	-9.0	8.0	3.0	15.0
raw_rescue_ani0.94_xny300_br0.1_af0.7_raw_depth_abundance	hmp_airskin_gtdb_source_abundance,hmp_gastrooral_gtdb_source_abundance	0.8894599660282317	180.96959247023773	-0.034909771741001704	1115	316	61	0.0041117032570005966	0.0	140.429202628945	-0.9605229238502263	7.0	0.0	-7.0	6.0	0.0	20.0
raw_rescue_ani0.94_xny300_br0.1_af0.7_zero_rescue_mass	hmp_airskin_gtdb_source_abundance,hmp_gastrooral_gtdb_source_abundance	0.8894599660282317	35.76275879445157	0.9316002425700405	1115	316	61	0.0041117032570005966	0.0	0.0	0.0	7.0	0.0	-7.0	6.0	0.0	20.0
raw_rescue_ani0.94_xny300_br0.1_af0.9_raw_depth_abundance	hmp_airskin_gtdb_source_abundance,hmp_gastrooral_gtdb_source_abundance	0.8850712707698818	180.96946329090525	-0.035078691981263115	1109	316	67	0.0005902026362384435	0.0	140.4288682130004	-0.9608348231592523	1.0	0.0	-1.0	1.0	0.0	25.0
raw_rescue_ani0.94_xny300_br0.1_af0.9_zero_rescue_mass	hmp_airskin_gtdb_source_abundance,hmp_gastrooral_gtdb_source_abundance	0.8850712707698818	35.76275879445157	0.9316002425700405	1109	316	67	0.0005902026362384435	0.0	0.0	0.0	1.0	0.0	-1.0	1.0	0.0	25.0
raw_rescue_ani0.94_xny300_br0.25_af0.1_raw_depth_abundance	hmp_airskin_gtdb_source_abundance,hmp_gastrooral_gtdb_source_abundance	0.8822762981414063	181.27901758494698	-0.03391505757459889	1118	332	58	-0.002608345041275546	-0.04761904761904767	141.00043975442182	-0.9605760661355478	10.0	16.0	-10.0	9.0	9.0	8.0
raw_rescue_ani0.94_xny300_br0.25_af0.1_zero_rescue_mass	hmp_airskin_gtdb_source_abundance,hmp_gastrooral_gtdb_source_abundance	0.8822762981414063	35.76275879445157	0.9317021198580226	1118	332	58	-0.002608345041275546	-0.04761904761904767	-3.416070845000482e-16	0.00011990677151271564	10.0	16.0	-10.0	9.0	9.0	8.0
raw_rescue_ani0.94_xny300_br0.25_af0.3_raw_depth_abundance	hmp_airskin_gtdb_source_abundance,hmp_gastrooral_gtdb_source_abundance	0.8822762981414063	181.27901758494698	-0.03391505757459889	1118	332	58	-0.002608345041275546	-0.04761904761904767	141.00043975442182	-0.9605760661355478	10.0	16.0	-10.0	9.0	9.0	8.0
raw_rescue_ani0.94_xny300_br0.25_af0.3_zero_rescue_mass	hmp_airskin_gtdb_source_abundance,hmp_gastrooral_gtdb_source_abundance	0.8822762981414063	35.76275879445157	0.9317021198580226	1118	332	58	-0.002608345041275546	-0.04761904761904767	-3.416070845000482e-16	0.00011990677151271564	10.0	16.0	-10.0	9.0	9.0	8.0
raw_rescue_ani0.94_xny300_br0.25_af0.5_raw_depth_abundance	hmp_airskin_gtdb_source_abundance,hmp_gastrooral_gtdb_source_abundance	0.8859665661136249	181.18337248680498	-0.03494213055751072	1117	324	59	0.0017744848094200987	-0.011338582677165365	140.82386421298952	-0.961564258850003	9.0	8.0	-9.0	8.0	3.0	15.0
raw_rescue_ani0.94_xny300_br0.25_af0.5_zero_rescue_mass	hmp_airskin_gtdb_source_abundance,hmp_gastrooral_gtdb_source_abundance	0.8859665661136249	35.76275879445157	0.9317154564797099	1117	324	59	0.0017744848094200987	-0.011338582677165365	2.7328566760003855e-16	0.00010344901051038222	9.0	8.0	-9.0	8.0	3.0	15.0
raw_rescue_ani0.94_xny300_br0.25_af0.7_raw_depth_abundance	hmp_airskin_gtdb_source_abundance,hmp_gastrooral_gtdb_source_abundance	0.8894599660282317	180.96959247023773	-0.034909771741001704	1115	316	61	0.0041117032570005966	0.0	140.429202628945	-0.9605229238502263	7.0	0.0	-7.0	6.0	0.0	20.0
raw_rescue_ani0.94_xny300_br0.25_af0.7_zero_rescue_mass	hmp_airskin_gtdb_source_abundance,hmp_gastrooral_gtdb_source_abundance	0.8894599660282317	35.76275879445157	0.9316002425700405	1115	316	61	0.0041117032570005966	0.0	0.0	0.0	7.0	0.0	-7.0	6.0	0.0	20.0
raw_rescue_ani0.94_xny300_br0.25_af0.9_raw_depth_abundance	hmp_airskin_gtdb_source_abundance,hmp_gastrooral_gtdb_source_abundance	0.8850712707698818	180.96946329090525	-0.035078691981263115	1109	316	67	0.0005902026362384435	0.0	140.4288682130004	-0.9608348231592523	1.0	0.0	-1.0	1.0	0.0	25.0
raw_rescue_ani0.94_xny300_br0.25_af0.9_zero_rescue_mass	hmp_airskin_gtdb_source_abundance,hmp_gastrooral_gtdb_source_abundance	0.8850712707698818	35.76275879445157	0.9316002425700405	1109	316	67	0.0005902026362384435	0.0	0.0	0.0	1.0	0.0	-1.0	1.0	0.0	25.0
raw_rescue_ani0.94_xny300_br0.2_af0.1_raw_depth_abundance	hmp_airskin_gtdb_source_abundance,hmp_gastrooral_gtdb_source_abundance	0.8789045785194695	181.40573166785788	-0.03295783641517713	1118	337	58	-0.005709104987024154	-0.04761904761904767	141.2343734215815	-0.9596810340921528	10.0	21.0	-10.0	8.0	11.0	7.0
raw_rescue_ani0.94_xny300_br0.2_af0.1_zero_rescue_mass	hmp_airskin_gtdb_source_abundance,hmp_gastrooral_gtdb_source_abundance	0.8789045785194695	35.76275879445157	0.9317064310203843	1118	337	58	-0.005709104987024154	-0.04761904761904767	-3.416070845000482e-16	0.00016302966377747147	10.0	21.0	-10.0	8.0	11.0	7.0
raw_rescue_ani0.94_xny300_br0.2_af0.3_raw_depth_abundance	hmp_airskin_gtdb_source_abundance,hmp_gastrooral_gtdb_source_abundance	0.8789045785194695	181.40573166785788	-0.03295783641517713	1118	337	58	-0.005709104987024154	-0.04761904761904767	141.2343734215815	-0.9596810340921528	10.0	21.0	-10.0	8.0	11.0	7.0
raw_rescue_ani0.94_xny300_br0.2_af0.3_zero_rescue_mass	hmp_airskin_gtdb_source_abundance,hmp_gastrooral_gtdb_source_abundance	0.8789045785194695	35.76275879445157	0.9317064310203843	1118	337	58	-0.005709104987024154	-0.04761904761904767	-3.416070845000482e-16	0.00016302966377747147	10.0	21.0	-10.0	8.0	11.0	7.0
raw_rescue_ani0.94_xny300_br0.2_af0.5_raw_depth_abundance	hmp_airskin_gtdb_source_abundance,hmp_gastrooral_gtdb_source_abundance	0.8859665661136249	181.18337248680498	-0.03494213055751072	1117	324	59	0.0017744848094200987	-0.011338582677165365	140.82386421298952	-0.961564258850003	9.0	8.0	-9.0	8.0	3.0	15.0
raw_rescue_ani0.94_xny300_br0.2_af0.5_zero_rescue_mass	hmp_airskin_gtdb_source_abundance,hmp_gastrooral_gtdb_source_abundance	0.8859665661136249	35.76275879445157	0.9317154564797099	1117	324	59	0.0017744848094200987	-0.011338582677165365	2.7328566760003855e-16	0.00010344901051038222	9.0	8.0	-9.0	8.0	3.0	15.0
raw_rescue_ani0.94_xny300_br0.2_af0.7_raw_depth_abundance	hmp_airskin_gtdb_source_abundance,hmp_gastrooral_gtdb_source_abundance	0.8894599660282317	180.96959247023773	-0.034909771741001704	1115	316	61	0.0041117032570005966	0.0	140.429202628945	-0.9605229238502263	7.0	0.0	-7.0	6.0	0.0	20.0
raw_rescue_ani0.94_xny300_br0.2_af0.7_zero_rescue_mass	hmp_airskin_gtdb_source_abundance,hmp_gastrooral_gtdb_source_abundance	0.8894599660282317	35.76275879445157	0.9316002425700405	1115	316	61	0.0041117032570005966	0.0	0.0	0.0	7.0	0.0	-7.0	6.0	0.0	20.0
raw_rescue_ani0.94_xny300_br0.2_af0.9_raw_depth_abundance	hmp_airskin_gtdb_source_abundance,hmp_gastrooral_gtdb_source_abundance	0.8850712707698818	180.96946329090525	-0.035078691981263115	1109	316	67	0.0005902026362384435	0.0	140.4288682130004	-0.9608348231592523	1.0	0.0	-1.0	1.0	0.0	25.0
raw_rescue_ani0.94_xny300_br0.2_af0.9_zero_rescue_mass	hmp_airskin_gtdb_source_abundance,hmp_gastrooral_gtdb_source_abundance	0.8850712707698818	35.76275879445157	0.9316002425700405	1109	316	67	0.0005902026362384435	0.0	0.0	0.0	1.0	0.0	-1.0	1.0	0.0	25.0
raw_rescue_ani0.94_xny300_br0.3_af0.1_raw_depth_abundance	hmp_airskin_gtdb_source_abundance,hmp_gastrooral_gtdb_source_abundance	0.8858428805237315	181.21550775186012	-0.03507149895526184	1115	322	61	0.0009475710090749178	-0.0045033112582780754	140.88319085616828	-0.9618030928150818	7.0	6.0	-7.0	6.0	2.0	18.0
raw_rescue_ani0.94_xny300_br0.3_af0.1_zero_rescue_mass	hmp_airskin_gtdb_source_abundance,hmp_gastrooral_gtdb_source_abundance	0.8858428805237315	35.76275879445157	0.9317149614776257	1115	322	61	0.0009475710090749178	-0.0045033112582780754	2.7328566760003855e-16	0.00010253516050869796	7.0	6.0	-7.0	6.0	2.0	18.0
raw_rescue_ani0.94_xny300_br0.3_af0.3_raw_depth_abundance	hmp_airskin_gtdb_source_abundance,hmp_gastrooral_gtdb_source_abundance	0.8858428805237315	181.21550775186012	-0.03507149895526184	1115	322	61	0.0009475710090749178	-0.0045033112582780754	140.88319085616828	-0.9618030928150818	7.0	6.0	-7.0	6.0	2.0	18.0
raw_rescue_ani0.94_xny300_br0.3_af0.3_zero_rescue_mass	hmp_airskin_gtdb_source_abundance,hmp_gastrooral_gtdb_source_abundance	0.8858428805237315	35.76275879445157	0.9317149614776257	1115	322	61	0.0009475710090749178	-0.0045033112582780754	2.7328566760003855e-16	0.00010253516050869796	7.0	6.0	-7.0	6.0	2.0	18.0
raw_rescue_ani0.94_xny300_br0.3_af0.5_raw_depth_abundance	hmp_airskin_gtdb_source_abundance,hmp_gastrooral_gtdb_source_abundance	0.8858428805237315	181.21550775186012	-0.03507149895526184	1115	322	61	0.0009475710090749178	-0.0045033112582780754	140.88319085616828	-0.9618030928150818	7.0	6.0	-7.0	6.0	2.0	18.0
raw_rescue_ani0.94_xny300_br0.3_af0.5_zero_rescue_mass	hmp_airskin_gtdb_source_abundance,hmp_gastrooral_gtdb_source_abundance	0.8858428805237315	35.76275879445157	0.9317149614776257	1115	322	61	0.0009475710090749178	-0.0045033112582780754	2.7328566760003855e-16	0.00010253516050869796	7.0	6.0	-7.0	6.0	2.0	18.0
raw_rescue_ani0.94_xny300_br0.3_af0.7_raw_depth_abundance	hmp_airskin_gtdb_source_abundance,hmp_gastrooral_gtdb_source_abundance	0.8892241884448611	181.0017219222056	-0.034929923684303	1114	316	62	0.0033591364666979598	0.0	140.48851854027032	-0.9605601274378593	6.0	0.0	-6.0	5.0	0.0	21.0
raw_rescue_ani0.94_xny300_br0.3_af0.7_zero_rescue_mass	hmp_airskin_gtdb_source_abundance,hmp_gastrooral_gtdb_source_abundance	0.8892241884448611	35.76275879445157	0.9316002425700405	1114	316	62	0.0033591364666979598	0.0	0.0	0.0	6.0	0.0	-6.0	5.0	0.0	21.0
raw_rescue_ani0.94_xny300_br0.3_af0.9_raw_depth_abundance	hmp_airskin_gtdb_source_abundance,hmp_gastrooral_gtdb_source_abundance	0.8850712707698818	180.96946329090525	-0.035078691981263115	1109	316	67	0.0005902026362384435	0.0	140.4288682130004	-0.9608348231592523	1.0	0.0	-1.0	1.0	0.0	25.0
raw_rescue_ani0.94_xny300_br0.3_af0.9_zero_rescue_mass	hmp_airskin_gtdb_source_abundance,hmp_gastrooral_gtdb_source_abundance	0.8850712707698818	35.76275879445157	0.9316002425700405	1109	316	67	0.0005902026362384435	0.0	0.0	0.0	1.0	0.0	-1.0	1.0	0.0	25.0
raw_rescue_ani0.94_xny300_br0.5_af0.1_raw_depth_abundance	hmp_airskin_gtdb_source_abundance,hmp_gastrooral_gtdb_source_abundance	0.8882791407442188	180.96940660439162	-0.03507871949267515	1110	316	66	0.0010183459215245849	0.0	140.42885949199834	-0.9608348273917772	2.0	0.0	-2.0	2.0	0.0	24.0
raw_rescue_ani0.94_xny300_br0.5_af0.1_zero_rescue_mass	hmp_airskin_gtdb_source_abundance,hmp_gastrooral_gtdb_source_abundance	0.8882791407442188	35.76275879445157	0.9316002425700405	1110	316	66	0.0010183459215245849	0.0	0.0	0.0	2.0	0.0	-2.0	2.0	0.0	24.0
raw_rescue_ani0.94_xny300_br0.5_af0.3_raw_depth_abundance	hmp_airskin_gtdb_source_abundance,hmp_gastrooral_gtdb_source_abundance	0.8882791407442188	180.96940660439162	-0.03507871949267515	1110	316	66	0.0010183459215245849	0.0	140.42885949199834	-0.9608348273917772	2.0	0.0	-2.0	2.0	0.0	24.0
raw_rescue_ani0.94_xny300_br0.5_af0.3_zero_rescue_mass	hmp_airskin_gtdb_source_abundance,hmp_gastrooral_gtdb_source_abundance	0.8882791407442188	35.76275879445157	0.9316002425700405	1110	316	66	0.0010183459215245849	0.0	0.0	0.0	2.0	0.0	-2.0	2.0	0.0	24.0
raw_rescue_ani0.94_xny300_br0.5_af0.5_raw_depth_abundance	hmp_airskin_gtdb_source_abundance,hmp_gastrooral_gtdb_source_abundance	0.8882791407442188	180.96940660439162	-0.03507871949267515	1110	316	66	0.0010183459215245849	0.0	140.42885949199834	-0.9608348273917772	2.0	0.0	-2.0	2.0	0.0	24.0
raw_rescue_ani0.94_xny300_br0.5_af0.5_zero_rescue_mass	hmp_airskin_gtdb_source_abundance,hmp_gastrooral_gtdb_source_abundance	0.8882791407442188	35.76275879445157	0.9316002425700405	1110	316	66	0.0010183459215245849	0.0	0.0	0.0	2.0	0.0	-2.0	2.0	0.0	24.0
raw_rescue_ani0.94_xny300_br0.5_af0.7_raw_depth_abundance	hmp_airskin_gtdb_source_abundance,hmp_gastrooral_gtdb_source_abundance	0.8882791407442188	180.96940660439162	-0.03507871949267515	1110	316	66	0.0010183459215245849	0.0	140.42885949199834	-0.9608348273917772	2.0	0.0	-2.0	2.0	0.0	24.0
raw_rescue_ani0.94_xny300_br0.5_af0.7_zero_rescue_mass	hmp_airskin_gtdb_source_abundance,hmp_gastrooral_gtdb_source_abundance	0.8882791407442188	35.76275879445157	0.9316002425700405	1110	316	66	0.0010183459215245849	0.0	0.0	0.0	2.0	0.0	-2.0	2.0	0.0	24.0
raw_rescue_ani0.94_xny300_br0.5_af0.9_raw_depth_abundance	hmp_airskin_gtdb_source_abundance,hmp_gastrooral_gtdb_source_abundance	0.8850712707698818	180.96946329090525	-0.035078691981263115	1109	316	67	0.0005902026362384435	0.0	140.4288682130004	-0.9608348231592523	1.0	0.0	-1.0	1.0	0.0	25.0
raw_rescue_ani0.94_xny300_br0.5_af0.9_zero_rescue_mass	hmp_airskin_gtdb_source_abundance,hmp_gastrooral_gtdb_source_abundance	0.8850712707698818	35.76275879445157	0.9316002425700405	1109	316	67	0.0005902026362384435	0.0	0.0	0.0	1.0	0.0	-1.0	1.0	0.0	25.0
raw_rescue_ani0.94_xny500_br0.05_af0.1_raw_depth_abundance	hmp_airskin_gtdb_source_abundance,hmp_gastrooral_gtdb_source_abundance	0.8859665661136249	181.18337248680498	-0.03494213055751072	1117	324	59	0.0017744848094200987	-0.011338582677165365	140.82386421298952	-0.961564258850003	9.0	8.0	-9.0	8.0	3.0	15.0
raw_rescue_ani0.94_xny500_br0.05_af0.1_zero_rescue_mass	hmp_airskin_gtdb_source_abundance,hmp_gastrooral_gtdb_source_abundance	0.8859665661136249	35.76275879445157	0.9317154564797099	1117	324	59	0.0017744848094200987	-0.011338582677165365	2.7328566760003855e-16	0.00010344901051038222	9.0	8.0	-9.0	8.0	3.0	15.0
raw_rescue_ani0.94_xny500_br0.05_af0.3_raw_depth_abundance	hmp_airskin_gtdb_source_abundance,hmp_gastrooral_gtdb_source_abundance	0.8859665661136249	181.18337248680498	-0.03494213055751072	1117	324	59	0.0017744848094200987	-0.011338582677165365	140.82386421298952	-0.961564258850003	9.0	8.0	-9.0	8.0	3.0	15.0
raw_rescue_ani0.94_xny500_br0.05_af0.3_zero_rescue_mass	hmp_airskin_gtdb_source_abundance,hmp_gastrooral_gtdb_source_abundance	0.8859665661136249	35.76275879445157	0.9317154564797099	1117	324	59	0.0017744848094200987	-0.011338582677165365	2.7328566760003855e-16	0.00010344901051038222	9.0	8.0	-9.0	8.0	3.0	15.0
raw_rescue_ani0.94_xny500_br0.05_af0.5_raw_depth_abundance	hmp_airskin_gtdb_source_abundance,hmp_gastrooral_gtdb_source_abundance	0.8859665661136249	181.18337248680498	-0.03494213055751072	1117	324	59	0.0017744848094200987	-0.011338582677165365	140.82386421298952	-0.961564258850003	9.0	8.0	-9.0	8.0	3.0	15.0
raw_rescue_ani0.94_xny500_br0.05_af0.5_zero_rescue_mass	hmp_airskin_gtdb_source_abundance,hmp_gastrooral_gtdb_source_abundance	0.8859665661136249	35.76275879445157	0.9317154564797099	1117	324	59	0.0017744848094200987	-0.011338582677165365	2.7328566760003855e-16	0.00010344901051038222	9.0	8.0	-9.0	8.0	3.0	15.0
raw_rescue_ani0.94_xny500_br0.05_af0.7_raw_depth_abundance	hmp_airskin_gtdb_source_abundance,hmp_gastrooral_gtdb_source_abundance	0.8894599660282317	180.96959247023773	-0.034909771741001704	1115	316	61	0.0041117032570005966	0.0	140.429202628945	-0.9605229238502263	7.0	0.0	-7.0	6.0	0.0	20.0
raw_rescue_ani0.94_xny500_br0.05_af0.7_zero_rescue_mass	hmp_airskin_gtdb_source_abundance,hmp_gastrooral_gtdb_source_abundance	0.8894599660282317	35.76275879445157	0.9316002425700405	1115	316	61	0.0041117032570005966	0.0	0.0	0.0	7.0	0.0	-7.0	6.0	0.0	20.0
raw_rescue_ani0.94_xny500_br0.05_af0.9_raw_depth_abundance	hmp_airskin_gtdb_source_abundance,hmp_gastrooral_gtdb_source_abundance	0.8850712707698818	180.96946329090525	-0.035078691981263115	1109	316	67	0.0005902026362384435	0.0	140.4288682130004	-0.9608348231592523	1.0	0.0	-1.0	1.0	0.0	25.0
raw_rescue_ani0.94_xny500_br0.05_af0.9_zero_rescue_mass	hmp_airskin_gtdb_source_abundance,hmp_gastrooral_gtdb_source_abundance	0.8850712707698818	35.76275879445157	0.9316002425700405	1109	316	67	0.0005902026362384435	0.0	0.0	0.0	1.0	0.0	-1.0	1.0	0.0	25.0
raw_rescue_ani0.94_xny500_br0.15_af0.1_raw_depth_abundance	hmp_airskin_gtdb_source_abundance,hmp_gastrooral_gtdb_source_abundance	0.8859665661136249	181.18337248680498	-0.03494213055751072	1117	324	59	0.0017744848094200987	-0.011338582677165365	140.82386421298952	-0.961564258850003	9.0	8.0	-9.0	8.0	3.0	15.0
raw_rescue_ani0.94_xny500_br0.15_af0.1_zero_rescue_mass	hmp_airskin_gtdb_source_abundance,hmp_gastrooral_gtdb_source_abundance	0.8859665661136249	35.76275879445157	0.9317154564797099	1117	324	59	0.0017744848094200987	-0.011338582677165365	2.7328566760003855e-16	0.00010344901051038222	9.0	8.0	-9.0	8.0	3.0	15.0
raw_rescue_ani0.94_xny500_br0.15_af0.3_raw_depth_abundance	hmp_airskin_gtdb_source_abundance,hmp_gastrooral_gtdb_source_abundance	0.8859665661136249	181.18337248680498	-0.03494213055751072	1117	324	59	0.0017744848094200987	-0.011338582677165365	140.82386421298952	-0.961564258850003	9.0	8.0	-9.0	8.0	3.0	15.0
raw_rescue_ani0.94_xny500_br0.15_af0.3_zero_rescue_mass	hmp_airskin_gtdb_source_abundance,hmp_gastrooral_gtdb_source_abundance	0.8859665661136249	35.76275879445157	0.9317154564797099	1117	324	59	0.0017744848094200987	-0.011338582677165365	2.7328566760003855e-16	0.00010344901051038222	9.0	8.0	-9.0	8.0	3.0	15.0
raw_rescue_ani0.94_xny500_br0.15_af0.5_raw_depth_abundance	hmp_airskin_gtdb_source_abundance,hmp_gastrooral_gtdb_source_abundance	0.8859665661136249	181.18337248680498	-0.03494213055751072	1117	324	59	0.0017744848094200987	-0.011338582677165365	140.82386421298952	-0.961564258850003	9.0	8.0	-9.0	8.0	3.0	15.0
raw_rescue_ani0.94_xny500_br0.15_af0.5_zero_rescue_mass	hmp_airskin_gtdb_source_abundance,hmp_gastrooral_gtdb_source_abundance	0.8859665661136249	35.76275879445157	0.9317154564797099	1117	324	59	0.0017744848094200987	-0.011338582677165365	2.7328566760003855e-16	0.00010344901051038222	9.0	8.0	-9.0	8.0	3.0	15.0
raw_rescue_ani0.94_xny500_br0.15_af0.7_raw_depth_abundance	hmp_airskin_gtdb_source_abundance,hmp_gastrooral_gtdb_source_abundance	0.8894599660282317	180.96959247023773	-0.034909771741001704	1115	316	61	0.0041117032570005966	0.0	140.429202628945	-0.9605229238502263	7.0	0.0	-7.0	6.0	0.0	20.0
raw_rescue_ani0.94_xny500_br0.15_af0.7_zero_rescue_mass	hmp_airskin_gtdb_source_abundance,hmp_gastrooral_gtdb_source_abundance	0.8894599660282317	35.76275879445157	0.9316002425700405	1115	316	61	0.0041117032570005966	0.0	0.0	0.0	7.0	0.0	-7.0	6.0	0.0	20.0
raw_rescue_ani0.94_xny500_br0.15_af0.9_raw_depth_abundance	hmp_airskin_gtdb_source_abundance,hmp_gastrooral_gtdb_source_abundance	0.8850712707698818	180.96946329090525	-0.035078691981263115	1109	316	67	0.0005902026362384435	0.0	140.4288682130004	-0.9608348231592523	1.0	0.0	-1.0	1.0	0.0	25.0
raw_rescue_ani0.94_xny500_br0.15_af0.9_zero_rescue_mass	hmp_airskin_gtdb_source_abundance,hmp_gastrooral_gtdb_source_abundance	0.8850712707698818	35.76275879445157	0.9316002425700405	1109	316	67	0.0005902026362384435	0.0	0.0	0.0	1.0	0.0	-1.0	1.0	0.0	25.0
raw_rescue_ani0.94_xny500_br0.1_af0.1_raw_depth_abundance	hmp_airskin_gtdb_source_abundance,hmp_gastrooral_gtdb_source_abundance	0.8859665661136249	181.18337248680498	-0.03494213055751072	1117	324	59	0.0017744848094200987	-0.011338582677165365	140.82386421298952	-0.961564258850003	9.0	8.0	-9.0	8.0	3.0	15.0
raw_rescue_ani0.94_xny500_br0.1_af0.1_zero_rescue_mass	hmp_airskin_gtdb_source_abundance,hmp_gastrooral_gtdb_source_abundance	0.8859665661136249	35.76275879445157	0.9317154564797099	1117	324	59	0.0017744848094200987	-0.011338582677165365	2.7328566760003855e-16	0.00010344901051038222	9.0	8.0	-9.0	8.0	3.0	15.0
raw_rescue_ani0.94_xny500_br0.1_af0.3_raw_depth_abundance	hmp_airskin_gtdb_source_abundance,hmp_gastrooral_gtdb_source_abundance	0.8859665661136249	181.18337248680498	-0.03494213055751072	1117	324	59	0.0017744848094200987	-0.011338582677165365	140.82386421298952	-0.961564258850003	9.0	8.0	-9.0	8.0	3.0	15.0
raw_rescue_ani0.94_xny500_br0.1_af0.3_zero_rescue_mass	hmp_airskin_gtdb_source_abundance,hmp_gastrooral_gtdb_source_abundance	0.8859665661136249	35.76275879445157	0.9317154564797099	1117	324	59	0.0017744848094200987	-0.011338582677165365	2.7328566760003855e-16	0.00010344901051038222	9.0	8.0	-9.0	8.0	3.0	15.0
raw_rescue_ani0.94_xny500_br0.1_af0.5_raw_depth_abundance	hmp_airskin_gtdb_source_abundance,hmp_gastrooral_gtdb_source_abundance	0.8859665661136249	181.18337248680498	-0.03494213055751072	1117	324	59	0.0017744848094200987	-0.011338582677165365	140.82386421298952	-0.961564258850003	9.0	8.0	-9.0	8.0	3.0	15.0
raw_rescue_ani0.94_xny500_br0.1_af0.5_zero_rescue_mass	hmp_airskin_gtdb_source_abundance,hmp_gastrooral_gtdb_source_abundance	0.8859665661136249	35.76275879445157	0.9317154564797099	1117	324	59	0.0017744848094200987	-0.011338582677165365	2.7328566760003855e-16	0.00010344901051038222	9.0	8.0	-9.0	8.0	3.0	15.0
raw_rescue_ani0.94_xny500_br0.1_af0.7_raw_depth_abundance	hmp_airskin_gtdb_source_abundance,hmp_gastrooral_gtdb_source_abundance	0.8894599660282317	180.96959247023773	-0.034909771741001704	1115	316	61	0.0041117032570005966	0.0	140.429202628945	-0.9605229238502263	7.0	0.0	-7.0	6.0	0.0	20.0
raw_rescue_ani0.94_xny500_br0.1_af0.7_zero_rescue_mass	hmp_airskin_gtdb_source_abundance,hmp_gastrooral_gtdb_source_abundance	0.8894599660282317	35.76275879445157	0.9316002425700405	1115	316	61	0.0041117032570005966	0.0	0.0	0.0	7.0	0.0	-7.0	6.0	0.0	20.0
raw_rescue_ani0.94_xny500_br0.1_af0.9_raw_depth_abundance	hmp_airskin_gtdb_source_abundance,hmp_gastrooral_gtdb_source_abundance	0.8850712707698818	180.96946329090525	-0.035078691981263115	1109	316	67	0.0005902026362384435	0.0	140.4288682130004	-0.9608348231592523	1.0	0.0	-1.0	1.0	0.0	25.0
raw_rescue_ani0.94_xny500_br0.1_af0.9_zero_rescue_mass	hmp_airskin_gtdb_source_abundance,hmp_gastrooral_gtdb_source_abundance	0.8850712707698818	35.76275879445157	0.9316002425700405	1109	316	67	0.0005902026362384435	0.0	0.0	0.0	1.0	0.0	-1.0	1.0	0.0	25.0
raw_rescue_ani0.94_xny500_br0.25_af0.1_raw_depth_abundance	hmp_airskin_gtdb_source_abundance,hmp_gastrooral_gtdb_source_abundance	0.8859665661136249	181.18337248680498	-0.03494213055751072	1117	324	59	0.0017744848094200987	-0.011338582677165365	140.82386421298952	-0.961564258850003	9.0	8.0	-9.0	8.0	3.0	15.0
raw_rescue_ani0.94_xny500_br0.25_af0.1_zero_rescue_mass	hmp_airskin_gtdb_source_abundance,hmp_gastrooral_gtdb_source_abundance	0.8859665661136249	35.76275879445157	0.9317154564797099	1117	324	59	0.0017744848094200987	-0.011338582677165365	2.7328566760003855e-16	0.00010344901051038222	9.0	8.0	-9.0	8.0	3.0	15.0
raw_rescue_ani0.94_xny500_br0.25_af0.3_raw_depth_abundance	hmp_airskin_gtdb_source_abundance,hmp_gastrooral_gtdb_source_abundance	0.8859665661136249	181.18337248680498	-0.03494213055751072	1117	324	59	0.0017744848094200987	-0.011338582677165365	140.82386421298952	-0.961564258850003	9.0	8.0	-9.0	8.0	3.0	15.0
raw_rescue_ani0.94_xny500_br0.25_af0.3_zero_rescue_mass	hmp_airskin_gtdb_source_abundance,hmp_gastrooral_gtdb_source_abundance	0.8859665661136249	35.76275879445157	0.9317154564797099	1117	324	59	0.0017744848094200987	-0.011338582677165365	2.7328566760003855e-16	0.00010344901051038222	9.0	8.0	-9.0	8.0	3.0	15.0
raw_rescue_ani0.94_xny500_br0.25_af0.5_raw_depth_abundance	hmp_airskin_gtdb_source_abundance,hmp_gastrooral_gtdb_source_abundance	0.8859665661136249	181.18337248680498	-0.03494213055751072	1117	324	59	0.0017744848094200987	-0.011338582677165365	140.82386421298952	-0.961564258850003	9.0	8.0	-9.0	8.0	3.0	15.0
raw_rescue_ani0.94_xny500_br0.25_af0.5_zero_rescue_mass	hmp_airskin_gtdb_source_abundance,hmp_gastrooral_gtdb_source_abundance	0.8859665661136249	35.76275879445157	0.9317154564797099	1117	324	59	0.0017744848094200987	-0.011338582677165365	2.7328566760003855e-16	0.00010344901051038222	9.0	8.0	-9.0	8.0	3.0	15.0
raw_rescue_ani0.94_xny500_br0.25_af0.7_raw_depth_abundance	hmp_airskin_gtdb_source_abundance,hmp_gastrooral_gtdb_source_abundance	0.8894599660282317	180.96959247023773	-0.034909771741001704	1115	316	61	0.0041117032570005966	0.0	140.429202628945	-0.9605229238502263	7.0	0.0	-7.0	6.0	0.0	20.0
raw_rescue_ani0.94_xny500_br0.25_af0.7_zero_rescue_mass	hmp_airskin_gtdb_source_abundance,hmp_gastrooral_gtdb_source_abundance	0.8894599660282317	35.76275879445157	0.9316002425700405	1115	316	61	0.0041117032570005966	0.0	0.0	0.0	7.0	0.0	-7.0	6.0	0.0	20.0
raw_rescue_ani0.94_xny500_br0.25_af0.9_raw_depth_abundance	hmp_airskin_gtdb_source_abundance,hmp_gastrooral_gtdb_source_abundance	0.8850712707698818	180.96946329090525	-0.035078691981263115	1109	316	67	0.0005902026362384435	0.0	140.4288682130004	-0.9608348231592523	1.0	0.0	-1.0	1.0	0.0	25.0
raw_rescue_ani0.94_xny500_br0.25_af0.9_zero_rescue_mass	hmp_airskin_gtdb_source_abundance,hmp_gastrooral_gtdb_source_abundance	0.8850712707698818	35.76275879445157	0.9316002425700405	1109	316	67	0.0005902026362384435	0.0	0.0	0.0	1.0	0.0	-1.0	1.0	0.0	25.0
raw_rescue_ani0.94_xny500_br0.2_af0.1_raw_depth_abundance	hmp_airskin_gtdb_source_abundance,hmp_gastrooral_gtdb_source_abundance	0.8859665661136249	181.18337248680498	-0.03494213055751072	1117	324	59	0.0017744848094200987	-0.011338582677165365	140.82386421298952	-0.961564258850003	9.0	8.0	-9.0	8.0	3.0	15.0
raw_rescue_ani0.94_xny500_br0.2_af0.1_zero_rescue_mass	hmp_airskin_gtdb_source_abundance,hmp_gastrooral_gtdb_source_abundance	0.8859665661136249	35.76275879445157	0.9317154564797099	1117	324	59	0.0017744848094200987	-0.011338582677165365	2.7328566760003855e-16	0.00010344901051038222	9.0	8.0	-9.0	8.0	3.0	15.0
raw_rescue_ani0.94_xny500_br0.2_af0.3_raw_depth_abundance	hmp_airskin_gtdb_source_abundance,hmp_gastrooral_gtdb_source_abundance	0.8859665661136249	181.18337248680498	-0.03494213055751072	1117	324	59	0.0017744848094200987	-0.011338582677165365	140.82386421298952	-0.961564258850003	9.0	8.0	-9.0	8.0	3.0	15.0
raw_rescue_ani0.94_xny500_br0.2_af0.3_zero_rescue_mass	hmp_airskin_gtdb_source_abundance,hmp_gastrooral_gtdb_source_abundance	0.8859665661136249	35.76275879445157	0.9317154564797099	1117	324	59	0.0017744848094200987	-0.011338582677165365	2.7328566760003855e-16	0.00010344901051038222	9.0	8.0	-9.0	8.0	3.0	15.0
raw_rescue_ani0.94_xny500_br0.2_af0.5_raw_depth_abundance	hmp_airskin_gtdb_source_abundance,hmp_gastrooral_gtdb_source_abundance	0.8859665661136249	181.18337248680498	-0.03494213055751072	1117	324	59	0.0017744848094200987	-0.011338582677165365	140.82386421298952	-0.961564258850003	9.0	8.0	-9.0	8.0	3.0	15.0
raw_rescue_ani0.94_xny500_br0.2_af0.5_zero_rescue_mass	hmp_airskin_gtdb_source_abundance,hmp_gastrooral_gtdb_source_abundance	0.8859665661136249	35.76275879445157	0.9317154564797099	1117	324	59	0.0017744848094200987	-0.011338582677165365	2.7328566760003855e-16	0.00010344901051038222	9.0	8.0	-9.0	8.0	3.0	15.0
raw_rescue_ani0.94_xny500_br0.2_af0.7_raw_depth_abundance	hmp_airskin_gtdb_source_abundance,hmp_gastrooral_gtdb_source_abundance	0.8894599660282317	180.96959247023773	-0.034909771741001704	1115	316	61	0.0041117032570005966	0.0	140.429202628945	-0.9605229238502263	7.0	0.0	-7.0	6.0	0.0	20.0
raw_rescue_ani0.94_xny500_br0.2_af0.7_zero_rescue_mass	hmp_airskin_gtdb_source_abundance,hmp_gastrooral_gtdb_source_abundance	0.8894599660282317	35.76275879445157	0.9316002425700405	1115	316	61	0.0041117032570005966	0.0	0.0	0.0	7.0	0.0	-7.0	6.0	0.0	20.0
raw_rescue_ani0.94_xny500_br0.2_af0.9_raw_depth_abundance	hmp_airskin_gtdb_source_abundance,hmp_gastrooral_gtdb_source_abundance	0.8850712707698818	180.96946329090525	-0.035078691981263115	1109	316	67	0.0005902026362384435	0.0	140.4288682130004	-0.9608348231592523	1.0	0.0	-1.0	1.0	0.0	25.0
raw_rescue_ani0.94_xny500_br0.2_af0.9_zero_rescue_mass	hmp_airskin_gtdb_source_abundance,hmp_gastrooral_gtdb_source_abundance	0.8850712707698818	35.76275879445157	0.9316002425700405	1109	316	67	0.0005902026362384435	0.0	0.0	0.0	1.0	0.0	-1.0	1.0	0.0	25.0
raw_rescue_ani0.94_xny500_br0.3_af0.1_raw_depth_abundance	hmp_airskin_gtdb_source_abundance,hmp_gastrooral_gtdb_source_abundance	0.8858428805237315	181.21550775186012	-0.03507149895526184	1115	322	61	0.0009475710090749178	-0.0045033112582780754	140.88319085616828	-0.9618030928150818	7.0	6.0	-7.0	6.0	2.0	18.0
raw_rescue_ani0.94_xny500_br0.3_af0.1_zero_rescue_mass	hmp_airskin_gtdb_source_abundance,hmp_gastrooral_gtdb_source_abundance	0.8858428805237315	35.76275879445157	0.9317149614776257	1115	322	61	0.0009475710090749178	-0.0045033112582780754	2.7328566760003855e-16	0.00010253516050869796	7.0	6.0	-7.0	6.0	2.0	18.0
raw_rescue_ani0.94_xny500_br0.3_af0.3_raw_depth_abundance	hmp_airskin_gtdb_source_abundance,hmp_gastrooral_gtdb_source_abundance	0.8858428805237315	181.21550775186012	-0.03507149895526184	1115	322	61	0.0009475710090749178	-0.0045033112582780754	140.88319085616828	-0.9618030928150818	7.0	6.0	-7.0	6.0	2.0	18.0
raw_rescue_ani0.94_xny500_br0.3_af0.3_zero_rescue_mass	hmp_airskin_gtdb_source_abundance,hmp_gastrooral_gtdb_source_abundance	0.8858428805237315	35.76275879445157	0.9317149614776257	1115	322	61	0.0009475710090749178	-0.0045033112582780754	2.7328566760003855e-16	0.00010253516050869796	7.0	6.0	-7.0	6.0	2.0	18.0
raw_rescue_ani0.94_xny500_br0.3_af0.5_raw_depth_abundance	hmp_airskin_gtdb_source_abundance,hmp_gastrooral_gtdb_source_abundance	0.8858428805237315	181.21550775186012	-0.03507149895526184	1115	322	61	0.0009475710090749178	-0.0045033112582780754	140.88319085616828	-0.9618030928150818	7.0	6.0	-7.0	6.0	2.0	18.0
raw_rescue_ani0.94_xny500_br0.3_af0.5_zero_rescue_mass	hmp_airskin_gtdb_source_abundance,hmp_gastrooral_gtdb_source_abundance	0.8858428805237315	35.76275879445157	0.9317149614776257	1115	322	61	0.0009475710090749178	-0.0045033112582780754	2.7328566760003855e-16	0.00010253516050869796	7.0	6.0	-7.0	6.0	2.0	18.0
raw_rescue_ani0.94_xny500_br0.3_af0.7_raw_depth_abundance	hmp_airskin_gtdb_source_abundance,hmp_gastrooral_gtdb_source_abundance	0.8892241884448611	181.0017219222056	-0.034929923684303	1114	316	62	0.0033591364666979598	0.0	140.48851854027032	-0.9605601274378593	6.0	0.0	-6.0	5.0	0.0	21.0
raw_rescue_ani0.94_xny500_br0.3_af0.7_zero_rescue_mass	hmp_airskin_gtdb_source_abundance,hmp_gastrooral_gtdb_source_abundance	0.8892241884448611	35.76275879445157	0.9316002425700405	1114	316	62	0.0033591364666979598	0.0	0.0	0.0	6.0	0.0	-6.0	5.0	0.0	21.0
raw_rescue_ani0.94_xny500_br0.3_af0.9_raw_depth_abundance	hmp_airskin_gtdb_source_abundance,hmp_gastrooral_gtdb_source_abundance	0.8850712707698818	180.96946329090525	-0.035078691981263115	1109	316	67	0.0005902026362384435	0.0	140.4288682130004	-0.9608348231592523	1.0	0.0	-1.0	1.0	0.0	25.0
raw_rescue_ani0.94_xny500_br0.3_af0.9_zero_rescue_mass	hmp_airskin_gtdb_source_abundance,hmp_gastrooral_gtdb_source_abundance	0.8850712707698818	35.76275879445157	0.9316002425700405	1109	316	67	0.0005902026362384435	0.0	0.0	0.0	1.0	0.0	-1.0	1.0	0.0	25.0
raw_rescue_ani0.94_xny500_br0.5_af0.1_raw_depth_abundance	hmp_airskin_gtdb_source_abundance,hmp_gastrooral_gtdb_source_abundance	0.8882791407442188	180.96940660439162	-0.03507871949267515	1110	316	66	0.0010183459215245849	0.0	140.42885949199834	-0.9608348273917772	2.0	0.0	-2.0	2.0	0.0	24.0
raw_rescue_ani0.94_xny500_br0.5_af0.1_zero_rescue_mass	hmp_airskin_gtdb_source_abundance,hmp_gastrooral_gtdb_source_abundance	0.8882791407442188	35.76275879445157	0.9316002425700405	1110	316	66	0.0010183459215245849	0.0	0.0	0.0	2.0	0.0	-2.0	2.0	0.0	24.0
raw_rescue_ani0.94_xny500_br0.5_af0.3_raw_depth_abundance	hmp_airskin_gtdb_source_abundance,hmp_gastrooral_gtdb_source_abundance	0.8882791407442188	180.96940660439162	-0.03507871949267515	1110	316	66	0.0010183459215245849	0.0	140.42885949199834	-0.9608348273917772	2.0	0.0	-2.0	2.0	0.0	24.0
raw_rescue_ani0.94_xny500_br0.5_af0.3_zero_rescue_mass	hmp_airskin_gtdb_source_abundance,hmp_gastrooral_gtdb_source_abundance	0.8882791407442188	35.76275879445157	0.9316002425700405	1110	316	66	0.0010183459215245849	0.0	0.0	0.0	2.0	0.0	-2.0	2.0	0.0	24.0
raw_rescue_ani0.94_xny500_br0.5_af0.5_raw_depth_abundance	hmp_airskin_gtdb_source_abundance,hmp_gastrooral_gtdb_source_abundance	0.8882791407442188	180.96940660439162	-0.03507871949267515	1110	316	66	0.0010183459215245849	0.0	140.42885949199834	-0.9608348273917772	2.0	0.0	-2.0	2.0	0.0	24.0
raw_rescue_ani0.94_xny500_br0.5_af0.5_zero_rescue_mass	hmp_airskin_gtdb_source_abundance,hmp_gastrooral_gtdb_source_abundance	0.8882791407442188	35.76275879445157	0.9316002425700405	1110	316	66	0.0010183459215245849	0.0	0.0	0.0	2.0	0.0	-2.0	2.0	0.0	24.0
raw_rescue_ani0.94_xny500_br0.5_af0.7_raw_depth_abundance	hmp_airskin_gtdb_source_abundance,hmp_gastrooral_gtdb_source_abundance	0.8882791407442188	180.96940660439162	-0.03507871949267515	1110	316	66	0.0010183459215245849	0.0	140.42885949199834	-0.9608348273917772	2.0	0.0	-2.0	2.0	0.0	24.0
raw_rescue_ani0.94_xny500_br0.5_af0.7_zero_rescue_mass	hmp_airskin_gtdb_source_abundance,hmp_gastrooral_gtdb_source_abundance	0.8882791407442188	35.76275879445157	0.9316002425700405	1110	316	66	0.0010183459215245849	0.0	0.0	0.0	2.0	0.0	-2.0	2.0	0.0	24.0
raw_rescue_ani0.94_xny500_br0.5_af0.9_raw_depth_abundance	hmp_airskin_gtdb_source_abundance,hmp_gastrooral_gtdb_source_abundance	0.8850712707698818	180.96946329090525	-0.035078691981263115	1109	316	67	0.0005902026362384435	0.0	140.4288682130004	-0.9608348231592523	1.0	0.0	-1.0	1.0	0.0	25.0
raw_rescue_ani0.94_xny500_br0.5_af0.9_zero_rescue_mass	hmp_airskin_gtdb_source_abundance,hmp_gastrooral_gtdb_source_abundance	0.8850712707698818	35.76275879445157	0.9316002425700405	1109	316	67	0.0005902026362384435	0.0	0.0	0.0	1.0	0.0	-1.0	1.0	0.0	25.0
raw_rescue_ani0.94_xny700_br0.05_af0.1_raw_depth_abundance	hmp_airskin_gtdb_source_abundance,hmp_gastrooral_gtdb_source_abundance	0.8894599660282317	180.96959247023773	-0.034909771741001704	1115	316	61	0.0041117032570005966	0.0	140.429202628945	-0.9605229238502263	7.0	0.0	-7.0	6.0	0.0	20.0
raw_rescue_ani0.94_xny700_br0.05_af0.1_zero_rescue_mass	hmp_airskin_gtdb_source_abundance,hmp_gastrooral_gtdb_source_abundance	0.8894599660282317	35.76275879445157	0.9316002425700405	1115	316	61	0.0041117032570005966	0.0	0.0	0.0	7.0	0.0	-7.0	6.0	0.0	20.0
raw_rescue_ani0.94_xny700_br0.05_af0.3_raw_depth_abundance	hmp_airskin_gtdb_source_abundance,hmp_gastrooral_gtdb_source_abundance	0.8894599660282317	180.96959247023773	-0.034909771741001704	1115	316	61	0.0041117032570005966	0.0	140.429202628945	-0.9605229238502263	7.0	0.0	-7.0	6.0	0.0	20.0
raw_rescue_ani0.94_xny700_br0.05_af0.3_zero_rescue_mass	hmp_airskin_gtdb_source_abundance,hmp_gastrooral_gtdb_source_abundance	0.8894599660282317	35.76275879445157	0.9316002425700405	1115	316	61	0.0041117032570005966	0.0	0.0	0.0	7.0	0.0	-7.0	6.0	0.0	20.0
raw_rescue_ani0.94_xny700_br0.05_af0.5_raw_depth_abundance	hmp_airskin_gtdb_source_abundance,hmp_gastrooral_gtdb_source_abundance	0.8894599660282317	180.96959247023773	-0.034909771741001704	1115	316	61	0.0041117032570005966	0.0	140.429202628945	-0.9605229238502263	7.0	0.0	-7.0	6.0	0.0	20.0
raw_rescue_ani0.94_xny700_br0.05_af0.5_zero_rescue_mass	hmp_airskin_gtdb_source_abundance,hmp_gastrooral_gtdb_source_abundance	0.8894599660282317	35.76275879445157	0.9316002425700405	1115	316	61	0.0041117032570005966	0.0	0.0	0.0	7.0	0.0	-7.0	6.0	0.0	20.0
raw_rescue_ani0.94_xny700_br0.05_af0.7_raw_depth_abundance	hmp_airskin_gtdb_source_abundance,hmp_gastrooral_gtdb_source_abundance	0.8894599660282317	180.96959247023773	-0.034909771741001704	1115	316	61	0.0041117032570005966	0.0	140.429202628945	-0.9605229238502263	7.0	0.0	-7.0	6.0	0.0	20.0
raw_rescue_ani0.94_xny700_br0.05_af0.7_zero_rescue_mass	hmp_airskin_gtdb_source_abundance,hmp_gastrooral_gtdb_source_abundance	0.8894599660282317	35.76275879445157	0.9316002425700405	1115	316	61	0.0041117032570005966	0.0	0.0	0.0	7.0	0.0	-7.0	6.0	0.0	20.0
raw_rescue_ani0.94_xny700_br0.05_af0.9_raw_depth_abundance	hmp_airskin_gtdb_source_abundance,hmp_gastrooral_gtdb_source_abundance	0.8850712707698818	180.96946329090525	-0.035078691981263115	1109	316	67	0.0005902026362384435	0.0	140.4288682130004	-0.9608348231592523	1.0	0.0	-1.0	1.0	0.0	25.0
raw_rescue_ani0.94_xny700_br0.05_af0.9_zero_rescue_mass	hmp_airskin_gtdb_source_abundance,hmp_gastrooral_gtdb_source_abundance	0.8850712707698818	35.76275879445157	0.9316002425700405	1109	316	67	0.0005902026362384435	0.0	0.0	0.0	1.0	0.0	-1.0	1.0	0.0	25.0
raw_rescue_ani0.94_xny700_br0.15_af0.1_raw_depth_abundance	hmp_airskin_gtdb_source_abundance,hmp_gastrooral_gtdb_source_abundance	0.8894599660282317	180.96959247023773	-0.034909771741001704	1115	316	61	0.0041117032570005966	0.0	140.429202628945	-0.9605229238502263	7.0	0.0	-7.0	6.0	0.0	20.0
raw_rescue_ani0.94_xny700_br0.15_af0.1_zero_rescue_mass	hmp_airskin_gtdb_source_abundance,hmp_gastrooral_gtdb_source_abundance	0.8894599660282317	35.76275879445157	0.9316002425700405	1115	316	61	0.0041117032570005966	0.0	0.0	0.0	7.0	0.0	-7.0	6.0	0.0	20.0
raw_rescue_ani0.94_xny700_br0.15_af0.3_raw_depth_abundance	hmp_airskin_gtdb_source_abundance,hmp_gastrooral_gtdb_source_abundance	0.8894599660282317	180.96959247023773	-0.034909771741001704	1115	316	61	0.0041117032570005966	0.0	140.429202628945	-0.9605229238502263	7.0	0.0	-7.0	6.0	0.0	20.0
raw_rescue_ani0.94_xny700_br0.15_af0.3_zero_rescue_mass	hmp_airskin_gtdb_source_abundance,hmp_gastrooral_gtdb_source_abundance	0.8894599660282317	35.76275879445157	0.9316002425700405	1115	316	61	0.0041117032570005966	0.0	0.0	0.0	7.0	0.0	-7.0	6.0	0.0	20.0
raw_rescue_ani0.94_xny700_br0.15_af0.5_raw_depth_abundance	hmp_airskin_gtdb_source_abundance,hmp_gastrooral_gtdb_source_abundance	0.8894599660282317	180.96959247023773	-0.034909771741001704	1115	316	61	0.0041117032570005966	0.0	140.429202628945	-0.9605229238502263	7.0	0.0	-7.0	6.0	0.0	20.0
raw_rescue_ani0.94_xny700_br0.15_af0.5_zero_rescue_mass	hmp_airskin_gtdb_source_abundance,hmp_gastrooral_gtdb_source_abundance	0.8894599660282317	35.76275879445157	0.9316002425700405	1115	316	61	0.0041117032570005966	0.0	0.0	0.0	7.0	0.0	-7.0	6.0	0.0	20.0
raw_rescue_ani0.94_xny700_br0.15_af0.7_raw_depth_abundance	hmp_airskin_gtdb_source_abundance,hmp_gastrooral_gtdb_source_abundance	0.8894599660282317	180.96959247023773	-0.034909771741001704	1115	316	61	0.0041117032570005966	0.0	140.429202628945	-0.9605229238502263	7.0	0.0	-7.0	6.0	0.0	20.0
raw_rescue_ani0.94_xny700_br0.15_af0.7_zero_rescue_mass	hmp_airskin_gtdb_source_abundance,hmp_gastrooral_gtdb_source_abundance	0.8894599660282317	35.76275879445157	0.9316002425700405	1115	316	61	0.0041117032570005966	0.0	0.0	0.0	7.0	0.0	-7.0	6.0	0.0	20.0
raw_rescue_ani0.94_xny700_br0.15_af0.9_raw_depth_abundance	hmp_airskin_gtdb_source_abundance,hmp_gastrooral_gtdb_source_abundance	0.8850712707698818	180.96946329090525	-0.035078691981263115	1109	316	67	0.0005902026362384435	0.0	140.4288682130004	-0.9608348231592523	1.0	0.0	-1.0	1.0	0.0	25.0
raw_rescue_ani0.94_xny700_br0.15_af0.9_zero_rescue_mass	hmp_airskin_gtdb_source_abundance,hmp_gastrooral_gtdb_source_abundance	0.8850712707698818	35.76275879445157	0.9316002425700405	1109	316	67	0.0005902026362384435	0.0	0.0	0.0	1.0	0.0	-1.0	1.0	0.0	25.0
raw_rescue_ani0.94_xny700_br0.1_af0.1_raw_depth_abundance	hmp_airskin_gtdb_source_abundance,hmp_gastrooral_gtdb_source_abundance	0.8894599660282317	180.96959247023773	-0.034909771741001704	1115	316	61	0.0041117032570005966	0.0	140.429202628945	-0.9605229238502263	7.0	0.0	-7.0	6.0	0.0	20.0
raw_rescue_ani0.94_xny700_br0.1_af0.1_zero_rescue_mass	hmp_airskin_gtdb_source_abundance,hmp_gastrooral_gtdb_source_abundance	0.8894599660282317	35.76275879445157	0.9316002425700405	1115	316	61	0.0041117032570005966	0.0	0.0	0.0	7.0	0.0	-7.0	6.0	0.0	20.0
raw_rescue_ani0.94_xny700_br0.1_af0.3_raw_depth_abundance	hmp_airskin_gtdb_source_abundance,hmp_gastrooral_gtdb_source_abundance	0.8894599660282317	180.96959247023773	-0.034909771741001704	1115	316	61	0.0041117032570005966	0.0	140.429202628945	-0.9605229238502263	7.0	0.0	-7.0	6.0	0.0	20.0
raw_rescue_ani0.94_xny700_br0.1_af0.3_zero_rescue_mass	hmp_airskin_gtdb_source_abundance,hmp_gastrooral_gtdb_source_abundance	0.8894599660282317	35.76275879445157	0.9316002425700405	1115	316	61	0.0041117032570005966	0.0	0.0	0.0	7.0	0.0	-7.0	6.0	0.0	20.0
raw_rescue_ani0.94_xny700_br0.1_af0.5_raw_depth_abundance	hmp_airskin_gtdb_source_abundance,hmp_gastrooral_gtdb_source_abundance	0.8894599660282317	180.96959247023773	-0.034909771741001704	1115	316	61	0.0041117032570005966	0.0	140.429202628945	-0.9605229238502263	7.0	0.0	-7.0	6.0	0.0	20.0
raw_rescue_ani0.94_xny700_br0.1_af0.5_zero_rescue_mass	hmp_airskin_gtdb_source_abundance,hmp_gastrooral_gtdb_source_abundance	0.8894599660282317	35.76275879445157	0.9316002425700405	1115	316	61	0.0041117032570005966	0.0	0.0	0.0	7.0	0.0	-7.0	6.0	0.0	20.0
raw_rescue_ani0.94_xny700_br0.1_af0.7_raw_depth_abundance	hmp_airskin_gtdb_source_abundance,hmp_gastrooral_gtdb_source_abundance	0.8894599660282317	180.96959247023773	-0.034909771741001704	1115	316	61	0.0041117032570005966	0.0	140.429202628945	-0.9605229238502263	7.0	0.0	-7.0	6.0	0.0	20.0
raw_rescue_ani0.94_xny700_br0.1_af0.7_zero_rescue_mass	hmp_airskin_gtdb_source_abundance,hmp_gastrooral_gtdb_source_abundance	0.8894599660282317	35.76275879445157	0.9316002425700405	1115	316	61	0.0041117032570005966	0.0	0.0	0.0	7.0	0.0	-7.0	6.0	0.0	20.0
raw_rescue_ani0.94_xny700_br0.1_af0.9_raw_depth_abundance	hmp_airskin_gtdb_source_abundance,hmp_gastrooral_gtdb_source_abundance	0.8850712707698818	180.96946329090525	-0.035078691981263115	1109	316	67	0.0005902026362384435	0.0	140.4288682130004	-0.9608348231592523	1.0	0.0	-1.0	1.0	0.0	25.0
raw_rescue_ani0.94_xny700_br0.1_af0.9_zero_rescue_mass	hmp_airskin_gtdb_source_abundance,hmp_gastrooral_gtdb_source_abundance	0.8850712707698818	35.76275879445157	0.9316002425700405	1109	316	67	0.0005902026362384435	0.0	0.0	0.0	1.0	0.0	-1.0	1.0	0.0	25.0
raw_rescue_ani0.94_xny700_br0.25_af0.1_raw_depth_abundance	hmp_airskin_gtdb_source_abundance,hmp_gastrooral_gtdb_source_abundance	0.8894599660282317	180.96959247023773	-0.034909771741001704	1115	316	61	0.0041117032570005966	0.0	140.429202628945	-0.9605229238502263	7.0	0.0	-7.0	6.0	0.0	20.0
raw_rescue_ani0.94_xny700_br0.25_af0.1_zero_rescue_mass	hmp_airskin_gtdb_source_abundance,hmp_gastrooral_gtdb_source_abundance	0.8894599660282317	35.76275879445157	0.9316002425700405	1115	316	61	0.0041117032570005966	0.0	0.0	0.0	7.0	0.0	-7.0	6.0	0.0	20.0
raw_rescue_ani0.94_xny700_br0.25_af0.3_raw_depth_abundance	hmp_airskin_gtdb_source_abundance,hmp_gastrooral_gtdb_source_abundance	0.8894599660282317	180.96959247023773	-0.034909771741001704	1115	316	61	0.0041117032570005966	0.0	140.429202628945	-0.9605229238502263	7.0	0.0	-7.0	6.0	0.0	20.0
raw_rescue_ani0.94_xny700_br0.25_af0.3_zero_rescue_mass	hmp_airskin_gtdb_source_abundance,hmp_gastrooral_gtdb_source_abundance	0.8894599660282317	35.76275879445157	0.9316002425700405	1115	316	61	0.0041117032570005966	0.0	0.0	0.0	7.0	0.0	-7.0	6.0	0.0	20.0
raw_rescue_ani0.94_xny700_br0.25_af0.5_raw_depth_abundance	hmp_airskin_gtdb_source_abundance,hmp_gastrooral_gtdb_source_abundance	0.8894599660282317	180.96959247023773	-0.034909771741001704	1115	316	61	0.0041117032570005966	0.0	140.429202628945	-0.9605229238502263	7.0	0.0	-7.0	6.0	0.0	20.0
raw_rescue_ani0.94_xny700_br0.25_af0.5_zero_rescue_mass	hmp_airskin_gtdb_source_abundance,hmp_gastrooral_gtdb_source_abundance	0.8894599660282317	35.76275879445157	0.9316002425700405	1115	316	61	0.0041117032570005966	0.0	0.0	0.0	7.0	0.0	-7.0	6.0	0.0	20.0
raw_rescue_ani0.94_xny700_br0.25_af0.7_raw_depth_abundance	hmp_airskin_gtdb_source_abundance,hmp_gastrooral_gtdb_source_abundance	0.8894599660282317	180.96959247023773	-0.034909771741001704	1115	316	61	0.0041117032570005966	0.0	140.429202628945	-0.9605229238502263	7.0	0.0	-7.0	6.0	0.0	20.0
raw_rescue_ani0.94_xny700_br0.25_af0.7_zero_rescue_mass	hmp_airskin_gtdb_source_abundance,hmp_gastrooral_gtdb_source_abundance	0.8894599660282317	35.76275879445157	0.9316002425700405	1115	316	61	0.0041117032570005966	0.0	0.0	0.0	7.0	0.0	-7.0	6.0	0.0	20.0
raw_rescue_ani0.94_xny700_br0.25_af0.9_raw_depth_abundance	hmp_airskin_gtdb_source_abundance,hmp_gastrooral_gtdb_source_abundance	0.8850712707698818	180.96946329090525	-0.035078691981263115	1109	316	67	0.0005902026362384435	0.0	140.4288682130004	-0.9608348231592523	1.0	0.0	-1.0	1.0	0.0	25.0
raw_rescue_ani0.94_xny700_br0.25_af0.9_zero_rescue_mass	hmp_airskin_gtdb_source_abundance,hmp_gastrooral_gtdb_source_abundance	0.8850712707698818	35.76275879445157	0.9316002425700405	1109	316	67	0.0005902026362384435	0.0	0.0	0.0	1.0	0.0	-1.0	1.0	0.0	25.0
raw_rescue_ani0.94_xny700_br0.2_af0.1_raw_depth_abundance	hmp_airskin_gtdb_source_abundance,hmp_gastrooral_gtdb_source_abundance	0.8894599660282317	180.96959247023773	-0.034909771741001704	1115	316	61	0.0041117032570005966	0.0	140.429202628945	-0.9605229238502263	7.0	0.0	-7.0	6.0	0.0	20.0
raw_rescue_ani0.94_xny700_br0.2_af0.1_zero_rescue_mass	hmp_airskin_gtdb_source_abundance,hmp_gastrooral_gtdb_source_abundance	0.8894599660282317	35.76275879445157	0.9316002425700405	1115	316	61	0.0041117032570005966	0.0	0.0	0.0	7.0	0.0	-7.0	6.0	0.0	20.0
raw_rescue_ani0.94_xny700_br0.2_af0.3_raw_depth_abundance	hmp_airskin_gtdb_source_abundance,hmp_gastrooral_gtdb_source_abundance	0.8894599660282317	180.96959247023773	-0.034909771741001704	1115	316	61	0.0041117032570005966	0.0	140.429202628945	-0.9605229238502263	7.0	0.0	-7.0	6.0	0.0	20.0
raw_rescue_ani0.94_xny700_br0.2_af0.3_zero_rescue_mass	hmp_airskin_gtdb_source_abundance,hmp_gastrooral_gtdb_source_abundance	0.8894599660282317	35.76275879445157	0.9316002425700405	1115	316	61	0.0041117032570005966	0.0	0.0	0.0	7.0	0.0	-7.0	6.0	0.0	20.0
raw_rescue_ani0.94_xny700_br0.2_af0.5_raw_depth_abundance	hmp_airskin_gtdb_source_abundance,hmp_gastrooral_gtdb_source_abundance	0.8894599660282317	180.96959247023773	-0.034909771741001704	1115	316	61	0.0041117032570005966	0.0	140.429202628945	-0.9605229238502263	7.0	0.0	-7.0	6.0	0.0	20.0
raw_rescue_ani0.94_xny700_br0.2_af0.5_zero_rescue_mass	hmp_airskin_gtdb_source_abundance,hmp_gastrooral_gtdb_source_abundance	0.8894599660282317	35.76275879445157	0.9316002425700405	1115	316	61	0.0041117032570005966	0.0	0.0	0.0	7.0	0.0	-7.0	6.0	0.0	20.0
raw_rescue_ani0.94_xny700_br0.2_af0.7_raw_depth_abundance	hmp_airskin_gtdb_source_abundance,hmp_gastrooral_gtdb_source_abundance	0.8894599660282317	180.96959247023773	-0.034909771741001704	1115	316	61	0.0041117032570005966	0.0	140.429202628945	-0.9605229238502263	7.0	0.0	-7.0	6.0	0.0	20.0
raw_rescue_ani0.94_xny700_br0.2_af0.7_zero_rescue_mass	hmp_airskin_gtdb_source_abundance,hmp_gastrooral_gtdb_source_abundance	0.8894599660282317	35.76275879445157	0.9316002425700405	1115	316	61	0.0041117032570005966	0.0	0.0	0.0	7.0	0.0	-7.0	6.0	0.0	20.0
raw_rescue_ani0.94_xny700_br0.2_af0.9_raw_depth_abundance	hmp_airskin_gtdb_source_abundance,hmp_gastrooral_gtdb_source_abundance	0.8850712707698818	180.96946329090525	-0.035078691981263115	1109	316	67	0.0005902026362384435	0.0	140.4288682130004	-0.9608348231592523	1.0	0.0	-1.0	1.0	0.0	25.0
raw_rescue_ani0.94_xny700_br0.2_af0.9_zero_rescue_mass	hmp_airskin_gtdb_source_abundance,hmp_gastrooral_gtdb_source_abundance	0.8850712707698818	35.76275879445157	0.9316002425700405	1109	316	67	0.0005902026362384435	0.0	0.0	0.0	1.0	0.0	-1.0	1.0	0.0	25.0
raw_rescue_ani0.94_xny700_br0.3_af0.1_raw_depth_abundance	hmp_airskin_gtdb_source_abundance,hmp_gastrooral_gtdb_source_abundance	0.8892241884448611	181.0017219222056	-0.034929923684303	1114	316	62	0.0033591364666979598	0.0	140.48851854027032	-0.9605601274378593	6.0	0.0	-6.0	5.0	0.0	21.0
raw_rescue_ani0.94_xny700_br0.3_af0.1_zero_rescue_mass	hmp_airskin_gtdb_source_abundance,hmp_gastrooral_gtdb_source_abundance	0.8892241884448611	35.76275879445157	0.9316002425700405	1114	316	62	0.0033591364666979598	0.0	0.0	0.0	6.0	0.0	-6.0	5.0	0.0	21.0
raw_rescue_ani0.94_xny700_br0.3_af0.3_raw_depth_abundance	hmp_airskin_gtdb_source_abundance,hmp_gastrooral_gtdb_source_abundance	0.8892241884448611	181.0017219222056	-0.034929923684303	1114	316	62	0.0033591364666979598	0.0	140.48851854027032	-0.9605601274378593	6.0	0.0	-6.0	5.0	0.0	21.0
raw_rescue_ani0.94_xny700_br0.3_af0.3_zero_rescue_mass	hmp_airskin_gtdb_source_abundance,hmp_gastrooral_gtdb_source_abundance	0.8892241884448611	35.76275879445157	0.9316002425700405	1114	316	62	0.0033591364666979598	0.0	0.0	0.0	6.0	0.0	-6.0	5.0	0.0	21.0
raw_rescue_ani0.94_xny700_br0.3_af0.5_raw_depth_abundance	hmp_airskin_gtdb_source_abundance,hmp_gastrooral_gtdb_source_abundance	0.8892241884448611	181.0017219222056	-0.034929923684303	1114	316	62	0.0033591364666979598	0.0	140.48851854027032	-0.9605601274378593	6.0	0.0	-6.0	5.0	0.0	21.0
raw_rescue_ani0.94_xny700_br0.3_af0.5_zero_rescue_mass	hmp_airskin_gtdb_source_abundance,hmp_gastrooral_gtdb_source_abundance	0.8892241884448611	35.76275879445157	0.9316002425700405	1114	316	62	0.0033591364666979598	0.0	0.0	0.0	6.0	0.0	-6.0	5.0	0.0	21.0
raw_rescue_ani0.94_xny700_br0.3_af0.7_raw_depth_abundance	hmp_airskin_gtdb_source_abundance,hmp_gastrooral_gtdb_source_abundance	0.8892241884448611	181.0017219222056	-0.034929923684303	1114	316	62	0.0033591364666979598	0.0	140.48851854027032	-0.9605601274378593	6.0	0.0	-6.0	5.0	0.0	21.0
raw_rescue_ani0.94_xny700_br0.3_af0.7_zero_rescue_mass	hmp_airskin_gtdb_source_abundance,hmp_gastrooral_gtdb_source_abundance	0.8892241884448611	35.76275879445157	0.9316002425700405	1114	316	62	0.0033591364666979598	0.0	0.0	0.0	6.0	0.0	-6.0	5.0	0.0	21.0
raw_rescue_ani0.94_xny700_br0.3_af0.9_raw_depth_abundance	hmp_airskin_gtdb_source_abundance,hmp_gastrooral_gtdb_source_abundance	0.8850712707698818	180.96946329090525	-0.035078691981263115	1109	316	67	0.0005902026362384435	0.0	140.4288682130004	-0.9608348231592523	1.0	0.0	-1.0	1.0	0.0	25.0
raw_rescue_ani0.94_xny700_br0.3_af0.9_zero_rescue_mass	hmp_airskin_gtdb_source_abundance,hmp_gastrooral_gtdb_source_abundance	0.8850712707698818	35.76275879445157	0.9316002425700405	1109	316	67	0.0005902026362384435	0.0	0.0	0.0	1.0	0.0	-1.0	1.0	0.0	25.0
raw_rescue_ani0.94_xny700_br0.5_af0.1_raw_depth_abundance	hmp_airskin_gtdb_source_abundance,hmp_gastrooral_gtdb_source_abundance	0.8882791407442188	180.96940660439162	-0.03507871949267515	1110	316	66	0.0010183459215245849	0.0	140.42885949199834	-0.9608348273917772	2.0	0.0	-2.0	2.0	0.0	24.0
raw_rescue_ani0.94_xny700_br0.5_af0.1_zero_rescue_mass	hmp_airskin_gtdb_source_abundance,hmp_gastrooral_gtdb_source_abundance	0.8882791407442188	35.76275879445157	0.9316002425700405	1110	316	66	0.0010183459215245849	0.0	0.0	0.0	2.0	0.0	-2.0	2.0	0.0	24.0
raw_rescue_ani0.94_xny700_br0.5_af0.3_raw_depth_abundance	hmp_airskin_gtdb_source_abundance,hmp_gastrooral_gtdb_source_abundance	0.8882791407442188	180.96940660439162	-0.03507871949267515	1110	316	66	0.0010183459215245849	0.0	140.42885949199834	-0.9608348273917772	2.0	0.0	-2.0	2.0	0.0	24.0
raw_rescue_ani0.94_xny700_br0.5_af0.3_zero_rescue_mass	hmp_airskin_gtdb_source_abundance,hmp_gastrooral_gtdb_source_abundance	0.8882791407442188	35.76275879445157	0.9316002425700405	1110	316	66	0.0010183459215245849	0.0	0.0	0.0	2.0	0.0	-2.0	2.0	0.0	24.0
raw_rescue_ani0.94_xny700_br0.5_af0.5_raw_depth_abundance	hmp_airskin_gtdb_source_abundance,hmp_gastrooral_gtdb_source_abundance	0.8882791407442188	180.96940660439162	-0.03507871949267515	1110	316	66	0.0010183459215245849	0.0	140.42885949199834	-0.9608348273917772	2.0	0.0	-2.0	2.0	0.0	24.0
raw_rescue_ani0.94_xny700_br0.5_af0.5_zero_rescue_mass	hmp_airskin_gtdb_source_abundance,hmp_gastrooral_gtdb_source_abundance	0.8882791407442188	35.76275879445157	0.9316002425700405	1110	316	66	0.0010183459215245849	0.0	0.0	0.0	2.0	0.0	-2.0	2.0	0.0	24.0
raw_rescue_ani0.94_xny700_br0.5_af0.7_raw_depth_abundance	hmp_airskin_gtdb_source_abundance,hmp_gastrooral_gtdb_source_abundance	0.8882791407442188	180.96940660439162	-0.03507871949267515	1110	316	66	0.0010183459215245849	0.0	140.42885949199834	-0.9608348273917772	2.0	0.0	-2.0	2.0	0.0	24.0
raw_rescue_ani0.94_xny700_br0.5_af0.7_zero_rescue_mass	hmp_airskin_gtdb_source_abundance,hmp_gastrooral_gtdb_source_abundance	0.8882791407442188	35.76275879445157	0.9316002425700405	1110	316	66	0.0010183459215245849	0.0	0.0	0.0	2.0	0.0	-2.0	2.0	0.0	24.0
raw_rescue_ani0.94_xny700_br0.5_af0.9_raw_depth_abundance	hmp_airskin_gtdb_source_abundance,hmp_gastrooral_gtdb_source_abundance	0.8850712707698818	180.96946329090525	-0.035078691981263115	1109	316	67	0.0005902026362384435	0.0	140.4288682130004	-0.9608348231592523	1.0	0.0	-1.0	1.0	0.0	25.0
raw_rescue_ani0.94_xny700_br0.5_af0.9_zero_rescue_mass	hmp_airskin_gtdb_source_abundance,hmp_gastrooral_gtdb_source_abundance	0.8850712707698818	35.76275879445157	0.9316002425700405	1109	316	67	0.0005902026362384435	0.0	0.0	0.0	1.0	0.0	-1.0	1.0	0.0	25.0
raw_rescue_ani0.94_xny900_br0.05_af0.1_raw_depth_abundance	hmp_airskin_gtdb_source_abundance,hmp_gastrooral_gtdb_source_abundance	0.8850712707698818	180.96946329090525	-0.035078691981263115	1109	316	67	0.0005902026362384435	0.0	140.4288682130004	-0.9608348231592523	1.0	0.0	-1.0	1.0	0.0	25.0
raw_rescue_ani0.94_xny900_br0.05_af0.1_zero_rescue_mass	hmp_airskin_gtdb_source_abundance,hmp_gastrooral_gtdb_source_abundance	0.8850712707698818	35.76275879445157	0.9316002425700405	1109	316	67	0.0005902026362384435	0.0	0.0	0.0	1.0	0.0	-1.0	1.0	0.0	25.0
raw_rescue_ani0.94_xny900_br0.05_af0.3_raw_depth_abundance	hmp_airskin_gtdb_source_abundance,hmp_gastrooral_gtdb_source_abundance	0.8850712707698818	180.96946329090525	-0.035078691981263115	1109	316	67	0.0005902026362384435	0.0	140.4288682130004	-0.9608348231592523	1.0	0.0	-1.0	1.0	0.0	25.0
raw_rescue_ani0.94_xny900_br0.05_af0.3_zero_rescue_mass	hmp_airskin_gtdb_source_abundance,hmp_gastrooral_gtdb_source_abundance	0.8850712707698818	35.76275879445157	0.9316002425700405	1109	316	67	0.0005902026362384435	0.0	0.0	0.0	1.0	0.0	-1.0	1.0	0.0	25.0
raw_rescue_ani0.94_xny900_br0.05_af0.5_raw_depth_abundance	hmp_airskin_gtdb_source_abundance,hmp_gastrooral_gtdb_source_abundance	0.8850712707698818	180.96946329090525	-0.035078691981263115	1109	316	67	0.0005902026362384435	0.0	140.4288682130004	-0.9608348231592523	1.0	0.0	-1.0	1.0	0.0	25.0
raw_rescue_ani0.94_xny900_br0.05_af0.5_zero_rescue_mass	hmp_airskin_gtdb_source_abundance,hmp_gastrooral_gtdb_source_abundance	0.8850712707698818	35.76275879445157	0.9316002425700405	1109	316	67	0.0005902026362384435	0.0	0.0	0.0	1.0	0.0	-1.0	1.0	0.0	25.0
raw_rescue_ani0.94_xny900_br0.05_af0.7_raw_depth_abundance	hmp_airskin_gtdb_source_abundance,hmp_gastrooral_gtdb_source_abundance	0.8850712707698818	180.96946329090525	-0.035078691981263115	1109	316	67	0.0005902026362384435	0.0	140.4288682130004	-0.9608348231592523	1.0	0.0	-1.0	1.0	0.0	25.0
raw_rescue_ani0.94_xny900_br0.05_af0.7_zero_rescue_mass	hmp_airskin_gtdb_source_abundance,hmp_gastrooral_gtdb_source_abundance	0.8850712707698818	35.76275879445157	0.9316002425700405	1109	316	67	0.0005902026362384435	0.0	0.0	0.0	1.0	0.0	-1.0	1.0	0.0	25.0
raw_rescue_ani0.94_xny900_br0.05_af0.9_raw_depth_abundance	hmp_airskin_gtdb_source_abundance,hmp_gastrooral_gtdb_source_abundance	0.8850712707698818	180.96946329090525	-0.035078691981263115	1109	316	67	0.0005902026362384435	0.0	140.4288682130004	-0.9608348231592523	1.0	0.0	-1.0	1.0	0.0	25.0
raw_rescue_ani0.94_xny900_br0.05_af0.9_zero_rescue_mass	hmp_airskin_gtdb_source_abundance,hmp_gastrooral_gtdb_source_abundance	0.8850712707698818	35.76275879445157	0.9316002425700405	1109	316	67	0.0005902026362384435	0.0	0.0	0.0	1.0	0.0	-1.0	1.0	0.0	25.0
raw_rescue_ani0.94_xny900_br0.15_af0.1_raw_depth_abundance	hmp_airskin_gtdb_source_abundance,hmp_gastrooral_gtdb_source_abundance	0.8850712707698818	180.96946329090525	-0.035078691981263115	1109	316	67	0.0005902026362384435	0.0	140.4288682130004	-0.9608348231592523	1.0	0.0	-1.0	1.0	0.0	25.0
raw_rescue_ani0.94_xny900_br0.15_af0.1_zero_rescue_mass	hmp_airskin_gtdb_source_abundance,hmp_gastrooral_gtdb_source_abundance	0.8850712707698818	35.76275879445157	0.9316002425700405	1109	316	67	0.0005902026362384435	0.0	0.0	0.0	1.0	0.0	-1.0	1.0	0.0	25.0
raw_rescue_ani0.94_xny900_br0.15_af0.3_raw_depth_abundance	hmp_airskin_gtdb_source_abundance,hmp_gastrooral_gtdb_source_abundance	0.8850712707698818	180.96946329090525	-0.035078691981263115	1109	316	67	0.0005902026362384435	0.0	140.4288682130004	-0.9608348231592523	1.0	0.0	-1.0	1.0	0.0	25.0
raw_rescue_ani0.94_xny900_br0.15_af0.3_zero_rescue_mass	hmp_airskin_gtdb_source_abundance,hmp_gastrooral_gtdb_source_abundance	0.8850712707698818	35.76275879445157	0.9316002425700405	1109	316	67	0.0005902026362384435	0.0	0.0	0.0	1.0	0.0	-1.0	1.0	0.0	25.0
raw_rescue_ani0.94_xny900_br0.15_af0.5_raw_depth_abundance	hmp_airskin_gtdb_source_abundance,hmp_gastrooral_gtdb_source_abundance	0.8850712707698818	180.96946329090525	-0.035078691981263115	1109	316	67	0.0005902026362384435	0.0	140.4288682130004	-0.9608348231592523	1.0	0.0	-1.0	1.0	0.0	25.0
raw_rescue_ani0.94_xny900_br0.15_af0.5_zero_rescue_mass	hmp_airskin_gtdb_source_abundance,hmp_gastrooral_gtdb_source_abundance	0.8850712707698818	35.76275879445157	0.9316002425700405	1109	316	67	0.0005902026362384435	0.0	0.0	0.0	1.0	0.0	-1.0	1.0	0.0	25.0
raw_rescue_ani0.94_xny900_br0.15_af0.7_raw_depth_abundance	hmp_airskin_gtdb_source_abundance,hmp_gastrooral_gtdb_source_abundance	0.8850712707698818	180.96946329090525	-0.035078691981263115	1109	316	67	0.0005902026362384435	0.0	140.4288682130004	-0.9608348231592523	1.0	0.0	-1.0	1.0	0.0	25.0
raw_rescue_ani0.94_xny900_br0.15_af0.7_zero_rescue_mass	hmp_airskin_gtdb_source_abundance,hmp_gastrooral_gtdb_source_abundance	0.8850712707698818	35.76275879445157	0.9316002425700405	1109	316	67	0.0005902026362384435	0.0	0.0	0.0	1.0	0.0	-1.0	1.0	0.0	25.0
raw_rescue_ani0.94_xny900_br0.15_af0.9_raw_depth_abundance	hmp_airskin_gtdb_source_abundance,hmp_gastrooral_gtdb_source_abundance	0.8850712707698818	180.96946329090525	-0.035078691981263115	1109	316	67	0.0005902026362384435	0.0	140.4288682130004	-0.9608348231592523	1.0	0.0	-1.0	1.0	0.0	25.0
raw_rescue_ani0.94_xny900_br0.15_af0.9_zero_rescue_mass	hmp_airskin_gtdb_source_abundance,hmp_gastrooral_gtdb_source_abundance	0.8850712707698818	35.76275879445157	0.9316002425700405	1109	316	67	0.0005902026362384435	0.0	0.0	0.0	1.0	0.0	-1.0	1.0	0.0	25.0
raw_rescue_ani0.94_xny900_br0.1_af0.1_raw_depth_abundance	hmp_airskin_gtdb_source_abundance,hmp_gastrooral_gtdb_source_abundance	0.8850712707698818	180.96946329090525	-0.035078691981263115	1109	316	67	0.0005902026362384435	0.0	140.4288682130004	-0.9608348231592523	1.0	0.0	-1.0	1.0	0.0	25.0
raw_rescue_ani0.94_xny900_br0.1_af0.1_zero_rescue_mass	hmp_airskin_gtdb_source_abundance,hmp_gastrooral_gtdb_source_abundance	0.8850712707698818	35.76275879445157	0.9316002425700405	1109	316	67	0.0005902026362384435	0.0	0.0	0.0	1.0	0.0	-1.0	1.0	0.0	25.0
raw_rescue_ani0.94_xny900_br0.1_af0.3_raw_depth_abundance	hmp_airskin_gtdb_source_abundance,hmp_gastrooral_gtdb_source_abundance	0.8850712707698818	180.96946329090525	-0.035078691981263115	1109	316	67	0.0005902026362384435	0.0	140.4288682130004	-0.9608348231592523	1.0	0.0	-1.0	1.0	0.0	25.0
raw_rescue_ani0.94_xny900_br0.1_af0.3_zero_rescue_mass	hmp_airskin_gtdb_source_abundance,hmp_gastrooral_gtdb_source_abundance	0.8850712707698818	35.76275879445157	0.9316002425700405	1109	316	67	0.0005902026362384435	0.0	0.0	0.0	1.0	0.0	-1.0	1.0	0.0	25.0
raw_rescue_ani0.94_xny900_br0.1_af0.5_raw_depth_abundance	hmp_airskin_gtdb_source_abundance,hmp_gastrooral_gtdb_source_abundance	0.8850712707698818	180.96946329090525	-0.035078691981263115	1109	316	67	0.0005902026362384435	0.0	140.4288682130004	-0.9608348231592523	1.0	0.0	-1.0	1.0	0.0	25.0
raw_rescue_ani0.94_xny900_br0.1_af0.5_zero_rescue_mass	hmp_airskin_gtdb_source_abundance,hmp_gastrooral_gtdb_source_abundance	0.8850712707698818	35.76275879445157	0.9316002425700405	1109	316	67	0.0005902026362384435	0.0	0.0	0.0	1.0	0.0	-1.0	1.0	0.0	25.0
raw_rescue_ani0.94_xny900_br0.1_af0.7_raw_depth_abundance	hmp_airskin_gtdb_source_abundance,hmp_gastrooral_gtdb_source_abundance	0.8850712707698818	180.96946329090525	-0.035078691981263115	1109	316	67	0.0005902026362384435	0.0	140.4288682130004	-0.9608348231592523	1.0	0.0	-1.0	1.0	0.0	25.0
raw_rescue_ani0.94_xny900_br0.1_af0.7_zero_rescue_mass	hmp_airskin_gtdb_source_abundance,hmp_gastrooral_gtdb_source_abundance	0.8850712707698818	35.76275879445157	0.9316002425700405	1109	316	67	0.0005902026362384435	0.0	0.0	0.0	1.0	0.0	-1.0	1.0	0.0	25.0
raw_rescue_ani0.94_xny900_br0.1_af0.9_raw_depth_abundance	hmp_airskin_gtdb_source_abundance,hmp_gastrooral_gtdb_source_abundance	0.8850712707698818	180.96946329090525	-0.035078691981263115	1109	316	67	0.0005902026362384435	0.0	140.4288682130004	-0.9608348231592523	1.0	0.0	-1.0	1.0	0.0	25.0
raw_rescue_ani0.94_xny900_br0.1_af0.9_zero_rescue_mass	hmp_airskin_gtdb_source_abundance,hmp_gastrooral_gtdb_source_abundance	0.8850712707698818	35.76275879445157	0.9316002425700405	1109	316	67	0.0005902026362384435	0.0	0.0	0.0	1.0	0.0	-1.0	1.0	0.0	25.0
raw_rescue_ani0.94_xny900_br0.25_af0.1_raw_depth_abundance	hmp_airskin_gtdb_source_abundance,hmp_gastrooral_gtdb_source_abundance	0.8850712707698818	180.96946329090525	-0.035078691981263115	1109	316	67	0.0005902026362384435	0.0	140.4288682130004	-0.9608348231592523	1.0	0.0	-1.0	1.0	0.0	25.0
raw_rescue_ani0.94_xny900_br0.25_af0.1_zero_rescue_mass	hmp_airskin_gtdb_source_abundance,hmp_gastrooral_gtdb_source_abundance	0.8850712707698818	35.76275879445157	0.9316002425700405	1109	316	67	0.0005902026362384435	0.0	0.0	0.0	1.0	0.0	-1.0	1.0	0.0	25.0
raw_rescue_ani0.94_xny900_br0.25_af0.3_raw_depth_abundance	hmp_airskin_gtdb_source_abundance,hmp_gastrooral_gtdb_source_abundance	0.8850712707698818	180.96946329090525	-0.035078691981263115	1109	316	67	0.0005902026362384435	0.0	140.4288682130004	-0.9608348231592523	1.0	0.0	-1.0	1.0	0.0	25.0
raw_rescue_ani0.94_xny900_br0.25_af0.3_zero_rescue_mass	hmp_airskin_gtdb_source_abundance,hmp_gastrooral_gtdb_source_abundance	0.8850712707698818	35.76275879445157	0.9316002425700405	1109	316	67	0.0005902026362384435	0.0	0.0	0.0	1.0	0.0	-1.0	1.0	0.0	25.0
raw_rescue_ani0.94_xny900_br0.25_af0.5_raw_depth_abundance	hmp_airskin_gtdb_source_abundance,hmp_gastrooral_gtdb_source_abundance	0.8850712707698818	180.96946329090525	-0.035078691981263115	1109	316	67	0.0005902026362384435	0.0	140.4288682130004	-0.9608348231592523	1.0	0.0	-1.0	1.0	0.0	25.0
raw_rescue_ani0.94_xny900_br0.25_af0.5_zero_rescue_mass	hmp_airskin_gtdb_source_abundance,hmp_gastrooral_gtdb_source_abundance	0.8850712707698818	35.76275879445157	0.9316002425700405	1109	316	67	0.0005902026362384435	0.0	0.0	0.0	1.0	0.0	-1.0	1.0	0.0	25.0
raw_rescue_ani0.94_xny900_br0.25_af0.7_raw_depth_abundance	hmp_airskin_gtdb_source_abundance,hmp_gastrooral_gtdb_source_abundance	0.8850712707698818	180.96946329090525	-0.035078691981263115	1109	316	67	0.0005902026362384435	0.0	140.4288682130004	-0.9608348231592523	1.0	0.0	-1.0	1.0	0.0	25.0
raw_rescue_ani0.94_xny900_br0.25_af0.7_zero_rescue_mass	hmp_airskin_gtdb_source_abundance,hmp_gastrooral_gtdb_source_abundance	0.8850712707698818	35.76275879445157	0.9316002425700405	1109	316	67	0.0005902026362384435	0.0	0.0	0.0	1.0	0.0	-1.0	1.0	0.0	25.0
raw_rescue_ani0.94_xny900_br0.25_af0.9_raw_depth_abundance	hmp_airskin_gtdb_source_abundance,hmp_gastrooral_gtdb_source_abundance	0.8850712707698818	180.96946329090525	-0.035078691981263115	1109	316	67	0.0005902026362384435	0.0	140.4288682130004	-0.9608348231592523	1.0	0.0	-1.0	1.0	0.0	25.0
raw_rescue_ani0.94_xny900_br0.25_af0.9_zero_rescue_mass	hmp_airskin_gtdb_source_abundance,hmp_gastrooral_gtdb_source_abundance	0.8850712707698818	35.76275879445157	0.9316002425700405	1109	316	67	0.0005902026362384435	0.0	0.0	0.0	1.0	0.0	-1.0	1.0	0.0	25.0
raw_rescue_ani0.94_xny900_br0.2_af0.1_raw_depth_abundance	hmp_airskin_gtdb_source_abundance,hmp_gastrooral_gtdb_source_abundance	0.8850712707698818	180.96946329090525	-0.035078691981263115	1109	316	67	0.0005902026362384435	0.0	140.4288682130004	-0.9608348231592523	1.0	0.0	-1.0	1.0	0.0	25.0
raw_rescue_ani0.94_xny900_br0.2_af0.1_zero_rescue_mass	hmp_airskin_gtdb_source_abundance,hmp_gastrooral_gtdb_source_abundance	0.8850712707698818	35.76275879445157	0.9316002425700405	1109	316	67	0.0005902026362384435	0.0	0.0	0.0	1.0	0.0	-1.0	1.0	0.0	25.0
raw_rescue_ani0.94_xny900_br0.2_af0.3_raw_depth_abundance	hmp_airskin_gtdb_source_abundance,hmp_gastrooral_gtdb_source_abundance	0.8850712707698818	180.96946329090525	-0.035078691981263115	1109	316	67	0.0005902026362384435	0.0	140.4288682130004	-0.9608348231592523	1.0	0.0	-1.0	1.0	0.0	25.0
raw_rescue_ani0.94_xny900_br0.2_af0.3_zero_rescue_mass	hmp_airskin_gtdb_source_abundance,hmp_gastrooral_gtdb_source_abundance	0.8850712707698818	35.76275879445157	0.9316002425700405	1109	316	67	0.0005902026362384435	0.0	0.0	0.0	1.0	0.0	-1.0	1.0	0.0	25.0
raw_rescue_ani0.94_xny900_br0.2_af0.5_raw_depth_abundance	hmp_airskin_gtdb_source_abundance,hmp_gastrooral_gtdb_source_abundance	0.8850712707698818	180.96946329090525	-0.035078691981263115	1109	316	67	0.0005902026362384435	0.0	140.4288682130004	-0.9608348231592523	1.0	0.0	-1.0	1.0	0.0	25.0
raw_rescue_ani0.94_xny900_br0.2_af0.5_zero_rescue_mass	hmp_airskin_gtdb_source_abundance,hmp_gastrooral_gtdb_source_abundance	0.8850712707698818	35.76275879445157	0.9316002425700405	1109	316	67	0.0005902026362384435	0.0	0.0	0.0	1.0	0.0	-1.0	1.0	0.0	25.0
raw_rescue_ani0.94_xny900_br0.2_af0.7_raw_depth_abundance	hmp_airskin_gtdb_source_abundance,hmp_gastrooral_gtdb_source_abundance	0.8850712707698818	180.96946329090525	-0.035078691981263115	1109	316	67	0.0005902026362384435	0.0	140.4288682130004	-0.9608348231592523	1.0	0.0	-1.0	1.0	0.0	25.0
raw_rescue_ani0.94_xny900_br0.2_af0.7_zero_rescue_mass	hmp_airskin_gtdb_source_abundance,hmp_gastrooral_gtdb_source_abundance	0.8850712707698818	35.76275879445157	0.9316002425700405	1109	316	67	0.0005902026362384435	0.0	0.0	0.0	1.0	0.0	-1.0	1.0	0.0	25.0
raw_rescue_ani0.94_xny900_br0.2_af0.9_raw_depth_abundance	hmp_airskin_gtdb_source_abundance,hmp_gastrooral_gtdb_source_abundance	0.8850712707698818	180.96946329090525	-0.035078691981263115	1109	316	67	0.0005902026362384435	0.0	140.4288682130004	-0.9608348231592523	1.0	0.0	-1.0	1.0	0.0	25.0
raw_rescue_ani0.94_xny900_br0.2_af0.9_zero_rescue_mass	hmp_airskin_gtdb_source_abundance,hmp_gastrooral_gtdb_source_abundance	0.8850712707698818	35.76275879445157	0.9316002425700405	1109	316	67	0.0005902026362384435	0.0	0.0	0.0	1.0	0.0	-1.0	1.0	0.0	25.0
raw_rescue_ani0.94_xny900_br0.3_af0.1_raw_depth_abundance	hmp_airskin_gtdb_source_abundance,hmp_gastrooral_gtdb_source_abundance	0.8850712707698818	180.96946329090525	-0.035078691981263115	1109	316	67	0.0005902026362384435	0.0	140.4288682130004	-0.9608348231592523	1.0	0.0	-1.0	1.0	0.0	25.0
raw_rescue_ani0.94_xny900_br0.3_af0.1_zero_rescue_mass	hmp_airskin_gtdb_source_abundance,hmp_gastrooral_gtdb_source_abundance	0.8850712707698818	35.76275879445157	0.9316002425700405	1109	316	67	0.0005902026362384435	0.0	0.0	0.0	1.0	0.0	-1.0	1.0	0.0	25.0
raw_rescue_ani0.94_xny900_br0.3_af0.3_raw_depth_abundance	hmp_airskin_gtdb_source_abundance,hmp_gastrooral_gtdb_source_abundance	0.8850712707698818	180.96946329090525	-0.035078691981263115	1109	316	67	0.0005902026362384435	0.0	140.4288682130004	-0.9608348231592523	1.0	0.0	-1.0	1.0	0.0	25.0
raw_rescue_ani0.94_xny900_br0.3_af0.3_zero_rescue_mass	hmp_airskin_gtdb_source_abundance,hmp_gastrooral_gtdb_source_abundance	0.8850712707698818	35.76275879445157	0.9316002425700405	1109	316	67	0.0005902026362384435	0.0	0.0	0.0	1.0	0.0	-1.0	1.0	0.0	25.0
raw_rescue_ani0.94_xny900_br0.3_af0.5_raw_depth_abundance	hmp_airskin_gtdb_source_abundance,hmp_gastrooral_gtdb_source_abundance	0.8850712707698818	180.96946329090525	-0.035078691981263115	1109	316	67	0.0005902026362384435	0.0	140.4288682130004	-0.9608348231592523	1.0	0.0	-1.0	1.0	0.0	25.0
raw_rescue_ani0.94_xny900_br0.3_af0.5_zero_rescue_mass	hmp_airskin_gtdb_source_abundance,hmp_gastrooral_gtdb_source_abundance	0.8850712707698818	35.76275879445157	0.9316002425700405	1109	316	67	0.0005902026362384435	0.0	0.0	0.0	1.0	0.0	-1.0	1.0	0.0	25.0
raw_rescue_ani0.94_xny900_br0.3_af0.7_raw_depth_abundance	hmp_airskin_gtdb_source_abundance,hmp_gastrooral_gtdb_source_abundance	0.8850712707698818	180.96946329090525	-0.035078691981263115	1109	316	67	0.0005902026362384435	0.0	140.4288682130004	-0.9608348231592523	1.0	0.0	-1.0	1.0	0.0	25.0
raw_rescue_ani0.94_xny900_br0.3_af0.7_zero_rescue_mass	hmp_airskin_gtdb_source_abundance,hmp_gastrooral_gtdb_source_abundance	0.8850712707698818	35.76275879445157	0.9316002425700405	1109	316	67	0.0005902026362384435	0.0	0.0	0.0	1.0	0.0	-1.0	1.0	0.0	25.0
raw_rescue_ani0.94_xny900_br0.3_af0.9_raw_depth_abundance	hmp_airskin_gtdb_source_abundance,hmp_gastrooral_gtdb_source_abundance	0.8850712707698818	180.96946329090525	-0.035078691981263115	1109	316	67	0.0005902026362384435	0.0	140.4288682130004	-0.9608348231592523	1.0	0.0	-1.0	1.0	0.0	25.0
raw_rescue_ani0.94_xny900_br0.3_af0.9_zero_rescue_mass	hmp_airskin_gtdb_source_abundance,hmp_gastrooral_gtdb_source_abundance	0.8850712707698818	35.76275879445157	0.9316002425700405	1109	316	67	0.0005902026362384435	0.0	0.0	0.0	1.0	0.0	-1.0	1.0	0.0	25.0
raw_rescue_ani0.94_xny900_br0.5_af0.1_raw_depth_abundance	hmp_airskin_gtdb_source_abundance,hmp_gastrooral_gtdb_source_abundance	0.8850712707698818	180.96946329090525	-0.035078691981263115	1109	316	67	0.0005902026362384435	0.0	140.4288682130004	-0.9608348231592523	1.0	0.0	-1.0	1.0	0.0	25.0
raw_rescue_ani0.94_xny900_br0.5_af0.1_zero_rescue_mass	hmp_airskin_gtdb_source_abundance,hmp_gastrooral_gtdb_source_abundance	0.8850712707698818	35.76275879445157	0.9316002425700405	1109	316	67	0.0005902026362384435	0.0	0.0	0.0	1.0	0.0	-1.0	1.0	0.0	25.0
raw_rescue_ani0.94_xny900_br0.5_af0.3_raw_depth_abundance	hmp_airskin_gtdb_source_abundance,hmp_gastrooral_gtdb_source_abundance	0.8850712707698818	180.96946329090525	-0.035078691981263115	1109	316	67	0.0005902026362384435	0.0	140.4288682130004	-0.9608348231592523	1.0	0.0	-1.0	1.0	0.0	25.0
raw_rescue_ani0.94_xny900_br0.5_af0.3_zero_rescue_mass	hmp_airskin_gtdb_source_abundance,hmp_gastrooral_gtdb_source_abundance	0.8850712707698818	35.76275879445157	0.9316002425700405	1109	316	67	0.0005902026362384435	0.0	0.0	0.0	1.0	0.0	-1.0	1.0	0.0	25.0
raw_rescue_ani0.94_xny900_br0.5_af0.5_raw_depth_abundance	hmp_airskin_gtdb_source_abundance,hmp_gastrooral_gtdb_source_abundance	0.8850712707698818	180.96946329090525	-0.035078691981263115	1109	316	67	0.0005902026362384435	0.0	140.4288682130004	-0.9608348231592523	1.0	0.0	-1.0	1.0	0.0	25.0
raw_rescue_ani0.94_xny900_br0.5_af0.5_zero_rescue_mass	hmp_airskin_gtdb_source_abundance,hmp_gastrooral_gtdb_source_abundance	0.8850712707698818	35.76275879445157	0.9316002425700405	1109	316	67	0.0005902026362384435	0.0	0.0	0.0	1.0	0.0	-1.0	1.0	0.0	25.0
raw_rescue_ani0.94_xny900_br0.5_af0.7_raw_depth_abundance	hmp_airskin_gtdb_source_abundance,hmp_gastrooral_gtdb_source_abundance	0.8850712707698818	180.96946329090525	-0.035078691981263115	1109	316	67	0.0005902026362384435	0.0	140.4288682130004	-0.9608348231592523	1.0	0.0	-1.0	1.0	0.0	25.0
raw_rescue_ani0.94_xny900_br0.5_af0.7_zero_rescue_mass	hmp_airskin_gtdb_source_abundance,hmp_gastrooral_gtdb_source_abundance	0.8850712707698818	35.76275879445157	0.9316002425700405	1109	316	67	0.0005902026362384435	0.0	0.0	0.0	1.0	0.0	-1.0	1.0	0.0	25.0
raw_rescue_ani0.94_xny900_br0.5_af0.9_raw_depth_abundance	hmp_airskin_gtdb_source_abundance,hmp_gastrooral_gtdb_source_abundance	0.8850712707698818	180.96946329090525	-0.035078691981263115	1109	316	67	0.0005902026362384435	0.0	140.4288682130004	-0.9608348231592523	1.0	0.0	-1.0	1.0	0.0	25.0
raw_rescue_ani0.94_xny900_br0.5_af0.9_zero_rescue_mass	hmp_airskin_gtdb_source_abundance,hmp_gastrooral_gtdb_source_abundance	0.8850712707698818	35.76275879445157	0.9316002425700405	1109	316	67	0.0005902026362384435	0.0	0.0	0.0	1.0	0.0	-1.0	1.0	0.0	25.0
raw_rescue_ani0.95_xny100_br0.05_af0.1_raw_depth_abundance	hmp_airskin_gtdb_source_abundance,hmp_gastrooral_gtdb_source_abundance	0.8375668449197862	184.02489470962405	-0.06998870261389978	1114	361	62	-0.017991597647926353	-0.16410256410256419	146.06243723620764	-1.0051557659484036	6.0	45.0	-6.0	4.0	5.0	17.0
raw_rescue_ani0.95_xny100_br0.05_af0.1_zero_rescue_mass	hmp_airskin_gtdb_source_abundance,hmp_gastrooral_gtdb_source_abundance	0.8375668449197862	35.76275879445157	0.9319103757138052	1114	361	62	-0.017991597647926353	-0.16410256410256419	-2.7328566760003855e-16	0.000664624858327796	6.0	45.0	-6.0	4.0	5.0	17.0
raw_rescue_ani0.95_xny100_br0.05_af0.3_raw_depth_abundance	hmp_airskin_gtdb_source_abundance,hmp_gastrooral_gtdb_source_abundance	0.8563002315760795	184.02269692957827	-0.06153807948920837	1113	338	63	-0.0077457322819295535	-0.07977736549165115	146.06080686789912	-1.0012215701794773	5.0	22.0	-5.0	3.0	4.0	19.0
raw_rescue_ani0.95_xny100_br0.05_af0.3_zero_rescue_mass	hmp_airskin_gtdb_source_abundance,hmp_gastrooral_gtdb_source_abundance	0.8563002315760795	35.76275879445157	0.9317472252126744	1113	338	63	-0.0077457322819295535	-0.07977736549165115	-4.099285014000578e-16	0.00037661848560864683	5.0	22.0	-5.0	3.0	4.0	19.0
raw_rescue_ani0.95_xny100_br0.05_af0.5_raw_depth_abundance	hmp_airskin_gtdb_source_abundance,hmp_gastrooral_gtdb_source_abundance	0.8858927050808969	181.2155079838215	-0.03539624238805294	1113	319	63	0.0013908202935370513	-0.004417320546352688	140.88319128440463	-0.9624026191525423	5.0	3.0	-5.0	5.0	1.0	20.0
raw_rescue_ani0.95_xny100_br0.05_af0.5_zero_rescue_mass	hmp_airskin_gtdb_source_abundance,hmp_gastrooral_gtdb_source_abundance	0.8858927050808969	35.76275879445157	0.9317143104231338	1113	319	63	0.0013908202935370513	-0.004417320546352688	2.7328566760003855e-16	0.00010133321375466614	5.0	3.0	-5.0	5.0	1.0	20.0
raw_rescue_ani0.95_xny100_br0.05_af0.7_raw_depth_abundance	hmp_airskin_gtdb_source_abundance,hmp_gastrooral_gtdb_source_abundance	0.8889882173632686	181.0017219659319	-0.03492992362798698	1113	316	63	0.003183220906167017	0.0	140.48851862099576	-0.9605601273338914	5.0	0.0	-5.0	5.0	0.0	21.0
raw_rescue_ani0.95_xny100_br0.05_af0.7_zero_rescue_mass	hmp_airskin_gtdb_source_abundance,hmp_gastrooral_gtdb_source_abundance	0.8889882173632686	35.76275879445157	0.9316002425700405	1113	316	63	0.003183220906167017	0.0	0.0	0.0	5.0	0.0	-5.0	5.0	0.0	21.0
raw_rescue_ani0.95_xny100_br0.05_af0.9_raw_depth_abundance	hmp_airskin_gtdb_source_abundance,hmp_gastrooral_gtdb_source_abundance	0.8850712707698818	180.96946329090525	-0.035078691981263115	1109	316	67	0.0005902026362384435	0.0	140.4288682130004	-0.9608348231592523	1.0	0.0	-1.0	1.0	0.0	25.0
raw_rescue_ani0.95_xny100_br0.05_af0.9_zero_rescue_mass	hmp_airskin_gtdb_source_abundance,hmp_gastrooral_gtdb_source_abundance	0.8850712707698818	35.76275879445157	0.9316002425700405	1109	316	67	0.0005902026362384435	0.0	0.0	0.0	1.0	0.0	-1.0	1.0	0.0	25.0
raw_rescue_ani0.95_xny100_br0.15_af0.1_raw_depth_abundance	hmp_airskin_gtdb_source_abundance,hmp_gastrooral_gtdb_source_abundance	0.8701305085737695	181.23200632077703	-0.03242070410666076	1114	326	62	-0.0014585137836980156	-0.04081632653061218	140.9136496673417	-0.9618595167697033	6.0	10.0	-6.0	4.0	3.0	19.0
raw_rescue_ani0.95_xny100_br0.15_af0.1_zero_rescue_mass	hmp_airskin_gtdb_source_abundance,hmp_gastrooral_gtdb_source_abundance	0.8701305085737695	35.76275879445157	0.9316559737421191	1114	326	62	-0.0014585137836980156	-0.04081632653061218	-1.3664283380001927e-16	0.0001636400907115015	6.0	10.0	-6.0	4.0	3.0	19.0
raw_rescue_ani0.95_xny100_br0.15_af0.3_raw_depth_abundance	hmp_airskin_gtdb_source_abundance,hmp_gastrooral_gtdb_source_abundance	0.8698946135831381	181.233148662325	-0.032399840530310885	1113	326	63	-0.0016414415622542132	-0.04081632653061218	140.91575860558413	-0.9618209993979805	5.0	10.0	-5.0	3.0	3.0	20.0
raw_rescue_ani0.95_xny100_br0.15_af0.3_zero_rescue_mass	hmp_airskin_gtdb_source_abundance,hmp_gastrooral_gtdb_source_abundance	0.8698946135831381	35.76275879445157	0.9316559737421191	1113	326	63	-0.0016414415622542132	-0.04081632653061218	-1.3664283380001927e-16	0.0001636400907115015	5.0	10.0	-5.0	3.0	3.0	20.0
raw_rescue_ani0.95_xny100_br0.15_af0.5_raw_depth_abundance	hmp_airskin_gtdb_source_abundance,hmp_gastrooral_gtdb_source_abundance	0.8858927050808969	181.2155079838215	-0.03539624238805294	1113	319	63	0.0013908202935370513	-0.004417320546352688	140.88319128440463	-0.9624026191525423	5.0	3.0	-5.0	5.0	1.0	20.0
raw_rescue_ani0.95_xny100_br0.15_af0.5_zero_rescue_mass	hmp_airskin_gtdb_source_abundance,hmp_gastrooral_gtdb_source_abundance	0.8858927050808969	35.76275879445157	0.9317143104231338	1113	319	63	0.0013908202935370513	-0.004417320546352688	2.7328566760003855e-16	0.00010133321375466614	5.0	3.0	-5.0	5.0	1.0	20.0
raw_rescue_ani0.95_xny100_br0.15_af0.7_raw_depth_abundance	hmp_airskin_gtdb_source_abundance,hmp_gastrooral_gtdb_source_abundance	0.8889882173632686	181.0017219659319	-0.03492992362798698	1113	316	63	0.003183220906167017	0.0	140.48851862099576	-0.9605601273338914	5.0	0.0	-5.0	5.0	0.0	21.0
raw_rescue_ani0.95_xny100_br0.15_af0.7_zero_rescue_mass	hmp_airskin_gtdb_source_abundance,hmp_gastrooral_gtdb_source_abundance	0.8889882173632686	35.76275879445157	0.9316002425700405	1113	316	63	0.003183220906167017	0.0	0.0	0.0	5.0	0.0	-5.0	5.0	0.0	21.0
raw_rescue_ani0.95_xny100_br0.15_af0.9_raw_depth_abundance	hmp_airskin_gtdb_source_abundance,hmp_gastrooral_gtdb_source_abundance	0.8850712707698818	180.96946329090525	-0.035078691981263115	1109	316	67	0.0005902026362384435	0.0	140.4288682130004	-0.9608348231592523	1.0	0.0	-1.0	1.0	0.0	25.0
raw_rescue_ani0.95_xny100_br0.15_af0.9_zero_rescue_mass	hmp_airskin_gtdb_source_abundance,hmp_gastrooral_gtdb_source_abundance	0.8850712707698818	35.76275879445157	0.9316002425700405	1109	316	67	0.0005902026362384435	0.0	0.0	0.0	1.0	0.0	-1.0	1.0	0.0	25.0
raw_rescue_ani0.95_xny100_br0.1_af0.1_raw_depth_abundance	hmp_airskin_gtdb_source_abundance,hmp_gastrooral_gtdb_source_abundance	0.8607144821012886	184.02200048338597	-0.05966261811769135	1114	340	62	-0.009620402421390199	-0.11698717948717952	146.06107605173887	-1.0028751505762319	6.0	24.0	-6.0	4.0	5.0	17.0
raw_rescue_ani0.95_xny100_br0.1_af0.1_zero_rescue_mass	hmp_airskin_gtdb_source_abundance,hmp_gastrooral_gtdb_source_abundance	0.8607144821012886	35.76275879445157	0.9318161248738954	1114	340	62	-0.009620402421390199	-0.11698717948717952	0.0	0.0004933283753659671	6.0	24.0	-6.0	4.0	5.0	17.0
raw_rescue_ani0.95_xny100_br0.1_af0.3_raw_depth_abundance	hmp_airskin_gtdb_source_abundance,hmp_gastrooral_gtdb_source_abundance	0.8664947016174009	184.0205862656274	-0.05471433284392253	1113	332	63	-0.00552398067061079	-0.0726351351351352	146.06045975352748	-0.9997071596351983	5.0	16.0	-5.0	3.0	4.0	19.0
raw_rescue_ani0.95_xny100_br0.1_af0.3_zero_rescue_mass	hmp_airskin_gtdb_source_abundance,hmp_gastrooral_gtdb_source_abundance	0.8664947016174009	35.76275879445157	0.9317473767329092	1113	332	63	-0.00552398067061079	-0.0726351351351352	-5.465713352000771e-16	0.00034654837817817033	5.0	16.0	-5.0	3.0	4.0	19.0
raw_rescue_ani0.95_xny100_br0.1_af0.5_raw_depth_abundance	hmp_airskin_gtdb_source_abundance,hmp_gastrooral_gtdb_source_abundance	0.8858927050808969	181.2155079838215	-0.03539624238805294	1113	319	63	0.0013908202935370513	-0.004417320546352688	140.88319128440463	-0.9624026191525423	5.0	3.0	-5.0	5.0	1.0	20.0
raw_rescue_ani0.95_xny100_br0.1_af0.5_zero_rescue_mass	hmp_airskin_gtdb_source_abundance,hmp_gastrooral_gtdb_source_abundance	0.8858927050808969	35.76275879445157	0.9317143104231338	1113	319	63	0.0013908202935370513	-0.004417320546352688	2.7328566760003855e-16	0.00010133321375466614	5.0	3.0	-5.0	5.0	1.0	20.0
raw_rescue_ani0.95_xny100_br0.1_af0.7_raw_depth_abundance	hmp_airskin_gtdb_source_abundance,hmp_gastrooral_gtdb_source_abundance	0.8889882173632686	181.0017219659319	-0.03492992362798698	1113	316	63	0.003183220906167017	0.0	140.48851862099576	-0.9605601273338914	5.0	0.0	-5.0	5.0	0.0	21.0
raw_rescue_ani0.95_xny100_br0.1_af0.7_zero_rescue_mass	hmp_airskin_gtdb_source_abundance,hmp_gastrooral_gtdb_source_abundance	0.8889882173632686	35.76275879445157	0.9316002425700405	1113	316	63	0.003183220906167017	0.0	0.0	0.0	5.0	0.0	-5.0	5.0	0.0	21.0
raw_rescue_ani0.95_xny100_br0.1_af0.9_raw_depth_abundance	hmp_airskin_gtdb_source_abundance,hmp_gastrooral_gtdb_source_abundance	0.8850712707698818	180.96946329090525	-0.035078691981263115	1109	316	67	0.0005902026362384435	0.0	140.4288682130004	-0.9608348231592523	1.0	0.0	-1.0	1.0	0.0	25.0
raw_rescue_ani0.95_xny100_br0.1_af0.9_zero_rescue_mass	hmp_airskin_gtdb_source_abundance,hmp_gastrooral_gtdb_source_abundance	0.8850712707698818	35.76275879445157	0.9316002425700405	1109	316	67	0.0005902026362384435	0.0	0.0	0.0	1.0	0.0	-1.0	1.0	0.0	25.0
raw_rescue_ani0.95_xny100_br0.25_af0.1_raw_depth_abundance	hmp_airskin_gtdb_source_abundance,hmp_gastrooral_gtdb_source_abundance	0.8831777729542001	181.21550799822094	-0.03485973119250895	1113	320	63	0.0010411699438867038	-0.004417320546352688	140.88319128661993	-0.9623200789686125	5.0	4.0	-5.0	5.0	1.0	20.0
raw_rescue_ani0.95_xny100_br0.25_af0.1_zero_rescue_mass	hmp_airskin_gtdb_source_abundance,hmp_gastrooral_gtdb_source_abundance	0.8831777729542001	35.76275879445157	0.931690036340701	1113	320	63	0.0010411699438867038	-0.004417320546352688	-2.7328566760003855e-16	9.759873953421808e-05	5.0	4.0	-5.0	5.0	1.0	20.0
raw_rescue_ani0.95_xny100_br0.25_af0.3_raw_depth_abundance	hmp_airskin_gtdb_source_abundance,hmp_gastrooral_gtdb_source_abundance	0.8831777729542001	181.21550799822094	-0.03485973119250895	1113	320	63	0.0010411699438867038	-0.004417320546352688	140.88319128661993	-0.9623200789686125	5.0	4.0	-5.0	5.0	1.0	20.0
raw_rescue_ani0.95_xny100_br0.25_af0.3_zero_rescue_mass	hmp_airskin_gtdb_source_abundance,hmp_gastrooral_gtdb_source_abundance	0.8831777729542001	35.76275879445157	0.931690036340701	1113	320	63	0.0010411699438867038	-0.004417320546352688	-2.7328566760003855e-16	9.759873953421808e-05	5.0	4.0	-5.0	5.0	1.0	20.0
raw_rescue_ani0.95_xny100_br0.25_af0.5_raw_depth_abundance	hmp_airskin_gtdb_source_abundance,hmp_gastrooral_gtdb_source_abundance	0.8858927050808969	181.2155079838215	-0.03539624238805294	1113	319	63	0.0013908202935370513	-0.004417320546352688	140.88319128440463	-0.9624026191525423	5.0	3.0	-5.0	5.0	1.0	20.0
raw_rescue_ani0.95_xny100_br0.25_af0.5_zero_rescue_mass	hmp_airskin_gtdb_source_abundance,hmp_gastrooral_gtdb_source_abundance	0.8858927050808969	35.76275879445157	0.9317143104231338	1113	319	63	0.0013908202935370513	-0.004417320546352688	2.7328566760003855e-16	0.00010133321375466614	5.0	3.0	-5.0	5.0	1.0	20.0
raw_rescue_ani0.95_xny100_br0.25_af0.7_raw_depth_abundance	hmp_airskin_gtdb_source_abundance,hmp_gastrooral_gtdb_source_abundance	0.8889882173632686	181.0017219659319	-0.03492992362798698	1113	316	63	0.003183220906167017	0.0	140.48851862099576	-0.9605601273338914	5.0	0.0	-5.0	5.0	0.0	21.0
raw_rescue_ani0.95_xny100_br0.25_af0.7_zero_rescue_mass	hmp_airskin_gtdb_source_abundance,hmp_gastrooral_gtdb_source_abundance	0.8889882173632686	35.76275879445157	0.9316002425700405	1113	316	63	0.003183220906167017	0.0	0.0	0.0	5.0	0.0	-5.0	5.0	0.0	21.0
raw_rescue_ani0.95_xny100_br0.25_af0.9_raw_depth_abundance	hmp_airskin_gtdb_source_abundance,hmp_gastrooral_gtdb_source_abundance	0.8850712707698818	180.96946329090525	-0.035078691981263115	1109	316	67	0.0005902026362384435	0.0	140.4288682130004	-0.9608348231592523	1.0	0.0	-1.0	1.0	0.0	25.0
raw_rescue_ani0.95_xny100_br0.25_af0.9_zero_rescue_mass	hmp_airskin_gtdb_source_abundance,hmp_gastrooral_gtdb_source_abundance	0.8850712707698818	35.76275879445157	0.9316002425700405	1109	316	67	0.0005902026362384435	0.0	0.0	0.0	1.0	0.0	-1.0	1.0	0.0	25.0
raw_rescue_ani0.95_xny100_br0.2_af0.1_raw_depth_abundance	hmp_airskin_gtdb_source_abundance,hmp_gastrooral_gtdb_source_abundance	0.8831777729542001	181.21550799822094	-0.03485973119250895	1113	320	63	0.0010411699438867038	-0.004417320546352688	140.88319128661993	-0.9623200789686125	5.0	4.0	-5.0	5.0	1.0	20.0
raw_rescue_ani0.95_xny100_br0.2_af0.1_zero_rescue_mass	hmp_airskin_gtdb_source_abundance,hmp_gastrooral_gtdb_source_abundance	0.8831777729542001	35.76275879445157	0.931690036340701	1113	320	63	0.0010411699438867038	-0.004417320546352688	-2.7328566760003855e-16	9.759873953421808e-05	5.0	4.0	-5.0	5.0	1.0	20.0
raw_rescue_ani0.95_xny100_br0.2_af0.3_raw_depth_abundance	hmp_airskin_gtdb_source_abundance,hmp_gastrooral_gtdb_source_abundance	0.8831777729542001	181.21550799822094	-0.03485973119250895	1113	320	63	0.0010411699438867038	-0.004417320546352688	140.88319128661993	-0.9623200789686125	5.0	4.0	-5.0	5.0	1.0	20.0
raw_rescue_ani0.95_xny100_br0.2_af0.3_zero_rescue_mass	hmp_airskin_gtdb_source_abundance,hmp_gastrooral_gtdb_source_abundance	0.8831777729542001	35.76275879445157	0.931690036340701	1113	320	63	0.0010411699438867038	-0.004417320546352688	-2.7328566760003855e-16	9.759873953421808e-05	5.0	4.0	-5.0	5.0	1.0	20.0
raw_rescue_ani0.95_xny100_br0.2_af0.5_raw_depth_abundance	hmp_airskin_gtdb_source_abundance,hmp_gastrooral_gtdb_source_abundance	0.8858927050808969	181.2155079838215	-0.03539624238805294	1113	319	63	0.0013908202935370513	-0.004417320546352688	140.88319128440463	-0.9624026191525423	5.0	3.0	-5.0	5.0	1.0	20.0
raw_rescue_ani0.95_xny100_br0.2_af0.5_zero_rescue_mass	hmp_airskin_gtdb_source_abundance,hmp_gastrooral_gtdb_source_abundance	0.8858927050808969	35.76275879445157	0.9317143104231338	1113	319	63	0.0013908202935370513	-0.004417320546352688	2.7328566760003855e-16	0.00010133321375466614	5.0	3.0	-5.0	5.0	1.0	20.0
raw_rescue_ani0.95_xny100_br0.2_af0.7_raw_depth_abundance	hmp_airskin_gtdb_source_abundance,hmp_gastrooral_gtdb_source_abundance	0.8889882173632686	181.0017219659319	-0.03492992362798698	1113	316	63	0.003183220906167017	0.0	140.48851862099576	-0.9605601273338914	5.0	0.0	-5.0	5.0	0.0	21.0
raw_rescue_ani0.95_xny100_br0.2_af0.7_zero_rescue_mass	hmp_airskin_gtdb_source_abundance,hmp_gastrooral_gtdb_source_abundance	0.8889882173632686	35.76275879445157	0.9316002425700405	1113	316	63	0.003183220906167017	0.0	0.0	0.0	5.0	0.0	-5.0	5.0	0.0	21.0
raw_rescue_ani0.95_xny100_br0.2_af0.9_raw_depth_abundance	hmp_airskin_gtdb_source_abundance,hmp_gastrooral_gtdb_source_abundance	0.8850712707698818	180.96946329090525	-0.035078691981263115	1109	316	67	0.0005902026362384435	0.0	140.4288682130004	-0.9608348231592523	1.0	0.0	-1.0	1.0	0.0	25.0
raw_rescue_ani0.95_xny100_br0.2_af0.9_zero_rescue_mass	hmp_airskin_gtdb_source_abundance,hmp_gastrooral_gtdb_source_abundance	0.8850712707698818	35.76275879445157	0.9316002425700405	1109	316	67	0.0005902026362384435	0.0	0.0	0.0	1.0	0.0	-1.0	1.0	0.0	25.0
raw_rescue_ani0.95_xny100_br0.3_af0.1_raw_depth_abundance	hmp_airskin_gtdb_source_abundance,hmp_gastrooral_gtdb_source_abundance	0.8858927050808969	181.2155079838215	-0.03539624238805294	1113	319	63	0.0013908202935370513	-0.004417320546352688	140.88319128440463	-0.9624026191525423	5.0	3.0	-5.0	5.0	1.0	20.0
raw_rescue_ani0.95_xny100_br0.3_af0.1_zero_rescue_mass	hmp_airskin_gtdb_source_abundance,hmp_gastrooral_gtdb_source_abundance	0.8858927050808969	35.76275879445157	0.9317143104231338	1113	319	63	0.0013908202935370513	-0.004417320546352688	2.7328566760003855e-16	0.00010133321375466614	5.0	3.0	-5.0	5.0	1.0	20.0
raw_rescue_ani0.95_xny100_br0.3_af0.3_raw_depth_abundance	hmp_airskin_gtdb_source_abundance,hmp_gastrooral_gtdb_source_abundance	0.8858927050808969	181.2155079838215	-0.03539624238805294	1113	319	63	0.0013908202935370513	-0.004417320546352688	140.88319128440463	-0.9624026191525423	5.0	3.0	-5.0	5.0	1.0	20.0
raw_rescue_ani0.95_xny100_br0.3_af0.3_zero_rescue_mass	hmp_airskin_gtdb_source_abundance,hmp_gastrooral_gtdb_source_abundance	0.8858927050808969	35.76275879445157	0.9317143104231338	1113	319	63	0.0013908202935370513	-0.004417320546352688	2.7328566760003855e-16	0.00010133321375466614	5.0	3.0	-5.0	5.0	1.0	20.0
raw_rescue_ani0.95_xny100_br0.3_af0.5_raw_depth_abundance	hmp_airskin_gtdb_source_abundance,hmp_gastrooral_gtdb_source_abundance	0.8858927050808969	181.2155079838215	-0.03539624238805294	1113	319	63	0.0013908202935370513	-0.004417320546352688	140.88319128440463	-0.9624026191525423	5.0	3.0	-5.0	5.0	1.0	20.0
raw_rescue_ani0.95_xny100_br0.3_af0.5_zero_rescue_mass	hmp_airskin_gtdb_source_abundance,hmp_gastrooral_gtdb_source_abundance	0.8858927050808969	35.76275879445157	0.9317143104231338	1113	319	63	0.0013908202935370513	-0.004417320546352688	2.7328566760003855e-16	0.00010133321375466614	5.0	3.0	-5.0	5.0	1.0	20.0
raw_rescue_ani0.95_xny100_br0.3_af0.7_raw_depth_abundance	hmp_airskin_gtdb_source_abundance,hmp_gastrooral_gtdb_source_abundance	0.8889882173632686	181.0017219659319	-0.03492992362798698	1113	316	63	0.003183220906167017	0.0	140.48851862099576	-0.9605601273338914	5.0	0.0	-5.0	5.0	0.0	21.0
raw_rescue_ani0.95_xny100_br0.3_af0.7_zero_rescue_mass	hmp_airskin_gtdb_source_abundance,hmp_gastrooral_gtdb_source_abundance	0.8889882173632686	35.76275879445157	0.9316002425700405	1113	316	63	0.003183220906167017	0.0	0.0	0.0	5.0	0.0	-5.0	5.0	0.0	21.0
raw_rescue_ani0.95_xny100_br0.3_af0.9_raw_depth_abundance	hmp_airskin_gtdb_source_abundance,hmp_gastrooral_gtdb_source_abundance	0.8850712707698818	180.96946329090525	-0.035078691981263115	1109	316	67	0.0005902026362384435	0.0	140.4288682130004	-0.9608348231592523	1.0	0.0	-1.0	1.0	0.0	25.0
raw_rescue_ani0.95_xny100_br0.3_af0.9_zero_rescue_mass	hmp_airskin_gtdb_source_abundance,hmp_gastrooral_gtdb_source_abundance	0.8850712707698818	35.76275879445157	0.9316002425700405	1109	316	67	0.0005902026362384435	0.0	0.0	0.0	1.0	0.0	-1.0	1.0	0.0	25.0
raw_rescue_ani0.95_xny100_br0.5_af0.1_raw_depth_abundance	hmp_airskin_gtdb_source_abundance,hmp_gastrooral_gtdb_source_abundance	0.8882791407442188	180.96940660439162	-0.03507871949267515	1110	316	66	0.0010183459215245849	0.0	140.42885949199834	-0.9608348273917772	2.0	0.0	-2.0	2.0	0.0	24.0
raw_rescue_ani0.95_xny100_br0.5_af0.1_zero_rescue_mass	hmp_airskin_gtdb_source_abundance,hmp_gastrooral_gtdb_source_abundance	0.8882791407442188	35.76275879445157	0.9316002425700405	1110	316	66	0.0010183459215245849	0.0	0.0	0.0	2.0	0.0	-2.0	2.0	0.0	24.0
raw_rescue_ani0.95_xny100_br0.5_af0.3_raw_depth_abundance	hmp_airskin_gtdb_source_abundance,hmp_gastrooral_gtdb_source_abundance	0.8882791407442188	180.96940660439162	-0.03507871949267515	1110	316	66	0.0010183459215245849	0.0	140.42885949199834	-0.9608348273917772	2.0	0.0	-2.0	2.0	0.0	24.0
raw_rescue_ani0.95_xny100_br0.5_af0.3_zero_rescue_mass	hmp_airskin_gtdb_source_abundance,hmp_gastrooral_gtdb_source_abundance	0.8882791407442188	35.76275879445157	0.9316002425700405	1110	316	66	0.0010183459215245849	0.0	0.0	0.0	2.0	0.0	-2.0	2.0	0.0	24.0
raw_rescue_ani0.95_xny100_br0.5_af0.5_raw_depth_abundance	hmp_airskin_gtdb_source_abundance,hmp_gastrooral_gtdb_source_abundance	0.8882791407442188	180.96940660439162	-0.03507871949267515	1110	316	66	0.0010183459215245849	0.0	140.42885949199834	-0.9608348273917772	2.0	0.0	-2.0	2.0	0.0	24.0
raw_rescue_ani0.95_xny100_br0.5_af0.5_zero_rescue_mass	hmp_airskin_gtdb_source_abundance,hmp_gastrooral_gtdb_source_abundance	0.8882791407442188	35.76275879445157	0.9316002425700405	1110	316	66	0.0010183459215245849	0.0	0.0	0.0	2.0	0.0	-2.0	2.0	0.0	24.0
raw_rescue_ani0.95_xny100_br0.5_af0.7_raw_depth_abundance	hmp_airskin_gtdb_source_abundance,hmp_gastrooral_gtdb_source_abundance	0.8882791407442188	180.96940660439162	-0.03507871949267515	1110	316	66	0.0010183459215245849	0.0	140.42885949199834	-0.9608348273917772	2.0	0.0	-2.0	2.0	0.0	24.0
raw_rescue_ani0.95_xny100_br0.5_af0.7_zero_rescue_mass	hmp_airskin_gtdb_source_abundance,hmp_gastrooral_gtdb_source_abundance	0.8882791407442188	35.76275879445157	0.9316002425700405	1110	316	66	0.0010183459215245849	0.0	0.0	0.0	2.0	0.0	-2.0	2.0	0.0	24.0
raw_rescue_ani0.95_xny100_br0.5_af0.9_raw_depth_abundance	hmp_airskin_gtdb_source_abundance,hmp_gastrooral_gtdb_source_abundance	0.8850712707698818	180.96946329090525	-0.035078691981263115	1109	316	67	0.0005902026362384435	0.0	140.4288682130004	-0.9608348231592523	1.0	0.0	-1.0	1.0	0.0	25.0
raw_rescue_ani0.95_xny100_br0.5_af0.9_zero_rescue_mass	hmp_airskin_gtdb_source_abundance,hmp_gastrooral_gtdb_source_abundance	0.8850712707698818	35.76275879445157	0.9316002425700405	1109	316	67	0.0005902026362384435	0.0	0.0	0.0	1.0	0.0	-1.0	1.0	0.0	25.0
raw_rescue_ani0.95_xny300_br0.05_af0.1_raw_depth_abundance	hmp_airskin_gtdb_source_abundance,hmp_gastrooral_gtdb_source_abundance	0.8563002315760795	184.02269692957827	-0.06153807948920837	1113	338	63	-0.0077457322819295535	-0.07977736549165115	146.06080686789912	-1.0012215701794773	5.0	22.0	-5.0	3.0	4.0	19.0
raw_rescue_ani0.95_xny300_br0.05_af0.1_zero_rescue_mass	hmp_airskin_gtdb_source_abundance,hmp_gastrooral_gtdb_source_abundance	0.8563002315760795	35.76275879445157	0.9317472252126744	1113	338	63	-0.0077457322819295535	-0.07977736549165115	-4.099285014000578e-16	0.00037661848560864683	5.0	22.0	-5.0	3.0	4.0	19.0
raw_rescue_ani0.95_xny300_br0.05_af0.3_raw_depth_abundance	hmp_airskin_gtdb_source_abundance,hmp_gastrooral_gtdb_source_abundance	0.8563002315760795	184.02269692957827	-0.06153807948920837	1113	338	63	-0.0077457322819295535	-0.07977736549165115	146.06080686789912	-1.0012215701794773	5.0	22.0	-5.0	3.0	4.0	19.0
raw_rescue_ani0.95_xny300_br0.05_af0.3_zero_rescue_mass	hmp_airskin_gtdb_source_abundance,hmp_gastrooral_gtdb_source_abundance	0.8563002315760795	35.76275879445157	0.9317472252126744	1113	338	63	-0.0077457322819295535	-0.07977736549165115	-4.099285014000578e-16	0.00037661848560864683	5.0	22.0	-5.0	3.0	4.0	19.0
raw_rescue_ani0.95_xny300_br0.05_af0.5_raw_depth_abundance	hmp_airskin_gtdb_source_abundance,hmp_gastrooral_gtdb_source_abundance	0.8858927050808969	181.2155079838215	-0.03539624238805294	1113	319	63	0.0013908202935370513	-0.004417320546352688	140.88319128440463	-0.9624026191525423	5.0	3.0	-5.0	5.0	1.0	20.0
raw_rescue_ani0.95_xny300_br0.05_af0.5_zero_rescue_mass	hmp_airskin_gtdb_source_abundance,hmp_gastrooral_gtdb_source_abundance	0.8858927050808969	35.76275879445157	0.9317143104231338	1113	319	63	0.0013908202935370513	-0.004417320546352688	2.7328566760003855e-16	0.00010133321375466614	5.0	3.0	-5.0	5.0	1.0	20.0
raw_rescue_ani0.95_xny300_br0.05_af0.7_raw_depth_abundance	hmp_airskin_gtdb_source_abundance,hmp_gastrooral_gtdb_source_abundance	0.8889882173632686	181.0017219659319	-0.03492992362798698	1113	316	63	0.003183220906167017	0.0	140.48851862099576	-0.9605601273338914	5.0	0.0	-5.0	5.0	0.0	21.0
raw_rescue_ani0.95_xny300_br0.05_af0.7_zero_rescue_mass	hmp_airskin_gtdb_source_abundance,hmp_gastrooral_gtdb_source_abundance	0.8889882173632686	35.76275879445157	0.9316002425700405	1113	316	63	0.003183220906167017	0.0	0.0	0.0	5.0	0.0	-5.0	5.0	0.0	21.0
raw_rescue_ani0.95_xny300_br0.05_af0.9_raw_depth_abundance	hmp_airskin_gtdb_source_abundance,hmp_gastrooral_gtdb_source_abundance	0.8850712707698818	180.96946329090525	-0.035078691981263115	1109	316	67	0.0005902026362384435	0.0	140.4288682130004	-0.9608348231592523	1.0	0.0	-1.0	1.0	0.0	25.0
raw_rescue_ani0.95_xny300_br0.05_af0.9_zero_rescue_mass	hmp_airskin_gtdb_source_abundance,hmp_gastrooral_gtdb_source_abundance	0.8850712707698818	35.76275879445157	0.9316002425700405	1109	316	67	0.0005902026362384435	0.0	0.0	0.0	1.0	0.0	-1.0	1.0	0.0	25.0
raw_rescue_ani0.95_xny300_br0.15_af0.1_raw_depth_abundance	hmp_airskin_gtdb_source_abundance,hmp_gastrooral_gtdb_source_abundance	0.8698946135831381	181.233148662325	-0.032399840530310885	1113	326	63	-0.0016414415622542132	-0.04081632653061218	140.91575860558413	-0.9618209993979805	5.0	10.0	-5.0	3.0	3.0	20.0
raw_rescue_ani0.95_xny300_br0.15_af0.1_zero_rescue_mass	hmp_airskin_gtdb_source_abundance,hmp_gastrooral_gtdb_source_abundance	0.8698946135831381	35.76275879445157	0.9316559737421191	1113	326	63	-0.0016414415622542132	-0.04081632653061218	-1.3664283380001927e-16	0.0001636400907115015	5.0	10.0	-5.0	3.0	3.0	20.0
raw_rescue_ani0.95_xny300_br0.15_af0.3_raw_depth_abundance	hmp_airskin_gtdb_source_abundance,hmp_gastrooral_gtdb_source_abundance	0.8698946135831381	181.233148662325	-0.032399840530310885	1113	326	63	-0.0016414415622542132	-0.04081632653061218	140.91575860558413	-0.9618209993979805	5.0	10.0	-5.0	3.0	3.0	20.0
raw_rescue_ani0.95_xny300_br0.15_af0.3_zero_rescue_mass	hmp_airskin_gtdb_source_abundance,hmp_gastrooral_gtdb_source_abundance	0.8698946135831381	35.76275879445157	0.9316559737421191	1113	326	63	-0.0016414415622542132	-0.04081632653061218	-1.3664283380001927e-16	0.0001636400907115015	5.0	10.0	-5.0	3.0	3.0	20.0
raw_rescue_ani0.95_xny300_br0.15_af0.5_raw_depth_abundance	hmp_airskin_gtdb_source_abundance,hmp_gastrooral_gtdb_source_abundance	0.8858927050808969	181.2155079838215	-0.03539624238805294	1113	319	63	0.0013908202935370513	-0.004417320546352688	140.88319128440463	-0.9624026191525423	5.0	3.0	-5.0	5.0	1.0	20.0
raw_rescue_ani0.95_xny300_br0.15_af0.5_zero_rescue_mass	hmp_airskin_gtdb_source_abundance,hmp_gastrooral_gtdb_source_abundance	0.8858927050808969	35.76275879445157	0.9317143104231338	1113	319	63	0.0013908202935370513	-0.004417320546352688	2.7328566760003855e-16	0.00010133321375466614	5.0	3.0	-5.0	5.0	1.0	20.0
raw_rescue_ani0.95_xny300_br0.15_af0.7_raw_depth_abundance	hmp_airskin_gtdb_source_abundance,hmp_gastrooral_gtdb_source_abundance	0.8889882173632686	181.0017219659319	-0.03492992362798698	1113	316	63	0.003183220906167017	0.0	140.48851862099576	-0.9605601273338914	5.0	0.0	-5.0	5.0	0.0	21.0
raw_rescue_ani0.95_xny300_br0.15_af0.7_zero_rescue_mass	hmp_airskin_gtdb_source_abundance,hmp_gastrooral_gtdb_source_abundance	0.8889882173632686	35.76275879445157	0.9316002425700405	1113	316	63	0.003183220906167017	0.0	0.0	0.0	5.0	0.0	-5.0	5.0	0.0	21.0
raw_rescue_ani0.95_xny300_br0.15_af0.9_raw_depth_abundance	hmp_airskin_gtdb_source_abundance,hmp_gastrooral_gtdb_source_abundance	0.8850712707698818	180.96946329090525	-0.035078691981263115	1109	316	67	0.0005902026362384435	0.0	140.4288682130004	-0.9608348231592523	1.0	0.0	-1.0	1.0	0.0	25.0
raw_rescue_ani0.95_xny300_br0.15_af0.9_zero_rescue_mass	hmp_airskin_gtdb_source_abundance,hmp_gastrooral_gtdb_source_abundance	0.8850712707698818	35.76275879445157	0.9316002425700405	1109	316	67	0.0005902026362384435	0.0	0.0	0.0	1.0	0.0	-1.0	1.0	0.0	25.0
raw_rescue_ani0.95_xny300_br0.1_af0.1_raw_depth_abundance	hmp_airskin_gtdb_source_abundance,hmp_gastrooral_gtdb_source_abundance	0.8664947016174009	184.0205862656274	-0.05471433284392253	1113	332	63	-0.00552398067061079	-0.0726351351351352	146.06045975352748	-0.9997071596351983	5.0	16.0	-5.0	3.0	4.0	19.0
raw_rescue_ani0.95_xny300_br0.1_af0.1_zero_rescue_mass	hmp_airskin_gtdb_source_abundance,hmp_gastrooral_gtdb_source_abundance	0.8664947016174009	35.76275879445157	0.9317473767329092	1113	332	63	-0.00552398067061079	-0.0726351351351352	-5.465713352000771e-16	0.00034654837817817033	5.0	16.0	-5.0	3.0	4.0	19.0
raw_rescue_ani0.95_xny300_br0.1_af0.3_raw_depth_abundance	hmp_airskin_gtdb_source_abundance,hmp_gastrooral_gtdb_source_abundance	0.8664947016174009	184.0205862656274	-0.05471433284392253	1113	332	63	-0.00552398067061079	-0.0726351351351352	146.06045975352748	-0.9997071596351983	5.0	16.0	-5.0	3.0	4.0	19.0
raw_rescue_ani0.95_xny300_br0.1_af0.3_zero_rescue_mass	hmp_airskin_gtdb_source_abundance,hmp_gastrooral_gtdb_source_abundance	0.8664947016174009	35.76275879445157	0.9317473767329092	1113	332	63	-0.00552398067061079	-0.0726351351351352	-5.465713352000771e-16	0.00034654837817817033	5.0	16.0	-5.0	3.0	4.0	19.0
raw_rescue_ani0.95_xny300_br0.1_af0.5_raw_depth_abundance	hmp_airskin_gtdb_source_abundance,hmp_gastrooral_gtdb_source_abundance	0.8858927050808969	181.2155079838215	-0.03539624238805294	1113	319	63	0.0013908202935370513	-0.004417320546352688	140.88319128440463	-0.9624026191525423	5.0	3.0	-5.0	5.0	1.0	20.0
raw_rescue_ani0.95_xny300_br0.1_af0.5_zero_rescue_mass	hmp_airskin_gtdb_source_abundance,hmp_gastrooral_gtdb_source_abundance	0.8858927050808969	35.76275879445157	0.9317143104231338	1113	319	63	0.0013908202935370513	-0.004417320546352688	2.7328566760003855e-16	0.00010133321375466614	5.0	3.0	-5.0	5.0	1.0	20.0
raw_rescue_ani0.95_xny300_br0.1_af0.7_raw_depth_abundance	hmp_airskin_gtdb_source_abundance,hmp_gastrooral_gtdb_source_abundance	0.8889882173632686	181.0017219659319	-0.03492992362798698	1113	316	63	0.003183220906167017	0.0	140.48851862099576	-0.9605601273338914	5.0	0.0	-5.0	5.0	0.0	21.0
raw_rescue_ani0.95_xny300_br0.1_af0.7_zero_rescue_mass	hmp_airskin_gtdb_source_abundance,hmp_gastrooral_gtdb_source_abundance	0.8889882173632686	35.76275879445157	0.9316002425700405	1113	316	63	0.003183220906167017	0.0	0.0	0.0	5.0	0.0	-5.0	5.0	0.0	21.0
raw_rescue_ani0.95_xny300_br0.1_af0.9_raw_depth_abundance	hmp_airskin_gtdb_source_abundance,hmp_gastrooral_gtdb_source_abundance	0.8850712707698818	180.96946329090525	-0.035078691981263115	1109	316	67	0.0005902026362384435	0.0	140.4288682130004	-0.9608348231592523	1.0	0.0	-1.0	1.0	0.0	25.0
raw_rescue_ani0.95_xny300_br0.1_af0.9_zero_rescue_mass	hmp_airskin_gtdb_source_abundance,hmp_gastrooral_gtdb_source_abundance	0.8850712707698818	35.76275879445157	0.9316002425700405	1109	316	67	0.0005902026362384435	0.0	0.0	0.0	1.0	0.0	-1.0	1.0	0.0	25.0
raw_rescue_ani0.95_xny300_br0.25_af0.1_raw_depth_abundance	hmp_airskin_gtdb_source_abundance,hmp_gastrooral_gtdb_source_abundance	0.8831777729542001	181.21550799822094	-0.03485973119250895	1113	320	63	0.0010411699438867038	-0.004417320546352688	140.88319128661993	-0.9623200789686125	5.0	4.0	-5.0	5.0	1.0	20.0
raw_rescue_ani0.95_xny300_br0.25_af0.1_zero_rescue_mass	hmp_airskin_gtdb_source_abundance,hmp_gastrooral_gtdb_source_abundance	0.8831777729542001	35.76275879445157	0.931690036340701	1113	320	63	0.0010411699438867038	-0.004417320546352688	-2.7328566760003855e-16	9.759873953421808e-05	5.0	4.0	-5.0	5.0	1.0	20.0
raw_rescue_ani0.95_xny300_br0.25_af0.3_raw_depth_abundance	hmp_airskin_gtdb_source_abundance,hmp_gastrooral_gtdb_source_abundance	0.8831777729542001	181.21550799822094	-0.03485973119250895	1113	320	63	0.0010411699438867038	-0.004417320546352688	140.88319128661993	-0.9623200789686125	5.0	4.0	-5.0	5.0	1.0	20.0
raw_rescue_ani0.95_xny300_br0.25_af0.3_zero_rescue_mass	hmp_airskin_gtdb_source_abundance,hmp_gastrooral_gtdb_source_abundance	0.8831777729542001	35.76275879445157	0.931690036340701	1113	320	63	0.0010411699438867038	-0.004417320546352688	-2.7328566760003855e-16	9.759873953421808e-05	5.0	4.0	-5.0	5.0	1.0	20.0
raw_rescue_ani0.95_xny300_br0.25_af0.5_raw_depth_abundance	hmp_airskin_gtdb_source_abundance,hmp_gastrooral_gtdb_source_abundance	0.8858927050808969	181.2155079838215	-0.03539624238805294	1113	319	63	0.0013908202935370513	-0.004417320546352688	140.88319128440463	-0.9624026191525423	5.0	3.0	-5.0	5.0	1.0	20.0
raw_rescue_ani0.95_xny300_br0.25_af0.5_zero_rescue_mass	hmp_airskin_gtdb_source_abundance,hmp_gastrooral_gtdb_source_abundance	0.8858927050808969	35.76275879445157	0.9317143104231338	1113	319	63	0.0013908202935370513	-0.004417320546352688	2.7328566760003855e-16	0.00010133321375466614	5.0	3.0	-5.0	5.0	1.0	20.0
raw_rescue_ani0.95_xny300_br0.25_af0.7_raw_depth_abundance	hmp_airskin_gtdb_source_abundance,hmp_gastrooral_gtdb_source_abundance	0.8889882173632686	181.0017219659319	-0.03492992362798698	1113	316	63	0.003183220906167017	0.0	140.48851862099576	-0.9605601273338914	5.0	0.0	-5.0	5.0	0.0	21.0
raw_rescue_ani0.95_xny300_br0.25_af0.7_zero_rescue_mass	hmp_airskin_gtdb_source_abundance,hmp_gastrooral_gtdb_source_abundance	0.8889882173632686	35.76275879445157	0.9316002425700405	1113	316	63	0.003183220906167017	0.0	0.0	0.0	5.0	0.0	-5.0	5.0	0.0	21.0
raw_rescue_ani0.95_xny300_br0.25_af0.9_raw_depth_abundance	hmp_airskin_gtdb_source_abundance,hmp_gastrooral_gtdb_source_abundance	0.8850712707698818	180.96946329090525	-0.035078691981263115	1109	316	67	0.0005902026362384435	0.0	140.4288682130004	-0.9608348231592523	1.0	0.0	-1.0	1.0	0.0	25.0
raw_rescue_ani0.95_xny300_br0.25_af0.9_zero_rescue_mass	hmp_airskin_gtdb_source_abundance,hmp_gastrooral_gtdb_source_abundance	0.8850712707698818	35.76275879445157	0.9316002425700405	1109	316	67	0.0005902026362384435	0.0	0.0	0.0	1.0	0.0	-1.0	1.0	0.0	25.0
raw_rescue_ani0.95_xny300_br0.2_af0.1_raw_depth_abundance	hmp_airskin_gtdb_source_abundance,hmp_gastrooral_gtdb_source_abundance	0.8831777729542001	181.21550799822094	-0.03485973119250895	1113	320	63	0.0010411699438867038	-0.004417320546352688	140.88319128661993	-0.9623200789686125	5.0	4.0	-5.0	5.0	1.0	20.0
raw_rescue_ani0.95_xny300_br0.2_af0.1_zero_rescue_mass	hmp_airskin_gtdb_source_abundance,hmp_gastrooral_gtdb_source_abundance	0.8831777729542001	35.76275879445157	0.931690036340701	1113	320	63	0.0010411699438867038	-0.004417320546352688	-2.7328566760003855e-16	9.759873953421808e-05	5.0	4.0	-5.0	5.0	1.0	20.0
raw_rescue_ani0.95_xny300_br0.2_af0.3_raw_depth_abundance	hmp_airskin_gtdb_source_abundance,hmp_gastrooral_gtdb_source_abundance	0.8831777729542001	181.21550799822094	-0.03485973119250895	1113	320	63	0.0010411699438867038	-0.004417320546352688	140.88319128661993	-0.9623200789686125	5.0	4.0	-5.0	5.0	1.0	20.0
raw_rescue_ani0.95_xny300_br0.2_af0.3_zero_rescue_mass	hmp_airskin_gtdb_source_abundance,hmp_gastrooral_gtdb_source_abundance	0.8831777729542001	35.76275879445157	0.931690036340701	1113	320	63	0.0010411699438867038	-0.004417320546352688	-2.7328566760003855e-16	9.759873953421808e-05	5.0	4.0	-5.0	5.0	1.0	20.0
raw_rescue_ani0.95_xny300_br0.2_af0.5_raw_depth_abundance	hmp_airskin_gtdb_source_abundance,hmp_gastrooral_gtdb_source_abundance	0.8858927050808969	181.2155079838215	-0.03539624238805294	1113	319	63	0.0013908202935370513	-0.004417320546352688	140.88319128440463	-0.9624026191525423	5.0	3.0	-5.0	5.0	1.0	20.0
raw_rescue_ani0.95_xny300_br0.2_af0.5_zero_rescue_mass	hmp_airskin_gtdb_source_abundance,hmp_gastrooral_gtdb_source_abundance	0.8858927050808969	35.76275879445157	0.9317143104231338	1113	319	63	0.0013908202935370513	-0.004417320546352688	2.7328566760003855e-16	0.00010133321375466614	5.0	3.0	-5.0	5.0	1.0	20.0
raw_rescue_ani0.95_xny300_br0.2_af0.7_raw_depth_abundance	hmp_airskin_gtdb_source_abundance,hmp_gastrooral_gtdb_source_abundance	0.8889882173632686	181.0017219659319	-0.03492992362798698	1113	316	63	0.003183220906167017	0.0	140.48851862099576	-0.9605601273338914	5.0	0.0	-5.0	5.0	0.0	21.0
raw_rescue_ani0.95_xny300_br0.2_af0.7_zero_rescue_mass	hmp_airskin_gtdb_source_abundance,hmp_gastrooral_gtdb_source_abundance	0.8889882173632686	35.76275879445157	0.9316002425700405	1113	316	63	0.003183220906167017	0.0	0.0	0.0	5.0	0.0	-5.0	5.0	0.0	21.0
raw_rescue_ani0.95_xny300_br0.2_af0.9_raw_depth_abundance	hmp_airskin_gtdb_source_abundance,hmp_gastrooral_gtdb_source_abundance	0.8850712707698818	180.96946329090525	-0.035078691981263115	1109	316	67	0.0005902026362384435	0.0	140.4288682130004	-0.9608348231592523	1.0	0.0	-1.0	1.0	0.0	25.0
raw_rescue_ani0.95_xny300_br0.2_af0.9_zero_rescue_mass	hmp_airskin_gtdb_source_abundance,hmp_gastrooral_gtdb_source_abundance	0.8850712707698818	35.76275879445157	0.9316002425700405	1109	316	67	0.0005902026362384435	0.0	0.0	0.0	1.0	0.0	-1.0	1.0	0.0	25.0
raw_rescue_ani0.95_xny300_br0.3_af0.1_raw_depth_abundance	hmp_airskin_gtdb_source_abundance,hmp_gastrooral_gtdb_source_abundance	0.8858927050808969	181.2155079838215	-0.03539624238805294	1113	319	63	0.0013908202935370513	-0.004417320546352688	140.88319128440463	-0.9624026191525423	5.0	3.0	-5.0	5.0	1.0	20.0
raw_rescue_ani0.95_xny300_br0.3_af0.1_zero_rescue_mass	hmp_airskin_gtdb_source_abundance,hmp_gastrooral_gtdb_source_abundance	0.8858927050808969	35.76275879445157	0.9317143104231338	1113	319	63	0.0013908202935370513	-0.004417320546352688	2.7328566760003855e-16	0.00010133321375466614	5.0	3.0	-5.0	5.0	1.0	20.0
raw_rescue_ani0.95_xny300_br0.3_af0.3_raw_depth_abundance	hmp_airskin_gtdb_source_abundance,hmp_gastrooral_gtdb_source_abundance	0.8858927050808969	181.2155079838215	-0.03539624238805294	1113	319	63	0.0013908202935370513	-0.004417320546352688	140.88319128440463	-0.9624026191525423	5.0	3.0	-5.0	5.0	1.0	20.0
raw_rescue_ani0.95_xny300_br0.3_af0.3_zero_rescue_mass	hmp_airskin_gtdb_source_abundance,hmp_gastrooral_gtdb_source_abundance	0.8858927050808969	35.76275879445157	0.9317143104231338	1113	319	63	0.0013908202935370513	-0.004417320546352688	2.7328566760003855e-16	0.00010133321375466614	5.0	3.0	-5.0	5.0	1.0	20.0
raw_rescue_ani0.95_xny300_br0.3_af0.5_raw_depth_abundance	hmp_airskin_gtdb_source_abundance,hmp_gastrooral_gtdb_source_abundance	0.8858927050808969	181.2155079838215	-0.03539624238805294	1113	319	63	0.0013908202935370513	-0.004417320546352688	140.88319128440463	-0.9624026191525423	5.0	3.0	-5.0	5.0	1.0	20.0
raw_rescue_ani0.95_xny300_br0.3_af0.5_zero_rescue_mass	hmp_airskin_gtdb_source_abundance,hmp_gastrooral_gtdb_source_abundance	0.8858927050808969	35.76275879445157	0.9317143104231338	1113	319	63	0.0013908202935370513	-0.004417320546352688	2.7328566760003855e-16	0.00010133321375466614	5.0	3.0	-5.0	5.0	1.0	20.0
raw_rescue_ani0.95_xny300_br0.3_af0.7_raw_depth_abundance	hmp_airskin_gtdb_source_abundance,hmp_gastrooral_gtdb_source_abundance	0.8889882173632686	181.0017219659319	-0.03492992362798698	1113	316	63	0.003183220906167017	0.0	140.48851862099576	-0.9605601273338914	5.0	0.0	-5.0	5.0	0.0	21.0
raw_rescue_ani0.95_xny300_br0.3_af0.7_zero_rescue_mass	hmp_airskin_gtdb_source_abundance,hmp_gastrooral_gtdb_source_abundance	0.8889882173632686	35.76275879445157	0.9316002425700405	1113	316	63	0.003183220906167017	0.0	0.0	0.0	5.0	0.0	-5.0	5.0	0.0	21.0
raw_rescue_ani0.95_xny300_br0.3_af0.9_raw_depth_abundance	hmp_airskin_gtdb_source_abundance,hmp_gastrooral_gtdb_source_abundance	0.8850712707698818	180.96946329090525	-0.035078691981263115	1109	316	67	0.0005902026362384435	0.0	140.4288682130004	-0.9608348231592523	1.0	0.0	-1.0	1.0	0.0	25.0
raw_rescue_ani0.95_xny300_br0.3_af0.9_zero_rescue_mass	hmp_airskin_gtdb_source_abundance,hmp_gastrooral_gtdb_source_abundance	0.8850712707698818	35.76275879445157	0.9316002425700405	1109	316	67	0.0005902026362384435	0.0	0.0	0.0	1.0	0.0	-1.0	1.0	0.0	25.0
raw_rescue_ani0.95_xny300_br0.5_af0.1_raw_depth_abundance	hmp_airskin_gtdb_source_abundance,hmp_gastrooral_gtdb_source_abundance	0.8882791407442188	180.96940660439162	-0.03507871949267515	1110	316	66	0.0010183459215245849	0.0	140.42885949199834	-0.9608348273917772	2.0	0.0	-2.0	2.0	0.0	24.0
raw_rescue_ani0.95_xny300_br0.5_af0.1_zero_rescue_mass	hmp_airskin_gtdb_source_abundance,hmp_gastrooral_gtdb_source_abundance	0.8882791407442188	35.76275879445157	0.9316002425700405	1110	316	66	0.0010183459215245849	0.0	0.0	0.0	2.0	0.0	-2.0	2.0	0.0	24.0
raw_rescue_ani0.95_xny300_br0.5_af0.3_raw_depth_abundance	hmp_airskin_gtdb_source_abundance,hmp_gastrooral_gtdb_source_abundance	0.8882791407442188	180.96940660439162	-0.03507871949267515	1110	316	66	0.0010183459215245849	0.0	140.42885949199834	-0.9608348273917772	2.0	0.0	-2.0	2.0	0.0	24.0
raw_rescue_ani0.95_xny300_br0.5_af0.3_zero_rescue_mass	hmp_airskin_gtdb_source_abundance,hmp_gastrooral_gtdb_source_abundance	0.8882791407442188	35.76275879445157	0.9316002425700405	1110	316	66	0.0010183459215245849	0.0	0.0	0.0	2.0	0.0	-2.0	2.0	0.0	24.0
raw_rescue_ani0.95_xny300_br0.5_af0.5_raw_depth_abundance	hmp_airskin_gtdb_source_abundance,hmp_gastrooral_gtdb_source_abundance	0.8882791407442188	180.96940660439162	-0.03507871949267515	1110	316	66	0.0010183459215245849	0.0	140.42885949199834	-0.9608348273917772	2.0	0.0	-2.0	2.0	0.0	24.0
raw_rescue_ani0.95_xny300_br0.5_af0.5_zero_rescue_mass	hmp_airskin_gtdb_source_abundance,hmp_gastrooral_gtdb_source_abundance	0.8882791407442188	35.76275879445157	0.9316002425700405	1110	316	66	0.0010183459215245849	0.0	0.0	0.0	2.0	0.0	-2.0	2.0	0.0	24.0
raw_rescue_ani0.95_xny300_br0.5_af0.7_raw_depth_abundance	hmp_airskin_gtdb_source_abundance,hmp_gastrooral_gtdb_source_abundance	0.8882791407442188	180.96940660439162	-0.03507871949267515	1110	316	66	0.0010183459215245849	0.0	140.42885949199834	-0.9608348273917772	2.0	0.0	-2.0	2.0	0.0	24.0
raw_rescue_ani0.95_xny300_br0.5_af0.7_zero_rescue_mass	hmp_airskin_gtdb_source_abundance,hmp_gastrooral_gtdb_source_abundance	0.8882791407442188	35.76275879445157	0.9316002425700405	1110	316	66	0.0010183459215245849	0.0	0.0	0.0	2.0	0.0	-2.0	2.0	0.0	24.0
raw_rescue_ani0.95_xny300_br0.5_af0.9_raw_depth_abundance	hmp_airskin_gtdb_source_abundance,hmp_gastrooral_gtdb_source_abundance	0.8850712707698818	180.96946329090525	-0.035078691981263115	1109	316	67	0.0005902026362384435	0.0	140.4288682130004	-0.9608348231592523	1.0	0.0	-1.0	1.0	0.0	25.0
raw_rescue_ani0.95_xny300_br0.5_af0.9_zero_rescue_mass	hmp_airskin_gtdb_source_abundance,hmp_gastrooral_gtdb_source_abundance	0.8850712707698818	35.76275879445157	0.9316002425700405	1109	316	67	0.0005902026362384435	0.0	0.0	0.0	1.0	0.0	-1.0	1.0	0.0	25.0
raw_rescue_ani0.95_xny500_br0.05_af0.1_raw_depth_abundance	hmp_airskin_gtdb_source_abundance,hmp_gastrooral_gtdb_source_abundance	0.8858927050808969	181.2155079838215	-0.03539624238805294	1113	319	63	0.0013908202935370513	-0.004417320546352688	140.88319128440463	-0.9624026191525423	5.0	3.0	-5.0	5.0	1.0	20.0
raw_rescue_ani0.95_xny500_br0.05_af0.1_zero_rescue_mass	hmp_airskin_gtdb_source_abundance,hmp_gastrooral_gtdb_source_abundance	0.8858927050808969	35.76275879445157	0.9317143104231338	1113	319	63	0.0013908202935370513	-0.004417320546352688	2.7328566760003855e-16	0.00010133321375466614	5.0	3.0	-5.0	5.0	1.0	20.0
raw_rescue_ani0.95_xny500_br0.05_af0.3_raw_depth_abundance	hmp_airskin_gtdb_source_abundance,hmp_gastrooral_gtdb_source_abundance	0.8858927050808969	181.2155079838215	-0.03539624238805294	1113	319	63	0.0013908202935370513	-0.004417320546352688	140.88319128440463	-0.9624026191525423	5.0	3.0	-5.0	5.0	1.0	20.0
raw_rescue_ani0.95_xny500_br0.05_af0.3_zero_rescue_mass	hmp_airskin_gtdb_source_abundance,hmp_gastrooral_gtdb_source_abundance	0.8858927050808969	35.76275879445157	0.9317143104231338	1113	319	63	0.0013908202935370513	-0.004417320546352688	2.7328566760003855e-16	0.00010133321375466614	5.0	3.0	-5.0	5.0	1.0	20.0
raw_rescue_ani0.95_xny500_br0.05_af0.5_raw_depth_abundance	hmp_airskin_gtdb_source_abundance,hmp_gastrooral_gtdb_source_abundance	0.8858927050808969	181.2155079838215	-0.03539624238805294	1113	319	63	0.0013908202935370513	-0.004417320546352688	140.88319128440463	-0.9624026191525423	5.0	3.0	-5.0	5.0	1.0	20.0
raw_rescue_ani0.95_xny500_br0.05_af0.5_zero_rescue_mass	hmp_airskin_gtdb_source_abundance,hmp_gastrooral_gtdb_source_abundance	0.8858927050808969	35.76275879445157	0.9317143104231338	1113	319	63	0.0013908202935370513	-0.004417320546352688	2.7328566760003855e-16	0.00010133321375466614	5.0	3.0	-5.0	5.0	1.0	20.0
raw_rescue_ani0.95_xny500_br0.05_af0.7_raw_depth_abundance	hmp_airskin_gtdb_source_abundance,hmp_gastrooral_gtdb_source_abundance	0.8889882173632686	181.0017219659319	-0.03492992362798698	1113	316	63	0.003183220906167017	0.0	140.48851862099576	-0.9605601273338914	5.0	0.0	-5.0	5.0	0.0	21.0
raw_rescue_ani0.95_xny500_br0.05_af0.7_zero_rescue_mass	hmp_airskin_gtdb_source_abundance,hmp_gastrooral_gtdb_source_abundance	0.8889882173632686	35.76275879445157	0.9316002425700405	1113	316	63	0.003183220906167017	0.0	0.0	0.0	5.0	0.0	-5.0	5.0	0.0	21.0
raw_rescue_ani0.95_xny500_br0.05_af0.9_raw_depth_abundance	hmp_airskin_gtdb_source_abundance,hmp_gastrooral_gtdb_source_abundance	0.8850712707698818	180.96946329090525	-0.035078691981263115	1109	316	67	0.0005902026362384435	0.0	140.4288682130004	-0.9608348231592523	1.0	0.0	-1.0	1.0	0.0	25.0
raw_rescue_ani0.95_xny500_br0.05_af0.9_zero_rescue_mass	hmp_airskin_gtdb_source_abundance,hmp_gastrooral_gtdb_source_abundance	0.8850712707698818	35.76275879445157	0.9316002425700405	1109	316	67	0.0005902026362384435	0.0	0.0	0.0	1.0	0.0	-1.0	1.0	0.0	25.0
raw_rescue_ani0.95_xny500_br0.15_af0.1_raw_depth_abundance	hmp_airskin_gtdb_source_abundance,hmp_gastrooral_gtdb_source_abundance	0.8858927050808969	181.2155079838215	-0.03539624238805294	1113	319	63	0.0013908202935370513	-0.004417320546352688	140.88319128440463	-0.9624026191525423	5.0	3.0	-5.0	5.0	1.0	20.0
raw_rescue_ani0.95_xny500_br0.15_af0.1_zero_rescue_mass	hmp_airskin_gtdb_source_abundance,hmp_gastrooral_gtdb_source_abundance	0.8858927050808969	35.76275879445157	0.9317143104231338	1113	319	63	0.0013908202935370513	-0.004417320546352688	2.7328566760003855e-16	0.00010133321375466614	5.0	3.0	-5.0	5.0	1.0	20.0
raw_rescue_ani0.95_xny500_br0.15_af0.3_raw_depth_abundance	hmp_airskin_gtdb_source_abundance,hmp_gastrooral_gtdb_source_abundance	0.8858927050808969	181.2155079838215	-0.03539624238805294	1113	319	63	0.0013908202935370513	-0.004417320546352688	140.88319128440463	-0.9624026191525423	5.0	3.0	-5.0	5.0	1.0	20.0
raw_rescue_ani0.95_xny500_br0.15_af0.3_zero_rescue_mass	hmp_airskin_gtdb_source_abundance,hmp_gastrooral_gtdb_source_abundance	0.8858927050808969	35.76275879445157	0.9317143104231338	1113	319	63	0.0013908202935370513	-0.004417320546352688	2.7328566760003855e-16	0.00010133321375466614	5.0	3.0	-5.0	5.0	1.0	20.0
raw_rescue_ani0.95_xny500_br0.15_af0.5_raw_depth_abundance	hmp_airskin_gtdb_source_abundance,hmp_gastrooral_gtdb_source_abundance	0.8858927050808969	181.2155079838215	-0.03539624238805294	1113	319	63	0.0013908202935370513	-0.004417320546352688	140.88319128440463	-0.9624026191525423	5.0	3.0	-5.0	5.0	1.0	20.0
raw_rescue_ani0.95_xny500_br0.15_af0.5_zero_rescue_mass	hmp_airskin_gtdb_source_abundance,hmp_gastrooral_gtdb_source_abundance	0.8858927050808969	35.76275879445157	0.9317143104231338	1113	319	63	0.0013908202935370513	-0.004417320546352688	2.7328566760003855e-16	0.00010133321375466614	5.0	3.0	-5.0	5.0	1.0	20.0
raw_rescue_ani0.95_xny500_br0.15_af0.7_raw_depth_abundance	hmp_airskin_gtdb_source_abundance,hmp_gastrooral_gtdb_source_abundance	0.8889882173632686	181.0017219659319	-0.03492992362798698	1113	316	63	0.003183220906167017	0.0	140.48851862099576	-0.9605601273338914	5.0	0.0	-5.0	5.0	0.0	21.0
raw_rescue_ani0.95_xny500_br0.15_af0.7_zero_rescue_mass	hmp_airskin_gtdb_source_abundance,hmp_gastrooral_gtdb_source_abundance	0.8889882173632686	35.76275879445157	0.9316002425700405	1113	316	63	0.003183220906167017	0.0	0.0	0.0	5.0	0.0	-5.0	5.0	0.0	21.0
raw_rescue_ani0.95_xny500_br0.15_af0.9_raw_depth_abundance	hmp_airskin_gtdb_source_abundance,hmp_gastrooral_gtdb_source_abundance	0.8850712707698818	180.96946329090525	-0.035078691981263115	1109	316	67	0.0005902026362384435	0.0	140.4288682130004	-0.9608348231592523	1.0	0.0	-1.0	1.0	0.0	25.0
raw_rescue_ani0.95_xny500_br0.15_af0.9_zero_rescue_mass	hmp_airskin_gtdb_source_abundance,hmp_gastrooral_gtdb_source_abundance	0.8850712707698818	35.76275879445157	0.9316002425700405	1109	316	67	0.0005902026362384435	0.0	0.0	0.0	1.0	0.0	-1.0	1.0	0.0	25.0
raw_rescue_ani0.95_xny500_br0.1_af0.1_raw_depth_abundance	hmp_airskin_gtdb_source_abundance,hmp_gastrooral_gtdb_source_abundance	0.8858927050808969	181.2155079838215	-0.03539624238805294	1113	319	63	0.0013908202935370513	-0.004417320546352688	140.88319128440463	-0.9624026191525423	5.0	3.0	-5.0	5.0	1.0	20.0
raw_rescue_ani0.95_xny500_br0.1_af0.1_zero_rescue_mass	hmp_airskin_gtdb_source_abundance,hmp_gastrooral_gtdb_source_abundance	0.8858927050808969	35.76275879445157	0.9317143104231338	1113	319	63	0.0013908202935370513	-0.004417320546352688	2.7328566760003855e-16	0.00010133321375466614	5.0	3.0	-5.0	5.0	1.0	20.0
raw_rescue_ani0.95_xny500_br0.1_af0.3_raw_depth_abundance	hmp_airskin_gtdb_source_abundance,hmp_gastrooral_gtdb_source_abundance	0.8858927050808969	181.2155079838215	-0.03539624238805294	1113	319	63	0.0013908202935370513	-0.004417320546352688	140.88319128440463	-0.9624026191525423	5.0	3.0	-5.0	5.0	1.0	20.0
raw_rescue_ani0.95_xny500_br0.1_af0.3_zero_rescue_mass	hmp_airskin_gtdb_source_abundance,hmp_gastrooral_gtdb_source_abundance	0.8858927050808969	35.76275879445157	0.9317143104231338	1113	319	63	0.0013908202935370513	-0.004417320546352688	2.7328566760003855e-16	0.00010133321375466614	5.0	3.0	-5.0	5.0	1.0	20.0
raw_rescue_ani0.95_xny500_br0.1_af0.5_raw_depth_abundance	hmp_airskin_gtdb_source_abundance,hmp_gastrooral_gtdb_source_abundance	0.8858927050808969	181.2155079838215	-0.03539624238805294	1113	319	63	0.0013908202935370513	-0.004417320546352688	140.88319128440463	-0.9624026191525423	5.0	3.0	-5.0	5.0	1.0	20.0
raw_rescue_ani0.95_xny500_br0.1_af0.5_zero_rescue_mass	hmp_airskin_gtdb_source_abundance,hmp_gastrooral_gtdb_source_abundance	0.8858927050808969	35.76275879445157	0.9317143104231338	1113	319	63	0.0013908202935370513	-0.004417320546352688	2.7328566760003855e-16	0.00010133321375466614	5.0	3.0	-5.0	5.0	1.0	20.0
raw_rescue_ani0.95_xny500_br0.1_af0.7_raw_depth_abundance	hmp_airskin_gtdb_source_abundance,hmp_gastrooral_gtdb_source_abundance	0.8889882173632686	181.0017219659319	-0.03492992362798698	1113	316	63	0.003183220906167017	0.0	140.48851862099576	-0.9605601273338914	5.0	0.0	-5.0	5.0	0.0	21.0
raw_rescue_ani0.95_xny500_br0.1_af0.7_zero_rescue_mass	hmp_airskin_gtdb_source_abundance,hmp_gastrooral_gtdb_source_abundance	0.8889882173632686	35.76275879445157	0.9316002425700405	1113	316	63	0.003183220906167017	0.0	0.0	0.0	5.0	0.0	-5.0	5.0	0.0	21.0
raw_rescue_ani0.95_xny500_br0.1_af0.9_raw_depth_abundance	hmp_airskin_gtdb_source_abundance,hmp_gastrooral_gtdb_source_abundance	0.8850712707698818	180.96946329090525	-0.035078691981263115	1109	316	67	0.0005902026362384435	0.0	140.4288682130004	-0.9608348231592523	1.0	0.0	-1.0	1.0	0.0	25.0
raw_rescue_ani0.95_xny500_br0.1_af0.9_zero_rescue_mass	hmp_airskin_gtdb_source_abundance,hmp_gastrooral_gtdb_source_abundance	0.8850712707698818	35.76275879445157	0.9316002425700405	1109	316	67	0.0005902026362384435	0.0	0.0	0.0	1.0	0.0	-1.0	1.0	0.0	25.0
raw_rescue_ani0.95_xny500_br0.25_af0.1_raw_depth_abundance	hmp_airskin_gtdb_source_abundance,hmp_gastrooral_gtdb_source_abundance	0.8858927050808969	181.2155079838215	-0.03539624238805294	1113	319	63	0.0013908202935370513	-0.004417320546352688	140.88319128440463	-0.9624026191525423	5.0	3.0	-5.0	5.0	1.0	20.0
raw_rescue_ani0.95_xny500_br0.25_af0.1_zero_rescue_mass	hmp_airskin_gtdb_source_abundance,hmp_gastrooral_gtdb_source_abundance	0.8858927050808969	35.76275879445157	0.9317143104231338	1113	319	63	0.0013908202935370513	-0.004417320546352688	2.7328566760003855e-16	0.00010133321375466614	5.0	3.0	-5.0	5.0	1.0	20.0
raw_rescue_ani0.95_xny500_br0.25_af0.3_raw_depth_abundance	hmp_airskin_gtdb_source_abundance,hmp_gastrooral_gtdb_source_abundance	0.8858927050808969	181.2155079838215	-0.03539624238805294	1113	319	63	0.0013908202935370513	-0.004417320546352688	140.88319128440463	-0.9624026191525423	5.0	3.0	-5.0	5.0	1.0	20.0
raw_rescue_ani0.95_xny500_br0.25_af0.3_zero_rescue_mass	hmp_airskin_gtdb_source_abundance,hmp_gastrooral_gtdb_source_abundance	0.8858927050808969	35.76275879445157	0.9317143104231338	1113	319	63	0.0013908202935370513	-0.004417320546352688	2.7328566760003855e-16	0.00010133321375466614	5.0	3.0	-5.0	5.0	1.0	20.0
raw_rescue_ani0.95_xny500_br0.25_af0.5_raw_depth_abundance	hmp_airskin_gtdb_source_abundance,hmp_gastrooral_gtdb_source_abundance	0.8858927050808969	181.2155079838215	-0.03539624238805294	1113	319	63	0.0013908202935370513	-0.004417320546352688	140.88319128440463	-0.9624026191525423	5.0	3.0	-5.0	5.0	1.0	20.0
raw_rescue_ani0.95_xny500_br0.25_af0.5_zero_rescue_mass	hmp_airskin_gtdb_source_abundance,hmp_gastrooral_gtdb_source_abundance	0.8858927050808969	35.76275879445157	0.9317143104231338	1113	319	63	0.0013908202935370513	-0.004417320546352688	2.7328566760003855e-16	0.00010133321375466614	5.0	3.0	-5.0	5.0	1.0	20.0
raw_rescue_ani0.95_xny500_br0.25_af0.7_raw_depth_abundance	hmp_airskin_gtdb_source_abundance,hmp_gastrooral_gtdb_source_abundance	0.8889882173632686	181.0017219659319	-0.03492992362798698	1113	316	63	0.003183220906167017	0.0	140.48851862099576	-0.9605601273338914	5.0	0.0	-5.0	5.0	0.0	21.0
raw_rescue_ani0.95_xny500_br0.25_af0.7_zero_rescue_mass	hmp_airskin_gtdb_source_abundance,hmp_gastrooral_gtdb_source_abundance	0.8889882173632686	35.76275879445157	0.9316002425700405	1113	316	63	0.003183220906167017	0.0	0.0	0.0	5.0	0.0	-5.0	5.0	0.0	21.0
raw_rescue_ani0.95_xny500_br0.25_af0.9_raw_depth_abundance	hmp_airskin_gtdb_source_abundance,hmp_gastrooral_gtdb_source_abundance	0.8850712707698818	180.96946329090525	-0.035078691981263115	1109	316	67	0.0005902026362384435	0.0	140.4288682130004	-0.9608348231592523	1.0	0.0	-1.0	1.0	0.0	25.0
raw_rescue_ani0.95_xny500_br0.25_af0.9_zero_rescue_mass	hmp_airskin_gtdb_source_abundance,hmp_gastrooral_gtdb_source_abundance	0.8850712707698818	35.76275879445157	0.9316002425700405	1109	316	67	0.0005902026362384435	0.0	0.0	0.0	1.0	0.0	-1.0	1.0	0.0	25.0
raw_rescue_ani0.95_xny500_br0.2_af0.1_raw_depth_abundance	hmp_airskin_gtdb_source_abundance,hmp_gastrooral_gtdb_source_abundance	0.8858927050808969	181.2155079838215	-0.03539624238805294	1113	319	63	0.0013908202935370513	-0.004417320546352688	140.88319128440463	-0.9624026191525423	5.0	3.0	-5.0	5.0	1.0	20.0
raw_rescue_ani0.95_xny500_br0.2_af0.1_zero_rescue_mass	hmp_airskin_gtdb_source_abundance,hmp_gastrooral_gtdb_source_abundance	0.8858927050808969	35.76275879445157	0.9317143104231338	1113	319	63	0.0013908202935370513	-0.004417320546352688	2.7328566760003855e-16	0.00010133321375466614	5.0	3.0	-5.0	5.0	1.0	20.0
raw_rescue_ani0.95_xny500_br0.2_af0.3_raw_depth_abundance	hmp_airskin_gtdb_source_abundance,hmp_gastrooral_gtdb_source_abundance	0.8858927050808969	181.2155079838215	-0.03539624238805294	1113	319	63	0.0013908202935370513	-0.004417320546352688	140.88319128440463	-0.9624026191525423	5.0	3.0	-5.0	5.0	1.0	20.0
raw_rescue_ani0.95_xny500_br0.2_af0.3_zero_rescue_mass	hmp_airskin_gtdb_source_abundance,hmp_gastrooral_gtdb_source_abundance	0.8858927050808969	35.76275879445157	0.9317143104231338	1113	319	63	0.0013908202935370513	-0.004417320546352688	2.7328566760003855e-16	0.00010133321375466614	5.0	3.0	-5.0	5.0	1.0	20.0
raw_rescue_ani0.95_xny500_br0.2_af0.5_raw_depth_abundance	hmp_airskin_gtdb_source_abundance,hmp_gastrooral_gtdb_source_abundance	0.8858927050808969	181.2155079838215	-0.03539624238805294	1113	319	63	0.0013908202935370513	-0.004417320546352688	140.88319128440463	-0.9624026191525423	5.0	3.0	-5.0	5.0	1.0	20.0
raw_rescue_ani0.95_xny500_br0.2_af0.5_zero_rescue_mass	hmp_airskin_gtdb_source_abundance,hmp_gastrooral_gtdb_source_abundance	0.8858927050808969	35.76275879445157	0.9317143104231338	1113	319	63	0.0013908202935370513	-0.004417320546352688	2.7328566760003855e-16	0.00010133321375466614	5.0	3.0	-5.0	5.0	1.0	20.0
raw_rescue_ani0.95_xny500_br0.2_af0.7_raw_depth_abundance	hmp_airskin_gtdb_source_abundance,hmp_gastrooral_gtdb_source_abundance	0.8889882173632686	181.0017219659319	-0.03492992362798698	1113	316	63	0.003183220906167017	0.0	140.48851862099576	-0.9605601273338914	5.0	0.0	-5.0	5.0	0.0	21.0
raw_rescue_ani0.95_xny500_br0.2_af0.7_zero_rescue_mass	hmp_airskin_gtdb_source_abundance,hmp_gastrooral_gtdb_source_abundance	0.8889882173632686	35.76275879445157	0.9316002425700405	1113	316	63	0.003183220906167017	0.0	0.0	0.0	5.0	0.0	-5.0	5.0	0.0	21.0
raw_rescue_ani0.95_xny500_br0.2_af0.9_raw_depth_abundance	hmp_airskin_gtdb_source_abundance,hmp_gastrooral_gtdb_source_abundance	0.8850712707698818	180.96946329090525	-0.035078691981263115	1109	316	67	0.0005902026362384435	0.0	140.4288682130004	-0.9608348231592523	1.0	0.0	-1.0	1.0	0.0	25.0
raw_rescue_ani0.95_xny500_br0.2_af0.9_zero_rescue_mass	hmp_airskin_gtdb_source_abundance,hmp_gastrooral_gtdb_source_abundance	0.8850712707698818	35.76275879445157	0.9316002425700405	1109	316	67	0.0005902026362384435	0.0	0.0	0.0	1.0	0.0	-1.0	1.0	0.0	25.0
raw_rescue_ani0.95_xny500_br0.3_af0.1_raw_depth_abundance	hmp_airskin_gtdb_source_abundance,hmp_gastrooral_gtdb_source_abundance	0.8858927050808969	181.2155079838215	-0.03539624238805294	1113	319	63	0.0013908202935370513	-0.004417320546352688	140.88319128440463	-0.9624026191525423	5.0	3.0	-5.0	5.0	1.0	20.0
raw_rescue_ani0.95_xny500_br0.3_af0.1_zero_rescue_mass	hmp_airskin_gtdb_source_abundance,hmp_gastrooral_gtdb_source_abundance	0.8858927050808969	35.76275879445157	0.9317143104231338	1113	319	63	0.0013908202935370513	-0.004417320546352688	2.7328566760003855e-16	0.00010133321375466614	5.0	3.0	-5.0	5.0	1.0	20.0
raw_rescue_ani0.95_xny500_br0.3_af0.3_raw_depth_abundance	hmp_airskin_gtdb_source_abundance,hmp_gastrooral_gtdb_source_abundance	0.8858927050808969	181.2155079838215	-0.03539624238805294	1113	319	63	0.0013908202935370513	-0.004417320546352688	140.88319128440463	-0.9624026191525423	5.0	3.0	-5.0	5.0	1.0	20.0
raw_rescue_ani0.95_xny500_br0.3_af0.3_zero_rescue_mass	hmp_airskin_gtdb_source_abundance,hmp_gastrooral_gtdb_source_abundance	0.8858927050808969	35.76275879445157	0.9317143104231338	1113	319	63	0.0013908202935370513	-0.004417320546352688	2.7328566760003855e-16	0.00010133321375466614	5.0	3.0	-5.0	5.0	1.0	20.0
raw_rescue_ani0.95_xny500_br0.3_af0.5_raw_depth_abundance	hmp_airskin_gtdb_source_abundance,hmp_gastrooral_gtdb_source_abundance	0.8858927050808969	181.2155079838215	-0.03539624238805294	1113	319	63	0.0013908202935370513	-0.004417320546352688	140.88319128440463	-0.9624026191525423	5.0	3.0	-5.0	5.0	1.0	20.0
raw_rescue_ani0.95_xny500_br0.3_af0.5_zero_rescue_mass	hmp_airskin_gtdb_source_abundance,hmp_gastrooral_gtdb_source_abundance	0.8858927050808969	35.76275879445157	0.9317143104231338	1113	319	63	0.0013908202935370513	-0.004417320546352688	2.7328566760003855e-16	0.00010133321375466614	5.0	3.0	-5.0	5.0	1.0	20.0
raw_rescue_ani0.95_xny500_br0.3_af0.7_raw_depth_abundance	hmp_airskin_gtdb_source_abundance,hmp_gastrooral_gtdb_source_abundance	0.8889882173632686	181.0017219659319	-0.03492992362798698	1113	316	63	0.003183220906167017	0.0	140.48851862099576	-0.9605601273338914	5.0	0.0	-5.0	5.0	0.0	21.0
raw_rescue_ani0.95_xny500_br0.3_af0.7_zero_rescue_mass	hmp_airskin_gtdb_source_abundance,hmp_gastrooral_gtdb_source_abundance	0.8889882173632686	35.76275879445157	0.9316002425700405	1113	316	63	0.003183220906167017	0.0	0.0	0.0	5.0	0.0	-5.0	5.0	0.0	21.0
raw_rescue_ani0.95_xny500_br0.3_af0.9_raw_depth_abundance	hmp_airskin_gtdb_source_abundance,hmp_gastrooral_gtdb_source_abundance	0.8850712707698818	180.96946329090525	-0.035078691981263115	1109	316	67	0.0005902026362384435	0.0	140.4288682130004	-0.9608348231592523	1.0	0.0	-1.0	1.0	0.0	25.0
raw_rescue_ani0.95_xny500_br0.3_af0.9_zero_rescue_mass	hmp_airskin_gtdb_source_abundance,hmp_gastrooral_gtdb_source_abundance	0.8850712707698818	35.76275879445157	0.9316002425700405	1109	316	67	0.0005902026362384435	0.0	0.0	0.0	1.0	0.0	-1.0	1.0	0.0	25.0
raw_rescue_ani0.95_xny500_br0.5_af0.1_raw_depth_abundance	hmp_airskin_gtdb_source_abundance,hmp_gastrooral_gtdb_source_abundance	0.8882791407442188	180.96940660439162	-0.03507871949267515	1110	316	66	0.0010183459215245849	0.0	140.42885949199834	-0.9608348273917772	2.0	0.0	-2.0	2.0	0.0	24.0
raw_rescue_ani0.95_xny500_br0.5_af0.1_zero_rescue_mass	hmp_airskin_gtdb_source_abundance,hmp_gastrooral_gtdb_source_abundance	0.8882791407442188	35.76275879445157	0.9316002425700405	1110	316	66	0.0010183459215245849	0.0	0.0	0.0	2.0	0.0	-2.0	2.0	0.0	24.0
raw_rescue_ani0.95_xny500_br0.5_af0.3_raw_depth_abundance	hmp_airskin_gtdb_source_abundance,hmp_gastrooral_gtdb_source_abundance	0.8882791407442188	180.96940660439162	-0.03507871949267515	1110	316	66	0.0010183459215245849	0.0	140.42885949199834	-0.9608348273917772	2.0	0.0	-2.0	2.0	0.0	24.0
raw_rescue_ani0.95_xny500_br0.5_af0.3_zero_rescue_mass	hmp_airskin_gtdb_source_abundance,hmp_gastrooral_gtdb_source_abundance	0.8882791407442188	35.76275879445157	0.9316002425700405	1110	316	66	0.0010183459215245849	0.0	0.0	0.0	2.0	0.0	-2.0	2.0	0.0	24.0
raw_rescue_ani0.95_xny500_br0.5_af0.5_raw_depth_abundance	hmp_airskin_gtdb_source_abundance,hmp_gastrooral_gtdb_source_abundance	0.8882791407442188	180.96940660439162	-0.03507871949267515	1110	316	66	0.0010183459215245849	0.0	140.42885949199834	-0.9608348273917772	2.0	0.0	-2.0	2.0	0.0	24.0
raw_rescue_ani0.95_xny500_br0.5_af0.5_zero_rescue_mass	hmp_airskin_gtdb_source_abundance,hmp_gastrooral_gtdb_source_abundance	0.8882791407442188	35.76275879445157	0.9316002425700405	1110	316	66	0.0010183459215245849	0.0	0.0	0.0	2.0	0.0	-2.0	2.0	0.0	24.0
raw_rescue_ani0.95_xny500_br0.5_af0.7_raw_depth_abundance	hmp_airskin_gtdb_source_abundance,hmp_gastrooral_gtdb_source_abundance	0.8882791407442188	180.96940660439162	-0.03507871949267515	1110	316	66	0.0010183459215245849	0.0	140.42885949199834	-0.9608348273917772	2.0	0.0	-2.0	2.0	0.0	24.0
raw_rescue_ani0.95_xny500_br0.5_af0.7_zero_rescue_mass	hmp_airskin_gtdb_source_abundance,hmp_gastrooral_gtdb_source_abundance	0.8882791407442188	35.76275879445157	0.9316002425700405	1110	316	66	0.0010183459215245849	0.0	0.0	0.0	2.0	0.0	-2.0	2.0	0.0	24.0
raw_rescue_ani0.95_xny500_br0.5_af0.9_raw_depth_abundance	hmp_airskin_gtdb_source_abundance,hmp_gastrooral_gtdb_source_abundance	0.8850712707698818	180.96946329090525	-0.035078691981263115	1109	316	67	0.0005902026362384435	0.0	140.4288682130004	-0.9608348231592523	1.0	0.0	-1.0	1.0	0.0	25.0
raw_rescue_ani0.95_xny500_br0.5_af0.9_zero_rescue_mass	hmp_airskin_gtdb_source_abundance,hmp_gastrooral_gtdb_source_abundance	0.8850712707698818	35.76275879445157	0.9316002425700405	1109	316	67	0.0005902026362384435	0.0	0.0	0.0	1.0	0.0	-1.0	1.0	0.0	25.0
raw_rescue_ani0.95_xny700_br0.05_af0.1_raw_depth_abundance	hmp_airskin_gtdb_source_abundance,hmp_gastrooral_gtdb_source_abundance	0.8889882173632686	181.0017219659319	-0.03492992362798698	1113	316	63	0.003183220906167017	0.0	140.48851862099576	-0.9605601273338914	5.0	0.0	-5.0	5.0	0.0	21.0
raw_rescue_ani0.95_xny700_br0.05_af0.1_zero_rescue_mass	hmp_airskin_gtdb_source_abundance,hmp_gastrooral_gtdb_source_abundance	0.8889882173632686	35.76275879445157	0.9316002425700405	1113	316	63	0.003183220906167017	0.0	0.0	0.0	5.0	0.0	-5.0	5.0	0.0	21.0
raw_rescue_ani0.95_xny700_br0.05_af0.3_raw_depth_abundance	hmp_airskin_gtdb_source_abundance,hmp_gastrooral_gtdb_source_abundance	0.8889882173632686	181.0017219659319	-0.03492992362798698	1113	316	63	0.003183220906167017	0.0	140.48851862099576	-0.9605601273338914	5.0	0.0	-5.0	5.0	0.0	21.0
raw_rescue_ani0.95_xny700_br0.05_af0.3_zero_rescue_mass	hmp_airskin_gtdb_source_abundance,hmp_gastrooral_gtdb_source_abundance	0.8889882173632686	35.76275879445157	0.9316002425700405	1113	316	63	0.003183220906167017	0.0	0.0	0.0	5.0	0.0	-5.0	5.0	0.0	21.0
raw_rescue_ani0.95_xny700_br0.05_af0.5_raw_depth_abundance	hmp_airskin_gtdb_source_abundance,hmp_gastrooral_gtdb_source_abundance	0.8889882173632686	181.0017219659319	-0.03492992362798698	1113	316	63	0.003183220906167017	0.0	140.48851862099576	-0.9605601273338914	5.0	0.0	-5.0	5.0	0.0	21.0
raw_rescue_ani0.95_xny700_br0.05_af0.5_zero_rescue_mass	hmp_airskin_gtdb_source_abundance,hmp_gastrooral_gtdb_source_abundance	0.8889882173632686	35.76275879445157	0.9316002425700405	1113	316	63	0.003183220906167017	0.0	0.0	0.0	5.0	0.0	-5.0	5.0	0.0	21.0
raw_rescue_ani0.95_xny700_br0.05_af0.7_raw_depth_abundance	hmp_airskin_gtdb_source_abundance,hmp_gastrooral_gtdb_source_abundance	0.8889882173632686	181.0017219659319	-0.03492992362798698	1113	316	63	0.003183220906167017	0.0	140.48851862099576	-0.9605601273338914	5.0	0.0	-5.0	5.0	0.0	21.0
raw_rescue_ani0.95_xny700_br0.05_af0.7_zero_rescue_mass	hmp_airskin_gtdb_source_abundance,hmp_gastrooral_gtdb_source_abundance	0.8889882173632686	35.76275879445157	0.9316002425700405	1113	316	63	0.003183220906167017	0.0	0.0	0.0	5.0	0.0	-5.0	5.0	0.0	21.0
raw_rescue_ani0.95_xny700_br0.05_af0.9_raw_depth_abundance	hmp_airskin_gtdb_source_abundance,hmp_gastrooral_gtdb_source_abundance	0.8850712707698818	180.96946329090525	-0.035078691981263115	1109	316	67	0.0005902026362384435	0.0	140.4288682130004	-0.9608348231592523	1.0	0.0	-1.0	1.0	0.0	25.0
raw_rescue_ani0.95_xny700_br0.05_af0.9_zero_rescue_mass	hmp_airskin_gtdb_source_abundance,hmp_gastrooral_gtdb_source_abundance	0.8850712707698818	35.76275879445157	0.9316002425700405	1109	316	67	0.0005902026362384435	0.0	0.0	0.0	1.0	0.0	-1.0	1.0	0.0	25.0
raw_rescue_ani0.95_xny700_br0.15_af0.1_raw_depth_abundance	hmp_airskin_gtdb_source_abundance,hmp_gastrooral_gtdb_source_abundance	0.8889882173632686	181.0017219659319	-0.03492992362798698	1113	316	63	0.003183220906167017	0.0	140.48851862099576	-0.9605601273338914	5.0	0.0	-5.0	5.0	0.0	21.0
raw_rescue_ani0.95_xny700_br0.15_af0.1_zero_rescue_mass	hmp_airskin_gtdb_source_abundance,hmp_gastrooral_gtdb_source_abundance	0.8889882173632686	35.76275879445157	0.9316002425700405	1113	316	63	0.003183220906167017	0.0	0.0	0.0	5.0	0.0	-5.0	5.0	0.0	21.0
raw_rescue_ani0.95_xny700_br0.15_af0.3_raw_depth_abundance	hmp_airskin_gtdb_source_abundance,hmp_gastrooral_gtdb_source_abundance	0.8889882173632686	181.0017219659319	-0.03492992362798698	1113	316	63	0.003183220906167017	0.0	140.48851862099576	-0.9605601273338914	5.0	0.0	-5.0	5.0	0.0	21.0
raw_rescue_ani0.95_xny700_br0.15_af0.3_zero_rescue_mass	hmp_airskin_gtdb_source_abundance,hmp_gastrooral_gtdb_source_abundance	0.8889882173632686	35.76275879445157	0.9316002425700405	1113	316	63	0.003183220906167017	0.0	0.0	0.0	5.0	0.0	-5.0	5.0	0.0	21.0
raw_rescue_ani0.95_xny700_br0.15_af0.5_raw_depth_abundance	hmp_airskin_gtdb_source_abundance,hmp_gastrooral_gtdb_source_abundance	0.8889882173632686	181.0017219659319	-0.03492992362798698	1113	316	63	0.003183220906167017	0.0	140.48851862099576	-0.9605601273338914	5.0	0.0	-5.0	5.0	0.0	21.0
raw_rescue_ani0.95_xny700_br0.15_af0.5_zero_rescue_mass	hmp_airskin_gtdb_source_abundance,hmp_gastrooral_gtdb_source_abundance	0.8889882173632686	35.76275879445157	0.9316002425700405	1113	316	63	0.003183220906167017	0.0	0.0	0.0	5.0	0.0	-5.0	5.0	0.0	21.0
raw_rescue_ani0.95_xny700_br0.15_af0.7_raw_depth_abundance	hmp_airskin_gtdb_source_abundance,hmp_gastrooral_gtdb_source_abundance	0.8889882173632686	181.0017219659319	-0.03492992362798698	1113	316	63	0.003183220906167017	0.0	140.48851862099576	-0.9605601273338914	5.0	0.0	-5.0	5.0	0.0	21.0
raw_rescue_ani0.95_xny700_br0.15_af0.7_zero_rescue_mass	hmp_airskin_gtdb_source_abundance,hmp_gastrooral_gtdb_source_abundance	0.8889882173632686	35.76275879445157	0.9316002425700405	1113	316	63	0.003183220906167017	0.0	0.0	0.0	5.0	0.0	-5.0	5.0	0.0	21.0
raw_rescue_ani0.95_xny700_br0.15_af0.9_raw_depth_abundance	hmp_airskin_gtdb_source_abundance,hmp_gastrooral_gtdb_source_abundance	0.8850712707698818	180.96946329090525	-0.035078691981263115	1109	316	67	0.0005902026362384435	0.0	140.4288682130004	-0.9608348231592523	1.0	0.0	-1.0	1.0	0.0	25.0
raw_rescue_ani0.95_xny700_br0.15_af0.9_zero_rescue_mass	hmp_airskin_gtdb_source_abundance,hmp_gastrooral_gtdb_source_abundance	0.8850712707698818	35.76275879445157	0.9316002425700405	1109	316	67	0.0005902026362384435	0.0	0.0	0.0	1.0	0.0	-1.0	1.0	0.0	25.0
raw_rescue_ani0.95_xny700_br0.1_af0.1_raw_depth_abundance	hmp_airskin_gtdb_source_abundance,hmp_gastrooral_gtdb_source_abundance	0.8889882173632686	181.0017219659319	-0.03492992362798698	1113	316	63	0.003183220906167017	0.0	140.48851862099576	-0.9605601273338914	5.0	0.0	-5.0	5.0	0.0	21.0
raw_rescue_ani0.95_xny700_br0.1_af0.1_zero_rescue_mass	hmp_airskin_gtdb_source_abundance,hmp_gastrooral_gtdb_source_abundance	0.8889882173632686	35.76275879445157	0.9316002425700405	1113	316	63	0.003183220906167017	0.0	0.0	0.0	5.0	0.0	-5.0	5.0	0.0	21.0
raw_rescue_ani0.95_xny700_br0.1_af0.3_raw_depth_abundance	hmp_airskin_gtdb_source_abundance,hmp_gastrooral_gtdb_source_abundance	0.8889882173632686	181.0017219659319	-0.03492992362798698	1113	316	63	0.003183220906167017	0.0	140.48851862099576	-0.9605601273338914	5.0	0.0	-5.0	5.0	0.0	21.0
raw_rescue_ani0.95_xny700_br0.1_af0.3_zero_rescue_mass	hmp_airskin_gtdb_source_abundance,hmp_gastrooral_gtdb_source_abundance	0.8889882173632686	35.76275879445157	0.9316002425700405	1113	316	63	0.003183220906167017	0.0	0.0	0.0	5.0	0.0	-5.0	5.0	0.0	21.0
raw_rescue_ani0.95_xny700_br0.1_af0.5_raw_depth_abundance	hmp_airskin_gtdb_source_abundance,hmp_gastrooral_gtdb_source_abundance	0.8889882173632686	181.0017219659319	-0.03492992362798698	1113	316	63	0.003183220906167017	0.0	140.48851862099576	-0.9605601273338914	5.0	0.0	-5.0	5.0	0.0	21.0
raw_rescue_ani0.95_xny700_br0.1_af0.5_zero_rescue_mass	hmp_airskin_gtdb_source_abundance,hmp_gastrooral_gtdb_source_abundance	0.8889882173632686	35.76275879445157	0.9316002425700405	1113	316	63	0.003183220906167017	0.0	0.0	0.0	5.0	0.0	-5.0	5.0	0.0	21.0
raw_rescue_ani0.95_xny700_br0.1_af0.7_raw_depth_abundance	hmp_airskin_gtdb_source_abundance,hmp_gastrooral_gtdb_source_abundance	0.8889882173632686	181.0017219659319	-0.03492992362798698	1113	316	63	0.003183220906167017	0.0	140.48851862099576	-0.9605601273338914	5.0	0.0	-5.0	5.0	0.0	21.0
raw_rescue_ani0.95_xny700_br0.1_af0.7_zero_rescue_mass	hmp_airskin_gtdb_source_abundance,hmp_gastrooral_gtdb_source_abundance	0.8889882173632686	35.76275879445157	0.9316002425700405	1113	316	63	0.003183220906167017	0.0	0.0	0.0	5.0	0.0	-5.0	5.0	0.0	21.0
raw_rescue_ani0.95_xny700_br0.1_af0.9_raw_depth_abundance	hmp_airskin_gtdb_source_abundance,hmp_gastrooral_gtdb_source_abundance	0.8850712707698818	180.96946329090525	-0.035078691981263115	1109	316	67	0.0005902026362384435	0.0	140.4288682130004	-0.9608348231592523	1.0	0.0	-1.0	1.0	0.0	25.0
raw_rescue_ani0.95_xny700_br0.1_af0.9_zero_rescue_mass	hmp_airskin_gtdb_source_abundance,hmp_gastrooral_gtdb_source_abundance	0.8850712707698818	35.76275879445157	0.9316002425700405	1109	316	67	0.0005902026362384435	0.0	0.0	0.0	1.0	0.0	-1.0	1.0	0.0	25.0
raw_rescue_ani0.95_xny700_br0.25_af0.1_raw_depth_abundance	hmp_airskin_gtdb_source_abundance,hmp_gastrooral_gtdb_source_abundance	0.8889882173632686	181.0017219659319	-0.03492992362798698	1113	316	63	0.003183220906167017	0.0	140.48851862099576	-0.9605601273338914	5.0	0.0	-5.0	5.0	0.0	21.0
raw_rescue_ani0.95_xny700_br0.25_af0.1_zero_rescue_mass	hmp_airskin_gtdb_source_abundance,hmp_gastrooral_gtdb_source_abundance	0.8889882173632686	35.76275879445157	0.9316002425700405	1113	316	63	0.003183220906167017	0.0	0.0	0.0	5.0	0.0	-5.0	5.0	0.0	21.0
raw_rescue_ani0.95_xny700_br0.25_af0.3_raw_depth_abundance	hmp_airskin_gtdb_source_abundance,hmp_gastrooral_gtdb_source_abundance	0.8889882173632686	181.0017219659319	-0.03492992362798698	1113	316	63	0.003183220906167017	0.0	140.48851862099576	-0.9605601273338914	5.0	0.0	-5.0	5.0	0.0	21.0
raw_rescue_ani0.95_xny700_br0.25_af0.3_zero_rescue_mass	hmp_airskin_gtdb_source_abundance,hmp_gastrooral_gtdb_source_abundance	0.8889882173632686	35.76275879445157	0.9316002425700405	1113	316	63	0.003183220906167017	0.0	0.0	0.0	5.0	0.0	-5.0	5.0	0.0	21.0
raw_rescue_ani0.95_xny700_br0.25_af0.5_raw_depth_abundance	hmp_airskin_gtdb_source_abundance,hmp_gastrooral_gtdb_source_abundance	0.8889882173632686	181.0017219659319	-0.03492992362798698	1113	316	63	0.003183220906167017	0.0	140.48851862099576	-0.9605601273338914	5.0	0.0	-5.0	5.0	0.0	21.0
raw_rescue_ani0.95_xny700_br0.25_af0.5_zero_rescue_mass	hmp_airskin_gtdb_source_abundance,hmp_gastrooral_gtdb_source_abundance	0.8889882173632686	35.76275879445157	0.9316002425700405	1113	316	63	0.003183220906167017	0.0	0.0	0.0	5.0	0.0	-5.0	5.0	0.0	21.0
raw_rescue_ani0.95_xny700_br0.25_af0.7_raw_depth_abundance	hmp_airskin_gtdb_source_abundance,hmp_gastrooral_gtdb_source_abundance	0.8889882173632686	181.0017219659319	-0.03492992362798698	1113	316	63	0.003183220906167017	0.0	140.48851862099576	-0.9605601273338914	5.0	0.0	-5.0	5.0	0.0	21.0
raw_rescue_ani0.95_xny700_br0.25_af0.7_zero_rescue_mass	hmp_airskin_gtdb_source_abundance,hmp_gastrooral_gtdb_source_abundance	0.8889882173632686	35.76275879445157	0.9316002425700405	1113	316	63	0.003183220906167017	0.0	0.0	0.0	5.0	0.0	-5.0	5.0	0.0	21.0
raw_rescue_ani0.95_xny700_br0.25_af0.9_raw_depth_abundance	hmp_airskin_gtdb_source_abundance,hmp_gastrooral_gtdb_source_abundance	0.8850712707698818	180.96946329090525	-0.035078691981263115	1109	316	67	0.0005902026362384435	0.0	140.4288682130004	-0.9608348231592523	1.0	0.0	-1.0	1.0	0.0	25.0
raw_rescue_ani0.95_xny700_br0.25_af0.9_zero_rescue_mass	hmp_airskin_gtdb_source_abundance,hmp_gastrooral_gtdb_source_abundance	0.8850712707698818	35.76275879445157	0.9316002425700405	1109	316	67	0.0005902026362384435	0.0	0.0	0.0	1.0	0.0	-1.0	1.0	0.0	25.0
raw_rescue_ani0.95_xny700_br0.2_af0.1_raw_depth_abundance	hmp_airskin_gtdb_source_abundance,hmp_gastrooral_gtdb_source_abundance	0.8889882173632686	181.0017219659319	-0.03492992362798698	1113	316	63	0.003183220906167017	0.0	140.48851862099576	-0.9605601273338914	5.0	0.0	-5.0	5.0	0.0	21.0
raw_rescue_ani0.95_xny700_br0.2_af0.1_zero_rescue_mass	hmp_airskin_gtdb_source_abundance,hmp_gastrooral_gtdb_source_abundance	0.8889882173632686	35.76275879445157	0.9316002425700405	1113	316	63	0.003183220906167017	0.0	0.0	0.0	5.0	0.0	-5.0	5.0	0.0	21.0
raw_rescue_ani0.95_xny700_br0.2_af0.3_raw_depth_abundance	hmp_airskin_gtdb_source_abundance,hmp_gastrooral_gtdb_source_abundance	0.8889882173632686	181.0017219659319	-0.03492992362798698	1113	316	63	0.003183220906167017	0.0	140.48851862099576	-0.9605601273338914	5.0	0.0	-5.0	5.0	0.0	21.0
raw_rescue_ani0.95_xny700_br0.2_af0.3_zero_rescue_mass	hmp_airskin_gtdb_source_abundance,hmp_gastrooral_gtdb_source_abundance	0.8889882173632686	35.76275879445157	0.9316002425700405	1113	316	63	0.003183220906167017	0.0	0.0	0.0	5.0	0.0	-5.0	5.0	0.0	21.0
raw_rescue_ani0.95_xny700_br0.2_af0.5_raw_depth_abundance	hmp_airskin_gtdb_source_abundance,hmp_gastrooral_gtdb_source_abundance	0.8889882173632686	181.0017219659319	-0.03492992362798698	1113	316	63	0.003183220906167017	0.0	140.48851862099576	-0.9605601273338914	5.0	0.0	-5.0	5.0	0.0	21.0
raw_rescue_ani0.95_xny700_br0.2_af0.5_zero_rescue_mass	hmp_airskin_gtdb_source_abundance,hmp_gastrooral_gtdb_source_abundance	0.8889882173632686	35.76275879445157	0.9316002425700405	1113	316	63	0.003183220906167017	0.0	0.0	0.0	5.0	0.0	-5.0	5.0	0.0	21.0
raw_rescue_ani0.95_xny700_br0.2_af0.7_raw_depth_abundance	hmp_airskin_gtdb_source_abundance,hmp_gastrooral_gtdb_source_abundance	0.8889882173632686	181.0017219659319	-0.03492992362798698	1113	316	63	0.003183220906167017	0.0	140.48851862099576	-0.9605601273338914	5.0	0.0	-5.0	5.0	0.0	21.0
raw_rescue_ani0.95_xny700_br0.2_af0.7_zero_rescue_mass	hmp_airskin_gtdb_source_abundance,hmp_gastrooral_gtdb_source_abundance	0.8889882173632686	35.76275879445157	0.9316002425700405	1113	316	63	0.003183220906167017	0.0	0.0	0.0	5.0	0.0	-5.0	5.0	0.0	21.0
raw_rescue_ani0.95_xny700_br0.2_af0.9_raw_depth_abundance	hmp_airskin_gtdb_source_abundance,hmp_gastrooral_gtdb_source_abundance	0.8850712707698818	180.96946329090525	-0.035078691981263115	1109	316	67	0.0005902026362384435	0.0	140.4288682130004	-0.9608348231592523	1.0	0.0	-1.0	1.0	0.0	25.0
raw_rescue_ani0.95_xny700_br0.2_af0.9_zero_rescue_mass	hmp_airskin_gtdb_source_abundance,hmp_gastrooral_gtdb_source_abundance	0.8850712707698818	35.76275879445157	0.9316002425700405	1109	316	67	0.0005902026362384435	0.0	0.0	0.0	1.0	0.0	-1.0	1.0	0.0	25.0
raw_rescue_ani0.95_xny700_br0.3_af0.1_raw_depth_abundance	hmp_airskin_gtdb_source_abundance,hmp_gastrooral_gtdb_source_abundance	0.8889882173632686	181.0017219659319	-0.03492992362798698	1113	316	63	0.003183220906167017	0.0	140.48851862099576	-0.9605601273338914	5.0	0.0	-5.0	5.0	0.0	21.0
raw_rescue_ani0.95_xny700_br0.3_af0.1_zero_rescue_mass	hmp_airskin_gtdb_source_abundance,hmp_gastrooral_gtdb_source_abundance	0.8889882173632686	35.76275879445157	0.9316002425700405	1113	316	63	0.003183220906167017	0.0	0.0	0.0	5.0	0.0	-5.0	5.0	0.0	21.0
raw_rescue_ani0.95_xny700_br0.3_af0.3_raw_depth_abundance	hmp_airskin_gtdb_source_abundance,hmp_gastrooral_gtdb_source_abundance	0.8889882173632686	181.0017219659319	-0.03492992362798698	1113	316	63	0.003183220906167017	0.0	140.48851862099576	-0.9605601273338914	5.0	0.0	-5.0	5.0	0.0	21.0
raw_rescue_ani0.95_xny700_br0.3_af0.3_zero_rescue_mass	hmp_airskin_gtdb_source_abundance,hmp_gastrooral_gtdb_source_abundance	0.8889882173632686	35.76275879445157	0.9316002425700405	1113	316	63	0.003183220906167017	0.0	0.0	0.0	5.0	0.0	-5.0	5.0	0.0	21.0
raw_rescue_ani0.95_xny700_br0.3_af0.5_raw_depth_abundance	hmp_airskin_gtdb_source_abundance,hmp_gastrooral_gtdb_source_abundance	0.8889882173632686	181.0017219659319	-0.03492992362798698	1113	316	63	0.003183220906167017	0.0	140.48851862099576	-0.9605601273338914	5.0	0.0	-5.0	5.0	0.0	21.0
raw_rescue_ani0.95_xny700_br0.3_af0.5_zero_rescue_mass	hmp_airskin_gtdb_source_abundance,hmp_gastrooral_gtdb_source_abundance	0.8889882173632686	35.76275879445157	0.9316002425700405	1113	316	63	0.003183220906167017	0.0	0.0	0.0	5.0	0.0	-5.0	5.0	0.0	21.0
raw_rescue_ani0.95_xny700_br0.3_af0.7_raw_depth_abundance	hmp_airskin_gtdb_source_abundance,hmp_gastrooral_gtdb_source_abundance	0.8889882173632686	181.0017219659319	-0.03492992362798698	1113	316	63	0.003183220906167017	0.0	140.48851862099576	-0.9605601273338914	5.0	0.0	-5.0	5.0	0.0	21.0
raw_rescue_ani0.95_xny700_br0.3_af0.7_zero_rescue_mass	hmp_airskin_gtdb_source_abundance,hmp_gastrooral_gtdb_source_abundance	0.8889882173632686	35.76275879445157	0.9316002425700405	1113	316	63	0.003183220906167017	0.0	0.0	0.0	5.0	0.0	-5.0	5.0	0.0	21.0
raw_rescue_ani0.95_xny700_br0.3_af0.9_raw_depth_abundance	hmp_airskin_gtdb_source_abundance,hmp_gastrooral_gtdb_source_abundance	0.8850712707698818	180.96946329090525	-0.035078691981263115	1109	316	67	0.0005902026362384435	0.0	140.4288682130004	-0.9608348231592523	1.0	0.0	-1.0	1.0	0.0	25.0
raw_rescue_ani0.95_xny700_br0.3_af0.9_zero_rescue_mass	hmp_airskin_gtdb_source_abundance,hmp_gastrooral_gtdb_source_abundance	0.8850712707698818	35.76275879445157	0.9316002425700405	1109	316	67	0.0005902026362384435	0.0	0.0	0.0	1.0	0.0	-1.0	1.0	0.0	25.0
raw_rescue_ani0.95_xny700_br0.5_af0.1_raw_depth_abundance	hmp_airskin_gtdb_source_abundance,hmp_gastrooral_gtdb_source_abundance	0.8882791407442188	180.96940660439162	-0.03507871949267515	1110	316	66	0.0010183459215245849	0.0	140.42885949199834	-0.9608348273917772	2.0	0.0	-2.0	2.0	0.0	24.0
raw_rescue_ani0.95_xny700_br0.5_af0.1_zero_rescue_mass	hmp_airskin_gtdb_source_abundance,hmp_gastrooral_gtdb_source_abundance	0.8882791407442188	35.76275879445157	0.9316002425700405	1110	316	66	0.0010183459215245849	0.0	0.0	0.0	2.0	0.0	-2.0	2.0	0.0	24.0
raw_rescue_ani0.95_xny700_br0.5_af0.3_raw_depth_abundance	hmp_airskin_gtdb_source_abundance,hmp_gastrooral_gtdb_source_abundance	0.8882791407442188	180.96940660439162	-0.03507871949267515	1110	316	66	0.0010183459215245849	0.0	140.42885949199834	-0.9608348273917772	2.0	0.0	-2.0	2.0	0.0	24.0
raw_rescue_ani0.95_xny700_br0.5_af0.3_zero_rescue_mass	hmp_airskin_gtdb_source_abundance,hmp_gastrooral_gtdb_source_abundance	0.8882791407442188	35.76275879445157	0.9316002425700405	1110	316	66	0.0010183459215245849	0.0	0.0	0.0	2.0	0.0	-2.0	2.0	0.0	24.0
raw_rescue_ani0.95_xny700_br0.5_af0.5_raw_depth_abundance	hmp_airskin_gtdb_source_abundance,hmp_gastrooral_gtdb_source_abundance	0.8882791407442188	180.96940660439162	-0.03507871949267515	1110	316	66	0.0010183459215245849	0.0	140.42885949199834	-0.9608348273917772	2.0	0.0	-2.0	2.0	0.0	24.0
raw_rescue_ani0.95_xny700_br0.5_af0.5_zero_rescue_mass	hmp_airskin_gtdb_source_abundance,hmp_gastrooral_gtdb_source_abundance	0.8882791407442188	35.76275879445157	0.9316002425700405	1110	316	66	0.0010183459215245849	0.0	0.0	0.0	2.0	0.0	-2.0	2.0	0.0	24.0
raw_rescue_ani0.95_xny700_br0.5_af0.7_raw_depth_abundance	hmp_airskin_gtdb_source_abundance,hmp_gastrooral_gtdb_source_abundance	0.8882791407442188	180.96940660439162	-0.03507871949267515	1110	316	66	0.0010183459215245849	0.0	140.42885949199834	-0.9608348273917772	2.0	0.0	-2.0	2.0	0.0	24.0
raw_rescue_ani0.95_xny700_br0.5_af0.7_zero_rescue_mass	hmp_airskin_gtdb_source_abundance,hmp_gastrooral_gtdb_source_abundance	0.8882791407442188	35.76275879445157	0.9316002425700405	1110	316	66	0.0010183459215245849	0.0	0.0	0.0	2.0	0.0	-2.0	2.0	0.0	24.0
raw_rescue_ani0.95_xny700_br0.5_af0.9_raw_depth_abundance	hmp_airskin_gtdb_source_abundance,hmp_gastrooral_gtdb_source_abundance	0.8850712707698818	180.96946329090525	-0.035078691981263115	1109	316	67	0.0005902026362384435	0.0	140.4288682130004	-0.9608348231592523	1.0	0.0	-1.0	1.0	0.0	25.0
raw_rescue_ani0.95_xny700_br0.5_af0.9_zero_rescue_mass	hmp_airskin_gtdb_source_abundance,hmp_gastrooral_gtdb_source_abundance	0.8850712707698818	35.76275879445157	0.9316002425700405	1109	316	67	0.0005902026362384435	0.0	0.0	0.0	1.0	0.0	-1.0	1.0	0.0	25.0
raw_rescue_ani0.95_xny900_br0.05_af0.1_raw_depth_abundance	hmp_airskin_gtdb_source_abundance,hmp_gastrooral_gtdb_source_abundance	0.8850712707698818	180.96946329090525	-0.035078691981263115	1109	316	67	0.0005902026362384435	0.0	140.4288682130004	-0.9608348231592523	1.0	0.0	-1.0	1.0	0.0	25.0
raw_rescue_ani0.95_xny900_br0.05_af0.1_zero_rescue_mass	hmp_airskin_gtdb_source_abundance,hmp_gastrooral_gtdb_source_abundance	0.8850712707698818	35.76275879445157	0.9316002425700405	1109	316	67	0.0005902026362384435	0.0	0.0	0.0	1.0	0.0	-1.0	1.0	0.0	25.0
raw_rescue_ani0.95_xny900_br0.05_af0.3_raw_depth_abundance	hmp_airskin_gtdb_source_abundance,hmp_gastrooral_gtdb_source_abundance	0.8850712707698818	180.96946329090525	-0.035078691981263115	1109	316	67	0.0005902026362384435	0.0	140.4288682130004	-0.9608348231592523	1.0	0.0	-1.0	1.0	0.0	25.0
raw_rescue_ani0.95_xny900_br0.05_af0.3_zero_rescue_mass	hmp_airskin_gtdb_source_abundance,hmp_gastrooral_gtdb_source_abundance	0.8850712707698818	35.76275879445157	0.9316002425700405	1109	316	67	0.0005902026362384435	0.0	0.0	0.0	1.0	0.0	-1.0	1.0	0.0	25.0
raw_rescue_ani0.95_xny900_br0.05_af0.5_raw_depth_abundance	hmp_airskin_gtdb_source_abundance,hmp_gastrooral_gtdb_source_abundance	0.8850712707698818	180.96946329090525	-0.035078691981263115	1109	316	67	0.0005902026362384435	0.0	140.4288682130004	-0.9608348231592523	1.0	0.0	-1.0	1.0	0.0	25.0
raw_rescue_ani0.95_xny900_br0.05_af0.5_zero_rescue_mass	hmp_airskin_gtdb_source_abundance,hmp_gastrooral_gtdb_source_abundance	0.8850712707698818	35.76275879445157	0.9316002425700405	1109	316	67	0.0005902026362384435	0.0	0.0	0.0	1.0	0.0	-1.0	1.0	0.0	25.0
raw_rescue_ani0.95_xny900_br0.05_af0.7_raw_depth_abundance	hmp_airskin_gtdb_source_abundance,hmp_gastrooral_gtdb_source_abundance	0.8850712707698818	180.96946329090525	-0.035078691981263115	1109	316	67	0.0005902026362384435	0.0	140.4288682130004	-0.9608348231592523	1.0	0.0	-1.0	1.0	0.0	25.0
raw_rescue_ani0.95_xny900_br0.05_af0.7_zero_rescue_mass	hmp_airskin_gtdb_source_abundance,hmp_gastrooral_gtdb_source_abundance	0.8850712707698818	35.76275879445157	0.9316002425700405	1109	316	67	0.0005902026362384435	0.0	0.0	0.0	1.0	0.0	-1.0	1.0	0.0	25.0
raw_rescue_ani0.95_xny900_br0.05_af0.9_raw_depth_abundance	hmp_airskin_gtdb_source_abundance,hmp_gastrooral_gtdb_source_abundance	0.8850712707698818	180.96946329090525	-0.035078691981263115	1109	316	67	0.0005902026362384435	0.0	140.4288682130004	-0.9608348231592523	1.0	0.0	-1.0	1.0	0.0	25.0
raw_rescue_ani0.95_xny900_br0.05_af0.9_zero_rescue_mass	hmp_airskin_gtdb_source_abundance,hmp_gastrooral_gtdb_source_abundance	0.8850712707698818	35.76275879445157	0.9316002425700405	1109	316	67	0.0005902026362384435	0.0	0.0	0.0	1.0	0.0	-1.0	1.0	0.0	25.0
raw_rescue_ani0.95_xny900_br0.15_af0.1_raw_depth_abundance	hmp_airskin_gtdb_source_abundance,hmp_gastrooral_gtdb_source_abundance	0.8850712707698818	180.96946329090525	-0.035078691981263115	1109	316	67	0.0005902026362384435	0.0	140.4288682130004	-0.9608348231592523	1.0	0.0	-1.0	1.0	0.0	25.0
raw_rescue_ani0.95_xny900_br0.15_af0.1_zero_rescue_mass	hmp_airskin_gtdb_source_abundance,hmp_gastrooral_gtdb_source_abundance	0.8850712707698818	35.76275879445157	0.9316002425700405	1109	316	67	0.0005902026362384435	0.0	0.0	0.0	1.0	0.0	-1.0	1.0	0.0	25.0
raw_rescue_ani0.95_xny900_br0.15_af0.3_raw_depth_abundance	hmp_airskin_gtdb_source_abundance,hmp_gastrooral_gtdb_source_abundance	0.8850712707698818	180.96946329090525	-0.035078691981263115	1109	316	67	0.0005902026362384435	0.0	140.4288682130004	-0.9608348231592523	1.0	0.0	-1.0	1.0	0.0	25.0
raw_rescue_ani0.95_xny900_br0.15_af0.3_zero_rescue_mass	hmp_airskin_gtdb_source_abundance,hmp_gastrooral_gtdb_source_abundance	0.8850712707698818	35.76275879445157	0.9316002425700405	1109	316	67	0.0005902026362384435	0.0	0.0	0.0	1.0	0.0	-1.0	1.0	0.0	25.0
raw_rescue_ani0.95_xny900_br0.15_af0.5_raw_depth_abundance	hmp_airskin_gtdb_source_abundance,hmp_gastrooral_gtdb_source_abundance	0.8850712707698818	180.96946329090525	-0.035078691981263115	1109	316	67	0.0005902026362384435	0.0	140.4288682130004	-0.9608348231592523	1.0	0.0	-1.0	1.0	0.0	25.0
raw_rescue_ani0.95_xny900_br0.15_af0.5_zero_rescue_mass	hmp_airskin_gtdb_source_abundance,hmp_gastrooral_gtdb_source_abundance	0.8850712707698818	35.76275879445157	0.9316002425700405	1109	316	67	0.0005902026362384435	0.0	0.0	0.0	1.0	0.0	-1.0	1.0	0.0	25.0
raw_rescue_ani0.95_xny900_br0.15_af0.7_raw_depth_abundance	hmp_airskin_gtdb_source_abundance,hmp_gastrooral_gtdb_source_abundance	0.8850712707698818	180.96946329090525	-0.035078691981263115	1109	316	67	0.0005902026362384435	0.0	140.4288682130004	-0.9608348231592523	1.0	0.0	-1.0	1.0	0.0	25.0
raw_rescue_ani0.95_xny900_br0.15_af0.7_zero_rescue_mass	hmp_airskin_gtdb_source_abundance,hmp_gastrooral_gtdb_source_abundance	0.8850712707698818	35.76275879445157	0.9316002425700405	1109	316	67	0.0005902026362384435	0.0	0.0	0.0	1.0	0.0	-1.0	1.0	0.0	25.0
raw_rescue_ani0.95_xny900_br0.15_af0.9_raw_depth_abundance	hmp_airskin_gtdb_source_abundance,hmp_gastrooral_gtdb_source_abundance	0.8850712707698818	180.96946329090525	-0.035078691981263115	1109	316	67	0.0005902026362384435	0.0	140.4288682130004	-0.9608348231592523	1.0	0.0	-1.0	1.0	0.0	25.0
raw_rescue_ani0.95_xny900_br0.15_af0.9_zero_rescue_mass	hmp_airskin_gtdb_source_abundance,hmp_gastrooral_gtdb_source_abundance	0.8850712707698818	35.76275879445157	0.9316002425700405	1109	316	67	0.0005902026362384435	0.0	0.0	0.0	1.0	0.0	-1.0	1.0	0.0	25.0
raw_rescue_ani0.95_xny900_br0.1_af0.1_raw_depth_abundance	hmp_airskin_gtdb_source_abundance,hmp_gastrooral_gtdb_source_abundance	0.8850712707698818	180.96946329090525	-0.035078691981263115	1109	316	67	0.0005902026362384435	0.0	140.4288682130004	-0.9608348231592523	1.0	0.0	-1.0	1.0	0.0	25.0
raw_rescue_ani0.95_xny900_br0.1_af0.1_zero_rescue_mass	hmp_airskin_gtdb_source_abundance,hmp_gastrooral_gtdb_source_abundance	0.8850712707698818	35.76275879445157	0.9316002425700405	1109	316	67	0.0005902026362384435	0.0	0.0	0.0	1.0	0.0	-1.0	1.0	0.0	25.0
raw_rescue_ani0.95_xny900_br0.1_af0.3_raw_depth_abundance	hmp_airskin_gtdb_source_abundance,hmp_gastrooral_gtdb_source_abundance	0.8850712707698818	180.96946329090525	-0.035078691981263115	1109	316	67	0.0005902026362384435	0.0	140.4288682130004	-0.9608348231592523	1.0	0.0	-1.0	1.0	0.0	25.0
raw_rescue_ani0.95_xny900_br0.1_af0.3_zero_rescue_mass	hmp_airskin_gtdb_source_abundance,hmp_gastrooral_gtdb_source_abundance	0.8850712707698818	35.76275879445157	0.9316002425700405	1109	316	67	0.0005902026362384435	0.0	0.0	0.0	1.0	0.0	-1.0	1.0	0.0	25.0
raw_rescue_ani0.95_xny900_br0.1_af0.5_raw_depth_abundance	hmp_airskin_gtdb_source_abundance,hmp_gastrooral_gtdb_source_abundance	0.8850712707698818	180.96946329090525	-0.035078691981263115	1109	316	67	0.0005902026362384435	0.0	140.4288682130004	-0.9608348231592523	1.0	0.0	-1.0	1.0	0.0	25.0
raw_rescue_ani0.95_xny900_br0.1_af0.5_zero_rescue_mass	hmp_airskin_gtdb_source_abundance,hmp_gastrooral_gtdb_source_abundance	0.8850712707698818	35.76275879445157	0.9316002425700405	1109	316	67	0.0005902026362384435	0.0	0.0	0.0	1.0	0.0	-1.0	1.0	0.0	25.0
raw_rescue_ani0.95_xny900_br0.1_af0.7_raw_depth_abundance	hmp_airskin_gtdb_source_abundance,hmp_gastrooral_gtdb_source_abundance	0.8850712707698818	180.96946329090525	-0.035078691981263115	1109	316	67	0.0005902026362384435	0.0	140.4288682130004	-0.9608348231592523	1.0	0.0	-1.0	1.0	0.0	25.0
raw_rescue_ani0.95_xny900_br0.1_af0.7_zero_rescue_mass	hmp_airskin_gtdb_source_abundance,hmp_gastrooral_gtdb_source_abundance	0.8850712707698818	35.76275879445157	0.9316002425700405	1109	316	67	0.0005902026362384435	0.0	0.0	0.0	1.0	0.0	-1.0	1.0	0.0	25.0
raw_rescue_ani0.95_xny900_br0.1_af0.9_raw_depth_abundance	hmp_airskin_gtdb_source_abundance,hmp_gastrooral_gtdb_source_abundance	0.8850712707698818	180.96946329090525	-0.035078691981263115	1109	316	67	0.0005902026362384435	0.0	140.4288682130004	-0.9608348231592523	1.0	0.0	-1.0	1.0	0.0	25.0
raw_rescue_ani0.95_xny900_br0.1_af0.9_zero_rescue_mass	hmp_airskin_gtdb_source_abundance,hmp_gastrooral_gtdb_source_abundance	0.8850712707698818	35.76275879445157	0.9316002425700405	1109	316	67	0.0005902026362384435	0.0	0.0	0.0	1.0	0.0	-1.0	1.0	0.0	25.0
raw_rescue_ani0.95_xny900_br0.25_af0.1_raw_depth_abundance	hmp_airskin_gtdb_source_abundance,hmp_gastrooral_gtdb_source_abundance	0.8850712707698818	180.96946329090525	-0.035078691981263115	1109	316	67	0.0005902026362384435	0.0	140.4288682130004	-0.9608348231592523	1.0	0.0	-1.0	1.0	0.0	25.0
raw_rescue_ani0.95_xny900_br0.25_af0.1_zero_rescue_mass	hmp_airskin_gtdb_source_abundance,hmp_gastrooral_gtdb_source_abundance	0.8850712707698818	35.76275879445157	0.9316002425700405	1109	316	67	0.0005902026362384435	0.0	0.0	0.0	1.0	0.0	-1.0	1.0	0.0	25.0
raw_rescue_ani0.95_xny900_br0.25_af0.3_raw_depth_abundance	hmp_airskin_gtdb_source_abundance,hmp_gastrooral_gtdb_source_abundance	0.8850712707698818	180.96946329090525	-0.035078691981263115	1109	316	67	0.0005902026362384435	0.0	140.4288682130004	-0.9608348231592523	1.0	0.0	-1.0	1.0	0.0	25.0
raw_rescue_ani0.95_xny900_br0.25_af0.3_zero_rescue_mass	hmp_airskin_gtdb_source_abundance,hmp_gastrooral_gtdb_source_abundance	0.8850712707698818	35.76275879445157	0.9316002425700405	1109	316	67	0.0005902026362384435	0.0	0.0	0.0	1.0	0.0	-1.0	1.0	0.0	25.0
raw_rescue_ani0.95_xny900_br0.25_af0.5_raw_depth_abundance	hmp_airskin_gtdb_source_abundance,hmp_gastrooral_gtdb_source_abundance	0.8850712707698818	180.96946329090525	-0.035078691981263115	1109	316	67	0.0005902026362384435	0.0	140.4288682130004	-0.9608348231592523	1.0	0.0	-1.0	1.0	0.0	25.0
raw_rescue_ani0.95_xny900_br0.25_af0.5_zero_rescue_mass	hmp_airskin_gtdb_source_abundance,hmp_gastrooral_gtdb_source_abundance	0.8850712707698818	35.76275879445157	0.9316002425700405	1109	316	67	0.0005902026362384435	0.0	0.0	0.0	1.0	0.0	-1.0	1.0	0.0	25.0
raw_rescue_ani0.95_xny900_br0.25_af0.7_raw_depth_abundance	hmp_airskin_gtdb_source_abundance,hmp_gastrooral_gtdb_source_abundance	0.8850712707698818	180.96946329090525	-0.035078691981263115	1109	316	67	0.0005902026362384435	0.0	140.4288682130004	-0.9608348231592523	1.0	0.0	-1.0	1.0	0.0	25.0
raw_rescue_ani0.95_xny900_br0.25_af0.7_zero_rescue_mass	hmp_airskin_gtdb_source_abundance,hmp_gastrooral_gtdb_source_abundance	0.8850712707698818	35.76275879445157	0.9316002425700405	1109	316	67	0.0005902026362384435	0.0	0.0	0.0	1.0	0.0	-1.0	1.0	0.0	25.0
raw_rescue_ani0.95_xny900_br0.25_af0.9_raw_depth_abundance	hmp_airskin_gtdb_source_abundance,hmp_gastrooral_gtdb_source_abundance	0.8850712707698818	180.96946329090525	-0.035078691981263115	1109	316	67	0.0005902026362384435	0.0	140.4288682130004	-0.9608348231592523	1.0	0.0	-1.0	1.0	0.0	25.0
raw_rescue_ani0.95_xny900_br0.25_af0.9_zero_rescue_mass	hmp_airskin_gtdb_source_abundance,hmp_gastrooral_gtdb_source_abundance	0.8850712707698818	35.76275879445157	0.9316002425700405	1109	316	67	0.0005902026362384435	0.0	0.0	0.0	1.0	0.0	-1.0	1.0	0.0	25.0
raw_rescue_ani0.95_xny900_br0.2_af0.1_raw_depth_abundance	hmp_airskin_gtdb_source_abundance,hmp_gastrooral_gtdb_source_abundance	0.8850712707698818	180.96946329090525	-0.035078691981263115	1109	316	67	0.0005902026362384435	0.0	140.4288682130004	-0.9608348231592523	1.0	0.0	-1.0	1.0	0.0	25.0
raw_rescue_ani0.95_xny900_br0.2_af0.1_zero_rescue_mass	hmp_airskin_gtdb_source_abundance,hmp_gastrooral_gtdb_source_abundance	0.8850712707698818	35.76275879445157	0.9316002425700405	1109	316	67	0.0005902026362384435	0.0	0.0	0.0	1.0	0.0	-1.0	1.0	0.0	25.0
raw_rescue_ani0.95_xny900_br0.2_af0.3_raw_depth_abundance	hmp_airskin_gtdb_source_abundance,hmp_gastrooral_gtdb_source_abundance	0.8850712707698818	180.96946329090525	-0.035078691981263115	1109	316	67	0.0005902026362384435	0.0	140.4288682130004	-0.9608348231592523	1.0	0.0	-1.0	1.0	0.0	25.0
raw_rescue_ani0.95_xny900_br0.2_af0.3_zero_rescue_mass	hmp_airskin_gtdb_source_abundance,hmp_gastrooral_gtdb_source_abundance	0.8850712707698818	35.76275879445157	0.9316002425700405	1109	316	67	0.0005902026362384435	0.0	0.0	0.0	1.0	0.0	-1.0	1.0	0.0	25.0
raw_rescue_ani0.95_xny900_br0.2_af0.5_raw_depth_abundance	hmp_airskin_gtdb_source_abundance,hmp_gastrooral_gtdb_source_abundance	0.8850712707698818	180.96946329090525	-0.035078691981263115	1109	316	67	0.0005902026362384435	0.0	140.4288682130004	-0.9608348231592523	1.0	0.0	-1.0	1.0	0.0	25.0
raw_rescue_ani0.95_xny900_br0.2_af0.5_zero_rescue_mass	hmp_airskin_gtdb_source_abundance,hmp_gastrooral_gtdb_source_abundance	0.8850712707698818	35.76275879445157	0.9316002425700405	1109	316	67	0.0005902026362384435	0.0	0.0	0.0	1.0	0.0	-1.0	1.0	0.0	25.0
raw_rescue_ani0.95_xny900_br0.2_af0.7_raw_depth_abundance	hmp_airskin_gtdb_source_abundance,hmp_gastrooral_gtdb_source_abundance	0.8850712707698818	180.96946329090525	-0.035078691981263115	1109	316	67	0.0005902026362384435	0.0	140.4288682130004	-0.9608348231592523	1.0	0.0	-1.0	1.0	0.0	25.0
raw_rescue_ani0.95_xny900_br0.2_af0.7_zero_rescue_mass	hmp_airskin_gtdb_source_abundance,hmp_gastrooral_gtdb_source_abundance	0.8850712707698818	35.76275879445157	0.9316002425700405	1109	316	67	0.0005902026362384435	0.0	0.0	0.0	1.0	0.0	-1.0	1.0	0.0	25.0
raw_rescue_ani0.95_xny900_br0.2_af0.9_raw_depth_abundance	hmp_airskin_gtdb_source_abundance,hmp_gastrooral_gtdb_source_abundance	0.8850712707698818	180.96946329090525	-0.035078691981263115	1109	316	67	0.0005902026362384435	0.0	140.4288682130004	-0.9608348231592523	1.0	0.0	-1.0	1.0	0.0	25.0
raw_rescue_ani0.95_xny900_br0.2_af0.9_zero_rescue_mass	hmp_airskin_gtdb_source_abundance,hmp_gastrooral_gtdb_source_abundance	0.8850712707698818	35.76275879445157	0.9316002425700405	1109	316	67	0.0005902026362384435	0.0	0.0	0.0	1.0	0.0	-1.0	1.0	0.0	25.0
raw_rescue_ani0.95_xny900_br0.3_af0.1_raw_depth_abundance	hmp_airskin_gtdb_source_abundance,hmp_gastrooral_gtdb_source_abundance	0.8850712707698818	180.96946329090525	-0.035078691981263115	1109	316	67	0.0005902026362384435	0.0	140.4288682130004	-0.9608348231592523	1.0	0.0	-1.0	1.0	0.0	25.0
raw_rescue_ani0.95_xny900_br0.3_af0.1_zero_rescue_mass	hmp_airskin_gtdb_source_abundance,hmp_gastrooral_gtdb_source_abundance	0.8850712707698818	35.76275879445157	0.9316002425700405	1109	316	67	0.0005902026362384435	0.0	0.0	0.0	1.0	0.0	-1.0	1.0	0.0	25.0
raw_rescue_ani0.95_xny900_br0.3_af0.3_raw_depth_abundance	hmp_airskin_gtdb_source_abundance,hmp_gastrooral_gtdb_source_abundance	0.8850712707698818	180.96946329090525	-0.035078691981263115	1109	316	67	0.0005902026362384435	0.0	140.4288682130004	-0.9608348231592523	1.0	0.0	-1.0	1.0	0.0	25.0
raw_rescue_ani0.95_xny900_br0.3_af0.3_zero_rescue_mass	hmp_airskin_gtdb_source_abundance,hmp_gastrooral_gtdb_source_abundance	0.8850712707698818	35.76275879445157	0.9316002425700405	1109	316	67	0.0005902026362384435	0.0	0.0	0.0	1.0	0.0	-1.0	1.0	0.0	25.0
raw_rescue_ani0.95_xny900_br0.3_af0.5_raw_depth_abundance	hmp_airskin_gtdb_source_abundance,hmp_gastrooral_gtdb_source_abundance	0.8850712707698818	180.96946329090525	-0.035078691981263115	1109	316	67	0.0005902026362384435	0.0	140.4288682130004	-0.9608348231592523	1.0	0.0	-1.0	1.0	0.0	25.0
raw_rescue_ani0.95_xny900_br0.3_af0.5_zero_rescue_mass	hmp_airskin_gtdb_source_abundance,hmp_gastrooral_gtdb_source_abundance	0.8850712707698818	35.76275879445157	0.9316002425700405	1109	316	67	0.0005902026362384435	0.0	0.0	0.0	1.0	0.0	-1.0	1.0	0.0	25.0
raw_rescue_ani0.95_xny900_br0.3_af0.7_raw_depth_abundance	hmp_airskin_gtdb_source_abundance,hmp_gastrooral_gtdb_source_abundance	0.8850712707698818	180.96946329090525	-0.035078691981263115	1109	316	67	0.0005902026362384435	0.0	140.4288682130004	-0.9608348231592523	1.0	0.0	-1.0	1.0	0.0	25.0
raw_rescue_ani0.95_xny900_br0.3_af0.7_zero_rescue_mass	hmp_airskin_gtdb_source_abundance,hmp_gastrooral_gtdb_source_abundance	0.8850712707698818	35.76275879445157	0.9316002425700405	1109	316	67	0.0005902026362384435	0.0	0.0	0.0	1.0	0.0	-1.0	1.0	0.0	25.0
raw_rescue_ani0.95_xny900_br0.3_af0.9_raw_depth_abundance	hmp_airskin_gtdb_source_abundance,hmp_gastrooral_gtdb_source_abundance	0.8850712707698818	180.96946329090525	-0.035078691981263115	1109	316	67	0.0005902026362384435	0.0	140.4288682130004	-0.9608348231592523	1.0	0.0	-1.0	1.0	0.0	25.0
raw_rescue_ani0.95_xny900_br0.3_af0.9_zero_rescue_mass	hmp_airskin_gtdb_source_abundance,hmp_gastrooral_gtdb_source_abundance	0.8850712707698818	35.76275879445157	0.9316002425700405	1109	316	67	0.0005902026362384435	0.0	0.0	0.0	1.0	0.0	-1.0	1.0	0.0	25.0
raw_rescue_ani0.95_xny900_br0.5_af0.1_raw_depth_abundance	hmp_airskin_gtdb_source_abundance,hmp_gastrooral_gtdb_source_abundance	0.8850712707698818	180.96946329090525	-0.035078691981263115	1109	316	67	0.0005902026362384435	0.0	140.4288682130004	-0.9608348231592523	1.0	0.0	-1.0	1.0	0.0	25.0
raw_rescue_ani0.95_xny900_br0.5_af0.1_zero_rescue_mass	hmp_airskin_gtdb_source_abundance,hmp_gastrooral_gtdb_source_abundance	0.8850712707698818	35.76275879445157	0.9316002425700405	1109	316	67	0.0005902026362384435	0.0	0.0	0.0	1.0	0.0	-1.0	1.0	0.0	25.0
raw_rescue_ani0.95_xny900_br0.5_af0.3_raw_depth_abundance	hmp_airskin_gtdb_source_abundance,hmp_gastrooral_gtdb_source_abundance	0.8850712707698818	180.96946329090525	-0.035078691981263115	1109	316	67	0.0005902026362384435	0.0	140.4288682130004	-0.9608348231592523	1.0	0.0	-1.0	1.0	0.0	25.0
raw_rescue_ani0.95_xny900_br0.5_af0.3_zero_rescue_mass	hmp_airskin_gtdb_source_abundance,hmp_gastrooral_gtdb_source_abundance	0.8850712707698818	35.76275879445157	0.9316002425700405	1109	316	67	0.0005902026362384435	0.0	0.0	0.0	1.0	0.0	-1.0	1.0	0.0	25.0
raw_rescue_ani0.95_xny900_br0.5_af0.5_raw_depth_abundance	hmp_airskin_gtdb_source_abundance,hmp_gastrooral_gtdb_source_abundance	0.8850712707698818	180.96946329090525	-0.035078691981263115	1109	316	67	0.0005902026362384435	0.0	140.4288682130004	-0.9608348231592523	1.0	0.0	-1.0	1.0	0.0	25.0
raw_rescue_ani0.95_xny900_br0.5_af0.5_zero_rescue_mass	hmp_airskin_gtdb_source_abundance,hmp_gastrooral_gtdb_source_abundance	0.8850712707698818	35.76275879445157	0.9316002425700405	1109	316	67	0.0005902026362384435	0.0	0.0	0.0	1.0	0.0	-1.0	1.0	0.0	25.0
raw_rescue_ani0.95_xny900_br0.5_af0.7_raw_depth_abundance	hmp_airskin_gtdb_source_abundance,hmp_gastrooral_gtdb_source_abundance	0.8850712707698818	180.96946329090525	-0.035078691981263115	1109	316	67	0.0005902026362384435	0.0	140.4288682130004	-0.9608348231592523	1.0	0.0	-1.0	1.0	0.0	25.0
raw_rescue_ani0.95_xny900_br0.5_af0.7_zero_rescue_mass	hmp_airskin_gtdb_source_abundance,hmp_gastrooral_gtdb_source_abundance	0.8850712707698818	35.76275879445157	0.9316002425700405	1109	316	67	0.0005902026362384435	0.0	0.0	0.0	1.0	0.0	-1.0	1.0	0.0	25.0
raw_rescue_ani0.95_xny900_br0.5_af0.9_raw_depth_abundance	hmp_airskin_gtdb_source_abundance,hmp_gastrooral_gtdb_source_abundance	0.8850712707698818	180.96946329090525	-0.035078691981263115	1109	316	67	0.0005902026362384435	0.0	140.4288682130004	-0.9608348231592523	1.0	0.0	-1.0	1.0	0.0	25.0
raw_rescue_ani0.95_xny900_br0.5_af0.9_zero_rescue_mass	hmp_airskin_gtdb_source_abundance,hmp_gastrooral_gtdb_source_abundance	0.8850712707698818	35.76275879445157	0.9316002425700405	1109	316	67	0.0005902026362384435	0.0	0.0	0.0	1.0	0.0	-1.0	1.0	0.0	25.0
raw_rescue_ani0.97_xny100_br0.05_af0.1_raw_depth_abundance	hmp_airskin_gtdb_source_abundance,hmp_gastrooral_gtdb_source_abundance	0.8615588796416622	184.0249649359364	-0.06896689523165371	1110	343	66	-0.013116956463629677	-0.14251012145748987	146.06445659908786	-1.0054838126991283	2.0	27.0	-2.0	1.0	4.0	21.0
raw_rescue_ani0.97_xny100_br0.05_af0.1_zero_rescue_mass	hmp_airskin_gtdb_source_abundance,hmp_gastrooral_gtdb_source_abundance	0.8615588796416622	35.76275879445157	0.9317629571750841	1110	343	66	-0.013116956463629677	-0.14251012145748987	-6.832141690000964e-16	0.0005044262156704581	2.0	27.0	-2.0	1.0	4.0	21.0
raw_rescue_ani0.97_xny100_br0.05_af0.3_raw_depth_abundance	hmp_airskin_gtdb_source_abundance,hmp_gastrooral_gtdb_source_abundance	0.873644602207472	184.02188173385707	-0.061203131330527925	1110	328	66	-0.005948676743658612	-0.0803571428571428	146.06091570280853	-1.0010044312092832	2.0	12.0	-2.0	1.0	3.0	22.0
raw_rescue_ani0.97_xny100_br0.05_af0.3_zero_rescue_mass	hmp_airskin_gtdb_source_abundance,hmp_gastrooral_gtdb_source_abundance	0.873644602207472	35.76275879445157	0.9316791586388754	1110	328	66	-0.005948676743658612	-0.0803571428571428	-6.832141690000964e-16	0.00029825045836491006	2.0	12.0	-2.0	1.0	3.0	22.0
raw_rescue_ani0.97_xny100_br0.05_af0.5_raw_depth_abundance	hmp_airskin_gtdb_source_abundance,hmp_gastrooral_gtdb_source_abundance	0.8882791407442188	180.96940660439162	-0.03507871949267515	1110	316	66	0.0010183459215245849	0.0	140.42885949199834	-0.9608348273917772	2.0	0.0	-2.0	2.0	0.0	24.0
raw_rescue_ani0.97_xny100_br0.05_af0.5_zero_rescue_mass	hmp_airskin_gtdb_source_abundance,hmp_gastrooral_gtdb_source_abundance	0.8882791407442188	35.76275879445157	0.9316002425700405	1110	316	66	0.0010183459215245849	0.0	0.0	0.0	2.0	0.0	-2.0	2.0	0.0	24.0
raw_rescue_ani0.97_xny100_br0.05_af0.7_raw_depth_abundance	hmp_airskin_gtdb_source_abundance,hmp_gastrooral_gtdb_source_abundance	0.8882791407442188	180.96940660439162	-0.03507871949267515	1110	316	66	0.0010183459215245849	0.0	140.42885949199834	-0.9608348273917772	2.0	0.0	-2.0	2.0	0.0	24.0
raw_rescue_ani0.97_xny100_br0.05_af0.7_zero_rescue_mass	hmp_airskin_gtdb_source_abundance,hmp_gastrooral_gtdb_source_abundance	0.8882791407442188	35.76275879445157	0.9316002425700405	1110	316	66	0.0010183459215245849	0.0	0.0	0.0	2.0	0.0	-2.0	2.0	0.0	24.0
raw_rescue_ani0.97_xny100_br0.05_af0.9_raw_depth_abundance	hmp_airskin_gtdb_source_abundance,hmp_gastrooral_gtdb_source_abundance	0.8850712707698818	180.96946329090525	-0.035078691981263115	1109	316	67	0.0005902026362384435	0.0	140.4288682130004	-0.9608348231592523	1.0	0.0	-1.0	1.0	0.0	25.0
raw_rescue_ani0.97_xny100_br0.05_af0.9_zero_rescue_mass	hmp_airskin_gtdb_source_abundance,hmp_gastrooral_gtdb_source_abundance	0.8850712707698818	35.76275879445157	0.9316002425700405	1109	316	67	0.0005902026362384435	0.0	0.0	0.0	1.0	0.0	-1.0	1.0	0.0	25.0
raw_rescue_ani0.97_xny100_br0.15_af0.1_raw_depth_abundance	hmp_airskin_gtdb_source_abundance,hmp_gastrooral_gtdb_source_abundance	0.882642831259814	180.99237147932	-0.03395116424332337	1110	319	66	-0.0007666883511334496	-0.02840909090909094	140.47125615980542	-0.9605333814314716	2.0	3.0	-2.0	1.0	2.0	23.0
raw_rescue_ani0.97_xny100_br0.15_af0.1_zero_rescue_mass	hmp_airskin_gtdb_source_abundance,hmp_gastrooral_gtdb_source_abundance	0.882642831259814	35.76275879445157	0.9316047099534877	1110	319	66	-0.0007666883511334496	-0.02840909090909094	-5.465713352000771e-16	8.44905168473695e-05	2.0	3.0	-2.0	1.0	2.0	23.0
raw_rescue_ani0.97_xny100_br0.15_af0.3_raw_depth_abundance	hmp_airskin_gtdb_source_abundance,hmp_gastrooral_gtdb_source_abundance	0.882642831259814	180.99237147932	-0.03395116424332337	1110	319	66	-0.0007666883511334496	-0.02840909090909094	140.47125615980542	-0.9605333814314716	2.0	3.0	-2.0	1.0	2.0	23.0
raw_rescue_ani0.97_xny100_br0.15_af0.3_zero_rescue_mass	hmp_airskin_gtdb_source_abundance,hmp_gastrooral_gtdb_source_abundance	0.882642831259814	35.76275879445157	0.9316047099534877	1110	319	66	-0.0007666883511334496	-0.02840909090909094	-5.465713352000771e-16	8.44905168473695e-05	2.0	3.0	-2.0	1.0	2.0	23.0
raw_rescue_ani0.97_xny100_br0.15_af0.5_raw_depth_abundance	hmp_airskin_gtdb_source_abundance,hmp_gastrooral_gtdb_source_abundance	0.8882791407442188	180.96940660439162	-0.03507871949267515	1110	316	66	0.0010183459215245849	0.0	140.42885949199834	-0.9608348273917772	2.0	0.0	-2.0	2.0	0.0	24.0
raw_rescue_ani0.97_xny100_br0.15_af0.5_zero_rescue_mass	hmp_airskin_gtdb_source_abundance,hmp_gastrooral_gtdb_source_abundance	0.8882791407442188	35.76275879445157	0.9316002425700405	1110	316	66	0.0010183459215245849	0.0	0.0	0.0	2.0	0.0	-2.0	2.0	0.0	24.0
raw_rescue_ani0.97_xny100_br0.15_af0.7_raw_depth_abundance	hmp_airskin_gtdb_source_abundance,hmp_gastrooral_gtdb_source_abundance	0.8882791407442188	180.96940660439162	-0.03507871949267515	1110	316	66	0.0010183459215245849	0.0	140.42885949199834	-0.9608348273917772	2.0	0.0	-2.0	2.0	0.0	24.0
raw_rescue_ani0.97_xny100_br0.15_af0.7_zero_rescue_mass	hmp_airskin_gtdb_source_abundance,hmp_gastrooral_gtdb_source_abundance	0.8882791407442188	35.76275879445157	0.9316002425700405	1110	316	66	0.0010183459215245849	0.0	0.0	0.0	2.0	0.0	-2.0	2.0	0.0	24.0
raw_rescue_ani0.97_xny100_br0.15_af0.9_raw_depth_abundance	hmp_airskin_gtdb_source_abundance,hmp_gastrooral_gtdb_source_abundance	0.8850712707698818	180.96946329090525	-0.035078691981263115	1109	316	67	0.0005902026362384435	0.0	140.4288682130004	-0.9608348231592523	1.0	0.0	-1.0	1.0	0.0	25.0
raw_rescue_ani0.97_xny100_br0.15_af0.9_zero_rescue_mass	hmp_airskin_gtdb_source_abundance,hmp_gastrooral_gtdb_source_abundance	0.8850712707698818	35.76275879445157	0.9316002425700405	1109	316	67	0.0005902026362384435	0.0	0.0	0.0	1.0	0.0	-1.0	1.0	0.0	25.0
raw_rescue_ani0.97_xny100_br0.1_af0.1_raw_depth_abundance	hmp_airskin_gtdb_source_abundance,hmp_gastrooral_gtdb_source_abundance	0.8732984887812056	184.02320990954433	-0.06256063234292808	1110	330	66	-0.007374062951653519	-0.10416666666666663	146.06331808326135	-1.0034645350620879	2.0	14.0	-2.0	1.0	3.0	22.0
raw_rescue_ani0.97_xny100_br0.1_af0.1_zero_rescue_mass	hmp_airskin_gtdb_source_abundance,hmp_gastrooral_gtdb_source_abundance	0.8732984887812056	35.76275879445157	0.9317192903246059	1110	330	66	-0.007374062951653519	-0.10416666666666663	-8.198570028001156e-16	0.0003723397243286733	2.0	14.0	-2.0	1.0	3.0	22.0
raw_rescue_ani0.97_xny100_br0.1_af0.3_raw_depth_abundance	hmp_airskin_gtdb_source_abundance,hmp_gastrooral_gtdb_source_abundance	0.8790911705493241	184.02072902026754	-0.0574562029875036	1110	325	66	-0.004771424263041975	-0.0803571428571428	146.06073256302582	-1.0003946082168154	2.0	9.0	-2.0	1.0	3.0	22.0
raw_rescue_ani0.97_xny100_br0.1_af0.3_zero_rescue_mass	hmp_airskin_gtdb_source_abundance,hmp_gastrooral_gtdb_source_abundance	0.8790911705493241	35.76275879445157	0.9316973784082088	1110	325	66	-0.004771424263041975	-0.0803571428571428	-8.198570028001156e-16	0.0002854915376488751	2.0	9.0	-2.0	1.0	3.0	22.0
raw_rescue_ani0.97_xny100_br0.1_af0.5_raw_depth_abundance	hmp_airskin_gtdb_source_abundance,hmp_gastrooral_gtdb_source_abundance	0.8882791407442188	180.96940660439162	-0.03507871949267515	1110	316	66	0.0010183459215245849	0.0	140.42885949199834	-0.9608348273917772	2.0	0.0	-2.0	2.0	0.0	24.0
raw_rescue_ani0.97_xny100_br0.1_af0.5_zero_rescue_mass	hmp_airskin_gtdb_source_abundance,hmp_gastrooral_gtdb_source_abundance	0.8882791407442188	35.76275879445157	0.9316002425700405	1110	316	66	0.0010183459215245849	0.0	0.0	0.0	2.0	0.0	-2.0	2.0	0.0	24.0
raw_rescue_ani0.97_xny100_br0.1_af0.7_raw_depth_abundance	hmp_airskin_gtdb_source_abundance,hmp_gastrooral_gtdb_source_abundance	0.8882791407442188	180.96940660439162	-0.03507871949267515	1110	316	66	0.0010183459215245849	0.0	140.42885949199834	-0.9608348273917772	2.0	0.0	-2.0	2.0	0.0	24.0
raw_rescue_ani0.97_xny100_br0.1_af0.7_zero_rescue_mass	hmp_airskin_gtdb_source_abundance,hmp_gastrooral_gtdb_source_abundance	0.8882791407442188	35.76275879445157	0.9316002425700405	1110	316	66	0.0010183459215245849	0.0	0.0	0.0	2.0	0.0	-2.0	2.0	0.0	24.0
raw_rescue_ani0.97_xny100_br0.1_af0.9_raw_depth_abundance	hmp_airskin_gtdb_source_abundance,hmp_gastrooral_gtdb_source_abundance	0.8850712707698818	180.96946329090525	-0.035078691981263115	1109	316	67	0.0005902026362384435	0.0	140.4288682130004	-0.9608348231592523	1.0	0.0	-1.0	1.0	0.0	25.0
raw_rescue_ani0.97_xny100_br0.1_af0.9_zero_rescue_mass	hmp_airskin_gtdb_source_abundance,hmp_gastrooral_gtdb_source_abundance	0.8850712707698818	35.76275879445157	0.9316002425700405	1109	316	67	0.0005902026362384435	0.0	0.0	0.0	1.0	0.0	-1.0	1.0	0.0	25.0
raw_rescue_ani0.97_xny100_br0.25_af0.1_raw_depth_abundance	hmp_airskin_gtdb_source_abundance,hmp_gastrooral_gtdb_source_abundance	0.8882791407442188	180.96940660439162	-0.03507871949267515	1110	316	66	0.0010183459215245849	0.0	140.42885949199834	-0.9608348273917772	2.0	0.0	-2.0	2.0	0.0	24.0
raw_rescue_ani0.97_xny100_br0.25_af0.1_zero_rescue_mass	hmp_airskin_gtdb_source_abundance,hmp_gastrooral_gtdb_source_abundance	0.8882791407442188	35.76275879445157	0.9316002425700405	1110	316	66	0.0010183459215245849	0.0	0.0	0.0	2.0	0.0	-2.0	2.0	0.0	24.0
raw_rescue_ani0.97_xny100_br0.25_af0.3_raw_depth_abundance	hmp_airskin_gtdb_source_abundance,hmp_gastrooral_gtdb_source_abundance	0.8882791407442188	180.96940660439162	-0.03507871949267515	1110	316	66	0.0010183459215245849	0.0	140.42885949199834	-0.9608348273917772	2.0	0.0	-2.0	2.0	0.0	24.0
raw_rescue_ani0.97_xny100_br0.25_af0.3_zero_rescue_mass	hmp_airskin_gtdb_source_abundance,hmp_gastrooral_gtdb_source_abundance	0.8882791407442188	35.76275879445157	0.9316002425700405	1110	316	66	0.0010183459215245849	0.0	0.0	0.0	2.0	0.0	-2.0	2.0	0.0	24.0
raw_rescue_ani0.97_xny100_br0.25_af0.5_raw_depth_abundance	hmp_airskin_gtdb_source_abundance,hmp_gastrooral_gtdb_source_abundance	0.8882791407442188	180.96940660439162	-0.03507871949267515	1110	316	66	0.0010183459215245849	0.0	140.42885949199834	-0.9608348273917772	2.0	0.0	-2.0	2.0	0.0	24.0
raw_rescue_ani0.97_xny100_br0.25_af0.5_zero_rescue_mass	hmp_airskin_gtdb_source_abundance,hmp_gastrooral_gtdb_source_abundance	0.8882791407442188	35.76275879445157	0.9316002425700405	1110	316	66	0.0010183459215245849	0.0	0.0	0.0	2.0	0.0	-2.0	2.0	0.0	24.0
raw_rescue_ani0.97_xny100_br0.25_af0.7_raw_depth_abundance	hmp_airskin_gtdb_source_abundance,hmp_gastrooral_gtdb_source_abundance	0.8882791407442188	180.96940660439162	-0.03507871949267515	1110	316	66	0.0010183459215245849	0.0	140.42885949199834	-0.9608348273917772	2.0	0.0	-2.0	2.0	0.0	24.0
raw_rescue_ani0.97_xny100_br0.25_af0.7_zero_rescue_mass	hmp_airskin_gtdb_source_abundance,hmp_gastrooral_gtdb_source_abundance	0.8882791407442188	35.76275879445157	0.9316002425700405	1110	316	66	0.0010183459215245849	0.0	0.0	0.0	2.0	0.0	-2.0	2.0	0.0	24.0
raw_rescue_ani0.97_xny100_br0.25_af0.9_raw_depth_abundance	hmp_airskin_gtdb_source_abundance,hmp_gastrooral_gtdb_source_abundance	0.8850712707698818	180.96946329090525	-0.035078691981263115	1109	316	67	0.0005902026362384435	0.0	140.4288682130004	-0.9608348231592523	1.0	0.0	-1.0	1.0	0.0	25.0
raw_rescue_ani0.97_xny100_br0.25_af0.9_zero_rescue_mass	hmp_airskin_gtdb_source_abundance,hmp_gastrooral_gtdb_source_abundance	0.8850712707698818	35.76275879445157	0.9316002425700405	1109	316	67	0.0005902026362384435	0.0	0.0	0.0	1.0	0.0	-1.0	1.0	0.0	25.0
raw_rescue_ani0.97_xny100_br0.2_af0.1_raw_depth_abundance	hmp_airskin_gtdb_source_abundance,hmp_gastrooral_gtdb_source_abundance	0.8882791407442188	180.96940660439162	-0.03507871949267515	1110	316	66	0.0010183459215245849	0.0	140.42885949199834	-0.9608348273917772	2.0	0.0	-2.0	2.0	0.0	24.0
raw_rescue_ani0.97_xny100_br0.2_af0.1_zero_rescue_mass	hmp_airskin_gtdb_source_abundance,hmp_gastrooral_gtdb_source_abundance	0.8882791407442188	35.76275879445157	0.9316002425700405	1110	316	66	0.0010183459215245849	0.0	0.0	0.0	2.0	0.0	-2.0	2.0	0.0	24.0
raw_rescue_ani0.97_xny100_br0.2_af0.3_raw_depth_abundance	hmp_airskin_gtdb_source_abundance,hmp_gastrooral_gtdb_source_abundance	0.8882791407442188	180.96940660439162	-0.03507871949267515	1110	316	66	0.0010183459215245849	0.0	140.42885949199834	-0.9608348273917772	2.0	0.0	-2.0	2.0	0.0	24.0
raw_rescue_ani0.97_xny100_br0.2_af0.3_zero_rescue_mass	hmp_airskin_gtdb_source_abundance,hmp_gastrooral_gtdb_source_abundance	0.8882791407442188	35.76275879445157	0.9316002425700405	1110	316	66	0.0010183459215245849	0.0	0.0	0.0	2.0	0.0	-2.0	2.0	0.0	24.0
raw_rescue_ani0.97_xny100_br0.2_af0.5_raw_depth_abundance	hmp_airskin_gtdb_source_abundance,hmp_gastrooral_gtdb_source_abundance	0.8882791407442188	180.96940660439162	-0.03507871949267515	1110	316	66	0.0010183459215245849	0.0	140.42885949199834	-0.9608348273917772	2.0	0.0	-2.0	2.0	0.0	24.0
raw_rescue_ani0.97_xny100_br0.2_af0.5_zero_rescue_mass	hmp_airskin_gtdb_source_abundance,hmp_gastrooral_gtdb_source_abundance	0.8882791407442188	35.76275879445157	0.9316002425700405	1110	316	66	0.0010183459215245849	0.0	0.0	0.0	2.0	0.0	-2.0	2.0	0.0	24.0
raw_rescue_ani0.97_xny100_br0.2_af0.7_raw_depth_abundance	hmp_airskin_gtdb_source_abundance,hmp_gastrooral_gtdb_source_abundance	0.8882791407442188	180.96940660439162	-0.03507871949267515	1110	316	66	0.0010183459215245849	0.0	140.42885949199834	-0.9608348273917772	2.0	0.0	-2.0	2.0	0.0	24.0
raw_rescue_ani0.97_xny100_br0.2_af0.7_zero_rescue_mass	hmp_airskin_gtdb_source_abundance,hmp_gastrooral_gtdb_source_abundance	0.8882791407442188	35.76275879445157	0.9316002425700405	1110	316	66	0.0010183459215245849	0.0	0.0	0.0	2.0	0.0	-2.0	2.0	0.0	24.0
raw_rescue_ani0.97_xny100_br0.2_af0.9_raw_depth_abundance	hmp_airskin_gtdb_source_abundance,hmp_gastrooral_gtdb_source_abundance	0.8850712707698818	180.96946329090525	-0.035078691981263115	1109	316	67	0.0005902026362384435	0.0	140.4288682130004	-0.9608348231592523	1.0	0.0	-1.0	1.0	0.0	25.0
raw_rescue_ani0.97_xny100_br0.2_af0.9_zero_rescue_mass	hmp_airskin_gtdb_source_abundance,hmp_gastrooral_gtdb_source_abundance	0.8850712707698818	35.76275879445157	0.9316002425700405	1109	316	67	0.0005902026362384435	0.0	0.0	0.0	1.0	0.0	-1.0	1.0	0.0	25.0
raw_rescue_ani0.97_xny100_br0.3_af0.1_raw_depth_abundance	hmp_airskin_gtdb_source_abundance,hmp_gastrooral_gtdb_source_abundance	0.8882791407442188	180.96940660439162	-0.03507871949267515	1110	316	66	0.0010183459215245849	0.0	140.42885949199834	-0.9608348273917772	2.0	0.0	-2.0	2.0	0.0	24.0
raw_rescue_ani0.97_xny100_br0.3_af0.1_zero_rescue_mass	hmp_airskin_gtdb_source_abundance,hmp_gastrooral_gtdb_source_abundance	0.8882791407442188	35.76275879445157	0.9316002425700405	1110	316	66	0.0010183459215245849	0.0	0.0	0.0	2.0	0.0	-2.0	2.0	0.0	24.0
raw_rescue_ani0.97_xny100_br0.3_af0.3_raw_depth_abundance	hmp_airskin_gtdb_source_abundance,hmp_gastrooral_gtdb_source_abundance	0.8882791407442188	180.96940660439162	-0.03507871949267515	1110	316	66	0.0010183459215245849	0.0	140.42885949199834	-0.9608348273917772	2.0	0.0	-2.0	2.0	0.0	24.0
raw_rescue_ani0.97_xny100_br0.3_af0.3_zero_rescue_mass	hmp_airskin_gtdb_source_abundance,hmp_gastrooral_gtdb_source_abundance	0.8882791407442188	35.76275879445157	0.9316002425700405	1110	316	66	0.0010183459215245849	0.0	0.0	0.0	2.0	0.0	-2.0	2.0	0.0	24.0
raw_rescue_ani0.97_xny100_br0.3_af0.5_raw_depth_abundance	hmp_airskin_gtdb_source_abundance,hmp_gastrooral_gtdb_source_abundance	0.8882791407442188	180.96940660439162	-0.03507871949267515	1110	316	66	0.0010183459215245849	0.0	140.42885949199834	-0.9608348273917772	2.0	0.0	-2.0	2.0	0.0	24.0
raw_rescue_ani0.97_xny100_br0.3_af0.5_zero_rescue_mass	hmp_airskin_gtdb_source_abundance,hmp_gastrooral_gtdb_source_abundance	0.8882791407442188	35.76275879445157	0.9316002425700405	1110	316	66	0.0010183459215245849	0.0	0.0	0.0	2.0	0.0	-2.0	2.0	0.0	24.0
raw_rescue_ani0.97_xny100_br0.3_af0.7_raw_depth_abundance	hmp_airskin_gtdb_source_abundance,hmp_gastrooral_gtdb_source_abundance	0.8882791407442188	180.96940660439162	-0.03507871949267515	1110	316	66	0.0010183459215245849	0.0	140.42885949199834	-0.9608348273917772	2.0	0.0	-2.0	2.0	0.0	24.0
raw_rescue_ani0.97_xny100_br0.3_af0.7_zero_rescue_mass	hmp_airskin_gtdb_source_abundance,hmp_gastrooral_gtdb_source_abundance	0.8882791407442188	35.76275879445157	0.9316002425700405	1110	316	66	0.0010183459215245849	0.0	0.0	0.0	2.0	0.0	-2.0	2.0	0.0	24.0
raw_rescue_ani0.97_xny100_br0.3_af0.9_raw_depth_abundance	hmp_airskin_gtdb_source_abundance,hmp_gastrooral_gtdb_source_abundance	0.8850712707698818	180.96946329090525	-0.035078691981263115	1109	316	67	0.0005902026362384435	0.0	140.4288682130004	-0.9608348231592523	1.0	0.0	-1.0	1.0	0.0	25.0
raw_rescue_ani0.97_xny100_br0.3_af0.9_zero_rescue_mass	hmp_airskin_gtdb_source_abundance,hmp_gastrooral_gtdb_source_abundance	0.8850712707698818	35.76275879445157	0.9316002425700405	1109	316	67	0.0005902026362384435	0.0	0.0	0.0	1.0	0.0	-1.0	1.0	0.0	25.0
raw_rescue_ani0.97_xny100_br0.5_af0.1_raw_depth_abundance	hmp_airskin_gtdb_source_abundance,hmp_gastrooral_gtdb_source_abundance	0.8882791407442188	180.96940660439162	-0.03507871949267515	1110	316	66	0.0010183459215245849	0.0	140.42885949199834	-0.9608348273917772	2.0	0.0	-2.0	2.0	0.0	24.0
raw_rescue_ani0.97_xny100_br0.5_af0.1_zero_rescue_mass	hmp_airskin_gtdb_source_abundance,hmp_gastrooral_gtdb_source_abundance	0.8882791407442188	35.76275879445157	0.9316002425700405	1110	316	66	0.0010183459215245849	0.0	0.0	0.0	2.0	0.0	-2.0	2.0	0.0	24.0
raw_rescue_ani0.97_xny100_br0.5_af0.3_raw_depth_abundance	hmp_airskin_gtdb_source_abundance,hmp_gastrooral_gtdb_source_abundance	0.8882791407442188	180.96940660439162	-0.03507871949267515	1110	316	66	0.0010183459215245849	0.0	140.42885949199834	-0.9608348273917772	2.0	0.0	-2.0	2.0	0.0	24.0
raw_rescue_ani0.97_xny100_br0.5_af0.3_zero_rescue_mass	hmp_airskin_gtdb_source_abundance,hmp_gastrooral_gtdb_source_abundance	0.8882791407442188	35.76275879445157	0.9316002425700405	1110	316	66	0.0010183459215245849	0.0	0.0	0.0	2.0	0.0	-2.0	2.0	0.0	24.0
raw_rescue_ani0.97_xny100_br0.5_af0.5_raw_depth_abundance	hmp_airskin_gtdb_source_abundance,hmp_gastrooral_gtdb_source_abundance	0.8882791407442188	180.96940660439162	-0.03507871949267515	1110	316	66	0.0010183459215245849	0.0	140.42885949199834	-0.9608348273917772	2.0	0.0	-2.0	2.0	0.0	24.0
raw_rescue_ani0.97_xny100_br0.5_af0.5_zero_rescue_mass	hmp_airskin_gtdb_source_abundance,hmp_gastrooral_gtdb_source_abundance	0.8882791407442188	35.76275879445157	0.9316002425700405	1110	316	66	0.0010183459215245849	0.0	0.0	0.0	2.0	0.0	-2.0	2.0	0.0	24.0
raw_rescue_ani0.97_xny100_br0.5_af0.7_raw_depth_abundance	hmp_airskin_gtdb_source_abundance,hmp_gastrooral_gtdb_source_abundance	0.8882791407442188	180.96940660439162	-0.03507871949267515	1110	316	66	0.0010183459215245849	0.0	140.42885949199834	-0.9608348273917772	2.0	0.0	-2.0	2.0	0.0	24.0
raw_rescue_ani0.97_xny100_br0.5_af0.7_zero_rescue_mass	hmp_airskin_gtdb_source_abundance,hmp_gastrooral_gtdb_source_abundance	0.8882791407442188	35.76275879445157	0.9316002425700405	1110	316	66	0.0010183459215245849	0.0	0.0	0.0	2.0	0.0	-2.0	2.0	0.0	24.0
raw_rescue_ani0.97_xny100_br0.5_af0.9_raw_depth_abundance	hmp_airskin_gtdb_source_abundance,hmp_gastrooral_gtdb_source_abundance	0.8850712707698818	180.96946329090525	-0.035078691981263115	1109	316	67	0.0005902026362384435	0.0	140.4288682130004	-0.9608348231592523	1.0	0.0	-1.0	1.0	0.0	25.0
raw_rescue_ani0.97_xny100_br0.5_af0.9_zero_rescue_mass	hmp_airskin_gtdb_source_abundance,hmp_gastrooral_gtdb_source_abundance	0.8850712707698818	35.76275879445157	0.9316002425700405	1109	316	67	0.0005902026362384435	0.0	0.0	0.0	1.0	0.0	-1.0	1.0	0.0	25.0
raw_rescue_ani0.97_xny300_br0.05_af0.1_raw_depth_abundance	hmp_airskin_gtdb_source_abundance,hmp_gastrooral_gtdb_source_abundance	0.873644602207472	184.02188173385707	-0.061203131330527925	1110	328	66	-0.005948676743658612	-0.0803571428571428	146.06091570280853	-1.0010044312092832	2.0	12.0	-2.0	1.0	3.0	22.0
raw_rescue_ani0.97_xny300_br0.05_af0.1_zero_rescue_mass	hmp_airskin_gtdb_source_abundance,hmp_gastrooral_gtdb_source_abundance	0.873644602207472	35.76275879445157	0.9316791586388754	1110	328	66	-0.005948676743658612	-0.0803571428571428	-6.832141690000964e-16	0.00029825045836491006	2.0	12.0	-2.0	1.0	3.0	22.0
raw_rescue_ani0.97_xny300_br0.05_af0.3_raw_depth_abundance	hmp_airskin_gtdb_source_abundance,hmp_gastrooral_gtdb_source_abundance	0.873644602207472	184.02188173385707	-0.061203131330527925	1110	328	66	-0.005948676743658612	-0.0803571428571428	146.06091570280853	-1.0010044312092832	2.0	12.0	-2.0	1.0	3.0	22.0
raw_rescue_ani0.97_xny300_br0.05_af0.3_zero_rescue_mass	hmp_airskin_gtdb_source_abundance,hmp_gastrooral_gtdb_source_abundance	0.873644602207472	35.76275879445157	0.9316791586388754	1110	328	66	-0.005948676743658612	-0.0803571428571428	-6.832141690000964e-16	0.00029825045836491006	2.0	12.0	-2.0	1.0	3.0	22.0
raw_rescue_ani0.97_xny300_br0.05_af0.5_raw_depth_abundance	hmp_airskin_gtdb_source_abundance,hmp_gastrooral_gtdb_source_abundance	0.8882791407442188	180.96940660439162	-0.03507871949267515	1110	316	66	0.0010183459215245849	0.0	140.42885949199834	-0.9608348273917772	2.0	0.0	-2.0	2.0	0.0	24.0
raw_rescue_ani0.97_xny300_br0.05_af0.5_zero_rescue_mass	hmp_airskin_gtdb_source_abundance,hmp_gastrooral_gtdb_source_abundance	0.8882791407442188	35.76275879445157	0.9316002425700405	1110	316	66	0.0010183459215245849	0.0	0.0	0.0	2.0	0.0	-2.0	2.0	0.0	24.0
raw_rescue_ani0.97_xny300_br0.05_af0.7_raw_depth_abundance	hmp_airskin_gtdb_source_abundance,hmp_gastrooral_gtdb_source_abundance	0.8882791407442188	180.96940660439162	-0.03507871949267515	1110	316	66	0.0010183459215245849	0.0	140.42885949199834	-0.9608348273917772	2.0	0.0	-2.0	2.0	0.0	24.0
raw_rescue_ani0.97_xny300_br0.05_af0.7_zero_rescue_mass	hmp_airskin_gtdb_source_abundance,hmp_gastrooral_gtdb_source_abundance	0.8882791407442188	35.76275879445157	0.9316002425700405	1110	316	66	0.0010183459215245849	0.0	0.0	0.0	2.0	0.0	-2.0	2.0	0.0	24.0
raw_rescue_ani0.97_xny300_br0.05_af0.9_raw_depth_abundance	hmp_airskin_gtdb_source_abundance,hmp_gastrooral_gtdb_source_abundance	0.8850712707698818	180.96946329090525	-0.035078691981263115	1109	316	67	0.0005902026362384435	0.0	140.4288682130004	-0.9608348231592523	1.0	0.0	-1.0	1.0	0.0	25.0
raw_rescue_ani0.97_xny300_br0.05_af0.9_zero_rescue_mass	hmp_airskin_gtdb_source_abundance,hmp_gastrooral_gtdb_source_abundance	0.8850712707698818	35.76275879445157	0.9316002425700405	1109	316	67	0.0005902026362384435	0.0	0.0	0.0	1.0	0.0	-1.0	1.0	0.0	25.0
raw_rescue_ani0.97_xny300_br0.15_af0.1_raw_depth_abundance	hmp_airskin_gtdb_source_abundance,hmp_gastrooral_gtdb_source_abundance	0.882642831259814	180.99237147932	-0.03395116424332337	1110	319	66	-0.0007666883511334496	-0.02840909090909094	140.47125615980542	-0.9605333814314716	2.0	3.0	-2.0	1.0	2.0	23.0
raw_rescue_ani0.97_xny300_br0.15_af0.1_zero_rescue_mass	hmp_airskin_gtdb_source_abundance,hmp_gastrooral_gtdb_source_abundance	0.882642831259814	35.76275879445157	0.9316047099534877	1110	319	66	-0.0007666883511334496	-0.02840909090909094	-5.465713352000771e-16	8.44905168473695e-05	2.0	3.0	-2.0	1.0	2.0	23.0
raw_rescue_ani0.97_xny300_br0.15_af0.3_raw_depth_abundance	hmp_airskin_gtdb_source_abundance,hmp_gastrooral_gtdb_source_abundance	0.882642831259814	180.99237147932	-0.03395116424332337	1110	319	66	-0.0007666883511334496	-0.02840909090909094	140.47125615980542	-0.9605333814314716	2.0	3.0	-2.0	1.0	2.0	23.0
raw_rescue_ani0.97_xny300_br0.15_af0.3_zero_rescue_mass	hmp_airskin_gtdb_source_abundance,hmp_gastrooral_gtdb_source_abundance	0.882642831259814	35.76275879445157	0.9316047099534877	1110	319	66	-0.0007666883511334496	-0.02840909090909094	-5.465713352000771e-16	8.44905168473695e-05	2.0	3.0	-2.0	1.0	2.0	23.0
raw_rescue_ani0.97_xny300_br0.15_af0.5_raw_depth_abundance	hmp_airskin_gtdb_source_abundance,hmp_gastrooral_gtdb_source_abundance	0.8882791407442188	180.96940660439162	-0.03507871949267515	1110	316	66	0.0010183459215245849	0.0	140.42885949199834	-0.9608348273917772	2.0	0.0	-2.0	2.0	0.0	24.0
raw_rescue_ani0.97_xny300_br0.15_af0.5_zero_rescue_mass	hmp_airskin_gtdb_source_abundance,hmp_gastrooral_gtdb_source_abundance	0.8882791407442188	35.76275879445157	0.9316002425700405	1110	316	66	0.0010183459215245849	0.0	0.0	0.0	2.0	0.0	-2.0	2.0	0.0	24.0
raw_rescue_ani0.97_xny300_br0.15_af0.7_raw_depth_abundance	hmp_airskin_gtdb_source_abundance,hmp_gastrooral_gtdb_source_abundance	0.8882791407442188	180.96940660439162	-0.03507871949267515	1110	316	66	0.0010183459215245849	0.0	140.42885949199834	-0.9608348273917772	2.0	0.0	-2.0	2.0	0.0	24.0
raw_rescue_ani0.97_xny300_br0.15_af0.7_zero_rescue_mass	hmp_airskin_gtdb_source_abundance,hmp_gastrooral_gtdb_source_abundance	0.8882791407442188	35.76275879445157	0.9316002425700405	1110	316	66	0.0010183459215245849	0.0	0.0	0.0	2.0	0.0	-2.0	2.0	0.0	24.0
raw_rescue_ani0.97_xny300_br0.15_af0.9_raw_depth_abundance	hmp_airskin_gtdb_source_abundance,hmp_gastrooral_gtdb_source_abundance	0.8850712707698818	180.96946329090525	-0.035078691981263115	1109	316	67	0.0005902026362384435	0.0	140.4288682130004	-0.9608348231592523	1.0	0.0	-1.0	1.0	0.0	25.0
raw_rescue_ani0.97_xny300_br0.15_af0.9_zero_rescue_mass	hmp_airskin_gtdb_source_abundance,hmp_gastrooral_gtdb_source_abundance	0.8850712707698818	35.76275879445157	0.9316002425700405	1109	316	67	0.0005902026362384435	0.0	0.0	0.0	1.0	0.0	-1.0	1.0	0.0	25.0
raw_rescue_ani0.97_xny300_br0.1_af0.1_raw_depth_abundance	hmp_airskin_gtdb_source_abundance,hmp_gastrooral_gtdb_source_abundance	0.8790911705493241	184.02072902026754	-0.0574562029875036	1110	325	66	-0.004771424263041975	-0.0803571428571428	146.06073256302582	-1.0003946082168154	2.0	9.0	-2.0	1.0	3.0	22.0
raw_rescue_ani0.97_xny300_br0.1_af0.1_zero_rescue_mass	hmp_airskin_gtdb_source_abundance,hmp_gastrooral_gtdb_source_abundance	0.8790911705493241	35.76275879445157	0.9316973784082088	1110	325	66	-0.004771424263041975	-0.0803571428571428	-8.198570028001156e-16	0.0002854915376488751	2.0	9.0	-2.0	1.0	3.0	22.0
raw_rescue_ani0.97_xny300_br0.1_af0.3_raw_depth_abundance	hmp_airskin_gtdb_source_abundance,hmp_gastrooral_gtdb_source_abundance	0.8790911705493241	184.02072902026754	-0.0574562029875036	1110	325	66	-0.004771424263041975	-0.0803571428571428	146.06073256302582	-1.0003946082168154	2.0	9.0	-2.0	1.0	3.0	22.0
raw_rescue_ani0.97_xny300_br0.1_af0.3_zero_rescue_mass	hmp_airskin_gtdb_source_abundance,hmp_gastrooral_gtdb_source_abundance	0.8790911705493241	35.76275879445157	0.9316973784082088	1110	325	66	-0.004771424263041975	-0.0803571428571428	-8.198570028001156e-16	0.0002854915376488751	2.0	9.0	-2.0	1.0	3.0	22.0
raw_rescue_ani0.97_xny300_br0.1_af0.5_raw_depth_abundance	hmp_airskin_gtdb_source_abundance,hmp_gastrooral_gtdb_source_abundance	0.8882791407442188	180.96940660439162	-0.03507871949267515	1110	316	66	0.0010183459215245849	0.0	140.42885949199834	-0.9608348273917772	2.0	0.0	-2.0	2.0	0.0	24.0
raw_rescue_ani0.97_xny300_br0.1_af0.5_zero_rescue_mass	hmp_airskin_gtdb_source_abundance,hmp_gastrooral_gtdb_source_abundance	0.8882791407442188	35.76275879445157	0.9316002425700405	1110	316	66	0.0010183459215245849	0.0	0.0	0.0	2.0	0.0	-2.0	2.0	0.0	24.0
raw_rescue_ani0.97_xny300_br0.1_af0.7_raw_depth_abundance	hmp_airskin_gtdb_source_abundance,hmp_gastrooral_gtdb_source_abundance	0.8882791407442188	180.96940660439162	-0.03507871949267515	1110	316	66	0.0010183459215245849	0.0	140.42885949199834	-0.9608348273917772	2.0	0.0	-2.0	2.0	0.0	24.0
raw_rescue_ani0.97_xny300_br0.1_af0.7_zero_rescue_mass	hmp_airskin_gtdb_source_abundance,hmp_gastrooral_gtdb_source_abundance	0.8882791407442188	35.76275879445157	0.9316002425700405	1110	316	66	0.0010183459215245849	0.0	0.0	0.0	2.0	0.0	-2.0	2.0	0.0	24.0
raw_rescue_ani0.97_xny300_br0.1_af0.9_raw_depth_abundance	hmp_airskin_gtdb_source_abundance,hmp_gastrooral_gtdb_source_abundance	0.8850712707698818	180.96946329090525	-0.035078691981263115	1109	316	67	0.0005902026362384435	0.0	140.4288682130004	-0.9608348231592523	1.0	0.0	-1.0	1.0	0.0	25.0
raw_rescue_ani0.97_xny300_br0.1_af0.9_zero_rescue_mass	hmp_airskin_gtdb_source_abundance,hmp_gastrooral_gtdb_source_abundance	0.8850712707698818	35.76275879445157	0.9316002425700405	1109	316	67	0.0005902026362384435	0.0	0.0	0.0	1.0	0.0	-1.0	1.0	0.0	25.0
raw_rescue_ani0.97_xny300_br0.25_af0.1_raw_depth_abundance	hmp_airskin_gtdb_source_abundance,hmp_gastrooral_gtdb_source_abundance	0.8882791407442188	180.96940660439162	-0.03507871949267515	1110	316	66	0.0010183459215245849	0.0	140.42885949199834	-0.9608348273917772	2.0	0.0	-2.0	2.0	0.0	24.0
raw_rescue_ani0.97_xny300_br0.25_af0.1_zero_rescue_mass	hmp_airskin_gtdb_source_abundance,hmp_gastrooral_gtdb_source_abundance	0.8882791407442188	35.76275879445157	0.9316002425700405	1110	316	66	0.0010183459215245849	0.0	0.0	0.0	2.0	0.0	-2.0	2.0	0.0	24.0
raw_rescue_ani0.97_xny300_br0.25_af0.3_raw_depth_abundance	hmp_airskin_gtdb_source_abundance,hmp_gastrooral_gtdb_source_abundance	0.8882791407442188	180.96940660439162	-0.03507871949267515	1110	316	66	0.0010183459215245849	0.0	140.42885949199834	-0.9608348273917772	2.0	0.0	-2.0	2.0	0.0	24.0
raw_rescue_ani0.97_xny300_br0.25_af0.3_zero_rescue_mass	hmp_airskin_gtdb_source_abundance,hmp_gastrooral_gtdb_source_abundance	0.8882791407442188	35.76275879445157	0.9316002425700405	1110	316	66	0.0010183459215245849	0.0	0.0	0.0	2.0	0.0	-2.0	2.0	0.0	24.0
raw_rescue_ani0.97_xny300_br0.25_af0.5_raw_depth_abundance	hmp_airskin_gtdb_source_abundance,hmp_gastrooral_gtdb_source_abundance	0.8882791407442188	180.96940660439162	-0.03507871949267515	1110	316	66	0.0010183459215245849	0.0	140.42885949199834	-0.9608348273917772	2.0	0.0	-2.0	2.0	0.0	24.0
raw_rescue_ani0.97_xny300_br0.25_af0.5_zero_rescue_mass	hmp_airskin_gtdb_source_abundance,hmp_gastrooral_gtdb_source_abundance	0.8882791407442188	35.76275879445157	0.9316002425700405	1110	316	66	0.0010183459215245849	0.0	0.0	0.0	2.0	0.0	-2.0	2.0	0.0	24.0
raw_rescue_ani0.97_xny300_br0.25_af0.7_raw_depth_abundance	hmp_airskin_gtdb_source_abundance,hmp_gastrooral_gtdb_source_abundance	0.8882791407442188	180.96940660439162	-0.03507871949267515	1110	316	66	0.0010183459215245849	0.0	140.42885949199834	-0.9608348273917772	2.0	0.0	-2.0	2.0	0.0	24.0
raw_rescue_ani0.97_xny300_br0.25_af0.7_zero_rescue_mass	hmp_airskin_gtdb_source_abundance,hmp_gastrooral_gtdb_source_abundance	0.8882791407442188	35.76275879445157	0.9316002425700405	1110	316	66	0.0010183459215245849	0.0	0.0	0.0	2.0	0.0	-2.0	2.0	0.0	24.0
raw_rescue_ani0.97_xny300_br0.25_af0.9_raw_depth_abundance	hmp_airskin_gtdb_source_abundance,hmp_gastrooral_gtdb_source_abundance	0.8850712707698818	180.96946329090525	-0.035078691981263115	1109	316	67	0.0005902026362384435	0.0	140.4288682130004	-0.9608348231592523	1.0	0.0	-1.0	1.0	0.0	25.0
raw_rescue_ani0.97_xny300_br0.25_af0.9_zero_rescue_mass	hmp_airskin_gtdb_source_abundance,hmp_gastrooral_gtdb_source_abundance	0.8850712707698818	35.76275879445157	0.9316002425700405	1109	316	67	0.0005902026362384435	0.0	0.0	0.0	1.0	0.0	-1.0	1.0	0.0	25.0
raw_rescue_ani0.97_xny300_br0.2_af0.1_raw_depth_abundance	hmp_airskin_gtdb_source_abundance,hmp_gastrooral_gtdb_source_abundance	0.8882791407442188	180.96940660439162	-0.03507871949267515	1110	316	66	0.0010183459215245849	0.0	140.42885949199834	-0.9608348273917772	2.0	0.0	-2.0	2.0	0.0	24.0
raw_rescue_ani0.97_xny300_br0.2_af0.1_zero_rescue_mass	hmp_airskin_gtdb_source_abundance,hmp_gastrooral_gtdb_source_abundance	0.8882791407442188	35.76275879445157	0.9316002425700405	1110	316	66	0.0010183459215245849	0.0	0.0	0.0	2.0	0.0	-2.0	2.0	0.0	24.0
raw_rescue_ani0.97_xny300_br0.2_af0.3_raw_depth_abundance	hmp_airskin_gtdb_source_abundance,hmp_gastrooral_gtdb_source_abundance	0.8882791407442188	180.96940660439162	-0.03507871949267515	1110	316	66	0.0010183459215245849	0.0	140.42885949199834	-0.9608348273917772	2.0	0.0	-2.0	2.0	0.0	24.0
raw_rescue_ani0.97_xny300_br0.2_af0.3_zero_rescue_mass	hmp_airskin_gtdb_source_abundance,hmp_gastrooral_gtdb_source_abundance	0.8882791407442188	35.76275879445157	0.9316002425700405	1110	316	66	0.0010183459215245849	0.0	0.0	0.0	2.0	0.0	-2.0	2.0	0.0	24.0
raw_rescue_ani0.97_xny300_br0.2_af0.5_raw_depth_abundance	hmp_airskin_gtdb_source_abundance,hmp_gastrooral_gtdb_source_abundance	0.8882791407442188	180.96940660439162	-0.03507871949267515	1110	316	66	0.0010183459215245849	0.0	140.42885949199834	-0.9608348273917772	2.0	0.0	-2.0	2.0	0.0	24.0
raw_rescue_ani0.97_xny300_br0.2_af0.5_zero_rescue_mass	hmp_airskin_gtdb_source_abundance,hmp_gastrooral_gtdb_source_abundance	0.8882791407442188	35.76275879445157	0.9316002425700405	1110	316	66	0.0010183459215245849	0.0	0.0	0.0	2.0	0.0	-2.0	2.0	0.0	24.0
raw_rescue_ani0.97_xny300_br0.2_af0.7_raw_depth_abundance	hmp_airskin_gtdb_source_abundance,hmp_gastrooral_gtdb_source_abundance	0.8882791407442188	180.96940660439162	-0.03507871949267515	1110	316	66	0.0010183459215245849	0.0	140.42885949199834	-0.9608348273917772	2.0	0.0	-2.0	2.0	0.0	24.0
raw_rescue_ani0.97_xny300_br0.2_af0.7_zero_rescue_mass	hmp_airskin_gtdb_source_abundance,hmp_gastrooral_gtdb_source_abundance	0.8882791407442188	35.76275879445157	0.9316002425700405	1110	316	66	0.0010183459215245849	0.0	0.0	0.0	2.0	0.0	-2.0	2.0	0.0	24.0
raw_rescue_ani0.97_xny300_br0.2_af0.9_raw_depth_abundance	hmp_airskin_gtdb_source_abundance,hmp_gastrooral_gtdb_source_abundance	0.8850712707698818	180.96946329090525	-0.035078691981263115	1109	316	67	0.0005902026362384435	0.0	140.4288682130004	-0.9608348231592523	1.0	0.0	-1.0	1.0	0.0	25.0
raw_rescue_ani0.97_xny300_br0.2_af0.9_zero_rescue_mass	hmp_airskin_gtdb_source_abundance,hmp_gastrooral_gtdb_source_abundance	0.8850712707698818	35.76275879445157	0.9316002425700405	1109	316	67	0.0005902026362384435	0.0	0.0	0.0	1.0	0.0	-1.0	1.0	0.0	25.0
raw_rescue_ani0.97_xny300_br0.3_af0.1_raw_depth_abundance	hmp_airskin_gtdb_source_abundance,hmp_gastrooral_gtdb_source_abundance	0.8882791407442188	180.96940660439162	-0.03507871949267515	1110	316	66	0.0010183459215245849	0.0	140.42885949199834	-0.9608348273917772	2.0	0.0	-2.0	2.0	0.0	24.0
raw_rescue_ani0.97_xny300_br0.3_af0.1_zero_rescue_mass	hmp_airskin_gtdb_source_abundance,hmp_gastrooral_gtdb_source_abundance	0.8882791407442188	35.76275879445157	0.9316002425700405	1110	316	66	0.0010183459215245849	0.0	0.0	0.0	2.0	0.0	-2.0	2.0	0.0	24.0
raw_rescue_ani0.97_xny300_br0.3_af0.3_raw_depth_abundance	hmp_airskin_gtdb_source_abundance,hmp_gastrooral_gtdb_source_abundance	0.8882791407442188	180.96940660439162	-0.03507871949267515	1110	316	66	0.0010183459215245849	0.0	140.42885949199834	-0.9608348273917772	2.0	0.0	-2.0	2.0	0.0	24.0
raw_rescue_ani0.97_xny300_br0.3_af0.3_zero_rescue_mass	hmp_airskin_gtdb_source_abundance,hmp_gastrooral_gtdb_source_abundance	0.8882791407442188	35.76275879445157	0.9316002425700405	1110	316	66	0.0010183459215245849	0.0	0.0	0.0	2.0	0.0	-2.0	2.0	0.0	24.0
raw_rescue_ani0.97_xny300_br0.3_af0.5_raw_depth_abundance	hmp_airskin_gtdb_source_abundance,hmp_gastrooral_gtdb_source_abundance	0.8882791407442188	180.96940660439162	-0.03507871949267515	1110	316	66	0.0010183459215245849	0.0	140.42885949199834	-0.9608348273917772	2.0	0.0	-2.0	2.0	0.0	24.0
raw_rescue_ani0.97_xny300_br0.3_af0.5_zero_rescue_mass	hmp_airskin_gtdb_source_abundance,hmp_gastrooral_gtdb_source_abundance	0.8882791407442188	35.76275879445157	0.9316002425700405	1110	316	66	0.0010183459215245849	0.0	0.0	0.0	2.0	0.0	-2.0	2.0	0.0	24.0
raw_rescue_ani0.97_xny300_br0.3_af0.7_raw_depth_abundance	hmp_airskin_gtdb_source_abundance,hmp_gastrooral_gtdb_source_abundance	0.8882791407442188	180.96940660439162	-0.03507871949267515	1110	316	66	0.0010183459215245849	0.0	140.42885949199834	-0.9608348273917772	2.0	0.0	-2.0	2.0	0.0	24.0
raw_rescue_ani0.97_xny300_br0.3_af0.7_zero_rescue_mass	hmp_airskin_gtdb_source_abundance,hmp_gastrooral_gtdb_source_abundance	0.8882791407442188	35.76275879445157	0.9316002425700405	1110	316	66	0.0010183459215245849	0.0	0.0	0.0	2.0	0.0	-2.0	2.0	0.0	24.0
raw_rescue_ani0.97_xny300_br0.3_af0.9_raw_depth_abundance	hmp_airskin_gtdb_source_abundance,hmp_gastrooral_gtdb_source_abundance	0.8850712707698818	180.96946329090525	-0.035078691981263115	1109	316	67	0.0005902026362384435	0.0	140.4288682130004	-0.9608348231592523	1.0	0.0	-1.0	1.0	0.0	25.0
raw_rescue_ani0.97_xny300_br0.3_af0.9_zero_rescue_mass	hmp_airskin_gtdb_source_abundance,hmp_gastrooral_gtdb_source_abundance	0.8850712707698818	35.76275879445157	0.9316002425700405	1109	316	67	0.0005902026362384435	0.0	0.0	0.0	1.0	0.0	-1.0	1.0	0.0	25.0
raw_rescue_ani0.97_xny300_br0.5_af0.1_raw_depth_abundance	hmp_airskin_gtdb_source_abundance,hmp_gastrooral_gtdb_source_abundance	0.8882791407442188	180.96940660439162	-0.03507871949267515	1110	316	66	0.0010183459215245849	0.0	140.42885949199834	-0.9608348273917772	2.0	0.0	-2.0	2.0	0.0	24.0
raw_rescue_ani0.97_xny300_br0.5_af0.1_zero_rescue_mass	hmp_airskin_gtdb_source_abundance,hmp_gastrooral_gtdb_source_abundance	0.8882791407442188	35.76275879445157	0.9316002425700405	1110	316	66	0.0010183459215245849	0.0	0.0	0.0	2.0	0.0	-2.0	2.0	0.0	24.0
raw_rescue_ani0.97_xny300_br0.5_af0.3_raw_depth_abundance	hmp_airskin_gtdb_source_abundance,hmp_gastrooral_gtdb_source_abundance	0.8882791407442188	180.96940660439162	-0.03507871949267515	1110	316	66	0.0010183459215245849	0.0	140.42885949199834	-0.9608348273917772	2.0	0.0	-2.0	2.0	0.0	24.0
raw_rescue_ani0.97_xny300_br0.5_af0.3_zero_rescue_mass	hmp_airskin_gtdb_source_abundance,hmp_gastrooral_gtdb_source_abundance	0.8882791407442188	35.76275879445157	0.9316002425700405	1110	316	66	0.0010183459215245849	0.0	0.0	0.0	2.0	0.0	-2.0	2.0	0.0	24.0
raw_rescue_ani0.97_xny300_br0.5_af0.5_raw_depth_abundance	hmp_airskin_gtdb_source_abundance,hmp_gastrooral_gtdb_source_abundance	0.8882791407442188	180.96940660439162	-0.03507871949267515	1110	316	66	0.0010183459215245849	0.0	140.42885949199834	-0.9608348273917772	2.0	0.0	-2.0	2.0	0.0	24.0
raw_rescue_ani0.97_xny300_br0.5_af0.5_zero_rescue_mass	hmp_airskin_gtdb_source_abundance,hmp_gastrooral_gtdb_source_abundance	0.8882791407442188	35.76275879445157	0.9316002425700405	1110	316	66	0.0010183459215245849	0.0	0.0	0.0	2.0	0.0	-2.0	2.0	0.0	24.0
raw_rescue_ani0.97_xny300_br0.5_af0.7_raw_depth_abundance	hmp_airskin_gtdb_source_abundance,hmp_gastrooral_gtdb_source_abundance	0.8882791407442188	180.96940660439162	-0.03507871949267515	1110	316	66	0.0010183459215245849	0.0	140.42885949199834	-0.9608348273917772	2.0	0.0	-2.0	2.0	0.0	24.0
raw_rescue_ani0.97_xny300_br0.5_af0.7_zero_rescue_mass	hmp_airskin_gtdb_source_abundance,hmp_gastrooral_gtdb_source_abundance	0.8882791407442188	35.76275879445157	0.9316002425700405	1110	316	66	0.0010183459215245849	0.0	0.0	0.0	2.0	0.0	-2.0	2.0	0.0	24.0
raw_rescue_ani0.97_xny300_br0.5_af0.9_raw_depth_abundance	hmp_airskin_gtdb_source_abundance,hmp_gastrooral_gtdb_source_abundance	0.8850712707698818	180.96946329090525	-0.035078691981263115	1109	316	67	0.0005902026362384435	0.0	140.4288682130004	-0.9608348231592523	1.0	0.0	-1.0	1.0	0.0	25.0
raw_rescue_ani0.97_xny300_br0.5_af0.9_zero_rescue_mass	hmp_airskin_gtdb_source_abundance,hmp_gastrooral_gtdb_source_abundance	0.8850712707698818	35.76275879445157	0.9316002425700405	1109	316	67	0.0005902026362384435	0.0	0.0	0.0	1.0	0.0	-1.0	1.0	0.0	25.0
raw_rescue_ani0.97_xny500_br0.05_af0.1_raw_depth_abundance	hmp_airskin_gtdb_source_abundance,hmp_gastrooral_gtdb_source_abundance	0.8882791407442188	180.96940660439162	-0.03507871949267515	1110	316	66	0.0010183459215245849	0.0	140.42885949199834	-0.9608348273917772	2.0	0.0	-2.0	2.0	0.0	24.0
raw_rescue_ani0.97_xny500_br0.05_af0.1_zero_rescue_mass	hmp_airskin_gtdb_source_abundance,hmp_gastrooral_gtdb_source_abundance	0.8882791407442188	35.76275879445157	0.9316002425700405	1110	316	66	0.0010183459215245849	0.0	0.0	0.0	2.0	0.0	-2.0	2.0	0.0	24.0
raw_rescue_ani0.97_xny500_br0.05_af0.3_raw_depth_abundance	hmp_airskin_gtdb_source_abundance,hmp_gastrooral_gtdb_source_abundance	0.8882791407442188	180.96940660439162	-0.03507871949267515	1110	316	66	0.0010183459215245849	0.0	140.42885949199834	-0.9608348273917772	2.0	0.0	-2.0	2.0	0.0	24.0
raw_rescue_ani0.97_xny500_br0.05_af0.3_zero_rescue_mass	hmp_airskin_gtdb_source_abundance,hmp_gastrooral_gtdb_source_abundance	0.8882791407442188	35.76275879445157	0.9316002425700405	1110	316	66	0.0010183459215245849	0.0	0.0	0.0	2.0	0.0	-2.0	2.0	0.0	24.0
raw_rescue_ani0.97_xny500_br0.05_af0.5_raw_depth_abundance	hmp_airskin_gtdb_source_abundance,hmp_gastrooral_gtdb_source_abundance	0.8882791407442188	180.96940660439162	-0.03507871949267515	1110	316	66	0.0010183459215245849	0.0	140.42885949199834	-0.9608348273917772	2.0	0.0	-2.0	2.0	0.0	24.0
raw_rescue_ani0.97_xny500_br0.05_af0.5_zero_rescue_mass	hmp_airskin_gtdb_source_abundance,hmp_gastrooral_gtdb_source_abundance	0.8882791407442188	35.76275879445157	0.9316002425700405	1110	316	66	0.0010183459215245849	0.0	0.0	0.0	2.0	0.0	-2.0	2.0	0.0	24.0
raw_rescue_ani0.97_xny500_br0.05_af0.7_raw_depth_abundance	hmp_airskin_gtdb_source_abundance,hmp_gastrooral_gtdb_source_abundance	0.8882791407442188	180.96940660439162	-0.03507871949267515	1110	316	66	0.0010183459215245849	0.0	140.42885949199834	-0.9608348273917772	2.0	0.0	-2.0	2.0	0.0	24.0
raw_rescue_ani0.97_xny500_br0.05_af0.7_zero_rescue_mass	hmp_airskin_gtdb_source_abundance,hmp_gastrooral_gtdb_source_abundance	0.8882791407442188	35.76275879445157	0.9316002425700405	1110	316	66	0.0010183459215245849	0.0	0.0	0.0	2.0	0.0	-2.0	2.0	0.0	24.0
raw_rescue_ani0.97_xny500_br0.05_af0.9_raw_depth_abundance	hmp_airskin_gtdb_source_abundance,hmp_gastrooral_gtdb_source_abundance	0.8850712707698818	180.96946329090525	-0.035078691981263115	1109	316	67	0.0005902026362384435	0.0	140.4288682130004	-0.9608348231592523	1.0	0.0	-1.0	1.0	0.0	25.0
raw_rescue_ani0.97_xny500_br0.05_af0.9_zero_rescue_mass	hmp_airskin_gtdb_source_abundance,hmp_gastrooral_gtdb_source_abundance	0.8850712707698818	35.76275879445157	0.9316002425700405	1109	316	67	0.0005902026362384435	0.0	0.0	0.0	1.0	0.0	-1.0	1.0	0.0	25.0
raw_rescue_ani0.97_xny500_br0.15_af0.1_raw_depth_abundance	hmp_airskin_gtdb_source_abundance,hmp_gastrooral_gtdb_source_abundance	0.8882791407442188	180.96940660439162	-0.03507871949267515	1110	316	66	0.0010183459215245849	0.0	140.42885949199834	-0.9608348273917772	2.0	0.0	-2.0	2.0	0.0	24.0
raw_rescue_ani0.97_xny500_br0.15_af0.1_zero_rescue_mass	hmp_airskin_gtdb_source_abundance,hmp_gastrooral_gtdb_source_abundance	0.8882791407442188	35.76275879445157	0.9316002425700405	1110	316	66	0.0010183459215245849	0.0	0.0	0.0	2.0	0.0	-2.0	2.0	0.0	24.0
raw_rescue_ani0.97_xny500_br0.15_af0.3_raw_depth_abundance	hmp_airskin_gtdb_source_abundance,hmp_gastrooral_gtdb_source_abundance	0.8882791407442188	180.96940660439162	-0.03507871949267515	1110	316	66	0.0010183459215245849	0.0	140.42885949199834	-0.9608348273917772	2.0	0.0	-2.0	2.0	0.0	24.0
raw_rescue_ani0.97_xny500_br0.15_af0.3_zero_rescue_mass	hmp_airskin_gtdb_source_abundance,hmp_gastrooral_gtdb_source_abundance	0.8882791407442188	35.76275879445157	0.9316002425700405	1110	316	66	0.0010183459215245849	0.0	0.0	0.0	2.0	0.0	-2.0	2.0	0.0	24.0
raw_rescue_ani0.97_xny500_br0.15_af0.5_raw_depth_abundance	hmp_airskin_gtdb_source_abundance,hmp_gastrooral_gtdb_source_abundance	0.8882791407442188	180.96940660439162	-0.03507871949267515	1110	316	66	0.0010183459215245849	0.0	140.42885949199834	-0.9608348273917772	2.0	0.0	-2.0	2.0	0.0	24.0
raw_rescue_ani0.97_xny500_br0.15_af0.5_zero_rescue_mass	hmp_airskin_gtdb_source_abundance,hmp_gastrooral_gtdb_source_abundance	0.8882791407442188	35.76275879445157	0.9316002425700405	1110	316	66	0.0010183459215245849	0.0	0.0	0.0	2.0	0.0	-2.0	2.0	0.0	24.0
raw_rescue_ani0.97_xny500_br0.15_af0.7_raw_depth_abundance	hmp_airskin_gtdb_source_abundance,hmp_gastrooral_gtdb_source_abundance	0.8882791407442188	180.96940660439162	-0.03507871949267515	1110	316	66	0.0010183459215245849	0.0	140.42885949199834	-0.9608348273917772	2.0	0.0	-2.0	2.0	0.0	24.0
raw_rescue_ani0.97_xny500_br0.15_af0.7_zero_rescue_mass	hmp_airskin_gtdb_source_abundance,hmp_gastrooral_gtdb_source_abundance	0.8882791407442188	35.76275879445157	0.9316002425700405	1110	316	66	0.0010183459215245849	0.0	0.0	0.0	2.0	0.0	-2.0	2.0	0.0	24.0
raw_rescue_ani0.97_xny500_br0.15_af0.9_raw_depth_abundance	hmp_airskin_gtdb_source_abundance,hmp_gastrooral_gtdb_source_abundance	0.8850712707698818	180.96946329090525	-0.035078691981263115	1109	316	67	0.0005902026362384435	0.0	140.4288682130004	-0.9608348231592523	1.0	0.0	-1.0	1.0	0.0	25.0
raw_rescue_ani0.97_xny500_br0.15_af0.9_zero_rescue_mass	hmp_airskin_gtdb_source_abundance,hmp_gastrooral_gtdb_source_abundance	0.8850712707698818	35.76275879445157	0.9316002425700405	1109	316	67	0.0005902026362384435	0.0	0.0	0.0	1.0	0.0	-1.0	1.0	0.0	25.0
raw_rescue_ani0.97_xny500_br0.1_af0.1_raw_depth_abundance	hmp_airskin_gtdb_source_abundance,hmp_gastrooral_gtdb_source_abundance	0.8882791407442188	180.96940660439162	-0.03507871949267515	1110	316	66	0.0010183459215245849	0.0	140.42885949199834	-0.9608348273917772	2.0	0.0	-2.0	2.0	0.0	24.0
raw_rescue_ani0.97_xny500_br0.1_af0.1_zero_rescue_mass	hmp_airskin_gtdb_source_abundance,hmp_gastrooral_gtdb_source_abundance	0.8882791407442188	35.76275879445157	0.9316002425700405	1110	316	66	0.0010183459215245849	0.0	0.0	0.0	2.0	0.0	-2.0	2.0	0.0	24.0
raw_rescue_ani0.97_xny500_br0.1_af0.3_raw_depth_abundance	hmp_airskin_gtdb_source_abundance,hmp_gastrooral_gtdb_source_abundance	0.8882791407442188	180.96940660439162	-0.03507871949267515	1110	316	66	0.0010183459215245849	0.0	140.42885949199834	-0.9608348273917772	2.0	0.0	-2.0	2.0	0.0	24.0
raw_rescue_ani0.97_xny500_br0.1_af0.3_zero_rescue_mass	hmp_airskin_gtdb_source_abundance,hmp_gastrooral_gtdb_source_abundance	0.8882791407442188	35.76275879445157	0.9316002425700405	1110	316	66	0.0010183459215245849	0.0	0.0	0.0	2.0	0.0	-2.0	2.0	0.0	24.0
raw_rescue_ani0.97_xny500_br0.1_af0.5_raw_depth_abundance	hmp_airskin_gtdb_source_abundance,hmp_gastrooral_gtdb_source_abundance	0.8882791407442188	180.96940660439162	-0.03507871949267515	1110	316	66	0.0010183459215245849	0.0	140.42885949199834	-0.9608348273917772	2.0	0.0	-2.0	2.0	0.0	24.0
raw_rescue_ani0.97_xny500_br0.1_af0.5_zero_rescue_mass	hmp_airskin_gtdb_source_abundance,hmp_gastrooral_gtdb_source_abundance	0.8882791407442188	35.76275879445157	0.9316002425700405	1110	316	66	0.0010183459215245849	0.0	0.0	0.0	2.0	0.0	-2.0	2.0	0.0	24.0
raw_rescue_ani0.97_xny500_br0.1_af0.7_raw_depth_abundance	hmp_airskin_gtdb_source_abundance,hmp_gastrooral_gtdb_source_abundance	0.8882791407442188	180.96940660439162	-0.03507871949267515	1110	316	66	0.0010183459215245849	0.0	140.42885949199834	-0.9608348273917772	2.0	0.0	-2.0	2.0	0.0	24.0
raw_rescue_ani0.97_xny500_br0.1_af0.7_zero_rescue_mass	hmp_airskin_gtdb_source_abundance,hmp_gastrooral_gtdb_source_abundance	0.8882791407442188	35.76275879445157	0.9316002425700405	1110	316	66	0.0010183459215245849	0.0	0.0	0.0	2.0	0.0	-2.0	2.0	0.0	24.0
raw_rescue_ani0.97_xny500_br0.1_af0.9_raw_depth_abundance	hmp_airskin_gtdb_source_abundance,hmp_gastrooral_gtdb_source_abundance	0.8850712707698818	180.96946329090525	-0.035078691981263115	1109	316	67	0.0005902026362384435	0.0	140.4288682130004	-0.9608348231592523	1.0	0.0	-1.0	1.0	0.0	25.0
raw_rescue_ani0.97_xny500_br0.1_af0.9_zero_rescue_mass	hmp_airskin_gtdb_source_abundance,hmp_gastrooral_gtdb_source_abundance	0.8850712707698818	35.76275879445157	0.9316002425700405	1109	316	67	0.0005902026362384435	0.0	0.0	0.0	1.0	0.0	-1.0	1.0	0.0	25.0
raw_rescue_ani0.97_xny500_br0.25_af0.1_raw_depth_abundance	hmp_airskin_gtdb_source_abundance,hmp_gastrooral_gtdb_source_abundance	0.8882791407442188	180.96940660439162	-0.03507871949267515	1110	316	66	0.0010183459215245849	0.0	140.42885949199834	-0.9608348273917772	2.0	0.0	-2.0	2.0	0.0	24.0
raw_rescue_ani0.97_xny500_br0.25_af0.1_zero_rescue_mass	hmp_airskin_gtdb_source_abundance,hmp_gastrooral_gtdb_source_abundance	0.8882791407442188	35.76275879445157	0.9316002425700405	1110	316	66	0.0010183459215245849	0.0	0.0	0.0	2.0	0.0	-2.0	2.0	0.0	24.0
raw_rescue_ani0.97_xny500_br0.25_af0.3_raw_depth_abundance	hmp_airskin_gtdb_source_abundance,hmp_gastrooral_gtdb_source_abundance	0.8882791407442188	180.96940660439162	-0.03507871949267515	1110	316	66	0.0010183459215245849	0.0	140.42885949199834	-0.9608348273917772	2.0	0.0	-2.0	2.0	0.0	24.0
raw_rescue_ani0.97_xny500_br0.25_af0.3_zero_rescue_mass	hmp_airskin_gtdb_source_abundance,hmp_gastrooral_gtdb_source_abundance	0.8882791407442188	35.76275879445157	0.9316002425700405	1110	316	66	0.0010183459215245849	0.0	0.0	0.0	2.0	0.0	-2.0	2.0	0.0	24.0
raw_rescue_ani0.97_xny500_br0.25_af0.5_raw_depth_abundance	hmp_airskin_gtdb_source_abundance,hmp_gastrooral_gtdb_source_abundance	0.8882791407442188	180.96940660439162	-0.03507871949267515	1110	316	66	0.0010183459215245849	0.0	140.42885949199834	-0.9608348273917772	2.0	0.0	-2.0	2.0	0.0	24.0
raw_rescue_ani0.97_xny500_br0.25_af0.5_zero_rescue_mass	hmp_airskin_gtdb_source_abundance,hmp_gastrooral_gtdb_source_abundance	0.8882791407442188	35.76275879445157	0.9316002425700405	1110	316	66	0.0010183459215245849	0.0	0.0	0.0	2.0	0.0	-2.0	2.0	0.0	24.0
raw_rescue_ani0.97_xny500_br0.25_af0.7_raw_depth_abundance	hmp_airskin_gtdb_source_abundance,hmp_gastrooral_gtdb_source_abundance	0.8882791407442188	180.96940660439162	-0.03507871949267515	1110	316	66	0.0010183459215245849	0.0	140.42885949199834	-0.9608348273917772	2.0	0.0	-2.0	2.0	0.0	24.0
raw_rescue_ani0.97_xny500_br0.25_af0.7_zero_rescue_mass	hmp_airskin_gtdb_source_abundance,hmp_gastrooral_gtdb_source_abundance	0.8882791407442188	35.76275879445157	0.9316002425700405	1110	316	66	0.0010183459215245849	0.0	0.0	0.0	2.0	0.0	-2.0	2.0	0.0	24.0
raw_rescue_ani0.97_xny500_br0.25_af0.9_raw_depth_abundance	hmp_airskin_gtdb_source_abundance,hmp_gastrooral_gtdb_source_abundance	0.8850712707698818	180.96946329090525	-0.035078691981263115	1109	316	67	0.0005902026362384435	0.0	140.4288682130004	-0.9608348231592523	1.0	0.0	-1.0	1.0	0.0	25.0
raw_rescue_ani0.97_xny500_br0.25_af0.9_zero_rescue_mass	hmp_airskin_gtdb_source_abundance,hmp_gastrooral_gtdb_source_abundance	0.8850712707698818	35.76275879445157	0.9316002425700405	1109	316	67	0.0005902026362384435	0.0	0.0	0.0	1.0	0.0	-1.0	1.0	0.0	25.0
raw_rescue_ani0.97_xny500_br0.2_af0.1_raw_depth_abundance	hmp_airskin_gtdb_source_abundance,hmp_gastrooral_gtdb_source_abundance	0.8882791407442188	180.96940660439162	-0.03507871949267515	1110	316	66	0.0010183459215245849	0.0	140.42885949199834	-0.9608348273917772	2.0	0.0	-2.0	2.0	0.0	24.0
raw_rescue_ani0.97_xny500_br0.2_af0.1_zero_rescue_mass	hmp_airskin_gtdb_source_abundance,hmp_gastrooral_gtdb_source_abundance	0.8882791407442188	35.76275879445157	0.9316002425700405	1110	316	66	0.0010183459215245849	0.0	0.0	0.0	2.0	0.0	-2.0	2.0	0.0	24.0
raw_rescue_ani0.97_xny500_br0.2_af0.3_raw_depth_abundance	hmp_airskin_gtdb_source_abundance,hmp_gastrooral_gtdb_source_abundance	0.8882791407442188	180.96940660439162	-0.03507871949267515	1110	316	66	0.0010183459215245849	0.0	140.42885949199834	-0.9608348273917772	2.0	0.0	-2.0	2.0	0.0	24.0
raw_rescue_ani0.97_xny500_br0.2_af0.3_zero_rescue_mass	hmp_airskin_gtdb_source_abundance,hmp_gastrooral_gtdb_source_abundance	0.8882791407442188	35.76275879445157	0.9316002425700405	1110	316	66	0.0010183459215245849	0.0	0.0	0.0	2.0	0.0	-2.0	2.0	0.0	24.0
raw_rescue_ani0.97_xny500_br0.2_af0.5_raw_depth_abundance	hmp_airskin_gtdb_source_abundance,hmp_gastrooral_gtdb_source_abundance	0.8882791407442188	180.96940660439162	-0.03507871949267515	1110	316	66	0.0010183459215245849	0.0	140.42885949199834	-0.9608348273917772	2.0	0.0	-2.0	2.0	0.0	24.0
raw_rescue_ani0.97_xny500_br0.2_af0.5_zero_rescue_mass	hmp_airskin_gtdb_source_abundance,hmp_gastrooral_gtdb_source_abundance	0.8882791407442188	35.76275879445157	0.9316002425700405	1110	316	66	0.0010183459215245849	0.0	0.0	0.0	2.0	0.0	-2.0	2.0	0.0	24.0
raw_rescue_ani0.97_xny500_br0.2_af0.7_raw_depth_abundance	hmp_airskin_gtdb_source_abundance,hmp_gastrooral_gtdb_source_abundance	0.8882791407442188	180.96940660439162	-0.03507871949267515	1110	316	66	0.0010183459215245849	0.0	140.42885949199834	-0.9608348273917772	2.0	0.0	-2.0	2.0	0.0	24.0
raw_rescue_ani0.97_xny500_br0.2_af0.7_zero_rescue_mass	hmp_airskin_gtdb_source_abundance,hmp_gastrooral_gtdb_source_abundance	0.8882791407442188	35.76275879445157	0.9316002425700405	1110	316	66	0.0010183459215245849	0.0	0.0	0.0	2.0	0.0	-2.0	2.0	0.0	24.0
raw_rescue_ani0.97_xny500_br0.2_af0.9_raw_depth_abundance	hmp_airskin_gtdb_source_abundance,hmp_gastrooral_gtdb_source_abundance	0.8850712707698818	180.96946329090525	-0.035078691981263115	1109	316	67	0.0005902026362384435	0.0	140.4288682130004	-0.9608348231592523	1.0	0.0	-1.0	1.0	0.0	25.0
raw_rescue_ani0.97_xny500_br0.2_af0.9_zero_rescue_mass	hmp_airskin_gtdb_source_abundance,hmp_gastrooral_gtdb_source_abundance	0.8850712707698818	35.76275879445157	0.9316002425700405	1109	316	67	0.0005902026362384435	0.0	0.0	0.0	1.0	0.0	-1.0	1.0	0.0	25.0
raw_rescue_ani0.97_xny500_br0.3_af0.1_raw_depth_abundance	hmp_airskin_gtdb_source_abundance,hmp_gastrooral_gtdb_source_abundance	0.8882791407442188	180.96940660439162	-0.03507871949267515	1110	316	66	0.0010183459215245849	0.0	140.42885949199834	-0.9608348273917772	2.0	0.0	-2.0	2.0	0.0	24.0
raw_rescue_ani0.97_xny500_br0.3_af0.1_zero_rescue_mass	hmp_airskin_gtdb_source_abundance,hmp_gastrooral_gtdb_source_abundance	0.8882791407442188	35.76275879445157	0.9316002425700405	1110	316	66	0.0010183459215245849	0.0	0.0	0.0	2.0	0.0	-2.0	2.0	0.0	24.0
raw_rescue_ani0.97_xny500_br0.3_af0.3_raw_depth_abundance	hmp_airskin_gtdb_source_abundance,hmp_gastrooral_gtdb_source_abundance	0.8882791407442188	180.96940660439162	-0.03507871949267515	1110	316	66	0.0010183459215245849	0.0	140.42885949199834	-0.9608348273917772	2.0	0.0	-2.0	2.0	0.0	24.0
raw_rescue_ani0.97_xny500_br0.3_af0.3_zero_rescue_mass	hmp_airskin_gtdb_source_abundance,hmp_gastrooral_gtdb_source_abundance	0.8882791407442188	35.76275879445157	0.9316002425700405	1110	316	66	0.0010183459215245849	0.0	0.0	0.0	2.0	0.0	-2.0	2.0	0.0	24.0
raw_rescue_ani0.97_xny500_br0.3_af0.5_raw_depth_abundance	hmp_airskin_gtdb_source_abundance,hmp_gastrooral_gtdb_source_abundance	0.8882791407442188	180.96940660439162	-0.03507871949267515	1110	316	66	0.0010183459215245849	0.0	140.42885949199834	-0.9608348273917772	2.0	0.0	-2.0	2.0	0.0	24.0
raw_rescue_ani0.97_xny500_br0.3_af0.5_zero_rescue_mass	hmp_airskin_gtdb_source_abundance,hmp_gastrooral_gtdb_source_abundance	0.8882791407442188	35.76275879445157	0.9316002425700405	1110	316	66	0.0010183459215245849	0.0	0.0	0.0	2.0	0.0	-2.0	2.0	0.0	24.0
raw_rescue_ani0.97_xny500_br0.3_af0.7_raw_depth_abundance	hmp_airskin_gtdb_source_abundance,hmp_gastrooral_gtdb_source_abundance	0.8882791407442188	180.96940660439162	-0.03507871949267515	1110	316	66	0.0010183459215245849	0.0	140.42885949199834	-0.9608348273917772	2.0	0.0	-2.0	2.0	0.0	24.0
raw_rescue_ani0.97_xny500_br0.3_af0.7_zero_rescue_mass	hmp_airskin_gtdb_source_abundance,hmp_gastrooral_gtdb_source_abundance	0.8882791407442188	35.76275879445157	0.9316002425700405	1110	316	66	0.0010183459215245849	0.0	0.0	0.0	2.0	0.0	-2.0	2.0	0.0	24.0
raw_rescue_ani0.97_xny500_br0.3_af0.9_raw_depth_abundance	hmp_airskin_gtdb_source_abundance,hmp_gastrooral_gtdb_source_abundance	0.8850712707698818	180.96946329090525	-0.035078691981263115	1109	316	67	0.0005902026362384435	0.0	140.4288682130004	-0.9608348231592523	1.0	0.0	-1.0	1.0	0.0	25.0
raw_rescue_ani0.97_xny500_br0.3_af0.9_zero_rescue_mass	hmp_airskin_gtdb_source_abundance,hmp_gastrooral_gtdb_source_abundance	0.8850712707698818	35.76275879445157	0.9316002425700405	1109	316	67	0.0005902026362384435	0.0	0.0	0.0	1.0	0.0	-1.0	1.0	0.0	25.0
raw_rescue_ani0.97_xny500_br0.5_af0.1_raw_depth_abundance	hmp_airskin_gtdb_source_abundance,hmp_gastrooral_gtdb_source_abundance	0.8882791407442188	180.96940660439162	-0.03507871949267515	1110	316	66	0.0010183459215245849	0.0	140.42885949199834	-0.9608348273917772	2.0	0.0	-2.0	2.0	0.0	24.0
raw_rescue_ani0.97_xny500_br0.5_af0.1_zero_rescue_mass	hmp_airskin_gtdb_source_abundance,hmp_gastrooral_gtdb_source_abundance	0.8882791407442188	35.76275879445157	0.9316002425700405	1110	316	66	0.0010183459215245849	0.0	0.0	0.0	2.0	0.0	-2.0	2.0	0.0	24.0
raw_rescue_ani0.97_xny500_br0.5_af0.3_raw_depth_abundance	hmp_airskin_gtdb_source_abundance,hmp_gastrooral_gtdb_source_abundance	0.8882791407442188	180.96940660439162	-0.03507871949267515	1110	316	66	0.0010183459215245849	0.0	140.42885949199834	-0.9608348273917772	2.0	0.0	-2.0	2.0	0.0	24.0
raw_rescue_ani0.97_xny500_br0.5_af0.3_zero_rescue_mass	hmp_airskin_gtdb_source_abundance,hmp_gastrooral_gtdb_source_abundance	0.8882791407442188	35.76275879445157	0.9316002425700405	1110	316	66	0.0010183459215245849	0.0	0.0	0.0	2.0	0.0	-2.0	2.0	0.0	24.0
raw_rescue_ani0.97_xny500_br0.5_af0.5_raw_depth_abundance	hmp_airskin_gtdb_source_abundance,hmp_gastrooral_gtdb_source_abundance	0.8882791407442188	180.96940660439162	-0.03507871949267515	1110	316	66	0.0010183459215245849	0.0	140.42885949199834	-0.9608348273917772	2.0	0.0	-2.0	2.0	0.0	24.0
raw_rescue_ani0.97_xny500_br0.5_af0.5_zero_rescue_mass	hmp_airskin_gtdb_source_abundance,hmp_gastrooral_gtdb_source_abundance	0.8882791407442188	35.76275879445157	0.9316002425700405	1110	316	66	0.0010183459215245849	0.0	0.0	0.0	2.0	0.0	-2.0	2.0	0.0	24.0
raw_rescue_ani0.97_xny500_br0.5_af0.7_raw_depth_abundance	hmp_airskin_gtdb_source_abundance,hmp_gastrooral_gtdb_source_abundance	0.8882791407442188	180.96940660439162	-0.03507871949267515	1110	316	66	0.0010183459215245849	0.0	140.42885949199834	-0.9608348273917772	2.0	0.0	-2.0	2.0	0.0	24.0
raw_rescue_ani0.97_xny500_br0.5_af0.7_zero_rescue_mass	hmp_airskin_gtdb_source_abundance,hmp_gastrooral_gtdb_source_abundance	0.8882791407442188	35.76275879445157	0.9316002425700405	1110	316	66	0.0010183459215245849	0.0	0.0	0.0	2.0	0.0	-2.0	2.0	0.0	24.0
raw_rescue_ani0.97_xny500_br0.5_af0.9_raw_depth_abundance	hmp_airskin_gtdb_source_abundance,hmp_gastrooral_gtdb_source_abundance	0.8850712707698818	180.96946329090525	-0.035078691981263115	1109	316	67	0.0005902026362384435	0.0	140.4288682130004	-0.9608348231592523	1.0	0.0	-1.0	1.0	0.0	25.0
raw_rescue_ani0.97_xny500_br0.5_af0.9_zero_rescue_mass	hmp_airskin_gtdb_source_abundance,hmp_gastrooral_gtdb_source_abundance	0.8850712707698818	35.76275879445157	0.9316002425700405	1109	316	67	0.0005902026362384435	0.0	0.0	0.0	1.0	0.0	-1.0	1.0	0.0	25.0
raw_rescue_ani0.97_xny700_br0.05_af0.1_raw_depth_abundance	hmp_airskin_gtdb_source_abundance,hmp_gastrooral_gtdb_source_abundance	0.8882791407442188	180.96940660439162	-0.03507871949267515	1110	316	66	0.0010183459215245849	0.0	140.42885949199834	-0.9608348273917772	2.0	0.0	-2.0	2.0	0.0	24.0
raw_rescue_ani0.97_xny700_br0.05_af0.1_zero_rescue_mass	hmp_airskin_gtdb_source_abundance,hmp_gastrooral_gtdb_source_abundance	0.8882791407442188	35.76275879445157	0.9316002425700405	1110	316	66	0.0010183459215245849	0.0	0.0	0.0	2.0	0.0	-2.0	2.0	0.0	24.0
raw_rescue_ani0.97_xny700_br0.05_af0.3_raw_depth_abundance	hmp_airskin_gtdb_source_abundance,hmp_gastrooral_gtdb_source_abundance	0.8882791407442188	180.96940660439162	-0.03507871949267515	1110	316	66	0.0010183459215245849	0.0	140.42885949199834	-0.9608348273917772	2.0	0.0	-2.0	2.0	0.0	24.0
raw_rescue_ani0.97_xny700_br0.05_af0.3_zero_rescue_mass	hmp_airskin_gtdb_source_abundance,hmp_gastrooral_gtdb_source_abundance	0.8882791407442188	35.76275879445157	0.9316002425700405	1110	316	66	0.0010183459215245849	0.0	0.0	0.0	2.0	0.0	-2.0	2.0	0.0	24.0
raw_rescue_ani0.97_xny700_br0.05_af0.5_raw_depth_abundance	hmp_airskin_gtdb_source_abundance,hmp_gastrooral_gtdb_source_abundance	0.8882791407442188	180.96940660439162	-0.03507871949267515	1110	316	66	0.0010183459215245849	0.0	140.42885949199834	-0.9608348273917772	2.0	0.0	-2.0	2.0	0.0	24.0
raw_rescue_ani0.97_xny700_br0.05_af0.5_zero_rescue_mass	hmp_airskin_gtdb_source_abundance,hmp_gastrooral_gtdb_source_abundance	0.8882791407442188	35.76275879445157	0.9316002425700405	1110	316	66	0.0010183459215245849	0.0	0.0	0.0	2.0	0.0	-2.0	2.0	0.0	24.0
raw_rescue_ani0.97_xny700_br0.05_af0.7_raw_depth_abundance	hmp_airskin_gtdb_source_abundance,hmp_gastrooral_gtdb_source_abundance	0.8882791407442188	180.96940660439162	-0.03507871949267515	1110	316	66	0.0010183459215245849	0.0	140.42885949199834	-0.9608348273917772	2.0	0.0	-2.0	2.0	0.0	24.0
raw_rescue_ani0.97_xny700_br0.05_af0.7_zero_rescue_mass	hmp_airskin_gtdb_source_abundance,hmp_gastrooral_gtdb_source_abundance	0.8882791407442188	35.76275879445157	0.9316002425700405	1110	316	66	0.0010183459215245849	0.0	0.0	0.0	2.0	0.0	-2.0	2.0	0.0	24.0
raw_rescue_ani0.97_xny700_br0.05_af0.9_raw_depth_abundance	hmp_airskin_gtdb_source_abundance,hmp_gastrooral_gtdb_source_abundance	0.8850712707698818	180.96946329090525	-0.035078691981263115	1109	316	67	0.0005902026362384435	0.0	140.4288682130004	-0.9608348231592523	1.0	0.0	-1.0	1.0	0.0	25.0
raw_rescue_ani0.97_xny700_br0.05_af0.9_zero_rescue_mass	hmp_airskin_gtdb_source_abundance,hmp_gastrooral_gtdb_source_abundance	0.8850712707698818	35.76275879445157	0.9316002425700405	1109	316	67	0.0005902026362384435	0.0	0.0	0.0	1.0	0.0	-1.0	1.0	0.0	25.0
raw_rescue_ani0.97_xny700_br0.15_af0.1_raw_depth_abundance	hmp_airskin_gtdb_source_abundance,hmp_gastrooral_gtdb_source_abundance	0.8882791407442188	180.96940660439162	-0.03507871949267515	1110	316	66	0.0010183459215245849	0.0	140.42885949199834	-0.9608348273917772	2.0	0.0	-2.0	2.0	0.0	24.0
raw_rescue_ani0.97_xny700_br0.15_af0.1_zero_rescue_mass	hmp_airskin_gtdb_source_abundance,hmp_gastrooral_gtdb_source_abundance	0.8882791407442188	35.76275879445157	0.9316002425700405	1110	316	66	0.0010183459215245849	0.0	0.0	0.0	2.0	0.0	-2.0	2.0	0.0	24.0
raw_rescue_ani0.97_xny700_br0.15_af0.3_raw_depth_abundance	hmp_airskin_gtdb_source_abundance,hmp_gastrooral_gtdb_source_abundance	0.8882791407442188	180.96940660439162	-0.03507871949267515	1110	316	66	0.0010183459215245849	0.0	140.42885949199834	-0.9608348273917772	2.0	0.0	-2.0	2.0	0.0	24.0
raw_rescue_ani0.97_xny700_br0.15_af0.3_zero_rescue_mass	hmp_airskin_gtdb_source_abundance,hmp_gastrooral_gtdb_source_abundance	0.8882791407442188	35.76275879445157	0.9316002425700405	1110	316	66	0.0010183459215245849	0.0	0.0	0.0	2.0	0.0	-2.0	2.0	0.0	24.0
raw_rescue_ani0.97_xny700_br0.15_af0.5_raw_depth_abundance	hmp_airskin_gtdb_source_abundance,hmp_gastrooral_gtdb_source_abundance	0.8882791407442188	180.96940660439162	-0.03507871949267515	1110	316	66	0.0010183459215245849	0.0	140.42885949199834	-0.9608348273917772	2.0	0.0	-2.0	2.0	0.0	24.0
raw_rescue_ani0.97_xny700_br0.15_af0.5_zero_rescue_mass	hmp_airskin_gtdb_source_abundance,hmp_gastrooral_gtdb_source_abundance	0.8882791407442188	35.76275879445157	0.9316002425700405	1110	316	66	0.0010183459215245849	0.0	0.0	0.0	2.0	0.0	-2.0	2.0	0.0	24.0
raw_rescue_ani0.97_xny700_br0.15_af0.7_raw_depth_abundance	hmp_airskin_gtdb_source_abundance,hmp_gastrooral_gtdb_source_abundance	0.8882791407442188	180.96940660439162	-0.03507871949267515	1110	316	66	0.0010183459215245849	0.0	140.42885949199834	-0.9608348273917772	2.0	0.0	-2.0	2.0	0.0	24.0
raw_rescue_ani0.97_xny700_br0.15_af0.7_zero_rescue_mass	hmp_airskin_gtdb_source_abundance,hmp_gastrooral_gtdb_source_abundance	0.8882791407442188	35.76275879445157	0.9316002425700405	1110	316	66	0.0010183459215245849	0.0	0.0	0.0	2.0	0.0	-2.0	2.0	0.0	24.0
raw_rescue_ani0.97_xny700_br0.15_af0.9_raw_depth_abundance	hmp_airskin_gtdb_source_abundance,hmp_gastrooral_gtdb_source_abundance	0.8850712707698818	180.96946329090525	-0.035078691981263115	1109	316	67	0.0005902026362384435	0.0	140.4288682130004	-0.9608348231592523	1.0	0.0	-1.0	1.0	0.0	25.0
raw_rescue_ani0.97_xny700_br0.15_af0.9_zero_rescue_mass	hmp_airskin_gtdb_source_abundance,hmp_gastrooral_gtdb_source_abundance	0.8850712707698818	35.76275879445157	0.9316002425700405	1109	316	67	0.0005902026362384435	0.0	0.0	0.0	1.0	0.0	-1.0	1.0	0.0	25.0
raw_rescue_ani0.97_xny700_br0.1_af0.1_raw_depth_abundance	hmp_airskin_gtdb_source_abundance,hmp_gastrooral_gtdb_source_abundance	0.8882791407442188	180.96940660439162	-0.03507871949267515	1110	316	66	0.0010183459215245849	0.0	140.42885949199834	-0.9608348273917772	2.0	0.0	-2.0	2.0	0.0	24.0
raw_rescue_ani0.97_xny700_br0.1_af0.1_zero_rescue_mass	hmp_airskin_gtdb_source_abundance,hmp_gastrooral_gtdb_source_abundance	0.8882791407442188	35.76275879445157	0.9316002425700405	1110	316	66	0.0010183459215245849	0.0	0.0	0.0	2.0	0.0	-2.0	2.0	0.0	24.0
raw_rescue_ani0.97_xny700_br0.1_af0.3_raw_depth_abundance	hmp_airskin_gtdb_source_abundance,hmp_gastrooral_gtdb_source_abundance	0.8882791407442188	180.96940660439162	-0.03507871949267515	1110	316	66	0.0010183459215245849	0.0	140.42885949199834	-0.9608348273917772	2.0	0.0	-2.0	2.0	0.0	24.0
raw_rescue_ani0.97_xny700_br0.1_af0.3_zero_rescue_mass	hmp_airskin_gtdb_source_abundance,hmp_gastrooral_gtdb_source_abundance	0.8882791407442188	35.76275879445157	0.9316002425700405	1110	316	66	0.0010183459215245849	0.0	0.0	0.0	2.0	0.0	-2.0	2.0	0.0	24.0
raw_rescue_ani0.97_xny700_br0.1_af0.5_raw_depth_abundance	hmp_airskin_gtdb_source_abundance,hmp_gastrooral_gtdb_source_abundance	0.8882791407442188	180.96940660439162	-0.03507871949267515	1110	316	66	0.0010183459215245849	0.0	140.42885949199834	-0.9608348273917772	2.0	0.0	-2.0	2.0	0.0	24.0
raw_rescue_ani0.97_xny700_br0.1_af0.5_zero_rescue_mass	hmp_airskin_gtdb_source_abundance,hmp_gastrooral_gtdb_source_abundance	0.8882791407442188	35.76275879445157	0.9316002425700405	1110	316	66	0.0010183459215245849	0.0	0.0	0.0	2.0	0.0	-2.0	2.0	0.0	24.0
raw_rescue_ani0.97_xny700_br0.1_af0.7_raw_depth_abundance	hmp_airskin_gtdb_source_abundance,hmp_gastrooral_gtdb_source_abundance	0.8882791407442188	180.96940660439162	-0.03507871949267515	1110	316	66	0.0010183459215245849	0.0	140.42885949199834	-0.9608348273917772	2.0	0.0	-2.0	2.0	0.0	24.0
raw_rescue_ani0.97_xny700_br0.1_af0.7_zero_rescue_mass	hmp_airskin_gtdb_source_abundance,hmp_gastrooral_gtdb_source_abundance	0.8882791407442188	35.76275879445157	0.9316002425700405	1110	316	66	0.0010183459215245849	0.0	0.0	0.0	2.0	0.0	-2.0	2.0	0.0	24.0
raw_rescue_ani0.97_xny700_br0.1_af0.9_raw_depth_abundance	hmp_airskin_gtdb_source_abundance,hmp_gastrooral_gtdb_source_abundance	0.8850712707698818	180.96946329090525	-0.035078691981263115	1109	316	67	0.0005902026362384435	0.0	140.4288682130004	-0.9608348231592523	1.0	0.0	-1.0	1.0	0.0	25.0
raw_rescue_ani0.97_xny700_br0.1_af0.9_zero_rescue_mass	hmp_airskin_gtdb_source_abundance,hmp_gastrooral_gtdb_source_abundance	0.8850712707698818	35.76275879445157	0.9316002425700405	1109	316	67	0.0005902026362384435	0.0	0.0	0.0	1.0	0.0	-1.0	1.0	0.0	25.0
raw_rescue_ani0.97_xny700_br0.25_af0.1_raw_depth_abundance	hmp_airskin_gtdb_source_abundance,hmp_gastrooral_gtdb_source_abundance	0.8882791407442188	180.96940660439162	-0.03507871949267515	1110	316	66	0.0010183459215245849	0.0	140.42885949199834	-0.9608348273917772	2.0	0.0	-2.0	2.0	0.0	24.0
raw_rescue_ani0.97_xny700_br0.25_af0.1_zero_rescue_mass	hmp_airskin_gtdb_source_abundance,hmp_gastrooral_gtdb_source_abundance	0.8882791407442188	35.76275879445157	0.9316002425700405	1110	316	66	0.0010183459215245849	0.0	0.0	0.0	2.0	0.0	-2.0	2.0	0.0	24.0
raw_rescue_ani0.97_xny700_br0.25_af0.3_raw_depth_abundance	hmp_airskin_gtdb_source_abundance,hmp_gastrooral_gtdb_source_abundance	0.8882791407442188	180.96940660439162	-0.03507871949267515	1110	316	66	0.0010183459215245849	0.0	140.42885949199834	-0.9608348273917772	2.0	0.0	-2.0	2.0	0.0	24.0
raw_rescue_ani0.97_xny700_br0.25_af0.3_zero_rescue_mass	hmp_airskin_gtdb_source_abundance,hmp_gastrooral_gtdb_source_abundance	0.8882791407442188	35.76275879445157	0.9316002425700405	1110	316	66	0.0010183459215245849	0.0	0.0	0.0	2.0	0.0	-2.0	2.0	0.0	24.0
raw_rescue_ani0.97_xny700_br0.25_af0.5_raw_depth_abundance	hmp_airskin_gtdb_source_abundance,hmp_gastrooral_gtdb_source_abundance	0.8882791407442188	180.96940660439162	-0.03507871949267515	1110	316	66	0.0010183459215245849	0.0	140.42885949199834	-0.9608348273917772	2.0	0.0	-2.0	2.0	0.0	24.0
raw_rescue_ani0.97_xny700_br0.25_af0.5_zero_rescue_mass	hmp_airskin_gtdb_source_abundance,hmp_gastrooral_gtdb_source_abundance	0.8882791407442188	35.76275879445157	0.9316002425700405	1110	316	66	0.0010183459215245849	0.0	0.0	0.0	2.0	0.0	-2.0	2.0	0.0	24.0
raw_rescue_ani0.97_xny700_br0.25_af0.7_raw_depth_abundance	hmp_airskin_gtdb_source_abundance,hmp_gastrooral_gtdb_source_abundance	0.8882791407442188	180.96940660439162	-0.03507871949267515	1110	316	66	0.0010183459215245849	0.0	140.42885949199834	-0.9608348273917772	2.0	0.0	-2.0	2.0	0.0	24.0
raw_rescue_ani0.97_xny700_br0.25_af0.7_zero_rescue_mass	hmp_airskin_gtdb_source_abundance,hmp_gastrooral_gtdb_source_abundance	0.8882791407442188	35.76275879445157	0.9316002425700405	1110	316	66	0.0010183459215245849	0.0	0.0	0.0	2.0	0.0	-2.0	2.0	0.0	24.0
raw_rescue_ani0.97_xny700_br0.25_af0.9_raw_depth_abundance	hmp_airskin_gtdb_source_abundance,hmp_gastrooral_gtdb_source_abundance	0.8850712707698818	180.96946329090525	-0.035078691981263115	1109	316	67	0.0005902026362384435	0.0	140.4288682130004	-0.9608348231592523	1.0	0.0	-1.0	1.0	0.0	25.0
raw_rescue_ani0.97_xny700_br0.25_af0.9_zero_rescue_mass	hmp_airskin_gtdb_source_abundance,hmp_gastrooral_gtdb_source_abundance	0.8850712707698818	35.76275879445157	0.9316002425700405	1109	316	67	0.0005902026362384435	0.0	0.0	0.0	1.0	0.0	-1.0	1.0	0.0	25.0
raw_rescue_ani0.97_xny700_br0.2_af0.1_raw_depth_abundance	hmp_airskin_gtdb_source_abundance,hmp_gastrooral_gtdb_source_abundance	0.8882791407442188	180.96940660439162	-0.03507871949267515	1110	316	66	0.0010183459215245849	0.0	140.42885949199834	-0.9608348273917772	2.0	0.0	-2.0	2.0	0.0	24.0
raw_rescue_ani0.97_xny700_br0.2_af0.1_zero_rescue_mass	hmp_airskin_gtdb_source_abundance,hmp_gastrooral_gtdb_source_abundance	0.8882791407442188	35.76275879445157	0.9316002425700405	1110	316	66	0.0010183459215245849	0.0	0.0	0.0	2.0	0.0	-2.0	2.0	0.0	24.0
raw_rescue_ani0.97_xny700_br0.2_af0.3_raw_depth_abundance	hmp_airskin_gtdb_source_abundance,hmp_gastrooral_gtdb_source_abundance	0.8882791407442188	180.96940660439162	-0.03507871949267515	1110	316	66	0.0010183459215245849	0.0	140.42885949199834	-0.9608348273917772	2.0	0.0	-2.0	2.0	0.0	24.0
raw_rescue_ani0.97_xny700_br0.2_af0.3_zero_rescue_mass	hmp_airskin_gtdb_source_abundance,hmp_gastrooral_gtdb_source_abundance	0.8882791407442188	35.76275879445157	0.9316002425700405	1110	316	66	0.0010183459215245849	0.0	0.0	0.0	2.0	0.0	-2.0	2.0	0.0	24.0
raw_rescue_ani0.97_xny700_br0.2_af0.5_raw_depth_abundance	hmp_airskin_gtdb_source_abundance,hmp_gastrooral_gtdb_source_abundance	0.8882791407442188	180.96940660439162	-0.03507871949267515	1110	316	66	0.0010183459215245849	0.0	140.42885949199834	-0.9608348273917772	2.0	0.0	-2.0	2.0	0.0	24.0
raw_rescue_ani0.97_xny700_br0.2_af0.5_zero_rescue_mass	hmp_airskin_gtdb_source_abundance,hmp_gastrooral_gtdb_source_abundance	0.8882791407442188	35.76275879445157	0.9316002425700405	1110	316	66	0.0010183459215245849	0.0	0.0	0.0	2.0	0.0	-2.0	2.0	0.0	24.0
raw_rescue_ani0.97_xny700_br0.2_af0.7_raw_depth_abundance	hmp_airskin_gtdb_source_abundance,hmp_gastrooral_gtdb_source_abundance	0.8882791407442188	180.96940660439162	-0.03507871949267515	1110	316	66	0.0010183459215245849	0.0	140.42885949199834	-0.9608348273917772	2.0	0.0	-2.0	2.0	0.0	24.0
raw_rescue_ani0.97_xny700_br0.2_af0.7_zero_rescue_mass	hmp_airskin_gtdb_source_abundance,hmp_gastrooral_gtdb_source_abundance	0.8882791407442188	35.76275879445157	0.9316002425700405	1110	316	66	0.0010183459215245849	0.0	0.0	0.0	2.0	0.0	-2.0	2.0	0.0	24.0
raw_rescue_ani0.97_xny700_br0.2_af0.9_raw_depth_abundance	hmp_airskin_gtdb_source_abundance,hmp_gastrooral_gtdb_source_abundance	0.8850712707698818	180.96946329090525	-0.035078691981263115	1109	316	67	0.0005902026362384435	0.0	140.4288682130004	-0.9608348231592523	1.0	0.0	-1.0	1.0	0.0	25.0
raw_rescue_ani0.97_xny700_br0.2_af0.9_zero_rescue_mass	hmp_airskin_gtdb_source_abundance,hmp_gastrooral_gtdb_source_abundance	0.8850712707698818	35.76275879445157	0.9316002425700405	1109	316	67	0.0005902026362384435	0.0	0.0	0.0	1.0	0.0	-1.0	1.0	0.0	25.0
raw_rescue_ani0.97_xny700_br0.3_af0.1_raw_depth_abundance	hmp_airskin_gtdb_source_abundance,hmp_gastrooral_gtdb_source_abundance	0.8882791407442188	180.96940660439162	-0.03507871949267515	1110	316	66	0.0010183459215245849	0.0	140.42885949199834	-0.9608348273917772	2.0	0.0	-2.0	2.0	0.0	24.0
raw_rescue_ani0.97_xny700_br0.3_af0.1_zero_rescue_mass	hmp_airskin_gtdb_source_abundance,hmp_gastrooral_gtdb_source_abundance	0.8882791407442188	35.76275879445157	0.9316002425700405	1110	316	66	0.0010183459215245849	0.0	0.0	0.0	2.0	0.0	-2.0	2.0	0.0	24.0
raw_rescue_ani0.97_xny700_br0.3_af0.3_raw_depth_abundance	hmp_airskin_gtdb_source_abundance,hmp_gastrooral_gtdb_source_abundance	0.8882791407442188	180.96940660439162	-0.03507871949267515	1110	316	66	0.0010183459215245849	0.0	140.42885949199834	-0.9608348273917772	2.0	0.0	-2.0	2.0	0.0	24.0
raw_rescue_ani0.97_xny700_br0.3_af0.3_zero_rescue_mass	hmp_airskin_gtdb_source_abundance,hmp_gastrooral_gtdb_source_abundance	0.8882791407442188	35.76275879445157	0.9316002425700405	1110	316	66	0.0010183459215245849	0.0	0.0	0.0	2.0	0.0	-2.0	2.0	0.0	24.0
raw_rescue_ani0.97_xny700_br0.3_af0.5_raw_depth_abundance	hmp_airskin_gtdb_source_abundance,hmp_gastrooral_gtdb_source_abundance	0.8882791407442188	180.96940660439162	-0.03507871949267515	1110	316	66	0.0010183459215245849	0.0	140.42885949199834	-0.9608348273917772	2.0	0.0	-2.0	2.0	0.0	24.0
raw_rescue_ani0.97_xny700_br0.3_af0.5_zero_rescue_mass	hmp_airskin_gtdb_source_abundance,hmp_gastrooral_gtdb_source_abundance	0.8882791407442188	35.76275879445157	0.9316002425700405	1110	316	66	0.0010183459215245849	0.0	0.0	0.0	2.0	0.0	-2.0	2.0	0.0	24.0
raw_rescue_ani0.97_xny700_br0.3_af0.7_raw_depth_abundance	hmp_airskin_gtdb_source_abundance,hmp_gastrooral_gtdb_source_abundance	0.8882791407442188	180.96940660439162	-0.03507871949267515	1110	316	66	0.0010183459215245849	0.0	140.42885949199834	-0.9608348273917772	2.0	0.0	-2.0	2.0	0.0	24.0
raw_rescue_ani0.97_xny700_br0.3_af0.7_zero_rescue_mass	hmp_airskin_gtdb_source_abundance,hmp_gastrooral_gtdb_source_abundance	0.8882791407442188	35.76275879445157	0.9316002425700405	1110	316	66	0.0010183459215245849	0.0	0.0	0.0	2.0	0.0	-2.0	2.0	0.0	24.0
raw_rescue_ani0.97_xny700_br0.3_af0.9_raw_depth_abundance	hmp_airskin_gtdb_source_abundance,hmp_gastrooral_gtdb_source_abundance	0.8850712707698818	180.96946329090525	-0.035078691981263115	1109	316	67	0.0005902026362384435	0.0	140.4288682130004	-0.9608348231592523	1.0	0.0	-1.0	1.0	0.0	25.0
raw_rescue_ani0.97_xny700_br0.3_af0.9_zero_rescue_mass	hmp_airskin_gtdb_source_abundance,hmp_gastrooral_gtdb_source_abundance	0.8850712707698818	35.76275879445157	0.9316002425700405	1109	316	67	0.0005902026362384435	0.0	0.0	0.0	1.0	0.0	-1.0	1.0	0.0	25.0
raw_rescue_ani0.97_xny700_br0.5_af0.1_raw_depth_abundance	hmp_airskin_gtdb_source_abundance,hmp_gastrooral_gtdb_source_abundance	0.8882791407442188	180.96940660439162	-0.03507871949267515	1110	316	66	0.0010183459215245849	0.0	140.42885949199834	-0.9608348273917772	2.0	0.0	-2.0	2.0	0.0	24.0
raw_rescue_ani0.97_xny700_br0.5_af0.1_zero_rescue_mass	hmp_airskin_gtdb_source_abundance,hmp_gastrooral_gtdb_source_abundance	0.8882791407442188	35.76275879445157	0.9316002425700405	1110	316	66	0.0010183459215245849	0.0	0.0	0.0	2.0	0.0	-2.0	2.0	0.0	24.0
raw_rescue_ani0.97_xny700_br0.5_af0.3_raw_depth_abundance	hmp_airskin_gtdb_source_abundance,hmp_gastrooral_gtdb_source_abundance	0.8882791407442188	180.96940660439162	-0.03507871949267515	1110	316	66	0.0010183459215245849	0.0	140.42885949199834	-0.9608348273917772	2.0	0.0	-2.0	2.0	0.0	24.0
raw_rescue_ani0.97_xny700_br0.5_af0.3_zero_rescue_mass	hmp_airskin_gtdb_source_abundance,hmp_gastrooral_gtdb_source_abundance	0.8882791407442188	35.76275879445157	0.9316002425700405	1110	316	66	0.0010183459215245849	0.0	0.0	0.0	2.0	0.0	-2.0	2.0	0.0	24.0
raw_rescue_ani0.97_xny700_br0.5_af0.5_raw_depth_abundance	hmp_airskin_gtdb_source_abundance,hmp_gastrooral_gtdb_source_abundance	0.8882791407442188	180.96940660439162	-0.03507871949267515	1110	316	66	0.0010183459215245849	0.0	140.42885949199834	-0.9608348273917772	2.0	0.0	-2.0	2.0	0.0	24.0
raw_rescue_ani0.97_xny700_br0.5_af0.5_zero_rescue_mass	hmp_airskin_gtdb_source_abundance,hmp_gastrooral_gtdb_source_abundance	0.8882791407442188	35.76275879445157	0.9316002425700405	1110	316	66	0.0010183459215245849	0.0	0.0	0.0	2.0	0.0	-2.0	2.0	0.0	24.0
raw_rescue_ani0.97_xny700_br0.5_af0.7_raw_depth_abundance	hmp_airskin_gtdb_source_abundance,hmp_gastrooral_gtdb_source_abundance	0.8882791407442188	180.96940660439162	-0.03507871949267515	1110	316	66	0.0010183459215245849	0.0	140.42885949199834	-0.9608348273917772	2.0	0.0	-2.0	2.0	0.0	24.0
raw_rescue_ani0.97_xny700_br0.5_af0.7_zero_rescue_mass	hmp_airskin_gtdb_source_abundance,hmp_gastrooral_gtdb_source_abundance	0.8882791407442188	35.76275879445157	0.9316002425700405	1110	316	66	0.0010183459215245849	0.0	0.0	0.0	2.0	0.0	-2.0	2.0	0.0	24.0
raw_rescue_ani0.97_xny700_br0.5_af0.9_raw_depth_abundance	hmp_airskin_gtdb_source_abundance,hmp_gastrooral_gtdb_source_abundance	0.8850712707698818	180.96946329090525	-0.035078691981263115	1109	316	67	0.0005902026362384435	0.0	140.4288682130004	-0.9608348231592523	1.0	0.0	-1.0	1.0	0.0	25.0
raw_rescue_ani0.97_xny700_br0.5_af0.9_zero_rescue_mass	hmp_airskin_gtdb_source_abundance,hmp_gastrooral_gtdb_source_abundance	0.8850712707698818	35.76275879445157	0.9316002425700405	1109	316	67	0.0005902026362384435	0.0	0.0	0.0	1.0	0.0	-1.0	1.0	0.0	25.0
raw_rescue_ani0.97_xny900_br0.05_af0.1_raw_depth_abundance	hmp_airskin_gtdb_source_abundance,hmp_gastrooral_gtdb_source_abundance	0.8850712707698818	180.96946329090525	-0.035078691981263115	1109	316	67	0.0005902026362384435	0.0	140.4288682130004	-0.9608348231592523	1.0	0.0	-1.0	1.0	0.0	25.0
raw_rescue_ani0.97_xny900_br0.05_af0.1_zero_rescue_mass	hmp_airskin_gtdb_source_abundance,hmp_gastrooral_gtdb_source_abundance	0.8850712707698818	35.76275879445157	0.9316002425700405	1109	316	67	0.0005902026362384435	0.0	0.0	0.0	1.0	0.0	-1.0	1.0	0.0	25.0
raw_rescue_ani0.97_xny900_br0.05_af0.3_raw_depth_abundance	hmp_airskin_gtdb_source_abundance,hmp_gastrooral_gtdb_source_abundance	0.8850712707698818	180.96946329090525	-0.035078691981263115	1109	316	67	0.0005902026362384435	0.0	140.4288682130004	-0.9608348231592523	1.0	0.0	-1.0	1.0	0.0	25.0
raw_rescue_ani0.97_xny900_br0.05_af0.3_zero_rescue_mass	hmp_airskin_gtdb_source_abundance,hmp_gastrooral_gtdb_source_abundance	0.8850712707698818	35.76275879445157	0.9316002425700405	1109	316	67	0.0005902026362384435	0.0	0.0	0.0	1.0	0.0	-1.0	1.0	0.0	25.0
raw_rescue_ani0.97_xny900_br0.05_af0.5_raw_depth_abundance	hmp_airskin_gtdb_source_abundance,hmp_gastrooral_gtdb_source_abundance	0.8850712707698818	180.96946329090525	-0.035078691981263115	1109	316	67	0.0005902026362384435	0.0	140.4288682130004	-0.9608348231592523	1.0	0.0	-1.0	1.0	0.0	25.0
raw_rescue_ani0.97_xny900_br0.05_af0.5_zero_rescue_mass	hmp_airskin_gtdb_source_abundance,hmp_gastrooral_gtdb_source_abundance	0.8850712707698818	35.76275879445157	0.9316002425700405	1109	316	67	0.0005902026362384435	0.0	0.0	0.0	1.0	0.0	-1.0	1.0	0.0	25.0
raw_rescue_ani0.97_xny900_br0.05_af0.7_raw_depth_abundance	hmp_airskin_gtdb_source_abundance,hmp_gastrooral_gtdb_source_abundance	0.8850712707698818	180.96946329090525	-0.035078691981263115	1109	316	67	0.0005902026362384435	0.0	140.4288682130004	-0.9608348231592523	1.0	0.0	-1.0	1.0	0.0	25.0
raw_rescue_ani0.97_xny900_br0.05_af0.7_zero_rescue_mass	hmp_airskin_gtdb_source_abundance,hmp_gastrooral_gtdb_source_abundance	0.8850712707698818	35.76275879445157	0.9316002425700405	1109	316	67	0.0005902026362384435	0.0	0.0	0.0	1.0	0.0	-1.0	1.0	0.0	25.0
raw_rescue_ani0.97_xny900_br0.05_af0.9_raw_depth_abundance	hmp_airskin_gtdb_source_abundance,hmp_gastrooral_gtdb_source_abundance	0.8850712707698818	180.96946329090525	-0.035078691981263115	1109	316	67	0.0005902026362384435	0.0	140.4288682130004	-0.9608348231592523	1.0	0.0	-1.0	1.0	0.0	25.0
raw_rescue_ani0.97_xny900_br0.05_af0.9_zero_rescue_mass	hmp_airskin_gtdb_source_abundance,hmp_gastrooral_gtdb_source_abundance	0.8850712707698818	35.76275879445157	0.9316002425700405	1109	316	67	0.0005902026362384435	0.0	0.0	0.0	1.0	0.0	-1.0	1.0	0.0	25.0
raw_rescue_ani0.97_xny900_br0.15_af0.1_raw_depth_abundance	hmp_airskin_gtdb_source_abundance,hmp_gastrooral_gtdb_source_abundance	0.8850712707698818	180.96946329090525	-0.035078691981263115	1109	316	67	0.0005902026362384435	0.0	140.4288682130004	-0.9608348231592523	1.0	0.0	-1.0	1.0	0.0	25.0
raw_rescue_ani0.97_xny900_br0.15_af0.1_zero_rescue_mass	hmp_airskin_gtdb_source_abundance,hmp_gastrooral_gtdb_source_abundance	0.8850712707698818	35.76275879445157	0.9316002425700405	1109	316	67	0.0005902026362384435	0.0	0.0	0.0	1.0	0.0	-1.0	1.0	0.0	25.0
raw_rescue_ani0.97_xny900_br0.15_af0.3_raw_depth_abundance	hmp_airskin_gtdb_source_abundance,hmp_gastrooral_gtdb_source_abundance	0.8850712707698818	180.96946329090525	-0.035078691981263115	1109	316	67	0.0005902026362384435	0.0	140.4288682130004	-0.9608348231592523	1.0	0.0	-1.0	1.0	0.0	25.0
raw_rescue_ani0.97_xny900_br0.15_af0.3_zero_rescue_mass	hmp_airskin_gtdb_source_abundance,hmp_gastrooral_gtdb_source_abundance	0.8850712707698818	35.76275879445157	0.9316002425700405	1109	316	67	0.0005902026362384435	0.0	0.0	0.0	1.0	0.0	-1.0	1.0	0.0	25.0
raw_rescue_ani0.97_xny900_br0.15_af0.5_raw_depth_abundance	hmp_airskin_gtdb_source_abundance,hmp_gastrooral_gtdb_source_abundance	0.8850712707698818	180.96946329090525	-0.035078691981263115	1109	316	67	0.0005902026362384435	0.0	140.4288682130004	-0.9608348231592523	1.0	0.0	-1.0	1.0	0.0	25.0
raw_rescue_ani0.97_xny900_br0.15_af0.5_zero_rescue_mass	hmp_airskin_gtdb_source_abundance,hmp_gastrooral_gtdb_source_abundance	0.8850712707698818	35.76275879445157	0.9316002425700405	1109	316	67	0.0005902026362384435	0.0	0.0	0.0	1.0	0.0	-1.0	1.0	0.0	25.0
raw_rescue_ani0.97_xny900_br0.15_af0.7_raw_depth_abundance	hmp_airskin_gtdb_source_abundance,hmp_gastrooral_gtdb_source_abundance	0.8850712707698818	180.96946329090525	-0.035078691981263115	1109	316	67	0.0005902026362384435	0.0	140.4288682130004	-0.9608348231592523	1.0	0.0	-1.0	1.0	0.0	25.0
raw_rescue_ani0.97_xny900_br0.15_af0.7_zero_rescue_mass	hmp_airskin_gtdb_source_abundance,hmp_gastrooral_gtdb_source_abundance	0.8850712707698818	35.76275879445157	0.9316002425700405	1109	316	67	0.0005902026362384435	0.0	0.0	0.0	1.0	0.0	-1.0	1.0	0.0	25.0
raw_rescue_ani0.97_xny900_br0.15_af0.9_raw_depth_abundance	hmp_airskin_gtdb_source_abundance,hmp_gastrooral_gtdb_source_abundance	0.8850712707698818	180.96946329090525	-0.035078691981263115	1109	316	67	0.0005902026362384435	0.0	140.4288682130004	-0.9608348231592523	1.0	0.0	-1.0	1.0	0.0	25.0
raw_rescue_ani0.97_xny900_br0.15_af0.9_zero_rescue_mass	hmp_airskin_gtdb_source_abundance,hmp_gastrooral_gtdb_source_abundance	0.8850712707698818	35.76275879445157	0.9316002425700405	1109	316	67	0.0005902026362384435	0.0	0.0	0.0	1.0	0.0	-1.0	1.0	0.0	25.0
raw_rescue_ani0.97_xny900_br0.1_af0.1_raw_depth_abundance	hmp_airskin_gtdb_source_abundance,hmp_gastrooral_gtdb_source_abundance	0.8850712707698818	180.96946329090525	-0.035078691981263115	1109	316	67	0.0005902026362384435	0.0	140.4288682130004	-0.9608348231592523	1.0	0.0	-1.0	1.0	0.0	25.0
raw_rescue_ani0.97_xny900_br0.1_af0.1_zero_rescue_mass	hmp_airskin_gtdb_source_abundance,hmp_gastrooral_gtdb_source_abundance	0.8850712707698818	35.76275879445157	0.9316002425700405	1109	316	67	0.0005902026362384435	0.0	0.0	0.0	1.0	0.0	-1.0	1.0	0.0	25.0
raw_rescue_ani0.97_xny900_br0.1_af0.3_raw_depth_abundance	hmp_airskin_gtdb_source_abundance,hmp_gastrooral_gtdb_source_abundance	0.8850712707698818	180.96946329090525	-0.035078691981263115	1109	316	67	0.0005902026362384435	0.0	140.4288682130004	-0.9608348231592523	1.0	0.0	-1.0	1.0	0.0	25.0
raw_rescue_ani0.97_xny900_br0.1_af0.3_zero_rescue_mass	hmp_airskin_gtdb_source_abundance,hmp_gastrooral_gtdb_source_abundance	0.8850712707698818	35.76275879445157	0.9316002425700405	1109	316	67	0.0005902026362384435	0.0	0.0	0.0	1.0	0.0	-1.0	1.0	0.0	25.0
raw_rescue_ani0.97_xny900_br0.1_af0.5_raw_depth_abundance	hmp_airskin_gtdb_source_abundance,hmp_gastrooral_gtdb_source_abundance	0.8850712707698818	180.96946329090525	-0.035078691981263115	1109	316	67	0.0005902026362384435	0.0	140.4288682130004	-0.9608348231592523	1.0	0.0	-1.0	1.0	0.0	25.0
raw_rescue_ani0.97_xny900_br0.1_af0.5_zero_rescue_mass	hmp_airskin_gtdb_source_abundance,hmp_gastrooral_gtdb_source_abundance	0.8850712707698818	35.76275879445157	0.9316002425700405	1109	316	67	0.0005902026362384435	0.0	0.0	0.0	1.0	0.0	-1.0	1.0	0.0	25.0
raw_rescue_ani0.97_xny900_br0.1_af0.7_raw_depth_abundance	hmp_airskin_gtdb_source_abundance,hmp_gastrooral_gtdb_source_abundance	0.8850712707698818	180.96946329090525	-0.035078691981263115	1109	316	67	0.0005902026362384435	0.0	140.4288682130004	-0.9608348231592523	1.0	0.0	-1.0	1.0	0.0	25.0
raw_rescue_ani0.97_xny900_br0.1_af0.7_zero_rescue_mass	hmp_airskin_gtdb_source_abundance,hmp_gastrooral_gtdb_source_abundance	0.8850712707698818	35.76275879445157	0.9316002425700405	1109	316	67	0.0005902026362384435	0.0	0.0	0.0	1.0	0.0	-1.0	1.0	0.0	25.0
raw_rescue_ani0.97_xny900_br0.1_af0.9_raw_depth_abundance	hmp_airskin_gtdb_source_abundance,hmp_gastrooral_gtdb_source_abundance	0.8850712707698818	180.96946329090525	-0.035078691981263115	1109	316	67	0.0005902026362384435	0.0	140.4288682130004	-0.9608348231592523	1.0	0.0	-1.0	1.0	0.0	25.0
raw_rescue_ani0.97_xny900_br0.1_af0.9_zero_rescue_mass	hmp_airskin_gtdb_source_abundance,hmp_gastrooral_gtdb_source_abundance	0.8850712707698818	35.76275879445157	0.9316002425700405	1109	316	67	0.0005902026362384435	0.0	0.0	0.0	1.0	0.0	-1.0	1.0	0.0	25.0
raw_rescue_ani0.97_xny900_br0.25_af0.1_raw_depth_abundance	hmp_airskin_gtdb_source_abundance,hmp_gastrooral_gtdb_source_abundance	0.8850712707698818	180.96946329090525	-0.035078691981263115	1109	316	67	0.0005902026362384435	0.0	140.4288682130004	-0.9608348231592523	1.0	0.0	-1.0	1.0	0.0	25.0
raw_rescue_ani0.97_xny900_br0.25_af0.1_zero_rescue_mass	hmp_airskin_gtdb_source_abundance,hmp_gastrooral_gtdb_source_abundance	0.8850712707698818	35.76275879445157	0.9316002425700405	1109	316	67	0.0005902026362384435	0.0	0.0	0.0	1.0	0.0	-1.0	1.0	0.0	25.0
raw_rescue_ani0.97_xny900_br0.25_af0.3_raw_depth_abundance	hmp_airskin_gtdb_source_abundance,hmp_gastrooral_gtdb_source_abundance	0.8850712707698818	180.96946329090525	-0.035078691981263115	1109	316	67	0.0005902026362384435	0.0	140.4288682130004	-0.9608348231592523	1.0	0.0	-1.0	1.0	0.0	25.0
raw_rescue_ani0.97_xny900_br0.25_af0.3_zero_rescue_mass	hmp_airskin_gtdb_source_abundance,hmp_gastrooral_gtdb_source_abundance	0.8850712707698818	35.76275879445157	0.9316002425700405	1109	316	67	0.0005902026362384435	0.0	0.0	0.0	1.0	0.0	-1.0	1.0	0.0	25.0
raw_rescue_ani0.97_xny900_br0.25_af0.5_raw_depth_abundance	hmp_airskin_gtdb_source_abundance,hmp_gastrooral_gtdb_source_abundance	0.8850712707698818	180.96946329090525	-0.035078691981263115	1109	316	67	0.0005902026362384435	0.0	140.4288682130004	-0.9608348231592523	1.0	0.0	-1.0	1.0	0.0	25.0
raw_rescue_ani0.97_xny900_br0.25_af0.5_zero_rescue_mass	hmp_airskin_gtdb_source_abundance,hmp_gastrooral_gtdb_source_abundance	0.8850712707698818	35.76275879445157	0.9316002425700405	1109	316	67	0.0005902026362384435	0.0	0.0	0.0	1.0	0.0	-1.0	1.0	0.0	25.0
raw_rescue_ani0.97_xny900_br0.25_af0.7_raw_depth_abundance	hmp_airskin_gtdb_source_abundance,hmp_gastrooral_gtdb_source_abundance	0.8850712707698818	180.96946329090525	-0.035078691981263115	1109	316	67	0.0005902026362384435	0.0	140.4288682130004	-0.9608348231592523	1.0	0.0	-1.0	1.0	0.0	25.0
raw_rescue_ani0.97_xny900_br0.25_af0.7_zero_rescue_mass	hmp_airskin_gtdb_source_abundance,hmp_gastrooral_gtdb_source_abundance	0.8850712707698818	35.76275879445157	0.9316002425700405	1109	316	67	0.0005902026362384435	0.0	0.0	0.0	1.0	0.0	-1.0	1.0	0.0	25.0
raw_rescue_ani0.97_xny900_br0.25_af0.9_raw_depth_abundance	hmp_airskin_gtdb_source_abundance,hmp_gastrooral_gtdb_source_abundance	0.8850712707698818	180.96946329090525	-0.035078691981263115	1109	316	67	0.0005902026362384435	0.0	140.4288682130004	-0.9608348231592523	1.0	0.0	-1.0	1.0	0.0	25.0
raw_rescue_ani0.97_xny900_br0.25_af0.9_zero_rescue_mass	hmp_airskin_gtdb_source_abundance,hmp_gastrooral_gtdb_source_abundance	0.8850712707698818	35.76275879445157	0.9316002425700405	1109	316	67	0.0005902026362384435	0.0	0.0	0.0	1.0	0.0	-1.0	1.0	0.0	25.0
raw_rescue_ani0.97_xny900_br0.2_af0.1_raw_depth_abundance	hmp_airskin_gtdb_source_abundance,hmp_gastrooral_gtdb_source_abundance	0.8850712707698818	180.96946329090525	-0.035078691981263115	1109	316	67	0.0005902026362384435	0.0	140.4288682130004	-0.9608348231592523	1.0	0.0	-1.0	1.0	0.0	25.0
raw_rescue_ani0.97_xny900_br0.2_af0.1_zero_rescue_mass	hmp_airskin_gtdb_source_abundance,hmp_gastrooral_gtdb_source_abundance	0.8850712707698818	35.76275879445157	0.9316002425700405	1109	316	67	0.0005902026362384435	0.0	0.0	0.0	1.0	0.0	-1.0	1.0	0.0	25.0
raw_rescue_ani0.97_xny900_br0.2_af0.3_raw_depth_abundance	hmp_airskin_gtdb_source_abundance,hmp_gastrooral_gtdb_source_abundance	0.8850712707698818	180.96946329090525	-0.035078691981263115	1109	316	67	0.0005902026362384435	0.0	140.4288682130004	-0.9608348231592523	1.0	0.0	-1.0	1.0	0.0	25.0
raw_rescue_ani0.97_xny900_br0.2_af0.3_zero_rescue_mass	hmp_airskin_gtdb_source_abundance,hmp_gastrooral_gtdb_source_abundance	0.8850712707698818	35.76275879445157	0.9316002425700405	1109	316	67	0.0005902026362384435	0.0	0.0	0.0	1.0	0.0	-1.0	1.0	0.0	25.0
raw_rescue_ani0.97_xny900_br0.2_af0.5_raw_depth_abundance	hmp_airskin_gtdb_source_abundance,hmp_gastrooral_gtdb_source_abundance	0.8850712707698818	180.96946329090525	-0.035078691981263115	1109	316	67	0.0005902026362384435	0.0	140.4288682130004	-0.9608348231592523	1.0	0.0	-1.0	1.0	0.0	25.0
raw_rescue_ani0.97_xny900_br0.2_af0.5_zero_rescue_mass	hmp_airskin_gtdb_source_abundance,hmp_gastrooral_gtdb_source_abundance	0.8850712707698818	35.76275879445157	0.9316002425700405	1109	316	67	0.0005902026362384435	0.0	0.0	0.0	1.0	0.0	-1.0	1.0	0.0	25.0
raw_rescue_ani0.97_xny900_br0.2_af0.7_raw_depth_abundance	hmp_airskin_gtdb_source_abundance,hmp_gastrooral_gtdb_source_abundance	0.8850712707698818	180.96946329090525	-0.035078691981263115	1109	316	67	0.0005902026362384435	0.0	140.4288682130004	-0.9608348231592523	1.0	0.0	-1.0	1.0	0.0	25.0
raw_rescue_ani0.97_xny900_br0.2_af0.7_zero_rescue_mass	hmp_airskin_gtdb_source_abundance,hmp_gastrooral_gtdb_source_abundance	0.8850712707698818	35.76275879445157	0.9316002425700405	1109	316	67	0.0005902026362384435	0.0	0.0	0.0	1.0	0.0	-1.0	1.0	0.0	25.0
raw_rescue_ani0.97_xny900_br0.2_af0.9_raw_depth_abundance	hmp_airskin_gtdb_source_abundance,hmp_gastrooral_gtdb_source_abundance	0.8850712707698818	180.96946329090525	-0.035078691981263115	1109	316	67	0.0005902026362384435	0.0	140.4288682130004	-0.9608348231592523	1.0	0.0	-1.0	1.0	0.0	25.0
raw_rescue_ani0.97_xny900_br0.2_af0.9_zero_rescue_mass	hmp_airskin_gtdb_source_abundance,hmp_gastrooral_gtdb_source_abundance	0.8850712707698818	35.76275879445157	0.9316002425700405	1109	316	67	0.0005902026362384435	0.0	0.0	0.0	1.0	0.0	-1.0	1.0	0.0	25.0
raw_rescue_ani0.97_xny900_br0.3_af0.1_raw_depth_abundance	hmp_airskin_gtdb_source_abundance,hmp_gastrooral_gtdb_source_abundance	0.8850712707698818	180.96946329090525	-0.035078691981263115	1109	316	67	0.0005902026362384435	0.0	140.4288682130004	-0.9608348231592523	1.0	0.0	-1.0	1.0	0.0	25.0
raw_rescue_ani0.97_xny900_br0.3_af0.1_zero_rescue_mass	hmp_airskin_gtdb_source_abundance,hmp_gastrooral_gtdb_source_abundance	0.8850712707698818	35.76275879445157	0.9316002425700405	1109	316	67	0.0005902026362384435	0.0	0.0	0.0	1.0	0.0	-1.0	1.0	0.0	25.0
raw_rescue_ani0.97_xny900_br0.3_af0.3_raw_depth_abundance	hmp_airskin_gtdb_source_abundance,hmp_gastrooral_gtdb_source_abundance	0.8850712707698818	180.96946329090525	-0.035078691981263115	1109	316	67	0.0005902026362384435	0.0	140.4288682130004	-0.9608348231592523	1.0	0.0	-1.0	1.0	0.0	25.0
raw_rescue_ani0.97_xny900_br0.3_af0.3_zero_rescue_mass	hmp_airskin_gtdb_source_abundance,hmp_gastrooral_gtdb_source_abundance	0.8850712707698818	35.76275879445157	0.9316002425700405	1109	316	67	0.0005902026362384435	0.0	0.0	0.0	1.0	0.0	-1.0	1.0	0.0	25.0
raw_rescue_ani0.97_xny900_br0.3_af0.5_raw_depth_abundance	hmp_airskin_gtdb_source_abundance,hmp_gastrooral_gtdb_source_abundance	0.8850712707698818	180.96946329090525	-0.035078691981263115	1109	316	67	0.0005902026362384435	0.0	140.4288682130004	-0.9608348231592523	1.0	0.0	-1.0	1.0	0.0	25.0
raw_rescue_ani0.97_xny900_br0.3_af0.5_zero_rescue_mass	hmp_airskin_gtdb_source_abundance,hmp_gastrooral_gtdb_source_abundance	0.8850712707698818	35.76275879445157	0.9316002425700405	1109	316	67	0.0005902026362384435	0.0	0.0	0.0	1.0	0.0	-1.0	1.0	0.0	25.0
raw_rescue_ani0.97_xny900_br0.3_af0.7_raw_depth_abundance	hmp_airskin_gtdb_source_abundance,hmp_gastrooral_gtdb_source_abundance	0.8850712707698818	180.96946329090525	-0.035078691981263115	1109	316	67	0.0005902026362384435	0.0	140.4288682130004	-0.9608348231592523	1.0	0.0	-1.0	1.0	0.0	25.0
raw_rescue_ani0.97_xny900_br0.3_af0.7_zero_rescue_mass	hmp_airskin_gtdb_source_abundance,hmp_gastrooral_gtdb_source_abundance	0.8850712707698818	35.76275879445157	0.9316002425700405	1109	316	67	0.0005902026362384435	0.0	0.0	0.0	1.0	0.0	-1.0	1.0	0.0	25.0
raw_rescue_ani0.97_xny900_br0.3_af0.9_raw_depth_abundance	hmp_airskin_gtdb_source_abundance,hmp_gastrooral_gtdb_source_abundance	0.8850712707698818	180.96946329090525	-0.035078691981263115	1109	316	67	0.0005902026362384435	0.0	140.4288682130004	-0.9608348231592523	1.0	0.0	-1.0	1.0	0.0	25.0
raw_rescue_ani0.97_xny900_br0.3_af0.9_zero_rescue_mass	hmp_airskin_gtdb_source_abundance,hmp_gastrooral_gtdb_source_abundance	0.8850712707698818	35.76275879445157	0.9316002425700405	1109	316	67	0.0005902026362384435	0.0	0.0	0.0	1.0	0.0	-1.0	1.0	0.0	25.0
raw_rescue_ani0.97_xny900_br0.5_af0.1_raw_depth_abundance	hmp_airskin_gtdb_source_abundance,hmp_gastrooral_gtdb_source_abundance	0.8850712707698818	180.96946329090525	-0.035078691981263115	1109	316	67	0.0005902026362384435	0.0	140.4288682130004	-0.9608348231592523	1.0	0.0	-1.0	1.0	0.0	25.0
raw_rescue_ani0.97_xny900_br0.5_af0.1_zero_rescue_mass	hmp_airskin_gtdb_source_abundance,hmp_gastrooral_gtdb_source_abundance	0.8850712707698818	35.76275879445157	0.9316002425700405	1109	316	67	0.0005902026362384435	0.0	0.0	0.0	1.0	0.0	-1.0	1.0	0.0	25.0
raw_rescue_ani0.97_xny900_br0.5_af0.3_raw_depth_abundance	hmp_airskin_gtdb_source_abundance,hmp_gastrooral_gtdb_source_abundance	0.8850712707698818	180.96946329090525	-0.035078691981263115	1109	316	67	0.0005902026362384435	0.0	140.4288682130004	-0.9608348231592523	1.0	0.0	-1.0	1.0	0.0	25.0
raw_rescue_ani0.97_xny900_br0.5_af0.3_zero_rescue_mass	hmp_airskin_gtdb_source_abundance,hmp_gastrooral_gtdb_source_abundance	0.8850712707698818	35.76275879445157	0.9316002425700405	1109	316	67	0.0005902026362384435	0.0	0.0	0.0	1.0	0.0	-1.0	1.0	0.0	25.0
raw_rescue_ani0.97_xny900_br0.5_af0.5_raw_depth_abundance	hmp_airskin_gtdb_source_abundance,hmp_gastrooral_gtdb_source_abundance	0.8850712707698818	180.96946329090525	-0.035078691981263115	1109	316	67	0.0005902026362384435	0.0	140.4288682130004	-0.9608348231592523	1.0	0.0	-1.0	1.0	0.0	25.0
raw_rescue_ani0.97_xny900_br0.5_af0.5_zero_rescue_mass	hmp_airskin_gtdb_source_abundance,hmp_gastrooral_gtdb_source_abundance	0.8850712707698818	35.76275879445157	0.9316002425700405	1109	316	67	0.0005902026362384435	0.0	0.0	0.0	1.0	0.0	-1.0	1.0	0.0	25.0
raw_rescue_ani0.97_xny900_br0.5_af0.7_raw_depth_abundance	hmp_airskin_gtdb_source_abundance,hmp_gastrooral_gtdb_source_abundance	0.8850712707698818	180.96946329090525	-0.035078691981263115	1109	316	67	0.0005902026362384435	0.0	140.4288682130004	-0.9608348231592523	1.0	0.0	-1.0	1.0	0.0	25.0
raw_rescue_ani0.97_xny900_br0.5_af0.7_zero_rescue_mass	hmp_airskin_gtdb_source_abundance,hmp_gastrooral_gtdb_source_abundance	0.8850712707698818	35.76275879445157	0.9316002425700405	1109	316	67	0.0005902026362384435	0.0	0.0	0.0	1.0	0.0	-1.0	1.0	0.0	25.0
raw_rescue_ani0.97_xny900_br0.5_af0.9_raw_depth_abundance	hmp_airskin_gtdb_source_abundance,hmp_gastrooral_gtdb_source_abundance	0.8850712707698818	180.96946329090525	-0.035078691981263115	1109	316	67	0.0005902026362384435	0.0	140.4288682130004	-0.9608348231592523	1.0	0.0	-1.0	1.0	0.0	25.0
raw_rescue_ani0.97_xny900_br0.5_af0.9_zero_rescue_mass	hmp_airskin_gtdb_source_abundance,hmp_gastrooral_gtdb_source_abundance	0.8850712707698818	35.76275879445157	0.9316002425700405	1109	316	67	0.0005902026362384435	0.0	0.0	0.0	1.0	0.0	-1.0	1.0	0.0	25.0
raw_rescue_ani0.9_xny100_br0.05_af0.1_raw_depth_abundance	hmp_airskin_gtdb_source_abundance,hmp_gastrooral_gtdb_source_abundance	0.6964123524069028	188.07889850325358	-0.043323356857922	1144	850	32	-0.1584333042104738	-0.4213709677419355	153.54581736078293	-0.9829229815996748	36.0	534.0	-36.0	0.0	26.0	0.0
raw_rescue_ani0.9_xny100_br0.05_af0.1_zero_rescue_mass	hmp_airskin_gtdb_source_abundance,hmp_gastrooral_gtdb_source_abundance	0.6964123524069028	35.762758794451564	0.9330591308158203	1144	850	32	-0.1584333042104738	-0.4213709677419355	-8.540177112501204e-16	0.0014095643643838307	36.0	534.0	-36.0	0.0	26.0	0.0
raw_rescue_ani0.9_xny100_br0.05_af0.3_raw_depth_abundance	hmp_airskin_gtdb_source_abundance,hmp_gastrooral_gtdb_source_abundance	0.7685742373954024	187.50104338166483	-0.04470476479679671	1143	655	33	-0.10672060529436492	-0.2592592592592593	152.48167927367413	-0.9849959167573276	35.0	339.0	-35.0	0.0	26.0	0.0
raw_rescue_ani0.9_xny100_br0.05_af0.3_zero_rescue_mass	hmp_airskin_gtdb_source_abundance,hmp_gastrooral_gtdb_source_abundance	0.7685742373954024	35.76275879445157	0.9324211657639141	1143	655	33	-0.10672060529436492	-0.2592592592592593	-1.1273033788501589e-15	0.0009888220416185934	35.0	339.0	-35.0	0.0	26.0	0.0
raw_rescue_ani0.9_xny100_br0.05_af0.5_raw_depth_abundance	hmp_airskin_gtdb_source_abundance,hmp_gastrooral_gtdb_source_abundance	0.8584002669929914	181.27675231670855	-0.02701665407116597	1139	388	37	-0.010053852608964516	-0.08051948051948055	140.99625692884135	-0.9539694071760116	31.0	72.0	-31.0	7.0	11.0	8.0
raw_rescue_ani0.9_xny100_br0.05_af0.5_zero_rescue_mass	hmp_airskin_gtdb_source_abundance,hmp_gastrooral_gtdb_source_abundance	0.8584002669929914	35.76275879445157	0.9316588370411916	1139	388	37	-0.010053852608964516	-0.08051948051948055	-2.7328566760003855e-16	0.00020295083806657003	31.0	72.0	-31.0	7.0	11.0	8.0
raw_rescue_ani0.9_xny100_br0.05_af0.7_raw_depth_abundance	hmp_airskin_gtdb_source_abundance,hmp_gastrooral_gtdb_source_abundance	0.8906961803527624	180.95813867399602	-0.035345659354083826	1121	317	55	0.007757430082350909	0.0	140.40805715896028	-0.9613276394436087	13.0	1.0	-13.0	9.0	0.0	17.0
raw_rescue_ani0.9_xny100_br0.05_af0.7_zero_rescue_mass	hmp_airskin_gtdb_source_abundance,hmp_gastrooral_gtdb_source_abundance	0.8906961803527624	35.76275879445157	0.931600391105674	1121	317	55	0.007757430082350909	0.0	0.0	2.742196312415064e-07	13.0	1.0	-13.0	9.0	0.0	17.0
raw_rescue_ani0.9_xny100_br0.05_af0.9_raw_depth_abundance	hmp_airskin_gtdb_source_abundance,hmp_gastrooral_gtdb_source_abundance	0.8850712707698818	180.96946329090525	-0.035078691981263115	1109	316	67	0.0005902026362384435	0.0	140.4288682130004	-0.9608348231592523	1.0	0.0	-1.0	1.0	0.0	25.0
raw_rescue_ani0.9_xny100_br0.05_af0.9_zero_rescue_mass	hmp_airskin_gtdb_source_abundance,hmp_gastrooral_gtdb_source_abundance	0.8850712707698818	35.76275879445157	0.9316002425700405	1109	316	67	0.0005902026362384435	0.0	0.0	0.0	1.0	0.0	-1.0	1.0	0.0	25.0
raw_rescue_ani0.9_xny100_br0.15_af0.1_raw_depth_abundance	hmp_airskin_gtdb_source_abundance,hmp_gastrooral_gtdb_source_abundance	0.8139139636678479	185.60821115062308	-0.024586023377605314	1137	529	39	-0.07076480788571046	-0.19999999999999996	148.99278781642164	-0.9559201906012782	29.0	213.0	-29.0	0.0	26.0	0.0
raw_rescue_ani0.9_xny100_br0.15_af0.1_zero_rescue_mass	hmp_airskin_gtdb_source_abundance,hmp_gastrooral_gtdb_source_abundance	0.8139139636678479	35.76275879445157	0.9320508930019221	1137	529	39	-0.07076480788571046	-0.19999999999999996	-7.856962943501108e-16	0.0007309906988104451	29.0	213.0	-29.0	0.0	26.0	0.0
raw_rescue_ani0.9_xny100_br0.15_af0.3_raw_depth_abundance	hmp_airskin_gtdb_source_abundance,hmp_gastrooral_gtdb_source_abundance	0.8180217348574348	185.05083533835432	-0.023012185747959796	1136	514	40	-0.06457249501167059	-0.19999999999999996	147.96378638994136	-0.9524976465241195	28.0	198.0	-28.0	0.0	26.0	0.0
raw_rescue_ani0.9_xny100_br0.15_af0.3_zero_rescue_mass	hmp_airskin_gtdb_source_abundance,hmp_gastrooral_gtdb_source_abundance	0.8180217348574348	35.76275879445157	0.9320119358338712	1136	514	40	-0.06457249501167059	-0.19999999999999996	-1.1273033788501589e-15	0.0006635053193586807	28.0	198.0	-28.0	0.0	26.0	0.0
raw_rescue_ani0.9_xny100_br0.15_af0.5_raw_depth_abundance	hmp_airskin_gtdb_source_abundance,hmp_gastrooral_gtdb_source_abundance	0.8681763160899851	181.28819961551858	-0.02882830928046142	1135	366	41	-0.003904179960592105	-0.04127906976744178	141.01739069595135	-0.9552256284686335	27.0	50.0	-27.0	7.0	11.0	8.0
raw_rescue_ani0.9_xny100_br0.15_af0.5_zero_rescue_mass	hmp_airskin_gtdb_source_abundance,hmp_gastrooral_gtdb_source_abundance	0.8681763160899851	35.76275879445157	0.9316754710445734	1135	366	41	-0.003904179960592105	-0.04127906976744178	-6.832141690000964e-16	0.00019963511062692785	27.0	50.0	-27.0	7.0	11.0	8.0
raw_rescue_ani0.9_xny100_br0.15_af0.7_raw_depth_abundance	hmp_airskin_gtdb_source_abundance,hmp_gastrooral_gtdb_source_abundance	0.8904615834063687	180.96958893212593	-0.03486898713187393	1120	317	56	0.0069050023682210625	0.0	140.4291960970462	-0.9604476291872212	12.0	1.0	-12.0	9.0	0.0	17.0
raw_rescue_ani0.9_xny100_br0.15_af0.7_zero_rescue_mass	hmp_airskin_gtdb_source_abundance,hmp_gastrooral_gtdb_source_abundance	0.8904615834063687	35.76275879445157	0.931600391105674	1120	317	56	0.0069050023682210625	0.0	0.0	2.742196312415064e-07	12.0	1.0	-12.0	9.0	0.0	17.0
raw_rescue_ani0.9_xny100_br0.15_af0.9_raw_depth_abundance	hmp_airskin_gtdb_source_abundance,hmp_gastrooral_gtdb_source_abundance	0.8850712707698818	180.96946329090525	-0.035078691981263115	1109	316	67	0.0005902026362384435	0.0	140.4288682130004	-0.9608348231592523	1.0	0.0	-1.0	1.0	0.0	25.0
raw_rescue_ani0.9_xny100_br0.15_af0.9_zero_rescue_mass	hmp_airskin_gtdb_source_abundance,hmp_gastrooral_gtdb_source_abundance	0.8850712707698818	35.76275879445157	0.9316002425700405	1109	316	67	0.0005902026362384435	0.0	0.0	0.0	1.0	0.0	-1.0	1.0	0.0	25.0
raw_rescue_ani0.9_xny100_br0.1_af0.1_raw_depth_abundance	hmp_airskin_gtdb_source_abundance,hmp_gastrooral_gtdb_source_abundance	0.7526945087886634	187.85716940505114	-0.03758350593214922	1144	749	32	-0.13207684284094864	-0.3660714285714285	153.1413642499291	-0.9809058088515152	36.0	433.0	-36.0	0.0	26.0	0.0
raw_rescue_ani0.9_xny100_br0.1_af0.1_zero_rescue_mass	hmp_airskin_gtdb_source_abundance,hmp_gastrooral_gtdb_source_abundance	0.7526945087886634	35.762758794451564	0.9326529827467108	1144	749	32	-0.13207684284094864	-0.3660714285714285	-1.673874714050236e-15	0.0011712972685377332	36.0	433.0	-36.0	0.0	26.0	0.0
raw_rescue_ani0.9_xny100_br0.1_af0.3_raw_depth_abundance	hmp_airskin_gtdb_source_abundance,hmp_gastrooral_gtdb_source_abundance	0.7820884699057288	187.38280789001084	-0.037480076929549154	1143	636	33	-0.09945490264331461	-0.2592592592592593	152.2676242018981	-0.9817974271476705	35.0	320.0	-35.0	0.0	26.0	0.0
raw_rescue_ani0.9_xny100_br0.1_af0.3_zero_rescue_mass	hmp_airskin_gtdb_source_abundance,hmp_gastrooral_gtdb_source_abundance	0.7820884699057288	35.76275879445157	0.9322973302768878	1143	636	33	-0.09945490264331461	-0.2592592592592593	-9.906605450501397e-16	0.0008865335596360097	35.0	320.0	-35.0	0.0	26.0	0.0
raw_rescue_ani0.9_xny100_br0.1_af0.5_raw_depth_abundance	hmp_airskin_gtdb_source_abundance,hmp_gastrooral_gtdb_source_abundance	0.8584002669929914	181.27675231670855	-0.02701665407116597	1139	388	37	-0.010053852608964516	-0.08051948051948055	140.99625692884135	-0.9539694071760116	31.0	72.0	-31.0	7.0	11.0	8.0
raw_rescue_ani0.9_xny100_br0.1_af0.5_zero_rescue_mass	hmp_airskin_gtdb_source_abundance,hmp_gastrooral_gtdb_source_abundance	0.8584002669929914	35.76275879445157	0.9316588370411916	1139	388	37	-0.010053852608964516	-0.08051948051948055	-2.7328566760003855e-16	0.00020295083806657003	31.0	72.0	-31.0	7.0	11.0	8.0
raw_rescue_ani0.9_xny100_br0.1_af0.7_raw_depth_abundance	hmp_airskin_gtdb_source_abundance,hmp_gastrooral_gtdb_source_abundance	0.8906961803527624	180.95813867399602	-0.035345659354083826	1121	317	55	0.007757430082350909	0.0	140.40805715896028	-0.9613276394436087	13.0	1.0	-13.0	9.0	0.0	17.0
raw_rescue_ani0.9_xny100_br0.1_af0.7_zero_rescue_mass	hmp_airskin_gtdb_source_abundance,hmp_gastrooral_gtdb_source_abundance	0.8906961803527624	35.76275879445157	0.931600391105674	1121	317	55	0.007757430082350909	0.0	0.0	2.742196312415064e-07	13.0	1.0	-13.0	9.0	0.0	17.0
raw_rescue_ani0.9_xny100_br0.1_af0.9_raw_depth_abundance	hmp_airskin_gtdb_source_abundance,hmp_gastrooral_gtdb_source_abundance	0.8850712707698818	180.96946329090525	-0.035078691981263115	1109	316	67	0.0005902026362384435	0.0	140.4288682130004	-0.9608348231592523	1.0	0.0	-1.0	1.0	0.0	25.0
raw_rescue_ani0.9_xny100_br0.1_af0.9_zero_rescue_mass	hmp_airskin_gtdb_source_abundance,hmp_gastrooral_gtdb_source_abundance	0.8850712707698818	35.76275879445157	0.9316002425700405	1109	316	67	0.0005902026362384435	0.0	0.0	0.0	1.0	0.0	-1.0	1.0	0.0	25.0
raw_rescue_ani0.9_xny100_br0.25_af0.1_raw_depth_abundance	hmp_airskin_gtdb_source_abundance,hmp_gastrooral_gtdb_source_abundance	0.8793886295325191	181.81211526504214	-0.03322555945447362	1123	341	53	-0.005237169684770982	-0.09090909090909094	141.98461506094057	-0.9602286603082509	15.0	25.0	-15.0	9.0	13.0	4.0
raw_rescue_ani0.9_xny100_br0.25_af0.1_zero_rescue_mass	hmp_airskin_gtdb_source_abundance,hmp_gastrooral_gtdb_source_abundance	0.8793886295325191	35.76275879445157	0.9317624860798432	1123	341	53	-0.005237169684770982	-0.09090909090909094	-5.465713352000771e-16	0.00012899764841886382	15.0	25.0	-15.0	9.0	13.0	4.0
raw_rescue_ani0.9_xny100_br0.25_af0.3_raw_depth_abundance	hmp_airskin_gtdb_source_abundance,hmp_gastrooral_gtdb_source_abundance	0.8793886295325191	181.81211526504214	-0.03322555945447362	1123	341	53	-0.005237169684770982	-0.09090909090909094	141.98461506094057	-0.9602286603082509	15.0	25.0	-15.0	9.0	13.0	4.0
raw_rescue_ani0.9_xny100_br0.25_af0.3_zero_rescue_mass	hmp_airskin_gtdb_source_abundance,hmp_gastrooral_gtdb_source_abundance	0.8793886295325191	35.76275879445157	0.9317624860798432	1123	341	53	-0.005237169684770982	-0.09090909090909094	-5.465713352000771e-16	0.00012899764841886382	15.0	25.0	-15.0	9.0	13.0	4.0
raw_rescue_ani0.9_xny100_br0.25_af0.5_raw_depth_abundance	hmp_airskin_gtdb_source_abundance,hmp_gastrooral_gtdb_source_abundance	0.8867930440231866	181.18337043144305	-0.034649959792442786	1122	326	54	0.0029086978305477916	-0.018142235123367212	140.82386041847525	-0.961024866668339	14.0	10.0	-14.0	10.0	4.0	12.0
raw_rescue_ani0.9_xny100_br0.25_af0.5_zero_rescue_mass	hmp_airskin_gtdb_source_abundance,hmp_gastrooral_gtdb_source_abundance	0.8867930440231866	35.76275879445157	0.9317157784356527	1122	326	54	0.0029086978305477916	-0.018142235123367212	2.7328566760003855e-16	0.00010404339071255444	14.0	10.0	-14.0	10.0	4.0	12.0
raw_rescue_ani0.9_xny100_br0.25_af0.7_raw_depth_abundance	hmp_airskin_gtdb_source_abundance,hmp_gastrooral_gtdb_source_abundance	0.8904011461318051	180.9695905226842	-0.034909772564946664	1119	316	57	0.006308287395956782	0.0	140.42919903346152	-0.9605229253713555	11.0	0.0	-11.0	9.0	0.0	17.0
raw_rescue_ani0.9_xny100_br0.25_af0.7_zero_rescue_mass	hmp_airskin_gtdb_source_abundance,hmp_gastrooral_gtdb_source_abundance	0.8904011461318051	35.76275879445157	0.9316002425700405	1119	316	57	0.006308287395956782	0.0	0.0	0.0	11.0	0.0	-11.0	9.0	0.0	17.0
raw_rescue_ani0.9_xny100_br0.25_af0.9_raw_depth_abundance	hmp_airskin_gtdb_source_abundance,hmp_gastrooral_gtdb_source_abundance	0.8850712707698818	180.96946329090525	-0.035078691981263115	1109	316	67	0.0005902026362384435	0.0	140.4288682130004	-0.9608348231592523	1.0	0.0	-1.0	1.0	0.0	25.0
raw_rescue_ani0.9_xny100_br0.25_af0.9_zero_rescue_mass	hmp_airskin_gtdb_source_abundance,hmp_gastrooral_gtdb_source_abundance	0.8850712707698818	35.76275879445157	0.9316002425700405	1109	316	67	0.0005902026362384435	0.0	0.0	0.0	1.0	0.0	-1.0	1.0	0.0	25.0
raw_rescue_ani0.9_xny100_br0.2_af0.1_raw_depth_abundance	hmp_airskin_gtdb_source_abundance,hmp_gastrooral_gtdb_source_abundance	0.864782146362744	184.11950598650463	-0.03239297657746463	1131	410	45	-0.034133778586717546	-0.19999999999999996	146.24441318192464	-0.9604017882383279	23.0	94.0	-23.0	3.0	23.0	0.0
raw_rescue_ani0.9_xny100_br0.2_af0.1_zero_rescue_mass	hmp_airskin_gtdb_source_abundance,hmp_gastrooral_gtdb_source_abundance	0.864782146362744	35.76275879445157	0.9318752975473428	1131	410	45	-0.034133778586717546	-0.19999999999999996	-1.0248212535001446e-16	0.000402349593023556	23.0	94.0	-23.0	3.0	23.0	0.0
raw_rescue_ani0.9_xny100_br0.2_af0.3_raw_depth_abundance	hmp_airskin_gtdb_source_abundance,hmp_gastrooral_gtdb_source_abundance	0.8651078073339002	183.78133922086948	-0.031025613866182335	1131	408	45	-0.03214876970515694	-0.19999999999999996	145.6201053069059	-0.9578774263098068	23.0	92.0	-23.0	3.0	23.0	0.0
raw_rescue_ani0.9_xny100_br0.2_af0.3_zero_rescue_mass	hmp_airskin_gtdb_source_abundance,hmp_gastrooral_gtdb_source_abundance	0.8651078073339002	35.76275879445157	0.9318420287349172	1131	408	45	-0.03214876970515694	-0.19999999999999996	-1.0248212535001446e-16	0.0003409302470070558	23.0	92.0	-23.0	3.0	23.0	0.0
raw_rescue_ani0.9_xny100_br0.2_af0.5_raw_depth_abundance	hmp_airskin_gtdb_source_abundance,hmp_gastrooral_gtdb_source_abundance	0.8840458414570355	181.1833677439183	-0.033044886595308985	1130	338	46	0.0017328329078435528	-0.035612535612535634	140.82385534723454	-0.9589692140204874	22.0	22.0	-22.0	12.0	5.0	9.0
raw_rescue_ani0.9_xny100_br0.2_af0.5_zero_rescue_mass	hmp_airskin_gtdb_source_abundance,hmp_gastrooral_gtdb_source_abundance	0.8840458414570355	35.76275879445157	0.9316999516147748	1130	338	46	0.0017328329078435528	-0.035612535612535634	-5.465713352000771e-16	0.00011590386090121196	22.0	22.0	-22.0	12.0	5.0	9.0
raw_rescue_ani0.9_xny100_br0.2_af0.7_raw_depth_abundance	hmp_airskin_gtdb_source_abundance,hmp_gastrooral_gtdb_source_abundance	0.8902267944821136	180.96959052268437	-0.03486898665406321	1119	317	57	0.0061879228375822165	0.0	140.4291990334618	-0.9604476283051091	11.0	1.0	-11.0	9.0	0.0	17.0
raw_rescue_ani0.9_xny100_br0.2_af0.7_zero_rescue_mass	hmp_airskin_gtdb_source_abundance,hmp_gastrooral_gtdb_source_abundance	0.8902267944821136	35.76275879445157	0.931600391105674	1119	317	57	0.0061879228375822165	0.0	0.0	2.742196312415064e-07	11.0	1.0	-11.0	9.0	0.0	17.0
raw_rescue_ani0.9_xny100_br0.2_af0.9_raw_depth_abundance	hmp_airskin_gtdb_source_abundance,hmp_gastrooral_gtdb_source_abundance	0.8850712707698818	180.96946329090525	-0.035078691981263115	1109	316	67	0.0005902026362384435	0.0	140.4288682130004	-0.9608348231592523	1.0	0.0	-1.0	1.0	0.0	25.0
raw_rescue_ani0.9_xny100_br0.2_af0.9_zero_rescue_mass	hmp_airskin_gtdb_source_abundance,hmp_gastrooral_gtdb_source_abundance	0.8850712707698818	35.76275879445157	0.9316002425700405	1109	316	67	0.0005902026362384435	0.0	0.0	0.0	1.0	0.0	-1.0	1.0	0.0	25.0
raw_rescue_ani0.9_xny100_br0.3_af0.1_raw_depth_abundance	hmp_airskin_gtdb_source_abundance,hmp_gastrooral_gtdb_source_abundance	0.8858428805237315	181.21550775186012	-0.03507149895526184	1115	322	61	0.0009475710090749178	-0.0045033112582780754	140.88319085616828	-0.9618030928150818	7.0	6.0	-7.0	6.0	2.0	18.0
raw_rescue_ani0.9_xny100_br0.3_af0.1_zero_rescue_mass	hmp_airskin_gtdb_source_abundance,hmp_gastrooral_gtdb_source_abundance	0.8858428805237315	35.76275879445157	0.9317149614776257	1115	322	61	0.0009475710090749178	-0.0045033112582780754	2.7328566760003855e-16	0.00010253516050869796	7.0	6.0	-7.0	6.0	2.0	18.0
raw_rescue_ani0.9_xny100_br0.3_af0.3_raw_depth_abundance	hmp_airskin_gtdb_source_abundance,hmp_gastrooral_gtdb_source_abundance	0.8858428805237315	181.21550775186012	-0.03507149895526184	1115	322	61	0.0009475710090749178	-0.0045033112582780754	140.88319085616828	-0.9618030928150818	7.0	6.0	-7.0	6.0	2.0	18.0
raw_rescue_ani0.9_xny100_br0.3_af0.3_zero_rescue_mass	hmp_airskin_gtdb_source_abundance,hmp_gastrooral_gtdb_source_abundance	0.8858428805237315	35.76275879445157	0.9317149614776257	1115	322	61	0.0009475710090749178	-0.0045033112582780754	2.7328566760003855e-16	0.00010253516050869796	7.0	6.0	-7.0	6.0	2.0	18.0
raw_rescue_ani0.9_xny100_br0.3_af0.5_raw_depth_abundance	hmp_airskin_gtdb_source_abundance,hmp_gastrooral_gtdb_source_abundance	0.8858428805237315	181.21550775186012	-0.03507149895526184	1115	322	61	0.0009475710090749178	-0.0045033112582780754	140.88319085616828	-0.9618030928150818	7.0	6.0	-7.0	6.0	2.0	18.0
raw_rescue_ani0.9_xny100_br0.3_af0.5_zero_rescue_mass	hmp_airskin_gtdb_source_abundance,hmp_gastrooral_gtdb_source_abundance	0.8858428805237315	35.76275879445157	0.9317149614776257	1115	322	61	0.0009475710090749178	-0.0045033112582780754	2.7328566760003855e-16	0.00010253516050869796	7.0	6.0	-7.0	6.0	2.0	18.0
raw_rescue_ani0.9_xny100_br0.3_af0.7_raw_depth_abundance	hmp_airskin_gtdb_source_abundance,hmp_gastrooral_gtdb_source_abundance	0.8892241884448611	181.0017219222056	-0.034929923684303	1114	316	62	0.0033591364666979598	0.0	140.48851854027032	-0.9605601274378593	6.0	0.0	-6.0	5.0	0.0	21.0
raw_rescue_ani0.9_xny100_br0.3_af0.7_zero_rescue_mass	hmp_airskin_gtdb_source_abundance,hmp_gastrooral_gtdb_source_abundance	0.8892241884448611	35.76275879445157	0.9316002425700405	1114	316	62	0.0033591364666979598	0.0	0.0	0.0	6.0	0.0	-6.0	5.0	0.0	21.0
raw_rescue_ani0.9_xny100_br0.3_af0.9_raw_depth_abundance	hmp_airskin_gtdb_source_abundance,hmp_gastrooral_gtdb_source_abundance	0.8850712707698818	180.96946329090525	-0.035078691981263115	1109	316	67	0.0005902026362384435	0.0	140.4288682130004	-0.9608348231592523	1.0	0.0	-1.0	1.0	0.0	25.0
raw_rescue_ani0.9_xny100_br0.3_af0.9_zero_rescue_mass	hmp_airskin_gtdb_source_abundance,hmp_gastrooral_gtdb_source_abundance	0.8850712707698818	35.76275879445157	0.9316002425700405	1109	316	67	0.0005902026362384435	0.0	0.0	0.0	1.0	0.0	-1.0	1.0	0.0	25.0
raw_rescue_ani0.9_xny100_br0.5_af0.1_raw_depth_abundance	hmp_airskin_gtdb_source_abundance,hmp_gastrooral_gtdb_source_abundance	0.8882791407442188	180.96940660439162	-0.03507871949267515	1110	316	66	0.0010183459215245849	0.0	140.42885949199834	-0.9608348273917772	2.0	0.0	-2.0	2.0	0.0	24.0
raw_rescue_ani0.9_xny100_br0.5_af0.1_zero_rescue_mass	hmp_airskin_gtdb_source_abundance,hmp_gastrooral_gtdb_source_abundance	0.8882791407442188	35.76275879445157	0.9316002425700405	1110	316	66	0.0010183459215245849	0.0	0.0	0.0	2.0	0.0	-2.0	2.0	0.0	24.0
raw_rescue_ani0.9_xny100_br0.5_af0.3_raw_depth_abundance	hmp_airskin_gtdb_source_abundance,hmp_gastrooral_gtdb_source_abundance	0.8882791407442188	180.96940660439162	-0.03507871949267515	1110	316	66	0.0010183459215245849	0.0	140.42885949199834	-0.9608348273917772	2.0	0.0	-2.0	2.0	0.0	24.0
raw_rescue_ani0.9_xny100_br0.5_af0.3_zero_rescue_mass	hmp_airskin_gtdb_source_abundance,hmp_gastrooral_gtdb_source_abundance	0.8882791407442188	35.76275879445157	0.9316002425700405	1110	316	66	0.0010183459215245849	0.0	0.0	0.0	2.0	0.0	-2.0	2.0	0.0	24.0
raw_rescue_ani0.9_xny100_br0.5_af0.5_raw_depth_abundance	hmp_airskin_gtdb_source_abundance,hmp_gastrooral_gtdb_source_abundance	0.8882791407442188	180.96940660439162	-0.03507871949267515	1110	316	66	0.0010183459215245849	0.0	140.42885949199834	-0.9608348273917772	2.0	0.0	-2.0	2.0	0.0	24.0
raw_rescue_ani0.9_xny100_br0.5_af0.5_zero_rescue_mass	hmp_airskin_gtdb_source_abundance,hmp_gastrooral_gtdb_source_abundance	0.8882791407442188	35.76275879445157	0.9316002425700405	1110	316	66	0.0010183459215245849	0.0	0.0	0.0	2.0	0.0	-2.0	2.0	0.0	24.0
raw_rescue_ani0.9_xny100_br0.5_af0.7_raw_depth_abundance	hmp_airskin_gtdb_source_abundance,hmp_gastrooral_gtdb_source_abundance	0.8882791407442188	180.96940660439162	-0.03507871949267515	1110	316	66	0.0010183459215245849	0.0	140.42885949199834	-0.9608348273917772	2.0	0.0	-2.0	2.0	0.0	24.0
raw_rescue_ani0.9_xny100_br0.5_af0.7_zero_rescue_mass	hmp_airskin_gtdb_source_abundance,hmp_gastrooral_gtdb_source_abundance	0.8882791407442188	35.76275879445157	0.9316002425700405	1110	316	66	0.0010183459215245849	0.0	0.0	0.0	2.0	0.0	-2.0	2.0	0.0	24.0
raw_rescue_ani0.9_xny100_br0.5_af0.9_raw_depth_abundance	hmp_airskin_gtdb_source_abundance,hmp_gastrooral_gtdb_source_abundance	0.8850712707698818	180.96946329090525	-0.035078691981263115	1109	316	67	0.0005902026362384435	0.0	140.4288682130004	-0.9608348231592523	1.0	0.0	-1.0	1.0	0.0	25.0
raw_rescue_ani0.9_xny100_br0.5_af0.9_zero_rescue_mass	hmp_airskin_gtdb_source_abundance,hmp_gastrooral_gtdb_source_abundance	0.8850712707698818	35.76275879445157	0.9316002425700405	1109	316	67	0.0005902026362384435	0.0	0.0	0.0	1.0	0.0	-1.0	1.0	0.0	25.0
raw_rescue_ani0.9_xny300_br0.05_af0.1_raw_depth_abundance	hmp_airskin_gtdb_source_abundance,hmp_gastrooral_gtdb_source_abundance	0.7685742373954024	187.50104338166483	-0.04470476479679671	1143	655	33	-0.10672060529436492	-0.2592592592592593	152.48167927367413	-0.9849959167573276	35.0	339.0	-35.0	0.0	26.0	0.0
raw_rescue_ani0.9_xny300_br0.05_af0.1_zero_rescue_mass	hmp_airskin_gtdb_source_abundance,hmp_gastrooral_gtdb_source_abundance	0.7685742373954024	35.76275879445157	0.9324211657639141	1143	655	33	-0.10672060529436492	-0.2592592592592593	-1.1273033788501589e-15	0.0009888220416185934	35.0	339.0	-35.0	0.0	26.0	0.0
raw_rescue_ani0.9_xny300_br0.05_af0.3_raw_depth_abundance	hmp_airskin_gtdb_source_abundance,hmp_gastrooral_gtdb_source_abundance	0.7685742373954024	187.50104338166483	-0.04470476479679671	1143	655	33	-0.10672060529436492	-0.2592592592592593	152.48167927367413	-0.9849959167573276	35.0	339.0	-35.0	0.0	26.0	0.0
raw_rescue_ani0.9_xny300_br0.05_af0.3_zero_rescue_mass	hmp_airskin_gtdb_source_abundance,hmp_gastrooral_gtdb_source_abundance	0.7685742373954024	35.76275879445157	0.9324211657639141	1143	655	33	-0.10672060529436492	-0.2592592592592593	-1.1273033788501589e-15	0.0009888220416185934	35.0	339.0	-35.0	0.0	26.0	0.0
raw_rescue_ani0.9_xny300_br0.05_af0.5_raw_depth_abundance	hmp_airskin_gtdb_source_abundance,hmp_gastrooral_gtdb_source_abundance	0.8584002669929914	181.27675231670855	-0.02701665407116597	1139	388	37	-0.010053852608964516	-0.08051948051948055	140.99625692884135	-0.9539694071760116	31.0	72.0	-31.0	7.0	11.0	8.0
raw_rescue_ani0.9_xny300_br0.05_af0.5_zero_rescue_mass	hmp_airskin_gtdb_source_abundance,hmp_gastrooral_gtdb_source_abundance	0.8584002669929914	35.76275879445157	0.9316588370411916	1139	388	37	-0.010053852608964516	-0.08051948051948055	-2.7328566760003855e-16	0.00020295083806657003	31.0	72.0	-31.0	7.0	11.0	8.0
raw_rescue_ani0.9_xny300_br0.05_af0.7_raw_depth_abundance	hmp_airskin_gtdb_source_abundance,hmp_gastrooral_gtdb_source_abundance	0.8906961803527624	180.95813867399602	-0.035345659354083826	1121	317	55	0.007757430082350909	0.0	140.40805715896028	-0.9613276394436087	13.0	1.0	-13.0	9.0	0.0	17.0
raw_rescue_ani0.9_xny300_br0.05_af0.7_zero_rescue_mass	hmp_airskin_gtdb_source_abundance,hmp_gastrooral_gtdb_source_abundance	0.8906961803527624	35.76275879445157	0.931600391105674	1121	317	55	0.007757430082350909	0.0	0.0	2.742196312415064e-07	13.0	1.0	-13.0	9.0	0.0	17.0
raw_rescue_ani0.9_xny300_br0.05_af0.9_raw_depth_abundance	hmp_airskin_gtdb_source_abundance,hmp_gastrooral_gtdb_source_abundance	0.8850712707698818	180.96946329090525	-0.035078691981263115	1109	316	67	0.0005902026362384435	0.0	140.4288682130004	-0.9608348231592523	1.0	0.0	-1.0	1.0	0.0	25.0
raw_rescue_ani0.9_xny300_br0.05_af0.9_zero_rescue_mass	hmp_airskin_gtdb_source_abundance,hmp_gastrooral_gtdb_source_abundance	0.8850712707698818	35.76275879445157	0.9316002425700405	1109	316	67	0.0005902026362384435	0.0	0.0	0.0	1.0	0.0	-1.0	1.0	0.0	25.0
raw_rescue_ani0.9_xny300_br0.15_af0.1_raw_depth_abundance	hmp_airskin_gtdb_source_abundance,hmp_gastrooral_gtdb_source_abundance	0.8180217348574348	185.05083533835432	-0.023012185747959796	1136	514	40	-0.06457249501167059	-0.19999999999999996	147.96378638994136	-0.9524976465241195	28.0	198.0	-28.0	0.0	26.0	0.0
raw_rescue_ani0.9_xny300_br0.15_af0.1_zero_rescue_mass	hmp_airskin_gtdb_source_abundance,hmp_gastrooral_gtdb_source_abundance	0.8180217348574348	35.76275879445157	0.9320119358338712	1136	514	40	-0.06457249501167059	-0.19999999999999996	-1.1273033788501589e-15	0.0006635053193586807	28.0	198.0	-28.0	0.0	26.0	0.0
raw_rescue_ani0.9_xny300_br0.15_af0.3_raw_depth_abundance	hmp_airskin_gtdb_source_abundance,hmp_gastrooral_gtdb_source_abundance	0.8180217348574348	185.05083533835432	-0.023012185747959796	1136	514	40	-0.06457249501167059	-0.19999999999999996	147.96378638994136	-0.9524976465241195	28.0	198.0	-28.0	0.0	26.0	0.0
raw_rescue_ani0.9_xny300_br0.15_af0.3_zero_rescue_mass	hmp_airskin_gtdb_source_abundance,hmp_gastrooral_gtdb_source_abundance	0.8180217348574348	35.76275879445157	0.9320119358338712	1136	514	40	-0.06457249501167059	-0.19999999999999996	-1.1273033788501589e-15	0.0006635053193586807	28.0	198.0	-28.0	0.0	26.0	0.0
raw_rescue_ani0.9_xny300_br0.15_af0.5_raw_depth_abundance	hmp_airskin_gtdb_source_abundance,hmp_gastrooral_gtdb_source_abundance	0.8681763160899851	181.28819961551858	-0.02882830928046142	1135	366	41	-0.003904179960592105	-0.04127906976744178	141.01739069595135	-0.9552256284686335	27.0	50.0	-27.0	7.0	11.0	8.0
raw_rescue_ani0.9_xny300_br0.15_af0.5_zero_rescue_mass	hmp_airskin_gtdb_source_abundance,hmp_gastrooral_gtdb_source_abundance	0.8681763160899851	35.76275879445157	0.9316754710445734	1135	366	41	-0.003904179960592105	-0.04127906976744178	-6.832141690000964e-16	0.00019963511062692785	27.0	50.0	-27.0	7.0	11.0	8.0
raw_rescue_ani0.9_xny300_br0.15_af0.7_raw_depth_abundance	hmp_airskin_gtdb_source_abundance,hmp_gastrooral_gtdb_source_abundance	0.8904615834063687	180.96958893212593	-0.03486898713187393	1120	317	56	0.0069050023682210625	0.0	140.4291960970462	-0.9604476291872212	12.0	1.0	-12.0	9.0	0.0	17.0
raw_rescue_ani0.9_xny300_br0.15_af0.7_zero_rescue_mass	hmp_airskin_gtdb_source_abundance,hmp_gastrooral_gtdb_source_abundance	0.8904615834063687	35.76275879445157	0.931600391105674	1120	317	56	0.0069050023682210625	0.0	0.0	2.742196312415064e-07	12.0	1.0	-12.0	9.0	0.0	17.0
raw_rescue_ani0.9_xny300_br0.15_af0.9_raw_depth_abundance	hmp_airskin_gtdb_source_abundance,hmp_gastrooral_gtdb_source_abundance	0.8850712707698818	180.96946329090525	-0.035078691981263115	1109	316	67	0.0005902026362384435	0.0	140.4288682130004	-0.9608348231592523	1.0	0.0	-1.0	1.0	0.0	25.0
raw_rescue_ani0.9_xny300_br0.15_af0.9_zero_rescue_mass	hmp_airskin_gtdb_source_abundance,hmp_gastrooral_gtdb_source_abundance	0.8850712707698818	35.76275879445157	0.9316002425700405	1109	316	67	0.0005902026362384435	0.0	0.0	0.0	1.0	0.0	-1.0	1.0	0.0	25.0
raw_rescue_ani0.9_xny300_br0.1_af0.1_raw_depth_abundance	hmp_airskin_gtdb_source_abundance,hmp_gastrooral_gtdb_source_abundance	0.7820884699057288	187.38280789001084	-0.037480076929549154	1143	636	33	-0.09945490264331461	-0.2592592592592593	152.2676242018981	-0.9817974271476705	35.0	320.0	-35.0	0.0	26.0	0.0
raw_rescue_ani0.9_xny300_br0.1_af0.1_zero_rescue_mass	hmp_airskin_gtdb_source_abundance,hmp_gastrooral_gtdb_source_abundance	0.7820884699057288	35.76275879445157	0.9322973302768878	1143	636	33	-0.09945490264331461	-0.2592592592592593	-9.906605450501397e-16	0.0008865335596360097	35.0	320.0	-35.0	0.0	26.0	0.0
raw_rescue_ani0.9_xny300_br0.1_af0.3_raw_depth_abundance	hmp_airskin_gtdb_source_abundance,hmp_gastrooral_gtdb_source_abundance	0.7820884699057288	187.38280789001084	-0.037480076929549154	1143	636	33	-0.09945490264331461	-0.2592592592592593	152.2676242018981	-0.9817974271476705	35.0	320.0	-35.0	0.0	26.0	0.0
raw_rescue_ani0.9_xny300_br0.1_af0.3_zero_rescue_mass	hmp_airskin_gtdb_source_abundance,hmp_gastrooral_gtdb_source_abundance	0.7820884699057288	35.76275879445157	0.9322973302768878	1143	636	33	-0.09945490264331461	-0.2592592592592593	-9.906605450501397e-16	0.0008865335596360097	35.0	320.0	-35.0	0.0	26.0	0.0
raw_rescue_ani0.9_xny300_br0.1_af0.5_raw_depth_abundance	hmp_airskin_gtdb_source_abundance,hmp_gastrooral_gtdb_source_abundance	0.8584002669929914	181.27675231670855	-0.02701665407116597	1139	388	37	-0.010053852608964516	-0.08051948051948055	140.99625692884135	-0.9539694071760116	31.0	72.0	-31.0	7.0	11.0	8.0
raw_rescue_ani0.9_xny300_br0.1_af0.5_zero_rescue_mass	hmp_airskin_gtdb_source_abundance,hmp_gastrooral_gtdb_source_abundance	0.8584002669929914	35.76275879445157	0.9316588370411916	1139	388	37	-0.010053852608964516	-0.08051948051948055	-2.7328566760003855e-16	0.00020295083806657003	31.0	72.0	-31.0	7.0	11.0	8.0
raw_rescue_ani0.9_xny300_br0.1_af0.7_raw_depth_abundance	hmp_airskin_gtdb_source_abundance,hmp_gastrooral_gtdb_source_abundance	0.8906961803527624	180.95813867399602	-0.035345659354083826	1121	317	55	0.007757430082350909	0.0	140.40805715896028	-0.9613276394436087	13.0	1.0	-13.0	9.0	0.0	17.0
raw_rescue_ani0.9_xny300_br0.1_af0.7_zero_rescue_mass	hmp_airskin_gtdb_source_abundance,hmp_gastrooral_gtdb_source_abundance	0.8906961803527624	35.76275879445157	0.931600391105674	1121	317	55	0.007757430082350909	0.0	0.0	2.742196312415064e-07	13.0	1.0	-13.0	9.0	0.0	17.0
raw_rescue_ani0.9_xny300_br0.1_af0.9_raw_depth_abundance	hmp_airskin_gtdb_source_abundance,hmp_gastrooral_gtdb_source_abundance	0.8850712707698818	180.96946329090525	-0.035078691981263115	1109	316	67	0.0005902026362384435	0.0	140.4288682130004	-0.9608348231592523	1.0	0.0	-1.0	1.0	0.0	25.0
raw_rescue_ani0.9_xny300_br0.1_af0.9_zero_rescue_mass	hmp_airskin_gtdb_source_abundance,hmp_gastrooral_gtdb_source_abundance	0.8850712707698818	35.76275879445157	0.9316002425700405	1109	316	67	0.0005902026362384435	0.0	0.0	0.0	1.0	0.0	-1.0	1.0	0.0	25.0
raw_rescue_ani0.9_xny300_br0.25_af0.1_raw_depth_abundance	hmp_airskin_gtdb_source_abundance,hmp_gastrooral_gtdb_source_abundance	0.8793886295325191	181.81211526504214	-0.03322555945447362	1123	341	53	-0.005237169684770982	-0.09090909090909094	141.98461506094057	-0.9602286603082509	15.0	25.0	-15.0	9.0	13.0	4.0
raw_rescue_ani0.9_xny300_br0.25_af0.1_zero_rescue_mass	hmp_airskin_gtdb_source_abundance,hmp_gastrooral_gtdb_source_abundance	0.8793886295325191	35.76275879445157	0.9317624860798432	1123	341	53	-0.005237169684770982	-0.09090909090909094	-5.465713352000771e-16	0.00012899764841886382	15.0	25.0	-15.0	9.0	13.0	4.0
raw_rescue_ani0.9_xny300_br0.25_af0.3_raw_depth_abundance	hmp_airskin_gtdb_source_abundance,hmp_gastrooral_gtdb_source_abundance	0.8793886295325191	181.81211526504214	-0.03322555945447362	1123	341	53	-0.005237169684770982	-0.09090909090909094	141.98461506094057	-0.9602286603082509	15.0	25.0	-15.0	9.0	13.0	4.0
raw_rescue_ani0.9_xny300_br0.25_af0.3_zero_rescue_mass	hmp_airskin_gtdb_source_abundance,hmp_gastrooral_gtdb_source_abundance	0.8793886295325191	35.76275879445157	0.9317624860798432	1123	341	53	-0.005237169684770982	-0.09090909090909094	-5.465713352000771e-16	0.00012899764841886382	15.0	25.0	-15.0	9.0	13.0	4.0
raw_rescue_ani0.9_xny300_br0.25_af0.5_raw_depth_abundance	hmp_airskin_gtdb_source_abundance,hmp_gastrooral_gtdb_source_abundance	0.8867930440231866	181.18337043144305	-0.034649959792442786	1122	326	54	0.0029086978305477916	-0.018142235123367212	140.82386041847525	-0.961024866668339	14.0	10.0	-14.0	10.0	4.0	12.0
raw_rescue_ani0.9_xny300_br0.25_af0.5_zero_rescue_mass	hmp_airskin_gtdb_source_abundance,hmp_gastrooral_gtdb_source_abundance	0.8867930440231866	35.76275879445157	0.9317157784356527	1122	326	54	0.0029086978305477916	-0.018142235123367212	2.7328566760003855e-16	0.00010404339071255444	14.0	10.0	-14.0	10.0	4.0	12.0
raw_rescue_ani0.9_xny300_br0.25_af0.7_raw_depth_abundance	hmp_airskin_gtdb_source_abundance,hmp_gastrooral_gtdb_source_abundance	0.8904011461318051	180.9695905226842	-0.034909772564946664	1119	316	57	0.006308287395956782	0.0	140.42919903346152	-0.9605229253713555	11.0	0.0	-11.0	9.0	0.0	17.0
raw_rescue_ani0.9_xny300_br0.25_af0.7_zero_rescue_mass	hmp_airskin_gtdb_source_abundance,hmp_gastrooral_gtdb_source_abundance	0.8904011461318051	35.76275879445157	0.9316002425700405	1119	316	57	0.006308287395956782	0.0	0.0	0.0	11.0	0.0	-11.0	9.0	0.0	17.0
raw_rescue_ani0.9_xny300_br0.25_af0.9_raw_depth_abundance	hmp_airskin_gtdb_source_abundance,hmp_gastrooral_gtdb_source_abundance	0.8850712707698818	180.96946329090525	-0.035078691981263115	1109	316	67	0.0005902026362384435	0.0	140.4288682130004	-0.9608348231592523	1.0	0.0	-1.0	1.0	0.0	25.0
raw_rescue_ani0.9_xny300_br0.25_af0.9_zero_rescue_mass	hmp_airskin_gtdb_source_abundance,hmp_gastrooral_gtdb_source_abundance	0.8850712707698818	35.76275879445157	0.9316002425700405	1109	316	67	0.0005902026362384435	0.0	0.0	0.0	1.0	0.0	-1.0	1.0	0.0	25.0
raw_rescue_ani0.9_xny300_br0.2_af0.1_raw_depth_abundance	hmp_airskin_gtdb_source_abundance,hmp_gastrooral_gtdb_source_abundance	0.8651078073339002	183.78133922086948	-0.031025613866182335	1131	408	45	-0.03214876970515694	-0.19999999999999996	145.6201053069059	-0.9578774263098068	23.0	92.0	-23.0	3.0	23.0	0.0
raw_rescue_ani0.9_xny300_br0.2_af0.1_zero_rescue_mass	hmp_airskin_gtdb_source_abundance,hmp_gastrooral_gtdb_source_abundance	0.8651078073339002	35.76275879445157	0.9318420287349172	1131	408	45	-0.03214876970515694	-0.19999999999999996	-1.0248212535001446e-16	0.0003409302470070558	23.0	92.0	-23.0	3.0	23.0	0.0
raw_rescue_ani0.9_xny300_br0.2_af0.3_raw_depth_abundance	hmp_airskin_gtdb_source_abundance,hmp_gastrooral_gtdb_source_abundance	0.8651078073339002	183.78133922086948	-0.031025613866182335	1131	408	45	-0.03214876970515694	-0.19999999999999996	145.6201053069059	-0.9578774263098068	23.0	92.0	-23.0	3.0	23.0	0.0
raw_rescue_ani0.9_xny300_br0.2_af0.3_zero_rescue_mass	hmp_airskin_gtdb_source_abundance,hmp_gastrooral_gtdb_source_abundance	0.8651078073339002	35.76275879445157	0.9318420287349172	1131	408	45	-0.03214876970515694	-0.19999999999999996	-1.0248212535001446e-16	0.0003409302470070558	23.0	92.0	-23.0	3.0	23.0	0.0
raw_rescue_ani0.9_xny300_br0.2_af0.5_raw_depth_abundance	hmp_airskin_gtdb_source_abundance,hmp_gastrooral_gtdb_source_abundance	0.8840458414570355	181.1833677439183	-0.033044886595308985	1130	338	46	0.0017328329078435528	-0.035612535612535634	140.82385534723454	-0.9589692140204874	22.0	22.0	-22.0	12.0	5.0	9.0
raw_rescue_ani0.9_xny300_br0.2_af0.5_zero_rescue_mass	hmp_airskin_gtdb_source_abundance,hmp_gastrooral_gtdb_source_abundance	0.8840458414570355	35.76275879445157	0.9316999516147748	1130	338	46	0.0017328329078435528	-0.035612535612535634	-5.465713352000771e-16	0.00011590386090121196	22.0	22.0	-22.0	12.0	5.0	9.0
raw_rescue_ani0.9_xny300_br0.2_af0.7_raw_depth_abundance	hmp_airskin_gtdb_source_abundance,hmp_gastrooral_gtdb_source_abundance	0.8902267944821136	180.96959052268437	-0.03486898665406321	1119	317	57	0.0061879228375822165	0.0	140.4291990334618	-0.9604476283051091	11.0	1.0	-11.0	9.0	0.0	17.0
raw_rescue_ani0.9_xny300_br0.2_af0.7_zero_rescue_mass	hmp_airskin_gtdb_source_abundance,hmp_gastrooral_gtdb_source_abundance	0.8902267944821136	35.76275879445157	0.931600391105674	1119	317	57	0.0061879228375822165	0.0	0.0	2.742196312415064e-07	11.0	1.0	-11.0	9.0	0.0	17.0
raw_rescue_ani0.9_xny300_br0.2_af0.9_raw_depth_abundance	hmp_airskin_gtdb_source_abundance,hmp_gastrooral_gtdb_source_abundance	0.8850712707698818	180.96946329090525	-0.035078691981263115	1109	316	67	0.0005902026362384435	0.0	140.4288682130004	-0.9608348231592523	1.0	0.0	-1.0	1.0	0.0	25.0
raw_rescue_ani0.9_xny300_br0.2_af0.9_zero_rescue_mass	hmp_airskin_gtdb_source_abundance,hmp_gastrooral_gtdb_source_abundance	0.8850712707698818	35.76275879445157	0.9316002425700405	1109	316	67	0.0005902026362384435	0.0	0.0	0.0	1.0	0.0	-1.0	1.0	0.0	25.0
raw_rescue_ani0.9_xny300_br0.3_af0.1_raw_depth_abundance	hmp_airskin_gtdb_source_abundance,hmp_gastrooral_gtdb_source_abundance	0.8858428805237315	181.21550775186012	-0.03507149895526184	1115	322	61	0.0009475710090749178	-0.0045033112582780754	140.88319085616828	-0.9618030928150818	7.0	6.0	-7.0	6.0	2.0	18.0
raw_rescue_ani0.9_xny300_br0.3_af0.1_zero_rescue_mass	hmp_airskin_gtdb_source_abundance,hmp_gastrooral_gtdb_source_abundance	0.8858428805237315	35.76275879445157	0.9317149614776257	1115	322	61	0.0009475710090749178	-0.0045033112582780754	2.7328566760003855e-16	0.00010253516050869796	7.0	6.0	-7.0	6.0	2.0	18.0
raw_rescue_ani0.9_xny300_br0.3_af0.3_raw_depth_abundance	hmp_airskin_gtdb_source_abundance,hmp_gastrooral_gtdb_source_abundance	0.8858428805237315	181.21550775186012	-0.03507149895526184	1115	322	61	0.0009475710090749178	-0.0045033112582780754	140.88319085616828	-0.9618030928150818	7.0	6.0	-7.0	6.0	2.0	18.0
raw_rescue_ani0.9_xny300_br0.3_af0.3_zero_rescue_mass	hmp_airskin_gtdb_source_abundance,hmp_gastrooral_gtdb_source_abundance	0.8858428805237315	35.76275879445157	0.9317149614776257	1115	322	61	0.0009475710090749178	-0.0045033112582780754	2.7328566760003855e-16	0.00010253516050869796	7.0	6.0	-7.0	6.0	2.0	18.0
raw_rescue_ani0.9_xny300_br0.3_af0.5_raw_depth_abundance	hmp_airskin_gtdb_source_abundance,hmp_gastrooral_gtdb_source_abundance	0.8858428805237315	181.21550775186012	-0.03507149895526184	1115	322	61	0.0009475710090749178	-0.0045033112582780754	140.88319085616828	-0.9618030928150818	7.0	6.0	-7.0	6.0	2.0	18.0
raw_rescue_ani0.9_xny300_br0.3_af0.5_zero_rescue_mass	hmp_airskin_gtdb_source_abundance,hmp_gastrooral_gtdb_source_abundance	0.8858428805237315	35.76275879445157	0.9317149614776257	1115	322	61	0.0009475710090749178	-0.0045033112582780754	2.7328566760003855e-16	0.00010253516050869796	7.0	6.0	-7.0	6.0	2.0	18.0
raw_rescue_ani0.9_xny300_br0.3_af0.7_raw_depth_abundance	hmp_airskin_gtdb_source_abundance,hmp_gastrooral_gtdb_source_abundance	0.8892241884448611	181.0017219222056	-0.034929923684303	1114	316	62	0.0033591364666979598	0.0	140.48851854027032	-0.9605601274378593	6.0	0.0	-6.0	5.0	0.0	21.0
raw_rescue_ani0.9_xny300_br0.3_af0.7_zero_rescue_mass	hmp_airskin_gtdb_source_abundance,hmp_gastrooral_gtdb_source_abundance	0.8892241884448611	35.76275879445157	0.9316002425700405	1114	316	62	0.0033591364666979598	0.0	0.0	0.0	6.0	0.0	-6.0	5.0	0.0	21.0
raw_rescue_ani0.9_xny300_br0.3_af0.9_raw_depth_abundance	hmp_airskin_gtdb_source_abundance,hmp_gastrooral_gtdb_source_abundance	0.8850712707698818	180.96946329090525	-0.035078691981263115	1109	316	67	0.0005902026362384435	0.0	140.4288682130004	-0.9608348231592523	1.0	0.0	-1.0	1.0	0.0	25.0
raw_rescue_ani0.9_xny300_br0.3_af0.9_zero_rescue_mass	hmp_airskin_gtdb_source_abundance,hmp_gastrooral_gtdb_source_abundance	0.8850712707698818	35.76275879445157	0.9316002425700405	1109	316	67	0.0005902026362384435	0.0	0.0	0.0	1.0	0.0	-1.0	1.0	0.0	25.0
raw_rescue_ani0.9_xny300_br0.5_af0.1_raw_depth_abundance	hmp_airskin_gtdb_source_abundance,hmp_gastrooral_gtdb_source_abundance	0.8882791407442188	180.96940660439162	-0.03507871949267515	1110	316	66	0.0010183459215245849	0.0	140.42885949199834	-0.9608348273917772	2.0	0.0	-2.0	2.0	0.0	24.0
raw_rescue_ani0.9_xny300_br0.5_af0.1_zero_rescue_mass	hmp_airskin_gtdb_source_abundance,hmp_gastrooral_gtdb_source_abundance	0.8882791407442188	35.76275879445157	0.9316002425700405	1110	316	66	0.0010183459215245849	0.0	0.0	0.0	2.0	0.0	-2.0	2.0	0.0	24.0
raw_rescue_ani0.9_xny300_br0.5_af0.3_raw_depth_abundance	hmp_airskin_gtdb_source_abundance,hmp_gastrooral_gtdb_source_abundance	0.8882791407442188	180.96940660439162	-0.03507871949267515	1110	316	66	0.0010183459215245849	0.0	140.42885949199834	-0.9608348273917772	2.0	0.0	-2.0	2.0	0.0	24.0
raw_rescue_ani0.9_xny300_br0.5_af0.3_zero_rescue_mass	hmp_airskin_gtdb_source_abundance,hmp_gastrooral_gtdb_source_abundance	0.8882791407442188	35.76275879445157	0.9316002425700405	1110	316	66	0.0010183459215245849	0.0	0.0	0.0	2.0	0.0	-2.0	2.0	0.0	24.0
raw_rescue_ani0.9_xny300_br0.5_af0.5_raw_depth_abundance	hmp_airskin_gtdb_source_abundance,hmp_gastrooral_gtdb_source_abundance	0.8882791407442188	180.96940660439162	-0.03507871949267515	1110	316	66	0.0010183459215245849	0.0	140.42885949199834	-0.9608348273917772	2.0	0.0	-2.0	2.0	0.0	24.0
raw_rescue_ani0.9_xny300_br0.5_af0.5_zero_rescue_mass	hmp_airskin_gtdb_source_abundance,hmp_gastrooral_gtdb_source_abundance	0.8882791407442188	35.76275879445157	0.9316002425700405	1110	316	66	0.0010183459215245849	0.0	0.0	0.0	2.0	0.0	-2.0	2.0	0.0	24.0
raw_rescue_ani0.9_xny300_br0.5_af0.7_raw_depth_abundance	hmp_airskin_gtdb_source_abundance,hmp_gastrooral_gtdb_source_abundance	0.8882791407442188	180.96940660439162	-0.03507871949267515	1110	316	66	0.0010183459215245849	0.0	140.42885949199834	-0.9608348273917772	2.0	0.0	-2.0	2.0	0.0	24.0
raw_rescue_ani0.9_xny300_br0.5_af0.7_zero_rescue_mass	hmp_airskin_gtdb_source_abundance,hmp_gastrooral_gtdb_source_abundance	0.8882791407442188	35.76275879445157	0.9316002425700405	1110	316	66	0.0010183459215245849	0.0	0.0	0.0	2.0	0.0	-2.0	2.0	0.0	24.0
raw_rescue_ani0.9_xny300_br0.5_af0.9_raw_depth_abundance	hmp_airskin_gtdb_source_abundance,hmp_gastrooral_gtdb_source_abundance	0.8850712707698818	180.96946329090525	-0.035078691981263115	1109	316	67	0.0005902026362384435	0.0	140.4288682130004	-0.9608348231592523	1.0	0.0	-1.0	1.0	0.0	25.0
raw_rescue_ani0.9_xny300_br0.5_af0.9_zero_rescue_mass	hmp_airskin_gtdb_source_abundance,hmp_gastrooral_gtdb_source_abundance	0.8850712707698818	35.76275879445157	0.9316002425700405	1109	316	67	0.0005902026362384435	0.0	0.0	0.0	1.0	0.0	-1.0	1.0	0.0	25.0
raw_rescue_ani0.9_xny500_br0.05_af0.1_raw_depth_abundance	hmp_airskin_gtdb_source_abundance,hmp_gastrooral_gtdb_source_abundance	0.8584002669929914	181.27675231670855	-0.02701665407116597	1139	388	37	-0.010053852608964516	-0.08051948051948055	140.99625692884135	-0.9539694071760116	31.0	72.0	-31.0	7.0	11.0	8.0
raw_rescue_ani0.9_xny500_br0.05_af0.1_zero_rescue_mass	hmp_airskin_gtdb_source_abundance,hmp_gastrooral_gtdb_source_abundance	0.8584002669929914	35.76275879445157	0.9316588370411916	1139	388	37	-0.010053852608964516	-0.08051948051948055	-2.7328566760003855e-16	0.00020295083806657003	31.0	72.0	-31.0	7.0	11.0	8.0
raw_rescue_ani0.9_xny500_br0.05_af0.3_raw_depth_abundance	hmp_airskin_gtdb_source_abundance,hmp_gastrooral_gtdb_source_abundance	0.8584002669929914	181.27675231670855	-0.02701665407116597	1139	388	37	-0.010053852608964516	-0.08051948051948055	140.99625692884135	-0.9539694071760116	31.0	72.0	-31.0	7.0	11.0	8.0
raw_rescue_ani0.9_xny500_br0.05_af0.3_zero_rescue_mass	hmp_airskin_gtdb_source_abundance,hmp_gastrooral_gtdb_source_abundance	0.8584002669929914	35.76275879445157	0.9316588370411916	1139	388	37	-0.010053852608964516	-0.08051948051948055	-2.7328566760003855e-16	0.00020295083806657003	31.0	72.0	-31.0	7.0	11.0	8.0
raw_rescue_ani0.9_xny500_br0.05_af0.5_raw_depth_abundance	hmp_airskin_gtdb_source_abundance,hmp_gastrooral_gtdb_source_abundance	0.8584002669929914	181.27675231670855	-0.02701665407116597	1139	388	37	-0.010053852608964516	-0.08051948051948055	140.99625692884135	-0.9539694071760116	31.0	72.0	-31.0	7.0	11.0	8.0
raw_rescue_ani0.9_xny500_br0.05_af0.5_zero_rescue_mass	hmp_airskin_gtdb_source_abundance,hmp_gastrooral_gtdb_source_abundance	0.8584002669929914	35.76275879445157	0.9316588370411916	1139	388	37	-0.010053852608964516	-0.08051948051948055	-2.7328566760003855e-16	0.00020295083806657003	31.0	72.0	-31.0	7.0	11.0	8.0
raw_rescue_ani0.9_xny500_br0.05_af0.7_raw_depth_abundance	hmp_airskin_gtdb_source_abundance,hmp_gastrooral_gtdb_source_abundance	0.8906961803527624	180.95813867399602	-0.035345659354083826	1121	317	55	0.007757430082350909	0.0	140.40805715896028	-0.9613276394436087	13.0	1.0	-13.0	9.0	0.0	17.0
raw_rescue_ani0.9_xny500_br0.05_af0.7_zero_rescue_mass	hmp_airskin_gtdb_source_abundance,hmp_gastrooral_gtdb_source_abundance	0.8906961803527624	35.76275879445157	0.931600391105674	1121	317	55	0.007757430082350909	0.0	0.0	2.742196312415064e-07	13.0	1.0	-13.0	9.0	0.0	17.0
raw_rescue_ani0.9_xny500_br0.05_af0.9_raw_depth_abundance	hmp_airskin_gtdb_source_abundance,hmp_gastrooral_gtdb_source_abundance	0.8850712707698818	180.96946329090525	-0.035078691981263115	1109	316	67	0.0005902026362384435	0.0	140.4288682130004	-0.9608348231592523	1.0	0.0	-1.0	1.0	0.0	25.0
raw_rescue_ani0.9_xny500_br0.05_af0.9_zero_rescue_mass	hmp_airskin_gtdb_source_abundance,hmp_gastrooral_gtdb_source_abundance	0.8850712707698818	35.76275879445157	0.9316002425700405	1109	316	67	0.0005902026362384435	0.0	0.0	0.0	1.0	0.0	-1.0	1.0	0.0	25.0
raw_rescue_ani0.9_xny500_br0.15_af0.1_raw_depth_abundance	hmp_airskin_gtdb_source_abundance,hmp_gastrooral_gtdb_source_abundance	0.8681763160899851	181.28819961551858	-0.02882830928046142	1135	366	41	-0.003904179960592105	-0.04127906976744178	141.01739069595135	-0.9552256284686335	27.0	50.0	-27.0	7.0	11.0	8.0
raw_rescue_ani0.9_xny500_br0.15_af0.1_zero_rescue_mass	hmp_airskin_gtdb_source_abundance,hmp_gastrooral_gtdb_source_abundance	0.8681763160899851	35.76275879445157	0.9316754710445734	1135	366	41	-0.003904179960592105	-0.04127906976744178	-6.832141690000964e-16	0.00019963511062692785	27.0	50.0	-27.0	7.0	11.0	8.0
raw_rescue_ani0.9_xny500_br0.15_af0.3_raw_depth_abundance	hmp_airskin_gtdb_source_abundance,hmp_gastrooral_gtdb_source_abundance	0.8681763160899851	181.28819961551858	-0.02882830928046142	1135	366	41	-0.003904179960592105	-0.04127906976744178	141.01739069595135	-0.9552256284686335	27.0	50.0	-27.0	7.0	11.0	8.0
raw_rescue_ani0.9_xny500_br0.15_af0.3_zero_rescue_mass	hmp_airskin_gtdb_source_abundance,hmp_gastrooral_gtdb_source_abundance	0.8681763160899851	35.76275879445157	0.9316754710445734	1135	366	41	-0.003904179960592105	-0.04127906976744178	-6.832141690000964e-16	0.00019963511062692785	27.0	50.0	-27.0	7.0	11.0	8.0
raw_rescue_ani0.9_xny500_br0.15_af0.5_raw_depth_abundance	hmp_airskin_gtdb_source_abundance,hmp_gastrooral_gtdb_source_abundance	0.8681763160899851	181.28819961551858	-0.02882830928046142	1135	366	41	-0.003904179960592105	-0.04127906976744178	141.01739069595135	-0.9552256284686335	27.0	50.0	-27.0	7.0	11.0	8.0
raw_rescue_ani0.9_xny500_br0.15_af0.5_zero_rescue_mass	hmp_airskin_gtdb_source_abundance,hmp_gastrooral_gtdb_source_abundance	0.8681763160899851	35.76275879445157	0.9316754710445734	1135	366	41	-0.003904179960592105	-0.04127906976744178	-6.832141690000964e-16	0.00019963511062692785	27.0	50.0	-27.0	7.0	11.0	8.0
raw_rescue_ani0.9_xny500_br0.15_af0.7_raw_depth_abundance	hmp_airskin_gtdb_source_abundance,hmp_gastrooral_gtdb_source_abundance	0.8904615834063687	180.96958893212593	-0.03486898713187393	1120	317	56	0.0069050023682210625	0.0	140.4291960970462	-0.9604476291872212	12.0	1.0	-12.0	9.0	0.0	17.0
raw_rescue_ani0.9_xny500_br0.15_af0.7_zero_rescue_mass	hmp_airskin_gtdb_source_abundance,hmp_gastrooral_gtdb_source_abundance	0.8904615834063687	35.76275879445157	0.931600391105674	1120	317	56	0.0069050023682210625	0.0	0.0	2.742196312415064e-07	12.0	1.0	-12.0	9.0	0.0	17.0
raw_rescue_ani0.9_xny500_br0.15_af0.9_raw_depth_abundance	hmp_airskin_gtdb_source_abundance,hmp_gastrooral_gtdb_source_abundance	0.8850712707698818	180.96946329090525	-0.035078691981263115	1109	316	67	0.0005902026362384435	0.0	140.4288682130004	-0.9608348231592523	1.0	0.0	-1.0	1.0	0.0	25.0
raw_rescue_ani0.9_xny500_br0.15_af0.9_zero_rescue_mass	hmp_airskin_gtdb_source_abundance,hmp_gastrooral_gtdb_source_abundance	0.8850712707698818	35.76275879445157	0.9316002425700405	1109	316	67	0.0005902026362384435	0.0	0.0	0.0	1.0	0.0	-1.0	1.0	0.0	25.0
raw_rescue_ani0.9_xny500_br0.1_af0.1_raw_depth_abundance	hmp_airskin_gtdb_source_abundance,hmp_gastrooral_gtdb_source_abundance	0.8584002669929914	181.27675231670855	-0.02701665407116597	1139	388	37	-0.010053852608964516	-0.08051948051948055	140.99625692884135	-0.9539694071760116	31.0	72.0	-31.0	7.0	11.0	8.0
raw_rescue_ani0.9_xny500_br0.1_af0.1_zero_rescue_mass	hmp_airskin_gtdb_source_abundance,hmp_gastrooral_gtdb_source_abundance	0.8584002669929914	35.76275879445157	0.9316588370411916	1139	388	37	-0.010053852608964516	-0.08051948051948055	-2.7328566760003855e-16	0.00020295083806657003	31.0	72.0	-31.0	7.0	11.0	8.0
raw_rescue_ani0.9_xny500_br0.1_af0.3_raw_depth_abundance	hmp_airskin_gtdb_source_abundance,hmp_gastrooral_gtdb_source_abundance	0.8584002669929914	181.27675231670855	-0.02701665407116597	1139	388	37	-0.010053852608964516	-0.08051948051948055	140.99625692884135	-0.9539694071760116	31.0	72.0	-31.0	7.0	11.0	8.0
raw_rescue_ani0.9_xny500_br0.1_af0.3_zero_rescue_mass	hmp_airskin_gtdb_source_abundance,hmp_gastrooral_gtdb_source_abundance	0.8584002669929914	35.76275879445157	0.9316588370411916	1139	388	37	-0.010053852608964516	-0.08051948051948055	-2.7328566760003855e-16	0.00020295083806657003	31.0	72.0	-31.0	7.0	11.0	8.0
raw_rescue_ani0.9_xny500_br0.1_af0.5_raw_depth_abundance	hmp_airskin_gtdb_source_abundance,hmp_gastrooral_gtdb_source_abundance	0.8584002669929914	181.27675231670855	-0.02701665407116597	1139	388	37	-0.010053852608964516	-0.08051948051948055	140.99625692884135	-0.9539694071760116	31.0	72.0	-31.0	7.0	11.0	8.0
raw_rescue_ani0.9_xny500_br0.1_af0.5_zero_rescue_mass	hmp_airskin_gtdb_source_abundance,hmp_gastrooral_gtdb_source_abundance	0.8584002669929914	35.76275879445157	0.9316588370411916	1139	388	37	-0.010053852608964516	-0.08051948051948055	-2.7328566760003855e-16	0.00020295083806657003	31.0	72.0	-31.0	7.0	11.0	8.0
raw_rescue_ani0.9_xny500_br0.1_af0.7_raw_depth_abundance	hmp_airskin_gtdb_source_abundance,hmp_gastrooral_gtdb_source_abundance	0.8906961803527624	180.95813867399602	-0.035345659354083826	1121	317	55	0.007757430082350909	0.0	140.40805715896028	-0.9613276394436087	13.0	1.0	-13.0	9.0	0.0	17.0
raw_rescue_ani0.9_xny500_br0.1_af0.7_zero_rescue_mass	hmp_airskin_gtdb_source_abundance,hmp_gastrooral_gtdb_source_abundance	0.8906961803527624	35.76275879445157	0.931600391105674	1121	317	55	0.007757430082350909	0.0	0.0	2.742196312415064e-07	13.0	1.0	-13.0	9.0	0.0	17.0
raw_rescue_ani0.9_xny500_br0.1_af0.9_raw_depth_abundance	hmp_airskin_gtdb_source_abundance,hmp_gastrooral_gtdb_source_abundance	0.8850712707698818	180.96946329090525	-0.035078691981263115	1109	316	67	0.0005902026362384435	0.0	140.4288682130004	-0.9608348231592523	1.0	0.0	-1.0	1.0	0.0	25.0
raw_rescue_ani0.9_xny500_br0.1_af0.9_zero_rescue_mass	hmp_airskin_gtdb_source_abundance,hmp_gastrooral_gtdb_source_abundance	0.8850712707698818	35.76275879445157	0.9316002425700405	1109	316	67	0.0005902026362384435	0.0	0.0	0.0	1.0	0.0	-1.0	1.0	0.0	25.0
raw_rescue_ani0.9_xny500_br0.25_af0.1_raw_depth_abundance	hmp_airskin_gtdb_source_abundance,hmp_gastrooral_gtdb_source_abundance	0.8867930440231866	181.18337043144305	-0.034649959792442786	1122	326	54	0.0029086978305477916	-0.018142235123367212	140.82386041847525	-0.961024866668339	14.0	10.0	-14.0	10.0	4.0	12.0
raw_rescue_ani0.9_xny500_br0.25_af0.1_zero_rescue_mass	hmp_airskin_gtdb_source_abundance,hmp_gastrooral_gtdb_source_abundance	0.8867930440231866	35.76275879445157	0.9317157784356527	1122	326	54	0.0029086978305477916	-0.018142235123367212	2.7328566760003855e-16	0.00010404339071255444	14.0	10.0	-14.0	10.0	4.0	12.0
raw_rescue_ani0.9_xny500_br0.25_af0.3_raw_depth_abundance	hmp_airskin_gtdb_source_abundance,hmp_gastrooral_gtdb_source_abundance	0.8867930440231866	181.18337043144305	-0.034649959792442786	1122	326	54	0.0029086978305477916	-0.018142235123367212	140.82386041847525	-0.961024866668339	14.0	10.0	-14.0	10.0	4.0	12.0
raw_rescue_ani0.9_xny500_br0.25_af0.3_zero_rescue_mass	hmp_airskin_gtdb_source_abundance,hmp_gastrooral_gtdb_source_abundance	0.8867930440231866	35.76275879445157	0.9317157784356527	1122	326	54	0.0029086978305477916	-0.018142235123367212	2.7328566760003855e-16	0.00010404339071255444	14.0	10.0	-14.0	10.0	4.0	12.0
raw_rescue_ani0.9_xny500_br0.25_af0.5_raw_depth_abundance	hmp_airskin_gtdb_source_abundance,hmp_gastrooral_gtdb_source_abundance	0.8867930440231866	181.18337043144305	-0.034649959792442786	1122	326	54	0.0029086978305477916	-0.018142235123367212	140.82386041847525	-0.961024866668339	14.0	10.0	-14.0	10.0	4.0	12.0
raw_rescue_ani0.9_xny500_br0.25_af0.5_zero_rescue_mass	hmp_airskin_gtdb_source_abundance,hmp_gastrooral_gtdb_source_abundance	0.8867930440231866	35.76275879445157	0.9317157784356527	1122	326	54	0.0029086978305477916	-0.018142235123367212	2.7328566760003855e-16	0.00010404339071255444	14.0	10.0	-14.0	10.0	4.0	12.0
raw_rescue_ani0.9_xny500_br0.25_af0.7_raw_depth_abundance	hmp_airskin_gtdb_source_abundance,hmp_gastrooral_gtdb_source_abundance	0.8904011461318051	180.9695905226842	-0.034909772564946664	1119	316	57	0.006308287395956782	0.0	140.42919903346152	-0.9605229253713555	11.0	0.0	-11.0	9.0	0.0	17.0
raw_rescue_ani0.9_xny500_br0.25_af0.7_zero_rescue_mass	hmp_airskin_gtdb_source_abundance,hmp_gastrooral_gtdb_source_abundance	0.8904011461318051	35.76275879445157	0.9316002425700405	1119	316	57	0.006308287395956782	0.0	0.0	0.0	11.0	0.0	-11.0	9.0	0.0	17.0
raw_rescue_ani0.9_xny500_br0.25_af0.9_raw_depth_abundance	hmp_airskin_gtdb_source_abundance,hmp_gastrooral_gtdb_source_abundance	0.8850712707698818	180.96946329090525	-0.035078691981263115	1109	316	67	0.0005902026362384435	0.0	140.4288682130004	-0.9608348231592523	1.0	0.0	-1.0	1.0	0.0	25.0
raw_rescue_ani0.9_xny500_br0.25_af0.9_zero_rescue_mass	hmp_airskin_gtdb_source_abundance,hmp_gastrooral_gtdb_source_abundance	0.8850712707698818	35.76275879445157	0.9316002425700405	1109	316	67	0.0005902026362384435	0.0	0.0	0.0	1.0	0.0	-1.0	1.0	0.0	25.0
raw_rescue_ani0.9_xny500_br0.2_af0.1_raw_depth_abundance	hmp_airskin_gtdb_source_abundance,hmp_gastrooral_gtdb_source_abundance	0.8840458414570355	181.1833677439183	-0.033044886595308985	1130	338	46	0.0017328329078435528	-0.035612535612535634	140.82385534723454	-0.9589692140204874	22.0	22.0	-22.0	12.0	5.0	9.0
raw_rescue_ani0.9_xny500_br0.2_af0.1_zero_rescue_mass	hmp_airskin_gtdb_source_abundance,hmp_gastrooral_gtdb_source_abundance	0.8840458414570355	35.76275879445157	0.9316999516147748	1130	338	46	0.0017328329078435528	-0.035612535612535634	-5.465713352000771e-16	0.00011590386090121196	22.0	22.0	-22.0	12.0	5.0	9.0
raw_rescue_ani0.9_xny500_br0.2_af0.3_raw_depth_abundance	hmp_airskin_gtdb_source_abundance,hmp_gastrooral_gtdb_source_abundance	0.8840458414570355	181.1833677439183	-0.033044886595308985	1130	338	46	0.0017328329078435528	-0.035612535612535634	140.82385534723454	-0.9589692140204874	22.0	22.0	-22.0	12.0	5.0	9.0
raw_rescue_ani0.9_xny500_br0.2_af0.3_zero_rescue_mass	hmp_airskin_gtdb_source_abundance,hmp_gastrooral_gtdb_source_abundance	0.8840458414570355	35.76275879445157	0.9316999516147748	1130	338	46	0.0017328329078435528	-0.035612535612535634	-5.465713352000771e-16	0.00011590386090121196	22.0	22.0	-22.0	12.0	5.0	9.0
raw_rescue_ani0.9_xny500_br0.2_af0.5_raw_depth_abundance	hmp_airskin_gtdb_source_abundance,hmp_gastrooral_gtdb_source_abundance	0.8840458414570355	181.1833677439183	-0.033044886595308985	1130	338	46	0.0017328329078435528	-0.035612535612535634	140.82385534723454	-0.9589692140204874	22.0	22.0	-22.0	12.0	5.0	9.0
raw_rescue_ani0.9_xny500_br0.2_af0.5_zero_rescue_mass	hmp_airskin_gtdb_source_abundance,hmp_gastrooral_gtdb_source_abundance	0.8840458414570355	35.76275879445157	0.9316999516147748	1130	338	46	0.0017328329078435528	-0.035612535612535634	-5.465713352000771e-16	0.00011590386090121196	22.0	22.0	-22.0	12.0	5.0	9.0
raw_rescue_ani0.9_xny500_br0.2_af0.7_raw_depth_abundance	hmp_airskin_gtdb_source_abundance,hmp_gastrooral_gtdb_source_abundance	0.8902267944821136	180.96959052268437	-0.03486898665406321	1119	317	57	0.0061879228375822165	0.0	140.4291990334618	-0.9604476283051091	11.0	1.0	-11.0	9.0	0.0	17.0
raw_rescue_ani0.9_xny500_br0.2_af0.7_zero_rescue_mass	hmp_airskin_gtdb_source_abundance,hmp_gastrooral_gtdb_source_abundance	0.8902267944821136	35.76275879445157	0.931600391105674	1119	317	57	0.0061879228375822165	0.0	0.0	2.742196312415064e-07	11.0	1.0	-11.0	9.0	0.0	17.0
raw_rescue_ani0.9_xny500_br0.2_af0.9_raw_depth_abundance	hmp_airskin_gtdb_source_abundance,hmp_gastrooral_gtdb_source_abundance	0.8850712707698818	180.96946329090525	-0.035078691981263115	1109	316	67	0.0005902026362384435	0.0	140.4288682130004	-0.9608348231592523	1.0	0.0	-1.0	1.0	0.0	25.0
raw_rescue_ani0.9_xny500_br0.2_af0.9_zero_rescue_mass	hmp_airskin_gtdb_source_abundance,hmp_gastrooral_gtdb_source_abundance	0.8850712707698818	35.76275879445157	0.9316002425700405	1109	316	67	0.0005902026362384435	0.0	0.0	0.0	1.0	0.0	-1.0	1.0	0.0	25.0
raw_rescue_ani0.9_xny500_br0.3_af0.1_raw_depth_abundance	hmp_airskin_gtdb_source_abundance,hmp_gastrooral_gtdb_source_abundance	0.8858428805237315	181.21550775186012	-0.03507149895526184	1115	322	61	0.0009475710090749178	-0.0045033112582780754	140.88319085616828	-0.9618030928150818	7.0	6.0	-7.0	6.0	2.0	18.0
raw_rescue_ani0.9_xny500_br0.3_af0.1_zero_rescue_mass	hmp_airskin_gtdb_source_abundance,hmp_gastrooral_gtdb_source_abundance	0.8858428805237315	35.76275879445157	0.9317149614776257	1115	322	61	0.0009475710090749178	-0.0045033112582780754	2.7328566760003855e-16	0.00010253516050869796	7.0	6.0	-7.0	6.0	2.0	18.0
raw_rescue_ani0.9_xny500_br0.3_af0.3_raw_depth_abundance	hmp_airskin_gtdb_source_abundance,hmp_gastrooral_gtdb_source_abundance	0.8858428805237315	181.21550775186012	-0.03507149895526184	1115	322	61	0.0009475710090749178	-0.0045033112582780754	140.88319085616828	-0.9618030928150818	7.0	6.0	-7.0	6.0	2.0	18.0
raw_rescue_ani0.9_xny500_br0.3_af0.3_zero_rescue_mass	hmp_airskin_gtdb_source_abundance,hmp_gastrooral_gtdb_source_abundance	0.8858428805237315	35.76275879445157	0.9317149614776257	1115	322	61	0.0009475710090749178	-0.0045033112582780754	2.7328566760003855e-16	0.00010253516050869796	7.0	6.0	-7.0	6.0	2.0	18.0
raw_rescue_ani0.9_xny500_br0.3_af0.5_raw_depth_abundance	hmp_airskin_gtdb_source_abundance,hmp_gastrooral_gtdb_source_abundance	0.8858428805237315	181.21550775186012	-0.03507149895526184	1115	322	61	0.0009475710090749178	-0.0045033112582780754	140.88319085616828	-0.9618030928150818	7.0	6.0	-7.0	6.0	2.0	18.0
raw_rescue_ani0.9_xny500_br0.3_af0.5_zero_rescue_mass	hmp_airskin_gtdb_source_abundance,hmp_gastrooral_gtdb_source_abundance	0.8858428805237315	35.76275879445157	0.9317149614776257	1115	322	61	0.0009475710090749178	-0.0045033112582780754	2.7328566760003855e-16	0.00010253516050869796	7.0	6.0	-7.0	6.0	2.0	18.0
raw_rescue_ani0.9_xny500_br0.3_af0.7_raw_depth_abundance	hmp_airskin_gtdb_source_abundance,hmp_gastrooral_gtdb_source_abundance	0.8892241884448611	181.0017219222056	-0.034929923684303	1114	316	62	0.0033591364666979598	0.0	140.48851854027032	-0.9605601274378593	6.0	0.0	-6.0	5.0	0.0	21.0
raw_rescue_ani0.9_xny500_br0.3_af0.7_zero_rescue_mass	hmp_airskin_gtdb_source_abundance,hmp_gastrooral_gtdb_source_abundance	0.8892241884448611	35.76275879445157	0.9316002425700405	1114	316	62	0.0033591364666979598	0.0	0.0	0.0	6.0	0.0	-6.0	5.0	0.0	21.0
raw_rescue_ani0.9_xny500_br0.3_af0.9_raw_depth_abundance	hmp_airskin_gtdb_source_abundance,hmp_gastrooral_gtdb_source_abundance	0.8850712707698818	180.96946329090525	-0.035078691981263115	1109	316	67	0.0005902026362384435	0.0	140.4288682130004	-0.9608348231592523	1.0	0.0	-1.0	1.0	0.0	25.0
raw_rescue_ani0.9_xny500_br0.3_af0.9_zero_rescue_mass	hmp_airskin_gtdb_source_abundance,hmp_gastrooral_gtdb_source_abundance	0.8850712707698818	35.76275879445157	0.9316002425700405	1109	316	67	0.0005902026362384435	0.0	0.0	0.0	1.0	0.0	-1.0	1.0	0.0	25.0
raw_rescue_ani0.9_xny500_br0.5_af0.1_raw_depth_abundance	hmp_airskin_gtdb_source_abundance,hmp_gastrooral_gtdb_source_abundance	0.8882791407442188	180.96940660439162	-0.03507871949267515	1110	316	66	0.0010183459215245849	0.0	140.42885949199834	-0.9608348273917772	2.0	0.0	-2.0	2.0	0.0	24.0
raw_rescue_ani0.9_xny500_br0.5_af0.1_zero_rescue_mass	hmp_airskin_gtdb_source_abundance,hmp_gastrooral_gtdb_source_abundance	0.8882791407442188	35.76275879445157	0.9316002425700405	1110	316	66	0.0010183459215245849	0.0	0.0	0.0	2.0	0.0	-2.0	2.0	0.0	24.0
raw_rescue_ani0.9_xny500_br0.5_af0.3_raw_depth_abundance	hmp_airskin_gtdb_source_abundance,hmp_gastrooral_gtdb_source_abundance	0.8882791407442188	180.96940660439162	-0.03507871949267515	1110	316	66	0.0010183459215245849	0.0	140.42885949199834	-0.9608348273917772	2.0	0.0	-2.0	2.0	0.0	24.0
raw_rescue_ani0.9_xny500_br0.5_af0.3_zero_rescue_mass	hmp_airskin_gtdb_source_abundance,hmp_gastrooral_gtdb_source_abundance	0.8882791407442188	35.76275879445157	0.9316002425700405	1110	316	66	0.0010183459215245849	0.0	0.0	0.0	2.0	0.0	-2.0	2.0	0.0	24.0
raw_rescue_ani0.9_xny500_br0.5_af0.5_raw_depth_abundance	hmp_airskin_gtdb_source_abundance,hmp_gastrooral_gtdb_source_abundance	0.8882791407442188	180.96940660439162	-0.03507871949267515	1110	316	66	0.0010183459215245849	0.0	140.42885949199834	-0.9608348273917772	2.0	0.0	-2.0	2.0	0.0	24.0
raw_rescue_ani0.9_xny500_br0.5_af0.5_zero_rescue_mass	hmp_airskin_gtdb_source_abundance,hmp_gastrooral_gtdb_source_abundance	0.8882791407442188	35.76275879445157	0.9316002425700405	1110	316	66	0.0010183459215245849	0.0	0.0	0.0	2.0	0.0	-2.0	2.0	0.0	24.0
raw_rescue_ani0.9_xny500_br0.5_af0.7_raw_depth_abundance	hmp_airskin_gtdb_source_abundance,hmp_gastrooral_gtdb_source_abundance	0.8882791407442188	180.96940660439162	-0.03507871949267515	1110	316	66	0.0010183459215245849	0.0	140.42885949199834	-0.9608348273917772	2.0	0.0	-2.0	2.0	0.0	24.0
raw_rescue_ani0.9_xny500_br0.5_af0.7_zero_rescue_mass	hmp_airskin_gtdb_source_abundance,hmp_gastrooral_gtdb_source_abundance	0.8882791407442188	35.76275879445157	0.9316002425700405	1110	316	66	0.0010183459215245849	0.0	0.0	0.0	2.0	0.0	-2.0	2.0	0.0	24.0
raw_rescue_ani0.9_xny500_br0.5_af0.9_raw_depth_abundance	hmp_airskin_gtdb_source_abundance,hmp_gastrooral_gtdb_source_abundance	0.8850712707698818	180.96946329090525	-0.035078691981263115	1109	316	67	0.0005902026362384435	0.0	140.4288682130004	-0.9608348231592523	1.0	0.0	-1.0	1.0	0.0	25.0
raw_rescue_ani0.9_xny500_br0.5_af0.9_zero_rescue_mass	hmp_airskin_gtdb_source_abundance,hmp_gastrooral_gtdb_source_abundance	0.8850712707698818	35.76275879445157	0.9316002425700405	1109	316	67	0.0005902026362384435	0.0	0.0	0.0	1.0	0.0	-1.0	1.0	0.0	25.0
raw_rescue_ani0.9_xny700_br0.05_af0.1_raw_depth_abundance	hmp_airskin_gtdb_source_abundance,hmp_gastrooral_gtdb_source_abundance	0.8906961803527624	180.95813867399602	-0.035345659354083826	1121	317	55	0.007757430082350909	0.0	140.40805715896028	-0.9613276394436087	13.0	1.0	-13.0	9.0	0.0	17.0
raw_rescue_ani0.9_xny700_br0.05_af0.1_zero_rescue_mass	hmp_airskin_gtdb_source_abundance,hmp_gastrooral_gtdb_source_abundance	0.8906961803527624	35.76275879445157	0.931600391105674	1121	317	55	0.007757430082350909	0.0	0.0	2.742196312415064e-07	13.0	1.0	-13.0	9.0	0.0	17.0
raw_rescue_ani0.9_xny700_br0.05_af0.3_raw_depth_abundance	hmp_airskin_gtdb_source_abundance,hmp_gastrooral_gtdb_source_abundance	0.8906961803527624	180.95813867399602	-0.035345659354083826	1121	317	55	0.007757430082350909	0.0	140.40805715896028	-0.9613276394436087	13.0	1.0	-13.0	9.0	0.0	17.0
raw_rescue_ani0.9_xny700_br0.05_af0.3_zero_rescue_mass	hmp_airskin_gtdb_source_abundance,hmp_gastrooral_gtdb_source_abundance	0.8906961803527624	35.76275879445157	0.931600391105674	1121	317	55	0.007757430082350909	0.0	0.0	2.742196312415064e-07	13.0	1.0	-13.0	9.0	0.0	17.0
raw_rescue_ani0.9_xny700_br0.05_af0.5_raw_depth_abundance	hmp_airskin_gtdb_source_abundance,hmp_gastrooral_gtdb_source_abundance	0.8906961803527624	180.95813867399602	-0.035345659354083826	1121	317	55	0.007757430082350909	0.0	140.40805715896028	-0.9613276394436087	13.0	1.0	-13.0	9.0	0.0	17.0
raw_rescue_ani0.9_xny700_br0.05_af0.5_zero_rescue_mass	hmp_airskin_gtdb_source_abundance,hmp_gastrooral_gtdb_source_abundance	0.8906961803527624	35.76275879445157	0.931600391105674	1121	317	55	0.007757430082350909	0.0	0.0	2.742196312415064e-07	13.0	1.0	-13.0	9.0	0.0	17.0
raw_rescue_ani0.9_xny700_br0.05_af0.7_raw_depth_abundance	hmp_airskin_gtdb_source_abundance,hmp_gastrooral_gtdb_source_abundance	0.8906961803527624	180.95813867399602	-0.035345659354083826	1121	317	55	0.007757430082350909	0.0	140.40805715896028	-0.9613276394436087	13.0	1.0	-13.0	9.0	0.0	17.0
raw_rescue_ani0.9_xny700_br0.05_af0.7_zero_rescue_mass	hmp_airskin_gtdb_source_abundance,hmp_gastrooral_gtdb_source_abundance	0.8906961803527624	35.76275879445157	0.931600391105674	1121	317	55	0.007757430082350909	0.0	0.0	2.742196312415064e-07	13.0	1.0	-13.0	9.0	0.0	17.0
raw_rescue_ani0.9_xny700_br0.05_af0.9_raw_depth_abundance	hmp_airskin_gtdb_source_abundance,hmp_gastrooral_gtdb_source_abundance	0.8850712707698818	180.96946329090525	-0.035078691981263115	1109	316	67	0.0005902026362384435	0.0	140.4288682130004	-0.9608348231592523	1.0	0.0	-1.0	1.0	0.0	25.0
raw_rescue_ani0.9_xny700_br0.05_af0.9_zero_rescue_mass	hmp_airskin_gtdb_source_abundance,hmp_gastrooral_gtdb_source_abundance	0.8850712707698818	35.76275879445157	0.9316002425700405	1109	316	67	0.0005902026362384435	0.0	0.0	0.0	1.0	0.0	-1.0	1.0	0.0	25.0
raw_rescue_ani0.9_xny700_br0.15_af0.1_raw_depth_abundance	hmp_airskin_gtdb_source_abundance,hmp_gastrooral_gtdb_source_abundance	0.8904615834063687	180.96958893212593	-0.03486898713187393	1120	317	56	0.0069050023682210625	0.0	140.4291960970462	-0.9604476291872212	12.0	1.0	-12.0	9.0	0.0	17.0
raw_rescue_ani0.9_xny700_br0.15_af0.1_zero_rescue_mass	hmp_airskin_gtdb_source_abundance,hmp_gastrooral_gtdb_source_abundance	0.8904615834063687	35.76275879445157	0.931600391105674	1120	317	56	0.0069050023682210625	0.0	0.0	2.742196312415064e-07	12.0	1.0	-12.0	9.0	0.0	17.0
raw_rescue_ani0.9_xny700_br0.15_af0.3_raw_depth_abundance	hmp_airskin_gtdb_source_abundance,hmp_gastrooral_gtdb_source_abundance	0.8904615834063687	180.96958893212593	-0.03486898713187393	1120	317	56	0.0069050023682210625	0.0	140.4291960970462	-0.9604476291872212	12.0	1.0	-12.0	9.0	0.0	17.0
raw_rescue_ani0.9_xny700_br0.15_af0.3_zero_rescue_mass	hmp_airskin_gtdb_source_abundance,hmp_gastrooral_gtdb_source_abundance	0.8904615834063687	35.76275879445157	0.931600391105674	1120	317	56	0.0069050023682210625	0.0	0.0	2.742196312415064e-07	12.0	1.0	-12.0	9.0	0.0	17.0
raw_rescue_ani0.9_xny700_br0.15_af0.5_raw_depth_abundance	hmp_airskin_gtdb_source_abundance,hmp_gastrooral_gtdb_source_abundance	0.8904615834063687	180.96958893212593	-0.03486898713187393	1120	317	56	0.0069050023682210625	0.0	140.4291960970462	-0.9604476291872212	12.0	1.0	-12.0	9.0	0.0	17.0
raw_rescue_ani0.9_xny700_br0.15_af0.5_zero_rescue_mass	hmp_airskin_gtdb_source_abundance,hmp_gastrooral_gtdb_source_abundance	0.8904615834063687	35.76275879445157	0.931600391105674	1120	317	56	0.0069050023682210625	0.0	0.0	2.742196312415064e-07	12.0	1.0	-12.0	9.0	0.0	17.0
raw_rescue_ani0.9_xny700_br0.15_af0.7_raw_depth_abundance	hmp_airskin_gtdb_source_abundance,hmp_gastrooral_gtdb_source_abundance	0.8904615834063687	180.96958893212593	-0.03486898713187393	1120	317	56	0.0069050023682210625	0.0	140.4291960970462	-0.9604476291872212	12.0	1.0	-12.0	9.0	0.0	17.0
raw_rescue_ani0.9_xny700_br0.15_af0.7_zero_rescue_mass	hmp_airskin_gtdb_source_abundance,hmp_gastrooral_gtdb_source_abundance	0.8904615834063687	35.76275879445157	0.931600391105674	1120	317	56	0.0069050023682210625	0.0	0.0	2.742196312415064e-07	12.0	1.0	-12.0	9.0	0.0	17.0
raw_rescue_ani0.9_xny700_br0.15_af0.9_raw_depth_abundance	hmp_airskin_gtdb_source_abundance,hmp_gastrooral_gtdb_source_abundance	0.8850712707698818	180.96946329090525	-0.035078691981263115	1109	316	67	0.0005902026362384435	0.0	140.4288682130004	-0.9608348231592523	1.0	0.0	-1.0	1.0	0.0	25.0
raw_rescue_ani0.9_xny700_br0.15_af0.9_zero_rescue_mass	hmp_airskin_gtdb_source_abundance,hmp_gastrooral_gtdb_source_abundance	0.8850712707698818	35.76275879445157	0.9316002425700405	1109	316	67	0.0005902026362384435	0.0	0.0	0.0	1.0	0.0	-1.0	1.0	0.0	25.0
raw_rescue_ani0.9_xny700_br0.1_af0.1_raw_depth_abundance	hmp_airskin_gtdb_source_abundance,hmp_gastrooral_gtdb_source_abundance	0.8906961803527624	180.95813867399602	-0.035345659354083826	1121	317	55	0.007757430082350909	0.0	140.40805715896028	-0.9613276394436087	13.0	1.0	-13.0	9.0	0.0	17.0
raw_rescue_ani0.9_xny700_br0.1_af0.1_zero_rescue_mass	hmp_airskin_gtdb_source_abundance,hmp_gastrooral_gtdb_source_abundance	0.8906961803527624	35.76275879445157	0.931600391105674	1121	317	55	0.007757430082350909	0.0	0.0	2.742196312415064e-07	13.0	1.0	-13.0	9.0	0.0	17.0
raw_rescue_ani0.9_xny700_br0.1_af0.3_raw_depth_abundance	hmp_airskin_gtdb_source_abundance,hmp_gastrooral_gtdb_source_abundance	0.8906961803527624	180.95813867399602	-0.035345659354083826	1121	317	55	0.007757430082350909	0.0	140.40805715896028	-0.9613276394436087	13.0	1.0	-13.0	9.0	0.0	17.0
raw_rescue_ani0.9_xny700_br0.1_af0.3_zero_rescue_mass	hmp_airskin_gtdb_source_abundance,hmp_gastrooral_gtdb_source_abundance	0.8906961803527624	35.76275879445157	0.931600391105674	1121	317	55	0.007757430082350909	0.0	0.0	2.742196312415064e-07	13.0	1.0	-13.0	9.0	0.0	17.0
raw_rescue_ani0.9_xny700_br0.1_af0.5_raw_depth_abundance	hmp_airskin_gtdb_source_abundance,hmp_gastrooral_gtdb_source_abundance	0.8906961803527624	180.95813867399602	-0.035345659354083826	1121	317	55	0.007757430082350909	0.0	140.40805715896028	-0.9613276394436087	13.0	1.0	-13.0	9.0	0.0	17.0
raw_rescue_ani0.9_xny700_br0.1_af0.5_zero_rescue_mass	hmp_airskin_gtdb_source_abundance,hmp_gastrooral_gtdb_source_abundance	0.8906961803527624	35.76275879445157	0.931600391105674	1121	317	55	0.007757430082350909	0.0	0.0	2.742196312415064e-07	13.0	1.0	-13.0	9.0	0.0	17.0
raw_rescue_ani0.9_xny700_br0.1_af0.7_raw_depth_abundance	hmp_airskin_gtdb_source_abundance,hmp_gastrooral_gtdb_source_abundance	0.8906961803527624	180.95813867399602	-0.035345659354083826	1121	317	55	0.007757430082350909	0.0	140.40805715896028	-0.9613276394436087	13.0	1.0	-13.0	9.0	0.0	17.0
raw_rescue_ani0.9_xny700_br0.1_af0.7_zero_rescue_mass	hmp_airskin_gtdb_source_abundance,hmp_gastrooral_gtdb_source_abundance	0.8906961803527624	35.76275879445157	0.931600391105674	1121	317	55	0.007757430082350909	0.0	0.0	2.742196312415064e-07	13.0	1.0	-13.0	9.0	0.0	17.0
raw_rescue_ani0.9_xny700_br0.1_af0.9_raw_depth_abundance	hmp_airskin_gtdb_source_abundance,hmp_gastrooral_gtdb_source_abundance	0.8850712707698818	180.96946329090525	-0.035078691981263115	1109	316	67	0.0005902026362384435	0.0	140.4288682130004	-0.9608348231592523	1.0	0.0	-1.0	1.0	0.0	25.0
raw_rescue_ani0.9_xny700_br0.1_af0.9_zero_rescue_mass	hmp_airskin_gtdb_source_abundance,hmp_gastrooral_gtdb_source_abundance	0.8850712707698818	35.76275879445157	0.9316002425700405	1109	316	67	0.0005902026362384435	0.0	0.0	0.0	1.0	0.0	-1.0	1.0	0.0	25.0
raw_rescue_ani0.9_xny700_br0.25_af0.1_raw_depth_abundance	hmp_airskin_gtdb_source_abundance,hmp_gastrooral_gtdb_source_abundance	0.8904011461318051	180.9695905226842	-0.034909772564946664	1119	316	57	0.006308287395956782	0.0	140.42919903346152	-0.9605229253713555	11.0	0.0	-11.0	9.0	0.0	17.0
raw_rescue_ani0.9_xny700_br0.25_af0.1_zero_rescue_mass	hmp_airskin_gtdb_source_abundance,hmp_gastrooral_gtdb_source_abundance	0.8904011461318051	35.76275879445157	0.9316002425700405	1119	316	57	0.006308287395956782	0.0	0.0	0.0	11.0	0.0	-11.0	9.0	0.0	17.0
raw_rescue_ani0.9_xny700_br0.25_af0.3_raw_depth_abundance	hmp_airskin_gtdb_source_abundance,hmp_gastrooral_gtdb_source_abundance	0.8904011461318051	180.9695905226842	-0.034909772564946664	1119	316	57	0.006308287395956782	0.0	140.42919903346152	-0.9605229253713555	11.0	0.0	-11.0	9.0	0.0	17.0
raw_rescue_ani0.9_xny700_br0.25_af0.3_zero_rescue_mass	hmp_airskin_gtdb_source_abundance,hmp_gastrooral_gtdb_source_abundance	0.8904011461318051	35.76275879445157	0.9316002425700405	1119	316	57	0.006308287395956782	0.0	0.0	0.0	11.0	0.0	-11.0	9.0	0.0	17.0
raw_rescue_ani0.9_xny700_br0.25_af0.5_raw_depth_abundance	hmp_airskin_gtdb_source_abundance,hmp_gastrooral_gtdb_source_abundance	0.8904011461318051	180.9695905226842	-0.034909772564946664	1119	316	57	0.006308287395956782	0.0	140.42919903346152	-0.9605229253713555	11.0	0.0	-11.0	9.0	0.0	17.0
raw_rescue_ani0.9_xny700_br0.25_af0.5_zero_rescue_mass	hmp_airskin_gtdb_source_abundance,hmp_gastrooral_gtdb_source_abundance	0.8904011461318051	35.76275879445157	0.9316002425700405	1119	316	57	0.006308287395956782	0.0	0.0	0.0	11.0	0.0	-11.0	9.0	0.0	17.0
raw_rescue_ani0.9_xny700_br0.25_af0.7_raw_depth_abundance	hmp_airskin_gtdb_source_abundance,hmp_gastrooral_gtdb_source_abundance	0.8904011461318051	180.9695905226842	-0.034909772564946664	1119	316	57	0.006308287395956782	0.0	140.42919903346152	-0.9605229253713555	11.0	0.0	-11.0	9.0	0.0	17.0
raw_rescue_ani0.9_xny700_br0.25_af0.7_zero_rescue_mass	hmp_airskin_gtdb_source_abundance,hmp_gastrooral_gtdb_source_abundance	0.8904011461318051	35.76275879445157	0.9316002425700405	1119	316	57	0.006308287395956782	0.0	0.0	0.0	11.0	0.0	-11.0	9.0	0.0	17.0
raw_rescue_ani0.9_xny700_br0.25_af0.9_raw_depth_abundance	hmp_airskin_gtdb_source_abundance,hmp_gastrooral_gtdb_source_abundance	0.8850712707698818	180.96946329090525	-0.035078691981263115	1109	316	67	0.0005902026362384435	0.0	140.4288682130004	-0.9608348231592523	1.0	0.0	-1.0	1.0	0.0	25.0
raw_rescue_ani0.9_xny700_br0.25_af0.9_zero_rescue_mass	hmp_airskin_gtdb_source_abundance,hmp_gastrooral_gtdb_source_abundance	0.8850712707698818	35.76275879445157	0.9316002425700405	1109	316	67	0.0005902026362384435	0.0	0.0	0.0	1.0	0.0	-1.0	1.0	0.0	25.0
raw_rescue_ani0.9_xny700_br0.2_af0.1_raw_depth_abundance	hmp_airskin_gtdb_source_abundance,hmp_gastrooral_gtdb_source_abundance	0.8902267944821136	180.96959052268437	-0.03486898665406321	1119	317	57	0.0061879228375822165	0.0	140.4291990334618	-0.9604476283051091	11.0	1.0	-11.0	9.0	0.0	17.0
raw_rescue_ani0.9_xny700_br0.2_af0.1_zero_rescue_mass	hmp_airskin_gtdb_source_abundance,hmp_gastrooral_gtdb_source_abundance	0.8902267944821136	35.76275879445157	0.931600391105674	1119	317	57	0.0061879228375822165	0.0	0.0	2.742196312415064e-07	11.0	1.0	-11.0	9.0	0.0	17.0
raw_rescue_ani0.9_xny700_br0.2_af0.3_raw_depth_abundance	hmp_airskin_gtdb_source_abundance,hmp_gastrooral_gtdb_source_abundance	0.8902267944821136	180.96959052268437	-0.03486898665406321	1119	317	57	0.0061879228375822165	0.0	140.4291990334618	-0.9604476283051091	11.0	1.0	-11.0	9.0	0.0	17.0
raw_rescue_ani0.9_xny700_br0.2_af0.3_zero_rescue_mass	hmp_airskin_gtdb_source_abundance,hmp_gastrooral_gtdb_source_abundance	0.8902267944821136	35.76275879445157	0.931600391105674	1119	317	57	0.0061879228375822165	0.0	0.0	2.742196312415064e-07	11.0	1.0	-11.0	9.0	0.0	17.0
raw_rescue_ani0.9_xny700_br0.2_af0.5_raw_depth_abundance	hmp_airskin_gtdb_source_abundance,hmp_gastrooral_gtdb_source_abundance	0.8902267944821136	180.96959052268437	-0.03486898665406321	1119	317	57	0.0061879228375822165	0.0	140.4291990334618	-0.9604476283051091	11.0	1.0	-11.0	9.0	0.0	17.0
raw_rescue_ani0.9_xny700_br0.2_af0.5_zero_rescue_mass	hmp_airskin_gtdb_source_abundance,hmp_gastrooral_gtdb_source_abundance	0.8902267944821136	35.76275879445157	0.931600391105674	1119	317	57	0.0061879228375822165	0.0	0.0	2.742196312415064e-07	11.0	1.0	-11.0	9.0	0.0	17.0
raw_rescue_ani0.9_xny700_br0.2_af0.7_raw_depth_abundance	hmp_airskin_gtdb_source_abundance,hmp_gastrooral_gtdb_source_abundance	0.8902267944821136	180.96959052268437	-0.03486898665406321	1119	317	57	0.0061879228375822165	0.0	140.4291990334618	-0.9604476283051091	11.0	1.0	-11.0	9.0	0.0	17.0
raw_rescue_ani0.9_xny700_br0.2_af0.7_zero_rescue_mass	hmp_airskin_gtdb_source_abundance,hmp_gastrooral_gtdb_source_abundance	0.8902267944821136	35.76275879445157	0.931600391105674	1119	317	57	0.0061879228375822165	0.0	0.0	2.742196312415064e-07	11.0	1.0	-11.0	9.0	0.0	17.0
raw_rescue_ani0.9_xny700_br0.2_af0.9_raw_depth_abundance	hmp_airskin_gtdb_source_abundance,hmp_gastrooral_gtdb_source_abundance	0.8850712707698818	180.96946329090525	-0.035078691981263115	1109	316	67	0.0005902026362384435	0.0	140.4288682130004	-0.9608348231592523	1.0	0.0	-1.0	1.0	0.0	25.0
raw_rescue_ani0.9_xny700_br0.2_af0.9_zero_rescue_mass	hmp_airskin_gtdb_source_abundance,hmp_gastrooral_gtdb_source_abundance	0.8850712707698818	35.76275879445157	0.9316002425700405	1109	316	67	0.0005902026362384435	0.0	0.0	0.0	1.0	0.0	-1.0	1.0	0.0	25.0
raw_rescue_ani0.9_xny700_br0.3_af0.1_raw_depth_abundance	hmp_airskin_gtdb_source_abundance,hmp_gastrooral_gtdb_source_abundance	0.8892241884448611	181.0017219222056	-0.034929923684303	1114	316	62	0.0033591364666979598	0.0	140.48851854027032	-0.9605601274378593	6.0	0.0	-6.0	5.0	0.0	21.0
raw_rescue_ani0.9_xny700_br0.3_af0.1_zero_rescue_mass	hmp_airskin_gtdb_source_abundance,hmp_gastrooral_gtdb_source_abundance	0.8892241884448611	35.76275879445157	0.9316002425700405	1114	316	62	0.0033591364666979598	0.0	0.0	0.0	6.0	0.0	-6.0	5.0	0.0	21.0
raw_rescue_ani0.9_xny700_br0.3_af0.3_raw_depth_abundance	hmp_airskin_gtdb_source_abundance,hmp_gastrooral_gtdb_source_abundance	0.8892241884448611	181.0017219222056	-0.034929923684303	1114	316	62	0.0033591364666979598	0.0	140.48851854027032	-0.9605601274378593	6.0	0.0	-6.0	5.0	0.0	21.0
raw_rescue_ani0.9_xny700_br0.3_af0.3_zero_rescue_mass	hmp_airskin_gtdb_source_abundance,hmp_gastrooral_gtdb_source_abundance	0.8892241884448611	35.76275879445157	0.9316002425700405	1114	316	62	0.0033591364666979598	0.0	0.0	0.0	6.0	0.0	-6.0	5.0	0.0	21.0
raw_rescue_ani0.9_xny700_br0.3_af0.5_raw_depth_abundance	hmp_airskin_gtdb_source_abundance,hmp_gastrooral_gtdb_source_abundance	0.8892241884448611	181.0017219222056	-0.034929923684303	1114	316	62	0.0033591364666979598	0.0	140.48851854027032	-0.9605601274378593	6.0	0.0	-6.0	5.0	0.0	21.0
raw_rescue_ani0.9_xny700_br0.3_af0.5_zero_rescue_mass	hmp_airskin_gtdb_source_abundance,hmp_gastrooral_gtdb_source_abundance	0.8892241884448611	35.76275879445157	0.9316002425700405	1114	316	62	0.0033591364666979598	0.0	0.0	0.0	6.0	0.0	-6.0	5.0	0.0	21.0
raw_rescue_ani0.9_xny700_br0.3_af0.7_raw_depth_abundance	hmp_airskin_gtdb_source_abundance,hmp_gastrooral_gtdb_source_abundance	0.8892241884448611	181.0017219222056	-0.034929923684303	1114	316	62	0.0033591364666979598	0.0	140.48851854027032	-0.9605601274378593	6.0	0.0	-6.0	5.0	0.0	21.0
raw_rescue_ani0.9_xny700_br0.3_af0.7_zero_rescue_mass	hmp_airskin_gtdb_source_abundance,hmp_gastrooral_gtdb_source_abundance	0.8892241884448611	35.76275879445157	0.9316002425700405	1114	316	62	0.0033591364666979598	0.0	0.0	0.0	6.0	0.0	-6.0	5.0	0.0	21.0
raw_rescue_ani0.9_xny700_br0.3_af0.9_raw_depth_abundance	hmp_airskin_gtdb_source_abundance,hmp_gastrooral_gtdb_source_abundance	0.8850712707698818	180.96946329090525	-0.035078691981263115	1109	316	67	0.0005902026362384435	0.0	140.4288682130004	-0.9608348231592523	1.0	0.0	-1.0	1.0	0.0	25.0
raw_rescue_ani0.9_xny700_br0.3_af0.9_zero_rescue_mass	hmp_airskin_gtdb_source_abundance,hmp_gastrooral_gtdb_source_abundance	0.8850712707698818	35.76275879445157	0.9316002425700405	1109	316	67	0.0005902026362384435	0.0	0.0	0.0	1.0	0.0	-1.0	1.0	0.0	25.0
raw_rescue_ani0.9_xny700_br0.5_af0.1_raw_depth_abundance	hmp_airskin_gtdb_source_abundance,hmp_gastrooral_gtdb_source_abundance	0.8882791407442188	180.96940660439162	-0.03507871949267515	1110	316	66	0.0010183459215245849	0.0	140.42885949199834	-0.9608348273917772	2.0	0.0	-2.0	2.0	0.0	24.0
raw_rescue_ani0.9_xny700_br0.5_af0.1_zero_rescue_mass	hmp_airskin_gtdb_source_abundance,hmp_gastrooral_gtdb_source_abundance	0.8882791407442188	35.76275879445157	0.9316002425700405	1110	316	66	0.0010183459215245849	0.0	0.0	0.0	2.0	0.0	-2.0	2.0	0.0	24.0
raw_rescue_ani0.9_xny700_br0.5_af0.3_raw_depth_abundance	hmp_airskin_gtdb_source_abundance,hmp_gastrooral_gtdb_source_abundance	0.8882791407442188	180.96940660439162	-0.03507871949267515	1110	316	66	0.0010183459215245849	0.0	140.42885949199834	-0.9608348273917772	2.0	0.0	-2.0	2.0	0.0	24.0
raw_rescue_ani0.9_xny700_br0.5_af0.3_zero_rescue_mass	hmp_airskin_gtdb_source_abundance,hmp_gastrooral_gtdb_source_abundance	0.8882791407442188	35.76275879445157	0.9316002425700405	1110	316	66	0.0010183459215245849	0.0	0.0	0.0	2.0	0.0	-2.0	2.0	0.0	24.0
raw_rescue_ani0.9_xny700_br0.5_af0.5_raw_depth_abundance	hmp_airskin_gtdb_source_abundance,hmp_gastrooral_gtdb_source_abundance	0.8882791407442188	180.96940660439162	-0.03507871949267515	1110	316	66	0.0010183459215245849	0.0	140.42885949199834	-0.9608348273917772	2.0	0.0	-2.0	2.0	0.0	24.0
raw_rescue_ani0.9_xny700_br0.5_af0.5_zero_rescue_mass	hmp_airskin_gtdb_source_abundance,hmp_gastrooral_gtdb_source_abundance	0.8882791407442188	35.76275879445157	0.9316002425700405	1110	316	66	0.0010183459215245849	0.0	0.0	0.0	2.0	0.0	-2.0	2.0	0.0	24.0
raw_rescue_ani0.9_xny700_br0.5_af0.7_raw_depth_abundance	hmp_airskin_gtdb_source_abundance,hmp_gastrooral_gtdb_source_abundance	0.8882791407442188	180.96940660439162	-0.03507871949267515	1110	316	66	0.0010183459215245849	0.0	140.42885949199834	-0.9608348273917772	2.0	0.0	-2.0	2.0	0.0	24.0
raw_rescue_ani0.9_xny700_br0.5_af0.7_zero_rescue_mass	hmp_airskin_gtdb_source_abundance,hmp_gastrooral_gtdb_source_abundance	0.8882791407442188	35.76275879445157	0.9316002425700405	1110	316	66	0.0010183459215245849	0.0	0.0	0.0	2.0	0.0	-2.0	2.0	0.0	24.0
raw_rescue_ani0.9_xny700_br0.5_af0.9_raw_depth_abundance	hmp_airskin_gtdb_source_abundance,hmp_gastrooral_gtdb_source_abundance	0.8850712707698818	180.96946329090525	-0.035078691981263115	1109	316	67	0.0005902026362384435	0.0	140.4288682130004	-0.9608348231592523	1.0	0.0	-1.0	1.0	0.0	25.0
raw_rescue_ani0.9_xny700_br0.5_af0.9_zero_rescue_mass	hmp_airskin_gtdb_source_abundance,hmp_gastrooral_gtdb_source_abundance	0.8850712707698818	35.76275879445157	0.9316002425700405	1109	316	67	0.0005902026362384435	0.0	0.0	0.0	1.0	0.0	-1.0	1.0	0.0	25.0
raw_rescue_ani0.9_xny900_br0.05_af0.1_raw_depth_abundance	hmp_airskin_gtdb_source_abundance,hmp_gastrooral_gtdb_source_abundance	0.8850712707698818	180.96946329090525	-0.035078691981263115	1109	316	67	0.0005902026362384435	0.0	140.4288682130004	-0.9608348231592523	1.0	0.0	-1.0	1.0	0.0	25.0
raw_rescue_ani0.9_xny900_br0.05_af0.1_zero_rescue_mass	hmp_airskin_gtdb_source_abundance,hmp_gastrooral_gtdb_source_abundance	0.8850712707698818	35.76275879445157	0.9316002425700405	1109	316	67	0.0005902026362384435	0.0	0.0	0.0	1.0	0.0	-1.0	1.0	0.0	25.0
raw_rescue_ani0.9_xny900_br0.05_af0.3_raw_depth_abundance	hmp_airskin_gtdb_source_abundance,hmp_gastrooral_gtdb_source_abundance	0.8850712707698818	180.96946329090525	-0.035078691981263115	1109	316	67	0.0005902026362384435	0.0	140.4288682130004	-0.9608348231592523	1.0	0.0	-1.0	1.0	0.0	25.0
raw_rescue_ani0.9_xny900_br0.05_af0.3_zero_rescue_mass	hmp_airskin_gtdb_source_abundance,hmp_gastrooral_gtdb_source_abundance	0.8850712707698818	35.76275879445157	0.9316002425700405	1109	316	67	0.0005902026362384435	0.0	0.0	0.0	1.0	0.0	-1.0	1.0	0.0	25.0
raw_rescue_ani0.9_xny900_br0.05_af0.5_raw_depth_abundance	hmp_airskin_gtdb_source_abundance,hmp_gastrooral_gtdb_source_abundance	0.8850712707698818	180.96946329090525	-0.035078691981263115	1109	316	67	0.0005902026362384435	0.0	140.4288682130004	-0.9608348231592523	1.0	0.0	-1.0	1.0	0.0	25.0
raw_rescue_ani0.9_xny900_br0.05_af0.5_zero_rescue_mass	hmp_airskin_gtdb_source_abundance,hmp_gastrooral_gtdb_source_abundance	0.8850712707698818	35.76275879445157	0.9316002425700405	1109	316	67	0.0005902026362384435	0.0	0.0	0.0	1.0	0.0	-1.0	1.0	0.0	25.0
raw_rescue_ani0.9_xny900_br0.05_af0.7_raw_depth_abundance	hmp_airskin_gtdb_source_abundance,hmp_gastrooral_gtdb_source_abundance	0.8850712707698818	180.96946329090525	-0.035078691981263115	1109	316	67	0.0005902026362384435	0.0	140.4288682130004	-0.9608348231592523	1.0	0.0	-1.0	1.0	0.0	25.0
raw_rescue_ani0.9_xny900_br0.05_af0.7_zero_rescue_mass	hmp_airskin_gtdb_source_abundance,hmp_gastrooral_gtdb_source_abundance	0.8850712707698818	35.76275879445157	0.9316002425700405	1109	316	67	0.0005902026362384435	0.0	0.0	0.0	1.0	0.0	-1.0	1.0	0.0	25.0
raw_rescue_ani0.9_xny900_br0.05_af0.9_raw_depth_abundance	hmp_airskin_gtdb_source_abundance,hmp_gastrooral_gtdb_source_abundance	0.8850712707698818	180.96946329090525	-0.035078691981263115	1109	316	67	0.0005902026362384435	0.0	140.4288682130004	-0.9608348231592523	1.0	0.0	-1.0	1.0	0.0	25.0
raw_rescue_ani0.9_xny900_br0.05_af0.9_zero_rescue_mass	hmp_airskin_gtdb_source_abundance,hmp_gastrooral_gtdb_source_abundance	0.8850712707698818	35.76275879445157	0.9316002425700405	1109	316	67	0.0005902026362384435	0.0	0.0	0.0	1.0	0.0	-1.0	1.0	0.0	25.0
raw_rescue_ani0.9_xny900_br0.15_af0.1_raw_depth_abundance	hmp_airskin_gtdb_source_abundance,hmp_gastrooral_gtdb_source_abundance	0.8850712707698818	180.96946329090525	-0.035078691981263115	1109	316	67	0.0005902026362384435	0.0	140.4288682130004	-0.9608348231592523	1.0	0.0	-1.0	1.0	0.0	25.0
raw_rescue_ani0.9_xny900_br0.15_af0.1_zero_rescue_mass	hmp_airskin_gtdb_source_abundance,hmp_gastrooral_gtdb_source_abundance	0.8850712707698818	35.76275879445157	0.9316002425700405	1109	316	67	0.0005902026362384435	0.0	0.0	0.0	1.0	0.0	-1.0	1.0	0.0	25.0
raw_rescue_ani0.9_xny900_br0.15_af0.3_raw_depth_abundance	hmp_airskin_gtdb_source_abundance,hmp_gastrooral_gtdb_source_abundance	0.8850712707698818	180.96946329090525	-0.035078691981263115	1109	316	67	0.0005902026362384435	0.0	140.4288682130004	-0.9608348231592523	1.0	0.0	-1.0	1.0	0.0	25.0
raw_rescue_ani0.9_xny900_br0.15_af0.3_zero_rescue_mass	hmp_airskin_gtdb_source_abundance,hmp_gastrooral_gtdb_source_abundance	0.8850712707698818	35.76275879445157	0.9316002425700405	1109	316	67	0.0005902026362384435	0.0	0.0	0.0	1.0	0.0	-1.0	1.0	0.0	25.0
raw_rescue_ani0.9_xny900_br0.15_af0.5_raw_depth_abundance	hmp_airskin_gtdb_source_abundance,hmp_gastrooral_gtdb_source_abundance	0.8850712707698818	180.96946329090525	-0.035078691981263115	1109	316	67	0.0005902026362384435	0.0	140.4288682130004	-0.9608348231592523	1.0	0.0	-1.0	1.0	0.0	25.0
raw_rescue_ani0.9_xny900_br0.15_af0.5_zero_rescue_mass	hmp_airskin_gtdb_source_abundance,hmp_gastrooral_gtdb_source_abundance	0.8850712707698818	35.76275879445157	0.9316002425700405	1109	316	67	0.0005902026362384435	0.0	0.0	0.0	1.0	0.0	-1.0	1.0	0.0	25.0
raw_rescue_ani0.9_xny900_br0.15_af0.7_raw_depth_abundance	hmp_airskin_gtdb_source_abundance,hmp_gastrooral_gtdb_source_abundance	0.8850712707698818	180.96946329090525	-0.035078691981263115	1109	316	67	0.0005902026362384435	0.0	140.4288682130004	-0.9608348231592523	1.0	0.0	-1.0	1.0	0.0	25.0
raw_rescue_ani0.9_xny900_br0.15_af0.7_zero_rescue_mass	hmp_airskin_gtdb_source_abundance,hmp_gastrooral_gtdb_source_abundance	0.8850712707698818	35.76275879445157	0.9316002425700405	1109	316	67	0.0005902026362384435	0.0	0.0	0.0	1.0	0.0	-1.0	1.0	0.0	25.0
raw_rescue_ani0.9_xny900_br0.15_af0.9_raw_depth_abundance	hmp_airskin_gtdb_source_abundance,hmp_gastrooral_gtdb_source_abundance	0.8850712707698818	180.96946329090525	-0.035078691981263115	1109	316	67	0.0005902026362384435	0.0	140.4288682130004	-0.9608348231592523	1.0	0.0	-1.0	1.0	0.0	25.0
raw_rescue_ani0.9_xny900_br0.15_af0.9_zero_rescue_mass	hmp_airskin_gtdb_source_abundance,hmp_gastrooral_gtdb_source_abundance	0.8850712707698818	35.76275879445157	0.9316002425700405	1109	316	67	0.0005902026362384435	0.0	0.0	0.0	1.0	0.0	-1.0	1.0	0.0	25.0
raw_rescue_ani0.9_xny900_br0.1_af0.1_raw_depth_abundance	hmp_airskin_gtdb_source_abundance,hmp_gastrooral_gtdb_source_abundance	0.8850712707698818	180.96946329090525	-0.035078691981263115	1109	316	67	0.0005902026362384435	0.0	140.4288682130004	-0.9608348231592523	1.0	0.0	-1.0	1.0	0.0	25.0
raw_rescue_ani0.9_xny900_br0.1_af0.1_zero_rescue_mass	hmp_airskin_gtdb_source_abundance,hmp_gastrooral_gtdb_source_abundance	0.8850712707698818	35.76275879445157	0.9316002425700405	1109	316	67	0.0005902026362384435	0.0	0.0	0.0	1.0	0.0	-1.0	1.0	0.0	25.0
raw_rescue_ani0.9_xny900_br0.1_af0.3_raw_depth_abundance	hmp_airskin_gtdb_source_abundance,hmp_gastrooral_gtdb_source_abundance	0.8850712707698818	180.96946329090525	-0.035078691981263115	1109	316	67	0.0005902026362384435	0.0	140.4288682130004	-0.9608348231592523	1.0	0.0	-1.0	1.0	0.0	25.0
raw_rescue_ani0.9_xny900_br0.1_af0.3_zero_rescue_mass	hmp_airskin_gtdb_source_abundance,hmp_gastrooral_gtdb_source_abundance	0.8850712707698818	35.76275879445157	0.9316002425700405	1109	316	67	0.0005902026362384435	0.0	0.0	0.0	1.0	0.0	-1.0	1.0	0.0	25.0
raw_rescue_ani0.9_xny900_br0.1_af0.5_raw_depth_abundance	hmp_airskin_gtdb_source_abundance,hmp_gastrooral_gtdb_source_abundance	0.8850712707698818	180.96946329090525	-0.035078691981263115	1109	316	67	0.0005902026362384435	0.0	140.4288682130004	-0.9608348231592523	1.0	0.0	-1.0	1.0	0.0	25.0
raw_rescue_ani0.9_xny900_br0.1_af0.5_zero_rescue_mass	hmp_airskin_gtdb_source_abundance,hmp_gastrooral_gtdb_source_abundance	0.8850712707698818	35.76275879445157	0.9316002425700405	1109	316	67	0.0005902026362384435	0.0	0.0	0.0	1.0	0.0	-1.0	1.0	0.0	25.0
raw_rescue_ani0.9_xny900_br0.1_af0.7_raw_depth_abundance	hmp_airskin_gtdb_source_abundance,hmp_gastrooral_gtdb_source_abundance	0.8850712707698818	180.96946329090525	-0.035078691981263115	1109	316	67	0.0005902026362384435	0.0	140.4288682130004	-0.9608348231592523	1.0	0.0	-1.0	1.0	0.0	25.0
raw_rescue_ani0.9_xny900_br0.1_af0.7_zero_rescue_mass	hmp_airskin_gtdb_source_abundance,hmp_gastrooral_gtdb_source_abundance	0.8850712707698818	35.76275879445157	0.9316002425700405	1109	316	67	0.0005902026362384435	0.0	0.0	0.0	1.0	0.0	-1.0	1.0	0.0	25.0
raw_rescue_ani0.9_xny900_br0.1_af0.9_raw_depth_abundance	hmp_airskin_gtdb_source_abundance,hmp_gastrooral_gtdb_source_abundance	0.8850712707698818	180.96946329090525	-0.035078691981263115	1109	316	67	0.0005902026362384435	0.0	140.4288682130004	-0.9608348231592523	1.0	0.0	-1.0	1.0	0.0	25.0
raw_rescue_ani0.9_xny900_br0.1_af0.9_zero_rescue_mass	hmp_airskin_gtdb_source_abundance,hmp_gastrooral_gtdb_source_abundance	0.8850712707698818	35.76275879445157	0.9316002425700405	1109	316	67	0.0005902026362384435	0.0	0.0	0.0	1.0	0.0	-1.0	1.0	0.0	25.0
raw_rescue_ani0.9_xny900_br0.25_af0.1_raw_depth_abundance	hmp_airskin_gtdb_source_abundance,hmp_gastrooral_gtdb_source_abundance	0.8850712707698818	180.96946329090525	-0.035078691981263115	1109	316	67	0.0005902026362384435	0.0	140.4288682130004	-0.9608348231592523	1.0	0.0	-1.0	1.0	0.0	25.0
raw_rescue_ani0.9_xny900_br0.25_af0.1_zero_rescue_mass	hmp_airskin_gtdb_source_abundance,hmp_gastrooral_gtdb_source_abundance	0.8850712707698818	35.76275879445157	0.9316002425700405	1109	316	67	0.0005902026362384435	0.0	0.0	0.0	1.0	0.0	-1.0	1.0	0.0	25.0
raw_rescue_ani0.9_xny900_br0.25_af0.3_raw_depth_abundance	hmp_airskin_gtdb_source_abundance,hmp_gastrooral_gtdb_source_abundance	0.8850712707698818	180.96946329090525	-0.035078691981263115	1109	316	67	0.0005902026362384435	0.0	140.4288682130004	-0.9608348231592523	1.0	0.0	-1.0	1.0	0.0	25.0
raw_rescue_ani0.9_xny900_br0.25_af0.3_zero_rescue_mass	hmp_airskin_gtdb_source_abundance,hmp_gastrooral_gtdb_source_abundance	0.8850712707698818	35.76275879445157	0.9316002425700405	1109	316	67	0.0005902026362384435	0.0	0.0	0.0	1.0	0.0	-1.0	1.0	0.0	25.0
raw_rescue_ani0.9_xny900_br0.25_af0.5_raw_depth_abundance	hmp_airskin_gtdb_source_abundance,hmp_gastrooral_gtdb_source_abundance	0.8850712707698818	180.96946329090525	-0.035078691981263115	1109	316	67	0.0005902026362384435	0.0	140.4288682130004	-0.9608348231592523	1.0	0.0	-1.0	1.0	0.0	25.0
raw_rescue_ani0.9_xny900_br0.25_af0.5_zero_rescue_mass	hmp_airskin_gtdb_source_abundance,hmp_gastrooral_gtdb_source_abundance	0.8850712707698818	35.76275879445157	0.9316002425700405	1109	316	67	0.0005902026362384435	0.0	0.0	0.0	1.0	0.0	-1.0	1.0	0.0	25.0
raw_rescue_ani0.9_xny900_br0.25_af0.7_raw_depth_abundance	hmp_airskin_gtdb_source_abundance,hmp_gastrooral_gtdb_source_abundance	0.8850712707698818	180.96946329090525	-0.035078691981263115	1109	316	67	0.0005902026362384435	0.0	140.4288682130004	-0.9608348231592523	1.0	0.0	-1.0	1.0	0.0	25.0
raw_rescue_ani0.9_xny900_br0.25_af0.7_zero_rescue_mass	hmp_airskin_gtdb_source_abundance,hmp_gastrooral_gtdb_source_abundance	0.8850712707698818	35.76275879445157	0.9316002425700405	1109	316	67	0.0005902026362384435	0.0	0.0	0.0	1.0	0.0	-1.0	1.0	0.0	25.0
raw_rescue_ani0.9_xny900_br0.25_af0.9_raw_depth_abundance	hmp_airskin_gtdb_source_abundance,hmp_gastrooral_gtdb_source_abundance	0.8850712707698818	180.96946329090525	-0.035078691981263115	1109	316	67	0.0005902026362384435	0.0	140.4288682130004	-0.9608348231592523	1.0	0.0	-1.0	1.0	0.0	25.0
raw_rescue_ani0.9_xny900_br0.25_af0.9_zero_rescue_mass	hmp_airskin_gtdb_source_abundance,hmp_gastrooral_gtdb_source_abundance	0.8850712707698818	35.76275879445157	0.9316002425700405	1109	316	67	0.0005902026362384435	0.0	0.0	0.0	1.0	0.0	-1.0	1.0	0.0	25.0
raw_rescue_ani0.9_xny900_br0.2_af0.1_raw_depth_abundance	hmp_airskin_gtdb_source_abundance,hmp_gastrooral_gtdb_source_abundance	0.8850712707698818	180.96946329090525	-0.035078691981263115	1109	316	67	0.0005902026362384435	0.0	140.4288682130004	-0.9608348231592523	1.0	0.0	-1.0	1.0	0.0	25.0
raw_rescue_ani0.9_xny900_br0.2_af0.1_zero_rescue_mass	hmp_airskin_gtdb_source_abundance,hmp_gastrooral_gtdb_source_abundance	0.8850712707698818	35.76275879445157	0.9316002425700405	1109	316	67	0.0005902026362384435	0.0	0.0	0.0	1.0	0.0	-1.0	1.0	0.0	25.0
raw_rescue_ani0.9_xny900_br0.2_af0.3_raw_depth_abundance	hmp_airskin_gtdb_source_abundance,hmp_gastrooral_gtdb_source_abundance	0.8850712707698818	180.96946329090525	-0.035078691981263115	1109	316	67	0.0005902026362384435	0.0	140.4288682130004	-0.9608348231592523	1.0	0.0	-1.0	1.0	0.0	25.0
raw_rescue_ani0.9_xny900_br0.2_af0.3_zero_rescue_mass	hmp_airskin_gtdb_source_abundance,hmp_gastrooral_gtdb_source_abundance	0.8850712707698818	35.76275879445157	0.9316002425700405	1109	316	67	0.0005902026362384435	0.0	0.0	0.0	1.0	0.0	-1.0	1.0	0.0	25.0
raw_rescue_ani0.9_xny900_br0.2_af0.5_raw_depth_abundance	hmp_airskin_gtdb_source_abundance,hmp_gastrooral_gtdb_source_abundance	0.8850712707698818	180.96946329090525	-0.035078691981263115	1109	316	67	0.0005902026362384435	0.0	140.4288682130004	-0.9608348231592523	1.0	0.0	-1.0	1.0	0.0	25.0
raw_rescue_ani0.9_xny900_br0.2_af0.5_zero_rescue_mass	hmp_airskin_gtdb_source_abundance,hmp_gastrooral_gtdb_source_abundance	0.8850712707698818	35.76275879445157	0.9316002425700405	1109	316	67	0.0005902026362384435	0.0	0.0	0.0	1.0	0.0	-1.0	1.0	0.0	25.0
raw_rescue_ani0.9_xny900_br0.2_af0.7_raw_depth_abundance	hmp_airskin_gtdb_source_abundance,hmp_gastrooral_gtdb_source_abundance	0.8850712707698818	180.96946329090525	-0.035078691981263115	1109	316	67	0.0005902026362384435	0.0	140.4288682130004	-0.9608348231592523	1.0	0.0	-1.0	1.0	0.0	25.0
raw_rescue_ani0.9_xny900_br0.2_af0.7_zero_rescue_mass	hmp_airskin_gtdb_source_abundance,hmp_gastrooral_gtdb_source_abundance	0.8850712707698818	35.76275879445157	0.9316002425700405	1109	316	67	0.0005902026362384435	0.0	0.0	0.0	1.0	0.0	-1.0	1.0	0.0	25.0
raw_rescue_ani0.9_xny900_br0.2_af0.9_raw_depth_abundance	hmp_airskin_gtdb_source_abundance,hmp_gastrooral_gtdb_source_abundance	0.8850712707698818	180.96946329090525	-0.035078691981263115	1109	316	67	0.0005902026362384435	0.0	140.4288682130004	-0.9608348231592523	1.0	0.0	-1.0	1.0	0.0	25.0
raw_rescue_ani0.9_xny900_br0.2_af0.9_zero_rescue_mass	hmp_airskin_gtdb_source_abundance,hmp_gastrooral_gtdb_source_abundance	0.8850712707698818	35.76275879445157	0.9316002425700405	1109	316	67	0.0005902026362384435	0.0	0.0	0.0	1.0	0.0	-1.0	1.0	0.0	25.0
raw_rescue_ani0.9_xny900_br0.3_af0.1_raw_depth_abundance	hmp_airskin_gtdb_source_abundance,hmp_gastrooral_gtdb_source_abundance	0.8850712707698818	180.96946329090525	-0.035078691981263115	1109	316	67	0.0005902026362384435	0.0	140.4288682130004	-0.9608348231592523	1.0	0.0	-1.0	1.0	0.0	25.0
raw_rescue_ani0.9_xny900_br0.3_af0.1_zero_rescue_mass	hmp_airskin_gtdb_source_abundance,hmp_gastrooral_gtdb_source_abundance	0.8850712707698818	35.76275879445157	0.9316002425700405	1109	316	67	0.0005902026362384435	0.0	0.0	0.0	1.0	0.0	-1.0	1.0	0.0	25.0
raw_rescue_ani0.9_xny900_br0.3_af0.3_raw_depth_abundance	hmp_airskin_gtdb_source_abundance,hmp_gastrooral_gtdb_source_abundance	0.8850712707698818	180.96946329090525	-0.035078691981263115	1109	316	67	0.0005902026362384435	0.0	140.4288682130004	-0.9608348231592523	1.0	0.0	-1.0	1.0	0.0	25.0
raw_rescue_ani0.9_xny900_br0.3_af0.3_zero_rescue_mass	hmp_airskin_gtdb_source_abundance,hmp_gastrooral_gtdb_source_abundance	0.8850712707698818	35.76275879445157	0.9316002425700405	1109	316	67	0.0005902026362384435	0.0	0.0	0.0	1.0	0.0	-1.0	1.0	0.0	25.0
raw_rescue_ani0.9_xny900_br0.3_af0.5_raw_depth_abundance	hmp_airskin_gtdb_source_abundance,hmp_gastrooral_gtdb_source_abundance	0.8850712707698818	180.96946329090525	-0.035078691981263115	1109	316	67	0.0005902026362384435	0.0	140.4288682130004	-0.9608348231592523	1.0	0.0	-1.0	1.0	0.0	25.0
raw_rescue_ani0.9_xny900_br0.3_af0.5_zero_rescue_mass	hmp_airskin_gtdb_source_abundance,hmp_gastrooral_gtdb_source_abundance	0.8850712707698818	35.76275879445157	0.9316002425700405	1109	316	67	0.0005902026362384435	0.0	0.0	0.0	1.0	0.0	-1.0	1.0	0.0	25.0
raw_rescue_ani0.9_xny900_br0.3_af0.7_raw_depth_abundance	hmp_airskin_gtdb_source_abundance,hmp_gastrooral_gtdb_source_abundance	0.8850712707698818	180.96946329090525	-0.035078691981263115	1109	316	67	0.0005902026362384435	0.0	140.4288682130004	-0.9608348231592523	1.0	0.0	-1.0	1.0	0.0	25.0
raw_rescue_ani0.9_xny900_br0.3_af0.7_zero_rescue_mass	hmp_airskin_gtdb_source_abundance,hmp_gastrooral_gtdb_source_abundance	0.8850712707698818	35.76275879445157	0.9316002425700405	1109	316	67	0.0005902026362384435	0.0	0.0	0.0	1.0	0.0	-1.0	1.0	0.0	25.0
raw_rescue_ani0.9_xny900_br0.3_af0.9_raw_depth_abundance	hmp_airskin_gtdb_source_abundance,hmp_gastrooral_gtdb_source_abundance	0.8850712707698818	180.96946329090525	-0.035078691981263115	1109	316	67	0.0005902026362384435	0.0	140.4288682130004	-0.9608348231592523	1.0	0.0	-1.0	1.0	0.0	25.0
raw_rescue_ani0.9_xny900_br0.3_af0.9_zero_rescue_mass	hmp_airskin_gtdb_source_abundance,hmp_gastrooral_gtdb_source_abundance	0.8850712707698818	35.76275879445157	0.9316002425700405	1109	316	67	0.0005902026362384435	0.0	0.0	0.0	1.0	0.0	-1.0	1.0	0.0	25.0
raw_rescue_ani0.9_xny900_br0.5_af0.1_raw_depth_abundance	hmp_airskin_gtdb_source_abundance,hmp_gastrooral_gtdb_source_abundance	0.8850712707698818	180.96946329090525	-0.035078691981263115	1109	316	67	0.0005902026362384435	0.0	140.4288682130004	-0.9608348231592523	1.0	0.0	-1.0	1.0	0.0	25.0
raw_rescue_ani0.9_xny900_br0.5_af0.1_zero_rescue_mass	hmp_airskin_gtdb_source_abundance,hmp_gastrooral_gtdb_source_abundance	0.8850712707698818	35.76275879445157	0.9316002425700405	1109	316	67	0.0005902026362384435	0.0	0.0	0.0	1.0	0.0	-1.0	1.0	0.0	25.0
raw_rescue_ani0.9_xny900_br0.5_af0.3_raw_depth_abundance	hmp_airskin_gtdb_source_abundance,hmp_gastrooral_gtdb_source_abundance	0.8850712707698818	180.96946329090525	-0.035078691981263115	1109	316	67	0.0005902026362384435	0.0	140.4288682130004	-0.9608348231592523	1.0	0.0	-1.0	1.0	0.0	25.0
raw_rescue_ani0.9_xny900_br0.5_af0.3_zero_rescue_mass	hmp_airskin_gtdb_source_abundance,hmp_gastrooral_gtdb_source_abundance	0.8850712707698818	35.76275879445157	0.9316002425700405	1109	316	67	0.0005902026362384435	0.0	0.0	0.0	1.0	0.0	-1.0	1.0	0.0	25.0
raw_rescue_ani0.9_xny900_br0.5_af0.5_raw_depth_abundance	hmp_airskin_gtdb_source_abundance,hmp_gastrooral_gtdb_source_abundance	0.8850712707698818	180.96946329090525	-0.035078691981263115	1109	316	67	0.0005902026362384435	0.0	140.4288682130004	-0.9608348231592523	1.0	0.0	-1.0	1.0	0.0	25.0
raw_rescue_ani0.9_xny900_br0.5_af0.5_zero_rescue_mass	hmp_airskin_gtdb_source_abundance,hmp_gastrooral_gtdb_source_abundance	0.8850712707698818	35.76275879445157	0.9316002425700405	1109	316	67	0.0005902026362384435	0.0	0.0	0.0	1.0	0.0	-1.0	1.0	0.0	25.0
raw_rescue_ani0.9_xny900_br0.5_af0.7_raw_depth_abundance	hmp_airskin_gtdb_source_abundance,hmp_gastrooral_gtdb_source_abundance	0.8850712707698818	180.96946329090525	-0.035078691981263115	1109	316	67	0.0005902026362384435	0.0	140.4288682130004	-0.9608348231592523	1.0	0.0	-1.0	1.0	0.0	25.0
raw_rescue_ani0.9_xny900_br0.5_af0.7_zero_rescue_mass	hmp_airskin_gtdb_source_abundance,hmp_gastrooral_gtdb_source_abundance	0.8850712707698818	35.76275879445157	0.9316002425700405	1109	316	67	0.0005902026362384435	0.0	0.0	0.0	1.0	0.0	-1.0	1.0	0.0	25.0
raw_rescue_ani0.9_xny900_br0.5_af0.9_raw_depth_abundance	hmp_airskin_gtdb_source_abundance,hmp_gastrooral_gtdb_source_abundance	0.8850712707698818	180.96946329090525	-0.035078691981263115	1109	316	67	0.0005902026362384435	0.0	140.4288682130004	-0.9608348231592523	1.0	0.0	-1.0	1.0	0.0	25.0
raw_rescue_ani0.9_xny900_br0.5_af0.9_zero_rescue_mass	hmp_airskin_gtdb_source_abundance,hmp_gastrooral_gtdb_source_abundance	0.8850712707698818	35.76275879445157	0.9316002425700405	1109	316	67	0.0005902026362384435	0.0	0.0	0.0	1.0	0.0	-1.0	1.0	0.0	25.0
