genome_id	otu	ncbi_id	novelty_category	source_path	source_label	normalized_source_label	matched_gtdb_species_count	matched_gtdb_species	match_decision	assembly_summary_gtdb_species_count	assembly_summary_gtdb_species	assembly_summary_accessions	assembly_summary_decision
Otu520.0	119044	1608628	known_strain	/net/sgi/cami/data/CAMI2/nwillassen_data/marine/simulation_short_read/genomes/Filomicrobium_sp_W1_genomic.fasta	Filomicrobium sp W1	filomicrobium sp w1	0		no_exact_source_name_match	0			assembly_summary_no_match
Otu1947	2	22	new_species	/net/sgi/cami/data/CAMI2/nwillassen_data/marine/simulation_short_read/genomes/Shewanella_sp_MR-4_genomic.fasta	Shewanella sp MR-4	shewanella sp mr 4	0		no_exact_source_name_match	0			assembly_summary_no_match
Otu806.0	22	60217	known_strain	/net/sgi/cami/data/CAMI2/nwillassen_data/marine/simulation_short_read/genomes/Shewanella_violacea_DSS12_genomic.fasta	Shewanella violacea DSS12	shewanella violacea dss12	1	s__Shewanella violacea	exact_source_name_unique_gtdb_species	1	s__Shewanella violacea	GCF_000091325.1	assembly_summary_unique_gtdb_species
Otu634.0	255474	208216	known_strain	/net/sgi/cami/data/CAMI2/nwillassen_data/marine/simulation_short_read/genomes/Parvularcula_bermudensis_HTCC2503_genomic.fasta	Parvularcula bermudensis HTCC2503	parvularcula bermudensis htcc2503	1	s__Parvularcula bermudensis	exact_source_name_unique_gtdb_species	1	s__Parvularcula bermudensis	GCF_000152825.2	assembly_summary_unique_gtdb_species
Otu483	2	1295392	known_strain	/net/sgi/cami/data/CAMI2/nwillassen_data/marine/simulation_short_read/genomes/Photobacterium_gaetbulicola_Gung47_genomic.fasta	Photobacterium gaetbulicola Gung47	photobacterium gaetbulicola gung47	1	s__Photobacterium gaetbulicola	exact_source_name_unique_gtdb_species	0			assembly_summary_no_match
Otu2487	2	40269	new_strain	/net/sgi/cami/data/CAMI2/nwillassen_data/marine/simulation_short_read/genomes/A8_S8_contigs.fasta	A8 S8	a8 s8	0		no_exact_source_name_match	0			assembly_summary_no_match
Otu2446	2	40269	new_strain	/net/sgi/cami/data/CAMI2/nwillassen_data/marine/simulation_short_read/genomes/Aliivibrio_salmonicida_LFI1238_genomic.fasta	Aliivibrio salmonicida LFI1238	aliivibrio salmonicida lfi1238	1	s__Aliivibrio salmonicida	exact_source_name_unique_gtdb_species	1	s__Aliivibrio salmonicida	GCF_000196495.1	assembly_summary_unique_gtdb_species
Otu987	2	1155739	known_strain	/net/sgi/cami/data/CAMI2/nwillassen_data/marine/simulation_short_read/genomes/Moorea_producens_JHB_genomic.fasta	Moorea producens JHB	moorea producens jhb	0		no_exact_source_name_match	0			assembly_summary_no_match
Otu980	2	1408	new_strain	/net/sgi/cami/data/CAMI2/nwillassen_data/marine/simulation_short_read/genomes/TNX_S11_contigs.fasta	TNX S11	tnx s11	0		no_exact_source_name_match	0			assembly_summary_no_match
Otu1219	2	62322	new_strain	/net/sgi/cami/data/CAMI2/nwillassen_data/marine/simulation_short_read/genomes/Shewanella_baltica_OS195_genomic.fasta	Shewanella baltica OS195	shewanella baltica os195	1	s__Shewanella baltica	exact_source_name_unique_gtdb_species	1	s__Shewanella baltica	GCF_000018765.1	assembly_summary_unique_gtdb_species
Otu212.0	31989	89184	known_strain	/net/sgi/cami/data/CAMI2/nwillassen_data/marine/simulation_short_read/genomes/Ruegeria_pomeroyi_DSS-3_genomic.fasta	Ruegeria pomeroyi DSS-3	ruegeria pomeroyi dss 3	1	s__Ruegeria_B pomeroyi	exact_source_name_unique_gtdb_species	1	s__Ruegeria_B pomeroyi	GCF_000011965.2	assembly_summary_unique_gtdb_species
Otu2389	2	32049	known_strain	/net/sgi/cami/data/CAMI2/nwillassen_data/marine/simulation_short_read/genomes/Synechococcus_sp_PCC_7002_genomic.fasta	Synechococcus sp PCC 7002	synechococcus sp pcc 7002	0		no_exact_source_name_match	1	s__MRBY01 sp001693275	GCF_000019485.1,GCF_019137755.1,GCF_019137795.1	assembly_summary_unique_gtdb_species
Otu820	2	2336	new_strain	/net/sgi/cami/data/CAMI2/nwillassen_data/marine/simulation_short_read/genomes/Thermotoga_maritima_strain_Tma200_genomic.fasta	Thermotoga maritima strain Tma200	thermotoga maritima tma200	0		no_exact_source_name_match	1	s__Thermotoga maritima	GCF_000978535.1	assembly_summary_unique_gtdb_species
Otu2322	2	190893	known_strain	/net/sgi/cami/data/CAMI2/nwillassen_data/marine/simulation_short_read/genomes/Vibrio_coralliilyticus_RE98_genomic.fasta	Vibrio coralliilyticus RE98	vibrio coralliilyticus re98	0		no_exact_source_name_match	1	s__Vibrio coralliilyticus	GCF_000772065.1	assembly_summary_unique_gtdb_species
Otu2448	2	84405	known_strain	/net/sgi/cami/data/CAMI2/nwillassen_data/marine/simulation_short_read/genomes/Hippea_maritima_DSM_10411_genomic.fasta	Hippea maritima DSM 10411	hippea maritima dsm 10411	1	s__Hippea maritima	exact_source_name_unique_gtdb_species	1	s__Hippea maritima	GCF_000194135.1	assembly_summary_unique_gtdb_species
Otu489.0	49546	411153	known_strain	/net/sgi/cami/data/CAMI2/nwillassen_data/marine/simulation_short_read/genomes/Gramella_forsetii_KT0803_genomic.fasta	Gramella forsetii KT0803	gramella forsetii kt0803	0		no_exact_source_name_match	1	s__Christiangramia forsetii	GCF_000060345.1	assembly_summary_unique_gtdb_species
Otu1593	2	53246	known_strain	/net/sgi/cami/data/CAMI2/nwillassen_data/marine/simulation_short_read/genomes/Pseudoalteromonas_translucida_KMM_520_genomic.fasta	Pseudoalteromonas translucida KMM 520	pseudoalteromonas translucida kmm 520	0		no_exact_source_name_match	0			assembly_summary_no_match
Otu1596	2	80852	new_strain	/net/sgi/cami/data/CAMI2/nwillassen_data/marine/simulation_short_read/genomes/Vw1_S1_contigs.fasta	Vw1 S1	vw1 s1	0		no_exact_source_name_match	0			assembly_summary_no_match
Otu1597	2	46541	known_strain	/net/sgi/cami/data/CAMI2/nwillassen_data/marine/simulation_short_read/genomes/Thermosipho_melanesiensis_strain_431_genomic.fasta	Thermosipho melanesiensis strain 431	thermosipho melanesiensis 431	0		no_exact_source_name_match	1	s__Thermosipho melanesiensis	GCF_001941385.1	assembly_summary_unique_gtdb_species
Otu712	2	120577	known_strain	/net/sgi/cami/data/CAMI2/nwillassen_data/marine/simulation_short_read/genomes/Brucella_ceti_TE28753-12_genomic.fasta	Brucella ceti TE28753-12	brucella ceti te28753 12	1	s__Brucella melitensis	exact_source_name_unique_gtdb_species	0			assembly_summary_no_match
Otu1791	2	45658	known_strain	/net/sgi/cami/data/CAMI2/nwillassen_data/marine/simulation_short_read/genomes/Vibrio_scophthalmi_strain_VS-12_genomic.fasta	Vibrio scophthalmi strain VS-12	vibrio scophthalmi vs 12	0		no_exact_source_name_match	1	s__Vibrio scophthalmi	GCF_001685465.1	assembly_summary_unique_gtdb_species
Otu713	2157	2280	known_strain	/net/sgi/cami/data/CAMI2/nwillassen_data/marine/simulation_short_read/genomes/Staphylothermus_marinus_F1_genomic.fasta	Staphylothermus marinus F1	staphylothermus marinus f1	1	s__Staphylothermus marinus	exact_source_name_unique_gtdb_species	1	s__Staphylothermus marinus	GCF_000015945.1	assembly_summary_unique_gtdb_species
Otu1330	2157	342948	known_strain	/net/sgi/cami/data/CAMI2/nwillassen_data/marine/simulation_short_read/genomes/Thermococcus_onnurineus_NA1_genomic.fasta	Thermococcus onnurineus NA1	thermococcus onnurineus na1	1	s__Thermococcus onnurineus	exact_source_name_unique_gtdb_species	1	s__Thermococcus onnurineus	GCF_000018365.1	assembly_summary_unique_gtdb_species
Otu1961	2	1038856	known_strain	/net/sgi/cami/data/CAMI2/nwillassen_data/marine/simulation_short_read/genomes/Planococcus_plakortidis_strain_DSM_23997_genomic.fasta	Planococcus plakortidis strain DSM 23997	planococcus plakortidis dsm 23997	0		no_exact_source_name_match	1	s__Planococcus plakortidis	GCF_001687605.2,GCF_045115855.1	assembly_summary_unique_gtdb_species
Otu491.0	49546	237	new_species	/net/sgi/cami/data/CAMI2/nwillassen_data/marine/simulation_short_read/genomes/26_S2_contigs.fasta	26 S2	26 s2	0		no_exact_source_name_match	0			assembly_summary_no_match
Otu2172	2	286	new_species	/net/sgi/cami/data/CAMI2/nwillassen_data/marine/simulation_short_read/genomes/MR4-96-1_S3_contigs.fasta	MR4-96-1 S3	mr4 96 1 s3	0		no_exact_source_name_match	0			assembly_summary_no_match
Otu1893	2	1238	known_strain	/net/sgi/cami/data/CAMI2/nwillassen_data/marine/simulation_short_read/genomes/Piscirickettsia_salmonis_strain_PM51819A_genomic.fasta	Piscirickettsia salmonis strain PM51819A	piscirickettsia salmonis pm51819a	0		no_exact_source_name_match	1	s__Piscirickettsia salmonis	GCF_001932795.1	assembly_summary_unique_gtdb_species
Otu1892	2	191493	known_strain	/net/sgi/cami/data/CAMI2/nwillassen_data/marine/simulation_short_read/genomes/Corynebacterium_sphenisci_DSM_44792_genomic.fasta	Corynebacterium sphenisci DSM 44792	corynebacterium sphenisci dsm 44792	1	s__Corynebacterium sphenisci	exact_source_name_unique_gtdb_species	1	s__Corynebacterium sphenisci	GCF_001941505.1	assembly_summary_unique_gtdb_species
Otu1046	2	1238	known_strain	/net/sgi/cami/data/CAMI2/nwillassen_data/marine/simulation_short_read/genomes/Piscirickettsia_salmonis_strain_AY6532B_genomic.fasta	Piscirickettsia salmonis strain AY6532B	piscirickettsia salmonis ay6532b	0		no_exact_source_name_match	1	s__Piscirickettsia salmonis	GCF_001932875.1	assembly_summary_unique_gtdb_species
Otu719.0	188905	290400	known_strain	/net/sgi/cami/data/CAMI2/nwillassen_data/marine/simulation_short_read/genomes/Jannaschia_sp_CCS1_genomic.fasta	Jannaschia sp CCS1	jannaschia sp ccs1	1	s__Gymnodinialimonas sp000013565	exact_source_name_unique_gtdb_species	1	s__Gymnodinialimonas sp000013565	GCF_000013565.1	assembly_summary_unique_gtdb_species
Otu1896	2	1298608	new_species	/net/sgi/cami/data/CAMI2/nwillassen_data/marine/simulation_short_read/genomes/R2A19_S7_contigs.fasta	R2A19 S7	r2a19 s7	0		no_exact_source_name_match	0			assembly_summary_no_match
Otu523	2	39960	known_strain	/net/sgi/cami/data/CAMI2/nwillassen_data/marine/simulation_short_read/genomes/Erythrobacter_litoralis_HTCC2594_genomic.fasta	Erythrobacter litoralis HTCC2594	erythrobacter litoralis htcc2594	1	s__Parerythrobacter litoralis_A	exact_source_name_unique_gtdb_species	1	s__Parerythrobacter litoralis_A	GCF_000013005.1	assembly_summary_unique_gtdb_species
Otu522	2	670	known_strain	/net/sgi/cami/data/CAMI2/nwillassen_data/marine/simulation_short_read/genomes/Vibrio_parahaemolyticus_BB22OP_genomic.fasta	Vibrio parahaemolyticus BB22OP	vibrio parahaemolyticus bb22op	1	s__Vibrio parahaemolyticus	exact_source_name_unique_gtdb_species	1	s__Vibrio parahaemolyticus	GCF_000328405.1	assembly_summary_unique_gtdb_species
Otu526	2	32003	known_strain	/net/sgi/cami/data/CAMI2/nwillassen_data/marine/simulation_short_read/genomes/Methylophilales_bacterium_MBRSG12_genomic.fasta	Methylophilales bacterium MBRSG12	methylophilales bacterium mbrsg12	0		no_exact_source_name_match	0			assembly_summary_no_match
Otu800.0	135620	188908	known_strain	/net/sgi/cami/data/CAMI2/nwillassen_data/marine/simulation_short_read/genomes/Oleispira_antarctica_RB-8_genomic.fasta	Oleispira antarctica RB-8	oleispira antarctica rb 8	1	s__Oleispira antarctica	exact_source_name_unique_gtdb_species	0			assembly_summary_no_match
Otu249.0	200667	1006	known_strain	/net/sgi/cami/data/CAMI2/nwillassen_data/marine/simulation_short_read/genomes/Marivirga_tractuosa_DSM_4126_genomic.fasta	Marivirga tractuosa DSM 4126	marivirga tractuosa dsm 4126	1	s__Marivirga tractuosa	exact_source_name_unique_gtdb_species	1	s__Marivirga tractuosa	GCF_000183425.1	assembly_summary_unique_gtdb_species
Otu1283	2	511678	new_species	/net/sgi/cami/data/CAMI2/nwillassen_data/marine/simulation_short_read/genomes/A-H1309-4-1_S7_contigs.fasta	A-H1309-4-1 S7	a h1309 4 1 s7	0		no_exact_source_name_match	0			assembly_summary_no_match
Otu1322	2	60961	known_strain	/net/sgi/cami/data/CAMI2/nwillassen_data/marine/simulation_short_read/genomes/Shewanella_woodyi_ATCC_51908_genomic.fasta	Shewanella woodyi ATCC 51908	shewanella woodyi atcc 51908	1	s__Shewanella woodyi	exact_source_name_unique_gtdb_species	1	s__Shewanella woodyi	GCF_000019525.1	assembly_summary_unique_gtdb_species
Otu1321	2	1579979	known_strain	/net/sgi/cami/data/CAMI2/nwillassen_data/marine/simulation_short_read/genomes/Wenzhouxiangella_marina_strain_KCTC_42284_genomic.fasta	Wenzhouxiangella marina strain KCTC 42284	wenzhouxiangella marina kctc 42284	0		no_exact_source_name_match	1	s__Wenzhouxiangella marina	GCF_001187785.1	assembly_summary_unique_gtdb_species
Otu1326	2	497	known_strain	/net/sgi/cami/data/CAMI2/nwillassen_data/marine/simulation_short_read/genomes/20_S10_contigs.fasta	20 S10	20 s10	0		no_exact_source_name_match	0			assembly_summary_no_match
Otu265.0	31989	215813	known_strain	/net/sgi/cami/data/CAMI2/nwillassen_data/marine/simulation_short_read/genomes/Dinoroseobacter_shibae_DFL_12_genomic.fasta	Dinoroseobacter shibae DFL 12	dinoroseobacter shibae dfl 12	0		no_exact_source_name_match	0			assembly_summary_no_match
Otu453	2	1188228	new_strain	/net/sgi/cami/data/CAMI2/nwillassen_data/marine/simulation_short_read/genomes/Candidatus_Gloeomargarita_lithophora_D10_genomic.fasta	Candidatus Gloeomargarita lithophora D10	candidatus gloeomargarita lithophora d10	0		no_exact_source_name_match	1	s__Gloeomargarita lithophora	GCF_001870225.1	assembly_summary_unique_gtdb_species
Otu88.0	468	1298608	new_species	/net/sgi/cami/data/CAMI2/nwillassen_data/marine/simulation_short_read/genomes/S17_S4_contigs.fasta	S17 S4	s17 s4	0		no_exact_source_name_match	0			assembly_summary_no_match
Otu245.0	49546	1555194	known_strain	/net/sgi/cami/data/CAMI2/nwillassen_data/marine/simulation_short_read/genomes/Formosa_haliotis_strain_LMG_28520_genomic.fasta	Formosa haliotis strain LMG 28520	formosa haliotis lmg 28520	0		no_exact_source_name_match	0			assembly_summary_no_match
Otu2036	2	1348114	known_strain	/net/sgi/cami/data/CAMI2/nwillassen_data/marine/simulation_short_read/genomes/Pseudoalteromonas_sp_OCN003_genomic.fasta	Pseudoalteromonas sp OCN003	pseudoalteromonas sp ocn003	0		no_exact_source_name_match	1	s__Pseudoalteromonas piratica	GCF_000788395.1	assembly_summary_unique_gtdb_species
Otu80.0	135620	119864	known_strain	/net/sgi/cami/data/CAMI2/nwillassen_data/marine/simulation_short_read/genomes/Marinomonas_mediterranea_MMB-1_genomic.fasta	Marinomonas mediterranea MMB-1	marinomonas mediterranea mmb 1	1	s__Marinomonas mediterranea	exact_source_name_unique_gtdb_species	1	s__Marinomonas mediterranea	GCF_000192865.1,GCF_028472825.1	assembly_summary_unique_gtdb_species
Otu315.0	213483	959	known_strain	/net/sgi/cami/data/CAMI2/nwillassen_data/marine/simulation_short_read/genomes/Bdellovibrio_bacteriovorus_strain_109J_genomic.fasta	Bdellovibrio bacteriovorus strain 109J	bdellovibrio bacteriovorus 109j	0		no_exact_source_name_match	1	s__Bdellovibrio bacteriovorus	GCF_000691605.1,GCF_037076595.1	assembly_summary_unique_gtdb_species
Otu1914.0	72275	2742	known_strain	/net/sgi/cami/data/CAMI2/nwillassen_data/marine/simulation_short_read/genomes/Marinobacter_psychrophilus_strain_20041_genomic.fasta	Marinobacter psychrophilus strain 20041	marinobacter psychrophilus 20041	0		no_exact_source_name_match	0			assembly_summary_no_match
Otu1769	2	511678	new_species	/net/sgi/cami/data/CAMI2/nwillassen_data/marine/simulation_short_read/genomes/A-Hdes-3_S8_contigs.fasta	A-Hdes-3 S8	a hdes 3 s8	0		no_exact_source_name_match	0			assembly_summary_no_match
Otu413	2	2742	known_strain	/net/sgi/cami/data/CAMI2/nwillassen_data/marine/simulation_short_read/genomes/Marinobacter_sp_CP1_genomic.fasta	Marinobacter sp CP1	marinobacter sp cp1	0		no_exact_source_name_match	0			assembly_summary_no_match
Otu331.0	72275	1420916	known_strain	/net/sgi/cami/data/CAMI2/nwillassen_data/marine/simulation_short_read/genomes/Marinobacter_similis_A3d10_genomic.fasta	Marinobacter similis A3d10	marinobacter similis a3d10	0		no_exact_source_name_match	1	s__Marinobacter similis	GCF_000830985.1	assembly_summary_unique_gtdb_species
Otu796	2	286	new_species	/net/sgi/cami/data/CAMI2/nwillassen_data/marine/simulation_short_read/genomes/MR4-25-1B_S2_contigs.fasta	MR4-25-1B S2	mr4 25 1b s2	0		no_exact_source_name_match	0			assembly_summary_no_match
Otu241.0	31989	1217908	known_strain	/net/sgi/cami/data/CAMI2/nwillassen_data/marine/simulation_short_read/genomes/Octadecabacter_antarcticus_307_genomic.fasta	Octadecabacter antarcticus 307	octadecabacter antarcticus 307	1	s__Octadecabacter antarcticus	exact_source_name_unique_gtdb_species	1	s__Octadecabacter antarcticus	GCF_000155675.2	assembly_summary_unique_gtdb_species
Otu985.0	188786	187137	known_strain	/net/sgi/cami/data/CAMI2/nwillassen_data/marine/simulation_short_read/genomes/Oceanithermus_profundus_DSM_14977_genomic.fasta	Oceanithermus profundus DSM 14977	oceanithermus profundus dsm 14977	1	s__Oceanithermus profundus	exact_source_name_unique_gtdb_species	1	s__Oceanithermus profundus	GCF_000183745.1	assembly_summary_unique_gtdb_species
Otu279	2	859653	known_strain	/net/sgi/cami/data/CAMI2/nwillassen_data/marine/simulation_short_read/genomes/alpha_proteobacterium_HIMB5_genomic.fasta	alpha proteobacterium HIMB5	alpha proteobacterium himb5	1	s__Pelagibacter sp000299095	exact_source_name_unique_gtdb_species	0			assembly_summary_no_match
Otu1710	2157	1301915	known_strain	/net/sgi/cami/data/CAMI2/nwillassen_data/marine/simulation_short_read/genomes/Methanocaldococcus_sp_JH146_genomic.fasta	Methanocaldococcus sp JH146	methanocaldococcus sp jh146	0		no_exact_source_name_match	1	s__Methanocaldococcus bathoardescens	GCF_000739065.1	assembly_summary_unique_gtdb_species
Otu1032	2	662	known_strain	/net/sgi/cami/data/CAMI2/nwillassen_data/marine/simulation_short_read/genomes/V36_S4_contigs.fasta	V36 S4	v36 s4	0		no_exact_source_name_match	0			assembly_summary_no_match
Otu1031	2	651457	known_strain	/net/sgi/cami/data/CAMI2/nwillassen_data/marine/simulation_short_read/genomes/Kosmotoga_olearia_TBF_1951_genomic.fasta	Kosmotoga olearia TBF 1951	kosmotoga olearia tbf 1951	0		no_exact_source_name_match	0			assembly_summary_no_match
Otu1030	2	149715	known_strain	/net/sgi/cami/data/CAMI2/nwillassen_data/marine/simulation_short_read/genomes/Marinitoga_piezophila_KA3_genomic.fasta	Marinitoga piezophila KA3	marinitoga piezophila ka3	1	s__Marinitoga piezophila	exact_source_name_unique_gtdb_species	1	s__Marinitoga piezophila	GCF_000255135.1	assembly_summary_unique_gtdb_species
Otu554	2157	2234	known_strain	/net/sgi/cami/data/CAMI2/nwillassen_data/marine/simulation_short_read/genomes/Archaeoglobus_fulgidus_DSM_4304_genomic.fasta	Archaeoglobus fulgidus DSM 4304	archaeoglobus fulgidus dsm 4304	1	s__Archaeoglobus fulgidus	exact_source_name_unique_gtdb_species	1	s__Archaeoglobus fulgidus	GCF_000008665.1,GCF_900069765.1	assembly_summary_unique_gtdb_species
Otu1132	2	80852	new_strain	/net/sgi/cami/data/CAMI2/nwillassen_data/marine/simulation_short_read/genomes/VwK7F1_S12_contigs.fasta	VwK7F1 S12	vwk7f1 s12	0		no_exact_source_name_match	0			assembly_summary_no_match
Otu1133	2	662	known_strain	/net/sgi/cami/data/CAMI2/nwillassen_data/marine/simulation_short_read/genomes/B9-25K2_S3_contigs.fasta	B9-25K2 S3	b9 25k2 s3	0		no_exact_source_name_match	0			assembly_summary_no_match
Otu1038	2	1868325	known_strain	/net/sgi/cami/data/CAMI2/nwillassen_data/marine/simulation_short_read/genomes/Prosthecochloris_sp_CIB_2401_genomic.fasta	Prosthecochloris sp CIB 2401	prosthecochloris sp cib 2401	1	s__Prosthecochloris vibrioformis	exact_source_name_unique_gtdb_species	1	s__Prosthecochloris vibrioformis	GCF_001687065.1	assembly_summary_unique_gtdb_species
Otu774	2	364197	known_strain	/net/sgi/cami/data/CAMI2/nwillassen_data/marine/simulation_short_read/genomes/Pseudomonas_pohangensis_strain_DSM_17875_genomic.fasta	Pseudomonas pohangensis strain DSM 17875	pseudomonas pohangensis dsm 17875	0		no_exact_source_name_match	1	s__Aquipseudomonas pohangensis	GCF_900105995.1	assembly_summary_unique_gtdb_species
Otu954	2	387092	known_strain	/net/sgi/cami/data/CAMI2/nwillassen_data/marine/simulation_short_read/genomes/Nitratiruptor_sp_SB155-2_genomic.fasta	Nitratiruptor sp SB155-2	nitratiruptor sp sb155 2	1	s__Nitratiruptor sp000010325	exact_source_name_unique_gtdb_species	1	s__Nitratiruptor sp000010325	GCF_000010325.1	assembly_summary_unique_gtdb_species
Otu771	2	1218	known_strain	/net/sgi/cami/data/CAMI2/nwillassen_data/marine/simulation_short_read/genomes/Prochlorococcus_marinus_bv_HNLC1_genomic.fasta	Prochlorococcus marinus bv HNLC1	prochlorococcus marinus bv hnlc1	0		no_exact_source_name_match	0			assembly_summary_no_match
Otu677	2	999	known_strain	/net/sgi/cami/data/CAMI2/nwillassen_data/marine/simulation_short_read/genomes/Flexibacter_litoralis_DSM_6794_genomic.fasta	Flexibacter litoralis DSM 6794	flexibacter litoralis dsm 6794	0		no_exact_source_name_match	1	s__Bernardetia litoralis	GCF_000265505.1	assembly_summary_unique_gtdb_species
Otu958	2	511678	new_species	/net/sgi/cami/data/CAMI2/nwillassen_data/marine/simulation_short_read/genomes/A9-2_S2_contigs.fasta	A9-2 S2	a9 2 s2	0		no_exact_source_name_match	0			assembly_summary_no_match
Otu810.0	49546	237	new_species	/net/sgi/cami/data/CAMI2/nwillassen_data/marine/simulation_short_read/genomes/10_S9_contigs.fasta	10 S9	10 s9	0		no_exact_source_name_match	0			assembly_summary_no_match
Otu778	2	40269	new_strain	/net/sgi/cami/data/CAMI2/nwillassen_data/marine/simulation_short_read/genomes/6_S6_contigs.fasta	6 S6	6 s6	0		no_exact_source_name_match	0			assembly_summary_no_match
Otu90.0	69657	81032	known_strain	/net/sgi/cami/data/CAMI2/nwillassen_data/marine/simulation_short_read/genomes/Hyphomonas_neptunium_ATCC_15444_genomic.fasta	Hyphomonas neptunium ATCC 15444	hyphomonas neptunium atcc 15444	1	s__Hyphomonas neptunia	exact_source_name_unique_gtdb_species	1	s__Hyphomonas neptunia	GCF_000013025.1	assembly_summary_unique_gtdb_species
Otu1427	2	261964	known_strain	/net/sgi/cami/data/CAMI2/nwillassen_data/marine/simulation_short_read/genomes/Kangiella_koreensis_DSM_16069_genomic.fasta	Kangiella koreensis DSM 16069	kangiella koreensis dsm 16069	1	s__Kangiella koreensis	exact_source_name_unique_gtdb_species	1	s__Kangiella koreensis	GCF_000024085.1	assembly_summary_unique_gtdb_species
Otu54	2	55601	new_strain	/net/sgi/cami/data/CAMI2/nwillassen_data/marine/simulation_short_read/genomes/VO6_S13_contigs.fasta	VO6 S13	vo6 s13	0		no_exact_source_name_match	0			assembly_summary_no_match
Otu271	2	351091	known_strain	/net/sgi/cami/data/CAMI2/nwillassen_data/marine/simulation_short_read/genomes/Oscillibacter_valericigenes_Sjm18-20_genomic.fasta	Oscillibacter valericigenes Sjm18-20	oscillibacter valericigenes sjm18 20	1	s__Oscillibacter valericigenes	exact_source_name_unique_gtdb_species	0			assembly_summary_no_match
Otu2019	2	1219	known_strain	/net/sgi/cami/data/CAMI2/nwillassen_data/marine/simulation_short_read/genomes/Prochlorococcus_marinus_str_MIT_9303_genomic.fasta	Prochlorococcus marinus str MIT 9303	prochlorococcus marinus mit 9303	1	s__Prochlorococcus marinus_D	exact_source_name_unique_gtdb_species	1	s__Prochlorococcus marinus_D	GCF_000015705.1	assembly_summary_unique_gtdb_species
Otu2464.0	85025	37332	known_strain	/net/sgi/cami/data/CAMI2/nwillassen_data/marine/simulation_short_read/genomes/Nocardia_seriolae_strain_EM150506_genomic.fasta	Nocardia seriolae strain EM150506	nocardia seriolae em150506	0		no_exact_source_name_match	1	s__Nocardia seriolae	GCF_001865855.1	assembly_summary_unique_gtdb_species
Otu1196	2	511678	new_species	/net/sgi/cami/data/CAMI2/nwillassen_data/marine/simulation_short_read/genomes/A-H130426-2_S6_contigs.fasta	A-H130426-2 S6	a h130426 2 s6	0		no_exact_source_name_match	0			assembly_summary_no_match
Otu2042	2	1705394	known_strain	/net/sgi/cami/data/CAMI2/nwillassen_data/marine/simulation_short_read/genomes/Candidatus_Thioglobus_sp_EF1_genomic.fasta	Candidatus Thioglobus sp EF1	candidatus thioglobus sp ef1	0		no_exact_source_name_match	1	s__Thioglobus_A autotrophicus	GCF_001293165.1	assembly_summary_unique_gtdb_species
Otu1108.1	198251	198252	known_strain	/net/sgi/cami/data/CAMI2/nwillassen_data/marine/simulation_short_read/genomes/Candidatus_Pelagibacter_ubique_HTCC1062_genomic.fasta	Candidatus Pelagibacter ubique HTCC1062	candidatus pelagibacter ubique htcc1062	1	s__Pelagibacter ubiqueversans	exact_source_name_unique_gtdb_species	1	s__Pelagibacter ubiqueversans	GCF_000012345.1	assembly_summary_unique_gtdb_species
Otu352.1	135620	187493	known_strain	/net/sgi/cami/data/CAMI2/nwillassen_data/marine/simulation_short_read/genomes/Thalassolituus_oleivorans_strain_K188_genomic.fasta	Thalassolituus oleivorans strain K188	thalassolituus oleivorans k188	0		no_exact_source_name_match	1	s__Thalassolituus oleivorans	GCF_001932535.1	assembly_summary_unique_gtdb_species
Otu370.0	49546	96345	known_strain	/net/sgi/cami/data/CAMI2/nwillassen_data/marine/simulation_short_read/genomes/Flavobacterium_psychrophilum_strain_MH1_genomic.fasta	Flavobacterium psychrophilum strain MH1	flavobacterium psychrophilum mh1	0		no_exact_source_name_match	1	s__Flavobacterium psychrophilum	GCF_000971605.2	assembly_summary_unique_gtdb_species
Otu370.1	49546	669041	new_strain	/net/sgi/cami/data/CAMI2/nwillassen_data/marine/simulation_short_read/genomes/T-211_S5_contigs.fasta	T-211 S5	t 211 s5	0		no_exact_source_name_match	0			assembly_summary_no_match
Otu703	2	80852	new_strain	/net/sgi/cami/data/CAMI2/nwillassen_data/marine/simulation_short_read/genomes/A-Hdes-20-1_S13_contigs.fasta	A-Hdes-20-1 S13	a hdes 20 1 s13	0		no_exact_source_name_match	0			assembly_summary_no_match
Otu250	2	666	known_strain	/net/sgi/cami/data/CAMI2/nwillassen_data/marine/simulation_short_read/genomes/Vibrio_cholerae_strain_Env-390_genomic.fasta	Vibrio cholerae strain Env-390	vibrio cholerae env 390	0		no_exact_source_name_match	1	s__Vibrio cholerae	GCF_001292745.1,GCF_001292785.1,GCF_001854425.1,GCF_900185995.1	assembly_summary_unique_gtdb_species
Otu252	2	316279	known_strain	/net/sgi/cami/data/CAMI2/nwillassen_data/marine/simulation_short_read/genomes/Synechococcus_sp_CC9902_genomic.fasta	Synechococcus sp CC9902	synechococcus sp cc9902	2	s__Parasynechococcus sp000012505,s__Parasynechococcus sp913050565	exact_source_name_ambiguous_gtdb_species	1	s__Parasynechococcus sp000012505	GCF_000012505.1	assembly_summary_unique_gtdb_species
Otu592.0	349742	1543721	known_strain	/net/sgi/cami/data/CAMI2/nwillassen_data/marine/simulation_short_read/genomes/Sedimenticola_sp_SIP-G1_genomic.fasta	Sedimenticola sp SIP-G1	sedimenticola sp sip g1	0		no_exact_source_name_match	0			assembly_summary_no_match
Otu254	2	22	new_species	/net/sgi/cami/data/CAMI2/nwillassen_data/marine/simulation_short_read/genomes/Titti30_S10_contigs.fasta	Titti30 S10	titti30 s10	0		no_exact_source_name_match	0			assembly_summary_no_match
Otu256	2	100716	known_strain	/net/sgi/cami/data/CAMI2/nwillassen_data/marine/simulation_short_read/genomes/Chloroherpeton_thalassium_ATCC_35110_genomic.fasta	Chloroherpeton thalassium ATCC 35110	chloroherpeton thalassium atcc 35110	1	s__Chloroherpeton thalassium	exact_source_name_unique_gtdb_species	1	s__Chloroherpeton thalassium	GCF_000020525.1	assembly_summary_unique_gtdb_species
Otu1487	2	228	new_strain	/net/sgi/cami/data/CAMI2/nwillassen_data/marine/simulation_short_read/genomes/Titti29_S9_contigs.fasta	Titti29 S9	titti29 s9	0		no_exact_source_name_match	0			assembly_summary_no_match
Otu1860	2	80852	new_strain	/net/sgi/cami/data/CAMI2/nwillassen_data/marine/simulation_short_read/genomes/A-Hdes-19_S12_contigs.fasta	A-Hdes-19 S12	a hdes 19 s12	0		no_exact_source_name_match	0			assembly_summary_no_match
Otu1861	2157	38027	known_strain	/net/sgi/cami/data/CAMI2/nwillassen_data/marine/simulation_short_read/genomes/Methanosarcina_siciliae_HI350_genomic.fasta	Methanosarcina siciliae HI350	methanosarcina siciliae hi350	1	s__Methanosarcina siciliae	exact_source_name_unique_gtdb_species	1	s__Methanosarcina siciliae	GCF_000970125.1	assembly_summary_unique_gtdb_species
Otu1862	2	29483	known_strain	/net/sgi/cami/data/CAMI2/nwillassen_data/marine/simulation_short_read/genomes/Yersinia_aldovae_670-83_genomic.fasta	Yersinia aldovae 670-83	yersinia aldovae 670 83	1	s__Yersinia aldovae	exact_source_name_unique_gtdb_species	1	s__Yersinia aldovae	GCF_000834395.1	assembly_summary_unique_gtdb_species
Otu104	2	662	known_strain	/net/sgi/cami/data/CAMI2/nwillassen_data/marine/simulation_short_read/genomes/Vibrio_natriegens_strain_CCUG_16374_genomic.fasta	Vibrio natriegens strain CCUG 16374	vibrio natriegens ccug 16374	0		no_exact_source_name_match	0			assembly_summary_no_match
Otu911.0	49546	96345	known_strain	/net/sgi/cami/data/CAMI2/nwillassen_data/marine/simulation_short_read/genomes/Flavobacterium_psychrophilum_strain_PG2_genomic.fasta	Flavobacterium psychrophilum strain PG2	flavobacterium psychrophilum pg2	0		no_exact_source_name_match	1	s__Flavobacterium psychrophilum	GCF_000971645.2	assembly_summary_unique_gtdb_species
Otu86.0	187492	187493	known_strain	/net/sgi/cami/data/CAMI2/nwillassen_data/marine/simulation_short_read/genomes/Thalassolituus_oleivorans_R6-15_genomic.fasta	Thalassolituus oleivorans R6-15	thalassolituus oleivorans r6 15	1	s__Thalassolituus oleivorans	exact_source_name_unique_gtdb_species	1	s__Thalassolituus oleivorans	GCF_000582555.1	assembly_summary_unique_gtdb_species
Otu297.0	41297	205844	known_strain	/net/sgi/cami/data/CAMI2/nwillassen_data/marine/simulation_short_read/genomes/Novosphingobium_pentaromativorans_US6-1_genomic.fasta	Novosphingobium pentaromativorans US6-1	novosphingobium pentaromativorans us6 1	1	s__Novosphingobium pentaromativorans	exact_source_name_unique_gtdb_species	1	s__Novosphingobium pentaromativorans	GCF_000235975.1,GCF_000767465.1	assembly_summary_unique_gtdb_species
Otu1251	2	511678	new_species	/net/sgi/cami/data/CAMI2/nwillassen_data/marine/simulation_short_read/genomes/A25_S9_contigs.fasta	A25 S9	a25 s9	0		no_exact_source_name_match	0			assembly_summary_no_match
Otu1676.0	186814	1754	known_strain	/net/sgi/cami/data/CAMI2/nwillassen_data/marine/simulation_short_read/genomes/Thermoanaerobacter_siderophilus_SR4_genomic.fasta	Thermoanaerobacter siderophilus SR4	thermoanaerobacter siderophilus sr4	0		no_exact_source_name_match	0			assembly_summary_no_match
Otu1257	2	1720344	known_strain	/net/sgi/cami/data/CAMI2/nwillassen_data/marine/simulation_short_read/genomes/Psychrobacter_sp_AntiMn-1_genomic.fasta	Psychrobacter sp AntiMn-1	psychrobacter sp antimn 1	1	s__Psychrobacter pacificensis	exact_source_name_unique_gtdb_species	1	s__Psychrobacter pacificensis	GCF_001854065.1	assembly_summary_unique_gtdb_species
Otu1255	2	1112209	new_strain	/net/sgi/cami/data/CAMI2/nwillassen_data/marine/simulation_short_read/genomes/35_S4_contigs.fasta	35 S4	35 s4	0		no_exact_source_name_match	0			assembly_summary_no_match
Otu1254	2	271097	known_strain	/net/sgi/cami/data/CAMI2/nwillassen_data/marine/simulation_short_read/genomes/Shewanella_sediminis_HAW-EB3_genomic.fasta	Shewanella sediminis HAW-EB3	shewanella sediminis haw eb3	1	s__Shewanella sediminis	exact_source_name_unique_gtdb_species	1	s__Shewanella sediminis	GCF_000018025.1	assembly_summary_unique_gtdb_species
Otu1391	2	715451	known_strain	/net/sgi/cami/data/CAMI2/nwillassen_data/marine/simulation_short_read/genomes/Alteromonas_sp_SN2_genomic.fasta	Alteromonas sp SN2	alteromonas sp sn2	0		no_exact_source_name_match	1	s__Alteromonas naphthalenivorans	GCF_000213655.1	assembly_summary_unique_gtdb_species
Otu302.0	203492	167642	known_strain	/net/sgi/cami/data/CAMI2/nwillassen_data/marine/simulation_short_read/genomes/Ilyobacter_polytropus_DSM_2926_genomic.fasta	Ilyobacter polytropus DSM 2926	ilyobacter polytropus dsm 2926	1	s__Ilyobacter polytropus	exact_source_name_unique_gtdb_species	1	s__Ilyobacter polytropus	GCF_000165505.1	assembly_summary_unique_gtdb_species
Otu1386	2	80854	known_strain	/net/sgi/cami/data/CAMI2/nwillassen_data/marine/simulation_short_read/genomes/MvHd17_S7_contigs.fasta	MvHd17 S7	mvhd17 s7	0		no_exact_source_name_match	0			assembly_summary_no_match
Otu2403	2157	1580092	known_strain	/net/sgi/cami/data/CAMI2/nwillassen_data/marine/simulation_short_read/genomes/Candidatus_Nitrosopumilus_sp_NF5_genomic.fasta	Candidatus Nitrosopumilus sp NF5	candidatus nitrosopumilus sp nf5	0		no_exact_source_name_match	1	s__Nitrosopumilus adriaticus	GCF_000956175.1	assembly_summary_unique_gtdb_species
Otu304.0	213121	65555	known_strain	/net/sgi/cami/data/CAMI2/nwillassen_data/marine/simulation_short_read/genomes/Desulfocapsa_sulfexigens_DSM_10523_genomic.fasta	Desulfocapsa sulfexigens DSM 10523	desulfocapsa sulfexigens dsm 10523	1	s__Desulfocapsa sulfexigens	exact_source_name_unique_gtdb_species	1	s__Desulfocapsa sulfexigens	GCF_000341395.1	assembly_summary_unique_gtdb_species
Otu1498	2	212663	new_strain	/net/sgi/cami/data/CAMI2/nwillassen_data/marine/simulation_short_read/genomes/V-H1309-2-2_S2_contigs.fasta	V-H1309-2-2 S2	v h1309 2 2 s2	0		no_exact_source_name_match	0			assembly_summary_no_match
Otu23	2	190893	known_strain	/net/sgi/cami/data/CAMI2/nwillassen_data/marine/simulation_short_read/genomes/Vibrio_coralliilyticus_OCN014_genomic.fasta	Vibrio coralliilyticus OCN014	vibrio coralliilyticus ocn014	0		no_exact_source_name_match	1	s__Vibrio coralliilyticus	GCF_000763535.1,GCF_040783435.1	assembly_summary_unique_gtdb_species
Otu1553	2	1238	known_strain	/net/sgi/cami/data/CAMI2/nwillassen_data/marine/simulation_short_read/genomes/Piscirickettsia_salmonis_strain_PM58386B_genomic.fasta	Piscirickettsia salmonis strain PM58386B	piscirickettsia salmonis pm58386b	0		no_exact_source_name_match	1	s__Piscirickettsia salmonis	GCF_001932835.1	assembly_summary_unique_gtdb_species
Otu174	2	1219	known_strain	/net/sgi/cami/data/CAMI2/nwillassen_data/marine/simulation_short_read/genomes/Prochlorococcus_marinus_bv_HNLC2_genomic.fasta	Prochlorococcus marinus bv HNLC2	prochlorococcus marinus bv hnlc2	1	s__Prochlorococcus_A marinus_T	exact_source_name_unique_gtdb_species	0			assembly_summary_no_match
Otu1843.0	72275	226	known_strain	/net/sgi/cami/data/CAMI2/nwillassen_data/marine/simulation_short_read/genomes/Alteromonas_stellipolaris_LMG_21856_genomic.fasta	Alteromonas stellipolaris LMG 21856	alteromonas stellipolaris lmg 21856	0		no_exact_source_name_match	0			assembly_summary_no_match
Otu1389.0	85025	1833	known_strain	/net/sgi/cami/data/CAMI2/nwillassen_data/marine/simulation_short_read/genomes/Rhodococcus_erythropolis_PR4_genomic.fasta	Rhodococcus erythropolis PR4	rhodococcus erythropolis pr4	1	s__Rhodococcus_F erythropolis	exact_source_name_unique_gtdb_species	1	s__Rhodococcus_F erythropolis	GCF_000010105.1	assembly_summary_unique_gtdb_species
Otu179	2	271098	known_strain	/net/sgi/cami/data/CAMI2/nwillassen_data/marine/simulation_short_read/genomes/Shewanella_halifaxensis_HAW-EB4_genomic.fasta	Shewanella halifaxensis HAW-EB4	shewanella halifaxensis haw eb4	1	s__Shewanella halifaxensis	exact_source_name_unique_gtdb_species	1	s__Shewanella halifaxensis	GCF_000019185.1	assembly_summary_unique_gtdb_species
Otu1111	2	662	known_strain	/net/sgi/cami/data/CAMI2/nwillassen_data/marine/simulation_short_read/genomes/19_S5_contigs.fasta	19 S5	19 s5	0		no_exact_source_name_match	0			assembly_summary_no_match
Otu1692	2	55601	new_strain	/net/sgi/cami/data/CAMI2/nwillassen_data/marine/simulation_short_read/genomes/Vibrio_anguillarum_M3_genomic.fasta	Vibrio anguillarum M3	vibrio anguillarum m3	1	s__Vibrio anguillarum	exact_source_name_unique_gtdb_species	1	s__Vibrio anguillarum	GCF_000462975.1	assembly_summary_unique_gtdb_species
Otu1697	2	55601	new_strain	/net/sgi/cami/data/CAMI2/nwillassen_data/marine/simulation_short_read/genomes/1_S1_contigs.fasta	1 S1	1 s1	0		no_exact_source_name_match	0			assembly_summary_no_match
Otu1084	2	1363	known_strain	/net/sgi/cami/data/CAMI2/nwillassen_data/marine/simulation_short_read/genomes/Lactococcus_garvieae_ATCC_49156_genomic.fasta	Lactococcus garvieae ATCC 49156	lactococcus garvieae atcc 49156	1	s__Lactococcus garvieae	exact_source_name_unique_gtdb_species	1	s__Lactococcus garvieae	GCF_000269925.1,GCF_000407125.1,GCF_000407645.1	assembly_summary_unique_gtdb_species
Otu1918	2	1270	new_strain	/net/sgi/cami/data/CAMI2/nwillassen_data/marine/simulation_short_read/genomes/S21_S7_contigs.fasta	S21 S7	s21 s7	0		no_exact_source_name_match	0			assembly_summary_no_match
Otu1919	2	192073	known_strain	/net/sgi/cami/data/CAMI2/nwillassen_data/marine/simulation_short_read/genomes/Shewanella_denitrificans_OS217_genomic.fasta	Shewanella denitrificans OS217	shewanella denitrificans os217	1	s__Shewanella denitrificans	exact_source_name_unique_gtdb_species	1	s__Shewanella denitrificans	GCF_000013765.1	assembly_summary_unique_gtdb_species
Otu1080	2	657445	known_strain	/net/sgi/cami/data/CAMI2/nwillassen_data/marine/simulation_short_read/genomes/Francisella_noatunensis_subsp_orientalis_strain_FNO01_genomic.fasta	Francisella noatunensis subsp orientalis strain FNO01	francisella noatunensis subsp orientalis fno01	0		no_exact_source_name_match	0			assembly_summary_no_match
Otu2128	2157	2190	known_strain	/net/sgi/cami/data/CAMI2/nwillassen_data/marine/simulation_short_read/genomes/Methanocaldococcus_jannaschii_DSM_2661_genomic.fasta	Methanocaldococcus jannaschii DSM 2661	methanocaldococcus jannaschii dsm 2661	1	s__Methanocaldococcus jannaschii	exact_source_name_unique_gtdb_species	1	s__Methanocaldococcus jannaschii	GCF_000091665.1	assembly_summary_unique_gtdb_species
Otu1089	2	228	new_strain	/net/sgi/cami/data/CAMI2/nwillassen_data/marine/simulation_short_read/genomes/Pseudoalteromonas_haloplanktis_TAC125_genomic.fasta	Pseudoalteromonas haloplanktis TAC125	pseudoalteromonas haloplanktis tac125	0		no_exact_source_name_match	0			assembly_summary_no_match
Otu2316	2	511678	new_species	/net/sgi/cami/data/CAMI2/nwillassen_data/marine/simulation_short_read/genomes/A15_S15_contigs.fasta	A15 S15	a15 s15	0		no_exact_source_name_match	0			assembly_summary_no_match
Otu293.0	146	154	known_strain	/net/sgi/cami/data/CAMI2/nwillassen_data/marine/simulation_short_read/genomes/Spirochaeta_thermophila_DSM_6578_genomic.fasta	Spirochaeta thermophila DSM 6578	spirochaeta thermophila dsm 6578	0		no_exact_source_name_match	1	s__Winmispira thermophila	GCF_000184345.1	assembly_summary_unique_gtdb_species
Otu2314	2	158080	known_strain	/net/sgi/cami/data/CAMI2/nwillassen_data/marine/simulation_short_read/genomes/Chromohalobacter_salexigens_DSM_3043_genomic.fasta	Chromohalobacter salexigens DSM 3043	chromohalobacter salexigens dsm 3043	0		no_exact_source_name_match	0			assembly_summary_no_match
Otu2313	2	40269	new_strain	/net/sgi/cami/data/CAMI2/nwillassen_data/marine/simulation_short_read/genomes/A1_S1_contigs.fasta	A1 S1	a1 s1	0		no_exact_source_name_match	0			assembly_summary_no_match
Otu870	2	1096	known_strain	/net/sgi/cami/data/CAMI2/nwillassen_data/marine/simulation_short_read/genomes/Chlorobium_phaeobacteroides_BS1_genomic.fasta	Chlorobium phaeobacteroides BS1	chlorobium phaeobacteroides bs1	0		no_exact_source_name_match	0			assembly_summary_no_match
Otu1974.0	72275	226	known_strain	/net/sgi/cami/data/CAMI2/nwillassen_data/marine/simulation_short_read/genomes/Alteromonas_stellipolaris_strain_PQQ-42_genomic.fasta	Alteromonas stellipolaris strain PQQ-42	alteromonas stellipolaris pqq 42	0		no_exact_source_name_match	0			assembly_summary_no_match
Otu1974.1	72275	314275	known_strain	/net/sgi/cami/data/CAMI2/nwillassen_data/marine/simulation_short_read/genomes/Alteromonas_macleodii_str_Ionian_Sea_U7_genomic.fasta	Alteromonas macleodii str Ionian Sea U7	alteromonas macleodii ionian sea u7	0		no_exact_source_name_match	1	s__Alteromonas mediterranea	GCF_000439515.1,GCF_000439535.1,GCF_000439555.1,GCF_000439575.1,GCF_000439595.1	assembly_summary_unique_gtdb_species
Otu465	2	713887	known_strain	/net/sgi/cami/data/CAMI2/nwillassen_data/marine/simulation_short_read/genomes/Candidatus_Atelocyanobacterium_thalassa_isolate_ALOHA_genomic.fasta	Candidatus Atelocyanobacterium thalassa isolate ALOHA	candidatus atelocyanobacterium thalassa isolate aloha	1	s__Atelocyanobacterium thalassae	exact_source_name_unique_gtdb_species	1	s__Atelocyanobacterium thalassae	GCF_000025125.1	assembly_summary_unique_gtdb_species
Otu799.0	41297	117207	known_strain	/net/sgi/cami/data/CAMI2/nwillassen_data/marine/simulation_short_read/genomes/Sphingopyxis_alaskensis_RB2256_genomic.fasta	Sphingopyxis alaskensis RB2256	sphingopyxis alaskensis rb2256	1	s__Sphingopyxis alaskensis	exact_source_name_unique_gtdb_species	1	s__Sphingopyxis alaskensis	GCF_000013985.1	assembly_summary_unique_gtdb_species
Otu1278.0	49546	104267	new_species	/net/sgi/cami/data/CAMI2/nwillassen_data/marine/simulation_short_read/genomes/T-2016-70-F4-3_S10_contigs.fasta	T-2016-70-F4-3 S10	t 2016 70 f4 3 s10	0		no_exact_source_name_match	0			assembly_summary_no_match
Otu404.0	67572	357794	known_strain	/net/sgi/cami/data/CAMI2/nwillassen_data/marine/simulation_short_read/genomes/Psychromonas_ingrahamii_37_genomic.fasta	Psychromonas ingrahamii 37	psychromonas ingrahamii 37	1	s__Psychromonas ingrahamii	exact_source_name_unique_gtdb_species	1	s__Psychromonas ingrahamii	GCF_000015285.1	assembly_summary_unique_gtdb_species
Otu1279	2	106589	new_species	/net/sgi/cami/data/CAMI2/nwillassen_data/marine/simulation_short_read/genomes/Cupriavidus_sp_USMAA1020_genomic.fasta	Cupriavidus sp USMAA1020	cupriavidus sp usmaa1020	0		no_exact_source_name_match	0			assembly_summary_no_match
Otu660	2	1219	known_strain	/net/sgi/cami/data/CAMI2/nwillassen_data/marine/simulation_short_read/genomes/Prochlorococcus_marinus_str_MIT_9313_genomic.fasta	Prochlorococcus marinus str MIT 9313	prochlorococcus marinus mit 9313	1	s__Prochlorococcus marinus_D	exact_source_name_unique_gtdb_species	1	s__Prochlorococcus marinus_D	GCF_000011485.1	assembly_summary_unique_gtdb_species
Otu1545	2	1760	new_order	/net/sgi/cami/data/CAMI2/nwillassen_data/marine/simulation_short_read/genomes/Titti26_S6_contigs.fasta	Titti26 S6	titti26 s6	0		no_exact_source_name_match	0			assembly_summary_no_match
Otu108.0	58050	90736	new_strain	/net/sgi/cami/data/CAMI2/nwillassen_data/marine/simulation_short_read/genomes/2_S8_contigs.fasta	2 S8	2 s8	0		no_exact_source_name_match	0			assembly_summary_no_match
Otu589	2157	1434102	known_strain	/net/sgi/cami/data/CAMI2/nwillassen_data/marine/simulation_short_read/genomes/Methanosarcina_sp_WH1_genomic.fasta	Methanosarcina sp WH1	methanosarcina sp wh1	1	s__Methanosarcina sp000969965	exact_source_name_unique_gtdb_species	1	s__Methanosarcina sp000969965	GCF_000970005.1	assembly_summary_unique_gtdb_species
Otu60.0	213119	28223	known_strain	/net/sgi/cami/data/CAMI2/nwillassen_data/marine/simulation_short_read/genomes/Desulfobacula_toluolica_Tol2_genomic.fasta	Desulfobacula toluolica Tol2	desulfobacula toluolica tol2	1	s__Desulfobacula toluolica	exact_source_name_unique_gtdb_species	1	s__Desulfobacula toluolica	GCF_000307105.1	assembly_summary_unique_gtdb_species
Otu1544	2157	1434100	known_strain	/net/sgi/cami/data/CAMI2/nwillassen_data/marine/simulation_short_read/genomes/Methanosarcina_sp_MTP4_genomic.fasta	Methanosarcina sp MTP4	methanosarcina sp mtp4	1	s__MTP4 sp000970045	exact_source_name_unique_gtdb_species	1	s__MTP4 sp000970045	GCF_000970045.1	assembly_summary_unique_gtdb_species
Otu2423	2	670	known_strain	/net/sgi/cami/data/CAMI2/nwillassen_data/marine/simulation_short_read/genomes/Vibrio_parahaemolyticus_strain_FORC_018_genomic.fasta	Vibrio parahaemolyticus strain FORC 018	vibrio parahaemolyticus forc 018	0		no_exact_source_name_match	1	s__Vibrio parahaemolyticus	GCF_001887055.1,GCF_008039245.1,GCF_009390895.1	assembly_summary_unique_gtdb_species
Otu581	2	40269	new_strain	/net/sgi/cami/data/CAMI2/nwillassen_data/marine/simulation_short_read/genomes/A7_S7_contigs.fasta	A7 S7	a7 s7	0		no_exact_source_name_match	0			assembly_summary_no_match
Otu1168.0	49546	1453352	known_strain	/net/sgi/cami/data/CAMI2/nwillassen_data/marine/simulation_short_read/genomes/Sediminicola_sp_YIK13_genomic.fasta	Sediminicola sp YIK13	sediminicola sp yik13	1	s__Sediminicola sp001430825	exact_source_name_unique_gtdb_species	1	s__Sediminicola sp001430825	GCF_001430825.1	assembly_summary_unique_gtdb_species
Otu583	2	1219	known_strain	/net/sgi/cami/data/CAMI2/nwillassen_data/marine/simulation_short_read/genomes/Prochlorococcus_marinus_str_MIT_9515_genomic.fasta	Prochlorococcus marinus str MIT 9515	prochlorococcus marinus mit 9515	1	s__Prochlorococcus_A marinus_P	exact_source_name_unique_gtdb_species	1	s__Prochlorococcus_A marinus_P	GCF_000015665.1	assembly_summary_unique_gtdb_species
Otu105.0	49546	328515	known_strain	/net/sgi/cami/data/CAMI2/nwillassen_data/marine/simulation_short_read/genomes/Nonlabens_dokdonensis_DSW-6_genomic.fasta	Nonlabens dokdonensis DSW-6	nonlabens dokdonensis dsw 6	1	s__Nonlabens dokdonensis	exact_source_name_unique_gtdb_species	1	s__Nonlabens dokdonensis	GCF_000332115.1	assembly_summary_unique_gtdb_species
Otu856.0	31989	1397108	known_strain	/net/sgi/cami/data/CAMI2/nwillassen_data/marine/simulation_short_read/genomes/Celeribacter_marinus_strain_IMCC12053_genomic.fasta	Celeribacter marinus strain IMCC12053	celeribacter marinus imcc12053	0		no_exact_source_name_match	1	s__Celeribacter marinus	GCF_001308265.1	assembly_summary_unique_gtdb_species
Otu2078	2157	39152	known_strain	/net/sgi/cami/data/CAMI2/nwillassen_data/marine/simulation_short_read/genomes/Methanococcus_maripaludis_X1_genomic.fasta	Methanococcus maripaludis X1	methanococcus maripaludis x1	1	s__Methanococcus maripaludis	exact_source_name_unique_gtdb_species	1	s__Methanococcus maripaludis	GCF_000220645.1	assembly_summary_unique_gtdb_species
Otu2170	2	286	new_species	/net/sgi/cami/data/CAMI2/nwillassen_data/marine/simulation_short_read/genomes/Pseudomonas_sp_MT-1_genomic.fasta	Pseudomonas sp MT-1	pseudomonas sp mt 1	0		no_exact_source_name_match	0			assembly_summary_no_match
Otu2177	2	645	new_strain	/net/sgi/cami/data/CAMI2/nwillassen_data/marine/simulation_short_read/genomes/A-2014-70-F537_S3_contigs.fasta	A-2014-70-F537 S3	a 2014 70 f537 s3	0		no_exact_source_name_match	0			assembly_summary_no_match
Otu2174	2	1705	known_strain	/net/sgi/cami/data/CAMI2/nwillassen_data/marine/simulation_short_read/genomes/Corynebacterium_stationis_strain_622_DSM_20302_genomic.fasta	Corynebacterium stationis strain 622 DSM 20302	corynebacterium stationis 622 dsm 20302	0		no_exact_source_name_match	1	s__Corynebacterium stationis	GCF_001941345.1	assembly_summary_unique_gtdb_species
Otu2073	2157	155863	known_strain	/net/sgi/cami/data/CAMI2/nwillassen_data/marine/simulation_short_read/genomes/Methanothermococcus_okinawensis_IH1_genomic.fasta	Methanothermococcus okinawensis IH1	methanothermococcus okinawensis ih1	1	s__Methanofervidicoccus okinawensis	exact_source_name_unique_gtdb_species	1	s__Methanofervidicoccus okinawensis	GCF_000179575.2	assembly_summary_unique_gtdb_species
Otu2123	2	80852	new_strain	/net/sgi/cami/data/CAMI2/nwillassen_data/marine/simulation_short_read/genomes/Vw11_S2_contigs.fasta	Vw11 S2	vw11 s2	0		no_exact_source_name_match	0			assembly_summary_no_match
Otu2386	2	40269	new_strain	/net/sgi/cami/data/CAMI2/nwillassen_data/marine/simulation_short_read/genomes/MR17-77_S9_contigs.fasta	MR17-77 S9	mr17 77 s9	0		no_exact_source_name_match	0			assembly_summary_no_match
Otu459	2	1346	known_strain	/net/sgi/cami/data/CAMI2/nwillassen_data/marine/simulation_short_read/genomes/Streptococcus_iniae_strain_ISET0901_genomic.fasta	Streptococcus iniae strain ISET0901	streptococcus iniae iset0901	0		no_exact_source_name_match	0			assembly_summary_no_match
Otu511	2	1219	known_strain	/net/sgi/cami/data/CAMI2/nwillassen_data/marine/simulation_short_read/genomes/Prochlorococcus_marinus_subsp_marinus_str_CCMP1375_genomic.fasta	Prochlorococcus marinus subsp marinus str CCMP1375	prochlorococcus marinus subsp marinus ccmp1375	1	s__Prochlorococcus_E marinus	exact_source_name_unique_gtdb_species	1	s__Prochlorococcus_E marinus	GCF_000007925.1	assembly_summary_unique_gtdb_species
Otu2278	2157	2322	known_strain	/net/sgi/cami/data/CAMI2/nwillassen_data/marine/simulation_short_read/genomes/Methanohalobium_evestigatum_Z-7303_genomic.fasta	Methanohalobium evestigatum Z-7303	methanohalobium evestigatum z 7303	1	s__Methanohalobium evestigatum	exact_source_name_unique_gtdb_species	1	s__Methanohalobium evestigatum	GCF_000196655.1	assembly_summary_unique_gtdb_species
Otu2279	2	1646	known_strain	/net/sgi/cami/data/CAMI2/nwillassen_data/marine/simulation_short_read/genomes/Renibacterium_salmoninarum_ATCC_33209_genomic.fasta	Renibacterium salmoninarum ATCC 33209	renibacterium salmoninarum atcc 33209	1	s__Renibacterium salmoninarum	exact_source_name_unique_gtdb_species	1	s__Renibacterium salmoninarum	GCF_000018885.1	assembly_summary_unique_gtdb_species
Otu3.1	213421	29542	known_strain	/net/sgi/cami/data/CAMI2/nwillassen_data/marine/simulation_short_read/genomes/Pelobacter_acetylenicus_strain_DSM_3247_genomic.fasta	Pelobacter acetylenicus strain DSM 3247	pelobacter acetylenicus dsm 3247	0		no_exact_source_name_match	1	s__Syntrophotalea acetylenica	GCF_001887715.1	assembly_summary_unique_gtdb_species
Otu3.0	213421	19	known_strain	/net/sgi/cami/data/CAMI2/nwillassen_data/marine/simulation_short_read/genomes/Pelobacter_carbinolicus_DSM_2380_genomic.fasta	Pelobacter carbinolicus DSM 2380	pelobacter carbinolicus dsm 2380	0		no_exact_source_name_match	1	s__Syntrophotalea carbinolica	GCF_000012885.1	assembly_summary_unique_gtdb_species
Otu2276	2	29486	known_strain	/net/sgi/cami/data/CAMI2/nwillassen_data/marine/simulation_short_read/genomes/Yersinia_ruckeri_strain_Big_Creek_74_genomic.fasta	Yersinia ruckeri strain Big Creek 74	yersinia ruckeri big creek 74	0		no_exact_source_name_match	1	s__Yersinia ruckeri	GCF_000964565.1,GCF_031192345.1	assembly_summary_unique_gtdb_species
Otu1607	2	1699311	new_strain	/net/sgi/cami/data/CAMI2/nwillassen_data/marine/simulation_short_read/genomes/MC2_S1_contigs.fasta	MC2 S1	mc2 s1	0		no_exact_source_name_match	0			assembly_summary_no_match
Otu1374	2	1427364	known_strain	/net/sgi/cami/data/CAMI2/nwillassen_data/marine/simulation_short_read/genomes/Candidatus_Thioglobus_singularis_strain_GG2_genomic.fasta	Candidatus Thioglobus singularis strain GG2	candidatus thioglobus singularis gg2	0		no_exact_source_name_match	1	s__Pseudothioglobus singularis	GCF_001682155.1	assembly_summary_unique_gtdb_species
Otu2165.0	85025	679318	known_strain	/net/sgi/cami/data/CAMI2/nwillassen_data/marine/simulation_short_read/genomes/Rhodococcus_sp_WMMA185_genomic.fasta	Rhodococcus sp WMMA185	rhodococcus sp wmma185	1	s__Rhodococcus_F sp001767395	exact_source_name_unique_gtdb_species	1	s__Rhodococcus_F sp001767395	GCF_001767395.1	assembly_summary_unique_gtdb_species
Otu1376	2157	54252	known_strain	/net/sgi/cami/data/CAMI2/nwillassen_data/marine/simulation_short_read/genomes/Pyrolobus_fumarii_1A_genomic.fasta	Pyrolobus fumarii 1A	pyrolobus fumarii 1a	1	s__Pyrolobus fumarii	exact_source_name_unique_gtdb_species	1	s__Pyrolobus fumarii	GCF_000223395.1	assembly_summary_unique_gtdb_species
Otu1377	2	575200	known_strain	/net/sgi/cami/data/CAMI2/nwillassen_data/marine/simulation_short_read/genomes/Corynebacterium_maris_DSM_45190_genomic.fasta	Corynebacterium maris DSM 45190	corynebacterium maris dsm 45190	1	s__Corynebacterium maris	exact_source_name_unique_gtdb_species	1	s__Corynebacterium maris	GCF_000442645.1	assembly_summary_unique_gtdb_species
Otu283.0	194924	873	known_strain	/net/sgi/cami/data/CAMI2/nwillassen_data/marine/simulation_short_read/genomes/Desulfovibrio_africanus_str_Walvis_Bay_genomic.fasta	Desulfovibrio africanus str Walvis Bay	desulfovibrio africanus walvis bay	0		no_exact_source_name_match	1	s__Desulfocurvibacter africanus	GCF_000212675.2	assembly_summary_unique_gtdb_species
Otu2016.0	118882	1885919	known_strain	/net/sgi/cami/data/CAMI2/nwillassen_data/marine/simulation_short_read/genomes/Brucella_sp_141012304_genomic.fasta	Brucella sp 141012304	brucella sp 141012304	0		no_exact_source_name_match	0			assembly_summary_no_match
Otu1142.0	49546	96345	known_strain	/net/sgi/cami/data/CAMI2/nwillassen_data/marine/simulation_short_read/genomes/Flavobacterium_psychrophilum_v4-33_genomic.fasta	Flavobacterium psychrophilum v4-33	flavobacterium psychrophilum v4 33	0		no_exact_source_name_match	0			assembly_summary_no_match
Otu226	2	511678	new_species	/net/sgi/cami/data/CAMI2/nwillassen_data/marine/simulation_short_read/genomes/8_S8_contigs.fasta	8 S8	8 s8	0		no_exact_source_name_match	0			assembly_summary_no_match
Otu2472	2157	1510466	known_strain	/net/sgi/cami/data/CAMI2/nwillassen_data/marine/simulation_short_read/genomes/Candidatus_Nitrosopumilus_koreensis_AR1_genomic.fasta	Candidatus Nitrosopumilus koreensis AR1	candidatus nitrosopumilus koreensis ar1	1	s__Nitrosopumilus koreensis	exact_source_name_unique_gtdb_species	1	s__Nitrosopumilus koreensis	GCF_000299365.1	assembly_summary_unique_gtdb_species
Otu2468.0	31989	1917485	known_strain	/net/sgi/cami/data/CAMI2/nwillassen_data/marine/simulation_short_read/genomes/Sulfitobacter_sp_AM1-D1_genomic.fasta	Sulfitobacter sp AM1-D1	sulfitobacter sp am1 d1	0		no_exact_source_name_match	1	s__Sulfitobacter alexandrii	GCF_001886735.1	assembly_summary_unique_gtdb_species
Otu1734	2	55601	new_strain	/net/sgi/cami/data/CAMI2/nwillassen_data/marine/simulation_short_read/genomes/VO5_S12_contigs.fasta	VO5 S12	vo5 s12	0		no_exact_source_name_match	0			assembly_summary_no_match
Otu1737	2	44251	known_strain	/net/sgi/cami/data/CAMI2/nwillassen_data/marine/simulation_short_read/genomes/Paenibacillus_durus_DSM_1735_genomic.fasta	Paenibacillus durus DSM 1735	paenibacillus durus dsm 1735	0		no_exact_source_name_match	1	s__Paenibacillus_AQ durus	GCF_000756615.1	assembly_summary_unique_gtdb_species
Otu119.1	72275	28108	known_strain	/net/sgi/cami/data/CAMI2/nwillassen_data/marine/simulation_short_read/genomes/Alteromonas_macleodii_str_Black_Sea_11_genomic.fasta	Alteromonas macleodii str Black Sea 11	alteromonas macleodii black sea 11	1	s__Alteromonas abrolhosensis	exact_source_name_unique_gtdb_species	2	s__Alteromonas macleodii,s__Alteromonas macleodii_A	GCF_901446615.2,GCF_901446755.2,GCF_901457775.2,GCF_901457785.2,GCF_901457815.2,GCF_901457835.2,GCF_903772925.1	assembly_summary_ambiguous_gtdb_species
Otu119.0	72275	28108	known_strain	/net/sgi/cami/data/CAMI2/nwillassen_data/marine/simulation_short_read/genomes/Alteromonas_macleodii_ATCC_27126_genomic.fasta	Alteromonas macleodii ATCC 27126	alteromonas macleodii atcc 27126	1	s__Alteromonas macleodii	exact_source_name_unique_gtdb_species	2	s__Alteromonas macleodii,s__Alteromonas macleodii_A	GCF_000172635.2,GCF_050500325.1,GCF_901446615.2,GCF_901446755.2,GCF_901457775.2,GCF_901457785.2,GCF_901457815.2,GCF_901457835.2,GCF_903772925.1	assembly_summary_ambiguous_gtdb_species
Otu2006	2	40269	new_strain	/net/sgi/cami/data/CAMI2/nwillassen_data/marine/simulation_short_read/genomes/A2_S2_contigs.fasta	A2 S2	a2 s2	0		no_exact_source_name_match	0			assembly_summary_no_match
Otu1398	2157	1008460	known_strain	/net/sgi/cami/data/CAMI2/nwillassen_data/marine/simulation_short_read/genomes/Pyrococcus_yayanosii_CH1_genomic.fasta	Pyrococcus yayanosii CH1	pyrococcus yayanosii ch1	1	s__Pyrococcus yayanosii	exact_source_name_unique_gtdb_species	1	s__Pyrococcus yayanosii	GCF_000215995.1	assembly_summary_unique_gtdb_species
Otu2003	2	316	known_strain	/net/sgi/cami/data/CAMI2/nwillassen_data/marine/simulation_short_read/genomes/Pseudomonas_stutzeri_CCUG_29243_genomic.fasta	Pseudomonas stutzeri CCUG 29243	pseudomonas stutzeri ccug 29243	0		no_exact_source_name_match	1	s__Stutzerimonas kunmingensis_B	GCF_000267545.1	assembly_summary_unique_gtdb_species
Otu64.0	213119	2296	known_strain	/net/sgi/cami/data/CAMI2/nwillassen_data/marine/simulation_short_read/genomes/Desulfobacterium_autotrophicum_HRM2_genomic.fasta	Desulfobacterium autotrophicum HRM2	desulfobacterium autotrophicum hrm2	0		no_exact_source_name_match	1	s__Desulforapulum autotrophicum	GCF_000020365.1	assembly_summary_unique_gtdb_species
Otu1106	2	80852	new_strain	/net/sgi/cami/data/CAMI2/nwillassen_data/marine/simulation_short_read/genomes/Aliivibrio_wodanis_genomic.fasta	Aliivibrio wodanis	aliivibrio wodanis	1	s__Aliivibrio wodanis	exact_source_name_unique_gtdb_species	0			assembly_summary_no_match
Otu71	2	161895	known_strain	/net/sgi/cami/data/CAMI2/nwillassen_data/marine/simulation_short_read/genomes/Corynebacterium_phocae_strain_M408_89_1_genomic.fasta	Corynebacterium phocae strain M408 89 1	corynebacterium phocae m408 89 1	0		no_exact_source_name_match	1	s__Corynebacterium phocae	GCF_001941565.1	assembly_summary_unique_gtdb_species
Otu852.0	89374	1008	known_strain	/net/sgi/cami/data/CAMI2/nwillassen_data/marine/simulation_short_read/genomes/Saprospira_grandis_str_Lewin_genomic.fasta	Saprospira grandis str Lewin	saprospira grandis lewin	1	s__Saprospira grandis	exact_source_name_unique_gtdb_species	1	s__Saprospira grandis	GCF_000250635.1	assembly_summary_unique_gtdb_species
Otu1146.0	49546	1763534	known_strain	/net/sgi/cami/data/CAMI2/nwillassen_data/marine/simulation_short_read/genomes/Flavobacterium_sp_LPB0076_genomic.fasta	Flavobacterium sp LPB0076	flavobacterium sp lpb0076	0		no_exact_source_name_match	1	s__Flavobacterium crassostreae	GCF_001686945.1,GCF_001831475.1	assembly_summary_unique_gtdb_species
Otu472.1	31989	60136	new_species	/net/sgi/cami/data/CAMI2/nwillassen_data/marine/simulation_short_read/genomes/GB02J24_S7_contigs.fasta	GB02J24 S7	gb02j24 s7	0		no_exact_source_name_match	0			assembly_summary_no_match
Otu472.0	31989	292414	known_strain	/net/sgi/cami/data/CAMI2/nwillassen_data/marine/simulation_short_read/genomes/Ruegeria_sp_TM1040_genomic.fasta	Ruegeria sp TM1040	ruegeria sp tm1040	1	s__Epibacterium sp000014065	exact_source_name_unique_gtdb_species	1	s__Epibacterium sp000014065	GCF_000014065.1	assembly_summary_unique_gtdb_species
Otu2363.0	1237	1238	known_strain	/net/sgi/cami/data/CAMI2/nwillassen_data/marine/simulation_short_read/genomes/Piscirickettsia_salmonis_strain_PM21567A_genomic.fasta	Piscirickettsia salmonis strain PM21567A	piscirickettsia salmonis pm21567a	0		no_exact_source_name_match	1	s__Piscirickettsia salmonis	GCF_001932735.1	assembly_summary_unique_gtdb_species
Otu1136.0	49546	1774273	known_strain	/net/sgi/cami/data/CAMI2/nwillassen_data/marine/simulation_short_read/genomes/Polaribacter_sp_LPB0003_genomic.fasta	Polaribacter sp LPB0003	polaribacter sp lpb0003	0		no_exact_source_name_match	1	s__Polaribacter vadi	GCF_001680885.1,GCF_001761365.1	assembly_summary_unique_gtdb_species
Otu644	2	2335	known_strain	/net/sgi/cami/data/CAMI2/nwillassen_data/marine/simulation_short_read/genomes/Thermotoga_sp_RQ7_genomic.fasta	Thermotoga sp RQ7	thermotoga sp rq7	0		no_exact_source_name_match	0			assembly_summary_no_match
Otu128	2	80854	known_strain	/net/sgi/cami/data/CAMI2/nwillassen_data/marine/simulation_short_read/genomes/9_S9_contigs.fasta	9 S9	9 s9	0		no_exact_source_name_match	0			assembly_summary_no_match
Otu1399	2	39766	known_strain	/net/sgi/cami/data/CAMI2/nwillassen_data/marine/simulation_short_read/genomes/Sulfurimonas_denitrificans_DSM_1251_genomic.fasta	Sulfurimonas denitrificans DSM 1251	sulfurimonas denitrificans dsm 1251	1	s__Sulfurimonas denitrificans	exact_source_name_unique_gtdb_species	1	s__Sulfurimonas denitrificans	GCF_000012965.1	assembly_summary_unique_gtdb_species
Otu608	2	657445	known_strain	/net/sgi/cami/data/CAMI2/nwillassen_data/marine/simulation_short_read/genomes/Francisella_noatunensis_subsp_orientalis_strain_FNO190_genomic.fasta	Francisella noatunensis subsp orientalis strain FNO190	francisella noatunensis subsp orientalis fno190	0		no_exact_source_name_match	0			assembly_summary_no_match
Otu1472	2	84588	known_strain	/net/sgi/cami/data/CAMI2/nwillassen_data/marine/simulation_short_read/genomes/Synechococcus_sp_WH_8102_genomic.fasta	Synechococcus sp WH 8102	synechococcus sp wh 8102	0		no_exact_source_name_match	0			assembly_summary_no_match
Otu909	2	543877	known_strain	/net/sgi/cami/data/CAMI2/nwillassen_data/marine/simulation_short_read/genomes/Altererythrobacter_marensis_strain_KCTC_22370_genomic.fasta	Altererythrobacter marensis strain KCTC 22370	altererythrobacter marensis kctc 22370	0		no_exact_source_name_match	1	s__Pelagerythrobacter marensis	GCF_001028625.1	assembly_summary_unique_gtdb_species
Otu1515	2	669	known_strain	/net/sgi/cami/data/CAMI2/nwillassen_data/marine/simulation_short_read/genomes/Vibrio_harveyi_strain_QT520_genomic.fasta	Vibrio harveyi strain QT520	vibrio harveyi qt520	0		no_exact_source_name_match	1	s__Vibrio harveyi	GCF_001908435.2	assembly_summary_unique_gtdb_species
Otu1519	2	62322	new_strain	/net/sgi/cami/data/CAMI2/nwillassen_data/marine/simulation_short_read/genomes/Shewanella_baltica_OS117_genomic.fasta	Shewanella baltica OS117	shewanella baltica os117	1	s__Shewanella baltica	exact_source_name_unique_gtdb_species	1	s__Shewanella baltica	GCF_000215895.1	assembly_summary_unique_gtdb_species
Otu133.1	49546	762954	known_strain	/net/sgi/cami/data/CAMI2/nwillassen_data/marine/simulation_short_read/genomes/Siansivirga_zeaxanthinifaciens_CC-SAMT-1_genomic.fasta	Siansivirga zeaxanthinifaciens CC-SAMT-1	siansivirga zeaxanthinifaciens cc samt 1	1	s__Siansivirga zeaxanthinifaciens	exact_source_name_unique_gtdb_species	1	s__Siansivirga zeaxanthinifaciens	GCF_000941055.1	assembly_summary_unique_gtdb_species
Otu133.0	49546	983548	known_strain	/net/sgi/cami/data/CAMI2/nwillassen_data/marine/simulation_short_read/genomes/Krokinobacter_sp_4H-3-7-5_genomic.fasta	Krokinobacter sp 4H-3-7-5	krokinobacter sp 4h 3 7 5	0		no_exact_source_name_match	0			assembly_summary_no_match
Otu323.0	49546	292691	known_strain	/net/sgi/cami/data/CAMI2/nwillassen_data/marine/simulation_short_read/genomes/Gramella_sp_MAR_2010_102_genomic.fasta	Gramella sp MAR 2010 102	gramella sp mar 2010 102	0		no_exact_source_name_match	0			assembly_summary_no_match
Otu903	2	56812	known_strain	/net/sgi/cami/data/CAMI2/nwillassen_data/marine/simulation_short_read/genomes/Titti18_S5_contigs.fasta	Titti18 S5	titti18 s5	0		no_exact_source_name_match	0			assembly_summary_no_match
Otu123.0	1608298	1076588	known_strain	/net/sgi/cami/data/CAMI2/nwillassen_data/marine/simulation_short_read/genomes/Thiolapillus_brandeum_Hiromi_1_genomic.fasta	Thiolapillus brandeum Hiromi 1	thiolapillus brandeum hiromi 1	0		no_exact_source_name_match	1	s__Thiolapillus brandeum	GCF_000828615.1	assembly_summary_unique_gtdb_species
Otu1450	2	2336	new_strain	/net/sgi/cami/data/CAMI2/nwillassen_data/marine/simulation_short_read/genomes/Thermotoga_maritima_MSB8_3_genomic.fasta	Thermotoga maritima MSB8 3	thermotoga maritima msb8 3	0		no_exact_source_name_match	1	s__Thermotoga maritima	GCF_000008545.1,GCF_000230655.2,GCF_000390265.1,GCF_000978555.1	assembly_summary_unique_gtdb_species
Otu1455	2	135577	known_strain	/net/sgi/cami/data/CAMI2/nwillassen_data/marine/simulation_short_read/genomes/Idiomarina_loihiensis_L2TR_genomic.fasta	Idiomarina loihiensis L2TR	idiomarina loihiensis l2tr	1	s__Idiomarina loihiensis	exact_source_name_unique_gtdb_species	1	s__Idiomarina loihiensis	GCF_000008465.1	assembly_summary_unique_gtdb_species
Otu1505.0	563798	104	known_strain	/net/sgi/cami/data/CAMI2/nwillassen_data/marine/simulation_short_read/genomes/Cyclobacterium_marinum_DSM_745_genomic.fasta	Cyclobacterium marinum DSM 745	cyclobacterium marinum dsm 745	1	s__Cyclobacterium marinum	exact_source_name_unique_gtdb_species	1	s__Cyclobacterium marinum	GCF_000222485.1	assembly_summary_unique_gtdb_species
Otu12.0	109168	84980	known_strain	/net/sgi/cami/data/CAMI2/nwillassen_data/marine/simulation_short_read/genomes/Desulfotalea_psychrophila_LSv54_genomic.fasta	Desulfotalea psychrophila LSv54	desulfotalea psychrophila lsv54	1	s__Desulfotalea psychrophila	exact_source_name_unique_gtdb_species	1	s__Desulfotalea psychrophila	GCF_000025945.1	assembly_summary_unique_gtdb_species
Otu1078	2157	1873524	new_strain	/net/sgi/cami/data/CAMI2/nwillassen_data/marine/simulation_short_read/genomes/haloarchaeon_HSR6_genomic.fasta	haloarchaeon HSR6	haloarchaeon hsr6	0		no_exact_source_name_match	1	s__Halodesulfurarchaeum formicicum	GCF_001886955.1	assembly_summary_unique_gtdb_species
Otu2090	2	645	new_strain	/net/sgi/cami/data/CAMI2/nwillassen_data/marine/simulation_short_read/genomes/A-2013-70-F524-1_S1_contigs.fasta	A-2013-70-F524-1 S1	a 2013 70 f524 1 s1	0		no_exact_source_name_match	0			assembly_summary_no_match
Otu936	2157	2189	known_strain	/net/sgi/cami/data/CAMI2/nwillassen_data/marine/simulation_short_read/genomes/Methanotorris_igneus_Kol_5_genomic.fasta	Methanotorris igneus Kol 5	methanotorris igneus kol 5	1	s__Methanotorris igneus	exact_source_name_unique_gtdb_species	1	s__Methanotorris igneus	GCF_000214415.1	assembly_summary_unique_gtdb_species
Otu635	2	80854	known_strain	/net/sgi/cami/data/CAMI2/nwillassen_data/marine/simulation_short_read/genomes/Mv5450_S4_contigs.fasta	Mv5450 S4	mv5450 s4	0		no_exact_source_name_match	0			assembly_summary_no_match
Otu639	2	110662	known_strain	/net/sgi/cami/data/CAMI2/nwillassen_data/marine/simulation_short_read/genomes/Synechococcus_sp_CC9605_genomic.fasta	Synechococcus sp CC9605	synechococcus sp cc9605	1	s__Parasynechococcus sp000012625	exact_source_name_unique_gtdb_species	1	s__Parasynechococcus sp000012625	GCF_000012625.1	assembly_summary_unique_gtdb_species
Otu2098	2157	55802	known_strain	/net/sgi/cami/data/CAMI2/nwillassen_data/marine/simulation_short_read/genomes/Thermococcus_barophilus_CH5_genomic.fasta	Thermococcus barophilus CH5	thermococcus barophilus ch5	0		no_exact_source_name_match	1	s__Thermococcus_B barophilus	GCF_001433455.1	assembly_summary_unique_gtdb_species
Otu2099	2	1307763	known_strain	/net/sgi/cami/data/CAMI2/nwillassen_data/marine/simulation_short_read/genomes/Verrucomicrobia_bacterium_L21-Fru-AB_genomic.fasta	Verrucomicrobia bacterium L21-Fru-AB	verrucomicrobia bacterium l21 fru ab	0		no_exact_source_name_match	1	s__Kiritimatiella glycovorans	GCF_001017655.1	assembly_summary_unique_gtdb_species
Otu664.0	563798	232259	known_strain	/net/sgi/cami/data/CAMI2/nwillassen_data/marine/simulation_short_read/genomes/Belliella_baltica_DSM_15883_genomic.fasta	Belliella baltica DSM 15883	belliella baltica dsm 15883	1	s__Belliella baltica	exact_source_name_unique_gtdb_species	1	s__Belliella baltica	GCF_000265405.1	assembly_summary_unique_gtdb_species
Otu1952	2	1267766	known_strain	/net/sgi/cami/data/CAMI2/nwillassen_data/marine/simulation_short_read/genomes/Altererythrobacter_atlanticus_strain_26DY36_genomic.fasta	Altererythrobacter atlanticus strain 26DY36	altererythrobacter atlanticus 26dy36	0		no_exact_source_name_match	1	s__Croceibacterium_C atlanticum	GCF_001008165.2	assembly_summary_unique_gtdb_species
Otu72.0	81	1427356	known_strain	/net/sgi/cami/data/CAMI2/nwillassen_data/marine/simulation_short_read/genomes/Hyphomicrobium_nitrativorans_NL23_genomic.fasta	Hyphomicrobium nitrativorans NL23	hyphomicrobium nitrativorans nl23	1	s__Hyphomicrobium_C nitrativorans	exact_source_name_unique_gtdb_species	1	s__Hyphomicrobium_C nitrativorans	GCF_000503895.1	assembly_summary_unique_gtdb_species
Otu454.0	875170	1208324	known_strain	/net/sgi/cami/data/CAMI2/nwillassen_data/marine/simulation_short_read/genomes/Celeribacter_indicus_P73_genomic.fasta	Celeribacter indicus P73	celeribacter indicus p73	0		no_exact_source_name_match	1	s__Celeribacter indicus	GCF_000819565.1,GCF_900106965.1	assembly_summary_unique_gtdb_species
Otu24.0	682522	467094	known_strain	/net/sgi/cami/data/CAMI2/nwillassen_data/marine/simulation_short_read/genomes/Ilumatobacter_coccineum_YM16-304_genomic.fasta	Ilumatobacter coccineum YM16-304	ilumatobacter coccineum ym16 304	0		no_exact_source_name_match	1	s__Ilumatobacter_A coccineus	GCF_000348785.1	assembly_summary_unique_gtdb_species
Otu1040	2	62322	new_strain	/net/sgi/cami/data/CAMI2/nwillassen_data/marine/simulation_short_read/genomes/Shewanella_baltica_OS155_genomic.fasta	Shewanella baltica OS155	shewanella baltica os155	1	s__Shewanella baltica	exact_source_name_unique_gtdb_species	1	s__Shewanella baltica	GCF_000015845.1	assembly_summary_unique_gtdb_species
Otu1763.0	2425	2426	known_strain	/net/sgi/cami/data/CAMI2/nwillassen_data/marine/simulation_short_read/genomes/Teredinibacter_turnerae_T7901_genomic.fasta	Teredinibacter turnerae T7901	teredinibacter turnerae t7901	1	s__Teredinibacter turnerae_B	exact_source_name_unique_gtdb_species	1	s__Teredinibacter turnerae_B	GCF_000023025.1	assembly_summary_unique_gtdb_species
Otu22	2	1372	new_species	/net/sgi/cami/data/CAMI2/nwillassen_data/marine/simulation_short_read/genomes/AW02J18_S11_contigs.fasta	AW02J18 S11	aw02j18 s11	0		no_exact_source_name_match	0			assembly_summary_no_match
Otu157.0	28256	1897729	new_strain	/net/sgi/cami/data/CAMI2/nwillassen_data/marine/simulation_short_read/genomes/Halolamina_sediminis_strain_Hb3_genomic.fasta	Halolamina sediminis strain Hb3	halolamina sediminis hb3	0		no_exact_source_name_match	1	s__Halomonas aestuarii	GCF_001886615.1	assembly_summary_unique_gtdb_species
Otu26.0	135620	936476	known_strain	/net/sgi/cami/data/CAMI2/nwillassen_data/marine/simulation_short_read/genomes/Marinomonas_posidonica_IVIA-Po-181_genomic.fasta	Marinomonas posidonica IVIA-Po-181	marinomonas posidonica ivia po 181	1	s__Marinomonas posidonica	exact_source_name_unique_gtdb_species	1	s__Marinomonas posidonica	GCF_000214215.1	assembly_summary_unique_gtdb_species
Otu1817	2	1898108	known_strain	/net/sgi/cami/data/CAMI2/nwillassen_data/marine/simulation_short_read/genomes/bacterium_AB1_strain_AB1-8_genomic.fasta	bacterium AB1 strain AB1-8	bacterium ab1 ab1 8	0		no_exact_source_name_match	0			assembly_summary_no_match
Otu1894	2	40269	new_strain	/net/sgi/cami/data/CAMI2/nwillassen_data/marine/simulation_short_read/genomes/A5_S5_contigs.fasta	A5 S5	a5 s5	0		no_exact_source_name_match	0			assembly_summary_no_match
Otu839	2	234831	new_strain	/net/sgi/cami/data/CAMI2/nwillassen_data/marine/simulation_short_read/genomes/GB02J33_S8_contigs.fasta	GB02J33 S8	gb02j33 s8	0		no_exact_source_name_match	0			assembly_summary_no_match
Otu2455	2	62322	new_strain	/net/sgi/cami/data/CAMI2/nwillassen_data/marine/simulation_short_read/genomes/Shewanella_baltica_OS185_genomic.fasta	Shewanella baltica OS185	shewanella baltica os185	1	s__Shewanella baltica	exact_source_name_unique_gtdb_species	1	s__Shewanella baltica	GCF_000017325.1	assembly_summary_unique_gtdb_species
Otu1209	2	80852	new_strain	/net/sgi/cami/data/CAMI2/nwillassen_data/marine/simulation_short_read/genomes/A-Hdes-12_S11_contigs.fasta	A-Hdes-12 S11	a hdes 12 s11	0		no_exact_source_name_match	0			assembly_summary_no_match
Otu2453	2	160798	known_strain	/net/sgi/cami/data/CAMI2/nwillassen_data/marine/simulation_short_read/genomes/Marinitoga_sp_1137_genomic.fasta	Marinitoga sp 1137	marinitoga sp 1137	0		no_exact_source_name_match	0			assembly_summary_no_match
Otu1204	2157	1737403	known_strain	/net/sgi/cami/data/CAMI2/nwillassen_data/marine/simulation_short_read/genomes/Nanohaloarchaea_archaeon_SG9_genomic.fasta	Nanohaloarchaea archaeon SG9	nanohaloarchaea archaeon sg9	1	s__JBDGSM01 sp001761425	exact_source_name_unique_gtdb_species	0			assembly_summary_no_match
Otu2352	2	228745	known_strain	/net/sgi/cami/data/CAMI2/nwillassen_data/marine/simulation_short_read/genomes/hermovibrio_ammonificans_HB-1_genomic.fasta	hermovibrio ammonificans HB-1	hermovibrio ammonificans hb 1	0		no_exact_source_name_match	0			assembly_summary_no_match
Otu2351	2157	1604004	known_strain	/net/sgi/cami/data/CAMI2/nwillassen_data/marine/simulation_short_read/genomes/Halanaeroarchaeum_sulfurireducens_strain_M27-SA2_genomic.fasta	Halanaeroarchaeum sulfurireducens strain M27-SA2	halanaeroarchaeum sulfurireducens m27 sa2	0		no_exact_source_name_match	1	s__Halanaeroarchaeum sulfurireducens	GCF_001305655.1	assembly_summary_unique_gtdb_species
Otu2459	2157	67760	known_strain	/net/sgi/cami/data/CAMI2/nwillassen_data/marine/simulation_short_read/genomes/Methanocaldococcus_infernus_ME_genomic.fasta	Methanocaldococcus infernus ME	methanocaldococcus infernus me	1	s__Methanocaldococcus infernus	exact_source_name_unique_gtdb_species	1	s__Methanocaldococcus infernus	GCF_000092305.1	assembly_summary_unique_gtdb_species
Otu1379	2	93466	known_strain	/net/sgi/cami/data/CAMI2/nwillassen_data/marine/simulation_short_read/genomes/Fervidobacterium_pennivorans_strain_DYC_genomic.fasta	Fervidobacterium pennivorans strain DYC	fervidobacterium pennivorans dyc	0		no_exact_source_name_match	0			assembly_summary_no_match
Otu394.0	72275	314275	known_strain	/net/sgi/cami/data/CAMI2/nwillassen_data/marine/simulation_short_read/genomes/Alteromonas_mediterranea_strain_RG65_genomic.fasta	Alteromonas mediterranea strain RG65	alteromonas mediterranea rg65	0		no_exact_source_name_match	1	s__Alteromonas mediterranea	GCF_001886435.1,GCF_927797765.1	assembly_summary_unique_gtdb_species
Otu394.1	72275	28108	known_strain	/net/sgi/cami/data/CAMI2/nwillassen_data/marine/simulation_short_read/genomes/Alteromonas_macleodii_str_English_Channel_673_genomic.fasta	Alteromonas macleodii str English Channel 673	alteromonas macleodii english channel 673	1	s__Alteromonas macleodii	exact_source_name_unique_gtdb_species	2	s__Alteromonas macleodii,s__Alteromonas macleodii_A	GCF_000299955.1,GCF_901446615.2,GCF_901446755.2,GCF_901457775.2,GCF_901457785.2,GCF_901457815.2,GCF_901457835.2,GCF_903772925.1	assembly_summary_ambiguous_gtdb_species
Otu555.0	72275	589873	known_strain	/net/sgi/cami/data/CAMI2/nwillassen_data/marine/simulation_short_read/genomes/Alteromonas_australica_DE170_genomic.fasta	Alteromonas australica DE170	alteromonas australica de170	0		no_exact_source_name_match	0			assembly_summary_no_match
Otu1200.0	135620	400668	known_strain	/net/sgi/cami/data/CAMI2/nwillassen_data/marine/simulation_short_read/genomes/Marinomonas_sp_MWYL1_genomic.fasta	Marinomonas sp MWYL1	marinomonas sp mwyl1	0		no_exact_source_name_match	0			assembly_summary_no_match
Otu1180.0	72275	28108	known_strain	/net/sgi/cami/data/CAMI2/nwillassen_data/marine/simulation_short_read/genomes/Alteromonas_macleodii_str_Balearic_Sea_AD45_genomic.fasta	Alteromonas macleodii str Balearic Sea AD45	alteromonas macleodii balearic sea ad45	1	s__Alteromonas macleodii	exact_source_name_unique_gtdb_species	2	s__Alteromonas macleodii,s__Alteromonas macleodii_A	GCF_000300175.1,GCF_901446615.2,GCF_901446755.2,GCF_901457775.2,GCF_901457785.2,GCF_901457815.2,GCF_901457835.2,GCF_903772925.1	assembly_summary_ambiguous_gtdb_species
Otu137.0	72275	314275	known_strain	/net/sgi/cami/data/CAMI2/nwillassen_data/marine/simulation_short_read/genomes/Alteromonas_macleodii_str_Ionian_Sea_U8_genomic.fasta	Alteromonas macleodii str Ionian Sea U8	alteromonas macleodii ionian sea u8	0		no_exact_source_name_match	1	s__Alteromonas mediterranea	GCF_000439515.1,GCF_000439535.1,GCF_000439555.1,GCF_000439575.1,GCF_000439595.1	assembly_summary_unique_gtdb_species
Otu571.0	31989	42443	known_strain	/net/sgi/cami/data/CAMI2/nwillassen_data/marine/simulation_short_read/genomes/Roseobacter_litoralis_Och_149_genomic.fasta	Roseobacter litoralis Och 149	roseobacter litoralis och 149	1	s__Roseobacter litoralis	exact_source_name_unique_gtdb_species	1	s__Roseobacter litoralis	GCF_000154785.2	assembly_summary_unique_gtdb_species
Otu172.0	31989	60890	known_strain	/net/sgi/cami/data/CAMI2/nwillassen_data/marine/simulation_short_read/genomes/Phaeobacter_gallaeciensis_DSM_26640_genomic.fasta	Phaeobacter gallaeciensis DSM 26640	phaeobacter gallaeciensis dsm 26640	1	s__Phaeobacter gallaeciensis	exact_source_name_unique_gtdb_species	1	s__Phaeobacter gallaeciensis	GCF_000511385.1,GCF_000819625.1	assembly_summary_unique_gtdb_species
Otu40.1	41295	171437	known_strain	/net/sgi/cami/data/CAMI2/nwillassen_data/marine/simulation_short_read/genomes/Tistrella_mobilis_KA081020-065_genomic.fasta	Tistrella mobilis KA081020-065	tistrella mobilis ka081020 065	1	s__Tistrella mobilis	exact_source_name_unique_gtdb_species	1	s__Tistrella mobilis	GCF_000264455.2	assembly_summary_unique_gtdb_species
Otu1462.0	186818	192421	known_strain	/net/sgi/cami/data/CAMI2/nwillassen_data/marine/simulation_short_read/genomes/Planococcus_maritimus_strain_DSM_17275_genomic.fasta	Planococcus maritimus strain DSM 17275	planococcus maritimus dsm 17275	0		no_exact_source_name_match	1	s__Planococcus maritimus	GCF_001687625.2	assembly_summary_unique_gtdb_species
Otu945	2	1760	new_order	/net/sgi/cami/data/CAMI2/nwillassen_data/marine/simulation_short_read/genomes/Titti33_S13_contigs.fasta	Titti33 S13	titti33 s13	0		no_exact_source_name_match	0			assembly_summary_no_match
Otu2258.1	511678	40269	new_strain	/net/sgi/cami/data/CAMI2/nwillassen_data/marine/simulation_short_read/genomes/VSalmN5541_S14_contigs.fasta	VSalmN5541 S14	vsalmn5541 s14	0		no_exact_source_name_match	0			assembly_summary_no_match
Otu1415	2157	83171	known_strain	/net/sgi/cami/data/CAMI2/nwillassen_data/marine/simulation_short_read/genomes/Methanocaldococcus_fervens_AG86_genomic.fasta	Methanocaldococcus fervens AG86	methanocaldococcus fervens ag86	1	s__Methanocaldococcus fervens	exact_source_name_unique_gtdb_species	1	s__Methanocaldococcus fervens	GCF_000023985.1	assembly_summary_unique_gtdb_species
Otu2232	2	1648404	known_strain	/net/sgi/cami/data/CAMI2/nwillassen_data/marine/simulation_short_read/genomes/Erythrobacter_sp_s21-N3_genomic.fasta	Erythrobacter sp s21-N3	erythrobacter sp s21 n3	0		no_exact_source_name_match	1	s__Alteraurantiacibacter atlanticus	GCF_001077815.2	assembly_summary_unique_gtdb_species
Otu2234	2	286	new_species	/net/sgi/cami/data/CAMI2/nwillassen_data/marine/simulation_short_read/genomes/GB04J27_S10_contigs.fasta	GB04J27 S10	gb04j27 s10	0		no_exact_source_name_match	0			assembly_summary_no_match
Otu2239	2	759620	known_strain	/net/sgi/cami/data/CAMI2/nwillassen_data/marine/simulation_short_read/genomes/Weissella_ceti_strain_WS105_genomic.fasta	Weissella ceti strain WS105	weissella ceti ws105	0		no_exact_source_name_match	1	s__Weissella tructae	GCF_000750535.1	assembly_summary_unique_gtdb_species
Otu76.0	49546	59732	new_species	/net/sgi/cami/data/CAMI2/nwillassen_data/marine/simulation_short_read/genomes/R2A29_S8_contigs.fasta	R2A29 S8	r2a29 s8	0		no_exact_source_name_match	0			assembly_summary_no_match
Otu1958.0	72293	138563	known_strain	/net/sgi/cami/data/CAMI2/nwillassen_data/marine/simulation_short_read/genomes/Helicobacter_cetorum_MIT_00-7128_genomic.fasta	Helicobacter cetorum MIT 00-7128	helicobacter cetorum mit 00 7128	1	s__Helicobacter cetorum_B	exact_source_name_unique_gtdb_species	1	s__Helicobacter cetorum_B	GCF_000259255.1	assembly_summary_unique_gtdb_species
Otu2169.0	224467	244787	known_strain	/net/sgi/cami/data/CAMI2/nwillassen_data/marine/simulation_short_read/genomes/Nautilia_profundicola_AmH_genomic.fasta	Nautilia profundicola AmH	nautilia profundicola amh	1	s__Nautilia profundicola	exact_source_name_unique_gtdb_species	1	s__Nautilia profundicola	GCF_000021725.1	assembly_summary_unique_gtdb_species
Otu1889	2157	2265	known_strain	/net/sgi/cami/data/CAMI2/nwillassen_data/marine/simulation_short_read/genomes/Thermococcus_litoralis_DSM_5473_genomic.fasta	Thermococcus litoralis DSM 5473	thermococcus litoralis dsm 5473	1	s__Thermococcus_A litoralis	exact_source_name_unique_gtdb_species	1	s__Thermococcus_A litoralis	GCF_000246985.2,GCF_900064395.1	assembly_summary_unique_gtdb_species
Otu1468.0	49546	320324	known_strain	/net/sgi/cami/data/CAMI2/nwillassen_data/marine/simulation_short_read/genomes/Formosa_agariphila_KMM_3901_genomic.fasta	Formosa agariphila KMM 3901	formosa agariphila kmm 3901	1	s__Formosa agariphila	exact_source_name_unique_gtdb_species	1	s__Formosa agariphila	GCF_000723205.1	assembly_summary_unique_gtdb_species
Otu1458.0	80864	1763535	known_strain	/net/sgi/cami/data/CAMI2/nwillassen_data/marine/simulation_short_read/genomes/Hydrogenophaga_sp_LPB0072_genomic.fasta	Hydrogenophaga sp LPB0072	hydrogenophaga sp lpb0072	0		no_exact_source_name_match	1	s__Hydrogenophaga crassostreae	GCF_001640105.1,GCF_001761385.1	assembly_summary_unique_gtdb_species
Otu176.0	67572	314282	known_strain	/net/sgi/cami/data/CAMI2/nwillassen_data/marine/simulation_short_read/genomes/Psychromonas_sp_CNPT3_genomic.fasta	Psychromonas sp CNPT3	psychromonas sp cnpt3	1	s__Psychromonas sp000153405	exact_source_name_unique_gtdb_species	1	s__Psychromonas sp000153405	GCF_000153405.2	assembly_summary_unique_gtdb_species
Otu921.0	67572	67572	new_species	/net/sgi/cami/data/CAMI2/nwillassen_data/marine/simulation_short_read/genomes/Titti20_S7_contigs.fasta	Titti20 S7	titti20 s7	0		no_exact_source_name_match	0			assembly_summary_no_match
Otu1287	2	82654	known_strain	/net/sgi/cami/data/CAMI2/nwillassen_data/marine/simulation_short_read/genomes/Pseudanabaena_sp_PCC_7367_genomic.fasta	Pseudanabaena sp PCC 7367	pseudanabaena sp pcc 7367	0		no_exact_source_name_match	0			assembly_summary_no_match
Otu1240.0	28228	1816218	known_strain	/net/sgi/cami/data/CAMI2/nwillassen_data/marine/simulation_short_read/genomes/Colwellia_sp_PAMC_20917_genomic.fasta	Colwellia sp PAMC 20917	colwellia sp pamc 20917	1	s__Colwellia_A sp001767295	exact_source_name_unique_gtdb_species	1	s__Colwellia_A sp001767295	GCF_001767295.1	assembly_summary_unique_gtdb_species
Otu451	2157	55802	known_strain	/net/sgi/cami/data/CAMI2/nwillassen_data/marine/simulation_short_read/genomes/Thermococcus_barophilus_MP_genomic.fasta	Thermococcus barophilus MP	thermococcus barophilus mp	1	s__Thermococcus_B barophilus	exact_source_name_unique_gtdb_species	1	s__Thermococcus_B barophilus	GCF_000151105.2	assembly_summary_unique_gtdb_species
Otu1900	2157	2226	known_strain	/net/sgi/cami/data/CAMI2/nwillassen_data/marine/simulation_short_read/genomes/Methanococcoides_methylutens_MM1_genomic.fasta	Methanococcoides methylutens MM1	methanococcoides methylutens mm1	1	s__Methanococcoides methylutens_A	exact_source_name_unique_gtdb_species	1	s__Methanococcoides methylutens_A	GCF_000970325.1	assembly_summary_unique_gtdb_species
Otu1334	2	74109	known_strain	/net/sgi/cami/data/CAMI2/nwillassen_data/marine/simulation_short_read/genomes/Photobacterium_profundum_SS9_genomic.fasta	Photobacterium profundum SS9	photobacterium profundum ss9	1	s__Photobacterium profundum_A	exact_source_name_unique_gtdb_species	1	s__Photobacterium profundum_A	GCF_000196255.1	assembly_summary_unique_gtdb_species
Otu1336	2	754477	known_strain	/net/sgi/cami/data/CAMI2/nwillassen_data/marine/simulation_short_read/genomes/Methylophaga_sp_JAM7_genomic.fasta	Methylophaga sp JAM7	methylophaga sp jam7	0		no_exact_source_name_match	1	s__Methylophaga frappieri	GCF_000260965.1	assembly_summary_unique_gtdb_species
Otu1337	2	1491	known_strain	/net/sgi/cami/data/CAMI2/nwillassen_data/marine/simulation_short_read/genomes/Clostridium_botulinum_202F_genomic.fasta	Clostridium botulinum 202F	clostridium botulinum 202f	1	s__Clostridium cagae	exact_source_name_unique_gtdb_species	0			assembly_summary_no_match
Otu1474.0	72275	314275	known_strain	/net/sgi/cami/data/CAMI2/nwillassen_data/marine/simulation_short_read/genomes/Alteromonas_macleodii_str_Deep_ecotype_genomic.fasta	Alteromonas macleodii str Deep ecotype	alteromonas macleodii deep ecotype	0		no_exact_source_name_match	0			assembly_summary_no_match
Otu1362.0	85023	1855377	known_strain	/net/sgi/cami/data/CAMI2/nwillassen_data/marine/simulation_short_read/genomes/Candidatus_Aquiluna_sp_UB-MaderosW2red_genomic.fasta	Candidatus Aquiluna sp UB-MaderosW2red	candidatus aquiluna sp ub maderosw2red	1	s__Aquiluna sp900100865	exact_source_name_unique_gtdb_species	1	s__Aquiluna sp900100865	GCF_900100865.1	assembly_summary_unique_gtdb_species
Otu865	2	43658	known_strain	/net/sgi/cami/data/CAMI2/nwillassen_data/marine/simulation_short_read/genomes/Pseudoalteromonas_rubra_strain_SCSIO_6842_genomic.fasta	Pseudoalteromonas rubra strain SCSIO 6842	pseudoalteromonas rubra scsio 6842	0		no_exact_source_name_match	2	s__Pseudoalteromonas ardens,s__Pseudoalteromonas rubra	GCF_000238295.3,GCF_001482385.1	assembly_summary_ambiguous_gtdb_species
Otu2229	2	1311	known_strain	/net/sgi/cami/data/CAMI2/nwillassen_data/marine/simulation_short_read/genomes/Streptococcus_agalactiae_strain_HN016_genomic.fasta	Streptococcus agalactiae strain HN016	streptococcus agalactiae hn016	0		no_exact_source_name_match	1	s__Streptococcus agalactiae	GCF_001190805.1,GCF_901875485.1	assembly_summary_unique_gtdb_species
Otu2044	2	1246	new_strain	/net/sgi/cami/data/CAMI2/nwillassen_data/marine/simulation_short_read/genomes/Leuconostoc_lactis_strain_WiKim40_genomic.fasta	Leuconostoc lactis strain WiKim40	leuconostoc lactis wikim40	0		no_exact_source_name_match	1	s__Leuconostoc lactis	GCF_001698145.1	assembly_summary_unique_gtdb_species
Otu1002.0	72294	488546	known_strain	/net/sgi/cami/data/CAMI2/nwillassen_data/marine/simulation_short_read/genomes/Campylobacter_peloridis_LMG_23910_genomic.fasta	Campylobacter peloridis LMG 23910	campylobacter peloridis lmg 23910	1	s__Campylobacter_D peloridis	exact_source_name_unique_gtdb_species	1	s__Campylobacter_D peloridis	GCF_000816785.1	assembly_summary_unique_gtdb_species
Otu564	2	62322	new_strain	/net/sgi/cami/data/CAMI2/nwillassen_data/marine/simulation_short_read/genomes/Shewanella_baltica_BA175_genomic.fasta	Shewanella baltica BA175	shewanella baltica ba175	1	s__Shewanella baltica	exact_source_name_unique_gtdb_species	1	s__Shewanella baltica	GCF_000147735.2	assembly_summary_unique_gtdb_species
Otu1673	2	316	known_strain	/net/sgi/cami/data/CAMI2/nwillassen_data/marine/simulation_short_read/genomes/Pseudomonas_stutzeri_strain_19SMN4_genomic.fasta	Pseudomonas stutzeri strain 19SMN4	pseudomonas stutzeri 19smn4	0		no_exact_source_name_match	0			assembly_summary_no_match
Otu2346.0	415002	395922	known_strain	/net/sgi/cami/data/CAMI2/nwillassen_data/marine/simulation_short_read/genomes/Coraliomargarita_akajimensis_DSM_45221_genomic.fasta	Coraliomargarita akajimensis DSM 45221	coraliomargarita akajimensis dsm 45221	1	s__Coraliomargarita akajimensis	exact_source_name_unique_gtdb_species	1	s__Coraliomargarita akajimensis	GCF_000025905.1	assembly_summary_unique_gtdb_species
Otu467	2	668	known_strain	/net/sgi/cami/data/CAMI2/nwillassen_data/marine/simulation_short_read/genomes/Vibrio_fischeri_MJ11_genomic.fasta	Vibrio fischeri MJ11	vibrio fischeri mj11	0		no_exact_source_name_match	1	s__Aliivibrio fischeri	GCF_000020845.1	assembly_summary_unique_gtdb_species
Otu2282	2	53246	known_strain	/net/sgi/cami/data/CAMI2/nwillassen_data/marine/simulation_short_read/genomes/Pseudoalteromonas_issachenkonii_strain_KCTC_12958_genomic.fasta	Pseudoalteromonas issachenkonii strain KCTC 12958	pseudoalteromonas issachenkonii kctc 12958	0		no_exact_source_name_match	0			assembly_summary_no_match
Otu783	2	91347	new_family	/net/sgi/cami/data/CAMI2/nwillassen_data/marine/simulation_short_read/genomes/SP010_S4_contigs.fasta	SP010 S4	sp010 s4	0		no_exact_source_name_match	0			assembly_summary_no_match
Otu1773	2	1116375	known_strain	/net/sgi/cami/data/CAMI2/nwillassen_data/marine/simulation_short_read/genomes/Vibrio_sp_EJY3_genomic.fasta	Vibrio sp EJY3	vibrio sp ejy3	1	s__Vibrio natriegens	exact_source_name_unique_gtdb_species	1	s__Vibrio natriegens	GCF_000241385.1	assembly_summary_unique_gtdb_species
Otu2120	2157	51589	known_strain	/net/sgi/cami/data/CAMI2/nwillassen_data/marine/simulation_short_read/genomes/Haloarcula_hispanica_ATCC_33960_genomic.fasta	Haloarcula hispanica ATCC 33960	haloarcula hispanica atcc 33960	1	s__Haloarcula hispanica	exact_source_name_unique_gtdb_species	1	s__Haloarcula hispanica	GCF_000223905.1	assembly_summary_unique_gtdb_species
Otu2121	2	497	known_strain	/net/sgi/cami/data/CAMI2/nwillassen_data/marine/simulation_short_read/genomes/Psychrobacter_sp_G_genomic.fasta	Psychrobacter sp G	psychrobacter sp g	0		no_exact_source_name_match	0			assembly_summary_no_match
Otu1777	2	659	new_strain	/net/sgi/cami/data/CAMI2/nwillassen_data/marine/simulation_short_read/genomes/SP005_S3_contigs.fasta	SP005 S3	sp005 s3	0		no_exact_source_name_match	0			assembly_summary_no_match
Otu1027	2	1007105	known_strain	/net/sgi/cami/data/CAMI2/nwillassen_data/marine/simulation_short_read/genomes/Pusillimonas_sp_T7-7_genomic.fasta	Pusillimonas sp T7-7	pusillimonas sp t7 7	1	s__Pusillimonas_C sp000209655	exact_source_name_unique_gtdb_species	1	s__Pusillimonas_C sp000209655	GCF_000209655.1	assembly_summary_unique_gtdb_species
Otu549	2	497	known_strain	/net/sgi/cami/data/CAMI2/nwillassen_data/marine/simulation_short_read/genomes/Psychrobacter_sp_P11F6_genomic.fasta	Psychrobacter sp P11F6	psychrobacter sp p11f6	0		no_exact_source_name_match	0			assembly_summary_no_match
Otu1022	2157	39152	known_strain	/net/sgi/cami/data/CAMI2/nwillassen_data/marine/simulation_short_read/genomes/Methanococcus_maripaludis_C6_genomic.fasta	Methanococcus maripaludis C6	methanococcus maripaludis c6	0		no_exact_source_name_match	0			assembly_summary_no_match
Otu525.0	28228	58049	known_strain	/net/sgi/cami/data/CAMI2/nwillassen_data/marine/simulation_short_read/genomes/Colwellia_sp_MT41_genomic.fasta	Colwellia sp MT41	colwellia sp mt41	1	s__Colwellia marinimaniae	exact_source_name_unique_gtdb_species	1	s__Colwellia marinimaniae	GCF_001444365.1	assembly_summary_unique_gtdb_species
Otu1140	2	511678	new_species	/net/sgi/cami/data/CAMI2/nwillassen_data/marine/simulation_short_read/genomes/ukjent2_S9_contigs.fasta	ukjent2 S9	ukjent2 s9	0		no_exact_source_name_match	0			assembly_summary_no_match
Otu1147	2	672	known_strain	/net/sgi/cami/data/CAMI2/nwillassen_data/marine/simulation_short_read/genomes/Vibrio_vulnificus_strain_93U204_genomic.fasta	Vibrio vulnificus strain 93U204	vibrio vulnificus 93u204	0		no_exact_source_name_match	1	s__Vibrio vulnificus_B	GCF_000746665.1	assembly_summary_unique_gtdb_species
Otu1093	2	1276	known_strain	/net/sgi/cami/data/CAMI2/nwillassen_data/marine/simulation_short_read/genomes/Kytococcus_sedentarius_DSM_20547_genomic.fasta	Kytococcus sedentarius DSM 20547	kytococcus sedentarius dsm 20547	1	s__Kytococcus sedentarius	exact_source_name_unique_gtdb_species	1	s__Kytococcus sedentarius	GCF_000023925.1	assembly_summary_unique_gtdb_species
Otu492	2	1219	known_strain	/net/sgi/cami/data/CAMI2/nwillassen_data/marine/simulation_short_read/genomes/Prochlorococcus_marinus_str_MIT_9301_genomic.fasta	Prochlorococcus marinus str MIT 9301	prochlorococcus marinus mit 9301	1	s__Prochlorococcus_A marinus_E	exact_source_name_unique_gtdb_species	1	s__Prochlorococcus_A marinus_E	GCF_000015965.1	assembly_summary_unique_gtdb_species
Otu941	2	70799	known_strain	/net/sgi/cami/data/CAMI2/nwillassen_data/marine/simulation_short_read/genomes/Nodularia_spumigena_CCY9414_genomic.fasta	Nodularia spumigena CCY9414	nodularia spumigena ccy9414	1	s__Nodularia spumigena	exact_source_name_unique_gtdb_species	1	s__Nodularia spumigena	GCF_000169135.1,GCF_000340565.2,GCF_963860245.1	assembly_summary_unique_gtdb_species
Otu198.0	72275	314275	known_strain	/net/sgi/cami/data/CAMI2/nwillassen_data/marine/simulation_short_read/genomes/Alteromonas_macleodii_str_English_Channel_615_genomic.fasta	Alteromonas macleodii str English Channel 615	alteromonas macleodii english channel 615	0		no_exact_source_name_match	0			assembly_summary_no_match
Otu766	2	80854	known_strain	/net/sgi/cami/data/CAMI2/nwillassen_data/marine/simulation_short_read/genomes/MvHd14_S5_contigs.fasta	MvHd14 S5	mvhd14 s5	0		no_exact_source_name_match	0			assembly_summary_no_match
Otu761	2	645	new_strain	/net/sgi/cami/data/CAMI2/nwillassen_data/marine/simulation_short_read/genomes/A-2013-70-F524-2_S2_contigs.fasta	A-2013-70-F524-2 S2	a 2013 70 f524 2 s2	0		no_exact_source_name_match	0			assembly_summary_no_match
Otu42.0	261827	1736674	known_strain	/net/sgi/cami/data/CAMI2/nwillassen_data/marine/simulation_short_read/genomes/Algibacter_sp_HZ22_genomic.fasta	Algibacter sp HZ22	algibacter sp hz22	0		no_exact_source_name_match	1	s__Pseudalgibacter alginicilyticus	GCF_001310225.1	assembly_summary_unique_gtdb_species
Otu947	2	663	known_strain	/net/sgi/cami/data/CAMI2/nwillassen_data/marine/simulation_short_read/genomes/Vibrio_alginolyticus_strain_ZJ-T_genomic.fasta	Vibrio alginolyticus strain ZJ-T	vibrio alginolyticus zj t	0		no_exact_source_name_match	1	s__Vibrio alginolyticus	GCF_001679745.1	assembly_summary_unique_gtdb_species
Otu2489	2	1800	known_strain	/net/sgi/cami/data/CAMI2/nwillassen_data/marine/simulation_short_read/genomes/Mycobacterium_chubuense_NBB4_genomic.fasta	Mycobacterium chubuense NBB4	mycobacterium chubuense nbb4	0		no_exact_source_name_match	1	s__Mycobacterium chubuense_A	GCF_000266905.1	assembly_summary_unique_gtdb_species
Otu36.0	1046	80679	known_strain	/net/sgi/cami/data/CAMI2/nwillassen_data/marine/simulation_short_read/genomes/Thioflavicoccus_mobilis_8321_genomic.fasta	Thioflavicoccus mobilis 8321	thioflavicoccus mobilis 8321	1	s__Thioflavicoccus mobilis	exact_source_name_unique_gtdb_species	1	s__Thioflavicoccus mobilis	GCF_000327045.1	assembly_summary_unique_gtdb_species
Otu2482.0	49546	313598	known_strain	/net/sgi/cami/data/CAMI2/nwillassen_data/marine/simulation_short_read/genomes/Polaribacter_sp_MED152_genomic.fasta	Polaribacter sp MED152	polaribacter sp med152	1	s__Polaribacter sp000152945	exact_source_name_unique_gtdb_species	1	s__Polaribacter sp000152945	GCF_000152945.2	assembly_summary_unique_gtdb_species
Otu605	2	73919	known_strain	/net/sgi/cami/data/CAMI2/nwillassen_data/marine/simulation_short_read/genomes/Thermaerobacter_marianensis_DSM_12885_genomic.fasta	Thermaerobacter marianensis DSM 12885	thermaerobacter marianensis dsm 12885	1	s__Thermaerobacter marianensis	exact_source_name_unique_gtdb_species	1	s__Thermaerobacter marianensis	GCF_000184705.1	assembly_summary_unique_gtdb_species
Otu2258.0	511678	40269	new_strain	/net/sgi/cami/data/CAMI2/nwillassen_data/marine/simulation_short_read/genomes/VSalm561_S16_contigs.fasta	VSalm561 S16	vsalm561 s16	0		no_exact_source_name_match	0			assembly_summary_no_match
Otu40.0	41295	1263979	known_strain	/net/sgi/cami/data/CAMI2/nwillassen_data/marine/simulation_short_read/genomes/Candidatus_Endolissoclinum_patella_L2_genomic.fasta	Candidatus Endolissoclinum patella L2	candidatus endolissoclinum patella l2	0		no_exact_source_name_match	0			assembly_summary_no_match
Otu298	2	1883	known_strain	/net/sgi/cami/data/CAMI2/nwillassen_data/marine/simulation_short_read/genomes/Streptomyces_pactum_strain_KLBMP_5084_genomic.fasta	Streptomyces pactum strain KLBMP 5084	streptomyces pactum klbmp 5084	0		no_exact_source_name_match	0			assembly_summary_no_match
Otu775.0	1762	1774	known_strain	/net/sgi/cami/data/CAMI2/nwillassen_data/marine/simulation_short_read/genomes/Mycobacterium_chelonae_CCUG_47445_genomic.fasta	Mycobacterium chelonae CCUG 47445	mycobacterium chelonae ccug 47445	0		no_exact_source_name_match	1	s__Mycobacterium chelonae	GCF_001632805.1	assembly_summary_unique_gtdb_species
Otu106	2	126740	known_strain	/net/sgi/cami/data/CAMI2/nwillassen_data/marine/simulation_short_read/genomes/Thermotoga_sp_RQ2_genomic.fasta	Thermotoga sp RQ2	thermotoga sp rq2	1	s__Thermotoga maritima	exact_source_name_unique_gtdb_species	1	s__Thermotoga maritima	GCF_000019625.1	assembly_summary_unique_gtdb_species
Otu2191	2	657445	known_strain	/net/sgi/cami/data/CAMI2/nwillassen_data/marine/simulation_short_read/genomes/Francisella_noatunensis_subsp_orientalis_FNO24_genomic.fasta	Francisella noatunensis subsp orientalis FNO24	francisella noatunensis subsp orientalis fno24	0		no_exact_source_name_match	0			assembly_summary_no_match
Otu168.0	49546	516051	known_strain	/net/sgi/cami/data/CAMI2/nwillassen_data/marine/simulation_short_read/genomes/Muricauda_lutaonensis_strain_CC-HSB-11_genomic.fasta	Muricauda lutaonensis strain CC-HSB-11	muricauda lutaonensis cc hsb 11	0		no_exact_source_name_match	0			assembly_summary_no_match
Otu215.0	49546	1150389	known_strain	/net/sgi/cami/data/CAMI2/nwillassen_data/marine/simulation_short_read/genomes/Flavobacteriaceae_bacterium_UJ101_genomic.fasta	Flavobacteriaceae bacterium UJ101	flavobacteriaceae bacterium uj101	1	s__UJ101 sp001880285	exact_source_name_unique_gtdb_species	0			assembly_summary_no_match
Otu301	2	404011	known_strain	/net/sgi/cami/data/CAMI2/nwillassen_data/marine/simulation_short_read/genomes/Shewanella_piezotolerans_WP3_genomic.fasta	Shewanella piezotolerans WP3	shewanella piezotolerans wp3	1	s__Shewanella piezotolerans	exact_source_name_unique_gtdb_species	1	s__Shewanella piezotolerans	GCF_000014885.1	assembly_summary_unique_gtdb_species
Otu2196	2	55601	new_strain	/net/sgi/cami/data/CAMI2/nwillassen_data/marine/simulation_short_read/genomes/5_S5_contigs.fasta	5 S5	5 s5	0		no_exact_source_name_match	0			assembly_summary_no_match
Otu261	2	55601	new_strain	/net/sgi/cami/data/CAMI2/nwillassen_data/marine/simulation_short_read/genomes/Vibrio_anguillarum_strain_90-11-286_genomic.fasta	Vibrio anguillarum strain 90-11-286	vibrio anguillarum 90 11 286	0		no_exact_source_name_match	1	s__Vibrio anguillarum	GCF_001660505.2	assembly_summary_unique_gtdb_species
Otu219.0	1046	73141	known_strain	/net/sgi/cami/data/CAMI2/nwillassen_data/marine/simulation_short_read/genomes/Thiocystis_violascens_DSM_198_genomic.fasta	Thiocystis violascens DSM 198	thiocystis violascens dsm 198	1	s__Chromatium violascens	exact_source_name_unique_gtdb_species	1	s__Chromatium violascens	GCF_000227745.2	assembly_summary_unique_gtdb_species
Otu450.0	85016	545619	known_strain	/net/sgi/cami/data/CAMI2/nwillassen_data/marine/simulation_short_read/genomes/Paraoerskovia_marina_strain_DSM_22126_genomic.fasta	Paraoerskovia marina strain DSM 22126	paraoerskovia marina dsm 22126	0		no_exact_source_name_match	1	s__Paraoerskovia marina	GCF_900105445.1	assembly_summary_unique_gtdb_species
Otu953.0	267889	1763536	known_strain	/net/sgi/cami/data/CAMI2/nwillassen_data/marine/simulation_short_read/genomes/Thalassotalea_sp_LPB0090_genomic.fasta	Thalassotalea sp LPB0090	thalassotalea sp lpb0090	0		no_exact_source_name_match	1	s__Thalassotalea_A crassostreae	GCF_001652445.1,GCF_001831495.1	assembly_summary_unique_gtdb_species
Otu1853	2	585425	known_strain	/net/sgi/cami/data/CAMI2/nwillassen_data/marine/simulation_short_read/genomes/Synechococcus_sp_KORDI_52_genomic.fasta	Synechococcus sp KORDI 52	synechococcus sp kordi 52	1	s__Parasynechococcus sp000737595	exact_source_name_unique_gtdb_species	1	s__Parasynechococcus sp000737595	GCF_000737595.1	assembly_summary_unique_gtdb_species
Otu1242	2	349106	known_strain	/net/sgi/cami/data/CAMI2/nwillassen_data/marine/simulation_short_read/genomes/Psychrobacter_sp_PRwf-1_genomic.fasta	Psychrobacter sp PRwf-1	psychrobacter sp prwf 1	0		no_exact_source_name_match	0			assembly_summary_no_match
Otu971.0	563798	390884	known_strain	/net/sgi/cami/data/CAMI2/nwillassen_data/marine/simulation_short_read/genomes/Echinicola_vietnamensis_DSM_17526_genomic.fasta	Echinicola vietnamensis DSM 17526	echinicola vietnamensis dsm 17526	1	s__Echinicola vietnamensis	exact_source_name_unique_gtdb_species	1	s__Echinicola vietnamensis	GCF_000325705.1	assembly_summary_unique_gtdb_species
Otu1247	2	291990	known_strain	/net/sgi/cami/data/CAMI2/nwillassen_data/marine/simulation_short_read/genomes/Thermosediminibacter_oceani_DSM_16646_genomic.fasta	Thermosediminibacter oceani DSM 16646	thermosediminibacter oceani dsm 16646	1	s__Thermosediminibacter oceani	exact_source_name_unique_gtdb_species	1	s__Thermosediminibacter oceani	GCF_000144645.1	assembly_summary_unique_gtdb_species
Otu1248	2	657445	known_strain	/net/sgi/cami/data/CAMI2/nwillassen_data/marine/simulation_short_read/genomes/Francisella_noatunensis_subsp_orientalis_FNO12_genomic.fasta	Francisella noatunensis subsp orientalis FNO12	francisella noatunensis subsp orientalis fno12	0		no_exact_source_name_match	0			assembly_summary_no_match
Otu2395	2	1494608	known_strain	/net/sgi/cami/data/CAMI2/nwillassen_data/marine/simulation_short_read/genomes/Arthrobacter_sp_PAMC25486_genomic.fasta	Arthrobacter sp PAMC25486	arthrobacter sp pamc25486	0		no_exact_source_name_match	0			assembly_summary_no_match
Otu289	2	80852	new_strain	/net/sgi/cami/data/CAMI2/nwillassen_data/marine/simulation_short_read/genomes/A-H-1309-4-4_S6_contigs.fasta	A-H-1309-4-4 S6	a h 1309 4 4 s6	0		no_exact_source_name_match	0			assembly_summary_no_match
Otu1569	2	476157	known_strain	/net/sgi/cami/data/CAMI2/nwillassen_data/marine/simulation_short_read/genomes/Altererythrobacter_ishigakiensis_strain_NBRC_107699_genomic.fasta	Altererythrobacter ishigakiensis strain NBRC 107699	altererythrobacter ishigakiensis nbrc 107699	0		no_exact_source_name_match	1	s__Erythrobacter ishigakiensis	GCF_001663155.1	assembly_summary_unique_gtdb_species
Otu205.1	28056	168697	known_strain	/net/sgi/cami/data/CAMI2/nwillassen_data/marine/simulation_short_read/genomes/Salinispora_arenicola_CNS-205_genomic.fasta	Salinispora arenicola CNS-205	salinispora arenicola cns 205	0		no_exact_source_name_match	0			assembly_summary_no_match
Otu612.0	104264	979	known_strain	/net/sgi/cami/data/CAMI2/nwillassen_data/marine/simulation_short_read/genomes/Cellulophaga_lytica_DSM_7489_genomic.fasta	Cellulophaga lytica DSM 7489	cellulophaga lytica dsm 7489	1	s__Cellulophaga lytica	exact_source_name_unique_gtdb_species	1	s__Cellulophaga lytica	GCF_000190595.1,GCF_034479065.1	assembly_summary_unique_gtdb_species
Otu595.1	28256	2746	known_strain	/net/sgi/cami/data/CAMI2/nwillassen_data/marine/simulation_short_read/genomes/Halomonas_elongata_DSM_2581_genomic.fasta	Halomonas elongata DSM 2581	halomonas elongata dsm 2581	1	s__Halomonas elongata	exact_source_name_unique_gtdb_species	1	s__Halomonas elongata	GCF_000196875.2,GCF_034259125.1	assembly_summary_unique_gtdb_species
Otu894.0	31989	35806	known_strain	/net/sgi/cami/data/CAMI2/nwillassen_data/marine/simulation_short_read/genomes/Rhodovulum_sulfidophilum_DSM_1374_genomic.fasta	Rhodovulum sulfidophilum DSM 1374	rhodovulum sulfidophilum dsm 1374	1	s__Rhodovulum sulfidophilum	exact_source_name_unique_gtdb_species	1	s__Rhodovulum sulfidophilum	GCF_001633165.1	assembly_summary_unique_gtdb_species
Otu2411	2	1306787	known_strain	/net/sgi/cami/data/CAMI2/nwillassen_data/marine/simulation_short_read/genomes/Alcanivorax_sp_W11-5_genomic.fasta	Alcanivorax sp W11-5	alcanivorax sp w11 5	0		no_exact_source_name_match	1	s__Isoalcanivorax pacificus	GCF_000299335.2	assembly_summary_unique_gtdb_species
Otu44.0	49546	104267	new_species	/net/sgi/cami/data/CAMI2/nwillassen_data/marine/simulation_short_read/genomes/T-232_S7_contigs.fasta	T-232 S7	t 232 s7	0		no_exact_source_name_match	0			assembly_summary_no_match
Otu2416	2	1888	new_strain	/net/sgi/cami/data/CAMI2/nwillassen_data/marine/simulation_short_read/genomes/U1_S23_contigs.fasta	U1 S23	u1 s23	0		no_exact_source_name_match	0			assembly_summary_no_match
Otu163	2	1883	known_strain	/net/sgi/cami/data/CAMI2/nwillassen_data/marine/simulation_short_read/genomes/Streptomyces_sp_GBA_94-10_genomic.fasta	Streptomyces sp GBA 94-10	streptomyces sp gba 94 10	0		no_exact_source_name_match	0			assembly_summary_no_match
Otu160	2157	971279	known_strain	/net/sgi/cami/data/CAMI2/nwillassen_data/marine/simulation_short_read/genomes/Palaeococcus_pacificus_DY20341_genomic.fasta	Palaeococcus pacificus DY20341	palaeococcus pacificus dy20341	1	s__Palaeococcus pacificus	exact_source_name_unique_gtdb_species	1	s__Palaeococcus pacificus	GCF_000725425.1	assembly_summary_unique_gtdb_species
Otu30.0	34067	34067	known_strain	/net/sgi/cami/data/CAMI2/nwillassen_data/marine/simulation_short_read/genomes/Cycloclasticus_sp_P1_genomic.fasta	Cycloclasticus sp P1	cycloclasticus sp p1	0		no_exact_source_name_match	0			assembly_summary_no_match
Otu1680	2	759620	known_strain	/net/sgi/cami/data/CAMI2/nwillassen_data/marine/simulation_short_read/genomes/Weissella_ceti_strain_WS08_genomic.fasta	Weissella ceti strain WS08	weissella ceti ws08	0		no_exact_source_name_match	0			assembly_summary_no_match
Otu1682	2	1219	known_strain	/net/sgi/cami/data/CAMI2/nwillassen_data/marine/simulation_short_read/genomes/Prochlorococcus_marinus_AS9601_genomic.fasta	Prochlorococcus marinus AS9601	prochlorococcus marinus as9601	1	s__Prochlorococcus_A marinus_O	exact_source_name_unique_gtdb_species	1	s__Prochlorococcus_A marinus_O	GCF_000015645.1	assembly_summary_unique_gtdb_species
Otu521.0	49546	99286	new_strain	/net/sgi/cami/data/CAMI2/nwillassen_data/marine/simulation_short_read/genomes/38_S5_contigs.fasta	38 S5	38 s5	0		no_exact_source_name_match	0			assembly_summary_no_match
Otu1739	2	1348774	known_strain	/net/sgi/cami/data/CAMI2/nwillassen_data/marine/simulation_short_read/genomes/Croceicoccus_naphthovorans_strain_PQ-2_genomic.fasta	Croceicoccus naphthovorans strain PQ-2	croceicoccus naphthovorans pq 2	0		no_exact_source_name_match	1	s__Croceicoccus naphthovorans	GCF_001028705.1	assembly_summary_unique_gtdb_species
Otu1929	2157	1273541	known_strain	/net/sgi/cami/data/CAMI2/nwillassen_data/marine/simulation_short_read/genomes/Pyrodictium_delaneyi_strain_Su06_genomic.fasta	Pyrodictium delaneyi strain Su06	pyrodictium delaneyi su06	0		no_exact_source_name_match	1	s__Pyrodictium delaneyi	GCF_001412615.1	assembly_summary_unique_gtdb_species
Otu873.0	69657	2724	known_strain	/net/sgi/cami/data/CAMI2/nwillassen_data/marine/simulation_short_read/genomes/Hirschia_baltica_ATCC_49814_genomic.fasta	Hirschia baltica ATCC 49814	hirschia baltica atcc 49814	1	s__Hirschia baltica	exact_source_name_unique_gtdb_species	1	s__Hirschia baltica	GCF_000023785.1	assembly_summary_unique_gtdb_species
Otu873.1	69657	74318	known_strain	/net/sgi/cami/data/CAMI2/nwillassen_data/marine/simulation_short_read/genomes/Maricaulis_maris_MCS10_genomic.fasta	Maricaulis maris MCS10	maricaulis maris mcs10	1	s__Maricaulis maris_A	exact_source_name_unique_gtdb_species	1	s__Maricaulis maris_A	GCF_000014745.1	assembly_summary_unique_gtdb_species
Otu1921	2	80852	new_strain	/net/sgi/cami/data/CAMI2/nwillassen_data/marine/simulation_short_read/genomes/A-H1309-1-3_S8_contigs.fasta	A-H1309-1-3 S8	a h1309 1 3 s8	0		no_exact_source_name_match	0			assembly_summary_no_match
Otu1920	2	1094	known_strain	/net/sgi/cami/data/CAMI2/nwillassen_data/marine/simulation_short_read/genomes/Chlorobium_phaeovibrioides_DSM_265_genomic.fasta	Chlorobium phaeovibrioides DSM 265	chlorobium phaeovibrioides dsm 265	0		no_exact_source_name_match	0			assembly_summary_no_match
Otu1923	2	1298608	new_species	/net/sgi/cami/data/CAMI2/nwillassen_data/marine/simulation_short_read/genomes/S04_S1_contigs.fasta	S04 S1	s04 s1	0		no_exact_source_name_match	0			assembly_summary_no_match
Otu999	2	62322	new_strain	/net/sgi/cami/data/CAMI2/nwillassen_data/marine/simulation_short_read/genomes/MC7_S3_contigs.fasta	MC7 S3	mc7 s3	0		no_exact_source_name_match	0			assembly_summary_no_match
Otu1925	2	2335	known_strain	/net/sgi/cami/data/CAMI2/nwillassen_data/marine/simulation_short_read/genomes/Thermotoga_sp_Cell2_genomic.fasta	Thermotoga sp Cell2	thermotoga sp cell2	0		no_exact_source_name_match	0			assembly_summary_no_match
Otu1927	2	511678	new_species	/net/sgi/cami/data/CAMI2/nwillassen_data/marine/simulation_short_read/genomes/A16_S16_contigs.fasta	A16 S16	a16 s16	0		no_exact_source_name_match	0			assembly_summary_no_match
Otu1525.0	49546	252307	known_strain	/net/sgi/cami/data/CAMI2/nwillassen_data/marine/simulation_short_read/genomes/Robiginitalea_biformata_HTCC2501_genomic.fasta	Robiginitalea biformata HTCC2501	robiginitalea biformata htcc2501	1	s__Robiginitalea biformata	exact_source_name_unique_gtdb_species	1	s__Robiginitalea biformata	GCF_000024125.1	assembly_summary_unique_gtdb_species
Otu843	2	80852	new_strain	/net/sgi/cami/data/CAMI2/nwillassen_data/marine/simulation_short_read/genomes/A-H-1309-5-2_S7_contigs.fasta	A-H-1309-5-2 S7	a h 1309 5 2 s7	0		no_exact_source_name_match	0			assembly_summary_no_match
Otu2300	2	138563	known_strain	/net/sgi/cami/data/CAMI2/nwillassen_data/marine/simulation_short_read/genomes/Helicobacter_cetorum_MIT_99-5656_genomic.fasta	Helicobacter cetorum MIT 99-5656	helicobacter cetorum mit 99 5656	1	s__Helicobacter cetorum	exact_source_name_unique_gtdb_species	1	s__Helicobacter cetorum	GCF_000259275.1	assembly_summary_unique_gtdb_species
Otu1079.0	31989	221822	known_strain	/net/sgi/cami/data/CAMI2/nwillassen_data/marine/simulation_short_read/genomes/Phaeobacter_gallaeciensis_210_Roseobacter_gallaeciensis_genomic.fasta	Phaeobacter gallaeciensis 210 Roseobacter gallaeciensis	phaeobacter gallaeciensis 210 roseobacter gallaeciensis	0		no_exact_source_name_match	0			assembly_summary_no_match
Otu631.0	447467	447471	known_strain	/net/sgi/cami/data/CAMI2/nwillassen_data/marine/simulation_short_read/genomes/Simiduia_agarivorans_SA1_genomic.fasta	Simiduia agarivorans SA1	simiduia agarivorans sa1	0		no_exact_source_name_match	1	s__Simiduia agarivorans	GCF_000305785.2	assembly_summary_unique_gtdb_species
Otu83	2	414778	known_strain	/net/sgi/cami/data/CAMI2/nwillassen_data/marine/simulation_short_read/genomes/Planococcus_donghaensis_strain_DSM_22276_genomic.fasta	Planococcus donghaensis strain DSM 22276	planococcus donghaensis dsm 22276	0		no_exact_source_name_match	1	s__Planococcus donghaensis	GCF_001687665.2	assembly_summary_unique_gtdb_species
Otu82	2	1548547	known_strain	/net/sgi/cami/data/CAMI2/nwillassen_data/marine/simulation_short_read/genomes/Woeseia_oceani_strain_XK5_genomic.fasta	Woeseia oceani strain XK5	woeseia oceani xk5	0		no_exact_source_name_match	1	s__Woeseia oceani	GCF_001677435.1	assembly_summary_unique_gtdb_species
Otu618.0	69277	1620421	known_strain	/net/sgi/cami/data/CAMI2/nwillassen_data/marine/simulation_short_read/genomes/Hoeflea_sp_IMCC20628_genomic.fasta	Hoeflea sp IMCC20628	hoeflea sp imcc20628	1	s__Hoeflea sp001011155	exact_source_name_unique_gtdb_species	1	s__Hoeflea sp001011155	GCF_001011155.1	assembly_summary_unique_gtdb_species
Otu186.0	72275	314275	known_strain	/net/sgi/cami/data/CAMI2/nwillassen_data/marine/simulation_short_read/genomes/Alteromonas_mediterranea_strain_CP48_genomic.fasta	Alteromonas mediterranea strain CP48	alteromonas mediterranea cp48	0		no_exact_source_name_match	1	s__Alteromonas mediterranea	GCF_001886395.1,GCF_927797765.1	assembly_summary_unique_gtdb_species
Otu70.0	194924	191026	known_strain	/net/sgi/cami/data/CAMI2/nwillassen_data/marine/simulation_short_read/genomes/Desulfovibrio_hydrothermalis_AM13_genomic.fasta	Desulfovibrio hydrothermalis AM13	desulfovibrio hydrothermalis am13	0		no_exact_source_name_match	1	s__Maridesulfovibrio hydrothermalis	GCF_000331025.1	assembly_summary_unique_gtdb_species
Otu1854	2157	38027	known_strain	/net/sgi/cami/data/CAMI2/nwillassen_data/marine/simulation_short_read/genomes/Methanosarcina_siciliae_C2J_genomic.fasta	Methanosarcina siciliae C2J	methanosarcina siciliae c2j	1	s__Methanosarcina siciliae	exact_source_name_unique_gtdb_species	1	s__Methanosarcina siciliae	GCF_000970145.1	assembly_summary_unique_gtdb_species
Otu1446.0	563798	320787	known_strain	/net/sgi/cami/data/CAMI2/nwillassen_data/marine/simulation_short_read/genomes/Cyclobacterium_amurskyense_strain_KCTC_12363_genomic.fasta	Cyclobacterium amurskyense strain KCTC 12363	cyclobacterium amurskyense kctc 12363	0		no_exact_source_name_match	1	s__Cyclobacterium amurskyense	GCF_001050135.1	assembly_summary_unique_gtdb_species
Otu89	2157	342949	known_strain	/net/sgi/cami/data/CAMI2/nwillassen_data/marine/simulation_short_read/genomes/Pyrococcus_sp_NA2_genomic.fasta	Pyrococcus sp NA2	pyrococcus sp na2	1	s__Pyrococcus sp000211475	exact_source_name_unique_gtdb_species	1	s__Pyrococcus sp000211475	GCF_000211475.1	assembly_summary_unique_gtdb_species
Otu751.0	49546	1250295	known_strain	/net/sgi/cami/data/CAMI2/nwillassen_data/marine/simulation_short_read/genomes/Flavobacteriaceae_bacterium_MAR_2010_188_genomic.fasta	Flavobacteriaceae bacterium MAR 2010 188	flavobacteriaceae bacterium mar 2010 188	1	s__Aegicerativicinus sp900104375	exact_source_name_unique_gtdb_species	0			assembly_summary_no_match
Otu68	2	80852	new_strain	/net/sgi/cami/data/CAMI2/nwillassen_data/marine/simulation_short_read/genomes/Vw29_S11_contigs.fasta	Vw29 S11	vw29 s11	0		no_exact_source_name_match	0			assembly_summary_no_match
Otu1635	2	670	known_strain	/net/sgi/cami/data/CAMI2/nwillassen_data/marine/simulation_short_read/genomes/Vibrio_parahaemolyticus_strain_CHN25_genomic.fasta	Vibrio parahaemolyticus strain CHN25	vibrio parahaemolyticus chn25	0		no_exact_source_name_match	1	s__Vibrio parahaemolyticus	GCF_001700835.1	assembly_summary_unique_gtdb_species
Otu1634	2	1219	known_strain	/net/sgi/cami/data/CAMI2/nwillassen_data/marine/simulation_short_read/genomes/Prochlorococcus_marinus_str_NATL2A_genomic.fasta	Prochlorococcus marinus str NATL2A	prochlorococcus marinus natl2a	1	s__Prochlorococcus_B marinus_B	exact_source_name_unique_gtdb_species	1	s__Prochlorococcus_B marinus_B	GCF_000012465.1	assembly_summary_unique_gtdb_species
Otu1631	2	662	known_strain	/net/sgi/cami/data/CAMI2/nwillassen_data/marine/simulation_short_read/genomes/18_S4_contigs.fasta	18 S4	18 s4	0		no_exact_source_name_match	0			assembly_summary_no_match
Otu594	2	1270	new_strain	/net/sgi/cami/data/CAMI2/nwillassen_data/marine/simulation_short_read/genomes/S26_S8_contigs.fasta	S26 S8	s26 s8	0		no_exact_source_name_match	0			assembly_summary_no_match
Otu1632	2	1144748	known_strain	/net/sgi/cami/data/CAMI2/nwillassen_data/marine/simulation_short_read/genomes/Kangiella_sediminilitoris_strain_KCTC_23892_genomic.fasta	Kangiella sediminilitoris strain KCTC 23892	kangiella sediminilitoris kctc 23892	0		no_exact_source_name_match	1	s__Kangiella sediminilitoris	GCF_001708405.1	assembly_summary_unique_gtdb_species
Otu2290.0	49546	104267	new_species	/net/sgi/cami/data/CAMI2/nwillassen_data/marine/simulation_short_read/genomes/T-218_S8_contigs.fasta	T-218 S8	t 218 s8	0		no_exact_source_name_match	0			assembly_summary_no_match
Otu501	2	1501268	known_strain	/net/sgi/cami/data/CAMI2/nwillassen_data/marine/simulation_short_read/genomes/Prochlorococcus_sp_MIT_0604_genomic.fasta	Prochlorococcus sp MIT 0604	prochlorococcus sp mit 0604	1	s__Prochlorococcus_A sp000757845	exact_source_name_unique_gtdb_species	1	s__Prochlorococcus_A sp000757845	GCF_000757845.1	assembly_summary_unique_gtdb_species
Otu503	2	32051	known_strain	/net/sgi/cami/data/CAMI2/nwillassen_data/marine/simulation_short_read/genomes/Synechococcus_sp_WH_7803_genomic.fasta	Synechococcus sp WH 7803	synechococcus sp wh 7803	1	s__Synechococcus_C sp000063505	exact_source_name_unique_gtdb_species	0			assembly_summary_no_match
Otu1414.1	49546	96345	known_strain	/net/sgi/cami/data/CAMI2/nwillassen_data/marine/simulation_short_read/genomes/Flavobacterium_psychrophilum_V3-5_genomic.fasta	Flavobacterium psychrophilum V3-5	flavobacterium psychrophilum v3 5	0		no_exact_source_name_match	0			assembly_summary_no_match
Otu1414.0	49546	244698	known_strain	/net/sgi/cami/data/CAMI2/nwillassen_data/marine/simulation_short_read/genomes/Gillisia_sp_Hel1_33_143_genomic.fasta	Gillisia sp Hel1 33 143	gillisia sp hel1 33 143	0		no_exact_source_name_match	0			assembly_summary_no_match
Otu2107	2	1760	new_order	/net/sgi/cami/data/CAMI2/nwillassen_data/marine/simulation_short_read/genomes/Titti16_S3_contigs.fasta	Titti16 S3	titti16 s3	0		no_exact_source_name_match	0			assembly_summary_no_match
Otu1187	2	43657	known_strain	/net/sgi/cami/data/CAMI2/nwillassen_data/marine/simulation_short_read/genomes/Pseudoalteromonas_luteoviolacea_strain_S4054_genomic.fasta	Pseudoalteromonas luteoviolacea strain S4054	pseudoalteromonas luteoviolacea s4054	1	s__Pseudoalteromonas luteoviolacea_G	exact_source_name_unique_gtdb_species	1	s__Pseudoalteromonas luteoviolacea_G	GCF_000974945.1,GCF_001750185.1	assembly_summary_unique_gtdb_species
Otu1186	2	70864	known_strain	/net/sgi/cami/data/CAMI2/nwillassen_data/marine/simulation_short_read/genomes/Shewanella_pealeana_ATCC_700345_genomic.fasta	Shewanella pealeana ATCC 700345	shewanella pealeana atcc 700345	1	s__Shewanella pealeana	exact_source_name_unique_gtdb_species	1	s__Shewanella pealeana	GCF_000018285.1	assembly_summary_unique_gtdb_species
Otu1184	2	52133	known_strain	/net/sgi/cami/data/CAMI2/nwillassen_data/marine/simulation_short_read/genomes/Acinetobacter_venetianus_VE-C3_genomic.fasta	Acinetobacter venetianus VE-C3	acinetobacter venetianus ve c3	1	s__Acinetobacter venetianus	exact_source_name_unique_gtdb_species	1	s__Acinetobacter venetianus	GCF_000308235.1	assembly_summary_unique_gtdb_species
Otu1182	2	1346	known_strain	/net/sgi/cami/data/CAMI2/nwillassen_data/marine/simulation_short_read/genomes/Streptococcus_iniae_SF1_genomic.fasta	Streptococcus iniae SF1	streptococcus iniae sf1	1	s__Streptococcus iniae	exact_source_name_unique_gtdb_species	0			assembly_summary_no_match
Otu2247	2157	644281	known_strain	/net/sgi/cami/data/CAMI2/nwillassen_data/marine/simulation_short_read/genomes/Methanocaldococcus_sp_FS406-22_genomic.fasta	Methanocaldococcus sp FS406-22	methanocaldococcus sp fs406 22	1	s__Methanocaldococcus sp000025525	exact_source_name_unique_gtdb_species	1	s__Methanocaldococcus sp000025525	GCF_000025525.1	assembly_summary_unique_gtdb_species
Otu351	2	64471	known_strain	/net/sgi/cami/data/CAMI2/nwillassen_data/marine/simulation_short_read/genomes/Synechococcus_sp_CC9311_genomic.fasta	Synechococcus sp CC9311	synechococcus sp cc9311	1	s__Synechococcus_C sp000014585	exact_source_name_unique_gtdb_species	1	s__Synechococcus_C sp000014585	GCF_000014585.1	assembly_summary_unique_gtdb_species
Otu1069	2157	338192	known_strain	/net/sgi/cami/data/CAMI2/nwillassen_data/marine/simulation_short_read/genomes/Nitrosopumilus_maritimus_SCM1_genomic.fasta	Nitrosopumilus maritimus SCM1	nitrosopumilus maritimus scm1	1	s__Nitrosopumilus maritimus	exact_source_name_unique_gtdb_species	1	s__Nitrosopumilus maritimus	GCF_000018465.1	assembly_summary_unique_gtdb_species
Otu1344	2	40269	new_strain	/net/sgi/cami/data/CAMI2/nwillassen_data/marine/simulation_short_read/genomes/14_S2_contigs.fasta	14 S2	14 s2	0		no_exact_source_name_match	0			assembly_summary_no_match
Otu248.0	72275	490759	known_strain	/net/sgi/cami/data/CAMI2/nwillassen_data/marine/simulation_short_read/genomes/Marinobacter_sp_BSs20148_genomic.fasta	Marinobacter sp BSs20148	marinobacter sp bss20148	1	s__Marinobacter psychrophilus	exact_source_name_unique_gtdb_species	1	s__Marinobacter psychrophilus	GCF_000283275.1	assembly_summary_unique_gtdb_species
Otu238.0	252356	1250153	known_strain	/net/sgi/cami/data/CAMI2/nwillassen_data/marine/simulation_short_read/genomes/Maribacter_sp_MAR_2009_60_genomic.fasta	Maribacter sp MAR 2009 60	maribacter sp mar 2009 60	0		no_exact_source_name_match	0			assembly_summary_no_match
Otu1065	2	1620392	known_strain	/net/sgi/cami/data/CAMI2/nwillassen_data/marine/simulation_short_read/genomes/Spongiibacter_sp_IMCC21906_genomic.fasta	Spongiibacter sp IMCC21906	spongiibacter sp imcc21906	1	s__Spongiibacter sp001010805	exact_source_name_unique_gtdb_species	1	s__Spongiibacter sp001010805	GCF_001010805.1	assembly_summary_unique_gtdb_species
Otu797	2	497	known_strain	/net/sgi/cami/data/CAMI2/nwillassen_data/marine/simulation_short_read/genomes/Psychrobacter_sp_P11G3_genomic.fasta	Psychrobacter sp P11G3	psychrobacter sp p11g3	0		no_exact_source_name_match	0			assembly_summary_no_match
Otu382.0	213119	897	known_strain	/net/sgi/cami/data/CAMI2/nwillassen_data/marine/simulation_short_read/genomes/Desulfococcus_multivorans_strain_DSM_2059_genomic.fasta	Desulfococcus multivorans strain DSM 2059	desulfococcus multivorans dsm 2059	1	s__Desulfococcus multivorans	exact_source_name_unique_gtdb_species	1	s__Desulfococcus multivorans	GCF_000422185.1,GCF_001854245.1,GCF_002009335.2,GCF_900167235.1	assembly_summary_unique_gtdb_species
Otu338	2	663	known_strain	/net/sgi/cami/data/CAMI2/nwillassen_data/marine/simulation_short_read/genomes/Vibrio_alginolyticus_strain_ATCC_33787_genomic.fasta	Vibrio alginolyticus strain ATCC 33787	vibrio alginolyticus atcc 33787	0		no_exact_source_name_match	1	s__Vibrio alginolyticus	GCF_001469735.1,GCF_019846825.1	assembly_summary_unique_gtdb_species
Otu336	2	120577	known_strain	/net/sgi/cami/data/CAMI2/nwillassen_data/marine/simulation_short_read/genomes/Brucella_ceti_TE10759-12_genomic.fasta	Brucella ceti TE10759-12	brucella ceti te10759 12	1	s__Brucella melitensis	exact_source_name_unique_gtdb_species	1	s__Brucella melitensis	GCF_000590795.1	assembly_summary_unique_gtdb_species
Otu1767	2	1155739	known_strain	/net/sgi/cami/data/CAMI2/nwillassen_data/marine/simulation_short_read/genomes/Moorea_producens_PAL-8-15-08-1_genomic.fasta	Moorea producens PAL-8-15-08-1	moorea producens pal 8 15 08 1	0		no_exact_source_name_match	0			assembly_summary_no_match
Otu722	2	1763538	known_strain	/net/sgi/cami/data/CAMI2/nwillassen_data/marine/simulation_short_read/genomes/Paenibacillus_sp_LPB0068_genomic.fasta	Paenibacillus sp LPB0068	paenibacillus sp lpb0068	0		no_exact_source_name_match	1	s__Paenibacillus_AQ crassostreae	GCF_001637335.1,GCF_001857945.1	assembly_summary_unique_gtdb_species
Otu332	2157	1410606	known_strain	/net/sgi/cami/data/CAMI2/nwillassen_data/marine/simulation_short_read/genomes/Candidatus_Nitrosopelagicus_brevis_CN25_genomic.fasta	Candidatus Nitrosopelagicus brevis CN25	candidatus nitrosopelagicus brevis cn25	0		no_exact_source_name_match	1	s__Nitrosopelagicus brevis	GCF_000812185.1	assembly_summary_unique_gtdb_species
Otu724	2	2420	known_strain	/net/sgi/cami/data/CAMI2/nwillassen_data/marine/simulation_short_read/genomes/Thermosipho_sp_1063_genomic.fasta	Thermosipho sp 1063	thermosipho sp 1063	0		no_exact_source_name_match	0			assembly_summary_no_match
Otu726	2	91347	new_family	/net/sgi/cami/data/CAMI2/nwillassen_data/marine/simulation_short_read/genomes/GB02J45_S9_contigs.fasta	GB02J45 S9	gb02j45 s9	0		no_exact_source_name_match	0			assembly_summary_no_match
Otu384.0	31989	31989	known_strain	/net/sgi/cami/data/CAMI2/nwillassen_data/marine/simulation_short_read/genomes/Confluentimicrobium_sp_EMB200-NS6_genomic.fasta	Confluentimicrobium sp EMB200-NS6	confluentimicrobium sp emb200 ns6	0		no_exact_source_name_match	0			assembly_summary_no_match
Otu570.0	261825	680279	known_strain	/net/sgi/cami/data/CAMI2/nwillassen_data/marine/simulation_short_read/genomes/Agarivorans_gilvus_strain_WH0801_genomic.fasta	Agarivorans gilvus strain WH0801	agarivorans gilvus wh0801	0		no_exact_source_name_match	1	s__Agarivorans gilvus	GCF_001420915.1	assembly_summary_unique_gtdb_species
Otu50.0	72275	314275	known_strain	/net/sgi/cami/data/CAMI2/nwillassen_data/marine/simulation_short_read/genomes/Alteromonas_macleodii_str_Aegean_Sea_MED64_genomic.fasta	Alteromonas macleodii str Aegean Sea MED64	alteromonas macleodii aegean sea med64	0		no_exact_source_name_match	1	s__Alteromonas mediterranea	GCF_000439495.1	assembly_summary_unique_gtdb_species
Otu1428.0	31989	133924	known_strain	/net/sgi/cami/data/CAMI2/nwillassen_data/marine/simulation_short_read/genomes/Leisingera_methylohalidivorans_DSM_14336_genomic.fasta	Leisingera methylohalidivorans DSM 14336	leisingera methylohalidivorans dsm 14336	1	s__Leisingera methylohalidivorans	exact_source_name_unique_gtdb_species	1	s__Leisingera methylohalidivorans	GCF_000511355.1	assembly_summary_unique_gtdb_species
Otu386.0	252356	1644130	known_strain	/net/sgi/cami/data/CAMI2/nwillassen_data/marine/simulation_short_read/genomes/Maribacter_sp_1_2014MBL_MicDiv_genomic.fasta	Maribacter sp 1 2014MBL MicDiv	maribacter sp 1 2014mbl micdiv	1	s__Maribacter dokdonensis	exact_source_name_unique_gtdb_species	1	s__Maribacter dokdonensis	GCF_001865655.1	assembly_summary_unique_gtdb_species
Otu1949.0	72275	314275	known_strain	/net/sgi/cami/data/CAMI2/nwillassen_data/marine/simulation_short_read/genomes/Alteromonas_mediterranea_strain_AR43_genomic.fasta	Alteromonas mediterranea strain AR43	alteromonas mediterranea ar43	0		no_exact_source_name_match	1	s__Alteromonas mediterranea	GCF_001886455.1,GCF_927797765.1	assembly_summary_unique_gtdb_species
Otu707	2	80852	new_strain	/net/sgi/cami/data/CAMI2/nwillassen_data/marine/simulation_short_read/genomes/Vw7_S7_contigs.fasta	Vw7 S7	vw7 s7	0		no_exact_source_name_match	0			assembly_summary_no_match
Otu312.0	49546	76594	known_strain	/net/sgi/cami/data/CAMI2/nwillassen_data/marine/simulation_short_read/genomes/Cellulophaga_baltica_NN016038_genomic.fasta	Cellulophaga baltica NN016038	cellulophaga baltica nn016038	1	s__Cellulophaga baltica	exact_source_name_unique_gtdb_species	1	s__Cellulophaga baltica	GCF_000477035.2	assembly_summary_unique_gtdb_species
Otu2014	2	286	new_species	/net/sgi/cami/data/CAMI2/nwillassen_data/marine/simulation_short_read/genomes/MR4-96-2A_S5_contigs.fasta	MR4-96-2A S5	mr4 96 2a s5	0		no_exact_source_name_match	0			assembly_summary_no_match
Otu716.0	45401	531813	known_strain	/net/sgi/cami/data/CAMI2/nwillassen_data/marine/simulation_short_read/genomes/Pelagibacterium_halotolerans_B2_genomic.fasta	Pelagibacterium halotolerans B2	pelagibacterium halotolerans b2	1	s__Pelagibacterium halotolerans	exact_source_name_unique_gtdb_species	1	s__Pelagibacterium halotolerans	GCF_000230555.1	assembly_summary_unique_gtdb_species
Otu438	2	28173	known_strain	/net/sgi/cami/data/CAMI2/nwillassen_data/marine/simulation_short_read/genomes/Vibrio_nigripulchritudo_str_SFn1_genomic.fasta	Vibrio nigripulchritudo str SFn1	vibrio nigripulchritudo sfn1	0		no_exact_source_name_match	1	s__Vibrio nigripulchritudo	GCF_000801275.2	assembly_summary_unique_gtdb_species
Otu1113	2	40269	new_strain	/net/sgi/cami/data/CAMI2/nwillassen_data/marine/simulation_short_read/genomes/A4_S4_contigs.fasta	A4 S4	a4 s4	0		no_exact_source_name_match	0			assembly_summary_no_match
Otu1420.0	69277	1670800	known_strain	/net/sgi/cami/data/CAMI2/nwillassen_data/marine/simulation_short_read/genomes/Mesorhizobium_sp_B7_genomic.fasta	Mesorhizobium sp B7	mesorhizobium sp b7	0		no_exact_source_name_match	0			assembly_summary_no_match
Otu340	2157	53953	known_strain	/net/sgi/cami/data/CAMI2/nwillassen_data/marine/simulation_short_read/genomes/Pyrococcus_horikoshii_OT3_genomic.fasta	Pyrococcus horikoshii OT3	pyrococcus horikoshii ot3	1	s__Pyrococcus horikoshii	exact_source_name_unique_gtdb_species	1	s__Pyrococcus horikoshii	GCF_000011105.1	assembly_summary_unique_gtdb_species
Otu433	2	1311	known_strain	/net/sgi/cami/data/CAMI2/nwillassen_data/marine/simulation_short_read/genomes/Streptococcus_agalactiae_strain_GX026_genomic.fasta	Streptococcus agalactiae strain GX026	streptococcus agalactiae gx026	0		no_exact_source_name_match	1	s__Streptococcus agalactiae	GCF_901875485.1	assembly_summary_unique_gtdb_species
Otu159	2	1298608	new_species	/net/sgi/cami/data/CAMI2/nwillassen_data/marine/simulation_short_read/genomes/S06_S2_contigs.fasta	S06 S2	s06 s2	0		no_exact_source_name_match	0			assembly_summary_no_match
Otu152	2	286	new_species	/net/sgi/cami/data/CAMI2/nwillassen_data/marine/simulation_short_read/genomes/MR4-25-2B_S6_contigs.fasta	MR4-25-2B S6	mr4 25 2b s6	0		no_exact_source_name_match	0			assembly_summary_no_match
Otu229.0	72275	300231	known_strain	/net/sgi/cami/data/CAMI2/nwillassen_data/marine/simulation_short_read/genomes/Glaciecola_nitratireducens_FR1064_genomic.fasta	Glaciecola nitratireducens FR1064	glaciecola nitratireducens fr1064	0		no_exact_source_name_match	1	s__Glaciecola nitratireducens	GCF_000226565.1	assembly_summary_unique_gtdb_species
Otu1139	2	1547445	known_strain	/net/sgi/cami/data/CAMI2/nwillassen_data/marine/simulation_short_read/genomes/Francisella_sp_FSC1006_genomic.fasta	Francisella sp FSC1006	francisella sp fsc1006	0		no_exact_source_name_match	0			assembly_summary_no_match
Otu659	2	80854	known_strain	/net/sgi/cami/data/CAMI2/nwillassen_data/marine/simulation_short_read/genomes/Mv130624_S1_contigs.fasta	Mv130624 S1	mv130624 s1	0		no_exact_source_name_match	0			assembly_summary_no_match
Otu230.1	49546	76594	known_strain	/net/sgi/cami/data/CAMI2/nwillassen_data/marine/simulation_short_read/genomes/Cellulophaga_baltica_18_genomic.fasta	Cellulophaga baltica 18	cellulophaga baltica 18	1	s__Cellulophaga baltica	exact_source_name_unique_gtdb_species	1	s__Cellulophaga baltica	GCF_000468615.2	assembly_summary_unique_gtdb_species
Otu230.0	49546	104267	new_species	/net/sgi/cami/data/CAMI2/nwillassen_data/marine/simulation_short_read/genomes/T-2016-70-F4-2_S11_contigs.fasta	T-2016-70-F4-2 S11	t 2016 70 f4 2 s11	0		no_exact_source_name_match	0			assembly_summary_no_match
Otu73	2	29498	known_strain	/net/sgi/cami/data/CAMI2/nwillassen_data/marine/simulation_short_read/genomes/Vibrio_tubiashii_ATCC_19109_genomic.fasta	Vibrio tubiashii ATCC 19109	vibrio tubiashii atcc 19109	1	s__Vibrio tubiashii	exact_source_name_unique_gtdb_species	1	s__Vibrio tubiashii	GCF_000222665.1,GCF_000772105.1	assembly_summary_unique_gtdb_species
Otu205.0	28056	307121	known_strain	/net/sgi/cami/data/CAMI2/nwillassen_data/marine/simulation_short_read/genomes/Micromonospora_krabiensis_strain_DSM_45344_genomic.fasta	Micromonospora krabiensis strain DSM 45344	micromonospora krabiensis dsm 45344	0		no_exact_source_name_match	1	s__Micromonospora krabiensis	GCF_900091425.1	assembly_summary_unique_gtdb_species
Otu1529	2	645	new_strain	/net/sgi/cami/data/CAMI2/nwillassen_data/marine/simulation_short_read/genomes/ukjent1_S8_contigs.fasta	ukjent1 S8	ukjent1 s8	0		no_exact_source_name_match	0			assembly_summary_no_match
Otu930	2	1238	known_strain	/net/sgi/cami/data/CAMI2/nwillassen_data/marine/simulation_short_read/genomes/Piscirickettsia_salmonis_strain_PM37984A_genomic.fasta	Piscirickettsia salmonis strain PM37984A	piscirickettsia salmonis pm37984a	0		no_exact_source_name_match	1	s__Piscirickettsia salmonis	GCF_001932775.1	assembly_summary_unique_gtdb_species
Otu931	2	269261	known_strain	/net/sgi/cami/data/CAMI2/nwillassen_data/marine/simulation_short_read/genomes/Nitratifractor_salsuginis_DSM_16511_genomic.fasta	Nitratifractor salsuginis DSM 16511	nitratifractor salsuginis dsm 16511	1	s__Nitratifractor salsuginis	exact_source_name_unique_gtdb_species	1	s__Nitratifractor salsuginis	GCF_000186245.1	assembly_summary_unique_gtdb_species
Otu78	2	45658	known_strain	/net/sgi/cami/data/CAMI2/nwillassen_data/marine/simulation_short_read/genomes/Vibrio_scophthalmi_strain_VS-05_genomic.fasta	Vibrio scophthalmi strain VS-05	vibrio scophthalmi vs 05	0		no_exact_source_name_match	1	s__Vibrio scophthalmi	GCF_001687805.1	assembly_summary_unique_gtdb_species
Otu232.0	49546	96345	known_strain	/net/sgi/cami/data/CAMI2/nwillassen_data/marine/simulation_short_read/genomes/Flavobacterium_psychrophilum_strain_VQ50_genomic.fasta	Flavobacterium psychrophilum strain VQ50	flavobacterium psychrophilum vq50	0		no_exact_source_name_match	1	s__Flavobacterium psychrophilum	GCF_000971685.2	assembly_summary_unique_gtdb_species
Otu1448	2157	2177	known_strain	/net/sgi/cami/data/CAMI2/nwillassen_data/marine/simulation_short_read/genomes/Methanohalophilus_halophilus_strain_Z-7982_genomic.fasta	Methanohalophilus halophilus strain Z-7982	methanohalophilus halophilus z 7982	0		no_exact_source_name_match	1	s__Methanohalophilus halophilus	GCF_001889405.1,GCF_900106905.1	assembly_summary_unique_gtdb_species
Otu937	2	40269	new_strain	/net/sgi/cami/data/CAMI2/nwillassen_data/marine/simulation_short_read/genomes/NML_S2_contigs.fasta	NML S2	nml s2	0		no_exact_source_name_match	0			assembly_summary_no_match
Otu683.0	31989	1792508	known_strain	/net/sgi/cami/data/CAMI2/nwillassen_data/marine/simulation_short_read/genomes/Yangia_sp_CCB-MM3_genomic.fasta	Yangia sp CCB-MM3	yangia sp ccb mm3	0		no_exact_source_name_match	1	s__Salipiger sp001687105	GCF_001687105.1	assembly_summary_unique_gtdb_species
Otu234.0	85025	1564114	known_strain	/net/sgi/cami/data/CAMI2/nwillassen_data/marine/simulation_short_read/genomes/Rhodococcus_sp_B7740_genomic.fasta	Rhodococcus sp B7740	rhodococcus sp b7740	1	s__Rhodococcoides sp000954115	exact_source_name_unique_gtdb_species	1	s__Rhodococcoides sp000954115	GCF_000954115.1	assembly_summary_unique_gtdb_species
Otu2254	2157	54120	known_strain	/net/sgi/cami/data/CAMI2/nwillassen_data/marine/simulation_short_read/genomes/Methanoplanus_petrolearius_DSM_11571_genomic.fasta	Methanoplanus petrolearius DSM 11571	methanoplanus petrolearius dsm 11571	0		no_exact_source_name_match	1	s__Methanolacinia petrolearia	GCF_000147875.1	assembly_summary_unique_gtdb_species
Otu496.0	541000	1510	new_strain	/net/sgi/cami/data/CAMI2/nwillassen_data/marine/simulation_short_read/genomes/Clostridium_stercorarium_subsp_thermolacticum_DSM_2910_genomic.fasta	Clostridium stercorarium subsp thermolacticum DSM 2910	clostridium stercorarium subsp thermolacticum dsm 2910	0		no_exact_source_name_match	1	s__Thermoclostridium stercorarium	GCF_001697245.1	assembly_summary_unique_gtdb_species
Otu1332.0	69657	1906738	known_strain	/net/sgi/cami/data/CAMI2/nwillassen_data/marine/simulation_short_read/genomes/Hyphomonas_sp_Mor2_genomic.fasta	Hyphomonas sp Mor2	hyphomonas sp mor2	1	s__Henriciella sp001854405	exact_source_name_unique_gtdb_species	0			assembly_summary_no_match
Otu1957.0	49546	1336802	known_strain	/net/sgi/cami/data/CAMI2/nwillassen_data/marine/simulation_short_read/genomes/Nonlabens_sp_Hel1_33_55_genomic.fasta	Nonlabens sp Hel1 33 55	nonlabens sp hel1 33 55	1	s__Nonlabens sp900101765	exact_source_name_unique_gtdb_species	1	s__Nonlabens sp900101765	GCF_900101765.1	assembly_summary_unique_gtdb_species
Otu1560	2	59754	known_strain	/net/sgi/cami/data/CAMI2/nwillassen_data/marine/simulation_short_read/genomes/Alcanivorax_borkumensis_SK2_genomic.fasta	Alcanivorax borkumensis SK2	alcanivorax borkumensis sk2	1	s__Alcanivorax borkumensis	exact_source_name_unique_gtdb_species	1	s__Alcanivorax borkumensis	GCF_000009365.1	assembly_summary_unique_gtdb_species
Otu851.0	468	1112209	new_strain	/net/sgi/cami/data/CAMI2/nwillassen_data/marine/simulation_short_read/genomes/S28_S9_contigs.fasta	S28 S9	s28 s9	0		no_exact_source_name_match	0			assembly_summary_no_match
Otu2253	2	797277	known_strain	/net/sgi/cami/data/CAMI2/nwillassen_data/marine/simulation_short_read/genomes/Pseudomonas_litoralis_strain_2SM5_genomic.fasta	Pseudomonas litoralis strain 2SM5	pseudomonas litoralis 2sm5	0		no_exact_source_name_match	1	s__Halopseudomonas litoralis	GCF_900105005.1	assembly_summary_unique_gtdb_species
Otu1806	2	553239	known_strain	/net/sgi/cami/data/CAMI2/nwillassen_data/marine/simulation_short_read/genomes/Vibrio_breoganii_strain_FF50_genomic.fasta	Vibrio breoganii strain FF50	vibrio breoganii ff50	0		no_exact_source_name_match	1	s__Vibrio breoganii	GCF_001677275.1	assembly_summary_unique_gtdb_species
Otu1804	2157	2214	known_strain	/net/sgi/cami/data/CAMI2/nwillassen_data/marine/simulation_short_read/genomes/Methanosarcina_acetivorans_C2A_genomic.fasta	Methanosarcina acetivorans C2A	methanosarcina acetivorans c2a	1	s__Methanosarcina acetivorans	exact_source_name_unique_gtdb_species	1	s__Methanosarcina acetivorans	GCF_000007345.1	assembly_summary_unique_gtdb_species
Otu1969	2	1238	known_strain	/net/sgi/cami/data/CAMI2/nwillassen_data/marine/simulation_short_read/genomes/Piscirickettsia_salmonis_strain_CGR02_genomic.fasta	Piscirickettsia salmonis strain CGR02	piscirickettsia salmonis cgr02	0		no_exact_source_name_match	1	s__Piscirickettsia salmonis	GCF_001534725.1	assembly_summary_unique_gtdb_species
Otu1998	2	286	new_species	/net/sgi/cami/data/CAMI2/nwillassen_data/marine/simulation_short_read/genomes/MR4-64-2_S7_contigs.fasta	MR4-64-2 S7	mr4 64 2 s7	0		no_exact_source_name_match	0			assembly_summary_no_match
Otu1966	2157	163003	known_strain	/net/sgi/cami/data/CAMI2/nwillassen_data/marine/simulation_short_read/genomes/Thermococcus_sp_CL1_genomic.fasta	Thermococcus sp CL1	thermococcus sp cl1	0		no_exact_source_name_match	1	s__Thermococcus cleftensis	GCF_000265525.1	assembly_summary_unique_gtdb_species
Otu318.0	72275	983545	known_strain	/net/sgi/cami/data/CAMI2/nwillassen_data/marine/simulation_short_read/genomes/Glaciecola_sp_4H-3-7+YE-5_genomic.fasta	Glaciecola sp 4H-3-7+YE-5	glaciecola sp 4h 3 7 ye 5	1	s__Paraglaciecola chathamensis	exact_source_name_unique_gtdb_species	0			assembly_summary_no_match
Otu1962	2	349751	known_strain	/net/sgi/cami/data/CAMI2/nwillassen_data/marine/simulation_short_read/genomes/Corynebacterium_marinum_DSM_44953_genomic.fasta	Corynebacterium marinum DSM 44953	corynebacterium marinum dsm 44953	1	s__Corynebacterium marinum	exact_source_name_unique_gtdb_species	1	s__Corynebacterium marinum	GCF_000835165.1	assembly_summary_unique_gtdb_species
Otu303.0	649777	336261	known_strain	/net/sgi/cami/data/CAMI2/nwillassen_data/marine/simulation_short_read/genomes/Thermovirga_lienii_DSM_17291_genomic.fasta	Thermovirga lienii DSM 17291	thermovirga lienii dsm 17291	1	s__Thermovirga lienii	exact_source_name_unique_gtdb_species	0			assembly_summary_no_match
Otu805	2	294	new_strain	/net/sgi/cami/data/CAMI2/nwillassen_data/marine/simulation_short_read/genomes/Titti25_S5_contigs.fasta	Titti25 S5	titti25 s5	0		no_exact_source_name_match	0			assembly_summary_no_match
Otu1834.0	49546	754409	known_strain	/net/sgi/cami/data/CAMI2/nwillassen_data/marine/simulation_short_read/genomes/Winogradskyella_sp_PG-2_genomic.fasta	Winogradskyella sp PG-2	winogradskyella sp pg 2	1	s__Winogradskyella sp000828715	exact_source_name_unique_gtdb_species	1	s__Winogradskyella sp000828715	GCF_000828715.1	assembly_summary_unique_gtdb_species
Otu316.0	49546	96345	known_strain	/net/sgi/cami/data/CAMI2/nwillassen_data/marine/simulation_short_read/genomes/Flavobacterium_psychrophilum_FPG3_genomic.fasta	Flavobacterium psychrophilum FPG3	flavobacterium psychrophilum fpg3	1	s__Flavobacterium psychrophilum	exact_source_name_unique_gtdb_species	1	s__Flavobacterium psychrophilum	GCF_000754405.1	assembly_summary_unique_gtdb_species
Otu648.0	417127	398743	known_strain	/net/sgi/cami/data/CAMI2/nwillassen_data/marine/simulation_short_read/genomes/Zunongwangia_profunda_SM-A87_genomic.fasta	Zunongwangia profunda SM-A87	zunongwangia profunda sm a87	1	s__Zunongwangia profunda	exact_source_name_unique_gtdb_species	1	s__Zunongwangia profunda	GCF_000023465.1	assembly_summary_unique_gtdb_species
Otu1238	2	55601	new_strain	/net/sgi/cami/data/CAMI2/nwillassen_data/marine/simulation_short_read/genomes/3_S3_contigs.fasta	3 S3	3 s3	0		no_exact_source_name_match	0			assembly_summary_no_match
Otu2154	2157	42879	known_strain	/net/sgi/cami/data/CAMI2/nwillassen_data/marine/simulation_short_read/genomes/Methanococcus_aeolicus_Nankai-3_genomic.fasta	Methanococcus aeolicus Nankai-3	methanococcus aeolicus nankai 3	1	s__Methanofervidicoccus aeolicus	exact_source_name_unique_gtdb_species	1	s__Methanofervidicoccus aeolicus	GCF_000017185.1	assembly_summary_unique_gtdb_species
Otu770	2	1280380	known_strain	/net/sgi/cami/data/CAMI2/nwillassen_data/marine/simulation_short_read/genomes/Synechococcus_sp_KORDI-100_genomic.fasta	Synechococcus sp KORDI-100	synechococcus sp kordi 100	1	s__Parasynechococcus sp000737535	exact_source_name_unique_gtdb_species	1	s__Parasynechococcus sp000737535	GCF_000737535.1	assembly_summary_unique_gtdb_species
Otu2469	2157	565033	known_strain	/net/sgi/cami/data/CAMI2/nwillassen_data/marine/simulation_short_read/genomes/Geoglobus_acetivorans_SBH6_genomic.fasta	Geoglobus acetivorans SBH6	geoglobus acetivorans sbh6	0		no_exact_source_name_match	2	s__Geoglobus acetivorans,s__Geoglobus acetivorans_B	GCF_000789255.1,GCF_039641995.1	assembly_summary_ambiguous_gtdb_species
Otu2343	2	80852	new_strain	/net/sgi/cami/data/CAMI2/nwillassen_data/marine/simulation_short_read/genomes/A-Hdes-10_S9_contigs.fasta	A-Hdes-10 S9	a hdes 10 s9	0		no_exact_source_name_match	0			assembly_summary_no_match
Otu1236	2	1219	known_strain	/net/sgi/cami/data/CAMI2/nwillassen_data/marine/simulation_short_read/genomes/Prochlorococcus_marinus_str_MIT_9312_genomic.fasta	Prochlorococcus marinus str MIT 9312	prochlorococcus marinus mit 9312	1	s__Prochlorococcus_A marinus_L	exact_source_name_unique_gtdb_species	1	s__Prochlorococcus_A marinus_L	GCF_000012645.1	assembly_summary_unique_gtdb_species
Otu1787	2157	2320	known_strain	/net/sgi/cami/data/CAMI2/nwillassen_data/marine/simulation_short_read/genomes/Methanopyrus_kandleri_AV19_genomic.fasta	Methanopyrus kandleri AV19	methanopyrus kandleri av19	1	s__Methanopyrus kandleri	exact_source_name_unique_gtdb_species	1	s__Methanopyrus kandleri	GCF_000007185.1	assembly_summary_unique_gtdb_species
Otu2326	2	692370	known_strain	/net/sgi/cami/data/CAMI2/nwillassen_data/marine/simulation_short_read/genomes/Altererythrobacter_dongtanensis_strain_KCTC_22672_genomic.fasta	Altererythrobacter dongtanensis strain KCTC 22672	altererythrobacter dongtanensis kctc 22672	0		no_exact_source_name_match	1	s__Tsuneonella dongtanensis	GCF_001698205.1	assembly_summary_unique_gtdb_species
Otu4.0	72276	1335757	known_strain	/net/sgi/cami/data/CAMI2/nwillassen_data/marine/simulation_short_read/genomes/Spiribacter_sp_UAH-SP71_genomic.fasta	Spiribacter sp UAH-SP71	spiribacter sp uah sp71	0		no_exact_source_name_match	1	s__Spiribacter curvatus	GCF_000485905.1	assembly_summary_unique_gtdb_species
Otu2259	2	80852	new_strain	/net/sgi/cami/data/CAMI2/nwillassen_data/marine/simulation_short_read/genomes/Vw35_S3_contigs.fasta	Vw35 S3	vw35 s3	0		no_exact_source_name_match	0			assembly_summary_no_match
Otu2209	2	1238	known_strain	/net/sgi/cami/data/CAMI2/nwillassen_data/marine/simulation_short_read/genomes/Piscirickettsia_salmonis_strain_PM23019A_genomic.fasta	Piscirickettsia salmonis strain PM23019A	piscirickettsia salmonis pm23019a	0		no_exact_source_name_match	0			assembly_summary_no_match
Otu1975.0	188711	171695	known_strain	/net/sgi/cami/data/CAMI2/nwillassen_data/marine/simulation_short_read/genomes/Thermodesulfatator_indicus_DSM_15286_genomic.fasta	Thermodesulfatator indicus DSM 15286	thermodesulfatator indicus dsm 15286	1	s__Thermodesulfatator indicus	exact_source_name_unique_gtdb_species	1	s__Thermodesulfatator indicus	GCF_000217795.1	assembly_summary_unique_gtdb_species
Otu189	2157	38027	known_strain	/net/sgi/cami/data/CAMI2/nwillassen_data/marine/simulation_short_read/genomes/Methanosarcina_siciliae_T4_M_genomic.fasta	Methanosarcina siciliae T4 M	methanosarcina siciliae t4 m	1	s__Methanosarcina siciliae	exact_source_name_unique_gtdb_species	1	s__Methanosarcina siciliae	GCF_000970085.1	assembly_summary_unique_gtdb_species
Otu2441.0	49546	1239415	known_strain	/net/sgi/cami/data/CAMI2/nwillassen_data/marine/simulation_short_read/genomes/Dokdonia_sp_PRO95_genomic.fasta	Dokdonia sp PRO95	dokdonia sp pro95	1	s__Dokdonia sp000355805	exact_source_name_unique_gtdb_species	1	s__Dokdonia sp000355805	GCF_000355805.1	assembly_summary_unique_gtdb_species
Otu2441.1	49546	59732	new_species	/net/sgi/cami/data/CAMI2/nwillassen_data/marine/simulation_short_read/genomes/33_S3_contigs.fasta	33 S3	33 s3	0		no_exact_source_name_match	0			assembly_summary_no_match
Otu1301	2	80852	new_strain	/net/sgi/cami/data/CAMI2/nwillassen_data/marine/simulation_short_read/genomes/Vw5_S4_contigs.fasta	Vw5 S4	vw5 s4	0		no_exact_source_name_match	0			assembly_summary_no_match
Otu1300	2	1821960	known_strain	/net/sgi/cami/data/CAMI2/nwillassen_data/marine/simulation_short_read/genomes/Edwardsiella_tarda_080813_genomic.fasta	Edwardsiella tarda 080813	edwardsiella tarda 080813	0		no_exact_source_name_match	0			assembly_summary_no_match
Otu1302	2	2337	known_strain	/net/sgi/cami/data/CAMI2/nwillassen_data/marine/simulation_short_read/genomes/Thermotoga_neapolitana_DSM_4359_genomic.fasta	Thermotoga neapolitana DSM 4359	thermotoga neapolitana dsm 4359	1	s__Thermotoga neapolitana	exact_source_name_unique_gtdb_species	1	s__Thermotoga neapolitana	GCF_000018945.1,GCF_049244645.1	assembly_summary_unique_gtdb_species
Otu1977.0	72275	226	known_strain	/net/sgi/cami/data/CAMI2/nwillassen_data/marine/simulation_short_read/genomes/Alteromonas_sp_Mex14_genomic.fasta	Alteromonas sp Mex14	alteromonas sp mex14	0		no_exact_source_name_match	0			assembly_summary_no_match
Otu1308	2	208596	known_strain	/net/sgi/cami/data/CAMI2/nwillassen_data/marine/simulation_short_read/genomes/Carnobacterium_sp_17-4_genomic.fasta	Carnobacterium sp 17-4	carnobacterium sp 17 4	1	s__Carnobacterium_B sp000195575	exact_source_name_unique_gtdb_species	1	s__Carnobacterium_B sp000195575	GCF_000195575.1	assembly_summary_unique_gtdb_species
Otu2119.0	541000	1515	new_strain	/net/sgi/cami/data/CAMI2/nwillassen_data/marine/simulation_short_read/genomes/Ruminiclostridium_thermocellum_DSM_2360_strain_LQRI_genomic.fasta	Ruminiclostridium thermocellum DSM 2360 strain LQRI	ruminiclostridium thermocellum dsm 2360 lqri	0		no_exact_source_name_match	0			assembly_summary_no_match
Otu274.0	186191	186192	known_strain	/net/sgi/cami/data/CAMI2/nwillassen_data/marine/simulation_short_read/genomes/Marinithermus_hydrothermalis_DSM_14884_genomic.fasta	Marinithermus hydrothermalis DSM 14884	marinithermus hydrothermalis dsm 14884	1	s__Marinithermus hydrothermalis	exact_source_name_unique_gtdb_species	1	s__Marinithermus hydrothermalis	GCF_000195335.1	assembly_summary_unique_gtdb_species
Otu837.0	28256	2745	known_strain	/net/sgi/cami/data/CAMI2/nwillassen_data/marine/simulation_short_read/genomes/Halomonas_spR57-5_genomic.fasta	Halomonas spR57-5	halomonas spr57 5	0		no_exact_source_name_match	0			assembly_summary_no_match
Otu829.0	1652133	97084	known_strain	/net/sgi/cami/data/CAMI2/nwillassen_data/marine/simulation_short_read/genomes/Bacteriovorax_marinus_SJ_genomic.fasta	Bacteriovorax marinus SJ	bacteriovorax marinus sj	0		no_exact_source_name_match	0			assembly_summary_no_match
Otu801.1	72275	2743	known_strain	/net/sgi/cami/data/CAMI2/nwillassen_data/marine/simulation_short_read/genomes/Marinobacter_hydrocarbonoclasticus_ATCC_49840_genomic.fasta	Marinobacter hydrocarbonoclasticus ATCC 49840	marinobacter hydrocarbonoclasticus atcc 49840	0		no_exact_source_name_match	1	s__Marinobacter nauticus	GCF_000284615.1	assembly_summary_unique_gtdb_species
Otu801.0	72275	1874317	known_strain	/net/sgi/cami/data/CAMI2/nwillassen_data/marine/simulation_short_read/genomes/Marinobacter_sp_Hb8_genomic.fasta	Marinobacter sp Hb8	marinobacter sp hb8	0		no_exact_source_name_match	1	s__Marinobacter salinus	GCF_001854125.1	assembly_summary_unique_gtdb_species
Otu415.0	187144	187145	known_strain	/net/sgi/cami/data/CAMI2/nwillassen_data/marine/simulation_short_read/genomes/Caldithrix_abyssi_DSM_13497_genomic.fasta	Caldithrix abyssi DSM 13497	caldithrix abyssi dsm 13497	2	s__CAMBDS01 sp945865405,s__Caldithrix abyssi	exact_source_name_ambiguous_gtdb_species	1	s__Caldithrix abyssi	GCF_000241815.1,GCF_001886815.1	assembly_summary_unique_gtdb_species
Otu689.0	31989	1881061	known_strain	/net/sgi/cami/data/CAMI2/nwillassen_data/marine/simulation_short_read/genomes/Stappia_sp_ES058_genomic.fasta	Stappia sp ES058	stappia sp es058	0		no_exact_source_name_match	0			assembly_summary_no_match
Otu435.0	563843	29549	known_strain	/net/sgi/cami/data/CAMI2/nwillassen_data/marine/simulation_short_read/genomes/Rhodothermus_marinus_SG05JP17-172_genomic.fasta	Rhodothermus marinus SG05JP17-172	rhodothermus marinus sg05jp17 172	0		no_exact_source_name_match	1	s__Rhodothermus marinus	GCF_000224745.1	assembly_summary_unique_gtdb_species
Otu435.1	563843	29549	known_strain	/net/sgi/cami/data/CAMI2/nwillassen_data/marine/simulation_short_read/genomes/Rhodothermus_marinus_DSM_4252_genomic.fasta	Rhodothermus marinus DSM 4252	rhodothermus marinus dsm 4252	1	s__Rhodothermus marinus	exact_source_name_unique_gtdb_species	1	s__Rhodothermus marinus	GCF_000024845.1	assembly_summary_unique_gtdb_species
Otu9	2	387093	known_strain	/net/sgi/cami/data/CAMI2/nwillassen_data/marine/simulation_short_read/genomes/Sulfurovum_sp_NBC37-1_genomic.fasta	Sulfurovum sp NBC37-1	sulfurovum sp nbc37 1	1	s__Sulfurovum sp000010345	exact_source_name_unique_gtdb_species	1	s__Sulfurovum sp000010345	GCF_000010345.1	assembly_summary_unique_gtdb_species
Otu6	2	1292	new_strain	/net/sgi/cami/data/CAMI2/nwillassen_data/marine/simulation_short_read/genomes/S13_S3_contigs.fasta	S13 S3	s13 s3	0		no_exact_source_name_match	0			assembly_summary_no_match
Otu388	2157	73913	known_strain	/net/sgi/cami/data/CAMI2/nwillassen_data/marine/simulation_short_read/genomes/Methanocaldococcus_vulcanius_M7_genomic.fasta	Methanocaldococcus vulcanius M7	methanocaldococcus vulcanius m7	1	s__Methanocaldococcus vulcanius	exact_source_name_unique_gtdb_species	1	s__Methanocaldococcus vulcanius	GCF_000024625.1	assembly_summary_unique_gtdb_species
Otu365.0	224379	158327	known_strain	/net/sgi/cami/data/CAMI2/nwillassen_data/marine/simulation_short_read/genomes/Hahella_chejuensis_KCTC_2396_genomic.fasta	Hahella chejuensis KCTC 2396	hahella chejuensis kctc 2396	1	s__Hahella chejuensis	exact_source_name_unique_gtdb_species	1	s__Hahella chejuensis	GCF_000012985.1	assembly_summary_unique_gtdb_species
Otu2052	2	43989	known_strain	/net/sgi/cami/data/CAMI2/nwillassen_data/marine/simulation_short_read/genomes/Cyanothece_sp_ATCC_51142_genomic.fasta	Cyanothece sp ATCC 51142	cyanothece sp atcc 51142	0		no_exact_source_name_match	0			assembly_summary_no_match
Otu1548.0	31989	1284658	known_strain	/net/sgi/cami/data/CAMI2/nwillassen_data/marine/simulation_short_read/genomes/Planktomarina_temperata_RCA23_genomic.fasta	Planktomarina temperata RCA23	planktomarina temperata rca23	1	s__Planktomarina temperata	exact_source_name_unique_gtdb_species	1	s__Planktomarina temperata	GCF_000738435.1	assembly_summary_unique_gtdb_species
Otu2.0	1046	133539	known_strain	/net/sgi/cami/data/CAMI2/nwillassen_data/marine/simulation_short_read/genomes/Nitrosococcus_halophilus_Nc_4_genomic.fasta	Nitrosococcus halophilus Nc 4	nitrosococcus halophilus nc 4	1	s__Nitrosococcus halophilus	exact_source_name_unique_gtdb_species	1	s__Nitrosococcus halophilus	GCF_000024725.1	assembly_summary_unique_gtdb_species
Otu281.0	72275	314275	known_strain	/net/sgi/cami/data/CAMI2/nwillassen_data/marine/simulation_short_read/genomes/Alteromonas_macleodii_str_Ionian_Sea_U4_genomic.fasta	Alteromonas macleodii str Ionian Sea U4	alteromonas macleodii ionian sea u4	0		no_exact_source_name_match	1	s__Alteromonas mediterranea	GCF_000439515.1,GCF_000439535.1,GCF_000439555.1,GCF_000439575.1,GCF_000439595.1	assembly_summary_unique_gtdb_species
Otu1743	2	636	known_strain	/net/sgi/cami/data/CAMI2/nwillassen_data/marine/simulation_short_read/genomes/Edwardsiella_tarda_EIB202_genomic.fasta	Edwardsiella tarda EIB202	edwardsiella tarda eib202	0		no_exact_source_name_match	0			assembly_summary_no_match
Otu2058	2	340345	known_strain	/net/sgi/cami/data/CAMI2/nwillassen_data/marine/simulation_short_read/genomes/Actinoalloteichus_hymeniacidonis_strain_HPA177_DSM_45092_genomic.fasta	Actinoalloteichus hymeniacidonis strain HPA177 DSM 45092	actinoalloteichus hymeniacidonis hpa177 dsm 45092	0		no_exact_source_name_match	1	s__Actinoalloteichus_A hymeniacidonis	GCF_001747425.1,GCF_014203365.1	assembly_summary_unique_gtdb_species
Otu2059	2	662	known_strain	/net/sgi/cami/data/CAMI2/nwillassen_data/marine/simulation_short_read/genomes/Vibrio_natriegens_strain_CCUG_16371_genomic.fasta	Vibrio natriegens strain CCUG 16371	vibrio natriegens ccug 16371	0		no_exact_source_name_match	0			assembly_summary_no_match
Otu470	2157	229980	known_strain	/net/sgi/cami/data/CAMI2/nwillassen_data/marine/simulation_short_read/genomes/Aeropyrum_camini_SY1_JCM_12091_genomic.fasta	Aeropyrum camini SY1 JCM 12091	aeropyrum camini sy1 jcm 12091	1	s__Aeropyrum camini	exact_source_name_unique_gtdb_species	1	s__Aeropyrum camini	GCF_000591035.1,GCF_001316065.1	assembly_summary_unique_gtdb_species
Otu473	2	80852	new_strain	/net/sgi/cami/data/CAMI2/nwillassen_data/marine/simulation_short_read/genomes/Vw8_S10_contigs.fasta	Vw8 S10	vw8 s10	0		no_exact_source_name_match	0			assembly_summary_no_match
Otu1984	2	234831	new_strain	/net/sgi/cami/data/CAMI2/nwillassen_data/marine/simulation_short_read/genomes/Pseudoalteromonas_sp_SM9913_genomic.fasta	Pseudoalteromonas sp SM9913	pseudoalteromonas sp sm9913	1	s__Pseudoalteromonas tetraodonis	exact_source_name_unique_gtdb_species	1	s__Pseudoalteromonas tetraodonis	GCF_000184065.1	assembly_summary_unique_gtdb_species
Otu2297	2	1292	new_strain	/net/sgi/cami/data/CAMI2/nwillassen_data/marine/simulation_short_read/genomes/TiB_S10_contigs.fasta	TiB S10	tib s10	0		no_exact_source_name_match	0			assembly_summary_no_match
Otu2053	2	2336	new_strain	/net/sgi/cami/data/CAMI2/nwillassen_data/marine/simulation_short_read/genomes/Thermotoga_maritima_MSB8_4_genomic.fasta	Thermotoga maritima MSB8 4	thermotoga maritima msb8 4	0		no_exact_source_name_match	1	s__Thermotoga maritima	GCF_000008545.1,GCF_000230655.2,GCF_000390265.1,GCF_000978555.1	assembly_summary_unique_gtdb_species
Otu383	2157	293091	known_strain	/net/sgi/cami/data/CAMI2/nwillassen_data/marine/simulation_short_read/genomes/Haloquadratum_walsbyi_C23_genomic.fasta	Haloquadratum walsbyi C23	haloquadratum walsbyi c23	1	s__Haloquadratum walsbyi	exact_source_name_unique_gtdb_species	1	s__Haloquadratum walsbyi	GCF_000237865.1	assembly_summary_unique_gtdb_species
Otu345.0	224464	80816	known_strain	/net/sgi/cami/data/CAMI2/nwillassen_data/marine/simulation_short_read/genomes/Haliangium_ochraceum_DSM_14365_genomic.fasta	Haliangium ochraceum DSM 14365	haliangium ochraceum dsm 14365	1	s__Haliangium ochraceum	exact_source_name_unique_gtdb_species	1	s__Haliangium ochraceum	GCF_000024805.1	assembly_summary_unique_gtdb_species
Otu1665	2157	1505907	known_strain	/net/sgi/cami/data/CAMI2/nwillassen_data/marine/simulation_short_read/genomes/Thermococcus_eurythermalis_A501_genomic.fasta	Thermococcus eurythermalis A501	thermococcus eurythermalis a501	0		no_exact_source_name_match	1	s__Thermococcus eurythermalis	GCF_000769655.1	assembly_summary_unique_gtdb_species
Otu2115	2	1760	new_order	/net/sgi/cami/data/CAMI2/nwillassen_data/marine/simulation_short_read/genomes/13_S13_contigs.fasta	13 S13	13 s13	0		no_exact_source_name_match	0			assembly_summary_no_match
Otu2117	2	41275	new_species	/net/sgi/cami/data/CAMI2/nwillassen_data/marine/simulation_short_read/genomes/KH11J01_S12_contigs.fasta	KH11J01 S12	kh11j01 s12	0		no_exact_source_name_match	0			assembly_summary_no_match
Otu282.0	543	28901	new_strain	/net/sgi/cami/data/CAMI2/nwillassen_data/marine/simulation_short_read/genomes/Salmonella_enterica_subsp_enterica_serovar_Typhimurium_22792_genomic.fasta	Salmonella enterica subsp enterica serovar Typhimurium 22792	salmonella enterica subsp enterica serovar typhimurium 22792	0		no_exact_source_name_match	1	s__Salmonella enterica	GCF_001887015.1,GCF_900608915.1,GCF_900608935.1,GCF_900834415.1,GCF_901212535.1,GCF_902153325.1,GCF_964656805.1	assembly_summary_unique_gtdb_species
Otu282.1	543	28901	new_strain	/net/sgi/cami/data/CAMI2/nwillassen_data/marine/simulation_short_read/genomes/Salmonella_enterica_subsp_enterica_serovar_Typhimurium_22495_genomic.fasta	Salmonella enterica subsp enterica serovar Typhimurium 22495	salmonella enterica subsp enterica serovar typhimurium 22495	0		no_exact_source_name_match	1	s__Salmonella enterica	GCF_900608915.1,GCF_900608935.1,GCF_900834415.1,GCF_901212535.1,GCF_902153325.1,GCF_964656805.1	assembly_summary_unique_gtdb_species
Otu1015	2	361183	known_strain	/net/sgi/cami/data/CAMI2/nwillassen_data/marine/simulation_short_read/genomes/Altererythrobacter_epoxidivorans_CGMCC_17731_genomic.fasta	Altererythrobacter epoxidivorans CGMCC 17731	altererythrobacter epoxidivorans cgmcc 17731	0		no_exact_source_name_match	1	s__Erythrobacter epoxidivorans	GCF_001281485.1	assembly_summary_unique_gtdb_species
Otu1119.0	191394	2352	known_strain	/net/sgi/cami/data/CAMI2/nwillassen_data/marine/simulation_short_read/genomes/Flexistipes_sinusarabici_DSM_4947_genomic.fasta	Flexistipes sinusarabici DSM 4947	flexistipes sinusarabici dsm 4947	1	s__Flexistipes sinusarabici	exact_source_name_unique_gtdb_species	1	s__Flexistipes sinusarabici	GCF_000218625.1	assembly_summary_unique_gtdb_species
Otu2202	2	1238	known_strain	/net/sgi/cami/data/CAMI2/nwillassen_data/marine/simulation_short_read/genomes/Piscirickettsia_salmonis_strain_PSCGR01_genomic.fasta	Piscirickettsia salmonis strain PSCGR01	piscirickettsia salmonis pscgr01	0		no_exact_source_name_match	1	s__Piscirickettsia salmonis	GCF_001514395.1	assembly_summary_unique_gtdb_species
Otu1156	2	80852	new_strain	/net/sgi/cami/data/CAMI2/nwillassen_data/marine/simulation_short_read/genomes/A-H1309-5II_S9_contigs.fasta	A-H1309-5II S9	a h1309 5ii s9	0		no_exact_source_name_match	0			assembly_summary_no_match
Otu750	2157	1712654	known_strain	/net/sgi/cami/data/CAMI2/nwillassen_data/marine/simulation_short_read/genomes/Thermococcus_sp_CDGS_genomic.fasta	Thermococcus sp CDGS	thermococcus sp cdgs	0		no_exact_source_name_match	0			assembly_summary_no_match
Otu753	2	1311	known_strain	/net/sgi/cami/data/CAMI2/nwillassen_data/marine/simulation_short_read/genomes/Streptococcus_agalactiae_strain_GX064_genomic.fasta	Streptococcus agalactiae strain GX064	streptococcus agalactiae gx064	0		no_exact_source_name_match	1	s__Streptococcus agalactiae	GCF_001190845.1,GCF_901875485.1	assembly_summary_unique_gtdb_species
Otu754	2	1612552	known_strain	/net/sgi/cami/data/CAMI2/nwillassen_data/marine/simulation_short_read/genomes/Actinoalloteichus_sp_ADI127-7_genomic.fasta	Actinoalloteichus sp ADI127-7	actinoalloteichus sp adi127 7	0		no_exact_source_name_match	1	s__Actinoalloteichus_A fjordicus	GCF_001941625.1	assembly_summary_unique_gtdb_species
Otu1237.0	85021	1758689	known_strain	/net/sgi/cami/data/CAMI2/nwillassen_data/marine/simulation_short_read/genomes/Serinicoccus_sp_JLT9_genomic.fasta	Serinicoccus sp JLT9	serinicoccus sp jlt9	0		no_exact_source_name_match	1	s__Ornithinicoccus hydrothermalis	GCF_001685415.1	assembly_summary_unique_gtdb_species
Otu2017.0	563843	146919	known_strain	/net/sgi/cami/data/CAMI2/nwillassen_data/marine/simulation_short_read/genomes/Salinibacter_ruber_DSM_13855_genomic.fasta	Salinibacter ruber DSM 13855	salinibacter ruber dsm 13855	1	s__Salinibacter ruber	exact_source_name_unique_gtdb_species	1	s__Salinibacter ruber	GCF_000013045.1	assembly_summary_unique_gtdb_species
Otu974	2	1501269	known_strain	/net/sgi/cami/data/CAMI2/nwillassen_data/marine/simulation_short_read/genomes/Prochlorococcus_sp_MIT_0801_genomic.fasta	Prochlorococcus sp MIT 0801	prochlorococcus sp mit 0801	1	s__Prochlorococcus_B sp000757865	exact_source_name_unique_gtdb_species	1	s__Prochlorococcus_B sp000757865	GCF_000757865.1	assembly_summary_unique_gtdb_species
Otu975	2	410330	known_strain	/net/sgi/cami/data/CAMI2/nwillassen_data/marine/simulation_short_read/genomes/Candidatus_Vesicomyosocius_okutanii_HA_genomic.fasta	Candidatus Vesicomyosocius okutanii HA	candidatus vesicomyosocius okutanii ha	0		no_exact_source_name_match	0			assembly_summary_no_match
Otu613	2157	430914	known_strain	/net/sgi/cami/data/CAMI2/nwillassen_data/marine/simulation_short_read/genomes/Halorhabdus_tiamatea_SARL4B_genomic.fasta	Halorhabdus tiamatea SARL4B	halorhabdus tiamatea sarl4b	1	s__Halorhabdus tiamatea	exact_source_name_unique_gtdb_species	1	s__Halorhabdus tiamatea	GCF_000215915.2,GCF_000470655.1	assembly_summary_unique_gtdb_species
Otu116.0	28256	2745	known_strain	/net/sgi/cami/data/CAMI2/nwillassen_data/marine/simulation_short_read/genomes/Halomonas_sp_A3H3_genomic.fasta	Halomonas sp A3H3	halomonas sp a3h3	0		no_exact_source_name_match	0			assembly_summary_no_match
Otu99.0	49546	983544	known_strain	/net/sgi/cami/data/CAMI2/nwillassen_data/marine/simulation_short_read/genomes/Lacinutrix_sp_5H-3-7-4_genomic.fasta	Lacinutrix sp 5H-3-7-4	lacinutrix sp 5h 3 7 4	1	s__Lacinutrix sp000211855	exact_source_name_unique_gtdb_species	1	s__Lacinutrix sp000211855	GCF_000211855.2	assembly_summary_unique_gtdb_species
Otu972	2	246432	new_strain	/net/sgi/cami/data/CAMI2/nwillassen_data/marine/simulation_short_read/genomes/Titti23_S3_contigs.fasta	Titti23 S3	titti23 s3	0		no_exact_source_name_match	0			assembly_summary_no_match
Otu616	2	80854	known_strain	/net/sgi/cami/data/CAMI2/nwillassen_data/marine/simulation_short_read/genomes/Mv2528_S2_contigs.fasta	Mv2528 S2	mv2528 s2	0		no_exact_source_name_match	0			assembly_summary_no_match
Otu597.0	1616789	1307761	known_strain	/net/sgi/cami/data/CAMI2/nwillassen_data/marine/simulation_short_read/genomes/Spirochaeta_sp_L21-RPul-D2_genomic.fasta	Spirochaeta sp L21-RPul-D2	spirochaeta sp l21 rpul d2	0		no_exact_source_name_match	1	s__Salinispira pacifica	GCF_000507245.1	assembly_summary_unique_gtdb_species
Otu767	2	1427364	known_strain	/net/sgi/cami/data/CAMI2/nwillassen_data/marine/simulation_short_read/genomes/Candidatus_Thioglobus_singularis_PS1_genomic.fasta	Candidatus Thioglobus singularis PS1	candidatus thioglobus singularis ps1	0		no_exact_source_name_match	1	s__Pseudothioglobus singularis	GCF_001281385.1	assembly_summary_unique_gtdb_species
Otu1664	2157	2252	known_strain	/net/sgi/cami/data/CAMI2/nwillassen_data/marine/simulation_short_read/genomes/Haloferax_mediterranei_ATCC_33500_genomic.fasta	Haloferax mediterranei ATCC 33500	haloferax mediterranei atcc 33500	1	s__Haloferax mediterranei	exact_source_name_unique_gtdb_species	1	s__Haloferax mediterranei	GCF_000306765.2,GCF_000337295.1,GCF_000685635.1,GCF_005406325.1,GCF_033843025.1	assembly_summary_unique_gtdb_species
Otu1405	2	288	known_strain	/net/sgi/cami/data/CAMI2/nwillassen_data/marine/simulation_short_read/genomes/Pseudoalteromonas_atlantica_T6c_genomic.fasta	Pseudoalteromonas atlantica T6c	pseudoalteromonas atlantica t6c	0		no_exact_source_name_match	0			assembly_summary_no_match
Otu681	2	2336	new_strain	/net/sgi/cami/data/CAMI2/nwillassen_data/marine/simulation_short_read/genomes/Thermotoga_maritima_MSB8_1_genomic.fasta	Thermotoga maritima MSB8 1	thermotoga maritima msb8 1	0		no_exact_source_name_match	1	s__Thermotoga maritima	GCF_000008545.1,GCF_000230655.2,GCF_000390265.1,GCF_000978555.1	assembly_summary_unique_gtdb_species
Otu687	2157	84156	known_strain	/net/sgi/cami/data/CAMI2/nwillassen_data/marine/simulation_short_read/genomes/Archaeoglobus_profundus_DSM_5631_genomic.fasta	Archaeoglobus profundus DSM 5631	archaeoglobus profundus dsm 5631	1	s__Archaeoglobus_B profundus	exact_source_name_unique_gtdb_species	1	s__Archaeoglobus_B profundus	GCF_000025285.1	assembly_summary_unique_gtdb_species
Otu684	2	2748	new_strain	/net/sgi/cami/data/CAMI2/nwillassen_data/marine/simulation_short_read/genomes/LAB19_S8_contigs.fasta	LAB19 S8	lab19 s8	0		no_exact_source_name_match	0			assembly_summary_no_match
Otu1028	2	1760	new_order	/net/sgi/cami/data/CAMI2/nwillassen_data/marine/simulation_short_read/genomes/LF22_S6_contigs.fasta	LF22 S6	lf22 s6	0		no_exact_source_name_match	0			assembly_summary_no_match
Otu110.0	49546	363408	known_strain	/net/sgi/cami/data/CAMI2/nwillassen_data/marine/simulation_short_read/genomes/Nonlabens_sp_MIC269_genomic.fasta	Nonlabens sp MIC269	nonlabens sp mic269	0		no_exact_source_name_match	0			assembly_summary_no_match
Otu371	2	662	known_strain	/net/sgi/cami/data/CAMI2/nwillassen_data/marine/simulation_short_read/genomes/ukjent3_S10_contigs.fasta	ukjent3 S10	ukjent3 s10	0		no_exact_source_name_match	0			assembly_summary_no_match
Otu376	2157	160232	known_strain	/net/sgi/cami/data/CAMI2/nwillassen_data/marine/simulation_short_read/genomes/Nanoarchaeum_equitans_Kin4-M_genomic.fasta	Nanoarchaeum equitans Kin4-M	nanoarchaeum equitans kin4 m	1	s__Nanoarchaeum equitans	exact_source_name_unique_gtdb_species	0			assembly_summary_no_match
Otu2189	2157	39152	known_strain	/net/sgi/cami/data/CAMI2/nwillassen_data/marine/simulation_short_read/genomes/Methanococcus_maripaludis_C7_genomic.fasta	Methanococcus maripaludis C7	methanococcus maripaludis c7	0		no_exact_source_name_match	0			assembly_summary_no_match
Otu115	2	40269	new_strain	/net/sgi/cami/data/CAMI2/nwillassen_data/marine/simulation_short_read/genomes/A6_S6_contigs.fasta	A6 S6	a6 s6	0		no_exact_source_name_match	0			assembly_summary_no_match
Otu352.0	135620	1821621	known_strain	/net/sgi/cami/data/CAMI2/nwillassen_data/marine/simulation_short_read/genomes/Marinobacterium_sp_ST58-10_genomic.fasta	Marinobacterium sp ST58-10	marinobacterium sp st58 10	0		no_exact_source_name_match	1	s__Marinobacterium_A aestuarii	GCF_001651805.1	assembly_summary_unique_gtdb_species
Otu2180	2	80852	new_strain	/net/sgi/cami/data/CAMI2/nwillassen_data/marine/simulation_short_read/genomes/Vw12_S5_contigs.fasta	Vw12 S5	vw12 s5	0		no_exact_source_name_match	0			assembly_summary_no_match
Otu87.0	72275	314275	known_strain	/net/sgi/cami/data/CAMI2/nwillassen_data/marine/simulation_short_read/genomes/Alteromonas_mediterranea_strain_CP49_genomic.fasta	Alteromonas mediterranea strain CP49	alteromonas mediterranea cp49	0		no_exact_source_name_match	1	s__Alteromonas mediterranea	GCF_001886415.1,GCF_927797765.1	assembly_summary_unique_gtdb_species
Otu1950	2	1883	known_strain	/net/sgi/cami/data/CAMI2/nwillassen_data/marine/simulation_short_read/genomes/Streptomyces_sp_PVA_94-07_genomic.fasta	Streptomyces sp PVA 94-07	streptomyces sp pva 94 07	0		no_exact_source_name_match	0			assembly_summary_no_match
Otu107	2	40269	new_strain	/net/sgi/cami/data/CAMI2/nwillassen_data/marine/simulation_short_read/genomes/KCH3_S1_contigs.fasta	KCH3 S1	kch3 s1	0		no_exact_source_name_match	0			assembly_summary_no_match
Otu1108.0	198251	1002672	known_strain	/net/sgi/cami/data/CAMI2/nwillassen_data/marine/simulation_short_read/genomes/Candidatus_Pelagibacter_sp_IMCC9063_genomic.fasta	Candidatus Pelagibacter sp IMCC9063	candidatus pelagibacter sp imcc9063	1	s__IMCC9063 sp000195085	exact_source_name_unique_gtdb_species	1	s__IMCC9063 sp000195085	GCF_000195085.1	assembly_summary_unique_gtdb_species
Otu2415.1	49546	313588	known_strain	/net/sgi/cami/data/CAMI2/nwillassen_data/marine/simulation_short_read/genomes/Croceibacter_atlanticus_HTCC2559_genomic.fasta	Croceibacter atlanticus HTCC2559	croceibacter atlanticus htcc2559	1	s__Croceibacter atlanticus	exact_source_name_unique_gtdb_species	1	s__Croceibacter atlanticus	GCF_000196315.1	assembly_summary_unique_gtdb_species
Otu2415.0	49546	1250205	known_strain	/net/sgi/cami/data/CAMI2/nwillassen_data/marine/simulation_short_read/genomes/Gramella_sp_MAR_2010_147_genomic.fasta	Gramella sp MAR 2010 147	gramella sp mar 2010 147	1	s__Christiangramia sp900105135	exact_source_name_unique_gtdb_species	1	s__Christiangramia sp900105135	GCF_900105135.1	assembly_summary_unique_gtdb_species
Otu1847	2	1363	known_strain	/net/sgi/cami/data/CAMI2/nwillassen_data/marine/simulation_short_read/genomes/Lactococcus_garvieae_Lg2_genomic.fasta	Lactococcus garvieae Lg2	lactococcus garvieae lg2	1	s__Lactococcus garvieae	exact_source_name_unique_gtdb_species	1	s__Lactococcus garvieae	GCF_000269945.1	assembly_summary_unique_gtdb_species
Otu1844	2	511678	new_species	/net/sgi/cami/data/CAMI2/nwillassen_data/marine/simulation_short_read/genomes/10_S10_contigs.fasta	10 S10	10 s10	0		no_exact_source_name_match	0			assembly_summary_no_match
Otu2425	2	32052	known_strain	/net/sgi/cami/data/CAMI2/nwillassen_data/marine/simulation_short_read/genomes/Synechococcus_sp_WH_8020_genomic.fasta	Synechococcus sp WH 8020	synechococcus sp wh 8020	1	s__Synechococcus_C sp001040845	exact_source_name_unique_gtdb_species	1	s__Synechococcus_C sp001040845	GCF_001040845.1	assembly_summary_unique_gtdb_species
Otu1577	2157	60847	known_strain	/net/sgi/cami/data/CAMI2/nwillassen_data/marine/simulation_short_read/genomes/Halogeometricum_borinquense_DSM_11551_genomic.fasta	Halogeometricum borinquense DSM 11551	halogeometricum borinquense dsm 11551	1	s__Halogeometricum borinquense	exact_source_name_unique_gtdb_species	1	s__Halogeometricum borinquense	GCF_000172995.2,GCF_000337855.1	assembly_summary_unique_gtdb_species
Otu85.0	49546	1790137	known_strain	/net/sgi/cami/data/CAMI2/nwillassen_data/marine/simulation_short_read/genomes/Wenyingzhuangia_fucanilytica_strain_CZ1127_genomic.fasta	Wenyingzhuangia fucanilytica strain CZ1127	wenyingzhuangia fucanilytica cz1127	0		no_exact_source_name_match	1	s__Wenyingzhuangia fucanilytica	GCF_001697185.1	assembly_summary_unique_gtdb_species
Otu85.1	49546	326319	known_strain	/net/sgi/cami/data/CAMI2/nwillassen_data/marine/simulation_short_read/genomes/Dokdonia_donghaensis_DSW-1_genomic.fasta	Dokdonia donghaensis DSW-1	dokdonia donghaensis dsw 1	0		no_exact_source_name_match	0			assembly_summary_no_match
Otu108.1	58050	80854	known_strain	/net/sgi/cami/data/CAMI2/nwillassen_data/marine/simulation_short_read/genomes/Mv3632_S3_contigs.fasta	Mv3632 S3	mv3632 s3	0		no_exact_source_name_match	0			assembly_summary_no_match
Otu1573	2	1238	known_strain	/net/sgi/cami/data/CAMI2/nwillassen_data/marine/simulation_short_read/genomes/Piscirickettsia_salmonis_strain_PM49811B_genomic.fasta	Piscirickettsia salmonis strain PM49811B	piscirickettsia salmonis pm49811b	0		no_exact_source_name_match	1	s__Piscirickettsia salmonis	GCF_001932815.1	assembly_summary_unique_gtdb_species
Otu1570	2	80854	known_strain	/net/sgi/cami/data/CAMI2/nwillassen_data/marine/simulation_short_read/genomes/MvHd15_S6_contigs.fasta	MvHd15 S6	mvhd15 s6	0		no_exact_source_name_match	0			assembly_summary_no_match
Otu2422	2	1386	known_strain	/net/sgi/cami/data/CAMI2/nwillassen_data/marine/simulation_short_read/genomes/Bacillus_safensis_strain_KCTC_12796BP_genomic.fasta	Bacillus safensis strain KCTC 12796BP	bacillus safensis kctc 12796bp	0		no_exact_source_name_match	0			assembly_summary_no_match
Otu2385	2157	54261	known_strain	/net/sgi/cami/data/CAMI2/nwillassen_data/marine/simulation_short_read/genomes/Ferroglobus_placidus_DSM_10642_genomic.fasta	Ferroglobus placidus DSM 10642	ferroglobus placidus dsm 10642	1	s__Ferroglobus placidus	exact_source_name_unique_gtdb_species	1	s__Ferroglobus placidus	GCF_000025505.1	assembly_summary_unique_gtdb_species
Otu1277	2	662	known_strain	/net/sgi/cami/data/CAMI2/nwillassen_data/marine/simulation_short_read/genomes/Vibrio_natriegens_NBRC_15636_ATCC_14048_DSM_759_genomic.fasta	Vibrio natriegens NBRC 15636 ATCC 14048 DSM 759	vibrio natriegens nbrc 15636 atcc 14048 dsm 759	0		no_exact_source_name_match	0			assembly_summary_no_match
Otu1270	2	212663	new_strain	/net/sgi/cami/data/CAMI2/nwillassen_data/marine/simulation_short_read/genomes/V-H1309-5I_S5_contigs.fasta	V-H1309-5I S5	v h1309 5i s5	0		no_exact_source_name_match	0			assembly_summary_no_match
Otu1677.0	202746	202747	known_strain	/net/sgi/cami/data/CAMI2/nwillassen_data/marine/simulation_short_read/genomes/Sulfurimonas_autotrophica_DSM_16294_genomic.fasta	Sulfurimonas autotrophica DSM 16294	sulfurimonas autotrophica dsm 16294	1	s__Sulfurimonas autotrophica	exact_source_name_unique_gtdb_species	1	s__Sulfurimonas autotrophica	GCF_000147355.1	assembly_summary_unique_gtdb_species
Otu1272	2	1723645	known_strain	/net/sgi/cami/data/CAMI2/nwillassen_data/marine/simulation_short_read/genomes/Rhodococcus_sp_008_genomic.fasta	Rhodococcus sp 008	rhodococcus sp 008	1	s__Rhodococcus_F qingshengii	exact_source_name_unique_gtdb_species	1	s__Rhodococcus_F qingshengii	GCF_001682295.1	assembly_summary_unique_gtdb_species
Otu1475	2157	2198	known_strain	/net/sgi/cami/data/CAMI2/nwillassen_data/marine/simulation_short_read/genomes/Methanoculleus_marisnigri_JR1_genomic.fasta	Methanoculleus marisnigri JR1	methanoculleus marisnigri jr1	1	s__Methanoculleus marisnigri	exact_source_name_unique_gtdb_species	1	s__Methanoculleus marisnigri	GCF_000015825.1	assembly_summary_unique_gtdb_species
Otu498	2	1282	new_strain	/net/sgi/cami/data/CAMI2/nwillassen_data/marine/simulation_short_read/genomes/TiE_S11_contigs.fasta	TiE S11	tie s11	0		no_exact_source_name_match	1	s__Staphylococcus epidermidis	GCF_016809365.1	assembly_summary_unique_gtdb_species
Otu1986.0	72275	1033846	known_strain	/net/sgi/cami/data/CAMI2/nwillassen_data/marine/simulation_short_read/genomes/Marinobacter_adhaerens_HP15_genomic.fasta	Marinobacter adhaerens HP15	marinobacter adhaerens hp15	1	s__Marinobacter adhaerens	exact_source_name_unique_gtdb_species	1	s__Marinobacter adhaerens	GCF_000166295.1,GCF_018972165.1	assembly_summary_unique_gtdb_species
Otu39.0	194924	879567	known_strain	/net/sgi/cami/data/CAMI2/nwillassen_data/marine/simulation_short_read/genomes/Desulfovibrio_piezophilus_strain_C1TLV30_genomic.fasta	Desulfovibrio piezophilus strain C1TLV30	desulfovibrio piezophilus c1tlv30	0		no_exact_source_name_match	1	s__Pseudodesulfovibrio piezophilus	GCF_000341895.1	assembly_summary_unique_gtdb_species
Otu196	2157	2234	known_strain	/net/sgi/cami/data/CAMI2/nwillassen_data/marine/simulation_short_read/genomes/Archaeoglobus_fulgidus_DSM_8774_genomic.fasta	Archaeoglobus fulgidus DSM 8774	archaeoglobus fulgidus dsm 8774	1	s__Archaeoglobus fulgidus	exact_source_name_unique_gtdb_species	1	s__Archaeoglobus fulgidus	GCF_000734035.1,GCF_900069765.1	assembly_summary_unique_gtdb_species
Otu255	2	62322	new_strain	/net/sgi/cami/data/CAMI2/nwillassen_data/marine/simulation_short_read/genomes/Shewanella_baltica_OS223_genomic.fasta	Shewanella baltica OS223	shewanella baltica os223	1	s__Shewanella baltica	exact_source_name_unique_gtdb_species	1	s__Shewanella baltica	GCF_000021665.1	assembly_summary_unique_gtdb_species
Otu13.0	34067	1329899	known_strain	/net/sgi/cami/data/CAMI2/nwillassen_data/marine/simulation_short_read/genomes/Cycloclasticus_zancles_78-ME_genomic.fasta	Cycloclasticus zancles 78-ME	cycloclasticus zancles 78 me	1	s__Cycloclasticus pugetii	exact_source_name_unique_gtdb_species	1	s__Cycloclasticus pugetii	GCF_000442595.1	assembly_summary_unique_gtdb_species
Otu2304	2157	39152	known_strain	/net/sgi/cami/data/CAMI2/nwillassen_data/marine/simulation_short_read/genomes/Methanococcus_maripaludis_S2_genomic.fasta	Methanococcus maripaludis S2	methanococcus maripaludis s2	1	s__Methanococcus maripaludis	exact_source_name_unique_gtdb_species	1	s__Methanococcus maripaludis	GCF_000011585.1	assembly_summary_unique_gtdb_species
Otu1930	2157	56636	known_strain	/net/sgi/cami/data/CAMI2/nwillassen_data/marine/simulation_short_read/genomes/Aeropyrum_pernix_K1_genomic.fasta	Aeropyrum pernix K1	aeropyrum pernix k1	1	s__Aeropyrum pernix	exact_source_name_unique_gtdb_species	1	s__Aeropyrum pernix	GCF_000011125.1	assembly_summary_unique_gtdb_species
Otu457.0	49546	111501	known_strain	/net/sgi/cami/data/CAMI2/nwillassen_data/marine/simulation_short_read/genomes/Muricauda_ruestringensis_DSM_13258_genomic.fasta	Muricauda ruestringensis DSM 13258	muricauda ruestringensis dsm 13258	0		no_exact_source_name_match	1	s__Flagellimonas ruestringensis	GCF_000224085.1	assembly_summary_unique_gtdb_species
Otu704	2157	1582439	known_strain	/net/sgi/cami/data/CAMI2/nwillassen_data/marine/simulation_short_read/genomes/Candidatus_Nitrosopumilus_sp_D3C_genomic.fasta	Candidatus Nitrosopumilus sp D3C	candidatus nitrosopumilus sp d3c	0		no_exact_source_name_match	1	s__Nitrosopumilus piranensis	GCF_000875775.1	assembly_summary_unique_gtdb_species
Otu130.0	194924	880	known_strain	/net/sgi/cami/data/CAMI2/nwillassen_data/marine/simulation_short_read/genomes/Desulfovibrio_salexigens_DSM_2638_genomic.fasta	Desulfovibrio salexigens DSM 2638	desulfovibrio salexigens dsm 2638	0		no_exact_source_name_match	1	s__Maridesulfovibrio salexigens	GCF_000023445.1	assembly_summary_unique_gtdb_species
Otu1101.0	1237	1238	known_strain	/net/sgi/cami/data/CAMI2/nwillassen_data/marine/simulation_short_read/genomes/Piscirickettsia_salmonis_strain_PM22180B_genomic.fasta	Piscirickettsia salmonis strain PM22180B	piscirickettsia salmonis pm22180b	0		no_exact_source_name_match	1	s__Piscirickettsia salmonis	GCF_001932895.1	assembly_summary_unique_gtdb_species
Otu429.0	49546	99286	new_strain	/net/sgi/cami/data/CAMI2/nwillassen_data/marine/simulation_short_read/genomes/R2A2_S5_contigs.fasta	R2A2 S5	r2a2 s5	0		no_exact_source_name_match	0			assembly_summary_no_match
Otu692	2	55601	new_strain	/net/sgi/cami/data/CAMI2/nwillassen_data/marine/simulation_short_read/genomes/Vibrio_anguillarum_775_genomic.fasta	Vibrio anguillarum 775	vibrio anguillarum 775	1	s__Vibrio anguillarum	exact_source_name_unique_gtdb_species	1	s__Vibrio anguillarum	GCF_000217675.1	assembly_summary_unique_gtdb_species
Otu794.0	31989	1458307	known_strain	/net/sgi/cami/data/CAMI2/nwillassen_data/marine/simulation_short_read/genomes/Octadecabacter_temperatus_strain_SB1_genomic.fasta	Octadecabacter temperatus strain SB1	octadecabacter temperatus sb1	0		no_exact_source_name_match	1	s__Octadecabacter temperatus	GCF_001187845.1	assembly_summary_unique_gtdb_species
Otu1836	2	228	new_strain	/net/sgi/cami/data/CAMI2/nwillassen_data/marine/simulation_short_read/genomes/S18_S5_contigs.fasta	S18 S5	s18 s5	0		no_exact_source_name_match	0			assembly_summary_no_match
Otu1832	2157	113653	known_strain	/net/sgi/cami/data/CAMI2/nwillassen_data/marine/simulation_short_read/genomes/Geoglobus_ahangari_strain_234_genomic.fasta	Geoglobus ahangari strain 234	geoglobus ahangari 234	0		no_exact_source_name_match	1	s__Geoglobus ahangari	GCF_001006045.1	assembly_summary_unique_gtdb_species
Otu997	2157	582419	known_strain	/net/sgi/cami/data/CAMI2/nwillassen_data/marine/simulation_short_read/genomes/Thermococcus_sp_ES1_genomic.fasta	Thermococcus sp ES1	thermococcus sp es1	0		no_exact_source_name_match	1	s__Thermococcus_B paralvinellae	GCF_000517445.1	assembly_summary_unique_gtdb_species
Otu2333	2	22	new_species	/net/sgi/cami/data/CAMI2/nwillassen_data/marine/simulation_short_read/genomes/Shewanella_sp_MR-7_genomic.fasta	Shewanella sp MR-7	shewanella sp mr 7	0		no_exact_source_name_match	0			assembly_summary_no_match
Otu2335	2	59610	known_strain	/net/sgi/cami/data/CAMI2/nwillassen_data/marine/simulation_short_read/genomes/Desulfotomaculum_reducens_MI-1_genomic.fasta	Desulfotomaculum reducens MI-1	desulfotomaculum reducens mi 1	0		no_exact_source_name_match	0			assembly_summary_no_match
Otu150.0	49546	49546	new_genus	/net/sgi/cami/data/CAMI2/nwillassen_data/marine/simulation_short_read/genomes/Titti27_S7_contigs.fasta	Titti27 S7	titti27 s7	0		no_exact_source_name_match	0			assembly_summary_no_match
Otu595.0	28256	1380358	new_strain	/net/sgi/cami/data/CAMI2/nwillassen_data/marine/simulation_short_read/genomes/Titti21_S1_contigs.fasta	Titti21 S1	titti21 s1	0		no_exact_source_name_match	0			assembly_summary_no_match
Otu2338	2157	379547	known_strain	/net/sgi/cami/data/CAMI2/nwillassen_data/marine/simulation_short_read/genomes/Aciduliprofundum_boonei_T469_genomic.fasta	Aciduliprofundum boonei T469	aciduliprofundum boonei t469	1	s__Aciduliprofundum boonei	exact_source_name_unique_gtdb_species	1	s__Aciduliprofundum boonei	GCF_000025665.1	assembly_summary_unique_gtdb_species
Otu854	2157	50339	known_strain	/net/sgi/cami/data/CAMI2/nwillassen_data/marine/simulation_short_read/genomes/Thermoplasma_volcanium_GSS1_genomic.fasta	Thermoplasma volcanium GSS1	thermoplasma volcanium gss1	1	s__Thermoplasma volcanium	exact_source_name_unique_gtdb_species	1	s__Thermoplasma volcanium	GCF_000011185.1	assembly_summary_unique_gtdb_species
Otu1483.1	31989	911045	known_strain	/net/sgi/cami/data/CAMI2/nwillassen_data/marine/simulation_short_read/genomes/Pseudovibrio_sp_FO-BEG1_genomic.fasta	Pseudovibrio sp FO-BEG1	pseudovibrio sp fo beg1	1	s__Pseudovibrio sp000156235	exact_source_name_unique_gtdb_species	1	s__Pseudovibrio sp000156235	GCF_000236645.1	assembly_summary_unique_gtdb_species
Otu1483.0	31989	42444	known_strain	/net/sgi/cami/data/CAMI2/nwillassen_data/marine/simulation_short_read/genomes/Marinovum_algicola_DG_898_genomic.fasta	Marinovum algicola DG 898	marinovum algicola dg 898	1	s__Marinovum algicola	exact_source_name_unique_gtdb_species	0			assembly_summary_no_match
Otu292.0	31989	2434	known_strain	/net/sgi/cami/data/CAMI2/nwillassen_data/marine/simulation_short_read/genomes/Roseobacter_denitrificans_OCh_114_genomic.fasta	Roseobacter denitrificans OCh 114	roseobacter denitrificans och 114	1	s__Roseobacter denitrificans	exact_source_name_unique_gtdb_species	1	s__Roseobacter denitrificans	GCF_000014045.1,GCF_900113215.1	assembly_summary_unique_gtdb_species
Otu1581	2	1476	new_strain	/net/sgi/cami/data/CAMI2/nwillassen_data/marine/simulation_short_read/genomes/Titti19_S6_contigs.fasta	Titti19 S6	titti19 s6	0		no_exact_source_name_match	0			assembly_summary_no_match
Otu1580	2157	2188	known_strain	/net/sgi/cami/data/CAMI2/nwillassen_data/marine/simulation_short_read/genomes/Methanococcus_voltae_A3_genomic.fasta	Methanococcus voltae A3	methanococcus voltae a3	0		no_exact_source_name_match	0			assembly_summary_no_match
Otu1704	2	1219	known_strain	/net/sgi/cami/data/CAMI2/nwillassen_data/marine/simulation_short_read/genomes/Prochlorococcus_marinus_str_MIT_9211_genomic.fasta	Prochlorococcus marinus str MIT 9211	prochlorococcus marinus mit 9211	1	s__Prochlorococcus_D marinus_B	exact_source_name_unique_gtdb_species	1	s__Prochlorococcus_D marinus_B	GCF_000018585.1	assembly_summary_unique_gtdb_species
Otu1585	2	55601	new_strain	/net/sgi/cami/data/CAMI2/nwillassen_data/marine/simulation_short_read/genomes/VO8_S14_contigs.fasta	VO8 S14	vo8 s14	0		no_exact_source_name_match	0			assembly_summary_no_match
Otu93	2	39960	known_strain	/net/sgi/cami/data/CAMI2/nwillassen_data/marine/simulation_short_read/genomes/Erythrobacter_litoralis_strain_DSM_8509_genomic.fasta	Erythrobacter litoralis strain DSM 8509	erythrobacter litoralis dsm 8509	0		no_exact_source_name_match	1	s__Erythrobacter litoralis	GCF_000714795.1,GCF_001719165.1	assembly_summary_unique_gtdb_species
Otu61.0	41295	1288970	known_strain	/net/sgi/cami/data/CAMI2/nwillassen_data/marine/simulation_short_read/genomes/Magnetospira_sp_QH-2_genomic.fasta	Magnetospira sp QH-2	magnetospira sp qh 2	1	s__Magnetospira sp000968135	exact_source_name_unique_gtdb_species	1	s__Magnetospira sp000968135	GCF_000968135.1	assembly_summary_unique_gtdb_species
Otu61.1	41295	168934	new_species	/net/sgi/cami/data/CAMI2/nwillassen_data/marine/simulation_short_read/genomes/Titti24_S4_contigs.fasta	Titti24 S4	titti24 s4	0		no_exact_source_name_match	0			assembly_summary_no_match
Otu2233.0	85023	399736	known_strain	/net/sgi/cami/data/CAMI2/nwillassen_data/marine/simulation_short_read/genomes/Agrococcus_jejuensis_strain_DSM_22002_genomic.fasta	Agrococcus jejuensis strain DSM 22002	agrococcus jejuensis dsm 22002	0		no_exact_source_name_match	1	s__Agrococcus jejuensis	GCF_900099705.1	assembly_summary_unique_gtdb_species
Otu1620	2	55601	new_strain	/net/sgi/cami/data/CAMI2/nwillassen_data/marine/simulation_short_read/genomes/Vibrio_anguillarum_NB10_genomic.fasta	Vibrio anguillarum NB10	vibrio anguillarum nb10	0		no_exact_source_name_match	1	s__Vibrio anguillarum	GCF_000786425.1	assembly_summary_unique_gtdb_species
Otu1621	2	1348	known_strain	/net/sgi/cami/data/CAMI2/nwillassen_data/marine/simulation_short_read/genomes/Streptococcus_parauberis_KCTC_11537_genomic.fasta	Streptococcus parauberis KCTC 11537	streptococcus parauberis kctc 11537	1	s__Streptococcus parauberis	exact_source_name_unique_gtdb_species	0			assembly_summary_no_match
Otu122.1	31989	1920883	known_strain	/net/sgi/cami/data/CAMI2/nwillassen_data/marine/simulation_short_read/genomes/Donghicola_sp_JLT3646_genomic.fasta	Donghicola sp JLT3646	donghicola sp jlt3646	0		no_exact_source_name_match	1	s__Marivivens geojensis	GCF_001908835.1	assembly_summary_unique_gtdb_species
Otu122.0	31989	159346	known_strain	/net/sgi/cami/data/CAMI2/nwillassen_data/marine/simulation_short_read/genomes/Roseibacterium_elongatum_DSM_19469_genomic.fasta	Roseibacterium elongatum DSM 19469	roseibacterium elongatum dsm 19469	0		no_exact_source_name_match	0			assembly_summary_no_match
Otu2206	2	1760	new_order	/net/sgi/cami/data/CAMI2/nwillassen_data/marine/simulation_short_read/genomes/AW19M33_S12_contigs.fasta	AW19M33 S12	aw19m33 s12	0		no_exact_source_name_match	0			assembly_summary_no_match
Otu1780	2	662	known_strain	/net/sgi/cami/data/CAMI2/nwillassen_data/marine/simulation_short_read/genomes/Vibrio_sp_Ex25_genomic.fasta	Vibrio sp Ex25	vibrio sp ex25	0		no_exact_source_name_match	0			assembly_summary_no_match
Otu2156	2	1219	known_strain	/net/sgi/cami/data/CAMI2/nwillassen_data/marine/simulation_short_read/genomes/Prochlorococcus_marinus_subsp_pastoris_str_CCMP1986_genomic.fasta	Prochlorococcus marinus subsp pastoris str CCMP1986	prochlorococcus marinus subsp pastoris ccmp1986	1	s__Prochlorococcus_A pastoris	exact_source_name_unique_gtdb_species	1	s__Prochlorococcus_A pastoris	GCF_000011465.1,GCF_047497115.1,GCF_047497125.1	assembly_summary_unique_gtdb_species
Otu2151	2	1238	known_strain	/net/sgi/cami/data/CAMI2/nwillassen_data/marine/simulation_short_read/genomes/Piscirickettsia_salmonis_strain_PM25344B_genomic.fasta	Piscirickettsia salmonis strain PM25344B	piscirickettsia salmonis pm25344b	0		no_exact_source_name_match	0			assembly_summary_no_match
Otu1784	2157	160233	known_strain	/net/sgi/cami/data/CAMI2/nwillassen_data/marine/simulation_short_read/genomes/Ignicoccus_hospitalis_KIN4_I_genomic.fasta	Ignicoccus hospitalis KIN4 I	ignicoccus hospitalis kin4 i	1	s__Ignicoccus hospitalis	exact_source_name_unique_gtdb_species	1	s__Ignicoccus hospitalis	GCF_000017945.1	assembly_summary_unique_gtdb_species
Otu2153	2	40214	new_strain	/net/sgi/cami/data/CAMI2/nwillassen_data/marine/simulation_short_read/genomes/GB02J46_S10_contigs.fasta	GB02J46 S10	gb02j46 s10	0		no_exact_source_name_match	0			assembly_summary_no_match
Otu1786	2	1374	known_strain	/net/sgi/cami/data/CAMI2/nwillassen_data/marine/simulation_short_read/genomes/Planococcus_kocurii_strain_ATCC_43650_genomic.fasta	Planococcus kocurii strain ATCC 43650	planococcus kocurii atcc 43650	0		no_exact_source_name_match	1	s__Planococcus kocurii	GCF_001465835.2	assembly_summary_unique_gtdb_species
Otu1469.1	31989	60890	known_strain	/net/sgi/cami/data/CAMI2/nwillassen_data/marine/simulation_short_read/genomes/Phaeobacter_gallaeciensis_strain_JL2886_genomic.fasta	Phaeobacter gallaeciensis strain JL2886	phaeobacter gallaeciensis jl2886	0		no_exact_source_name_match	1	s__Phycobacter gallaeciensis_A	GCF_001678945.1	assembly_summary_unique_gtdb_species
Otu1469.0	31989	1850250	known_strain	/net/sgi/cami/data/CAMI2/nwillassen_data/marine/simulation_short_read/genomes/Rhodobacter_sp_LPB0142_genomic.fasta	Rhodobacter sp LPB0142	rhodobacter sp lpb0142	0		no_exact_source_name_match	1	s__Rhodobacter xanthinilyticus	GCF_001856665.1	assembly_summary_unique_gtdb_species
Otu1057	2	80854	known_strain	/net/sgi/cami/data/CAMI2/nwillassen_data/marine/simulation_short_read/genomes/Moritella_viscosa_06_09_139_genomic.fasta	Moritella viscosa 06 09 139	moritella viscosa 06 09 139	0		no_exact_source_name_match	0			assembly_summary_no_match
Otu405.0	1237	1238	known_strain	/net/sgi/cami/data/CAMI2/nwillassen_data/marine/simulation_short_read/genomes/Piscirickettsia_salmonis_strain_AY6297B_genomic.fasta	Piscirickettsia salmonis strain AY6297B	piscirickettsia salmonis ay6297b	0		no_exact_source_name_match	1	s__Piscirickettsia salmonis	GCF_001932855.1	assembly_summary_unique_gtdb_species
Otu360	2	55601	new_strain	/net/sgi/cami/data/CAMI2/nwillassen_data/marine/simulation_short_read/genomes/VO4_S11_contigs.fasta	VO4 S11	vo4 s11	0		no_exact_source_name_match	0			assembly_summary_no_match
Otu536	2	662	known_strain	/net/sgi/cami/data/CAMI2/nwillassen_data/marine/simulation_short_read/genomes/V34_S3_contigs.fasta	V34 S3	v34 s3	0		no_exact_source_name_match	0			assembly_summary_no_match
Otu1191	2	1462	known_strain	/net/sgi/cami/data/CAMI2/nwillassen_data/marine/simulation_short_read/genomes/Geobacillus_kaustophilus_HTA426_genomic.fasta	Geobacillus kaustophilus HTA426	geobacillus kaustophilus hta426	1	s__Geobacillus thermoleovorans	exact_source_name_unique_gtdb_species	1	s__Geobacillus thermoleovorans	GCF_000009785.1	assembly_summary_unique_gtdb_species
Otu532	2	161398	known_strain	/net/sgi/cami/data/CAMI2/nwillassen_data/marine/simulation_short_read/genomes/Pseudoalteromonas_phenolica_strain_KCTC_12086_genomic.fasta	Pseudoalteromonas phenolica strain KCTC 12086	pseudoalteromonas phenolica kctc 12086	0		no_exact_source_name_match	1	s__Pseudoalteromonas phenolica	GCF_001444405.1	assembly_summary_unique_gtdb_species
Otu1193	2	64160	known_strain	/net/sgi/cami/data/CAMI2/nwillassen_data/marine/simulation_short_read/genomes/Desulfurobacterium_thermolithotrophum_DSM_11699_genomic.fasta	Desulfurobacterium thermolithotrophum DSM 11699	desulfurobacterium thermolithotrophum dsm 11699	1	s__Desulfurobacterium thermolithotrophum	exact_source_name_unique_gtdb_species	1	s__Desulfurobacterium thermolithotrophum	GCF_000191045.1	assembly_summary_unique_gtdb_species
Otu1297	2	645517	known_strain	/net/sgi/cami/data/CAMI2/nwillassen_data/marine/simulation_short_read/genomes/Altererythrobacter_namhicola_strain_JCM_16345_genomic.fasta	Altererythrobacter namhicola strain JCM 16345	altererythrobacter namhicola jcm 16345	0		no_exact_source_name_match	1	s__Paraurantiacibacter namhicola	GCF_001687545.1	assembly_summary_unique_gtdb_species
Otu2268	2	60478	known_strain	/net/sgi/cami/data/CAMI2/nwillassen_data/marine/simulation_short_read/genomes/Shewanella_amazonensis_SB2B_genomic.fasta	Shewanella amazonensis SB2B	shewanella amazonensis sb2b	1	s__Shewanella amazonensis	exact_source_name_unique_gtdb_species	1	s__Shewanella amazonensis	GCF_000015245.1	assembly_summary_unique_gtdb_species
Otu1358	2	33	known_strain	/net/sgi/cami/data/CAMI2/nwillassen_data/marine/simulation_short_read/genomes/Myxococcus_fulvus_HW-1_genomic.fasta	Myxococcus fulvus HW-1	myxococcus fulvus hw 1	0		no_exact_source_name_match	0			assembly_summary_no_match
Otu75.0	44011	44012	known_strain	/net/sgi/cami/data/CAMI2/nwillassen_data/marine/simulation_short_read/genomes/Ferrimonas_balearica_DSM_9799_genomic.fasta	Ferrimonas balearica DSM 9799	ferrimonas balearica dsm 9799	1	s__Ferrimonas balearica	exact_source_name_unique_gtdb_species	1	s__Ferrimonas balearica	GCF_000148645.1	assembly_summary_unique_gtdb_species
Otu1233.0	49546	76831	known_strain	/net/sgi/cami/data/CAMI2/nwillassen_data/marine/simulation_short_read/genomes/Myroides_profundi_D25_genomic.fasta	Myroides profundi D25	myroides profundi d25	0		no_exact_source_name_match	0			assembly_summary_no_match
Otu499	2157	13773	known_strain	/net/sgi/cami/data/CAMI2/nwillassen_data/marine/simulation_short_read/genomes/Pyrobaculum_aerophilum_str_IM2_genomic.fasta	Pyrobaculum aerophilum str IM2	pyrobaculum aerophilum im2	1	s__Pyrobaculum aerophilum	exact_source_name_unique_gtdb_species	1	s__Pyrobaculum aerophilum	GCF_000007225.1	assembly_summary_unique_gtdb_species
Otu2299.0	85023	912630	known_strain	/net/sgi/cami/data/CAMI2/nwillassen_data/marine/simulation_short_read/genomes/Microbacterium_sp_LKL04_genomic.fasta	Microbacterium sp LKL04	microbacterium sp lkl04	1	s__Microbacterium sp900102005	exact_source_name_unique_gtdb_species	1	s__Microbacterium sp900102005	GCF_900102005.1	assembly_summary_unique_gtdb_species
Otu327	2157	1042877	known_strain	/net/sgi/cami/data/CAMI2/nwillassen_data/marine/simulation_short_read/genomes/Thermococcus_sp_4557_genomic.fasta	Thermococcus sp 4557	thermococcus sp 4557	1	s__Thermococcus sp000221185	exact_source_name_unique_gtdb_species	1	s__Thermococcus sp000221185	GCF_000221185.1	assembly_summary_unique_gtdb_species
Otu643.0	49546	313590	known_strain	/net/sgi/cami/data/CAMI2/nwillassen_data/marine/simulation_short_read/genomes/Dokdonia_sp_MED134_genomic.fasta	Dokdonia sp MED134	dokdonia sp med134	1	s__Dokdonia sp947496725	exact_source_name_unique_gtdb_species	1	s__Dokdonia sp947496725	GCF_000152925.2	assembly_summary_unique_gtdb_species
Otu1267.0	252356	313603	known_strain	/net/sgi/cami/data/CAMI2/nwillassen_data/marine/simulation_short_read/genomes/Maribacter_sp_HTCC2170_genomic.fasta	Maribacter sp HTCC2170	maribacter sp htcc2170	1	s__Maribacter_A sp000153165	exact_source_name_unique_gtdb_species	1	s__Maribacter_A sp000153165	GCF_000153165.2	assembly_summary_unique_gtdb_species
Otu1657	2	33994	known_strain	/net/sgi/cami/data/CAMI2/nwillassen_data/marine/simulation_short_read/genomes/Neorickettsia_helminthoeca_str_Oregon_genomic.fasta	Neorickettsia helminthoeca str Oregon	neorickettsia helminthoeca oregon	1	s__Neorickettsia helminthoeca	exact_source_name_unique_gtdb_species	1	s__Neorickettsia helminthoeca	GCF_000632985.1	assembly_summary_unique_gtdb_species
Otu1656	2157	29292	known_strain	/net/sgi/cami/data/CAMI2/nwillassen_data/marine/simulation_short_read/genomes/Pyrococcus_abyssi_GE5_genomic.fasta	Pyrococcus abyssi GE5	pyrococcus abyssi ge5	1	s__Pyrococcus abyssi	exact_source_name_unique_gtdb_species	1	s__Pyrococcus abyssi	GCF_000195935.2	assembly_summary_unique_gtdb_species
Otu1227	2	129337	known_strain	/net/sgi/cami/data/CAMI2/nwillassen_data/marine/simulation_short_read/genomes/Geobacillus_sp_12AMOR1_genomic.fasta	Geobacillus sp 12AMOR1	geobacillus sp 12amor1	0		no_exact_source_name_match	0			assembly_summary_no_match
Otu1650	2	1238	known_strain	/net/sgi/cami/data/CAMI2/nwillassen_data/marine/simulation_short_read/genomes/Piscirickettsia_salmonis_strain_AY3800B_genomic.fasta	Piscirickettsia salmonis strain AY3800B	piscirickettsia salmonis ay3800b	0		no_exact_source_name_match	1	s__Piscirickettsia salmonis	GCF_001746795.1	assembly_summary_unique_gtdb_species
Otu1719	2	39765	known_strain	/net/sgi/cami/data/CAMI2/nwillassen_data/marine/simulation_short_read/genomes/Thiomicrospira_crunogena_XCL-2_genomic.fasta	Thiomicrospira crunogena XCL-2	thiomicrospira crunogena xcl 2	0		no_exact_source_name_match	0			assembly_summary_no_match
Otu1548.1	31989	1063	new_strain	/net/sgi/cami/data/CAMI2/nwillassen_data/marine/simulation_short_read/genomes/Rhodobacter_sphaeroides_strain_MBTLJ-13_genomic.fasta	Rhodobacter sphaeroides strain MBTLJ-13	rhodobacter sphaeroides mbtlj 13	0		no_exact_source_name_match	1	s__Cereibacter_A sphaeroides	GCF_001576595.1,GCF_001685625.1,GCF_002706325.1	assembly_summary_unique_gtdb_species
Otu2027	2	118000	known_strain	/net/sgi/cami/data/CAMI2/nwillassen_data/marine/simulation_short_read/genomes/Denitrovibrio_acetiphilus_DSM_12809_genomic.fasta	Denitrovibrio acetiphilus DSM 12809	denitrovibrio acetiphilus dsm 12809	1	s__Denitrovibrio acetiphilus	exact_source_name_unique_gtdb_species	1	s__Denitrovibrio acetiphilus	GCF_000025725.1	assembly_summary_unique_gtdb_species
Otu1658	2157	84599	known_strain	/net/sgi/cami/data/CAMI2/nwillassen_data/marine/simulation_short_read/genomes/Staphylothermus_hellenicus_DSM_12710_genomic.fasta	Staphylothermus hellenicus DSM 12710	staphylothermus hellenicus dsm 12710	1	s__Staphylothermus hellenicus	exact_source_name_unique_gtdb_species	1	s__Staphylothermus hellenicus	GCF_000092465.1	assembly_summary_unique_gtdb_species
Otu67.0	1046	1229	known_strain	/net/sgi/cami/data/CAMI2/nwillassen_data/marine/simulation_short_read/genomes/Nitrosococcus_oceani_ATCC_19707_genomic.fasta	Nitrosococcus oceani ATCC 19707	nitrosococcus oceani atcc 19707	1	s__Nitrosococcus oceani	exact_source_name_unique_gtdb_species	1	s__Nitrosococcus oceani	GCF_000012805.1	assembly_summary_unique_gtdb_species
Otu1746	2	1612551	known_strain	/net/sgi/cami/data/CAMI2/nwillassen_data/marine/simulation_short_read/genomes/Actinoalloteichus_sp_GBA129-24_genomic.fasta	Actinoalloteichus sp GBA129-24	actinoalloteichus sp gba129 24	1	s__Actinoalloteichus_A fjordicus	exact_source_name_unique_gtdb_species	1	s__Actinoalloteichus_A fjordicus	GCF_001941645.1	assembly_summary_unique_gtdb_species
Otu2025.0	89373	651143	known_strain	/net/sgi/cami/data/CAMI2/nwillassen_data/marine/simulation_short_read/genomes/Fibrella_aestuarina_strain_BUZ_2_genomic.fasta	Fibrella aestuarina strain BUZ 2	fibrella aestuarina buz 2	1	s__Fibrella aestuarina	exact_source_name_unique_gtdb_species	1	s__Fibrella aestuarina	GCF_000331105.1	assembly_summary_unique_gtdb_species
Otu1127	2	662	known_strain	/net/sgi/cami/data/CAMI2/nwillassen_data/marine/simulation_short_read/genomes/V-H1309-2-4_S3_contigs.fasta	V-H1309-2-4 S3	v h1309 2 4 s3	0		no_exact_source_name_match	0			assembly_summary_no_match
Otu1126	2	1248727	known_strain	/net/sgi/cami/data/CAMI2/nwillassen_data/marine/simulation_short_read/genomes/endosymbiont_of_unidentified_scaly_snail_isolate_Monju_genomic.fasta	endosymbiont of unidentified scaly snail isolate Monju	endosymbiont of unidentified scaly snail isolate monju	1	s__MONJU sp000801295	exact_source_name_unique_gtdb_species	1	s__MONJU sp000801295	GCF_000801295.1	assembly_summary_unique_gtdb_species
Otu2362.0	563843	146919	known_strain	/net/sgi/cami/data/CAMI2/nwillassen_data/marine/simulation_short_read/genomes/Salinibacter_ruber_M8_genomic.fasta	Salinibacter ruber M8	salinibacter ruber m8	1	s__Salinibacter ruber	exact_source_name_unique_gtdb_species	1	s__Salinibacter ruber	GCF_000090405.2	assembly_summary_unique_gtdb_species
Otu833	2157	1229909	known_strain	/net/sgi/cami/data/CAMI2/nwillassen_data/marine/simulation_short_read/genomes/Candidatus_Nitrosopumilus_sp_AR2_genomic.fasta	Candidatus Nitrosopumilus sp AR2	candidatus nitrosopumilus sp ar2	0		no_exact_source_name_match	1	s__Nitrosopumilus sediminis	GCF_000299395.1	assembly_summary_unique_gtdb_species
Otu927	2	1660251	known_strain	/net/sgi/cami/data/CAMI2/nwillassen_data/marine/simulation_short_read/genomes/Acidobacteria_bacterium_Mor1_genomic.fasta	Acidobacteria bacterium Mor1	acidobacteria bacterium mor1	1	s__Mor1 sp001664505	exact_source_name_unique_gtdb_species	0			assembly_summary_no_match
Otu662	2	573570	known_strain	/net/sgi/cami/data/CAMI2/nwillassen_data/marine/simulation_short_read/genomes/Francisella_sp_TX077310_genomic.fasta	Francisella sp TX077310	francisella sp tx077310	0		no_exact_source_name_match	0			assembly_summary_no_match
Otu1016.0	666508	547188	known_strain	/net/sgi/cami/data/CAMI2/nwillassen_data/marine/simulation_short_read/genomes/Phycisphaera_mikurensis_NBRC_102666_genomic.fasta	Phycisphaera mikurensis NBRC 102666	phycisphaera mikurensis nbrc 102666	9	s__BJHL01 sp022843045,s__BJHL01 sp040378885,s__Niveispirillum sp001296005,s__Phycisphaera mikurensis,s__UBA2396 sp943369765,s__UBA966 sp945870475,s__UBA966 sp945877905,s__UBA966 sp945878575,s__UBA966 sp945890745	exact_source_name_ambiguous_gtdb_species	1	s__Phycisphaera mikurensis	GCF_000284115.1	assembly_summary_unique_gtdb_species
Otu923	2	670	known_strain	/net/sgi/cami/data/CAMI2/nwillassen_data/marine/simulation_short_read/genomes/Vibrio_parahaemolyticus_UCM-V493_genomic.fasta	Vibrio parahaemolyticus UCM-V493	vibrio parahaemolyticus ucm v493	1	s__Vibrio parahaemolyticus	exact_source_name_unique_gtdb_species	1	s__Vibrio parahaemolyticus	GCF_000568495.1	assembly_summary_unique_gtdb_species
Otu769	2	80852	new_strain	/net/sgi/cami/data/CAMI2/nwillassen_data/marine/simulation_short_read/genomes/Vw130426_S9_contigs.fasta	Vw130426 S9	vw130426 s9	0		no_exact_source_name_match	0			assembly_summary_no_match
Otu920	2	222136	known_strain	/net/sgi/cami/data/CAMI2/nwillassen_data/marine/simulation_short_read/genomes/Helicobacter_sp_MIT_01-6242_genomic.fasta	Helicobacter sp MIT 01-6242	helicobacter sp mit 01 6242	0		no_exact_source_name_match	1	s__Helicobacter_G enhydrae	GCF_001693335.1	assembly_summary_unique_gtdb_species
Otu37.0	200667	1191459	known_strain	/net/sgi/cami/data/CAMI2/nwillassen_data/marine/simulation_short_read/genomes/Flammeovirga_sp_MY04_genomic.fasta	Flammeovirga sp MY04	flammeovirga sp my04	1	s__Flammeovirga yaeyamensis	exact_source_name_unique_gtdb_species	1	s__Flammeovirga yaeyamensis	GCF_001682195.2	assembly_summary_unique_gtdb_species
Otu393.0	80864	192843	known_strain	/net/sgi/cami/data/CAMI2/nwillassen_data/marine/simulation_short_read/genomes/Rhodoferax_ferrireducens_T118_genomic.fasta	Rhodoferax ferrireducens T118	rhodoferax ferrireducens t118	1	s__Rhodoferax ferrireducens	exact_source_name_unique_gtdb_species	1	s__Rhodoferax ferrireducens	GCF_000013605.1	assembly_summary_unique_gtdb_species
Otu1433	2	2014	known_strain	/net/sgi/cami/data/CAMI2/nwillassen_data/marine/simulation_short_read/genomes/Nocardiopsis_dassonvillei_strain_NOCA502F_genomic.fasta	Nocardiopsis dassonvillei strain NOCA502F	nocardiopsis dassonvillei noca502f	0		no_exact_source_name_match	1	s__Nocardiopsis dassonvillei	GCF_001877055.1	assembly_summary_unique_gtdb_species
Otu391	2	1760	new_order	/net/sgi/cami/data/CAMI2/nwillassen_data/marine/simulation_short_read/genomes/Titti15_S2_contigs.fasta	Titti15 S2	titti15 s2	0		no_exact_source_name_match	0			assembly_summary_no_match
Otu1431	2157	58290	known_strain	/net/sgi/cami/data/CAMI2/nwillassen_data/marine/simulation_short_read/genomes/Archaeoglobus_veneficus_SNP6_genomic.fasta	Archaeoglobus veneficus SNP6	archaeoglobus veneficus snp6	1	s__Archaeoglobus_C veneficus	exact_source_name_unique_gtdb_species	1	s__Archaeoglobus_C veneficus	GCF_000194625.1	assembly_summary_unique_gtdb_species
Otu1430	2	286	new_species	/net/sgi/cami/data/CAMI2/nwillassen_data/marine/simulation_short_read/genomes/S19_S6_contigs.fasta	S19 S6	s19 s6	0		no_exact_source_name_match	0			assembly_summary_no_match
Otu881.0	72294	201	known_strain	/net/sgi/cami/data/CAMI2/nwillassen_data/marine/simulation_short_read/genomes/Campylobacter_lari_strain_Slaughter_Beach_genomic.fasta	Campylobacter lari strain Slaughter Beach	campylobacter lari slaughter beach	0		no_exact_source_name_match	1	s__Campylobacter_D lari_C	GCF_001017575.1	assembly_summary_unique_gtdb_species
Otu1653	2157	293091	known_strain	/net/sgi/cami/data/CAMI2/nwillassen_data/marine/simulation_short_read/genomes/Haloquadratum_walsbyi_DSM_16790_genomic.fasta	Haloquadratum walsbyi DSM 16790	haloquadratum walsbyi dsm 16790	1	s__Haloquadratum walsbyi	exact_source_name_unique_gtdb_species	1	s__Haloquadratum walsbyi	GCF_000009185.1	assembly_summary_unique_gtdb_species
Otu398	2157	2261	known_strain	/net/sgi/cami/data/CAMI2/nwillassen_data/marine/simulation_short_read/genomes/Pyrococcus_furiosus_DSM_3638_genomic.fasta	Pyrococcus furiosus DSM 3638	pyrococcus furiosus dsm 3638	1	s__Pyrococcus furiosus	exact_source_name_unique_gtdb_species	1	s__Pyrococcus furiosus	GCF_000007305.1,GCF_008245085.1	assembly_summary_unique_gtdb_species
Otu46	2157	1007084	known_strain	/net/sgi/cami/data/CAMI2/nwillassen_data/marine/simulation_short_read/genomes/Candidatus_Nitrosoarchaeum_limnia_SFB1_genomic.fasta	Candidatus Nitrosoarchaeum limnia SFB1	candidatus nitrosoarchaeum limnia sfb1	0		no_exact_source_name_match	0			assembly_summary_no_match
Otu35.0	403	421	known_strain	/net/sgi/cami/data/CAMI2/nwillassen_data/marine/simulation_short_read/genomes/Methylomonas_methanica_MC09_genomic.fasta	Methylomonas methanica MC09	methylomonas methanica mc09	1	s__Methylomonas methanica_B	exact_source_name_unique_gtdb_species	1	s__Methylomonas methanica_B	GCF_000214665.1	assembly_summary_unique_gtdb_species
Otu1536	2	1219	known_strain	/net/sgi/cami/data/CAMI2/nwillassen_data/marine/simulation_short_read/genomes/Prochlorococcus_marinus_str_NATL1A_genomic.fasta	Prochlorococcus marinus str NATL1A	prochlorococcus marinus natl1a	1	s__Prochlorococcus_B marinus_B	exact_source_name_unique_gtdb_species	1	s__Prochlorococcus_B marinus_B	GCF_000015685.1	assembly_summary_unique_gtdb_species
Otu1534	2	2336	new_strain	/net/sgi/cami/data/CAMI2/nwillassen_data/marine/simulation_short_read/genomes/Thermotoga_maritima_strain_Tma100_genomic.fasta	Thermotoga maritima strain Tma100	thermotoga maritima tma100	0		no_exact_source_name_match	1	s__Thermotoga maritima	GCF_000978575.1	assembly_summary_unique_gtdb_species
Otu506.0	32033	1896164	known_strain	/net/sgi/cami/data/CAMI2/nwillassen_data/marine/simulation_short_read/genomes/Luteimonas_sp_JM171_genomic.fasta	Luteimonas sp JM171	luteimonas sp jm171	1	s__Luteimonas sp001717465	exact_source_name_unique_gtdb_species	1	s__Luteimonas sp001717465	GCF_001717465.2	assembly_summary_unique_gtdb_species
Otu1010	2	190893	known_strain	/net/sgi/cami/data/CAMI2/nwillassen_data/marine/simulation_short_read/genomes/Vibrio_coralliilyticus_strain_58_genomic.fasta	Vibrio coralliilyticus strain 58	vibrio coralliilyticus 58	0		no_exact_source_name_match	1	s__Vibrio coralliilyticus	GCF_001693615.1	assembly_summary_unique_gtdb_species
Otu1123	2	29494	known_strain	/net/sgi/cami/data/CAMI2/nwillassen_data/marine/simulation_short_read/genomes/Vibrio_furnissii_NCTC_11218_genomic.fasta	Vibrio furnissii NCTC 11218	vibrio furnissii nctc 11218	1	s__Vibrio furnissii	exact_source_name_unique_gtdb_species	1	s__Vibrio furnissii	GCF_000184325.1	assembly_summary_unique_gtdb_species
Otu2225.0	72275	589873	known_strain	/net/sgi/cami/data/CAMI2/nwillassen_data/marine/simulation_short_read/genomes/Alteromonas_australica_H_17_genomic.fasta	Alteromonas australica H 17	alteromonas australica h 17	0		no_exact_source_name_match	1	s__Alteromonas australica	GCF_000730385.1	assembly_summary_unique_gtdb_species
Otu1913	2157	54259	known_strain	/net/sgi/cami/data/CAMI2/nwillassen_data/marine/simulation_short_read/genomes/Ignicoccus_islandicus_DSM_13165_genomic.fasta	Ignicoccus islandicus DSM 13165	ignicoccus islandicus dsm 13165	1	s__Ignicoccus islandicus	exact_source_name_unique_gtdb_species	1	s__Ignicoccus islandicus	GCF_001481685.1	assembly_summary_unique_gtdb_species
Otu717	2157	1183377	known_strain	/net/sgi/cami/data/CAMI2/nwillassen_data/marine/simulation_short_read/genomes/Pyrococcus_sp_ST04_genomic.fasta	Pyrococcus sp ST04	pyrococcus sp st04	1	s__Pyrococcus sp000263735	exact_source_name_unique_gtdb_species	1	s__Pyrococcus sp000263735	GCF_000263735.1	assembly_summary_unique_gtdb_species
Otu169.0	49546	59600	known_strain	/net/sgi/cami/data/CAMI2/nwillassen_data/marine/simulation_short_read/genomes/Cellulophaga_algicola_DSM_14237_genomic.fasta	Cellulophaga algicola DSM 14237	cellulophaga algicola dsm 14237	1	s__Cellulophaga algicola	exact_source_name_unique_gtdb_species	1	s__Cellulophaga algicola	GCF_000186265.1	assembly_summary_unique_gtdb_species
Otu169.1	49546	1336795	known_strain	/net/sgi/cami/data/CAMI2/nwillassen_data/marine/simulation_short_read/genomes/Formosa_sp_Hel3_A1_48_genomic.fasta	Formosa sp Hel3 A1 48	formosa sp hel3 a1 48	2	s__UBA3537 sp001735715,s__UBA3537 sp947503105	exact_source_name_ambiguous_gtdb_species	1	s__UBA3537 sp001735715	GCF_001735715.1	assembly_summary_unique_gtdb_species
Otu2227.0	49546	104267	new_species	/net/sgi/cami/data/CAMI2/nwillassen_data/marine/simulation_short_read/genomes/T-2016-70-F4-1_S12_contigs.fasta	T-2016-70-F4-1 S12	t 2016 70 f4 1 s12	0		no_exact_source_name_match	0			assembly_summary_no_match
Otu2433.0	72275	1526571	known_strain	/net/sgi/cami/data/CAMI2/nwillassen_data/marine/simulation_short_read/genomes/Lacimicrobium_alkaliphilum_strain_KCTC_32984_genomic.fasta	Lacimicrobium alkaliphilum strain KCTC 32984	lacimicrobium alkaliphilum kctc 32984	0		no_exact_source_name_match	0			assembly_summary_no_match
Otu1871	2	767892	known_strain	/net/sgi/cami/data/CAMI2/nwillassen_data/marine/simulation_short_read/genomes/Candidatus_Puniceispirillum_marinum_IMCC1322_genomic.fasta	Candidatus Puniceispirillum marinum IMCC1322	candidatus puniceispirillum marinum imcc1322	1	s__Puniceispirillum marinum	exact_source_name_unique_gtdb_species	1	s__Puniceispirillum marinum	GCF_000024465.1	assembly_summary_unique_gtdb_species
Otu1870	2	1238	known_strain	/net/sgi/cami/data/CAMI2/nwillassen_data/marine/simulation_short_read/genomes/Piscirickettsia_salmonis_strain_AY6492A_genomic.fasta	Piscirickettsia salmonis strain AY6492A	piscirickettsia salmonis ay6492a	0		no_exact_source_name_match	1	s__Piscirickettsia salmonis	GCF_001932595.1	assembly_summary_unique_gtdb_species
Otu185.0	28228	28229	known_strain	/net/sgi/cami/data/CAMI2/nwillassen_data/marine/simulation_short_read/genomes/Colwellia_psychrerythraea_34H_genomic.fasta	Colwellia psychrerythraea 34H	colwellia psychrerythraea 34h	1	s__Colwellia psychrerythraea_A	exact_source_name_unique_gtdb_species	1	s__Colwellia psychrerythraea_A	GCF_000012325.1	assembly_summary_unique_gtdb_species
Otu1876	2	294	new_strain	/net/sgi/cami/data/CAMI2/nwillassen_data/marine/simulation_short_read/genomes/MC8_S4_contigs.fasta	MC8 S4	mc8 s4	0		no_exact_source_name_match	0			assembly_summary_no_match
Otu1179.1	72275	226	known_strain	/net/sgi/cami/data/CAMI2/nwillassen_data/marine/simulation_short_read/genomes/Alteromonas_stellipolaris_strain_PQQ-44_genomic.fasta	Alteromonas stellipolaris strain PQQ-44	alteromonas stellipolaris pqq 44	0		no_exact_source_name_match	0			assembly_summary_no_match
Otu1179.0	72275	314275	known_strain	/net/sgi/cami/data/CAMI2/nwillassen_data/marine/simulation_short_read/genomes/Alteromonas_macleodii_AltDE1_genomic.fasta	Alteromonas macleodii AltDE1	alteromonas macleodii altde1	0		no_exact_source_name_match	1	s__Alteromonas mediterranea	GCF_000310085.1	assembly_summary_unique_gtdb_species
Otu1970	2	40269	new_strain	/net/sgi/cami/data/CAMI2/nwillassen_data/marine/simulation_short_read/genomes/A22_S22_contigs.fasta	A22 S22	a22 s22	0		no_exact_source_name_match	0			assembly_summary_no_match
Otu889.0	49546	52959	known_strain	/net/sgi/cami/data/CAMI2/nwillassen_data/marine/simulation_short_read/genomes/Polaribacter_sp_Hel1_33_78_genomic.fasta	Polaribacter sp Hel1 33 78	polaribacter sp hel1 33 78	0		no_exact_source_name_match	0			assembly_summary_no_match
Otu1129	2	86304	known_strain	/net/sgi/cami/data/CAMI2/nwillassen_data/marine/simulation_short_read/genomes/Saccharophagus_degradans_2-40_genomic.fasta	Saccharophagus degradans 2-40	saccharophagus degradans 2 40	1	s__Saccharophagus degradans	exact_source_name_unique_gtdb_species	1	s__Saccharophagus degradans	GCF_000013665.1	assembly_summary_unique_gtdb_species
Otu1224	2157	35746	known_strain	/net/sgi/cami/data/CAMI2/nwillassen_data/marine/simulation_short_read/genomes/Haloferax_gibbonsii_strain_ARA6_genomic.fasta	Haloferax gibbonsii strain ARA6	haloferax gibbonsii ara6	0		no_exact_source_name_match	1	s__Haloferax gibbonsii	GCF_001190965.1	assembly_summary_unique_gtdb_species
Otu1225	2	62322	new_strain	/net/sgi/cami/data/CAMI2/nwillassen_data/marine/simulation_short_read/genomes/MC4_S2_contigs.fasta	MC4 S2	mc4 s2	0		no_exact_source_name_match	0			assembly_summary_no_match
Otu1221	2	585423	known_strain	/net/sgi/cami/data/CAMI2/nwillassen_data/marine/simulation_short_read/genomes/Synechococcus_sp_KORDI-49_genomic.fasta	Synechococcus sp KORDI-49	synechococcus sp kordi 49	1	s__Parasynechococcus sp000737575	exact_source_name_unique_gtdb_species	1	s__Parasynechococcus sp000737575	GCF_000737575.1	assembly_summary_unique_gtdb_species
Otu895.0	41297	1634516	known_strain	/net/sgi/cami/data/CAMI2/nwillassen_data/marine/simulation_short_read/genomes/Citromicrobium_sp_JL477_genomic.fasta	Citromicrobium sp JL477	citromicrobium sp jl477	1	s__Alteriqipengyuania bathyomarina	exact_source_name_unique_gtdb_species	1	s__Alteriqipengyuania bathyomarina	GCF_001304795.1	assembly_summary_unique_gtdb_species
Otu895.1	41297	1913578	known_strain	/net/sgi/cami/data/CAMI2/nwillassen_data/marine/simulation_short_read/genomes/Sphingopyxis_sp_LPB0140_genomic.fasta	Sphingopyxis sp LPB0140	sphingopyxis sp lpb0140	0		no_exact_source_name_match	1	s__Sphingorhabdus_B lutea	GCF_001889025.1	assembly_summary_unique_gtdb_species
Otu1381	2157	246969	known_strain	/net/sgi/cami/data/CAMI2/nwillassen_data/marine/simulation_short_read/genomes/Thermococcus_sp_AM4_genomic.fasta	Thermococcus sp AM4	thermococcus sp am4	1	s__Thermococcus sp000151205	exact_source_name_unique_gtdb_species	1	s__Thermococcus sp000151205	GCF_000151205.2	assembly_summary_unique_gtdb_species
Otu1383	2	40269	new_strain	/net/sgi/cami/data/CAMI2/nwillassen_data/marine/simulation_short_read/genomes/VSalm554_S15_contigs.fasta	VSalm554 S15	vsalm554 s15	0		no_exact_source_name_match	0			assembly_summary_no_match
Otu1382	2	373994	known_strain	/net/sgi/cami/data/CAMI2/nwillassen_data/marine/simulation_short_read/genomes/Rivularia_sp_PCC_7116_genomic.fasta	Rivularia sp PCC 7116	rivularia sp pcc 7116	1	s__Rivularia sp000316665	exact_source_name_unique_gtdb_species	1	s__Rivularia sp000316665	GCF_000316665.1	assembly_summary_unique_gtdb_species
Otu2479	2	1760	new_order	/net/sgi/cami/data/CAMI2/nwillassen_data/marine/simulation_short_read/genomes/TiA_S9_contigs.fasta	TiA S9	tia s9	0		no_exact_source_name_match	0			assembly_summary_no_match
Otu1546	2	182710	known_strain	/net/sgi/cami/data/CAMI2/nwillassen_data/marine/simulation_short_read/genomes/Oceanobacillus_iheyensis_HTE831_genomic.fasta	Oceanobacillus iheyensis HTE831	oceanobacillus iheyensis hte831	1	s__Oceanobacillus iheyensis	exact_source_name_unique_gtdb_species	1	s__Oceanobacillus iheyensis	GCF_000011245.1	assembly_summary_unique_gtdb_species
Otu183.0	72275	326544	known_strain	/net/sgi/cami/data/CAMI2/nwillassen_data/marine/simulation_short_read/genomes/Paraglaciecola_psychrophila_170_genomic.fasta	Paraglaciecola psychrophila 170	paraglaciecola psychrophila 170	1	s__Paraglaciecola psychrophila	exact_source_name_unique_gtdb_species	1	s__Paraglaciecola psychrophila	GCF_000315075.1,GCF_000347635.1	assembly_summary_unique_gtdb_species
Otu183.1	72275	2743	known_strain	/net/sgi/cami/data/CAMI2/nwillassen_data/marine/simulation_short_read/genomes/Marinobacter_aquaeolei_VT8_genomic.fasta	Marinobacter aquaeolei VT8	marinobacter aquaeolei vt8	0		no_exact_source_name_match	1	s__Marinobacter nauticus	GCF_000015365.1	assembly_summary_unique_gtdb_species
Otu1543	2	657445	known_strain	/net/sgi/cami/data/CAMI2/nwillassen_data/marine/simulation_short_read/genomes/Francisella_noatunensis_subsp_orientalis_LADL-07-285A_genomic.fasta	Francisella noatunensis subsp orientalis LADL-07-285A	francisella noatunensis subsp orientalis ladl 07 285a	0		no_exact_source_name_match	0			assembly_summary_no_match
Otu1501	2	316	known_strain	/net/sgi/cami/data/CAMI2/nwillassen_data/marine/simulation_short_read/genomes/Pseudomonas_stutzeri_strain_273_genomic.fasta	Pseudomonas stutzeri strain 273	pseudomonas stutzeri 273	0		no_exact_source_name_match	1	s__Stutzerimonas sp004010935	GCF_001648195.1	assembly_summary_unique_gtdb_species
Otu1541	2	161360	new_strain	/net/sgi/cami/data/CAMI2/nwillassen_data/marine/simulation_short_read/genomes/Planococcus_antarcticus_DSM_14505_genomic.fasta	Planococcus antarcticus DSM 14505	planococcus antarcticus dsm 14505	1	s__Planococcus antarcticus	exact_source_name_unique_gtdb_species	1	s__Planococcus antarcticus	GCF_000264415.1,GCF_001687565.2	assembly_summary_unique_gtdb_species
Otu1540	2	759620	known_strain	/net/sgi/cami/data/CAMI2/nwillassen_data/marine/simulation_short_read/genomes/Weissella_ceti_strain_WS74_genomic.fasta	Weissella ceti strain WS74	weissella ceti ws74	0		no_exact_source_name_match	1	s__Weissella tructae	GCF_000750515.1	assembly_summary_unique_gtdb_species
Otu479	2	55601	new_strain	/net/sgi/cami/data/CAMI2/nwillassen_data/marine/simulation_short_read/genomes/12_S12_contigs.fasta	12 S12	12 s12	0		no_exact_source_name_match	0			assembly_summary_no_match
Otu1070.0	40222	754476	known_strain	/net/sgi/cami/data/CAMI2/nwillassen_data/marine/simulation_short_read/genomes/Methylophaga_sp_JAM1_genomic.fasta	Methylophaga sp JAM1	methylophaga sp jam1	0		no_exact_source_name_match	1	s__Methylophaga nitratireducenticrescens	GCF_000260985.4	assembly_summary_unique_gtdb_species
Otu1507	2	80852	new_strain	/net/sgi/cami/data/CAMI2/nwillassen_data/marine/simulation_short_read/genomes/A-H1309-4-3_S10_contigs.fasta	A-H1309-4-3 S10	a h1309 4 3 s10	0		no_exact_source_name_match	0			assembly_summary_no_match
Otu48.0	72276	1335746	known_strain	/net/sgi/cami/data/CAMI2/nwillassen_data/marine/simulation_short_read/genomes/Spiribacter_salinus_M19-40_genomic.fasta	Spiribacter salinus M19-40	spiribacter salinus m19 40	1	s__Spiribacter salinus	exact_source_name_unique_gtdb_species	1	s__Spiribacter salinus	GCF_000319575.2	assembly_summary_unique_gtdb_species
Otu1788.0	49546	930802	known_strain	/net/sgi/cami/data/CAMI2/nwillassen_data/marine/simulation_short_read/genomes/Nonlabens_marinus_S1-08_genomic.fasta	Nonlabens marinus S1-08	nonlabens marinus s1 08	1	s__Nonlabens marinus	exact_source_name_unique_gtdb_species	1	s__Nonlabens marinus	GCF_000831385.1	assembly_summary_unique_gtdb_species
Otu149	2	32003	known_strain	/net/sgi/cami/data/CAMI2/nwillassen_data/marine/simulation_short_read/genomes/Methylophilales_bacterium_MBRSH7_genomic.fasta	Methylophilales bacterium MBRSH7	methylophilales bacterium mbrsh7	0		no_exact_source_name_match	0			assembly_summary_no_match
Otu447.1	49546	143222	known_strain	/net/sgi/cami/data/CAMI2/nwillassen_data/marine/simulation_short_read/genomes/Salegentibacter_sp_T436_genomic.fasta	Salegentibacter sp T436	salegentibacter sp t436	0		no_exact_source_name_match	0			assembly_summary_no_match
Otu447.0	49546	1336794	known_strain	/net/sgi/cami/data/CAMI2/nwillassen_data/marine/simulation_short_read/genomes/Formosa_sp_Hel1_33_131_genomic.fasta	Formosa sp Hel1 33 131	formosa sp hel1 33 131	2	s__Hel1-33-131 sp001735745,s__Hel1-33-131 sp949499105	exact_source_name_ambiguous_gtdb_species	1	s__Hel1-33-131 sp001735745	GCF_001735745.1	assembly_summary_unique_gtdb_species
Otu812	2	1760	new_order	/net/sgi/cami/data/CAMI2/nwillassen_data/marine/simulation_short_read/genomes/Titti28_S8_contigs.fasta	Titti28 S8	titti28 s8	0		no_exact_source_name_match	0			assembly_summary_no_match
Otu1662	2157	2187	known_strain	/net/sgi/cami/data/CAMI2/nwillassen_data/marine/simulation_short_read/genomes/Methanococcus_vannielii_SB_genomic.fasta	Methanococcus vannielii SB	methanococcus vannielii sb	1	s__Methanococcus vannielii	exact_source_name_unique_gtdb_species	1	s__Methanococcus vannielii	GCF_000017165.1	assembly_summary_unique_gtdb_species
Otu20	2	94122	known_strain	/net/sgi/cami/data/CAMI2/nwillassen_data/marine/simulation_short_read/genomes/Shewanella_sp_ANA-3_genomic.fasta	Shewanella sp ANA-3	shewanella sp ana 3	1	s__Shewanella sp029835735	exact_source_name_unique_gtdb_species	1	s__Shewanella sp029835735	GCF_000203935.1	assembly_summary_unique_gtdb_species
Otu924	2	511678	new_species	/net/sgi/cami/data/CAMI2/nwillassen_data/marine/simulation_short_read/genomes/12_S1_contigs.fasta	12 S1	12 s1	0		no_exact_source_name_match	0			assembly_summary_no_match
Otu1907	2	1330330	known_strain	/net/sgi/cami/data/CAMI2/nwillassen_data/marine/simulation_short_read/genomes/Kosmotoga_pacifica_strain_SLHLJ1_genomic.fasta	Kosmotoga pacifica strain SLHLJ1	kosmotoga pacifica slhlj1	0		no_exact_source_name_match	1	s__Kosmotoga_B pacifica	GCF_001027025.1	assembly_summary_unique_gtdb_species
Otu814.0	191394	197162	known_strain	/net/sgi/cami/data/CAMI2/nwillassen_data/marine/simulation_short_read/genomes/Deferribacter_desulfuricans_SSM1_genomic.fasta	Deferribacter desulfuricans SSM1	deferribacter desulfuricans ssm1	1	s__Deferribacter desulfuricans	exact_source_name_unique_gtdb_species	1	s__Deferribacter desulfuricans	GCF_000010985.1	assembly_summary_unique_gtdb_species
Otu2217	2	680	known_strain	/net/sgi/cami/data/CAMI2/nwillassen_data/marine/simulation_short_read/genomes/Vibrio_campbellii_ATCC_BAA-1116_genomic.fasta	Vibrio campbellii ATCC BAA-1116	vibrio campbellii atcc baa 1116	1	s__Vibrio campbellii	exact_source_name_unique_gtdb_species	1	s__Vibrio campbellii	GCF_000017705.1,GCF_000464435.1	assembly_summary_unique_gtdb_species
Otu1901	2	46541	known_strain	/net/sgi/cami/data/CAMI2/nwillassen_data/marine/simulation_short_read/genomes/Thermosipho_melanesiensis_BI429_genomic.fasta	Thermosipho melanesiensis BI429	thermosipho melanesiensis bi429	1	s__Thermosipho melanesiensis	exact_source_name_unique_gtdb_species	1	s__Thermosipho melanesiensis	GCF_000016905.1	assembly_summary_unique_gtdb_species
Otu2215	2157	1592728	known_strain	/net/sgi/cami/data/CAMI2/nwillassen_data/marine/simulation_short_read/genomes/Haloarcula_sp_CBA1115_genomic.fasta	Haloarcula sp CBA1115	haloarcula sp cba1115	1	s__Haloarcula hispanica	exact_source_name_unique_gtdb_species	1	s__Haloarcula hispanica	GCF_000827835.1	assembly_summary_unique_gtdb_species
Otu867	2	22	new_species	/net/sgi/cami/data/CAMI2/nwillassen_data/marine/simulation_short_read/genomes/Shewanella_sp_W3-18-1_genomic.fasta	Shewanella sp W3-18-1	shewanella sp w3 18 1	0		no_exact_source_name_match	0			assembly_summary_no_match
Otu2439	2	444103	known_strain	/net/sgi/cami/data/CAMI2/nwillassen_data/marine/simulation_short_read/genomes/Streptomyces_sp_CNQ-509_genomic.fasta	Streptomyces sp CNQ-509	streptomyces sp cnq 509	1	s__Streptomyces sp001011035	exact_source_name_unique_gtdb_species	1	s__Streptomyces sp001011035	GCF_001011035.1	assembly_summary_unique_gtdb_species
Otu1316	2	131112	known_strain	/net/sgi/cami/data/CAMI2/nwillassen_data/marine/simulation_short_read/genomes/Arcanobacterium_phocae_strain_DSM_10002_genomic.fasta	Arcanobacterium phocae strain DSM 10002	arcanobacterium phocae dsm 10002	0		no_exact_source_name_match	1	s__Arcanobacterium phocae	GCF_900105865.1	assembly_summary_unique_gtdb_species
Otu860	2	55601	new_strain	/net/sgi/cami/data/CAMI2/nwillassen_data/marine/simulation_short_read/genomes/4_S4_contigs.fasta	4 S4	4 s4	0		no_exact_source_name_match	0			assembly_summary_no_match
Otu928.0	49546	1850252	known_strain	/net/sgi/cami/data/CAMI2/nwillassen_data/marine/simulation_short_read/genomes/Tenacibaculum_sp_LPB0136_genomic.fasta	Tenacibaculum sp LPB0136	tenacibaculum sp lpb0136	0		no_exact_source_name_match	1	s__Polaribacter todarodis	GCF_001889045.1	assembly_summary_unique_gtdb_species
Otu2408	2	271420	known_strain	/net/sgi/cami/data/CAMI2/nwillassen_data/marine/simulation_short_read/genomes/Pseudomonas_xanthomarina_strain_LMG_23572_genomic.fasta	Pseudomonas xanthomarina strain LMG 23572	pseudomonas xanthomarina lmg 23572	0		no_exact_source_name_match	1	s__Stutzerimonas xanthomarina	GCF_900108535.1	assembly_summary_unique_gtdb_species
Otu79.1	72275	226	known_strain	/net/sgi/cami/data/CAMI2/nwillassen_data/marine/simulation_short_read/genomes/Alteromonas_sp_RW2A1_genomic.fasta	Alteromonas sp RW2A1	alteromonas sp rw2a1	0		no_exact_source_name_match	0			assembly_summary_no_match
Otu79.0	72275	314275	known_strain	/net/sgi/cami/data/CAMI2/nwillassen_data/marine/simulation_short_read/genomes/Alteromonas_macleodii_str_Ionian_Sea_UM4b_genomic.fasta	Alteromonas macleodii str Ionian Sea UM4b	alteromonas macleodii ionian sea um4b	0		no_exact_source_name_match	1	s__Alteromonas mediterranea	GCF_000439515.1,GCF_000439535.1,GCF_000439555.1,GCF_000439575.1,GCF_000439595.1	assembly_summary_unique_gtdb_species
Otu2407.0	31989	53946	known_strain	/net/sgi/cami/data/CAMI2/nwillassen_data/marine/simulation_short_read/genomes/Octadecabacter_arcticus_238_genomic.fasta	Octadecabacter arcticus 238	octadecabacter arcticus 238	1	s__Octadecabacter arcticus	exact_source_name_unique_gtdb_species	1	s__Octadecabacter arcticus	GCF_000155735.2	assembly_summary_unique_gtdb_species
Otu598	2	2335	known_strain	/net/sgi/cami/data/CAMI2/nwillassen_data/marine/simulation_short_read/genomes/Thermotoga_sp_2812B_genomic.fasta	Thermotoga sp 2812B	thermotoga sp 2812b	0		no_exact_source_name_match	0			assembly_summary_no_match
Otu2080.0	49546	1913577	known_strain	/net/sgi/cami/data/CAMI2/nwillassen_data/marine/simulation_short_read/genomes/Gramella_sp_LPB0144_genomic.fasta	Gramella sp LPB0144	gramella sp lpb0144	0		no_exact_source_name_match	1	s__Christiangramia salexigens	GCF_001889005.1	assembly_summary_unique_gtdb_species
Otu590	2	91347	new_family	/net/sgi/cami/data/CAMI2/nwillassen_data/marine/simulation_short_read/genomes/Edwardsiella_piscicida_strain_S11-285_genomic.fasta	Edwardsiella piscicida strain S11-285	edwardsiella piscicida s11 285	0		no_exact_source_name_match	0			assembly_summary_no_match
Otu596	2	55601	new_strain	/net/sgi/cami/data/CAMI2/nwillassen_data/marine/simulation_short_read/genomes/2_S2_contigs.fasta	2 S2	2 s2	0		no_exact_source_name_match	0			assembly_summary_no_match
Otu1361.0	49546	96345	known_strain	/net/sgi/cami/data/CAMI2/nwillassen_data/marine/simulation_short_read/genomes/Flavobacterium_psychrophilum_strain_CSF259-93_genomic.fasta	Flavobacterium psychrophilum strain CSF259-93	flavobacterium psychrophilum csf259 93	0		no_exact_source_name_match	1	s__Flavobacterium psychrophilum	GCF_000739395.1	assembly_summary_unique_gtdb_species
Otu2106	2	668	known_strain	/net/sgi/cami/data/CAMI2/nwillassen_data/marine/simulation_short_read/genomes/Vibrio_fischeri_ES114_genomic.fasta	Vibrio fischeri ES114	vibrio fischeri es114	0		no_exact_source_name_match	1	s__Aliivibrio fischeri_B	GCF_000011805.1	assembly_summary_unique_gtdb_species
Otu1753	2	286	new_species	/net/sgi/cami/data/CAMI2/nwillassen_data/marine/simulation_short_read/genomes/MR4-25-2A-1A_S4_contigs.fasta	MR4-25-2A-1A S4	mr4 25 2a 1a s4	0		no_exact_source_name_match	0			assembly_summary_no_match
Otu1750	2157	195522	known_strain	/net/sgi/cami/data/CAMI2/nwillassen_data/marine/simulation_short_read/genomes/Thermococcus_nautili_strain_30-1_genomic.fasta	Thermococcus nautili strain 30-1	thermococcus nautili 30 1	0		no_exact_source_name_match	1	s__Thermococcus nautili	GCF_000585495.1	assembly_summary_unique_gtdb_species
Otu1068.0	49546	979	known_strain	/net/sgi/cami/data/CAMI2/nwillassen_data/marine/simulation_short_read/genomes/Cellulophaga_lytica_strain_DAU203_genomic.fasta	Cellulophaga lytica strain DAU203	cellulophaga lytica dau203	0		no_exact_source_name_match	1	s__Cellulophaga lytica	GCF_001941605.1	assembly_summary_unique_gtdb_species
Otu2066	2	166314	known_strain	/net/sgi/cami/data/CAMI2/nwillassen_data/marine/simulation_short_read/genomes/Synechococcus_sp_WH_8109_genomic.fasta	Synechococcus sp WH 8109	synechococcus sp wh 8109	1	s__Parasynechococcus sp000161795	exact_source_name_unique_gtdb_species	1	s__Parasynechococcus sp000161795	GCF_000161795.2	assembly_summary_unique_gtdb_species
Otu69.0	162171	1124597	known_strain	/net/sgi/cami/data/CAMI2/nwillassen_data/marine/simulation_short_read/genomes/Magnetococcus_marinus_MC-1_genomic.fasta	Magnetococcus marinus MC-1	magnetococcus marinus mc 1	1	s__Magnetococcus marinus	exact_source_name_unique_gtdb_species	1	s__Magnetococcus marinus	GCF_000014865.1	assembly_summary_unique_gtdb_species
Otu862.0	49546	669041	new_strain	/net/sgi/cami/data/CAMI2/nwillassen_data/marine/simulation_short_read/genomes/Tenacibaculum_dicentrarchi_strain_AY7486TD_genomic.fasta	Tenacibaculum dicentrarchi strain AY7486TD	tenacibaculum dicentrarchi ay7486td	0		no_exact_source_name_match	0			assembly_summary_no_match
Otu1995	2	2336	new_strain	/net/sgi/cami/data/CAMI2/nwillassen_data/marine/simulation_short_read/genomes/Thermotoga_maritima_MSB8_2_genomic.fasta	Thermotoga maritima MSB8 2	thermotoga maritima msb8 2	0		no_exact_source_name_match	1	s__Thermotoga maritima	GCF_000008545.1,GCF_000230655.2,GCF_000390265.1,GCF_000978555.1	assembly_summary_unique_gtdb_species
Otu1445	2	53633	known_strain	/net/sgi/cami/data/CAMI2/nwillassen_data/marine/simulation_short_read/genomes/Sulfobacillus_acidophilus_TPY_genomic.fasta	Sulfobacillus acidophilus TPY	sulfobacillus acidophilus tpy	1	s__Sulfobacillus_A acidophilus	exact_source_name_unique_gtdb_species	0			assembly_summary_no_match
Otu1153	2	32003	known_strain	/net/sgi/cami/data/CAMI2/nwillassen_data/marine/simulation_short_read/genomes/Methylophilales_bacterium_MBRSF5_genomic.fasta	Methylophilales bacterium MBRSF5	methylophilales bacterium mbrsf5	0		no_exact_source_name_match	0			assembly_summary_no_match
Otu1160	2	1547283	known_strain	/net/sgi/cami/data/CAMI2/nwillassen_data/marine/simulation_short_read/genomes/Bacillus_sp_Alg07_genomic.fasta	Bacillus sp Alg07	bacillus sp alg07	0		no_exact_source_name_match	1	s__Metabacillus weihaiensis	GCF_001889165.1	assembly_summary_unique_gtdb_species
Otu222.0	28056	1003110	known_strain	/net/sgi/cami/data/CAMI2/nwillassen_data/marine/simulation_short_read/genomes/Verrucosispora_maris_AB-18-032_genomic.fasta	Verrucosispora maris AB-18-032	verrucosispora maris ab 18 032	0		no_exact_source_name_match	1	s__Micromonospora gifhornensis	GCF_000204155.1	assembly_summary_unique_gtdb_species
Otu222.1	28056	168695	known_strain	/net/sgi/cami/data/CAMI2/nwillassen_data/marine/simulation_short_read/genomes/Salinispora_tropica_CNB-440_genomic.fasta	Salinispora tropica CNB-440	salinispora tropica cnb 440	1	s__Micromonospora tropica	exact_source_name_unique_gtdb_species	1	s__Micromonospora tropica	GCF_000016425.1	assembly_summary_unique_gtdb_species
Otu970.0	49546	96345	known_strain	/net/sgi/cami/data/CAMI2/nwillassen_data/marine/simulation_short_read/genomes/Flavobacterium_psychrophilum_FPG101_genomic.fasta	Flavobacterium psychrophilum FPG101	flavobacterium psychrophilum fpg101	1	s__Flavobacterium psychrophilum	exact_source_name_unique_gtdb_species	1	s__Flavobacterium psychrophilum	GCF_000754365.1,GCF_040538765.1	assembly_summary_unique_gtdb_species
Otu445	2157	187878	known_strain	/net/sgi/cami/data/CAMI2/nwillassen_data/marine/simulation_short_read/genomes/Thermococcus_gammatolerans_EJ3_genomic.fasta	Thermococcus gammatolerans EJ3	thermococcus gammatolerans ej3	1	s__Thermococcus gammatolerans	exact_source_name_unique_gtdb_species	1	s__Thermococcus gammatolerans	GCF_000022365.1	assembly_summary_unique_gtdb_species
Otu239.0	135620	187493	known_strain	/net/sgi/cami/data/CAMI2/nwillassen_data/marine/simulation_short_read/genomes/Thalassolituus_oleivorans_MIL-1_genomic.fasta	Thalassolituus oleivorans MIL-1	thalassolituus oleivorans mil 1	1	s__Thalassolituus oleivorans	exact_source_name_unique_gtdb_species	1	s__Thalassolituus oleivorans	GCF_000355675.1	assembly_summary_unique_gtdb_species
Otu1617	2	492670	known_strain	/net/sgi/cami/data/CAMI2/nwillassen_data/marine/simulation_short_read/genomes/Bacillus_velezensis_strain_9912D_genomic.fasta	Bacillus velezensis strain 9912D	bacillus velezensis 9912d	0		no_exact_source_name_match	1	s__Bacillus velezensis	GCF_001857985.1,GCF_048288325.1	assembly_summary_unique_gtdb_species
Otu1999	2	36814	known_strain	/net/sgi/cami/data/CAMI2/nwillassen_data/marine/simulation_short_read/genomes/Mycobacterium_rhodesiae_NBB3_genomic.fasta	Mycobacterium rhodesiae NBB3	mycobacterium rhodesiae nbb3	0		no_exact_source_name_match	1	s__Mycobacterium rhodesiae_A	GCF_000230895.2	assembly_summary_unique_gtdb_species
Otu626.0	49546	979	known_strain	/net/sgi/cami/data/CAMI2/nwillassen_data/marine/simulation_short_read/genomes/Cellulophaga_lytica_strain_HI1_genomic.fasta	Cellulophaga lytica strain HI1	cellulophaga lytica hi1	0		no_exact_source_name_match	1	s__Cellulophaga lytica	GCF_000750195.1	assembly_summary_unique_gtdb_species
Otu1366	2	80852	new_strain	/net/sgi/cami/data/CAMI2/nwillassen_data/marine/simulation_short_read/genomes/15_S3_contigs.fasta	15 S3	15 s3	0		no_exact_source_name_match	0			assembly_summary_no_match
Otu220.0	41297	702113	known_strain	/net/sgi/cami/data/CAMI2/nwillassen_data/marine/simulation_short_read/genomes/Novosphingobium_sp_PP1Y_genomic.fasta	Novosphingobium sp PP1Y	novosphingobium sp pp1y	1	s__Novosphingobium sp000253255	exact_source_name_unique_gtdb_species	1	s__Novosphingobium sp000253255	GCF_000253255.1	assembly_summary_unique_gtdb_species
Otu576	2	120576	known_strain	/net/sgi/cami/data/CAMI2/nwillassen_data/marine/simulation_short_read/genomes/Brucella_pinnipedialis_B2_94_genomic.fasta	Brucella pinnipedialis B2 94	brucella pinnipedialis b2 94	1	s__Brucella melitensis	exact_source_name_unique_gtdb_species	1	s__Brucella melitensis	GCF_000157815.1,GCF_000221005.1	assembly_summary_unique_gtdb_species
Otu1004	2	386487	known_strain	/net/sgi/cami/data/CAMI2/nwillassen_data/marine/simulation_short_read/genomes/Candidatus_Ruthia_magnifica_str_Cm_Calyptogena_magnifica_genomic.fasta	Candidatus Ruthia magnifica str Cm Calyptogena magnifica	candidatus ruthia magnifica cm calyptogena magnifica	1	s__Ruthia magnifica	exact_source_name_unique_gtdb_species	1	s__Ruthia magnifica	GCF_000015105.1	assembly_summary_unique_gtdb_species
Otu1000	2	324767	known_strain	/net/sgi/cami/data/CAMI2/nwillassen_data/marine/simulation_short_read/genomes/Bacillus_infantis_NRRL_B-14911_genomic.fasta	Bacillus infantis NRRL B-14911	bacillus infantis nrrl b 14911	1	s__Bacillus_AB infantis	exact_source_name_unique_gtdb_species	1	s__Bacillus_AB infantis	GCF_000473245.1	assembly_summary_unique_gtdb_species
Otu395	2	40269	new_strain	/net/sgi/cami/data/CAMI2/nwillassen_data/marine/simulation_short_read/genomes/A-Hdes-11_S10_contigs.fasta	A-Hdes-11 S10	a hdes 11 s10	0		no_exact_source_name_match	0			assembly_summary_no_match
Otu218	2	1541959	known_strain	/net/sgi/cami/data/CAMI2/nwillassen_data/marine/simulation_short_read/genomes/Mollicutes_bacterium_Candidatus_Izimaplasma_HR1_genomic.fasta	Mollicutes bacterium Candidatus Izimaplasma HR1	mollicutes bacterium candidatus izimaplasma hr1	0		no_exact_source_name_match	1	s__Xianfuyuplasma sp000755705	GCF_000755705.1	assembly_summary_unique_gtdb_species
Otu747	2	1346	known_strain	/net/sgi/cami/data/CAMI2/nwillassen_data/marine/simulation_short_read/genomes/Streptococcus_iniae_strain_YSFST01-82_genomic.fasta	Streptococcus iniae strain YSFST01-82	streptococcus iniae ysfst01 82	0		no_exact_source_name_match	1	s__Streptococcus iniae	GCF_000831485.1	assembly_summary_unique_gtdb_species
Otu961	2	1206	known_strain	/net/sgi/cami/data/CAMI2/nwillassen_data/marine/simulation_short_read/genomes/Trichodesmium_erythraeum_IMS101_genomic.fasta	Trichodesmium erythraeum IMS101	trichodesmium erythraeum ims101	1	s__Trichodesmium erythraeum	exact_source_name_unique_gtdb_species	1	s__Trichodesmium erythraeum	GCF_000014265.1	assembly_summary_unique_gtdb_species
Otu211	2	1129	known_strain	/net/sgi/cami/data/CAMI2/nwillassen_data/marine/simulation_short_read/genomes/Synechococcus_sp_WH_8103_genomic.fasta	Synechococcus sp WH 8103	synechococcus sp wh 8103	0		no_exact_source_name_match	0			assembly_summary_no_match
Otu966	2	744985	known_strain	/net/sgi/cami/data/CAMI2/nwillassen_data/marine/simulation_short_read/genomes/alpha_proteobacterium_HIMB59_genomic.fasta	alpha proteobacterium HIMB59	alpha proteobacterium himb59	2	s__HIMB59 sp000299115,s__HIMB59 sp004321805	exact_source_name_ambiguous_gtdb_species	0			assembly_summary_no_match
Otu965	2	511678	new_species	/net/sgi/cami/data/CAMI2/nwillassen_data/marine/simulation_short_read/genomes/R8-63_S2_contigs.fasta	R8-63 S2	r8 63 s2	0		no_exact_source_name_match	0			assembly_summary_no_match
Otu199.0	246874	253245	known_strain	/net/sgi/cami/data/CAMI2/nwillassen_data/marine/simulation_short_read/genomes/Owenweeksia_hongkongensis_DSM_17368_genomic.fasta	Owenweeksia hongkongensis DSM 17368	owenweeksia hongkongensis dsm 17368	4	s__CAMDTE01 sp945865885,s__CAMDTE01 sp945907425,s__CAMDTE01 sp947464785,s__Owenweeksia hongkongensis	exact_source_name_ambiguous_gtdb_species	1	s__Owenweeksia hongkongensis	GCF_000236705.1	assembly_summary_unique_gtdb_species
Otu960.0	49546	57029	known_strain	/net/sgi/cami/data/CAMI2/nwillassen_data/marine/simulation_short_read/genomes/Psychroflexus_torquis_ATCC_700755_genomic.fasta	Psychroflexus torquis ATCC 700755	psychroflexus torquis atcc 700755	1	s__Psychroflexus torquis	exact_source_name_unique_gtdb_species	1	s__Psychroflexus torquis	GCF_000153485.2	assembly_summary_unique_gtdb_species
Otu1723	2	502682	known_strain	/net/sgi/cami/data/CAMI2/nwillassen_data/marine/simulation_short_read/genomes/Erythrobacter_gangjinensis_strain_JCM_15420_genomic.fasta	Erythrobacter gangjinensis strain JCM 15420	erythrobacter gangjinensis jcm 15420	0		no_exact_source_name_match	1	s__Alteraurantiacibacter gangjinensis	GCF_001886695.1	assembly_summary_unique_gtdb_species
Otu1722	2	56812	known_strain	/net/sgi/cami/data/CAMI2/nwillassen_data/marine/simulation_short_read/genomes/Shewanella_frigidimarina_NCIMB_400_genomic.fasta	Shewanella frigidimarina NCIMB 400	shewanella frigidimarina ncimb 400	1	s__Shewanella frigidimarina	exact_source_name_unique_gtdb_species	1	s__Shewanella frigidimarina	GCF_000014705.1	assembly_summary_unique_gtdb_species
Otu696	2	1386	known_strain	/net/sgi/cami/data/CAMI2/nwillassen_data/marine/simulation_short_read/genomes/Bacillus_sp_Pc3_genomic.fasta	Bacillus sp Pc3	bacillus sp pc3	0		no_exact_source_name_match	0			assembly_summary_no_match
Otu53.0	1484898	1384459	known_strain	/net/sgi/cami/data/CAMI2/nwillassen_data/marine/simulation_short_read/genomes/Mehyloceanibacter_caenitepidi_Gela4_genomic.fasta	Mehyloceanibacter caenitepidi Gela4	mehyloceanibacter caenitepidi gela4	0		no_exact_source_name_match	1	s__Methyloceanibacter caenitepidi	GCF_000828475.1	assembly_summary_unique_gtdb_species
Otu214.0	1471399	1168034	known_strain	/net/sgi/cami/data/CAMI2/nwillassen_data/marine/simulation_short_read/genomes/Draconibacterium_orientale_strain_FH5_genomic.fasta	Draconibacterium orientale strain FH5	draconibacterium orientale fh5	0		no_exact_source_name_match	0			assembly_summary_no_match
Otu1062.0	49546	669041	new_strain	/net/sgi/cami/data/CAMI2/nwillassen_data/marine/simulation_short_read/genomes/T-219_S4_contigs.fasta	T-219 S4	t 219 s4	0		no_exact_source_name_match	0			assembly_summary_no_match
Otu364	2157	673860	known_strain	/net/sgi/cami/data/CAMI2/nwillassen_data/marine/simulation_short_read/genomes/Aciduliprofundum_sp_MAR08-339_genomic.fasta	Aciduliprofundum sp MAR08-339	aciduliprofundum sp mar08 339	1	s__Aciduliprofundum sp000327505	exact_source_name_unique_gtdb_species	1	s__Aciduliprofundum sp000327505	GCF_000327505.1	assembly_summary_unique_gtdb_species
Otu610	2	359303	known_strain	/net/sgi/cami/data/CAMI2/nwillassen_data/marine/simulation_short_read/genomes/Shewanella_loihica_PV-4_genomic.fasta	Shewanella loihica PV-4	shewanella loihica pv 4	1	s__Shewanella loihica	exact_source_name_unique_gtdb_species	1	s__Shewanella loihica	GCF_000016065.1	assembly_summary_unique_gtdb_species
Otu368	2	662	known_strain	/net/sgi/cami/data/CAMI2/nwillassen_data/marine/simulation_short_read/genomes/Vibrio_natriegens_strain_CCUG_16373_genomic.fasta	Vibrio natriegens strain CCUG 16373	vibrio natriegens ccug 16373	0		no_exact_source_name_match	0			assembly_summary_no_match
Otu132	2	914150	known_strain	/net/sgi/cami/data/CAMI2/nwillassen_data/marine/simulation_short_read/genomes/Kangiella_geojedonensis_strain_YCS-5_genomic.fasta	Kangiella geojedonensis strain YCS-5	kangiella geojedonensis ycs 5	0		no_exact_source_name_match	1	s__Kangiella geojedonensis	GCF_000981765.1	assembly_summary_unique_gtdb_species
Otu136	2	40269	new_strain	/net/sgi/cami/data/CAMI2/nwillassen_data/marine/simulation_short_read/genomes/A3_S3_contigs.fasta	A3 S3	a3 s3	0		no_exact_source_name_match	0			assembly_summary_no_match
Otu139	2	645	new_strain	/net/sgi/cami/data/CAMI2/nwillassen_data/marine/simulation_short_read/genomes/Aeromonas_salmonicida_subsp_salmonicida_A449_genomic.fasta	Aeromonas salmonicida subsp salmonicida A449	aeromonas salmonicida subsp salmonicida a449	1	s__Aeromonas salmonicida	exact_source_name_unique_gtdb_species	1	s__Aeromonas salmonicida	GCF_000196395.1,GCF_902506035.1	assembly_summary_unique_gtdb_species
Otu203	2	316	known_strain	/net/sgi/cami/data/CAMI2/nwillassen_data/marine/simulation_short_read/genomes/Pseudomonas_balearica_DSM_6083_genomic.fasta	Pseudomonas balearica DSM 6083	pseudomonas balearica dsm 6083	0		no_exact_source_name_match	0			assembly_summary_no_match
Otu846.0	194924	876	known_strain	/net/sgi/cami/data/CAMI2/nwillassen_data/marine/simulation_short_read/genomes/Desulfovibrio_desulfuricans_ND132_genomic.fasta	Desulfovibrio desulfuricans ND132	desulfovibrio desulfuricans nd132	0		no_exact_source_name_match	0			assembly_summary_no_match
Otu10	2	662	known_strain	/net/sgi/cami/data/CAMI2/nwillassen_data/marine/simulation_short_read/genomes/11_S11_contigs.fasta	11 S11	11 s11	0		no_exact_source_name_match	0			assembly_summary_no_match
Otu11	2157	54248	known_strain	/net/sgi/cami/data/CAMI2/nwillassen_data/marine/simulation_short_read/genomes/Hyperthermus_butylicus_DSM_5456_genomic.fasta	Hyperthermus butylicus DSM 5456	hyperthermus butylicus dsm 5456	1	s__Hyperthermus butylicus	exact_source_name_unique_gtdb_species	1	s__Hyperthermus butylicus	GCF_000015145.1	assembly_summary_unique_gtdb_species
Otu1263	2	62322	new_strain	/net/sgi/cami/data/CAMI2/nwillassen_data/marine/simulation_short_read/genomes/Shewanella_baltica_OS678_genomic.fasta	Shewanella baltica OS678	shewanella baltica os678	1	s__Shewanella baltica	exact_source_name_unique_gtdb_species	1	s__Shewanella baltica	GCF_000178875.2	assembly_summary_unique_gtdb_species
Otu2438	2157	46770	known_strain	/net/sgi/cami/data/CAMI2/nwillassen_data/marine/simulation_short_read/genomes/Cenarchaeum_symbiosum_A_genomic.fasta	Cenarchaeum symbiosum A	cenarchaeum symbiosum a	1	s__Cenarchaeum symbiosum	exact_source_name_unique_gtdb_species	0			assembly_summary_no_match
Otu968.0	72275	314275	known_strain	/net/sgi/cami/data/CAMI2/nwillassen_data/marine/simulation_short_read/genomes/Alteromonas_macleodii_str_Ionian_Sea_UM7_genomic.fasta	Alteromonas macleodii str Ionian Sea UM7	alteromonas macleodii ionian sea um7	0		no_exact_source_name_match	1	s__Alteromonas mediterranea	GCF_000439515.1,GCF_000439535.1,GCF_000439555.1,GCF_000439575.1,GCF_000439595.1	assembly_summary_unique_gtdb_species
Otu47.0	41295	1263979	known_strain	/net/sgi/cami/data/CAMI2/nwillassen_data/marine/simulation_short_read/genomes/Candidatus_Endolissoclinum_faulkneri_L5_genomic.fasta	Candidatus Endolissoclinum faulkneri L5	candidatus endolissoclinum faulkneri l5	1	s__Thalassobaculum faulkneri_A	exact_source_name_unique_gtdb_species	1	s__Thalassobaculum faulkneri_A	GCF_000510265.1	assembly_summary_unique_gtdb_species
Otu1264	2	29486	known_strain	/net/sgi/cami/data/CAMI2/nwillassen_data/marine/simulation_short_read/genomes/Yersinia_ruckeri_YRB_genomic.fasta	Yersinia ruckeri YRB	yersinia ruckeri yrb	0		no_exact_source_name_match	1	s__Yersinia ruckeri	GCF_000834255.1	assembly_summary_unique_gtdb_species
Otu399.0	135616	1238	known_strain	/net/sgi/cami/data/CAMI2/nwillassen_data/marine/simulation_short_read/genomes/Piscirickettsia_salmonis_strain_PM31429B_genomic.fasta	Piscirickettsia salmonis strain PM31429B	piscirickettsia salmonis pm31429b	0		no_exact_source_name_match	1	s__Piscirickettsia salmonis	GCF_001932915.1	assembly_summary_unique_gtdb_species
Otu1466	2	285091	known_strain	/net/sgi/cami/data/CAMI2/nwillassen_data/marine/simulation_short_read/genomes/Alcanivorax_dieselolei_B5_genomic.fasta	Alcanivorax dieselolei B5	alcanivorax dieselolei b5	0		no_exact_source_name_match	0			assembly_summary_no_match
Otu1460	2157	1480675	known_strain	/net/sgi/cami/data/CAMI2/nwillassen_data/marine/simulation_short_read/genomes/Halolamina_sediminis_strain_halo7_genomic.fasta	Halolamina sediminis strain halo7	halolamina sediminis halo7	0		no_exact_source_name_match	1	s__Halolamina sediminis	GCF_001282785.1	assembly_summary_unique_gtdb_species
Otu235.0	72275	2742	known_strain	/net/sgi/cami/data/CAMI2/nwillassen_data/marine/simulation_short_read/genomes/Marinobacter_salarius_R9SW1_genomic.fasta	Marinobacter salarius R9SW1	marinobacter salarius r9sw1	0		no_exact_source_name_match	0			assembly_summary_no_match
Otu2087	2	80852	new_strain	/net/sgi/cami/data/CAMI2/nwillassen_data/marine/simulation_short_read/genomes/Vw27_S8_contigs.fasta	Vw27 S8	vw27 s8	0		no_exact_source_name_match	0			assembly_summary_no_match
Otu625	2	309805	known_strain	/net/sgi/cami/data/CAMI2/nwillassen_data/marine/simulation_short_read/genomes/Persephonella_marina_EX-H1_genomic.fasta	Persephonella marina EX-H1	persephonella marina ex h1	1	s__Persephonella marina	exact_source_name_unique_gtdb_species	1	s__Persephonella marina	GCF_000021565.1	assembly_summary_unique_gtdb_species
Otu638.0	31989	60136	new_species	/net/sgi/cami/data/CAMI2/nwillassen_data/marine/simulation_short_read/genomes/Titti22_S2_contigs.fasta	Titti22 S2	titti22 s2	0		no_exact_source_name_match	0			assembly_summary_no_match
Otu497.0	49546	104267	new_species	/net/sgi/cami/data/CAMI2/nwillassen_data/marine/simulation_short_read/genomes/T-280_S9_contigs.fasta	T-280 S9	t 280 s9	0		no_exact_source_name_match	0			assembly_summary_no_match
Otu497.1	49546	96345	known_strain	/net/sgi/cami/data/CAMI2/nwillassen_data/marine/simulation_short_read/genomes/Flavobacterium_psychrophilum_V4-24_genomic.fasta	Flavobacterium psychrophilum V4-24	flavobacterium psychrophilum v4 24	0		no_exact_source_name_match	0			assembly_summary_no_match
Otu1082	2	1219	known_strain	/net/sgi/cami/data/CAMI2/nwillassen_data/marine/simulation_short_read/genomes/Prochlorococcus_marinus_str_MIT_9215_genomic.fasta	Prochlorococcus marinus str MIT 9215	prochlorococcus marinus mit 9215	2	s__MIT-9215 sp949486985,s__Prochlorococcus_A marinus_A	exact_source_name_ambiguous_gtdb_species	1	s__Prochlorococcus_A marinus_A	GCF_000018065.1	assembly_summary_unique_gtdb_species
Otu180	2	316278	known_strain	/net/sgi/cami/data/CAMI2/nwillassen_data/marine/simulation_short_read/genomes/Synechococcus_sp_RCC307_genomic.fasta	Synechococcus sp RCC307	synechococcus sp rcc307	1	s__RCC307 sp000063525	exact_source_name_unique_gtdb_species	0			assembly_summary_no_match
Otu842.0	49546	104267	new_species	/net/sgi/cami/data/CAMI2/nwillassen_data/marine/simulation_short_read/genomes/T-217_S6_contigs.fasta	T-217 S6	t 217 s6	0		no_exact_source_name_match	0			assembly_summary_no_match
RNODE_343_length_2376_cov_8.77188	32644	32644	unknown	/net/sgi/cami/data/CAMI2/nwillassen_data/marine/simulation_short_read/genomes/RNODE_343_length_2376_cov_8.77188.fasta	RNODE 343 length 2376 cov 8.77188	rnode 343 length 2376 cov 8 77188	0		no_exact_source_name_match	0			assembly_summary_no_match
RNODE_146_length_5606_cov_4.42067	45202	45202	plasmid	/net/sgi/cami/data/CAMI2/nwillassen_data/marine/simulation_short_read/genomes/RNODE_146_length_5606_cov_4.42067.fasta	RNODE 146 length 5606 cov 4.42067	rnode 146 length 5606 cov 4 42067	0		no_exact_source_name_match	0			assembly_summary_no_match
RNODE_234_length_1595_cov_9.13223	45202	45202	plasmid	/net/sgi/cami/data/CAMI2/nwillassen_data/marine/simulation_short_read/genomes/RNODE_234_length_1595_cov_9.13223.fasta	RNODE 234 length 1595 cov 9.13223	rnode 234 length 1595 cov 9 13223	0		no_exact_source_name_match	0			assembly_summary_no_match
RNODE_372_length_2448_cov_3.45466	45202	45202	plasmid	/net/sgi/cami/data/CAMI2/nwillassen_data/marine/simulation_short_read/genomes/RNODE_372_length_2448_cov_3.45466.fasta	RNODE 372 length 2448 cov 3.45466	rnode 372 length 2448 cov 3 45466	0		no_exact_source_name_match	0			assembly_summary_no_match
RNODE_109_length_1521_cov_3.43229	45202	45202	plasmid	/net/sgi/cami/data/CAMI2/nwillassen_data/marine/simulation_short_read/genomes/RNODE_109_length_1521_cov_3.43229.fasta	RNODE 109 length 1521 cov 3.43229	rnode 109 length 1521 cov 3 43229	0		no_exact_source_name_match	0			assembly_summary_no_match
RNODE_74_length_1811_cov_7.67971	45202	45202	plasmid	/net/sgi/cami/data/CAMI2/nwillassen_data/marine/simulation_short_read/genomes/RNODE_74_length_1811_cov_7.67971.fasta	RNODE 74 length 1811 cov 7.67971	rnode 74 length 1811 cov 7 67971	0		no_exact_source_name_match	0			assembly_summary_no_match
RNODE_125_length_3363_cov_4.82640	45202	45202	plasmid	/net/sgi/cami/data/CAMI2/nwillassen_data/marine/simulation_short_read/genomes/RNODE_125_length_3363_cov_4.82640.fasta	RNODE 125 length 3363 cov 4.82640	rnode 125 length 3363 cov 4 82640	0		no_exact_source_name_match	0			assembly_summary_no_match
RNODE_254_length_2341_cov_33.31005	45202	45202	plasmid	/net/sgi/cami/data/CAMI2/nwillassen_data/marine/simulation_short_read/genomes/RNODE_254_length_2341_cov_33.31005.fasta	RNODE 254 length 2341 cov 33.31005	rnode 254 length 2341 cov 33 31005	0		no_exact_source_name_match	0			assembly_summary_no_match
RNODE_528_length_4221_cov_4.74329	32644	32644	unknown	/net/sgi/cami/data/CAMI2/nwillassen_data/marine/simulation_short_read/genomes/RNODE_528_length_4221_cov_4.74329.fasta	RNODE 528 length 4221 cov 4.74329	rnode 528 length 4221 cov 4 74329	0		no_exact_source_name_match	0			assembly_summary_no_match
RNODE_171_length_3474_cov_9.39716	45202	45202	plasmid	/net/sgi/cami/data/CAMI2/nwillassen_data/marine/simulation_short_read/genomes/RNODE_171_length_3474_cov_9.39716.fasta	RNODE 171 length 3474 cov 9.39716	rnode 171 length 3474 cov 9 39716	0		no_exact_source_name_match	0			assembly_summary_no_match
RNODE_314_length_6164_cov_50.81211	32644	32644	unknown	/net/sgi/cami/data/CAMI2/nwillassen_data/marine/simulation_short_read/genomes/RNODE_314_length_6164_cov_50.81211.fasta	RNODE 314 length 6164 cov 50.81211	rnode 314 length 6164 cov 50 81211	0		no_exact_source_name_match	0			assembly_summary_no_match
RNODE_411_length_4317_cov_4.49267	45202	45202	plasmid	/net/sgi/cami/data/CAMI2/nwillassen_data/marine/simulation_short_read/genomes/RNODE_411_length_4317_cov_4.49267.fasta	RNODE 411 length 4317 cov 4.49267	rnode 411 length 4317 cov 4 49267	0		no_exact_source_name_match	0			assembly_summary_no_match
RNODE_431_length_1803_cov_5.36772	32644	32644	unknown	/net/sgi/cami/data/CAMI2/nwillassen_data/marine/simulation_short_read/genomes/RNODE_431_length_1803_cov_5.36772.fasta	RNODE 431 length 1803 cov 5.36772	rnode 431 length 1803 cov 5 36772	0		no_exact_source_name_match	0			assembly_summary_no_match
RNODE_14_length_1961_cov_5.54358	32644	32644	unknown	/net/sgi/cami/data/CAMI2/nwillassen_data/marine/simulation_short_read/genomes/RNODE_14_length_1961_cov_5.54358.fasta	RNODE 14 length 1961 cov 5.54358	rnode 14 length 1961 cov 5 54358	0		no_exact_source_name_match	0			assembly_summary_no_match
RNODE_451_length_4052_cov_6.62773	1214906	1214906	virus	/net/sgi/cami/data/CAMI2/nwillassen_data/marine/simulation_short_read/genomes/RNODE_451_length_4052_cov_6.62773.fasta	RNODE 451 length 4052 cov 6.62773	rnode 451 length 4052 cov 6 62773	0		no_exact_source_name_match	0			assembly_summary_no_match
RNODE_559_length_3361_cov_13.97064	45202	45202	plasmid	/net/sgi/cami/data/CAMI2/nwillassen_data/marine/simulation_short_read/genomes/RNODE_559_length_3361_cov_13.97064.fasta	RNODE 559 length 3361 cov 13.97064	rnode 559 length 3361 cov 13 97064	0		no_exact_source_name_match	0			assembly_summary_no_match
RNODE_534_length_10183_cov_8.47628	45202	45202	plasmid	/net/sgi/cami/data/CAMI2/nwillassen_data/marine/simulation_short_read/genomes/RNODE_534_length_10183_cov_8.47628.fasta	RNODE 534 length 10183 cov 8.47628	rnode 534 length 10183 cov 8 47628	0		no_exact_source_name_match	0			assembly_summary_no_match
RNODE_56_length_2028_cov_4.74177	45202	45202	plasmid	/net/sgi/cami/data/CAMI2/nwillassen_data/marine/simulation_short_read/genomes/RNODE_56_length_2028_cov_4.74177.fasta	RNODE 56 length 2028 cov 4.74177	rnode 56 length 2028 cov 4 74177	0		no_exact_source_name_match	0			assembly_summary_no_match
RNODE_227_length_4381_cov_5.48337	45202	45202	plasmid	/net/sgi/cami/data/CAMI2/nwillassen_data/marine/simulation_short_read/genomes/RNODE_227_length_4381_cov_5.48337.fasta	RNODE 227 length 4381 cov 5.48337	rnode 227 length 4381 cov 5 48337	0		no_exact_source_name_match	0			assembly_summary_no_match
RNODE_496_length_8599_cov_9.53327	45202	45202	plasmid	/net/sgi/cami/data/CAMI2/nwillassen_data/marine/simulation_short_read/genomes/RNODE_496_length_8599_cov_9.53327.fasta	RNODE 496 length 8599 cov 9.53327	rnode 496 length 8599 cov 9 53327	0		no_exact_source_name_match	0			assembly_summary_no_match
RNODE_24_length_2639_cov_14.02331	32644	32644	unknown	/net/sgi/cami/data/CAMI2/nwillassen_data/marine/simulation_short_read/genomes/RNODE_24_length_2639_cov_14.02331.fasta	RNODE 24 length 2639 cov 14.02331	rnode 24 length 2639 cov 14 02331	0		no_exact_source_name_match	0			assembly_summary_no_match
RNODE_322_length_4175_cov_18.22923	45202	45202	plasmid	/net/sgi/cami/data/CAMI2/nwillassen_data/marine/simulation_short_read/genomes/RNODE_322_length_4175_cov_18.22923.fasta	RNODE 322 length 4175 cov 18.22923	rnode 322 length 4175 cov 18 22923	0		no_exact_source_name_match	0			assembly_summary_no_match
RNODE_32_length_11742_cov_6.79514	45202	45202	plasmid	/net/sgi/cami/data/CAMI2/nwillassen_data/marine/simulation_short_read/genomes/RNODE_32_length_11742_cov_6.79514.fasta	RNODE 32 length 11742 cov 6.79514	rnode 32 length 11742 cov 6 79514	0		no_exact_source_name_match	0			assembly_summary_no_match
RNODE_60_length_1811_cov_3.41811	32644	32644	unknown	/net/sgi/cami/data/CAMI2/nwillassen_data/marine/simulation_short_read/genomes/RNODE_60_length_1811_cov_3.41811.fasta	RNODE 60 length 1811 cov 3.41811	rnode 60 length 1811 cov 3 41811	0		no_exact_source_name_match	0			assembly_summary_no_match
RNODE_404_length_3462_cov_2.92616	32644	32644	unknown	/net/sgi/cami/data/CAMI2/nwillassen_data/marine/simulation_short_read/genomes/RNODE_404_length_3462_cov_2.92616.fasta	RNODE 404 length 3462 cov 2.92616	rnode 404 length 3462 cov 2 92616	0		no_exact_source_name_match	0			assembly_summary_no_match
RNODE_220_length_2011_cov_9.40825	45202	45202	plasmid	/net/sgi/cami/data/CAMI2/nwillassen_data/marine/simulation_short_read/genomes/RNODE_220_length_2011_cov_9.40825.fasta	RNODE 220 length 2011 cov 9.40825	rnode 220 length 2011 cov 9 40825	0		no_exact_source_name_match	0			assembly_summary_no_match
RNODE_562_length_2033_cov_5.34232	45202	45202	plasmid	/net/sgi/cami/data/CAMI2/nwillassen_data/marine/simulation_short_read/genomes/RNODE_562_length_2033_cov_5.34232.fasta	RNODE 562 length 2033 cov 5.34232	rnode 562 length 2033 cov 5 34232	0		no_exact_source_name_match	0			assembly_summary_no_match
RNODE_54_length_5865_cov_60.48297	45202	45202	plasmid	/net/sgi/cami/data/CAMI2/nwillassen_data/marine/simulation_short_read/genomes/RNODE_54_length_5865_cov_60.48297.fasta	RNODE 54 length 5865 cov 60.48297	rnode 54 length 5865 cov 60 48297	0		no_exact_source_name_match	0			assembly_summary_no_match
RNODE_294_length_6942_cov_7.24595	32644	32644	unknown	/net/sgi/cami/data/CAMI2/nwillassen_data/marine/simulation_short_read/genomes/RNODE_294_length_6942_cov_7.24595.fasta	RNODE 294 length 6942 cov 7.24595	rnode 294 length 6942 cov 7 24595	0		no_exact_source_name_match	0			assembly_summary_no_match
RNODE_133_length_1956_cov_5.95398	45202	45202	plasmid	/net/sgi/cami/data/CAMI2/nwillassen_data/marine/simulation_short_read/genomes/RNODE_133_length_1956_cov_5.95398.fasta	RNODE 133 length 1956 cov 5.95398	rnode 133 length 1956 cov 5 95398	0		no_exact_source_name_match	0			assembly_summary_no_match
RNODE_224_length_2083_cov_4.45463	32644	32644	unknown	/net/sgi/cami/data/CAMI2/nwillassen_data/marine/simulation_short_read/genomes/RNODE_224_length_2083_cov_4.45463.fasta	RNODE 224 length 2083 cov 4.45463	rnode 224 length 2083 cov 4 45463	0		no_exact_source_name_match	0			assembly_summary_no_match
RNODE_487_length_5196_cov_22.71473	45202	45202	plasmid	/net/sgi/cami/data/CAMI2/nwillassen_data/marine/simulation_short_read/genomes/RNODE_487_length_5196_cov_22.71473.fasta	RNODE 487 length 5196 cov 22.71473	rnode 487 length 5196 cov 22 71473	0		no_exact_source_name_match	0			assembly_summary_no_match
RNODE_394_length_3642_cov_5.12873	32644	32644	unknown	/net/sgi/cami/data/CAMI2/nwillassen_data/marine/simulation_short_read/genomes/RNODE_394_length_3642_cov_5.12873.fasta	RNODE 394 length 3642 cov 5.12873	rnode 394 length 3642 cov 5 12873	0		no_exact_source_name_match	0			assembly_summary_no_match
RNODE_38_length_1552_cov_8.47059	45202	45202	plasmid	/net/sgi/cami/data/CAMI2/nwillassen_data/marine/simulation_short_read/genomes/RNODE_38_length_1552_cov_8.47059.fasta	RNODE 38 length 1552 cov 8.47059	rnode 38 length 1552 cov 8 47059	0		no_exact_source_name_match	0			assembly_summary_no_match
RNODE_532_length_1573_cov_5.21419	32644	32644	unknown	/net/sgi/cami/data/CAMI2/nwillassen_data/marine/simulation_short_read/genomes/RNODE_532_length_1573_cov_5.21419.fasta	RNODE 532 length 1573 cov 5.21419	rnode 532 length 1573 cov 5 21419	0		no_exact_source_name_match	0			assembly_summary_no_match
RNODE_498_length_2044_cov_7.98216	45202	45202	plasmid	/net/sgi/cami/data/CAMI2/nwillassen_data/marine/simulation_short_read/genomes/RNODE_498_length_2044_cov_7.98216.fasta	RNODE 498 length 2044 cov 7.98216	rnode 498 length 2044 cov 7 98216	0		no_exact_source_name_match	0			assembly_summary_no_match
RNODE_468_length_1541_cov_8.66960	45202	45202	plasmid	/net/sgi/cami/data/CAMI2/nwillassen_data/marine/simulation_short_read/genomes/RNODE_468_length_1541_cov_8.66960.fasta	RNODE 468 length 1541 cov 8.66960	rnode 468 length 1541 cov 8 66960	0		no_exact_source_name_match	0			assembly_summary_no_match
RNODE_362_length_3387_cov_8.21902	45202	45202	plasmid	/net/sgi/cami/data/CAMI2/nwillassen_data/marine/simulation_short_read/genomes/RNODE_362_length_3387_cov_8.21902.fasta	RNODE 362 length 3387 cov 8.21902	rnode 362 length 3387 cov 8 21902	0		no_exact_source_name_match	0			assembly_summary_no_match
RNODE_93_length_1501_cov_3.34415	45202	45202	plasmid	/net/sgi/cami/data/CAMI2/nwillassen_data/marine/simulation_short_read/genomes/RNODE_93_length_1501_cov_3.34415.fasta	RNODE 93 length 1501 cov 3.34415	rnode 93 length 1501 cov 3 34415	0		no_exact_source_name_match	0			assembly_summary_no_match
RNODE_259_length_1574_cov_100.84149	32644	32644	unknown	/net/sgi/cami/data/CAMI2/nwillassen_data/marine/simulation_short_read/genomes/RNODE_259_length_1574_cov_100.84149.fasta	RNODE 259 length 1574 cov 100.84149	rnode 259 length 1574 cov 100 84149	0		no_exact_source_name_match	0			assembly_summary_no_match
RNODE_156_length_3948_cov_63.43887	45202	45202	plasmid	/net/sgi/cami/data/CAMI2/nwillassen_data/marine/simulation_short_read/genomes/RNODE_156_length_3948_cov_63.43887.fasta	RNODE 156 length 3948 cov 63.43887	rnode 156 length 3948 cov 63 43887	0		no_exact_source_name_match	0			assembly_summary_no_match
RNODE_290_length_1262_cov_19.53548	32644	32644	unknown	/net/sgi/cami/data/CAMI2/nwillassen_data/marine/simulation_short_read/genomes/RNODE_290_length_1262_cov_19.53548.fasta	RNODE 290 length 1262 cov 19.53548	rnode 290 length 1262 cov 19 53548	0		no_exact_source_name_match	0			assembly_summary_no_match
RNODE_531_length_9868_cov_8.44904	1214906	1214906	virus	/net/sgi/cami/data/CAMI2/nwillassen_data/marine/simulation_short_read/genomes/RNODE_531_length_9868_cov_8.44904.fasta	RNODE 531 length 9868 cov 8.44904	rnode 531 length 9868 cov 8 44904	0		no_exact_source_name_match	0			assembly_summary_no_match
RNODE_515_length_1754_cov_11.73892	32644	32644	unknown	/net/sgi/cami/data/CAMI2/nwillassen_data/marine/simulation_short_read/genomes/RNODE_515_length_1754_cov_11.73892.fasta	RNODE 515 length 1754 cov 11.73892	rnode 515 length 1754 cov 11 73892	0		no_exact_source_name_match	0			assembly_summary_no_match
RNODE_530_length_2571_cov_32.65278	32644	32644	unknown	/net/sgi/cami/data/CAMI2/nwillassen_data/marine/simulation_short_read/genomes/RNODE_530_length_2571_cov_32.65278.fasta	RNODE 530 length 2571 cov 32.65278	rnode 530 length 2571 cov 32 65278	0		no_exact_source_name_match	0			assembly_summary_no_match
RNODE_225_length_25884_cov_6.69550	45202	45202	plasmid	/net/sgi/cami/data/CAMI2/nwillassen_data/marine/simulation_short_read/genomes/RNODE_225_length_25884_cov_6.69550.fasta	RNODE 225 length 25884 cov 6.69550	rnode 225 length 25884 cov 6 69550	0		no_exact_source_name_match	0			assembly_summary_no_match
RNODE_323_length_1696_cov_4.05556	32644	32644	unknown	/net/sgi/cami/data/CAMI2/nwillassen_data/marine/simulation_short_read/genomes/RNODE_323_length_1696_cov_4.05556.fasta	RNODE 323 length 1696 cov 4.05556	rnode 323 length 1696 cov 4 05556	0		no_exact_source_name_match	0			assembly_summary_no_match
RNODE_228_length_3093_cov_6.42006	45202	45202	plasmid	/net/sgi/cami/data/CAMI2/nwillassen_data/marine/simulation_short_read/genomes/RNODE_228_length_3093_cov_6.42006.fasta	RNODE 228 length 3093 cov 6.42006	rnode 228 length 3093 cov 6 42006	0		no_exact_source_name_match	0			assembly_summary_no_match
RNODE_350_length_2314_cov_37.19546	32644	32644	unknown	/net/sgi/cami/data/CAMI2/nwillassen_data/marine/simulation_short_read/genomes/RNODE_350_length_2314_cov_37.19546.fasta	RNODE 350 length 2314 cov 37.19546	rnode 350 length 2314 cov 37 19546	0		no_exact_source_name_match	0			assembly_summary_no_match
RNODE_50_length_1796_cov_6.24352	45202	45202	plasmid	/net/sgi/cami/data/CAMI2/nwillassen_data/marine/simulation_short_read/genomes/RNODE_50_length_1796_cov_6.24352.fasta	RNODE 50 length 1796 cov 6.24352	rnode 50 length 1796 cov 6 24352	0		no_exact_source_name_match	0			assembly_summary_no_match
RNODE_360_length_7414_cov_9.06737	45202	45202	plasmid	/net/sgi/cami/data/CAMI2/nwillassen_data/marine/simulation_short_read/genomes/RNODE_360_length_7414_cov_9.06737.fasta	RNODE 360 length 7414 cov 9.06737	rnode 360 length 7414 cov 9 06737	0		no_exact_source_name_match	0			assembly_summary_no_match
RNODE_251_length_2763_cov_28.99562	45202	45202	plasmid	/net/sgi/cami/data/CAMI2/nwillassen_data/marine/simulation_short_read/genomes/RNODE_251_length_2763_cov_28.99562.fasta	RNODE 251 length 2763 cov 28.99562	rnode 251 length 2763 cov 28 99562	0		no_exact_source_name_match	0			assembly_summary_no_match
RNODE_159_length_3592_cov_2.43025	32644	32644	unknown	/net/sgi/cami/data/CAMI2/nwillassen_data/marine/simulation_short_read/genomes/RNODE_159_length_3592_cov_2.43025.fasta	RNODE 159 length 3592 cov 2.43025	rnode 159 length 3592 cov 2 43025	0		no_exact_source_name_match	0			assembly_summary_no_match
RNODE_315_length_1516_cov_8.44846	45202	45202	plasmid	/net/sgi/cami/data/CAMI2/nwillassen_data/marine/simulation_short_read/genomes/RNODE_315_length_1516_cov_8.44846.fasta	RNODE 315 length 1516 cov 8.44846	rnode 315 length 1516 cov 8 44846	0		no_exact_source_name_match	0			assembly_summary_no_match
RNODE_149_length_1949_cov_4.19357	45202	45202	plasmid	/net/sgi/cami/data/CAMI2/nwillassen_data/marine/simulation_short_read/genomes/RNODE_149_length_1949_cov_4.19357.fasta	RNODE 149 length 1949 cov 4.19357	rnode 149 length 1949 cov 4 19357	0		no_exact_source_name_match	0			assembly_summary_no_match
RNODE_428_length_4686_cov_43.92415	45202	45202	plasmid	/net/sgi/cami/data/CAMI2/nwillassen_data/marine/simulation_short_read/genomes/RNODE_428_length_4686_cov_43.92415.fasta	RNODE 428 length 4686 cov 43.92415	rnode 428 length 4686 cov 43 92415	0		no_exact_source_name_match	0			assembly_summary_no_match
RNODE_25_length_1750_cov_3.28993	32644	32644	unknown	/net/sgi/cami/data/CAMI2/nwillassen_data/marine/simulation_short_read/genomes/RNODE_25_length_1750_cov_3.28993.fasta	RNODE 25 length 1750 cov 3.28993	rnode 25 length 1750 cov 3 28993	0		no_exact_source_name_match	0			assembly_summary_no_match
RNODE_89_length_4251_cov_3.70418	32644	32644	unknown	/net/sgi/cami/data/CAMI2/nwillassen_data/marine/simulation_short_read/genomes/RNODE_89_length_4251_cov_3.70418.fasta	RNODE 89 length 4251 cov 3.70418	rnode 89 length 4251 cov 3 70418	0		no_exact_source_name_match	0			assembly_summary_no_match
RNODE_67_length_1419_cov_2.86686	32644	32644	unknown	/net/sgi/cami/data/CAMI2/nwillassen_data/marine/simulation_short_read/genomes/RNODE_67_length_1419_cov_2.86686.fasta	RNODE 67 length 1419 cov 2.86686	rnode 67 length 1419 cov 2 86686	0		no_exact_source_name_match	0			assembly_summary_no_match
RNODE_147_length_1816_cov_3.48216	32644	32644	unknown	/net/sgi/cami/data/CAMI2/nwillassen_data/marine/simulation_short_read/genomes/RNODE_147_length_1816_cov_3.48216.fasta	RNODE 147 length 1816 cov 3.48216	rnode 147 length 1816 cov 3 48216	0		no_exact_source_name_match	0			assembly_summary_no_match
RNODE_134_length_2327_cov_32.11800	32644	32644	unknown	/net/sgi/cami/data/CAMI2/nwillassen_data/marine/simulation_short_read/genomes/RNODE_134_length_2327_cov_32.11800.fasta	RNODE 134 length 2327 cov 32.11800	rnode 134 length 2327 cov 32 11800	0		no_exact_source_name_match	0			assembly_summary_no_match
RNODE_218_length_1465_cov_7.29868	32644	32644	unknown	/net/sgi/cami/data/CAMI2/nwillassen_data/marine/simulation_short_read/genomes/RNODE_218_length_1465_cov_7.29868.fasta	RNODE 218 length 1465 cov 7.29868	rnode 218 length 1465 cov 7 29868	0		no_exact_source_name_match	0			assembly_summary_no_match
RNODE_258_length_1627_cov_2.34517	45202	45202	plasmid	/net/sgi/cami/data/CAMI2/nwillassen_data/marine/simulation_short_read/genomes/RNODE_258_length_1627_cov_2.34517.fasta	RNODE 258 length 1627 cov 2.34517	rnode 258 length 1627 cov 2 34517	0		no_exact_source_name_match	0			assembly_summary_no_match
RNODE_339_length_1478_cov_5.31250	32644	32644	unknown	/net/sgi/cami/data/CAMI2/nwillassen_data/marine/simulation_short_read/genomes/RNODE_339_length_1478_cov_5.31250.fasta	RNODE 339 length 1478 cov 5.31250	rnode 339 length 1478 cov 5 31250	0		no_exact_source_name_match	0			assembly_summary_no_match
RNODE_139_length_3589_cov_11.15335	45202	45202	plasmid	/net/sgi/cami/data/CAMI2/nwillassen_data/marine/simulation_short_read/genomes/RNODE_139_length_3589_cov_11.15335.fasta	RNODE 139 length 3589 cov 11.15335	rnode 139 length 3589 cov 11 15335	0		no_exact_source_name_match	0			assembly_summary_no_match
RNODE_576_length_3043_cov_26.79081	45202	45202	plasmid	/net/sgi/cami/data/CAMI2/nwillassen_data/marine/simulation_short_read/genomes/RNODE_576_length_3043_cov_26.79081.fasta	RNODE 576 length 3043 cov 26.79081	rnode 576 length 3043 cov 26 79081	0		no_exact_source_name_match	0			assembly_summary_no_match
RNODE_324_length_1537_cov_10.20528	45202	45202	plasmid	/net/sgi/cami/data/CAMI2/nwillassen_data/marine/simulation_short_read/genomes/RNODE_324_length_1537_cov_10.20528.fasta	RNODE 324 length 1537 cov 10.20528	rnode 324 length 1537 cov 10 20528	0		no_exact_source_name_match	0			assembly_summary_no_match
RNODE_443_length_1591_cov_6.87251	32644	32644	unknown	/net/sgi/cami/data/CAMI2/nwillassen_data/marine/simulation_short_read/genomes/RNODE_443_length_1591_cov_6.87251.fasta	RNODE 443 length 1591 cov 6.87251	rnode 443 length 1591 cov 6 87251	0		no_exact_source_name_match	0			assembly_summary_no_match
RNODE_435_length_5602_cov_25.16136	45202	45202	plasmid	/net/sgi/cami/data/CAMI2/nwillassen_data/marine/simulation_short_read/genomes/RNODE_435_length_5602_cov_25.16136.fasta	RNODE 435 length 5602 cov 25.16136	rnode 435 length 5602 cov 25 16136	0		no_exact_source_name_match	0			assembly_summary_no_match
RNODE_114_length_10406_cov_5.47746	32644	32644	unknown	/net/sgi/cami/data/CAMI2/nwillassen_data/marine/simulation_short_read/genomes/RNODE_114_length_10406_cov_5.47746.fasta	RNODE 114 length 10406 cov 5.47746	rnode 114 length 10406 cov 5 47746	0		no_exact_source_name_match	0			assembly_summary_no_match
RNODE_513_length_2330_cov_8.01964	45202	45202	plasmid	/net/sgi/cami/data/CAMI2/nwillassen_data/marine/simulation_short_read/genomes/RNODE_513_length_2330_cov_8.01964.fasta	RNODE 513 length 2330 cov 8.01964	rnode 513 length 2330 cov 8 01964	0		no_exact_source_name_match	0			assembly_summary_no_match
RNODE_474_length_1569_cov_5.24895	45202	45202	plasmid	/net/sgi/cami/data/CAMI2/nwillassen_data/marine/simulation_short_read/genomes/RNODE_474_length_1569_cov_5.24895.fasta	RNODE 474 length 1569 cov 5.24895	rnode 474 length 1569 cov 5 24895	0		no_exact_source_name_match	0			assembly_summary_no_match
RNODE_393_length_3465_cov_6.98635	32644	32644	unknown	/net/sgi/cami/data/CAMI2/nwillassen_data/marine/simulation_short_read/genomes/RNODE_393_length_3465_cov_6.98635.fasta	RNODE 393 length 3465 cov 6.98635	rnode 393 length 3465 cov 6 98635	0		no_exact_source_name_match	0			assembly_summary_no_match
RNODE_383_length_2253_cov_7.64097	45202	45202	plasmid	/net/sgi/cami/data/CAMI2/nwillassen_data/marine/simulation_short_read/genomes/RNODE_383_length_2253_cov_7.64097.fasta	RNODE 383 length 2253 cov 7.64097	rnode 383 length 2253 cov 7 64097	0		no_exact_source_name_match	0			assembly_summary_no_match
RNODE_442_length_4465_cov_7.11694	45202	45202	plasmid	/net/sgi/cami/data/CAMI2/nwillassen_data/marine/simulation_short_read/genomes/RNODE_442_length_4465_cov_7.11694.fasta	RNODE 442 length 4465 cov 7.11694	rnode 442 length 4465 cov 7 11694	0		no_exact_source_name_match	0			assembly_summary_no_match
RNODE_291_length_2033_cov_2.59025	32644	32644	unknown	/net/sgi/cami/data/CAMI2/nwillassen_data/marine/simulation_short_read/genomes/RNODE_291_length_2033_cov_2.59025.fasta	RNODE 291 length 2033 cov 2.59025	rnode 291 length 2033 cov 2 59025	0		no_exact_source_name_match	0			assembly_summary_no_match
RNODE_355_length_1663_cov_6.12066	45202	45202	plasmid	/net/sgi/cami/data/CAMI2/nwillassen_data/marine/simulation_short_read/genomes/RNODE_355_length_1663_cov_6.12066.fasta	RNODE 355 length 1663 cov 6.12066	rnode 355 length 1663 cov 6 12066	0		no_exact_source_name_match	0			assembly_summary_no_match
RNODE_407_length_46658_cov_49.66972	1214906	1214906	virus	/net/sgi/cami/data/CAMI2/nwillassen_data/marine/simulation_short_read/genomes/RNODE_407_length_46658_cov_49.66972.fasta	RNODE 407 length 46658 cov 49.66972	rnode 407 length 46658 cov 49 66972	0		no_exact_source_name_match	0			assembly_summary_no_match
RNODE_65_length_5443_cov_3.51540	45202	45202	plasmid	/net/sgi/cami/data/CAMI2/nwillassen_data/marine/simulation_short_read/genomes/RNODE_65_length_5443_cov_3.51540.fasta	RNODE 65 length 5443 cov 3.51540	rnode 65 length 5443 cov 3 51540	0		no_exact_source_name_match	0			assembly_summary_no_match
RNODE_158_length_1640_cov_4.51607	32644	32644	unknown	/net/sgi/cami/data/CAMI2/nwillassen_data/marine/simulation_short_read/genomes/RNODE_158_length_1640_cov_4.51607.fasta	RNODE 158 length 1640 cov 4.51607	rnode 158 length 1640 cov 4 51607	0		no_exact_source_name_match	0			assembly_summary_no_match
RNODE_308_length_1875_cov_5.96654	45202	45202	plasmid	/net/sgi/cami/data/CAMI2/nwillassen_data/marine/simulation_short_read/genomes/RNODE_308_length_1875_cov_5.96654.fasta	RNODE 308 length 1875 cov 5.96654	rnode 308 length 1875 cov 5 96654	0		no_exact_source_name_match	0			assembly_summary_no_match
RNODE_434_length_14801_cov_23.79494	45202	45202	plasmid	/net/sgi/cami/data/CAMI2/nwillassen_data/marine/simulation_short_read/genomes/RNODE_434_length_14801_cov_23.79494.fasta	RNODE 434 length 14801 cov 23.79494	rnode 434 length 14801 cov 23 79494	0		no_exact_source_name_match	0			assembly_summary_no_match
RNODE_235_length_2608_cov_55.03480	45202	45202	plasmid	/net/sgi/cami/data/CAMI2/nwillassen_data/marine/simulation_short_read/genomes/RNODE_235_length_2608_cov_55.03480.fasta	RNODE 235 length 2608 cov 55.03480	rnode 235 length 2608 cov 55 03480	0		no_exact_source_name_match	0			assembly_summary_no_match
RNODE_521_length_36130_cov_13.94678	32644	32644	unknown	/net/sgi/cami/data/CAMI2/nwillassen_data/marine/simulation_short_read/genomes/RNODE_521_length_36130_cov_13.94678.fasta	RNODE 521 length 36130 cov 13.94678	rnode 521 length 36130 cov 13 94678	0		no_exact_source_name_match	0			assembly_summary_no_match
RNODE_320_length_4859_cov_4.38495	45202	45202	plasmid	/net/sgi/cami/data/CAMI2/nwillassen_data/marine/simulation_short_read/genomes/RNODE_320_length_4859_cov_4.38495.fasta	RNODE 320 length 4859 cov 4.38495	rnode 320 length 4859 cov 4 38495	0		no_exact_source_name_match	0			assembly_summary_no_match
RNODE_5_length_4125_cov_14.53571	45202	45202	plasmid	/net/sgi/cami/data/CAMI2/nwillassen_data/marine/simulation_short_read/genomes/RNODE_5_length_4125_cov_14.53571.fasta	RNODE 5 length 4125 cov 14.53571	rnode 5 length 4125 cov 14 53571	0		no_exact_source_name_match	0			assembly_summary_no_match
RNODE_243_length_1453_cov_2.63382	45202	45202	plasmid	/net/sgi/cami/data/CAMI2/nwillassen_data/marine/simulation_short_read/genomes/RNODE_243_length_1453_cov_2.63382.fasta	RNODE 243 length 1453 cov 2.63382	rnode 243 length 1453 cov 2 63382	0		no_exact_source_name_match	0			assembly_summary_no_match
RNODE_277_length_1592_cov_15.82548	45202	45202	plasmid	/net/sgi/cami/data/CAMI2/nwillassen_data/marine/simulation_short_read/genomes/RNODE_277_length_1592_cov_15.82548.fasta	RNODE 277 length 1592 cov 15.82548	rnode 277 length 1592 cov 15 82548	0		no_exact_source_name_match	0			assembly_summary_no_match
RNODE_309_length_1659_cov_3.16188	45202	45202	plasmid	/net/sgi/cami/data/CAMI2/nwillassen_data/marine/simulation_short_read/genomes/RNODE_309_length_1659_cov_3.16188.fasta	RNODE 309 length 1659 cov 3.16188	rnode 309 length 1659 cov 3 16188	0		no_exact_source_name_match	0			assembly_summary_no_match
RNODE_444_length_4937_cov_48.00188	45202	45202	plasmid	/net/sgi/cami/data/CAMI2/nwillassen_data/marine/simulation_short_read/genomes/RNODE_444_length_4937_cov_48.00188.fasta	RNODE 444 length 4937 cov 48.00188	rnode 444 length 4937 cov 48 00188	0		no_exact_source_name_match	0			assembly_summary_no_match
RNODE_150_length_1379_cov_3.97642	32644	32644	unknown	/net/sgi/cami/data/CAMI2/nwillassen_data/marine/simulation_short_read/genomes/RNODE_150_length_1379_cov_3.97642.fasta	RNODE 150 length 1379 cov 3.97642	rnode 150 length 1379 cov 3 97642	0		no_exact_source_name_match	0			assembly_summary_no_match
RNODE_180_length_2647_cov_2.76800	32644	32644	unknown	/net/sgi/cami/data/CAMI2/nwillassen_data/marine/simulation_short_read/genomes/RNODE_180_length_2647_cov_2.76800.fasta	RNODE 180 length 2647 cov 2.76800	rnode 180 length 2647 cov 2 76800	0		no_exact_source_name_match	0			assembly_summary_no_match
RNODE_31_length_1357_cov_12.09363	45202	45202	plasmid	/net/sgi/cami/data/CAMI2/nwillassen_data/marine/simulation_short_read/genomes/RNODE_31_length_1357_cov_12.09363.fasta	RNODE 31 length 1357 cov 12.09363	rnode 31 length 1357 cov 12 09363	0		no_exact_source_name_match	0			assembly_summary_no_match
RNODE_248_length_5318_cov_4.74604	32644	32644	unknown	/net/sgi/cami/data/CAMI2/nwillassen_data/marine/simulation_short_read/genomes/RNODE_248_length_5318_cov_4.74604.fasta	RNODE 248 length 5318 cov 4.74604	rnode 248 length 5318 cov 4 74604	0		no_exact_source_name_match	0			assembly_summary_no_match
RNODE_417_length_2670_cov_14.84403	32644	32644	unknown	/net/sgi/cami/data/CAMI2/nwillassen_data/marine/simulation_short_read/genomes/RNODE_417_length_2670_cov_14.84403.fasta	RNODE 417 length 2670 cov 14.84403	rnode 417 length 2670 cov 14 84403	0		no_exact_source_name_match	0			assembly_summary_no_match
RNODE_367_length_2322_cov_4.57652	32644	32644	unknown	/net/sgi/cami/data/CAMI2/nwillassen_data/marine/simulation_short_read/genomes/RNODE_367_length_2322_cov_4.57652.fasta	RNODE 367 length 2322 cov 4.57652	rnode 367 length 2322 cov 4 57652	0		no_exact_source_name_match	0			assembly_summary_no_match
RNODE_338_length_1509_cov_4.27236	32644	32644	unknown	/net/sgi/cami/data/CAMI2/nwillassen_data/marine/simulation_short_read/genomes/RNODE_338_length_1509_cov_4.27236.fasta	RNODE 338 length 1509 cov 4.27236	rnode 338 length 1509 cov 4 27236	0		no_exact_source_name_match	0			assembly_summary_no_match
RNODE_108_length_2015_cov_7.02007	32644	32644	unknown	/net/sgi/cami/data/CAMI2/nwillassen_data/marine/simulation_short_read/genomes/RNODE_108_length_2015_cov_7.02007.fasta	RNODE 108 length 2015 cov 7.02007	rnode 108 length 2015 cov 7 02007	0		no_exact_source_name_match	0			assembly_summary_no_match
RNODE_279_length_3658_cov_27.56711	45202	45202	plasmid	/net/sgi/cami/data/CAMI2/nwillassen_data/marine/simulation_short_read/genomes/RNODE_279_length_3658_cov_27.56711.fasta	RNODE 279 length 3658 cov 27.56711	rnode 279 length 3658 cov 27 56711	0		no_exact_source_name_match	0			assembly_summary_no_match
RNODE_193_length_1789_cov_7.19864	45202	45202	plasmid	/net/sgi/cami/data/CAMI2/nwillassen_data/marine/simulation_short_read/genomes/RNODE_193_length_1789_cov_7.19864.fasta	RNODE 193 length 1789 cov 7.19864	rnode 193 length 1789 cov 7 19864	0		no_exact_source_name_match	0			assembly_summary_no_match
RNODE_107_length_1496_cov_161.33989	45202	45202	plasmid	/net/sgi/cami/data/CAMI2/nwillassen_data/marine/simulation_short_read/genomes/RNODE_107_length_1496_cov_161.33989.fasta	RNODE 107 length 1496 cov 161.33989	rnode 107 length 1496 cov 161 33989	0		no_exact_source_name_match	0			assembly_summary_no_match
RNODE_91_length_2298_cov_6.78822	32644	32644	unknown	/net/sgi/cami/data/CAMI2/nwillassen_data/marine/simulation_short_read/genomes/RNODE_91_length_2298_cov_6.78822.fasta	RNODE 91 length 2298 cov 6.78822	rnode 91 length 2298 cov 6 78822	0		no_exact_source_name_match	0			assembly_summary_no_match
RNODE_36_length_1303_cov_4.84934	32644	32644	unknown	/net/sgi/cami/data/CAMI2/nwillassen_data/marine/simulation_short_read/genomes/RNODE_36_length_1303_cov_4.84934.fasta	RNODE 36 length 1303 cov 4.84934	rnode 36 length 1303 cov 4 84934	0		no_exact_source_name_match	0			assembly_summary_no_match
RNODE_418_length_1505_cov_4.15172	32644	32644	unknown	/net/sgi/cami/data/CAMI2/nwillassen_data/marine/simulation_short_read/genomes/RNODE_418_length_1505_cov_4.15172.fasta	RNODE 418 length 1505 cov 4.15172	rnode 418 length 1505 cov 4 15172	0		no_exact_source_name_match	0			assembly_summary_no_match
RNODE_462_length_1528_cov_6.07822	32644	32644	unknown	/net/sgi/cami/data/CAMI2/nwillassen_data/marine/simulation_short_read/genomes/RNODE_462_length_1528_cov_6.07822.fasta	RNODE 462 length 1528 cov 6.07822	rnode 462 length 1528 cov 6 07822	0		no_exact_source_name_match	0			assembly_summary_no_match
RNODE_429_length_2129_cov_51.99106	45202	45202	plasmid	/net/sgi/cami/data/CAMI2/nwillassen_data/marine/simulation_short_read/genomes/RNODE_429_length_2129_cov_51.99106.fasta	RNODE 429 length 2129 cov 51.99106	rnode 429 length 2129 cov 51 99106	0		no_exact_source_name_match	0			assembly_summary_no_match
RNODE_10_length_6468_cov_8.06035	32644	32644	unknown	/net/sgi/cami/data/CAMI2/nwillassen_data/marine/simulation_short_read/genomes/RNODE_10_length_6468_cov_8.06035.fasta	RNODE 10 length 6468 cov 8.06035	rnode 10 length 6468 cov 8 06035	0		no_exact_source_name_match	0			assembly_summary_no_match
RNODE_440_length_3551_cov_9.74435	45202	45202	plasmid	/net/sgi/cami/data/CAMI2/nwillassen_data/marine/simulation_short_read/genomes/RNODE_440_length_3551_cov_9.74435.fasta	RNODE 440 length 3551 cov 9.74435	rnode 440 length 3551 cov 9 74435	0		no_exact_source_name_match	0			assembly_summary_no_match
RNODE_392_length_2136_cov_7.00284	32644	32644	unknown	/net/sgi/cami/data/CAMI2/nwillassen_data/marine/simulation_short_read/genomes/RNODE_392_length_2136_cov_7.00284.fasta	RNODE 392 length 2136 cov 7.00284	rnode 392 length 2136 cov 7 00284	0		no_exact_source_name_match	0			assembly_summary_no_match
RNODE_346_length_1757_cov_2.65187	45202	45202	plasmid	/net/sgi/cami/data/CAMI2/nwillassen_data/marine/simulation_short_read/genomes/RNODE_346_length_1757_cov_2.65187.fasta	RNODE 346 length 1757 cov 2.65187	rnode 346 length 1757 cov 2 65187	0		no_exact_source_name_match	0			assembly_summary_no_match
RNODE_563_length_5038_cov_7.26694	45202	45202	plasmid	/net/sgi/cami/data/CAMI2/nwillassen_data/marine/simulation_short_read/genomes/RNODE_563_length_5038_cov_7.26694.fasta	RNODE 563 length 5038 cov 7.26694	rnode 563 length 5038 cov 7 26694	0		no_exact_source_name_match	0			assembly_summary_no_match
RNODE_18_length_1746_cov_2.65719	32644	32644	unknown	/net/sgi/cami/data/CAMI2/nwillassen_data/marine/simulation_short_read/genomes/RNODE_18_length_1746_cov_2.65719.fasta	RNODE 18 length 1746 cov 2.65719	rnode 18 length 1746 cov 2 65719	0		no_exact_source_name_match	0			assembly_summary_no_match
RNODE_408_length_3585_cov_3.79764	32644	32644	unknown	/net/sgi/cami/data/CAMI2/nwillassen_data/marine/simulation_short_read/genomes/RNODE_408_length_3585_cov_3.79764.fasta	RNODE 408 length 3585 cov 3.79764	rnode 408 length 3585 cov 3 79764	0		no_exact_source_name_match	0			assembly_summary_no_match
RNODE_100_length_1999_cov_6.33080	32644	32644	unknown	/net/sgi/cami/data/CAMI2/nwillassen_data/marine/simulation_short_read/genomes/RNODE_100_length_1999_cov_6.33080.fasta	RNODE 100 length 1999 cov 6.33080	rnode 100 length 1999 cov 6 33080	0		no_exact_source_name_match	0			assembly_summary_no_match
RNODE_200_length_4574_cov_2.94178	45202	45202	plasmid	/net/sgi/cami/data/CAMI2/nwillassen_data/marine/simulation_short_read/genomes/RNODE_200_length_4574_cov_2.94178.fasta	RNODE 200 length 4574 cov 2.94178	rnode 200 length 4574 cov 2 94178	0		no_exact_source_name_match	0			assembly_summary_no_match
RNODE_539_length_1827_cov_6.73752	32644	32644	unknown	/net/sgi/cami/data/CAMI2/nwillassen_data/marine/simulation_short_read/genomes/RNODE_539_length_1827_cov_6.73752.fasta	RNODE 539 length 1827 cov 6.73752	rnode 539 length 1827 cov 6 73752	0		no_exact_source_name_match	0			assembly_summary_no_match
RNODE_263_length_2277_cov_8.44168	45202	45202	plasmid	/net/sgi/cami/data/CAMI2/nwillassen_data/marine/simulation_short_read/genomes/RNODE_263_length_2277_cov_8.44168.fasta	RNODE 263 length 2277 cov 8.44168	rnode 263 length 2277 cov 8 44168	0		no_exact_source_name_match	0			assembly_summary_no_match
RNODE_110_length_1672_cov_10.73939	45202	45202	plasmid	/net/sgi/cami/data/CAMI2/nwillassen_data/marine/simulation_short_read/genomes/RNODE_110_length_1672_cov_10.73939.fasta	RNODE 110 length 1672 cov 10.73939	rnode 110 length 1672 cov 10 73939	0		no_exact_source_name_match	0			assembly_summary_no_match
RNODE_386_length_2437_cov_8.66377	32644	32644	unknown	/net/sgi/cami/data/CAMI2/nwillassen_data/marine/simulation_short_read/genomes/RNODE_386_length_2437_cov_8.66377.fasta	RNODE 386 length 2437 cov 8.66377	rnode 386 length 2437 cov 8 66377	0		no_exact_source_name_match	0			assembly_summary_no_match
RNODE_368_length_1901_cov_5.06386	32644	32644	unknown	/net/sgi/cami/data/CAMI2/nwillassen_data/marine/simulation_short_read/genomes/RNODE_368_length_1901_cov_5.06386.fasta	RNODE 368 length 1901 cov 5.06386	rnode 368 length 1901 cov 5 06386	0		no_exact_source_name_match	0			assembly_summary_no_match
RNODE_491_length_3124_cov_17.57383	45202	45202	plasmid	/net/sgi/cami/data/CAMI2/nwillassen_data/marine/simulation_short_read/genomes/RNODE_491_length_3124_cov_17.57383.fasta	RNODE 491 length 3124 cov 17.57383	rnode 491 length 3124 cov 17 57383	0		no_exact_source_name_match	0			assembly_summary_no_match
RNODE_229_length_2135_cov_3.06673	32644	32644	unknown	/net/sgi/cami/data/CAMI2/nwillassen_data/marine/simulation_short_read/genomes/RNODE_229_length_2135_cov_3.06673.fasta	RNODE 229 length 2135 cov 3.06673	rnode 229 length 2135 cov 3 06673	0		no_exact_source_name_match	0			assembly_summary_no_match
RNODE_493_length_3152_cov_5.77526	45202	45202	plasmid	/net/sgi/cami/data/CAMI2/nwillassen_data/marine/simulation_short_read/genomes/RNODE_493_length_3152_cov_5.77526.fasta	RNODE 493 length 3152 cov 5.77526	rnode 493 length 3152 cov 5 77526	0		no_exact_source_name_match	0			assembly_summary_no_match
RNODE_127_length_1885_cov_8.56361	32644	32644	unknown	/net/sgi/cami/data/CAMI2/nwillassen_data/marine/simulation_short_read/genomes/RNODE_127_length_1885_cov_8.56361.fasta	RNODE 127 length 1885 cov 8.56361	rnode 127 length 1885 cov 8 56361	0		no_exact_source_name_match	0			assembly_summary_no_match
RNODE_587_length_4088_cov_9.08425	32644	32644	unknown	/net/sgi/cami/data/CAMI2/nwillassen_data/marine/simulation_short_read/genomes/RNODE_587_length_4088_cov_9.08425.fasta	RNODE 587 length 4088 cov 9.08425	rnode 587 length 4088 cov 9 08425	0		no_exact_source_name_match	0			assembly_summary_no_match
RNODE_33_length_1778_cov_2.60592	32644	32644	unknown	/net/sgi/cami/data/CAMI2/nwillassen_data/marine/simulation_short_read/genomes/RNODE_33_length_1778_cov_2.60592.fasta	RNODE 33 length 1778 cov 2.60592	rnode 33 length 1778 cov 2 60592	0		no_exact_source_name_match	0			assembly_summary_no_match
RNODE_415_length_2147_cov_6.45506	45202	45202	plasmid	/net/sgi/cami/data/CAMI2/nwillassen_data/marine/simulation_short_read/genomes/RNODE_415_length_2147_cov_6.45506.fasta	RNODE 415 length 2147 cov 6.45506	rnode 415 length 2147 cov 6 45506	0		no_exact_source_name_match	0			assembly_summary_no_match
RNODE_551_length_4193_cov_74.72016	45202	45202	plasmid	/net/sgi/cami/data/CAMI2/nwillassen_data/marine/simulation_short_read/genomes/RNODE_551_length_4193_cov_74.72016.fasta	RNODE 551 length 4193 cov 74.72016	rnode 551 length 4193 cov 74 72016	0		no_exact_source_name_match	0			assembly_summary_no_match
RNODE_336_length_3563_cov_7.20249	45202	45202	plasmid	/net/sgi/cami/data/CAMI2/nwillassen_data/marine/simulation_short_read/genomes/RNODE_336_length_3563_cov_7.20249.fasta	RNODE 336 length 3563 cov 7.20249	rnode 336 length 3563 cov 7 20249	0		no_exact_source_name_match	0			assembly_summary_no_match
RNODE_361_length_3164_cov_8.88447	45202	45202	plasmid	/net/sgi/cami/data/CAMI2/nwillassen_data/marine/simulation_short_read/genomes/RNODE_361_length_3164_cov_8.88447.fasta	RNODE 361 length 3164 cov 8.88447	rnode 361 length 3164 cov 8 88447	0		no_exact_source_name_match	0			assembly_summary_no_match
RNODE_68_length_2493_cov_6.03116	32644	32644	unknown	/net/sgi/cami/data/CAMI2/nwillassen_data/marine/simulation_short_read/genomes/RNODE_68_length_2493_cov_6.03116.fasta	RNODE 68 length 2493 cov 6.03116	rnode 68 length 2493 cov 6 03116	0		no_exact_source_name_match	0			assembly_summary_no_match
RNODE_55_length_2901_cov_27.42654	32644	32644	unknown	/net/sgi/cami/data/CAMI2/nwillassen_data/marine/simulation_short_read/genomes/RNODE_55_length_2901_cov_27.42654.fasta	RNODE 55 length 2901 cov 27.42654	rnode 55 length 2901 cov 27 42654	0		no_exact_source_name_match	0			assembly_summary_no_match
RNODE_337_length_8771_cov_5.18162	32644	32644	unknown	/net/sgi/cami/data/CAMI2/nwillassen_data/marine/simulation_short_read/genomes/RNODE_337_length_8771_cov_5.18162.fasta	RNODE 337 length 8771 cov 5.18162	rnode 337 length 8771 cov 5 18162	0		no_exact_source_name_match	0			assembly_summary_no_match
RNODE_497_length_1925_cov_6.51336	45202	45202	plasmid	/net/sgi/cami/data/CAMI2/nwillassen_data/marine/simulation_short_read/genomes/RNODE_497_length_1925_cov_6.51336.fasta	RNODE 497 length 1925 cov 6.51336	rnode 497 length 1925 cov 6 51336	0		no_exact_source_name_match	0			assembly_summary_no_match
RNODE_374_length_1862_cov_9.75489	45202	45202	plasmid	/net/sgi/cami/data/CAMI2/nwillassen_data/marine/simulation_short_read/genomes/RNODE_374_length_1862_cov_9.75489.fasta	RNODE 374 length 1862 cov 9.75489	rnode 374 length 1862 cov 9 75489	0		no_exact_source_name_match	0			assembly_summary_no_match
RNODE_311_length_2760_cov_6.45983	45202	45202	plasmid	/net/sgi/cami/data/CAMI2/nwillassen_data/marine/simulation_short_read/genomes/RNODE_311_length_2760_cov_6.45983.fasta	RNODE 311 length 2760 cov 6.45983	rnode 311 length 2760 cov 6 45983	0		no_exact_source_name_match	0			assembly_summary_no_match
RNODE_207_length_2195_cov_3.75886	1214906	1214906	virus	/net/sgi/cami/data/CAMI2/nwillassen_data/marine/simulation_short_read/genomes/RNODE_207_length_2195_cov_3.75886.fasta	RNODE 207 length 2195 cov 3.75886	rnode 207 length 2195 cov 3 75886	0		no_exact_source_name_match	0			assembly_summary_no_match
RNODE_459_length_2383_cov_4.68776	45202	45202	plasmid	/net/sgi/cami/data/CAMI2/nwillassen_data/marine/simulation_short_read/genomes/RNODE_459_length_2383_cov_4.68776.fasta	RNODE 459 length 2383 cov 4.68776	rnode 459 length 2383 cov 4 68776	0		no_exact_source_name_match	0			assembly_summary_no_match
RNODE_439_length_4196_cov_56.49278	45202	45202	plasmid	/net/sgi/cami/data/CAMI2/nwillassen_data/marine/simulation_short_read/genomes/RNODE_439_length_4196_cov_56.49278.fasta	RNODE 439 length 4196 cov 56.49278	rnode 439 length 4196 cov 56 49278	0		no_exact_source_name_match	0			assembly_summary_no_match
RNODE_557_length_1525_cov_6.72562	32644	32644	unknown	/net/sgi/cami/data/CAMI2/nwillassen_data/marine/simulation_short_read/genomes/RNODE_557_length_1525_cov_6.72562.fasta	RNODE 557 length 1525 cov 6.72562	rnode 557 length 1525 cov 6 72562	0		no_exact_source_name_match	0			assembly_summary_no_match
RNODE_283_length_5699_cov_25.39792	45202	45202	plasmid	/net/sgi/cami/data/CAMI2/nwillassen_data/marine/simulation_short_read/genomes/RNODE_283_length_5699_cov_25.39792.fasta	RNODE 283 length 5699 cov 25.39792	rnode 283 length 5699 cov 25 39792	0		no_exact_source_name_match	0			assembly_summary_no_match
RNODE_137_length_1431_cov_4.57559	32644	32644	unknown	/net/sgi/cami/data/CAMI2/nwillassen_data/marine/simulation_short_read/genomes/RNODE_137_length_1431_cov_4.57559.fasta	RNODE 137 length 1431 cov 4.57559	rnode 137 length 1431 cov 4 57559	0		no_exact_source_name_match	0			assembly_summary_no_match
RNODE_205_length_1591_cov_9.63735	45202	45202	plasmid	/net/sgi/cami/data/CAMI2/nwillassen_data/marine/simulation_short_read/genomes/RNODE_205_length_1591_cov_9.63735.fasta	RNODE 205 length 1591 cov 9.63735	rnode 205 length 1591 cov 9 63735	0		no_exact_source_name_match	0			assembly_summary_no_match
RNODE_266_length_6653_cov_7.97753	32644	32644	unknown	/net/sgi/cami/data/CAMI2/nwillassen_data/marine/simulation_short_read/genomes/RNODE_266_length_6653_cov_7.97753.fasta	RNODE 266 length 6653 cov 7.97753	rnode 266 length 6653 cov 7 97753	0		no_exact_source_name_match	0			assembly_summary_no_match
RNODE_423_length_1943_cov_28.57781	45202	45202	plasmid	/net/sgi/cami/data/CAMI2/nwillassen_data/marine/simulation_short_read/genomes/RNODE_423_length_1943_cov_28.57781.fasta	RNODE 423 length 1943 cov 28.57781	rnode 423 length 1943 cov 28 57781	0		no_exact_source_name_match	0			assembly_summary_no_match
RNODE_98_length_2627_cov_21.08829	45202	45202	plasmid	/net/sgi/cami/data/CAMI2/nwillassen_data/marine/simulation_short_read/genomes/RNODE_98_length_2627_cov_21.08829.fasta	RNODE 98 length 2627 cov 21.08829	rnode 98 length 2627 cov 21 08829	0		no_exact_source_name_match	0			assembly_summary_no_match
RNODE_48_length_3658_cov_14.59323	45202	45202	plasmid	/net/sgi/cami/data/CAMI2/nwillassen_data/marine/simulation_short_read/genomes/RNODE_48_length_3658_cov_14.59323.fasta	RNODE 48 length 3658 cov 14.59323	rnode 48 length 3658 cov 14 59323	0		no_exact_source_name_match	0			assembly_summary_no_match
RNODE_522_length_1263_cov_12.38809	32644	32644	unknown	/net/sgi/cami/data/CAMI2/nwillassen_data/marine/simulation_short_read/genomes/RNODE_522_length_1263_cov_12.38809.fasta	RNODE 522 length 1263 cov 12.38809	rnode 522 length 1263 cov 12 38809	0		no_exact_source_name_match	0			assembly_summary_no_match
RNODE_585_length_3212_cov_16.01628	45202	45202	plasmid	/net/sgi/cami/data/CAMI2/nwillassen_data/marine/simulation_short_read/genomes/RNODE_585_length_3212_cov_16.01628.fasta	RNODE 585 length 3212 cov 16.01628	rnode 585 length 3212 cov 16 01628	0		no_exact_source_name_match	0			assembly_summary_no_match
RNODE_540_length_1564_cov_3.03735	32644	32644	unknown	/net/sgi/cami/data/CAMI2/nwillassen_data/marine/simulation_short_read/genomes/RNODE_540_length_1564_cov_3.03735.fasta	RNODE 540 length 1564 cov 3.03735	rnode 540 length 1564 cov 3 03735	0		no_exact_source_name_match	0			assembly_summary_no_match
RNODE_476_length_1618_cov_4.36943	32644	32644	unknown	/net/sgi/cami/data/CAMI2/nwillassen_data/marine/simulation_short_read/genomes/RNODE_476_length_1618_cov_4.36943.fasta	RNODE 476 length 1618 cov 4.36943	rnode 476 length 1618 cov 4 36943	0		no_exact_source_name_match	0			assembly_summary_no_match
RNODE_537_length_3389_cov_22.49108	45202	45202	plasmid	/net/sgi/cami/data/CAMI2/nwillassen_data/marine/simulation_short_read/genomes/RNODE_537_length_3389_cov_22.49108.fasta	RNODE 537 length 3389 cov 22.49108	rnode 537 length 3389 cov 22 49108	0		no_exact_source_name_match	0			assembly_summary_no_match
RNODE_481_length_3960_cov_68.08874	45202	45202	plasmid	/net/sgi/cami/data/CAMI2/nwillassen_data/marine/simulation_short_read/genomes/RNODE_481_length_3960_cov_68.08874.fasta	RNODE 481 length 3960 cov 68.08874	rnode 481 length 3960 cov 68 08874	0		no_exact_source_name_match	0			assembly_summary_no_match
RNODE_544_length_1578_cov_361.93923	32644	32644	unknown	/net/sgi/cami/data/CAMI2/nwillassen_data/marine/simulation_short_read/genomes/RNODE_544_length_1578_cov_361.93923.fasta	RNODE 544 length 1578 cov 361.93923	rnode 544 length 1578 cov 361 93923	0		no_exact_source_name_match	0			assembly_summary_no_match
RNODE_565_length_1563_cov_11.71995	45202	45202	plasmid	/net/sgi/cami/data/CAMI2/nwillassen_data/marine/simulation_short_read/genomes/RNODE_565_length_1563_cov_11.71995.fasta	RNODE 565 length 1563 cov 11.71995	rnode 565 length 1563 cov 11 71995	0		no_exact_source_name_match	0			assembly_summary_no_match
RNODE_364_length_1571_cov_3.81278	32644	32644	unknown	/net/sgi/cami/data/CAMI2/nwillassen_data/marine/simulation_short_read/genomes/RNODE_364_length_1571_cov_3.81278.fasta	RNODE 364 length 1571 cov 3.81278	rnode 364 length 1571 cov 3 81278	0		no_exact_source_name_match	0			assembly_summary_no_match
RNODE_512_length_1592_cov_43.29688	45202	45202	plasmid	/net/sgi/cami/data/CAMI2/nwillassen_data/marine/simulation_short_read/genomes/RNODE_512_length_1592_cov_43.29688.fasta	RNODE 512 length 1592 cov 43.29688	rnode 512 length 1592 cov 43 29688	0		no_exact_source_name_match	0			assembly_summary_no_match
RNODE_420_length_1334_cov_5.52134	45202	45202	plasmid	/net/sgi/cami/data/CAMI2/nwillassen_data/marine/simulation_short_read/genomes/RNODE_420_length_1334_cov_5.52134.fasta	RNODE 420 length 1334 cov 5.52134	rnode 420 length 1334 cov 5 52134	0		no_exact_source_name_match	0			assembly_summary_no_match
RNODE_464_length_2364_cov_17.83117	45202	45202	plasmid	/net/sgi/cami/data/CAMI2/nwillassen_data/marine/simulation_short_read/genomes/RNODE_464_length_2364_cov_17.83117.fasta	RNODE 464 length 2364 cov 17.83117	rnode 464 length 2364 cov 17 83117	0		no_exact_source_name_match	0			assembly_summary_no_match
RNODE_142_length_2406_cov_5.09941	32644	32644	unknown	/net/sgi/cami/data/CAMI2/nwillassen_data/marine/simulation_short_read/genomes/RNODE_142_length_2406_cov_5.09941.fasta	RNODE 142 length 2406 cov 5.09941	rnode 142 length 2406 cov 5 09941	0		no_exact_source_name_match	0			assembly_summary_no_match
RNODE_479_length_5023_cov_17.63107	45202	45202	plasmid	/net/sgi/cami/data/CAMI2/nwillassen_data/marine/simulation_short_read/genomes/RNODE_479_length_5023_cov_17.63107.fasta	RNODE 479 length 5023 cov 17.63107	rnode 479 length 5023 cov 17 63107	0		no_exact_source_name_match	0			assembly_summary_no_match
RNODE_94_length_3002_cov_6.48725	45202	45202	plasmid	/net/sgi/cami/data/CAMI2/nwillassen_data/marine/simulation_short_read/genomes/RNODE_94_length_3002_cov_6.48725.fasta	RNODE 94 length 3002 cov 6.48725	rnode 94 length 3002 cov 6 48725	0		no_exact_source_name_match	0			assembly_summary_no_match
RNODE_381_length_1819_cov_13.04118	45202	45202	plasmid	/net/sgi/cami/data/CAMI2/nwillassen_data/marine/simulation_short_read/genomes/RNODE_381_length_1819_cov_13.04118.fasta	RNODE 381 length 1819 cov 13.04118	rnode 381 length 1819 cov 13 04118	0		no_exact_source_name_match	0			assembly_summary_no_match
RNODE_359_length_13543_cov_22.66711	32644	32644	unknown	/net/sgi/cami/data/CAMI2/nwillassen_data/marine/simulation_short_read/genomes/RNODE_359_length_13543_cov_22.66711.fasta	RNODE 359 length 13543 cov 22.66711	rnode 359 length 13543 cov 22 66711	0		no_exact_source_name_match	0			assembly_summary_no_match
RNODE_17_length_1254_cov_4.43994	32644	32644	unknown	/net/sgi/cami/data/CAMI2/nwillassen_data/marine/simulation_short_read/genomes/RNODE_17_length_1254_cov_4.43994.fasta	RNODE 17 length 1254 cov 4.43994	rnode 17 length 1254 cov 4 43994	0		no_exact_source_name_match	0			assembly_summary_no_match
RNODE_509_length_6803_cov_457.59293	45202	45202	plasmid	/net/sgi/cami/data/CAMI2/nwillassen_data/marine/simulation_short_read/genomes/RNODE_509_length_6803_cov_457.59293.fasta	RNODE 509 length 6803 cov 457.59293	rnode 509 length 6803 cov 457 59293	0		no_exact_source_name_match	0			assembly_summary_no_match
RNODE_342_length_1543_cov_10.88823	45202	45202	plasmid	/net/sgi/cami/data/CAMI2/nwillassen_data/marine/simulation_short_read/genomes/RNODE_342_length_1543_cov_10.88823.fasta	RNODE 342 length 1543 cov 10.88823	rnode 342 length 1543 cov 10 88823	0		no_exact_source_name_match	0			assembly_summary_no_match
RNODE_560_length_3911_cov_3.86563	45202	45202	plasmid	/net/sgi/cami/data/CAMI2/nwillassen_data/marine/simulation_short_read/genomes/RNODE_560_length_3911_cov_3.86563.fasta	RNODE 560 length 3911 cov 3.86563	rnode 560 length 3911 cov 3 86563	0		no_exact_source_name_match	0			assembly_summary_no_match
RNODE_40_length_6491_cov_8.96924	32644	32644	unknown	/net/sgi/cami/data/CAMI2/nwillassen_data/marine/simulation_short_read/genomes/RNODE_40_length_6491_cov_8.96924.fasta	RNODE 40 length 6491 cov 8.96924	rnode 40 length 6491 cov 8 96924	0		no_exact_source_name_match	0			assembly_summary_no_match
RNODE_396_length_4766_cov_5.16589	45202	45202	plasmid	/net/sgi/cami/data/CAMI2/nwillassen_data/marine/simulation_short_read/genomes/RNODE_396_length_4766_cov_5.16589.fasta	RNODE 396 length 4766 cov 5.16589	rnode 396 length 4766 cov 5 16589	0		no_exact_source_name_match	0			assembly_summary_no_match
RNODE_456_length_1695_cov_36.79753	32644	32644	unknown	/net/sgi/cami/data/CAMI2/nwillassen_data/marine/simulation_short_read/genomes/RNODE_456_length_1695_cov_36.79753.fasta	RNODE 456 length 1695 cov 36.79753	rnode 456 length 1695 cov 36 79753	0		no_exact_source_name_match	0			assembly_summary_no_match
RNODE_523_length_7269_cov_4.49610	32644	32644	unknown	/net/sgi/cami/data/CAMI2/nwillassen_data/marine/simulation_short_read/genomes/RNODE_523_length_7269_cov_4.49610.fasta	RNODE 523 length 7269 cov 4.49610	rnode 523 length 7269 cov 4 49610	0		no_exact_source_name_match	0			assembly_summary_no_match
RNODE_73_length_2194_cov_7.49125	45202	45202	plasmid	/net/sgi/cami/data/CAMI2/nwillassen_data/marine/simulation_short_read/genomes/RNODE_73_length_2194_cov_7.49125.fasta	RNODE 73 length 2194 cov 7.49125	rnode 73 length 2194 cov 7 49125	0		no_exact_source_name_match	0			assembly_summary_no_match
RNODE_166_length_2298_cov_14.88049	32644	32644	unknown	/net/sgi/cami/data/CAMI2/nwillassen_data/marine/simulation_short_read/genomes/RNODE_166_length_2298_cov_14.88049.fasta	RNODE 166 length 2298 cov 14.88049	rnode 166 length 2298 cov 14 88049	0		no_exact_source_name_match	0			assembly_summary_no_match
RNODE_584_length_2761_cov_46.10439	45202	45202	plasmid	/net/sgi/cami/data/CAMI2/nwillassen_data/marine/simulation_short_read/genomes/RNODE_584_length_2761_cov_46.10439.fasta	RNODE 584 length 2761 cov 46.10439	rnode 584 length 2761 cov 46 10439	0		no_exact_source_name_match	0			assembly_summary_no_match
RNODE_78_length_5103_cov_8.24306	32644	32644	unknown	/net/sgi/cami/data/CAMI2/nwillassen_data/marine/simulation_short_read/genomes/RNODE_78_length_5103_cov_8.24306.fasta	RNODE 78 length 5103 cov 8.24306	rnode 78 length 5103 cov 8 24306	0		no_exact_source_name_match	0			assembly_summary_no_match
RNODE_173_length_1764_cov_3.34845	32644	32644	unknown	/net/sgi/cami/data/CAMI2/nwillassen_data/marine/simulation_short_read/genomes/RNODE_173_length_1764_cov_3.34845.fasta	RNODE 173 length 1764 cov 3.34845	rnode 173 length 1764 cov 3 34845	0		no_exact_source_name_match	0			assembly_summary_no_match
RNODE_527_length_1767_cov_4.22840	45202	45202	plasmid	/net/sgi/cami/data/CAMI2/nwillassen_data/marine/simulation_short_read/genomes/RNODE_527_length_1767_cov_4.22840.fasta	RNODE 527 length 1767 cov 4.22840	rnode 527 length 1767 cov 4 22840	0		no_exact_source_name_match	0			assembly_summary_no_match
RNODE_90_length_1469_cov_9.25017	32644	32644	unknown	/net/sgi/cami/data/CAMI2/nwillassen_data/marine/simulation_short_read/genomes/RNODE_90_length_1469_cov_9.25017.fasta	RNODE 90 length 1469 cov 9.25017	rnode 90 length 1469 cov 9 25017	0		no_exact_source_name_match	0			assembly_summary_no_match
RNODE_366_length_2053_cov_8.47415	32644	32644	unknown	/net/sgi/cami/data/CAMI2/nwillassen_data/marine/simulation_short_read/genomes/RNODE_366_length_2053_cov_8.47415.fasta	RNODE 366 length 2053 cov 8.47415	rnode 366 length 2053 cov 8 47415	0		no_exact_source_name_match	0			assembly_summary_no_match
RNODE_62_length_3589_cov_56.75862	45202	45202	plasmid	/net/sgi/cami/data/CAMI2/nwillassen_data/marine/simulation_short_read/genomes/RNODE_62_length_3589_cov_56.75862.fasta	RNODE 62 length 3589 cov 56.75862	rnode 62 length 3589 cov 56 75862	0		no_exact_source_name_match	0			assembly_summary_no_match
RNODE_470_length_2095_cov_7.42232	32644	32644	unknown	/net/sgi/cami/data/CAMI2/nwillassen_data/marine/simulation_short_read/genomes/RNODE_470_length_2095_cov_7.42232.fasta	RNODE 470 length 2095 cov 7.42232	rnode 470 length 2095 cov 7 42232	0		no_exact_source_name_match	0			assembly_summary_no_match
RNODE_400_length_5708_cov_9.81991	45202	45202	plasmid	/net/sgi/cami/data/CAMI2/nwillassen_data/marine/simulation_short_read/genomes/RNODE_400_length_5708_cov_9.81991.fasta	RNODE 400 length 5708 cov 9.81991	rnode 400 length 5708 cov 9 81991	0		no_exact_source_name_match	0			assembly_summary_no_match
RNODE_154_length_1869_cov_12.27991	32644	32644	unknown	/net/sgi/cami/data/CAMI2/nwillassen_data/marine/simulation_short_read/genomes/RNODE_154_length_1869_cov_12.27991.fasta	RNODE 154 length 1869 cov 12.27991	rnode 154 length 1869 cov 12 27991	0		no_exact_source_name_match	0			assembly_summary_no_match
RNODE_341_length_3219_cov_3.63466	32644	32644	unknown	/net/sgi/cami/data/CAMI2/nwillassen_data/marine/simulation_short_read/genomes/RNODE_341_length_3219_cov_3.63466.fasta	RNODE 341 length 3219 cov 3.63466	rnode 341 length 3219 cov 3 63466	0		no_exact_source_name_match	0			assembly_summary_no_match
RNODE_564_length_8758_cov_6.46781	32644	32644	unknown	/net/sgi/cami/data/CAMI2/nwillassen_data/marine/simulation_short_read/genomes/RNODE_564_length_8758_cov_6.46781.fasta	RNODE 564 length 8758 cov 6.46781	rnode 564 length 8758 cov 6 46781	0		no_exact_source_name_match	0			assembly_summary_no_match
RNODE_390_length_5825_cov_8.78167	32644	32644	unknown	/net/sgi/cami/data/CAMI2/nwillassen_data/marine/simulation_short_read/genomes/RNODE_390_length_5825_cov_8.78167.fasta	RNODE 390 length 5825 cov 8.78167	rnode 390 length 5825 cov 8 78167	0		no_exact_source_name_match	0			assembly_summary_no_match
RNODE_307_length_2104_cov_13.21902	45202	45202	plasmid	/net/sgi/cami/data/CAMI2/nwillassen_data/marine/simulation_short_read/genomes/RNODE_307_length_2104_cov_13.21902.fasta	RNODE 307 length 2104 cov 13.21902	rnode 307 length 2104 cov 13 21902	0		no_exact_source_name_match	0			assembly_summary_no_match
RNODE_126_length_3157_cov_3.75885	32644	32644	unknown	/net/sgi/cami/data/CAMI2/nwillassen_data/marine/simulation_short_read/genomes/RNODE_126_length_3157_cov_3.75885.fasta	RNODE 126 length 3157 cov 3.75885	rnode 126 length 3157 cov 3 75885	0		no_exact_source_name_match	0			assembly_summary_no_match
RNODE_265_length_1287_cov_4.20553	32644	32644	unknown	/net/sgi/cami/data/CAMI2/nwillassen_data/marine/simulation_short_read/genomes/RNODE_265_length_1287_cov_4.20553.fasta	RNODE 265 length 1287 cov 4.20553	rnode 265 length 1287 cov 4 20553	0		no_exact_source_name_match	0			assembly_summary_no_match
RNODE_318_length_3470_cov_3.16589	45202	45202	plasmid	/net/sgi/cami/data/CAMI2/nwillassen_data/marine/simulation_short_read/genomes/RNODE_318_length_3470_cov_3.16589.fasta	RNODE 318 length 3470 cov 3.16589	rnode 318 length 3470 cov 3 16589	0		no_exact_source_name_match	0			assembly_summary_no_match
RNODE_583_length_3095_cov_44.70980	45202	45202	plasmid	/net/sgi/cami/data/CAMI2/nwillassen_data/marine/simulation_short_read/genomes/RNODE_583_length_3095_cov_44.70980.fasta	RNODE 583 length 3095 cov 44.70980	rnode 583 length 3095 cov 44 70980	0		no_exact_source_name_match	0			assembly_summary_no_match
RNODE_485_length_1877_cov_10.53943	32644	32644	unknown	/net/sgi/cami/data/CAMI2/nwillassen_data/marine/simulation_short_read/genomes/RNODE_485_length_1877_cov_10.53943.fasta	RNODE 485 length 1877 cov 10.53943	rnode 485 length 1877 cov 10 53943	0		no_exact_source_name_match	0			assembly_summary_no_match
RNODE_518_length_1369_cov_4.72490	32644	32644	unknown	/net/sgi/cami/data/CAMI2/nwillassen_data/marine/simulation_short_read/genomes/RNODE_518_length_1369_cov_4.72490.fasta	RNODE 518 length 1369 cov 4.72490	rnode 518 length 1369 cov 4 72490	0		no_exact_source_name_match	0			assembly_summary_no_match
RNODE_122_length_6709_cov_4.03320	45202	45202	plasmid	/net/sgi/cami/data/CAMI2/nwillassen_data/marine/simulation_short_read/genomes/RNODE_122_length_6709_cov_4.03320.fasta	RNODE 122 length 6709 cov 4.03320	rnode 122 length 6709 cov 4 03320	0		no_exact_source_name_match	0			assembly_summary_no_match
RNODE_455_length_4124_cov_9.17267	45202	45202	plasmid	/net/sgi/cami/data/CAMI2/nwillassen_data/marine/simulation_short_read/genomes/RNODE_455_length_4124_cov_9.17267.fasta	RNODE 455 length 4124 cov 9.17267	rnode 455 length 4124 cov 9 17267	0		no_exact_source_name_match	0			assembly_summary_no_match
RNODE_116_length_4192_cov_3.28201	45202	45202	plasmid	/net/sgi/cami/data/CAMI2/nwillassen_data/marine/simulation_short_read/genomes/RNODE_116_length_4192_cov_3.28201.fasta	RNODE 116 length 4192 cov 3.28201	rnode 116 length 4192 cov 3 28201	0		no_exact_source_name_match	0			assembly_summary_no_match
RNODE_432_length_14865_cov_28.53268	32644	32644	unknown	/net/sgi/cami/data/CAMI2/nwillassen_data/marine/simulation_short_read/genomes/RNODE_432_length_14865_cov_28.53268.fasta	RNODE 432 length 14865 cov 28.53268	rnode 432 length 14865 cov 28 53268	0		no_exact_source_name_match	0			assembly_summary_no_match
RNODE_436_length_6429_cov_48.44919	32644	32644	unknown	/net/sgi/cami/data/CAMI2/nwillassen_data/marine/simulation_short_read/genomes/RNODE_436_length_6429_cov_48.44919.fasta	RNODE 436 length 6429 cov 48.44919	rnode 436 length 6429 cov 48 44919	0		no_exact_source_name_match	0			assembly_summary_no_match
RNODE_524_length_1679_cov_2.99128	45202	45202	plasmid	/net/sgi/cami/data/CAMI2/nwillassen_data/marine/simulation_short_read/genomes/RNODE_524_length_1679_cov_2.99128.fasta	RNODE 524 length 1679 cov 2.99128	rnode 524 length 1679 cov 2 99128	0		no_exact_source_name_match	0			assembly_summary_no_match
