sample	gtdb_species	abundance_pct_all	truth_abundance	source_taxids
0	s__Aciduliprofundum boonei	0.0518	0.002099682210260068	379547
0	s__Aciduliprofundum sp000327505	0.0086	0.0003485958881898955	673860
0	s__Acinetobacter venetianus	0.0086	0.0003485958881898955	52133
0	s__Aeromonas salmonicida	0.1554	0.006299046630780205	645
0	s__Aeropyrum camini	0.0345	0.0013984369933199296	229980
0	s__Agarivorans gilvus	0.0086	0.0003485958881898955	680279
0	s__Agrococcus jejuensis	0.0086	0.0003485958881898955	399736
0	s__Aliivibrio fischeri	0.0173	0.0007012452169401386	668
0	s__Aliivibrio salmonicida	0.3798	0.015394967248200268	40269
0	s__Aliivibrio wodanis	0.3711	0.015042317919450024	80852
0	s__Alteraurantiacibacter atlanticus	0.0086	0.0003485958881898955	1648404
0	s__Alteraurantiacibacter gangjinensis	0.0086	0.0003485958881898955	502682
0	s__Alteriqipengyuania bathyomarina	0.0173	0.0007012452169401386	1634516
0	s__Alteromonas macleodii	0.2689	0.010899701666774753	28108
0	s__Alteromonas mediterranea	0.6909	0.02800522083144172	314275
0	s__Aquibium oceanicum	0.0086	0.0003485958881898955	1670800
0	s__Aquiluna sp900100865	0.0432	0.0017510863220701726	1855377
0	s__Arcanobacterium phocae	0.0086	0.0003485958881898955	131112
0	s__Archaeoglobus fulgidus	0.1467	0.005946397302029961	2234
0	s__Bacillus pumilus	0.069	0.0027968739866398593	1408
0	s__Bacillus velezensis	0.0086	0.0003485958881898955	492670
0	s__Bdellovibrio bacteriovorus	0.0259	0.001049841105130034	959
0	s__Bernardetia litoralis	0.0173	0.0007012452169401386	999
0	s__Brucella melitensis	0.0086	0.0003485958881898955	120577
0	s__Campylobacter_D peloridis	0.0086	0.0003485958881898955	488546
0	s__Carnobacterium divergens	0.0086	0.0003485958881898955	2748
0	s__Celeribacter marinus	0.0173	0.0007012452169401386	1397108
0	s__Cellulophaga baltica	0.0036	0.00014592386017251439	76594
0	s__Cenarchaeum symbiosum	0.0086	0.0003485958881898955	46770
0	s__Chlorobium phaeobacteroides	0.1812	0.007344834295349891	1096
0	s__Chlorobium phaeovibrioides	0.0259	0.001049841105130034	1094
0	s__Chloroherpeton thalassium	0.2158	0.008747324729230167	100716
0	s__Christiangramia forsetii	0.0173	0.0007012452169401386	411153
0	s__Colwellia marinimaniae	0.0086	0.0003485958881898955	58049
0	s__Corynebacterium phocae	0.0432	0.0017510863220701726	161895
0	s__Corynebacterium sphenisci	0.0086	0.0003485958881898955	191493
0	s__Croceicoccus naphthovorans	0.0086	0.0003485958881898955	1348774
0	s__Cyclobacterium amurskyense	0.0086	0.0003485958881898955	320787
0	s__Cycloclasticus pugetii	0.1208	0.004896556196899928	1329899
0	s__Desulfobacula toluolica	0.0086	0.0003485958881898955	28223
0	s__Desulfococcus multivorans	0.164	0.0066476425189701	897
0	s__Desulfocurvibacter africanus	0.0432	0.0017510863220701726	873
0	s__Desulfovibrio desulfuricans	0.0518	0.002099682210260068	876
0	s__Desulfurobacterium thermolithotrophum	0.0518	0.002099682210260068	64160
0	s__Echinicola vietnamensis	0.0086	0.0003485958881898955	390884
0	s__Edwardsiella anguillarum	0.0086	0.0003485958881898955	1821960
0	s__Erythrobacter litoralis	0.3798	0.015394967248200268	39960
0	s__Filomicrobium insigne	0.0345	0.0013984369933199296	1608628
0	s__Flammeovirga yaeyamensis	0.0777	0.0031495233153901025	1191459
0	s__Flavobacterium psychrophilum	0.0086	0.0003485958881898955	96345
0	s__Formosa agariphila	0.0173	0.0007012452169401386	320324
0	s__Formosa haliotis	0.0173	0.0007012452169401386	1555194
0	s__Francisella noatunensis	0.0173	0.0007012452169401386	657445
0	s__Glaciecola nitratireducens	0.0259	0.001049841105130034	300231
0	s__Gloeomargarita lithophora	0.0863	0.0034981192035799975	1188228
0	s__Hahella chejuensis	0.0173	0.0007012452169401386	158327
0	s__Halobacteriovorax marinus	0.0259	0.001049841105130034	97084
0	s__Haloferax mediterranei	0.0259	0.001049841105130034	2252
0	s__Halolamina sediminis	0.0086	0.0003485958881898955	1480675
0	s__Halomonas aestuarii	0.0086	0.0003485958881898955	1897729
0	s__Halomonas elongata	0.0009	3.6480965043128596e-05	2746
0	s__Haloquadratum walsbyi	0.0086	0.0003485958881898955	293091
0	s__Halorhabdus tiamatea	0.069	0.0027968739866398593	430914
0	s__Henriciella sp001854405	0.0259	0.001049841105130034	1906738
0	s__Hippea maritima	0.0345	0.0013984369933199296	84405
0	s__Hirschia baltica	0.0127	0.0005147869511641479	2724
0	s__Hoeflea sp001011155	0.0086	0.0003485958881898955	1620421
0	s__Hungateiclostridium thermocellum	0.0173	0.0007012452169401386	1515
0	s__Hydrogenophaga crassostreae	0.0777	0.0031495233153901025	1763535
0	s__Hydrogenovibrio crunogenus	0.0086	0.0003485958881898955	39765
0	s__Hyperthermus butylicus	1.9161	0.07766797457682077	54248
0	s__Hyphomicrobium_C nitrativorans	0.164	0.0066476425189701	1427356
0	s__Hyphomonas neptunia	0.0259	0.001049841105130034	81032
0	s__Idiomarina loihiensis	0.0086	0.0003485958881898955	135577
0	s__Ignicoccus islandicus	0.0604	0.002448278098449964	54259
0	s__Ilyobacter polytropus	0.0777	0.0031495233153901025	167642
0	s__Isoalcanivorax pacificus	0.0173	0.0007012452169401386	1306787
0	s__JBDGSM01 sp001761425	0.0518	0.002099682210260068	1737403
0	s__Kangiella geojedonensis	0.0518	0.002099682210260068	914150
0	s__Kangiella koreensis	0.0173	0.0007012452169401386	261964
0	s__Kangiella sediminilitoris	0.0259	0.001049841105130034	1144748
0	s__Kytococcus sedentarius	0.0949	0.003846715091769893	1276
0	s__Lacinutrix sp000211855	0.0604	0.002448278098449964	983544
0	s__Leisingera methylohalidivorans	0.0345	0.0013984369933199296	133924
0	s__Leuconostoc lactis	0.0173	0.0007012452169401386	1246
0	s__Luteimonas sp001717465	0.1036	0.004199364420520136	1896164
0	s__MONJU sp000801295	0.0345	0.0013984369933199296	1248727
0	s__MTP4 sp000970045	0.0086	0.0003485958881898955	1434100
0	s__Magnetococcus marinus	0.1381	0.005597801413840066	1124597
0	s__Magnetospira sp000968135	0.0328	0.0013295285037940201	1288970
0	s__Maricaulis maris	0.0132	0.000535054153965886	74318
0	s__Maridesulfovibrio hydrothermalis	0.0173	0.0007012452169401386	191026
0	s__Maridesulfovibrio salexigens	0.0173	0.0007012452169401386	880
0	s__Marinithermus hydrothermalis	0.2589	0.010494357610739994	186192
0	s__Marinitoga piezophila	0.0259	0.001049841105130034	149715
0	s__Marinobacter adhaerens	0.0086	0.0003485958881898955	1033846
0	s__Marinobacter psychrophilus	0.0086	0.0003485958881898955	490759
0	s__Marinobacter similis	0.0086	0.0003485958881898955	1420916
0	s__Marinobacterium_A aestuarii	0.0184	0.0007458330631039624	1821621
0	s__Marinomonas mediterranea	0.1122	0.004547960308710032	119864
0	s__Marinomonas posidonica	0.2848	0.011544198715870027	936476
0	s__Marivirga tractuosa	0.0949	0.003846715091769893	1006
0	s__Marivivens geojensis	0.0004	1.621376224139049e-05	1920883
0	s__Methanocaldococcus jannaschii	0.0173	0.0007012452169401386	2190
0	s__Methanocaldococcus vulcanius	0.0259	0.001049841105130034	73913
0	s__Methanococcus maripaludis	0.0173	0.0007012452169401386	39152
0	s__Methanoculleus marisnigri	0.1208	0.004896556196899928	2198
0	s__Methanosarcina siciliae	0.2071	0.008394675400479924	38027
0	s__Methanotorris igneus	0.0259	0.001049841105130034	2189
0	s__Methyloceanibacter caenitepidi	0.0518	0.002099682210260068	1384459
0	s__Methylomonas methanica	0.1295	0.00524920552565017	421
0	s__Methylophaga frappieri	0.0086	0.0003485958881898955	754477
0	s__Micrococcus luteus	0.0173	0.0007012452169401386	1270
0	s__Micromonospora arenicola	0.0131	0.0005310007134055384	168697
0	s__Micromonospora gifhornensis	0.0884	0.003583241455347298	1003110
0	s__Micromonospora krabiensis	0.0042	0.00017024450353460012	307121
0	s__Micromonospora tropica	0.2223	0.009010798365652764	168695
0	s__Moritella marina	0.0071	0.00028779427978468117	90736
0	s__Moritella viscosa	0.2259	0.009156722225825278	80854
0	s__Mycobacterium chubuense	0.0173	0.0007012452169401386	1800
0	s__Nanoarchaeum equitans	0.0949	0.003846715091769893	160232
0	s__Nautilia profundicola	0.0086	0.0003485958881898955	244787
0	s__Nitratiruptor sp000010325	0.0432	0.0017510863220701726	387092
0	s__Nitrosococcus halophilus	3.0122	0.12209773655879107	133539
0	s__Nitrosococcus oceani	0.9839	0.03988180167326025	1229
0	s__Nitrosopumilus adriaticus	0.0432	0.0017510863220701726	1580092
0	s__Nitrosopumilus koreensis	0.0086	0.0003485958881898955	1510466
0	s__Nitrosopumilus sediminis	0.1036	0.004199364420520136	1229909
0	s__Nocardiopsis dassonvillei	0.0173	0.0007012452169401386	2014
0	s__Nodularia spumigena	0.0086	0.0003485958881898955	70799
0	s__Nonlabens dokdonensis	0.0345	0.0013984369933199296	328515
0	s__Oceanobacillus iheyensis	0.0259	0.001049841105130034	182710
0	s__Octadecabacter antarcticus	0.0259	0.001049841105130034	1217908
0	s__Octadecabacter temperatus	0.0086	0.0003485958881898955	1458307
0	s__Oleispira antarctica	0.0259	0.001049841105130034	188908
0	s__Ornithinicoccus hydrothermalis	0.0086	0.0003485958881898955	1758689
0	s__Oscillibacter valericigenes	0.0259	0.001049841105130034	351091
0	s__Paenibacillus_AQ crassostreae	0.0086	0.0003485958881898955	1763538
0	s__Palaeococcus pacificus	0.9839	0.03988180167326025	971279
0	s__Paraglaciecola psychrophila	0.0162	0.0006566573707763147	326544
0	s__Paraoerskovia marina	0.0173	0.0007012452169401386	545619
0	s__Parasynechococcus sp000737535	0.0086	0.0003485958881898955	1280380
0	s__Parvularcula bermudensis	0.0259	0.001049841105130034	208216
0	s__Pelagibacter sp000299095	0.0086	0.0003485958881898955	859653
0	s__Persephonella marina	0.0086	0.0003485958881898955	309805
0	s__Phaeobacter gallaeciensis	0.0679	0.0027522861404760354	60890
0	s__Photobacterium gaetbulicola	0.0432	0.0017510863220701726	1295392
0	s__Photobacterium profundum	0.0173	0.0007012452169401386	74109
0	s__Phycisphaera mikurensis	0.0173	0.0007012452169401386	547188
0	s__Piscirickettsia salmonis	0.1208	0.004896556196899928	1238
0	s__Planktomarina temperata	0.0235	0.0009525585316816911	1284658
0	s__Planococcus maritimus	0.0086	0.0003485958881898955	192421
0	s__Planococcus plakortidis	0.0173	0.0007012452169401386	1038856
0	s__Polaribacter todarodis	0.0173	0.0007012452169401386	1850252
0	s__Polaribacter vadi	0.0086	0.0003485958881898955	1774273
0	s__Prochlorococcus_B sp000757865	0.0259	0.001049841105130034	1501269
0	s__Pseudalgibacter alginicilyticus	0.0432	0.0017510863220701726	1736674
0	s__Pseudoalteromonas atlantica	0.0259	0.001049841105130034	288
0	s__Pseudoalteromonas haloplanktis	0.069	0.0027968739866398593	228
0	s__Pseudoalteromonas luteoviolacea	0.0173	0.0007012452169401386	43657
0	s__Pseudoalteromonas tetraodonis	0.0086	0.0003485958881898955	234831
0	s__Psychrobacter sp000586415	0.397	0.01609215902458006	1298608
0	s__Pusillimonas_C sp000209655	0.0259	0.001049841105130034	1007105
0	s__Pyrobaculum aerophilum	0.0173	0.0007012452169401386	13773
0	s__Pyrococcus abyssi	0.0345	0.0013984369933199296	29292
0	s__Pyrococcus furiosus	0.0173	0.0007012452169401386	2261
0	s__Pyrococcus sp000211475	0.0518	0.002099682210260068	342949
0	s__Pyrococcus yayanosii	0.0086	0.0003485958881898955	1008460
0	s__Rhodobacter xanthinilyticus	0.0012	4.8641286724171455e-05	1850250
0	s__Rhodococcoides sp000954115	0.0863	0.0034981192035799975	1564114
0	s__Rhodoferax ferrireducens	0.0345	0.0013984369933199296	192843
0	s__Rhodothermus marinus	0.0432	0.0017510863220701726	29549
0	s__Rhodovulum sulfidophilum	0.0086	0.0003485958881898955	35806
0	s__Rivularia sp000316665	0.0086	0.0003485958881898955	373994
0	s__Roseibacterium elongatum	0.0168	0.0006809780141384005	159346
0	s__Roseobacter denitrificans	0.0345	0.0013984369933199296	2434
0	s__Salinibacter ruber	0.0173	0.0007012452169401386	146919
0	s__Salipiger sp001687105	0.0863	0.0034981192035799975	1792508
0	s__Saprospira grandis	0.0173	0.0007012452169401386	1008
0	s__Shewanella baltica	0.0604	0.002448278098449964	62322
0	s__Shewanella denitrificans	0.0086	0.0003485958881898955	192073
0	s__Shewanella frigidimarina	0.0086	0.0003485958881898955	56812
0	s__Shewanella halifaxensis	0.0777	0.0031495233153901025	271098
0	s__Shewanella loihica	0.0173	0.0007012452169401386	359303
0	s__Shewanella piezotolerans	0.0432	0.0017510863220701726	404011
0	s__Shewanella sp029835735	0.1208	0.004896556196899928	94122
0	s__Spiribacter curvatus	2.7015	0.10950369673779099	1335757
0	s__Spiribacter salinus	0.8804	0.03568649069330046	1335746
0	s__Spongiibacter sp001010805	0.0432	0.0017510863220701726	1620392
0	s__Staphylococcus equorum	0.0086	0.0003485958881898955	246432
0	s__Staphylococcus warneri	0.2158	0.008747324729230167	1292
0	s__Staphylothermus marinus	0.0259	0.001049841105130034	2280
0	s__Stappia sp900105595	0.0086	0.0003485958881898955	1881061
0	s__Streptococcus iniae	0.0259	0.001049841105130034	1346
0	s__Streptococcus parauberis	0.0086	0.0003485958881898955	1348
0	s__Sulfitobacter alexandrii	0.0086	0.0003485958881898955	1917485
0	s__Sulfurimonas denitrificans	0.0173	0.0007012452169401386	39766
0	s__Sulfurovum sp000010345	0.9321	0.03778211946300018	387093
0	s__Synechococcus_C sp000014585	0.0863	0.0034981192035799975	64471
0	s__Synechococcus_C sp000063505	0.1812	0.007344834295349891	32051
0	s__Synechococcus_C sp001040845	0.0086	0.0003485958881898955	32052
0	s__Syntrophotalea acetylenica	0.0164	0.0006647642518970101	29542
0	s__Syntrophotalea carbinolica	0.0009	3.6480965043128596e-05	19
0	s__Teredinibacter turnerae	0.0604	0.002448278098449964	2426
0	s__Thalassolituus oleivorans	0.2751	0.011151014981516308	187493
0	s__Thalassotalea_A crassostreae	0.0259	0.001049841105130034	1763536
0	s__Thermaerobacter marianensis	0.0173	0.0007012452169401386	73919
0	s__Thermoclostridium stercorarium	0.0173	0.0007012452169401386	1510
0	s__Thermococcus eurythermalis	0.0259	0.001049841105130034	1505907
0	s__Thermococcus gammatolerans	0.0173	0.0007012452169401386	187878
0	s__Thermococcus nautili	0.0173	0.0007012452169401386	195522
0	s__Thermococcus onnurineus	0.0086	0.0003485958881898955	342948
0	s__Thermococcus sp000151205	0.0518	0.002099682210260068	246969
0	s__Thermococcus sp000221185	0.0604	0.002448278098449964	1042877
0	s__Thermosipho melanesiensis	0.0086	0.0003485958881898955	46541
0	s__Thermotoga maritima	0.0605	0.002452331539010311	126740,2336
0	s__Thermotoga neapolitana	0.0086	0.0003485958881898955	2337
0	s__Thioflavicoccus mobilis	0.2762	0.011195602827680132	80679
0	s__Thiolapillus brandeum	0.0518	0.002099682210260068	1076588
0	s__Tistrella mobilis	0.1974	0.008001491666126206	171437
0	s__Vibrio alginolyticus	0.0086	0.0003485958881898955	663
0	s__Vibrio anguillarum	0.7854	0.03183572216097022	55601
0	s__Vibrio cholerae	0.1208	0.004896556196899928	666
0	s__Vibrio coralliilyticus	0.1899	0.007697483624100134	190893
0	s__Vibrio harveyi	0.0259	0.001049841105130034	669
0	s__Vibrio nigripulchritudo	0.0949	0.003846715091769893	28173
0	s__Vibrio parahaemolyticus	0.0173	0.0007012452169401386	670
0	s__Vibrio scophthalmi	0.0518	0.002099682210260068	45658
0	s__Vibrio tasmaniensis	0.0863	0.0034981192035799975	212663
0	s__Vibrio tubiashii	0.0345	0.0013984369933199296	29498
0	s__Vibrio vulnificus	0.0345	0.0013984369933199296	672
0	s__Vreelandella titanicae	0.0336	0.001361956028276801	1380358
0	s__Wenyingzhuangia fucanilytica	0.0129	0.0005228938322848432	1790137
0	s__Woeseia oceani	0.0432	0.0017510863220701726	1548547
0	s__Xianfuyuplasma sp000755705	0.0173	0.0007012452169401386	1541959
0	s__Zunongwangia profunda	0.0086	0.0003485958881898955	398743
1	s__Aciduliprofundum sp000327505	0.0389	0.001247850745502601	673860
1	s__Acinetobacter venetianus	0.0259	0.0008308312161572587	52133
1	s__Actinoalloteichus_A fjordicus	0.013	0.0004170195293453422	1612552
1	s__Aeromonas salmonicida	0.1167	0.003743552236507803	645
1	s__Aeropyrum camini	0.013	0.0004170195293453422	229980
1	s__Aeropyrum pernix	0.013	0.0004170195293453422	56636
1	s__Aliivibrio fischeri	0.0519	0.0016648702748479434	668
1	s__Aliivibrio salmonicida	0.389	0.012478507455026011	40269
1	s__Aliivibrio wodanis	0.5964	0.019131572869350934	80852
1	s__Alteraurantiacibacter atlanticus	0.013	0.0004170195293453422	1648404
1	s__Alteriqipengyuania bathyomarina	0.013	0.0004170195293453422	1634516
1	s__Alteromonas macleodii	0.1447	0.004641748145867002	28108
1	s__Alteromonas mediterranea	0.8605	0.02760348500012823	314275
1	s__Aquiluna sp900100865	0.013	0.0004170195293453422	1855377
1	s__Aquipseudomonas rustica	0.013	0.0004170195293453422	1699311
1	s__Archaeoglobus fulgidus	0.1167	0.003743552236507803	2234
1	s__Archaeoglobus_B profundus	0.0259	0.0008308312161572587	84156
1	s__Bacillus pumilus	0.0908	0.0029127210203505447	1408
1	s__Bdellovibrio bacteriovorus	0.0259	0.0008308312161572587	959
1	s__Bernardetia litoralis	0.013	0.0004170195293453422	999
1	s__Brucella melitensis	0.0778	0.002495701491005202	120577
1	s__Caldithrix abyssi	0.0519	0.0016648702748479434	187145
1	s__Campylobacter_D peloridis	0.0259	0.0008308312161572587	488546
1	s__Carnobacterium divergens	0.0389	0.001247850745502601	2748
1	s__Carnobacterium_B sp000195575	0.0389	0.001247850745502601	208596
1	s__Celeribacter indicus	0.0778	0.002495701491005202	1208324
1	s__Celeribacter marinus	0.0259	0.0008308312161572587	1397108
1	s__Cellulophaga algicola	0.0037	0.00011869017373675127	59600
1	s__Cellulophaga baltica	0.0259	0.0008308312161572587	76594
1	s__Cellulophaga lytica	0.013	0.0004170195293453422	979
1	s__Cenarchaeum symbiosum	0.013	0.0004170195293453422	46770
1	s__Chlorobium phaeobacteroides	0.0778	0.002495701491005202	1096
1	s__Chlorobium phaeovibrioides	0.013	0.0004170195293453422	1094
1	s__Chloroherpeton thalassium	0.1945	0.006239253727513006	100716
1	s__Colwellia marinimaniae	0.0259	0.0008308312161572587	58049
1	s__Corynebacterium phocae	0.2075	0.006656273256858347	161895
1	s__Corynebacterium sphenisci	0.013	0.0004170195293453422	191493
1	s__Crocosphaera subtropica	0.013	0.0004170195293453422	43989
1	s__Cyclobacterium amurskyense	0.0519	0.0016648702748479434	320787
1	s__Cyclobacterium marinum	0.013	0.0004170195293453422	104
1	s__Cycloclasticus pugetii	0.2593	0.008317935689172865	1329899
1	s__Denitrovibrio acetiphilus	0.013	0.0004170195293453422	118000
1	s__Desulfobacula toluolica	0.2852	0.009148766905330124	28223
1	s__Desulfocapsa sulfexigens	0.1297	0.004160571765853146	65555
1	s__Desulfococcus multivorans	0.2075	0.006656273256858347	897
1	s__Desulfocurvibacter africanus	0.0519	0.0016648702748479434	873
1	s__Desulfotalea psychrophila	0.2204	0.007070084943670264	84980
1	s__Desulfotomaculum reducens	0.0389	0.001247850745502601	59610
1	s__Dinoroseobacter shibae	0.013	0.0004170195293453422	215813
1	s__Dokdonia sp000212355	0.0484	0.0015525957861780434	983548
1	s__Draconibacterium orientale	0.013	0.0004170195293453422	1168034
1	s__Echinicola vietnamensis	0.0259	0.0008308312161572587	390884
1	s__Edwardsiella anguillarum	0.0259	0.0008308312161572587	1821960
1	s__Erythrobacter epoxidivorans	0.013	0.0004170195293453422	361183
1	s__Erythrobacter ishigakiensis	0.013	0.0004170195293453422	476157
1	s__Erythrobacter litoralis	0.5575	0.017883722123848332	39960
1	s__Ferrimonas balearica	1.0243	0.03285793106987955	44012
1	s__Flagellimonas_A lutaonensis	0.013	0.0004170195293453422	516051
1	s__Flammeovirga yaeyamensis	0.1686	0.005408422511355746	1191459
1	s__Flavobacterium frigidarium	0.013	0.0004170195293453422	99286
1	s__Flavobacterium psychrophilum	0.0406	0.001302384068570838	96345
1	s__Flexistipes sinusarabici	0.0648	0.0020786819616598596	2352
1	s__Formosa haliotis	0.0259	0.0008308312161572587	1555194
1	s__Francisella noatunensis	0.0519	0.0016648702748479434	657445
1	s__Francisella uliginis	0.0259	0.0008308312161572587	573570
1	s__Geoglobus acetivorans	0.013	0.0004170195293453422	565033
1	s__Geoglobus ahangari	0.013	0.0004170195293453422	113653
1	s__Glaciecola nitratireducens	0.0648	0.0020786819616598596	300231
1	s__Gloeomargarita lithophora	0.0908	0.0029127210203505447	1188228
1	s__Gymnodinialimonas sp000013565	0.013	0.0004170195293453422	290400
1	s__Haliangium ochraceum	0.3112	0.009982805964020808	80816
1	s__Haloarcula hispanica	0.013	0.0004170195293453422	51589
1	s__Halobacteriovorax marinus	0.013	0.0004170195293453422	97084
1	s__Halodesulfurarchaeum formicicum	0.013	0.0004170195293453422	1873524
1	s__Haloferax gibbonsii	0.013	0.0004170195293453422	35746
1	s__Haloferax mediterranei	0.0778	0.002495701491005202	2252
1	s__Halolamina sediminis	0.013	0.0004170195293453422	1480675
1	s__Halomonas aestuarii	0.0908	0.0029127210203505447	1897729
1	s__Halomonas elongata	0.001	3.20784253342571e-05	2746
1	s__Haloquadratum walsbyi	0.0648	0.0020786819616598596	293091
1	s__Helicobacter cetorum	0.0389	0.001247850745502601	138563
1	s__Hirschia baltica	0.0064	0.00020530192213924543	2724
1	s__Hoeflea sp001011155	0.0259	0.0008308312161572587	1620421
1	s__Hungateiclostridium thermocellum	0.013	0.0004170195293453422	1515
1	s__Hydrogenophaga crassostreae	0.013	0.0004170195293453422	1763535
1	s__Hydrogenovibrio crunogenus	0.0259	0.0008308312161572587	39765
1	s__Hyperthermus butylicus	2.1783	0.06987643390561224	54248
1	s__Hyphomicrobium_C nitrativorans	0.2723	0.008734955218518206	1427356
1	s__Hyphomonas neptunia	0.0778	0.002495701491005202	81032
1	s__IMCC9063 sp000195085	0.0022	7.057253573536562e-05	1002672
1	s__Ignicoccus hospitalis	0.0259	0.0008308312161572587	160233
1	s__Ignicoccus islandicus	0.0389	0.001247850745502601	54259
1	s__Ilyobacter polytropus	0.0389	0.001247850745502601	167642
1	s__Isoalcanivorax pacificus	0.013	0.0004170195293453422	1306787
1	s__JBDGSM01 sp001761425	0.0778	0.002495701491005202	1737403
1	s__Kangiella geojedonensis	0.1426	0.004574383452665062	914150
1	s__Kangiella sediminilitoris	0.0259	0.0008308312161572587	1144748
1	s__Kiritimatiella glycovorans	0.0389	0.001247850745502601	1307763
1	s__Lacimicrobium alkaliphilum	0.0519	0.0016648702748479434	1526571
1	s__Lacinutrix sp000211855	0.0389	0.001247850745502601	983544
1	s__Luteimonas sp001717465	0.0259	0.0008308312161572587	1896164
1	s__MONJU sp000801295	0.0389	0.001247850745502601	1248727
1	s__MRBY01 sp001693275	0.013	0.0004170195293453422	32049
1	s__MTP4 sp000970045	0.013	0.0004170195293453422	1434100
1	s__Magnetococcus marinus	0.1297	0.004160571765853146	1124597
1	s__Magnetospira sp000968135	0.1355	0.004346626632791837	1288970
1	s__Maribacter_A sp000153165	0.0389	0.001247850745502601	313603
1	s__Maricaulis maris	0.0066	0.00021171760720609684	74318
1	s__Maridesulfovibrio hydrothermalis	0.3501	0.01123065670952341	191026
1	s__Maridesulfovibrio salexigens	0.0389	0.001247850745502601	880
1	s__Marinithermus hydrothermalis	0.0519	0.0016648702748479434	186192
1	s__Marinitoga piezophila	0.0389	0.001247850745502601	149715
1	s__Marinobacter psychrophilus	0.0259	0.0008308312161572587	490759
1	s__Marinobacter similis	0.0389	0.001247850745502601	1420916
1	s__Marinobacterium_A aestuarii	0.0236	0.0007570508378884675	1821621
1	s__Marinomonas mediterranea	0.0519	0.0016648702748479434	119864
1	s__Marinomonas posidonica	0.3501	0.01123065670952341	936476
1	s__Marivirga tractuosa	0.2204	0.007070084943670264	1006
1	s__Methanocaldococcus jannaschii	0.0259	0.0008308312161572587	2190
1	s__Methanocaldococcus sp000025525	0.013	0.0004170195293453422	644281
1	s__Methanocaldococcus vulcanius	0.0259	0.0008308312161572587	73913
1	s__Methanococcoides methylutens	0.013	0.0004170195293453422	2226
1	s__Methanofervidicoccus aeolicus	0.0519	0.0016648702748479434	42879
1	s__Methanohalophilus halophilus	0.1037	0.003326532707162461	2177
1	s__Methanopyrus kandleri	0.0389	0.001247850745502601	2320
1	s__Methanosarcina acetivorans	0.0259	0.0008308312161572587	2214
1	s__Methanosarcina siciliae	0.0778	0.002495701491005202	38027
1	s__Methanosarcina sp000969965	0.0259	0.0008308312161572587	1434102
1	s__Methanotorris igneus	0.013	0.0004170195293453422	2189
1	s__Methyloceanibacter caenitepidi	0.1297	0.004160571765853146	1384459
1	s__Methylomonas methanica	0.1297	0.004160571765853146	421
1	s__Methylophaga frappieri	0.0259	0.0008308312161572587	754477
1	s__Microbacterium sp900102005	0.1686	0.005408422511355746	912630
1	s__Micrococcus luteus	0.013	0.0004170195293453422	1270
1	s__Micromonospora gifhornensis	0.0221	0.0007089331998870818	1003110
1	s__Micromonospora tropica	0.0557	0.0017867682911181203	168695
1	s__Moritella marina	0.0046	0.00014756075653758264	90736
1	s__Moritella viscosa	0.3455	0.011083095952985827	80854
1	s__Mycobacterium chelonae	0.0389	0.001247850745502601	1774
1	s__Nanoarchaeum equitans	0.0908	0.0029127210203505447	160232
1	s__Nautilia profundicola	0.013	0.0004170195293453422	244787
1	s__Neorickettsia helminthoeca	0.0389	0.001247850745502601	33994
1	s__Nitratifractor salsuginis	0.0259	0.0008308312161572587	269261
1	s__Nitratiruptor sp000010325	0.013	0.0004170195293453422	387092
1	s__Nitrosarchaeum limnae	0.0389	0.001247850745502601	1007084
1	s__Nitrosococcus halophilus	2.1912	0.07029024559242414	133539
1	s__Nitrosococcus oceani	0.5316	0.017052890907691073	1229
1	s__Nitrosopumilus adriaticus	0.0519	0.0016648702748479434	1580092
1	s__Nitrosopumilus sediminis	0.1686	0.005408422511355746	1229909
1	s__Nocardiopsis dassonvillei	0.013	0.0004170195293453422	2014
1	s__Nonlabens marinus	0.013	0.0004170195293453422	930802
1	s__Nonlabens sp900101765	0.013	0.0004170195293453422	1336802
1	s__Novosphingobium pentaromativorans	0.0259	0.0008308312161572587	205844
1	s__Novosphingobium sp000253255	0.0648	0.0020786819616598596	702113
1	s__Octadecabacter antarcticus	0.013	0.0004170195293453422	1217908
1	s__Oleispira antarctica	0.013	0.0004170195293453422	188908
1	s__Ornithinicoccus hydrothermalis	0.013	0.0004170195293453422	1758689
1	s__Oscillibacter valericigenes	0.0389	0.001247850745502601	351091
1	s__Paenibacillus_AQ crassostreae	0.013	0.0004170195293453422	1763538
1	s__Palaeococcus pacificus	0.363	0.011644468396335326	971279
1	s__Paraoerskovia marina	0.0908	0.0029127210203505447	545619
1	s__Parasynechococcus sp000012625	0.0648	0.0020786819616598596	110662
1	s__Parasynechococcus sp000161795	0.0389	0.001247850745502601	166314
1	s__Parasynechococcus sp000737575	0.0389	0.001247850745502601	585423
1	s__Parasynechococcus sp000737595	0.013	0.0004170195293453422	585425
1	s__Parvularcula bermudensis	0.0519	0.0016648702748479434	208216
1	s__Pelagibacter sp000299095	0.013	0.0004170195293453422	859653
1	s__Pelagibacterium halotolerans	0.0259	0.0008308312161572587	531813
1	s__Persephonella marina	0.0259	0.0008308312161572587	309805
1	s__Phaeobacter gallaeciensis	0.0742	0.0023802191598018764	60890
1	s__Phaeobacter inhibens	0.013	0.0004170195293453422	221822
1	s__Photobacterium gaetbulicola	0.0259	0.0008308312161572587	1295392
1	s__Photobacterium profundum	0.0259	0.0008308312161572587	74109
1	s__Piscirickettsia salmonis	0.2075	0.006656273256858347	1238
1	s__Planktomarina temperata	0.0133	0.0004266430569456194	1284658
1	s__Planococcus antarcticus	0.0389	0.001247850745502601	161360
1	s__Planococcus donghaensis	0.0389	0.001247850745502601	414778
1	s__Planococcus maritimus	0.013	0.0004170195293453422	192421
1	s__Polaribacter todarodis	0.0778	0.002495701491005202	1850252
1	s__Polaribacter vadi	0.0389	0.001247850745502601	1774273
1	s__Prochlorococcus_A sp000757845	0.0519	0.0016648702748479434	1501268
1	s__Prochlorococcus_B sp000757865	0.013	0.0004170195293453422	1501269
1	s__Pseudalgibacter alginicilyticus	0.0519	0.0016648702748479434	1736674
1	s__Pseudoalteromonas haloplanktis	0.0519	0.0016648702748479434	228
1	s__Pseudoalteromonas luteoviolacea	0.0259	0.0008308312161572587	43657
1	s__Pseudoalteromonas piratica	0.0259	0.0008308312161572587	1348114
1	s__Pseudodesulfovibrio piezophilus	0.1167	0.003743552236507803	879567
1	s__Psychrobacter sp000586415	0.4797	0.015388020632843129	1298608
1	s__Pusillimonas_C sp000209655	0.0389	0.001247850745502601	1007105
1	s__Pyrobaculum aerophilum	0.0259	0.0008308312161572587	13773
1	s__Pyrococcus furiosus	0.0778	0.002495701491005202	2261
1	s__Pyrococcus horikoshii	0.013	0.0004170195293453422	53953
1	s__Pyrococcus sp000211475	0.1686	0.005408422511355746	342949
1	s__Pyrococcus sp000263735	0.013	0.0004170195293453422	1183377
1	s__RCC307 sp000063525	0.0259	0.0008308312161572587	316278
1	s__Rhodobacter xanthinilyticus	0.0036	0.00011548233120332554	1850250
1	s__Rhodococcoides sp000954115	0.0648	0.0020786819616598596	1564114
1	s__Rhodoferax ferrireducens	0.0519	0.0016648702748479434	192843
1	s__Rhodovulum sulfidophilum	0.0259	0.0008308312161572587	35806
1	s__Saccharophagus degradans	0.013	0.0004170195293453422	86304
1	s__Salinibacter ruber	0.013	0.0004170195293453422	146919
1	s__Salinispira pacifica	0.1426	0.004574383452665062	1307761
1	s__Salipiger sp001687105	0.0519	0.0016648702748479434	1792508
1	s__Salmonella enterica	0.2982	0.009565786434675467	28901
1	s__Saprospira grandis	0.013	0.0004170195293453422	1008
1	s__Sedimenticola thiotaurini	0.0389	0.001247850745502601	1543721
1	s__Shewanella amazonensis	0.013	0.0004170195293453422	60478
1	s__Shewanella baltica	0.2982	0.009565786434675467	62322
1	s__Shewanella denitrificans	0.013	0.0004170195293453422	192073
1	s__Shewanella frigidimarina	0.1167	0.003743552236507803	56812
1	s__Shewanella halifaxensis	0.0519	0.0016648702748479434	271098
1	s__Shewanella piezotolerans	0.0778	0.002495701491005202	404011
1	s__Shewanella sp029835735	0.2723	0.008734955218518206	94122
1	s__Shewanella woodyi	0.013	0.0004170195293453422	60961
1	s__Siansivirga zeaxanthinifaciens	0.0035	0.00011227448866989984	762954
1	s__Spiribacter curvatus	2.3857	0.07652949931993715	1335757
1	s__Spiribacter salinus	0.9724	0.0311930607950316	1335746
1	s__Spongiibacter sp001010805	0.0648	0.0020786819616598596	1620392
1	s__Sporosarcina psychrophila	0.0259	0.0008308312161572587	1476
1	s__Staphylococcus equorum	0.013	0.0004170195293453422	246432
1	s__Staphylococcus warneri	0.8168	0.026201657813021195	1292
1	s__Staphylothermus hellenicus	0.0259	0.0008308312161572587	84599
1	s__Staphylothermus marinus	0.0389	0.001247850745502601	2280
1	s__Stappia sp900105595	0.0259	0.0008308312161572587	1881061
1	s__Streptococcus agalactiae	0.0389	0.001247850745502601	1311
1	s__Streptococcus iniae	0.0778	0.002495701491005202	1346
1	s__Streptomyces albus	0.013	0.0004170195293453422	1888
1	s__Streptomyces sp001011035	0.0389	0.001247850745502601	444103
1	s__Sulfurimonas denitrificans	0.0389	0.001247850745502601	39766
1	s__Sulfurovum sp000010345	0.9076	0.02911437883337174	387093
1	s__Synechococcus_C sp000014585	0.1556	0.004991402982010404	64471
1	s__Synechococcus_C sp000063505	0.0908	0.0029127210203505447	32051
1	s__Syntrophotalea acetylenica	0.553	0.017739369209844175	29542
1	s__Syntrophotalea carbinolica	0.0305	0.0009783919726948415	19
1	s__Thalassolituus oleivorans	0.3524	0.011304437087792201	187493
1	s__Thalassoporum mexicanum	0.0259	0.0008308312161572587	82654
1	s__Thalassotalea_A crassostreae	0.0259	0.0008308312161572587	1763536
1	s__Thermaerobacter marianensis	0.013	0.0004170195293453422	73919
1	s__Thermoclostridium stercorarium	0.013	0.0004170195293453422	1510
1	s__Thermococcus gammatolerans	0.013	0.0004170195293453422	187878
1	s__Thermococcus sp000151205	0.0259	0.0008308312161572587	246969
1	s__Thermococcus sp000221185	0.0519	0.0016648702748479434	1042877
1	s__Thermoplasma volcanium	0.0519	0.0016648702748479434	50339
1	s__Thermosipho melanesiensis	0.013	0.0004170195293453422	46541
1	s__Thermotoga maritima	0.0519	0.0016648702748479434	2336
1	s__Thermovibrio ammonificans	0.013	0.0004170195293453422	228745
1	s__Thermovirga lienii	0.2464	0.007904124002360948	336261
1	s__Thioflavicoccus mobilis	0.2204	0.007070084943670264	80679
1	s__Thiolapillus brandeum	0.0648	0.0020786819616598596	1076588
1	s__Tistrella mobilis	0.0556	0.0017835604485846944	171437
1	s__UJ101 sp001880285	0.0259	0.0008308312161572587	1150389
1	s__Vibrio alginolyticus	0.013	0.0004170195293453422	663
1	s__Vibrio anguillarum	0.5575	0.017883722123848332	55601
1	s__Vibrio cholerae	0.1297	0.004160571765853146	666
1	s__Vibrio coralliilyticus	0.4538	0.01455718941668587	190893
1	s__Vibrio furnissii	0.0519	0.0016648702748479434	29494
1	s__Vibrio harveyi	0.0648	0.0020786819616598596	669
1	s__Vibrio nigripulchritudo	0.0648	0.0020786819616598596	28173
1	s__Vibrio parahaemolyticus	0.1167	0.003743552236507803	670
1	s__Vibrio scophthalmi	0.1167	0.003743552236507803	45658
1	s__Vibrio tasmaniensis	0.0519	0.0016648702748479434	212663
1	s__Vibrio tubiashii	0.1167	0.003743552236507803	29498
1	s__Vibrio vulnificus	0.0519	0.0016648702748479434	672
1	s__Vreelandella titanicae	0.0379	0.001215772320168344	1380358
1	s__Weissella ceti	0.013	0.0004170195293453422	759620
1	s__Wenyingzhuangia fucanilytica	0.0677	0.0021717093951292054	1790137
1	s__Woeseia oceani	0.1426	0.004574383452665062	1548547
1	s__Xianfuyuplasma sp000755705	0.2464	0.007904124002360948	1541959
1	s__Yersinia ruckeri	0.0259	0.0008308312161572587	29486
1	s__Zunongwangia profunda	0.013	0.0004170195293453422	398743
2	s__Aciduliprofundum boonei	0.0273	0.000976800103047043	379547
2	s__Aciduliprofundum sp000327505	0.0683	0.002443789268795349	673860
2	s__Acinetobacter venetianus	0.0273	0.000976800103047043	52133
2	s__Actinoalloteichus_A fjordicus	0.0547	0.0019571782284495695	1612552
2	s__Actinoalloteichus_A hymeniacidonis	0.0137	0.0004901890627012633	340345
2	s__Aegicerativicinus sp900104375	0.0137	0.0004901890627012633	1250295
2	s__Aeromonas salmonicida	0.205	0.00733494582874153	645
2	s__Aeropyrum camini	0.0547	0.0019571782284495695	229980
2	s__Agarivorans gilvus	0.0273	0.000976800103047043	680279
2	s__Agrococcus jejuensis	0.0137	0.0004901890627012633	399736
2	s__Aliivibrio fischeri	0.0273	0.000976800103047043	668
2	s__Aliivibrio salmonicida	0.3826	0.013689513532080535	40269
2	s__Aliivibrio wodanis	0.2869	0.010265346137882658	80852
2	s__Alteraurantiacibacter gangjinensis	0.0273	0.000976800103047043	502682
2	s__Alteromonas australica	0.0137	0.0004901890627012633	589873
2	s__Alteromonas macleodii	0.1661	0.005943095132458382	28108
2	s__Alteromonas mediterranea	0.7733	0.027668846874955248	314275
2	s__Alteromonas naphthalenivorans	0.0273	0.000976800103047043	715451
2	s__Aquibium oceanicum	0.0137	0.0004901890627012633	1670800
2	s__Aquiluna sp900100865	0.041	0.0014669891657483063	1855377
2	s__Arcanobacterium phocae	0.0137	0.0004901890627012633	131112
2	s__Archaeoglobus fulgidus	0.123	0.004400967497244918	2234
2	s__Bacillus pumilus	0.0956	0.003420589371842392	1408
2	s__Bdellovibrio bacteriovorus	0.0547	0.0019571782284495695	959
2	s__Belliella baltica	0.0137	0.0004901890627012633	232259
2	s__Brucella melitensis	0.09570000000000001	0.003424167394197876	120576,120577
2	s__Caldithrix abyssi	0.0273	0.000976800103047043	187145
2	s__Campylobacter_D peloridis	0.0273	0.000976800103047043	488546
2	s__Carnobacterium divergens	0.0137	0.0004901890627012633	2748
2	s__Celeribacter indicus	0.0547	0.0019571782284495695	1208324
2	s__Cellulophaga algicola	0.0197	0.0007048704040302836	59600
2	s__Cellulophaga baltica	0.0251	0.0008980836112264021	76594
2	s__Chlorobium phaeobacteroides	0.0956	0.003420589371842392	1096
2	s__Chloroherpeton thalassium	0.0956	0.003420589371842392	100716
2	s__Christiangramia forsetii	0.0273	0.000976800103047043	411153
2	s__Colwellia marinimaniae	0.0547	0.0019571782284495695	58049
2	s__Corynebacterium phocae	0.123	0.004400967497244918	161895
2	s__Corynebacterium sphenisci	0.0137	0.0004901890627012633	191493
2	s__Croceicoccus naphthovorans	0.0137	0.0004901890627012633	1348774
2	s__Cyclobacterium amurskyense	0.0137	0.0004901890627012633	320787
2	s__Cycloclasticus pugetii	0.3689	0.013199324469379272	1329899
2	s__Desulfobacula toluolica	0.1366	0.004887578537590698	28223
2	s__Desulfocapsa sulfexigens	0.0683	0.002443789268795349	65555
2	s__Desulfococcus multivorans	0.164	0.005867956662993225	897
2	s__Desulfocurvibacter africanus	0.1093	0.003910778434543655	873
2	s__Desulfotalea psychrophila	0.082	0.0029339783314966126	84980
2	s__Desulfovibrio desulfuricans	0.0683	0.002443789268795349	876
2	s__Dinoroseobacter shibae	0.0137	0.0004901890627012633	215813
2	s__Erythrobacter ishigakiensis	0.0273	0.000976800103047043	476157
2	s__Erythrobacter litoralis	0.7242	0.025912037898412763	39960
2	s__Fervidobacterium pennivorans	0.0137	0.0004901890627012633	93466
2	s__Filomicrobium insigne	0.0137	0.0004901890627012633	1608628
2	s__Flagellimonas_A lutaonensis	0.082	0.0029339783314966126	516051
2	s__Flammeovirga yaeyamensis	0.0273	0.000976800103047043	1191459
2	s__Flavobacterium crassostreae	0.0137	0.0004901890627012633	1763534
2	s__Flavobacterium psychrophilum	0.1093	0.003910778434543655	96345
2	s__Flexistipes sinusarabici	0.0137	0.0004901890627012633	2352
2	s__Formosa agariphila	0.041	0.0014669891657483063	320324
2	s__Formosa haliotis	0.0683	0.002443789268795349	1555194
2	s__Francisella uliginis	0.0137	0.0004901890627012633	573570
2	s__Geoglobus ahangari	0.0137	0.0004901890627012633	113653
2	s__Glaciecola nitratireducens	0.041	0.0014669891657483063	300231
2	s__Gloeomargarita lithophora	0.082	0.0029339783314966126	1188228
2	s__Hahella chejuensis	0.0137	0.0004901890627012633	158327
2	s__Haloarcula hispanica	0.0137	0.0004901890627012633	51589
2	s__Haloferax mediterranei	0.0273	0.000976800103047043	2252
2	s__Halomonas aestuarii	0.0956	0.003420589371842392	1897729
2	s__Halomonas elongata	0.0025	8.945055888709184e-05	2746
2	s__Haloquadratum walsbyi	0.041	0.0014669891657483063	293091
2	s__Halorhabdus tiamatea	0.0273	0.000976800103047043	430914
2	s__Henriciella sp001854405	0.041	0.0014669891657483063	1906738
2	s__Hippea maritima	0.0137	0.0004901890627012633	84405
2	s__Hirschia baltica	0.0201	0.0007191824934522184	2724
2	s__Hungateiclostridium thermocellum	0.0273	0.000976800103047043	1515
2	s__Hydrogenophaga crassostreae	0.082	0.0029339783314966126	1763535
2	s__Hydrogenovibrio crunogenus	0.0137	0.0004901890627012633	39765
2	s__Hyperthermus butylicus	2.3775	0.08506748150162434	54248
2	s__Hyphomicrobium_C nitrativorans	0.0547	0.0019571782284495695	1427356
2	s__Hyphomonas neptunia	0.082	0.0029339783314966126	81032
2	s__Idiomarina loihiensis	0.0137	0.0004901890627012633	135577
2	s__Ignicoccus islandicus	0.0137	0.0004901890627012633	54259
2	s__Ilyobacter polytropus	0.082	0.0029339783314966126	167642
2	s__JBDGSM01 sp001761425	0.0137	0.0004901890627012633	1737403
2	s__Kangiella geojedonensis	0.041	0.0014669891657483063	914150
2	s__Kangiella koreensis	0.0137	0.0004901890627012633	261964
2	s__Kosmotoga_B pacifica	0.0137	0.0004901890627012633	1330330
2	s__Kytococcus sedentarius	0.0137	0.0004901890627012633	1276
2	s__Lacinutrix sp000211855	0.1776	0.006354567703339004	983544
2	s__Lactococcus garvieae	0.0273	0.000976800103047043	1363
2	s__Leisingera methylohalidivorans	0.0683	0.002443789268795349	133924
2	s__Leuconostoc lactis	0.0273	0.000976800103047043	1246
2	s__Luteimonas sp001717465	0.123	0.004400967497244918	1896164
2	s__MONJU sp000801295	0.0273	0.000976800103047043	1248727
2	s__Magnetococcus marinus	0.0683	0.002443789268795349	1124597
2	s__Magnetospira sp000968135	0.1298	0.0046442730174178085	1288970
2	s__Maribacter dokdonensis	0.0273	0.000976800103047043	1644130
2	s__Maricaulis maris	0.0209	0.0007478066722960877	74318
2	s__Maridesulfovibrio hydrothermalis	0.123	0.004400967497244918	191026
2	s__Marinithermus hydrothermalis	0.164	0.005867956662993225	186192
2	s__Marinobacter psychrophilus	0.041	0.0014669891657483063	490759
2	s__Marinobacterium_A aestuarii	0.0228	0.0008157890970502776	1821621
2	s__Marinomonas mediterranea	0.1093	0.003910778434543655	119864
2	s__Marinomonas posidonica	0.2596	0.009288546034835617	936476
2	s__Marivirga tractuosa	0.1913	0.006844756766040267	1006
2	s__Marivivens geojensis	0.0017	6.082638004322245e-05	1920883
2	s__Methanocaldococcus jannaschii	0.0137	0.0004901890627012633	2190
2	s__Methanocaldococcus vulcanius	0.0956	0.003420589371842392	73913
2	s__Methanococcoides methylutens	0.041	0.0014669891657483063	2226
2	s__Methanohalophilus halophilus	0.0273	0.000976800103047043	2177
2	s__Methanosarcina siciliae	0.041	0.0014669891657483063	38027
2	s__Methanotorris igneus	0.0137	0.0004901890627012633	2189
2	s__Methyloceanibacter caenitepidi	0.1776	0.006354567703339004	1384459
2	s__Methylomonas methanica	0.1503	0.0053777676002919605	421
2	s__Micrococcus luteus	0.0273	0.000976800103047043	1270
2	s__Micromonospora arenicola	0.0724	0.00259048818537018	168697
2	s__Micromonospora gifhornensis	0.0272	0.0009732220806915592	1003110
2	s__Micromonospora krabiensis	0.0232	0.0008301011864722122	307121
2	s__Micromonospora tropica	0.0684	0.002447367291150833	168695
2	s__Mor1 sp001664505	0.0273	0.000976800103047043	1660251
2	s__Moritella marina	0.0048	0.00017174507306321631	90736
2	s__Moritella viscosa	0.1591	0.005692633567574525	80854
2	s__Mycobacterium chelonae	0.0137	0.0004901890627012633	1774
2	s__Nanoarchaeum equitans	0.0547	0.0019571782284495695	160232
2	s__Nitratifractor salsuginis	0.0137	0.0004901890627012633	269261
2	s__Nitratiruptor sp000010325	0.0137	0.0004901890627012633	387092
2	s__Nitrosococcus halophilus	2.2955	0.08213350317012773	133539
2	s__Nitrosococcus oceani	0.6285	0.022487870504214885	1229
2	s__Nitrosopelagicus brevis	0.0137	0.0004901890627012633	1410606
2	s__Nitrosopumilus piranensis	0.0273	0.000976800103047043	1582439
2	s__Nitrosopumilus sediminis	0.041	0.0014669891657483063	1229909
2	s__Nocardiopsis dassonvillei	0.0137	0.0004901890627012633	2014
2	s__Nodularia spumigena	0.0137	0.0004901890627012633	70799
2	s__Nonlabens sp900101765	0.0137	0.0004901890627012633	1336802
2	s__Novosphingobium pentaromativorans	0.0273	0.000976800103047043	205844
2	s__Novosphingobium sp000253255	0.0956	0.003420589371842392	702113
2	s__Oceanobacillus iheyensis	0.041	0.0014669891657483063	182710
2	s__Octadecabacter antarcticus	0.0273	0.000976800103047043	1217908
2	s__Octadecabacter temperatus	0.0273	0.000976800103047043	1458307
2	s__Oleispira antarctica	0.0137	0.0004901890627012633	188908
2	s__Oscillibacter valericigenes	0.0547	0.0019571782284495695	351091
2	s__Owenweeksia hongkongensis	0.041	0.0014669891657483063	253245
2	s__Palaeococcus pacificus	0.5875	0.021020881338466583	971279
2	s__Paraglaciecola chathamensis	0.0137	0.0004901890627012633	983545
2	s__Paraglaciecola psychrophila	0.0064	0.00022899343075095512	326544
2	s__Paraoerskovia marina	0.041	0.0014669891657483063	545619
2	s__Parasynechococcus sp000161795	0.0137	0.0004901890627012633	166314
2	s__Parasynechococcus sp000737535	0.0137	0.0004901890627012633	1280380
2	s__Paraurantiacibacter namhicola	0.0137	0.0004901890627012633	645517
2	s__Parvularcula bermudensis	0.0273	0.000976800103047043	208216
2	s__Pelagibacter sp000299095	0.0273	0.000976800103047043	859653
2	s__Pelagibacterium halotolerans	0.0137	0.0004901890627012633	531813
2	s__Persephonella marina	0.041	0.0014669891657483063	309805
2	s__Phaeobacter gallaeciensis	0.1056	0.003778391607390759	60890
2	s__Phaeobacter inhibens	0.0547	0.0019571782284495695	221822
2	s__Photobacterium gaetbulicola	0.0137	0.0004901890627012633	1295392
2	s__Photobacterium profundum	0.041	0.0014669891657483063	74109
2	s__Piscirickettsia salmonis	0.1503	0.0053777676002919605	1238
2	s__Planktomarina temperata	0.0186	0.0006655121581199632	1284658
2	s__Polaribacter todarodis	0.0137	0.0004901890627012633	1850252
2	s__Polaribacter vadi	0.0137	0.0004901890627012633	1774273
2	s__Prochlorococcus_A sp000757845	0.0683	0.002443789268795349	1501268
2	s__Pseudalgibacter alginicilyticus	0.1093	0.003910778434543655	1736674
2	s__Pseudoalteromonas haloplanktis	0.041	0.0014669891657483063	228
2	s__Pseudoalteromonas luteoviolacea	0.0683	0.002443789268795349	43657
2	s__Pseudoalteromonas phenolica	0.0137	0.0004901890627012633	161398
2	s__Pseudoalteromonas rubra	0.0137	0.0004901890627012633	43658
2	s__Pseudodesulfovibrio piezophilus	0.041	0.0014669891657483063	879567
2	s__Psychrobacter glaciei	0.0137	0.0004901890627012633	1112209
2	s__Psychrobacter pacificensis	0.0956	0.003420589371842392	1720344
2	s__Psychrobacter sp000586415	0.4236	0.01515650269782884	1298608
2	s__Psychromonas sp000153405	0.0137	0.0004901890627012633	314282
2	s__Pusillimonas_C sp000209655	0.0137	0.0004901890627012633	1007105
2	s__Pyrobaculum aerophilum	0.0547	0.0019571782284495695	13773
2	s__Pyrococcus abyssi	0.0137	0.0004901890627012633	29292
2	s__Pyrococcus furiosus	0.0273	0.000976800103047043	2261
2	s__Pyrococcus horikoshii	0.0137	0.0004901890627012633	53953
2	s__Pyrococcus sp000211475	0.0956	0.003420589371842392	342949
2	s__Pyrococcus yayanosii	0.0273	0.000976800103047043	1008460
2	s__Pyrodictium delaneyi	0.0137	0.0004901890627012633	1273541
2	s__RCC307 sp000063525	0.0547	0.0019571782284495695	316278
2	s__Rhodobacter xanthinilyticus	0.0038	0.0001359648495083796	1850250
2	s__Rhodococcoides sp000954115	0.041	0.0014669891657483063	1564114
2	s__Rhodoferax ferrireducens	0.082	0.0029339783314966126	192843
2	s__Rhodothermus marinus	0.041	0.0014669891657483063	29549
2	s__Roseibacterium elongatum	0.0667	0.00238654091110761	159346
2	s__Roseobacter denitrificans	0.0683	0.002443789268795349	2434
2	s__Ruthia magnifica	0.0683	0.002443789268795349	386487
2	s__Saccharophagus degradans	0.0273	0.000976800103047043	86304
2	s__Salinibacter ruber	0.0137	0.0004901890627012633	146919
2	s__Salinispira pacifica	0.0273	0.000976800103047043	1307761
2	s__Salipiger sp001687105	0.0137	0.0004901890627012633	1792508
2	s__Sedimenticola thiotaurini	0.0137	0.0004901890627012633	1543721
2	s__Sediminicola sp001430825	0.041	0.0014669891657483063	1453352
2	s__Shewanella amazonensis	0.0137	0.0004901890627012633	60478
2	s__Shewanella baltica	0.205	0.00733494582874153	62322
2	s__Shewanella frigidimarina	0.0137	0.0004901890627012633	56812
2	s__Shewanella halifaxensis	0.0956	0.003420589371842392	271098
2	s__Shewanella loihica	0.0137	0.0004901890627012633	359303
2	s__Shewanella pealeana	0.0137	0.0004901890627012633	70864
2	s__Shewanella piezotolerans	0.0273	0.000976800103047043	404011
2	s__Shewanella sp029835735	0.123	0.004400967497244918	94122
2	s__Shewanella woodyi	0.0273	0.000976800103047043	60961
2	s__Spiribacter curvatus	3.3339	0.11928768730947019	1335757
2	s__Spiribacter salinus	1.0658	0.038134562264744994	1335746
2	s__Spongiibacter sp001010805	0.0137	0.0004901890627012633	1620392
2	s__Sporosarcina psychrophila	0.0137	0.0004901890627012633	1476
2	s__Staphylococcus warneri	0.8198	0.029332627270255155	1292
2	s__Streptococcus parauberis	0.0137	0.0004901890627012633	1348
2	s__Sulfitobacter alexandrii	0.0137	0.0004901890627012633	1917485
2	s__Sulfurimonas autotrophica	0.0137	0.0004901890627012633	202747
2	s__Sulfurovum sp000010345	0.9291	0.03324340570479881	387093
2	s__Synechococcus_C sp000014585	0.0273	0.000976800103047043	64471
2	s__Synechococcus_C sp000063505	0.0273	0.000976800103047043	32051
2	s__Syntrophotalea acetylenica	0.3238	0.011585636387056134	29542
2	s__Syntrophotalea carbinolica	0.0178	0.0006368879792760939	19
2	s__Thalassolituus oleivorans	0.3051	0.010916546206580688	187493
2	s__Thermaerobacter marianensis	0.0273	0.000976800103047043	73919
2	s__Thermoclostridium stercorarium	0.0137	0.0004901890627012633	1510
2	s__Thermococcus sp000221185	0.0683	0.002443789268795349	1042877
2	s__Thermococcus_B barophilus	0.0137	0.0004901890627012633	55802
2	s__Thermodesulfatator indicus	0.0137	0.0004901890627012633	171695
2	s__Thermoplasma volcanium	0.1913	0.006844756766040267	50339
2	s__Thermosediminibacter oceani	0.0137	0.0004901890627012633	291990
2	s__Thermotoga maritima	0.1503	0.0053777676002919605	126740,2336
2	s__Thermovibrio ammonificans	0.0137	0.0004901890627012633	228745
2	s__Thermovirga lienii	0.0273	0.000976800103047043	336261
2	s__Thioflavicoccus mobilis	0.2459	0.008798356972134354	80679
2	s__Thiolapillus brandeum	0.0547	0.0019571782284495695	1076588
2	s__Tistrella mobilis	0.0814	0.00291251019736371	171437
2	s__Vibrio alginolyticus	0.0137	0.0004901890627012633	663
2	s__Vibrio anguillarum	0.164	0.005867956662993225	55601
2	s__Vibrio campbellii	0.0273	0.000976800103047043	680
2	s__Vibrio cholerae	0.0547	0.0019571782284495695	666
2	s__Vibrio coralliilyticus	0.3143	0.011245724263285187	190893
2	s__Vibrio furnissii	0.041	0.0014669891657483063	29494
2	s__Vibrio harveyi	0.041	0.0014669891657483063	669
2	s__Vibrio nigripulchritudo	0.0273	0.000976800103047043	28173
2	s__Vibrio parahaemolyticus	0.0956	0.003420589371842392	670
2	s__Vibrio scophthalmi	0.1503	0.0053777676002919605	45658
2	s__Vibrio tasmaniensis	0.1093	0.003910778434543655	212663
2	s__Vibrio tubiashii	0.123	0.004400967497244918	29498
2	s__Vreelandella titanicae	0.0932	0.003334716835310784	1380358
2	s__Weissella ceti	0.0683	0.002443789268795349	759620
2	s__Wenyingzhuangia fucanilytica	0.0408	0.0014598331210373388	1790137
2	s__Woeseia oceani	0.3553	0.012712713429033492	1548547
2	s__Xianfuyuplasma sp000755705	0.1366	0.004887578537590698	1541959
2	s__Yersinia ruckeri	0.0137	0.0004901890627012633	29486
2	s__Zunongwangia profunda	0.0273	0.000976800103047043	398743
3	s__Aciduliprofundum boonei	0.0049	0.00016690225999284713	379547
3	s__Aciduliprofundum sp000327505	0.039	0.001328405742800212	673860
3	s__Acinetobacter johnsonii	0.0049	0.00016690225999284713	40214
3	s__Acinetobacter venetianus	0.039	0.001328405742800212	52133
3	s__Actinoalloteichus_A fjordicus	0.0488	0.0016622102627859062	1612552
3	s__Aegicerativicinus sp900104375	0.0146	0.0004973006114072588	1250295
3	s__Aeromonas salmonicida	0.1073	0.0036548188769862243	645
3	s__Aeropyrum camini	0.0683	0.002326413134186012	229980
3	s__Aeropyrum pernix	0.0049	0.00016690225999284713	56636
3	s__Agarivorans gilvus	0.0488	0.0016622102627859062	680279
3	s__Agrococcus jejuensis	0.0146	0.0004973006114072588	399736
3	s__Alcanivorax borkumensis	0.0098	0.00033380451998569425	59754
3	s__Aliivibrio fischeri	0.0098	0.00033380451998569425	668
3	s__Aliivibrio salmonicida	0.7807	0.026591958036003213	40269
3	s__Aliivibrio wodanis	0.3903	0.013294275933715965	80852
3	s__Alloalcanivorax dieselolei	0.0098	0.00033380451998569425	285091
3	s__Alteraurantiacibacter gangjinensis	0.0146	0.0004973006114072588	502682
3	s__Alteriqipengyuania bathyomarina	0.0049	0.00016690225999284713	1634516
3	s__Alteromonas australica	0.0244	0.0008311051313929531	589873
3	s__Alteromonas macleodii	0.1464	0.004986630788357718	28108
3	s__Alteromonas mediterranea	0.7755	0.026414837270296518	314275
3	s__Aquibium oceanicum	0.0098	0.00033380451998569425	1670800
3	s__Aquiluna sp900100865	0.0049	0.00016690225999284713	1855377
3	s__Aquipseudomonas pohangensis	0.0049	0.00016690225999284713	364197
3	s__Aquipseudomonas rustica	0.0146	0.0004973006114072588	1699311
3	s__Arcanobacterium phocae	0.0049	0.00016690225999284713	131112
3	s__Archaeoglobus fulgidus	0.1025	0.003491322785564659	2234
3	s__Archaeoglobus_B profundus	0.0098	0.00033380451998569425	84156
3	s__Bacillus pumilus	0.0439	0.001495308002793059	1408
3	s__Bacillus velezensis	0.0098	0.00033380451998569425	492670
3	s__Bdellovibrio bacteriovorus	0.0537	0.0018291125227787532	959
3	s__Belliella baltica	0.0244	0.0008311051313929531	232259
3	s__Bernardetia litoralis	0.039	0.001328405742800212	999
3	s__Brucella melitensis	0.0683	0.002326413134186012	120576,120577
3	s__Caldithrix abyssi	0.0098	0.00033380451998569425	187145
3	s__Carnobacterium divergens	0.0098	0.00033380451998569425	2748
3	s__Celeribacter indicus	0.0244	0.0008311051313929531	1208324
3	s__Celeribacter marinus	0.0244	0.0008311051313929531	1397108
3	s__Cellulophaga algicola	0.0197	0.000671015208542671	59600
3	s__Cellulophaga baltica	0.0377	0.001284125551373538	76594
3	s__Cellulophaga lytica	0.0683	0.002326413134186012	979
3	s__Cenarchaeum symbiosum	0.0195	0.000664202871400106	46770
3	s__Chlorobium phaeobacteroides	0.0586	0.0019960147827716005	1096
3	s__Chlorobium phaeovibrioides	0.0195	0.000664202871400106	1094
3	s__Chloroherpeton thalassium	0.0537	0.0018291125227787532	100716
3	s__Christiangramia sp900105135	0.001	3.406168571282595e-05	1250205
3	s__Chromohalobacter moromii	0.0098	0.00033380451998569425	158080
3	s__Colwellia marinimaniae	0.0537	0.0018291125227787532	58049
3	s__Colwellia_A sp001767295	0.0146	0.0004973006114072588	1816218
3	s__Corynebacterium marinum	0.0098	0.00033380451998569425	349751
3	s__Corynebacterium maris	0.0049	0.00016690225999284713	575200
3	s__Corynebacterium phocae	0.1025	0.003491322785564659	161895
3	s__Corynebacterium stationis	0.039	0.001328405742800212	1705
3	s__Croceibacter atlanticus	0.0137	0.0004666450942657155	313588
3	s__Croceibacterium_C atlanticum	0.0098	0.00033380451998569425	1267766
3	s__Croceicoccus naphthovorans	0.0049	0.00016690225999284713	1348774
3	s__Cyclobacterium amurskyense	0.0146	0.0004973006114072588	320787
3	s__Cyclobacterium marinum	0.0049	0.00016690225999284713	104
3	s__Cycloclasticus pugetii	0.5123	0.01744980159068073	1329899
3	s__Denitrovibrio acetiphilus	0.0098	0.00033380451998569425	118000
3	s__Desulfobacula toluolica	0.2147	0.007313043922543731	28223
3	s__Desulfocapsa sulfexigens	0.0683	0.002326413134186012	65555
3	s__Desulfococcus multivorans	0.1317	0.004485924008379177	897
3	s__Desulfocurvibacter africanus	0.0829	0.002823713745593271	873
3	s__Desulfotalea psychrophila	0.2147	0.007313043922543731	84980
3	s__Desulfovibrio desulfuricans	0.0439	0.001495308002793059	876
3	s__Dinoroseobacter shibae	0.0049	0.00016690225999284713	215813
3	s__Dokdonia sp000212355	0.0091	0.0003099613399867161	983548
3	s__Draconibacterium orientale	0.0098	0.00033380451998569425	1168034
3	s__Echinicola vietnamensis	0.0098	0.00033380451998569425	390884
3	s__Epibacterium sp000014065	0.0116	0.0003951155542687809	292414
3	s__Erythrobacter epoxidivorans	0.0098	0.00033380451998569425	361183
3	s__Erythrobacter ishigakiensis	0.0146	0.0004973006114072588	476157
3	s__Erythrobacter litoralis	0.3513	0.011965870190915754	39960
3	s__Filomicrobium insigne	0.0146	0.0004973006114072588	1608628
3	s__Flagellimonas_A lutaonensis	0.122	0.004155525656964765	516051
3	s__Flammeovirga yaeyamensis	0.1513	0.005153533048350565	1191459
3	s__Flavobacterium crassostreae	0.0195	0.000664202871400106	1763534
3	s__Flavobacterium frigidarium	0.0049	0.00016690225999284713	99286
3	s__Flavobacterium psychrophilum	0.1382	0.0047073249655125455	96345
3	s__Formosa agariphila	0.0098	0.00033380451998569425	320324
3	s__Formosa haliotis	0.1513	0.005153533048350565	1555194
3	s__Francisella noatunensis	0.0293	0.0009980073913858003	657445
3	s__Francisella uliginis	0.0049	0.00016690225999284713	573570
3	s__Geoglobus acetivorans	0.0049	0.00016690225999284713	565033
3	s__Geoglobus ahangari	0.0049	0.00016690225999284713	113653
3	s__Glaciecola nitratireducens	0.1366	0.004652826268372024	300231
3	s__Gloeomargarita lithophora	0.0829	0.002823713745593271	1188228
3	s__Gymnodinialimonas sp000013565	0.0098	0.00033380451998569425	290400
3	s__Hahella chejuensis	0.0537	0.0018291125227787532	158327
3	s__Haloarcula hispanica	0.0049	0.00016690225999284713	51589
3	s__Halobacteriovorax marinus	0.0293	0.0009980073913858003	97084
3	s__Halodesulfurarchaeum formicicum	0.0146	0.0004973006114072588	1873524
3	s__Haloferax mediterranei	0.0195	0.000664202871400106	2252
3	s__Halogeometricum borinquense	0.0049	0.00016690225999284713	60847
3	s__Halolamina sediminis	0.0049	0.00016690225999284713	1480675
3	s__Halomonas aestuarii	0.122	0.004155525656964765	1897729
3	s__Halomonas elongata	0.0026	8.856038285334745e-05	2746
3	s__Halopseudomonas litoralis	0.0146	0.0004973006114072588	797277
3	s__Haloquadratum walsbyi	0.039	0.001328405742800212	293091
3	s__Halorhabdus tiamatea	0.039	0.001328405742800212	430914
3	s__Helicobacter cetorum	0.0098	0.00033380451998569425	138563
3	s__Helicobacter_G enhydrae	0.0195	0.000664202871400106	222136
3	s__Henriciella sp001854405	0.0146	0.0004973006114072588	1906738
3	s__Hippea maritima	0.0049	0.00016690225999284713	84405
3	s__Hirschia baltica	0.0072	0.0002452441371323468	2724
3	s__Hoeflea sp001011155	0.0244	0.0008311051313929531	1620421
3	s__Hungateiclostridium thermocellum	0.0244	0.0008311051313929531	1515
3	s__Hydrogenophaga crassostreae	0.0878	0.002990616005586118	1763535
3	s__Hydrogenovibrio crunogenus	0.0195	0.000664202871400106	39765
3	s__Hyperthermus butylicus	2.103	0.07163172505407298	54248
3	s__Hyphomicrobium_C nitrativorans	0.1317	0.004485924008379177	1427356
3	s__Hyphomonas neptunia	0.161	0.005483931399764977	81032
3	s__IMCC9063 sp000195085	0.0002	6.812337142565189e-06	1002672
3	s__Idiomarina loihiensis	0.0049	0.00016690225999284713	135577
3	s__Ignicoccus hospitalis	0.0049	0.00016690225999284713	160233
3	s__Ignicoccus islandicus	0.0098	0.00033380451998569425	54259
3	s__Ilyobacter polytropus	0.0342	0.0011649096513786474	167642
3	s__Isoalcanivorax pacificus	0.0098	0.00033380451998569425	1306787
3	s__JBDGSM01 sp001761425	0.039	0.001328405742800212	1737403
3	s__Kangiella geojedonensis	0.0244	0.0008311051313929531	914150
3	s__Kangiella koreensis	0.0098	0.00033380451998569425	261964
3	s__Kangiella sediminilitoris	0.0049	0.00016690225999284713	1144748
3	s__Kosmotoga olearia	0.0195	0.000664202871400106	651457
3	s__Kytococcus sedentarius	0.0049	0.00016690225999284713	1276
3	s__Lacimicrobium alkaliphilum	0.0098	0.00033380451998569425	1526571
3	s__Lacinutrix sp000211855	0.3562	0.012132772450908602	983544
3	s__Lactococcus garvieae	0.0293	0.0009980073913858003	1363
3	s__Leisingera methylohalidivorans	0.039	0.001328405742800212	133924
3	s__Leuconostoc lactis	0.0195	0.000664202871400106	1246
3	s__Luteimonas sp001717465	0.0244	0.0008311051313929531	1896164
3	s__MONJU sp000801295	0.0146	0.0004973006114072588	1248727
3	s__MTP4 sp000970045	0.0586	0.0019960147827716005	1434100
3	s__Magnetococcus marinus	0.0683	0.002326413134186012	1124597
3	s__Magnetospira sp000968135	0.1947	0.006631810208287212	1288970
3	s__Maribacter dokdonensis	0.0244	0.0008311051313929531	1644130
3	s__Maribacter_A sp000153165	0.0049	0.00016690225999284713	313603
3	s__Maricaulis maris	0.0075	0.0002554626428461946	74318
3	s__Maridesulfovibrio hydrothermalis	0.122	0.004155525656964765	191026
3	s__Marinithermus hydrothermalis	0.0537	0.0018291125227787532	186192
3	s__Marinitoga piezophila	0.0098	0.00033380451998569425	149715
3	s__Marinobacter psychrophilus	0.0195	0.000664202871400106	490759
3	s__Marinobacter salinus	0.0108	0.00036786620569852023	1874317
3	s__Marinobacter similis	0.0244	0.0008311051313929531	1420916
3	s__Marinobacterium_A aestuarii	0.023	0.0007834187713949967	1821621
3	s__Marinomonas mediterranea	0.0976	0.0033244205255718124	119864
3	s__Marinomonas posidonica	0.2488	0.008474547405351095	936476
3	s__Marinovum algicola	0.0042	0.00014305907999386896	42444
3	s__Marivirga tractuosa	0.1171	0.003988623396971918	1006
3	s__Marivivens geojensis	0.0012	4.087402285539113e-05	1920883
3	s__Metabacillus weihaiensis	0.0098	0.00033380451998569425	1547283
3	s__Methanocaldococcus bathoardescens	0.0098	0.00033380451998569425	1301915
3	s__Methanocaldococcus jannaschii	0.0244	0.0008311051313929531	2190
3	s__Methanocaldococcus vulcanius	0.0683	0.002326413134186012	73913
3	s__Methanococcoides methylutens	0.0098	0.00033380451998569425	2226
3	s__Methanococcus maripaludis	0.0244	0.0008311051313929531	39152
3	s__Methanococcus voltae	0.0098	0.00033380451998569425	2188
3	s__Methanohalophilus halophilus	0.0244	0.0008311051313929531	2177
3	s__Methanosarcina siciliae	0.1464	0.004986630788357718	38027
3	s__Methanosarcina sp000969965	0.0049	0.00016690225999284713	1434102
3	s__Methanotorris igneus	0.0098	0.00033380451998569425	2189
3	s__Methyloceanibacter caenitepidi	0.1903	0.006481938791150777	1384459
3	s__Methylomonas methanica	0.244	0.00831105131392953	421
3	s__Methylophaga nitratireducenticrescens	0.0195	0.000664202871400106	754476
3	s__Micrococcus luteus	0.0293	0.0009980073913858003	1270
3	s__Micromonospora arenicola	0.0222	0.0007561694228247361	168697
3	s__Micromonospora gifhornensis	0.0236	0.0008038557828226923	1003110
3	s__Micromonospora krabiensis	0.0071	0.00024183796856106423	307121
3	s__Micromonospora tropica	0.0593	0.0020198579627705784	168695
3	s__Moritella marina	0.0075	0.0002554626428461946	90736
3	s__Moritella viscosa	0.2707	0.009220498322461983	80854
3	s__Mycobacterium rhodesiae	0.0049	0.00016690225999284713	36814
3	s__Myxococcus fulvus	0.0146	0.0004973006114072588	33
3	s__Nanoarchaeum equitans	0.1025	0.003491322785564659	160232
3	s__Nautilia profundicola	0.0195	0.000664202871400106	244787
3	s__Nitratifractor salsuginis	0.0146	0.0004973006114072588	269261
3	s__Nitratiruptor sp000010325	0.0146	0.0004973006114072588	387092
3	s__Nitrosarchaeum limnae	0.0244	0.0008311051313929531	1007084
3	s__Nitrosococcus halophilus	1.9078	0.06498288400292934	133539
3	s__Nitrosococcus oceani	0.444	0.01512338845649472	1229
3	s__Nitrosopelagicus brevis	0.0829	0.002823713745593271	1410606
3	s__Nitrosopumilus koreensis	0.0098	0.00033380451998569425	1510466
3	s__Nitrosopumilus maritimus	0.0049	0.00016690225999284713	338192
3	s__Nitrosopumilus piranensis	0.0244	0.0008311051313929531	1582439
3	s__Nitrosopumilus sediminis	0.122	0.004155525656964765	1229909
3	s__Nodularia spumigena	0.0195	0.000664202871400106	70799
3	s__Nonlabens dokdonensis	0.0342	0.0011649096513786474	328515
3	s__Nonlabens marinus	0.0049	0.00016690225999284713	930802
3	s__Nonlabens sp900101765	0.0439	0.001495308002793059	1336802
3	s__Novosphingobium pentaromativorans	0.0439	0.001495308002793059	205844
3	s__Novosphingobium sp000253255	0.0927	0.0031575182655789653	702113
3	s__Oceanithermus profundus	0.0146	0.0004973006114072588	187137
3	s__Oceanobacillus iheyensis	0.0049	0.00016690225999284713	182710
3	s__Octadecabacter antarcticus	0.0683	0.002326413134186012	1217908
3	s__Octadecabacter arcticus	0.0195	0.000664202871400106	53946
3	s__Octadecabacter temperatus	0.0293	0.0009980073913858003	1458307
3	s__Oleispira antarctica	0.0049	0.00016690225999284713	188908
3	s__Ornithinicoccus hydrothermalis	0.0293	0.0009980073913858003	1758689
3	s__Oscillibacter valericigenes	0.1415	0.004819728528364871	351091
3	s__Owenweeksia hongkongensis	0.0049	0.00016690225999284713	253245
3	s__Paenibacillus_AQ crassostreae	0.0293	0.0009980073913858003	1763538
3	s__Palaeococcus pacificus	0.5367	0.01828090672207368	971279
3	s__Paraglaciecola chathamensis	0.0488	0.0016622102627859062	983545
3	s__Paraglaciecola psychrophila	0.0229	0.0007800126028237142	326544
3	s__Paraoerskovia marina	0.0683	0.002326413134186012	545619
3	s__Parasynechococcus sp000161795	0.0049	0.00016690225999284713	166314
3	s__Parasynechococcus sp000737535	0.0098	0.00033380451998569425	1280380
3	s__Parasynechococcus sp000737595	0.039	0.001328405742800212	585425
3	s__Paraurantiacibacter namhicola	0.0293	0.0009980073913858003	645517
3	s__Parvularcula bermudensis	0.0439	0.001495308002793059	208216
3	s__Pelagibacter sp000299095	0.039	0.001328405742800212	859653
3	s__Pelagibacterium halotolerans	0.0244	0.0008311051313929531	531813
3	s__Persephonella marina	0.0342	0.0011649096513786474	309805
3	s__Phaeobacter gallaeciensis	0.1153	0.003927312362688832	60890
3	s__Phaeobacter inhibens	0.0293	0.0009980073913858003	221822
3	s__Photobacterium gaetbulicola	0.039	0.001328405742800212	1295392
3	s__Photobacterium phosphoreum	0.0195	0.000664202871400106	659
3	s__Photobacterium profundum	0.0049	0.00016690225999284713	74109
3	s__Phycisphaera mikurensis	0.0342	0.0011649096513786474	547188
3	s__Piscirickettsia salmonis	0.2098	0.007146141662550883	1238
3	s__Planktomarina temperata	0.0067	0.00022821329427593384	1284658
3	s__Planococcus antarcticus	0.0098	0.00033380451998569425	161360
3	s__Planococcus donghaensis	0.0098	0.00033380451998569425	414778
3	s__Planococcus kocurii	0.0098	0.00033380451998569425	1374
3	s__Polaribacter todarodis	0.0586	0.0019960147827716005	1850252
3	s__Polaribacter vadi	0.0342	0.0011649096513786474	1774273
3	s__Prochlorococcus_A sp000757845	0.0098	0.00033380451998569425	1501268
3	s__Prochlorococcus_B sp000757865	0.0098	0.00033380451998569425	1501269
3	s__Prosthecochloris vibrioformis	0.0195	0.000664202871400106	1868325
3	s__Pseudalgibacter alginicilyticus	0.1854	0.006315036531157931	1736674
3	s__Pseudoalteromonas atlantica	0.0195	0.000664202871400106	288
3	s__Pseudoalteromonas haloplanktis	0.0098	0.00033380451998569425	228
3	s__Pseudoalteromonas luteoviolacea	0.0195	0.000664202871400106	43657
3	s__Pseudoalteromonas phenolica	0.0342	0.0011649096513786474	161398
3	s__Pseudoalteromonas piratica	0.0049	0.00016690225999284713	1348114
3	s__Pseudoalteromonas rubra	0.0195	0.000664202871400106	43658
3	s__Pseudoalteromonas tetraodonis	0.0439	0.001495308002793059	234831
3	s__Pseudodesulfovibrio piezophilus	0.0732	0.002493315394178859	879567
3	s__Pseudovibrio sp000156235	0.0105	0.00035764769998467244	911045
3	s__Psychrobacter glaciei	0.0098	0.00033380451998569425	1112209
3	s__Psychrobacter sp000586415	0.444	0.01512338845649472	1298608
3	s__Psychromonas ingrahamii	0.0098	0.00033380451998569425	357794
3	s__Psychromonas sp000153405	0.0049	0.00016690225999284713	314282
3	s__Pusillimonas_C sp000209655	0.0049	0.00016690225999284713	1007105
3	s__Pyrobaculum aerophilum	0.039	0.001328405742800212	13773
3	s__Pyrococcus abyssi	0.0049	0.00016690225999284713	29292
3	s__Pyrococcus furiosus	0.0293	0.0009980073913858003	2261
3	s__Pyrococcus horikoshii	0.0244	0.0008311051313929531	53953
3	s__Pyrococcus sp000211475	0.1561	0.00531702913977213	342949
3	s__Pyrococcus yayanosii	0.0049	0.00016690225999284713	1008460
3	s__RCC307 sp000063525	0.0878	0.002990616005586118	316278
3	s__Rhodobacter xanthinilyticus	0.0067	0.00022821329427593384	1850250
3	s__Rhodococcoides sp000954115	0.039	0.001328405742800212	1564114
3	s__Rhodococcus_F sp001767395	0.0049	0.00016690225999284713	679318
3	s__Rhodoferax ferrireducens	0.0244	0.0008311051313929531	192843
3	s__Rhodothermus marinus	0.0634	0.002159510874193165	29549
3	s__Rhodovulum sulfidophilum	0.0195	0.000664202871400106	35806
3	s__Rivularia sp000316665	0.0098	0.00033380451998569425	373994
3	s__Robiginitalea biformata	0.0195	0.000664202871400106	252307
3	s__Roseibacterium elongatum	0.0476	0.001621336239930515	159346
3	s__Roseobacter denitrificans	0.0927	0.0031575182655789653	2434
3	s__Roseobacter litoralis	0.0098	0.00033380451998569425	42443
3	s__Ruthia magnifica	0.0146	0.0004973006114072588	386487
3	s__Saccharophagus degradans	0.0293	0.0009980073913858003	86304
3	s__Salinibacter ruber	0.0195	0.000664202871400106	146919
3	s__Salinispira pacifica	0.0098	0.00033380451998569425	1307761
3	s__Salipiger sp001687105	0.0342	0.0011649096513786474	1792508
3	s__Salmonella enterica	0.0049	0.00016690225999284713	28901
3	s__Saprospira grandis	0.0439	0.001495308002793059	1008
3	s__Sedimenticola thiotaurini	0.0049	0.00016690225999284713	1543721
3	s__Sediminicola sp001430825	0.0049	0.00016690225999284713	1453352
3	s__Shewanella amazonensis	0.0098	0.00033380451998569425	60478
3	s__Shewanella baltica	0.2049	0.006979239402558036	62322
3	s__Shewanella denitrificans	0.0098	0.00033380451998569425	192073
3	s__Shewanella halifaxensis	0.1659	0.005650833659757824	271098
3	s__Shewanella pealeana	0.0049	0.00016690225999284713	70864
3	s__Shewanella piezotolerans	0.0488	0.0016622102627859062	404011
3	s__Shewanella sediminis	0.0049	0.00016690225999284713	271097
3	s__Shewanella sp029835735	0.161	0.005483931399764977	94122
3	s__Shewanella woodyi	0.0049	0.00016690225999284713	60961
3	s__Siansivirga zeaxanthinifaciens	0.0007	2.384317999897816e-05	762954
3	s__Simiduia agarivorans	0.0098	0.00033380451998569425	447471
3	s__Spiribacter curvatus	2.5519	0.08692201577056052	1335757
3	s__Spiribacter salinus	0.8002	0.02725616090740332	1335746
3	s__Spongiibacter sp001010805	0.0244	0.0008311051313929531	1620392
3	s__Staphylococcus epidermidis	0.0488	0.0016622102627859062	1282
3	s__Staphylococcus equorum	0.039	0.001328405742800212	246432
3	s__Staphylococcus warneri	1.1027	0.03755982083553317	1292
3	s__Staphylothermus marinus	0.0098	0.00033380451998569425	2280
3	s__Stappia sp900105595	0.0098	0.00033380451998569425	1881061
3	s__Streptococcus agalactiae	0.0098	0.00033380451998569425	1311
3	s__Streptococcus iniae	0.0293	0.0009980073913858003	1346
3	s__Streptomyces albus	0.0098	0.00033380451998569425	1888
3	s__Sulfitobacter alexandrii	0.0049	0.00016690225999284713	1917485
3	s__Sulfurimonas denitrificans	0.0244	0.0008311051313929531	39766
3	s__Sulfurovum sp000010345	1.2345	0.042049151012483625	387093
3	s__Synechococcus_C sp000014585	0.0195	0.000664202871400106	64471
3	s__Synechococcus_C sp000063505	0.0244	0.0008311051313929531	32051
3	s__Syntrophotalea acetylenica	1.1423	0.03890866358976108	29542
3	s__Syntrophotalea carbinolica	0.0629	0.0021424800313367518	19
3	s__Thalassolituus oleivorans	0.3966	0.01350886455370677	187493
3	s__Thalassoporum mexicanum	0.0244	0.0008311051313929531	82654
3	s__Thalassotalea_A crassostreae	0.0195	0.000664202871400106	1763536
3	s__Thermaerobacter marianensis	0.0146	0.0004973006114072588	73919
3	s__Thermoclostridium stercorarium	0.0244	0.0008311051313929531	1510
3	s__Thermococcus eurythermalis	0.0049	0.00016690225999284713	1505907
3	s__Thermococcus gammatolerans	0.0049	0.00016690225999284713	187878
3	s__Thermococcus onnurineus	0.0146	0.0004973006114072588	342948
3	s__Thermococcus piezophilus	0.0049	0.00016690225999284713	1712654
3	s__Thermococcus sp000151205	0.0049	0.00016690225999284713	246969
3	s__Thermococcus sp000221185	0.0488	0.0016622102627859062	1042877
3	s__Thermococcus_A litoralis	0.0098	0.00033380451998569425	2265
3	s__Thermodesulfatator indicus	0.0098	0.00033380451998569425	171695
3	s__Thermoplasma volcanium	0.0049	0.00016690225999284713	50339
3	s__Thermosediminibacter oceani	0.0049	0.00016690225999284713	291990
3	s__Thermosipho melanesiensis	0.0146	0.0004973006114072588	46541
3	s__Thermotoga maritima	0.1708	0.0058177359197506716	126740,2336
3	s__Thermotoga neapolitana	0.0049	0.00016690225999284713	2337
3	s__Thermovirga lienii	0.0439	0.001495308002793059	336261
3	s__Thioflavicoccus mobilis	0.2147	0.007313043922543731	80679
3	s__Thiolapillus brandeum	0.1269	0.0043224279169576125	1076588
3	s__Tistrella mobilis	0.0616	0.0020981998399100784	171437
3	s__Tsuneonella dongtanensis	0.0049	0.00016690225999284713	692370
3	s__UJ101 sp001880285	0.0146	0.0004973006114072588	1150389
3	s__Vibrio alginolyticus	0.0195	0.000664202871400106	663
3	s__Vibrio anguillarum	0.2342	0.007977246793943836	55601
3	s__Vibrio breoganii	0.0098	0.00033380451998569425	553239
3	s__Vibrio campbellii	0.0049	0.00016690225999284713	680
3	s__Vibrio cholerae	0.1561	0.00531702913977213	666
3	s__Vibrio coralliilyticus	0.2537	0.008641449665343942	190893
3	s__Vibrio furnissii	0.0293	0.0009980073913858003	29494
3	s__Vibrio harveyi	0.0439	0.001495308002793059	669
3	s__Vibrio natriegens	0.0098	0.00033380451998569425	1116375
3	s__Vibrio nigripulchritudo	0.0244	0.0008311051313929531	28173
3	s__Vibrio parahaemolyticus	0.0049	0.00016690225999284713	670
3	s__Vibrio scophthalmi	0.1708	0.0058177359197506716	45658
3	s__Vibrio tasmaniensis	0.0976	0.0033244205255718124	212663
3	s__Vibrio tubiashii	0.0829	0.002823713745593271	29498
3	s__Vibrio vulnificus	0.0293	0.0009980073913858003	672
3	s__Vreelandella titanicae	0.0998	0.0033993562341400295	1380358
3	s__Wenyingzhuangia fucanilytica	0.0546	0.0018597680399202966	1790137
3	s__Woeseia oceani	0.0732	0.002493315394178859	1548547
3	s__Xianfuyuplasma sp000755705	0.0976	0.0033244205255718124	1541959
3	s__Yersinia aldovae	0.0195	0.000664202871400106	29483
3	s__Yersinia ruckeri	0.0195	0.000664202871400106	29486
3	s__Zunongwangia profunda	0.0732	0.002493315394178859	398743
4	s__Aciduliprofundum boonei	0.0192	0.00066057469998899	379547
4	s__Acinetobacter venetianus	0.0575	0.001978283606737861	52133
4	s__Aegicerativicinus sp900104375	0.0096	0.000330287349994495	1250295
4	s__Aeromonas salmonicida	0.0384	0.00132114939997798	645
4	s__Aeropyrum camini	0.0384	0.00132114939997798	229980
4	s__Alcanivorax borkumensis	0.0096	0.000330287349994495	59754
4	s__Aliivibrio salmonicida	0.4219	0.014515440933612234	40269
4	s__Aliivibrio wodanis	0.5178	0.017814873940328074	80852
4	s__Alteraurantiacibacter atlanticus	0.0288	0.000990862049983485	1648404
4	s__Alteriqipengyuania bathyomarina	0.0479	0.0016479962567433656	1634516
4	s__Alteromonas australica	0.0192	0.00066057469998899	589873
4	s__Alteromonas macleodii	0.7959	0.027382885610481102	28108
4	s__Alteromonas mediterranea	1.3162	0.04528377188153691	314275
4	s__Aquibium oceanicum	0.0192	0.00066057469998899	1670800
4	s__Aquiluna sp900100865	0.0096	0.000330287349994495	1855377
4	s__Archaeoglobus fulgidus	0.2014	0.006929153363426177	2234
4	s__Bacillus pumilus	0.0192	0.00066057469998899	1408
4	s__Bdellovibrio bacteriovorus	0.0384	0.00132114939997798	959
4	s__Belliella baltica	0.0192	0.00066057469998899	232259
4	s__Bernardetia litoralis	0.0096	0.000330287349994495	999
4	s__Brucella melitensis	0.048	0.001651436749972475	120576,120577
4	s__Campylobacter_D peloridis	0.0192	0.00066057469998899	488546
4	s__Carnobacterium divergens	0.0384	0.00132114939997798	2748
4	s__Celeribacter marinus	0.0096	0.000330287349994495	1397108
4	s__Cellulophaga algicola	0.0111	0.00038189474843113486	59600
4	s__Cellulophaga baltica	0.0771	0.002652620279643288	76594
4	s__Cellulophaga lytica	0.0288	0.000990862049983485	979
4	s__Cenarchaeum symbiosum	0.0192	0.00066057469998899	46770
4	s__Chlorobium phaeobacteroides	0.1342	0.004617141913464712	1096
4	s__Chloroherpeton thalassium	0.0575	0.001978283606737861	100716
4	s__Christiangramia sp900105135	0.0006	2.0642959374655937e-05	1250205
4	s__Corynebacterium maris	0.0096	0.000330287349994495	575200
4	s__Corynebacterium phocae	0.0671	0.002308570956732356	161895
4	s__Corynebacterium stationis	0.0192	0.00066057469998899	1705
4	s__Croceibacter atlanticus	0.0089	0.00030620389739072977	313588
4	s__Cyclobacterium amurskyense	0.0192	0.00066057469998899	320787
4	s__Cycloclasticus pugetii	0.9014	0.031012605967191437	1329899
4	s__Deferribacter desulfuricans	0.0096	0.000330287349994495	197162
4	s__Denitrovibrio acetiphilus	0.0096	0.000330287349994495	118000
4	s__Desulfobacula toluolica	0.1918	0.006598866013431681	28223
4	s__Desulfocapsa sulfexigens	0.0288	0.000990862049983485	65555
4	s__Desulfococcus multivorans	0.1055	0.0036297203567103357	897
4	s__Desulfocurvibacter africanus	0.0863	0.002969145656721346	873
4	s__Desulfotalea psychrophila	0.0671	0.002308570956732356	84980
4	s__Desulfovibrio desulfuricans	0.0384	0.00132114939997798	876
4	s__Dinoroseobacter shibae	0.0192	0.00066057469998899	215813
4	s__Dokdonia sp000212355	0.1878	0.006461246284267309	983548
4	s__Dokdonia sp947496725	0.0192	0.00066057469998899	313590
4	s__Draconibacterium orientale	0.0192	0.00066057469998899	1168034
4	s__Epibacterium sp000014065	0.0069	0.00023739403280854327	292414
4	s__Erythrobacter epoxidivorans	0.0096	0.000330287349994495	361183
4	s__Erythrobacter ishigakiensis	0.0096	0.000330287349994495	476157
4	s__Erythrobacter litoralis	0.2493	0.008577149620169542	39960
4	s__Filomicrobium insigne	0.0192	0.00066057469998899	1608628
4	s__Flagellimonas_A lutaonensis	0.0096	0.000330287349994495	516051
4	s__Flammeovirga yaeyamensis	0.5657	0.01946287019707144	1191459
4	s__Flavobacterium psychrophilum	0.2117	0.007283524166024437	96345
4	s__Flexistipes sinusarabici	0.0096	0.000330287349994495	2352
4	s__Francisella noatunensis	0.0288	0.000990862049983485	657445
4	s__Francisella uliginis	0.0096	0.000330287349994495	573570
4	s__Glaciecola nitratireducens	0.0575	0.001978283606737861	300231
4	s__Gloeomargarita lithophora	0.0192	0.00066057469998899	1188228
4	s__Gymnodinialimonas sp000013565	0.0384	0.00132114939997798	290400
4	s__Hahella chejuensis	0.0192	0.00066057469998899	158327
4	s__Halanaeroarchaeum sulfurireducens	0.0096	0.000330287349994495	1604004
4	s__Halolamina sediminis	0.0096	0.000330287349994495	1480675
4	s__Halomonas aestuarii	0.1342	0.004617141913464712	1897729
4	s__Halomonas elongata	0.002	6.880986458218647e-05	2746
4	s__Halorhabdus tiamatea	0.0575	0.001978283606737861	430914
4	s__Hungateiclostridium thermocellum	0.0575	0.001978283606737861	1515
4	s__Hydrogenovibrio crunogenus	0.0192	0.00066057469998899	39765
4	s__Hyperthermus butylicus	1.6013	0.05509261807772759	54248
4	s__Hyphomicrobium_C nitrativorans	0.326	0.011216007926896393	1427356
4	s__Hyphomonas neptunia	0.1342	0.004617141913464712	81032
4	s__Idiomarina loihiensis	0.0096	0.000330287349994495	135577
4	s__Ignicoccus hospitalis	0.0192	0.00066057469998899	160233
4	s__Ilyobacter polytropus	0.0096	0.000330287349994495	167642
4	s__Isoalcanivorax pacificus	0.0096	0.000330287349994495	1306787
4	s__Kangiella geojedonensis	0.0192	0.00066057469998899	914150
4	s__Kangiella koreensis	0.0288	0.000990862049983485	261964
4	s__Lacinutrix sp000211855	0.0959	0.0032994330067158406	983544
4	s__Lactococcus garvieae	0.0096	0.000330287349994495	1363
4	s__Leisingera methylohalidivorans	0.0096	0.000330287349994495	133924
4	s__Leuconostoc lactis	0.0096	0.000330287349994495	1246
4	s__MONJU sp000801295	0.0096	0.000330287349994495	1248727
4	s__MRBY01 sp001693275	0.0192	0.00066057469998899	32049
4	s__MTP4 sp000970045	0.0192	0.00066057469998899	1434100
4	s__Magnetospira sp000968135	0.1731	0.005955493779588239	1288970
4	s__Maribacter dokdonensis	0.0096	0.000330287349994495	1644130
4	s__Maribacter_A sp000153165	0.0384	0.00132114939997798	313603
4	s__Marinitoga piezophila	0.0192	0.00066057469998899	149715
4	s__Marinobacter adhaerens	0.0096	0.000330287349994495	1033846
4	s__Marinobacter psychrophilus	0.0959	0.0032994330067158406	490759
4	s__Marinobacter salinus	0.0141	0.00048510954530441453	1874317
4	s__Marinobacter similis	0.0479	0.0016479962567433656	1420916
4	s__Marinobacterium_A aestuarii	0.0306	0.0010527909281074527	1821621
4	s__Marinomonas mediterranea	0.0096	0.000330287349994495	119864
4	s__Marinomonas posidonica	0.7192	0.02474402730375425	936476
4	s__Marinovum algicola	0.0027	9.289331718595173e-05	42444
4	s__Marivirga tractuosa	0.0288	0.000990862049983485	1006
4	s__Marivivens geojensis	0.0037	0.00012729824947704495	1920883
4	s__Metabacillus weihaiensis	0.0192	0.00066057469998899	1547283
4	s__Methanocaldococcus sp000025525	0.0096	0.000330287349994495	644281
4	s__Methanocaldococcus vulcanius	0.0288	0.000990862049983485	73913
4	s__Methanococcus maripaludis	0.0671	0.002308570956732356	39152
4	s__Methanococcus voltae	0.0192	0.00066057469998899	2188
4	s__Methanoculleus marisnigri	0.0384	0.00132114939997798	2198
4	s__Methanosarcina siciliae	0.1726	0.005938291313442692	38027
4	s__Methyloceanibacter caenitepidi	0.5945	0.020453732247054927	1384459
4	s__Methylomonas methanica	0.0767	0.002638858306726851	421
4	s__Micrococcus luteus	0.0384	0.00132114939997798	1270
4	s__Micromonospora arenicola	0.0726	0.0024977980843333683	168697
4	s__Micromonospora gifhornensis	0.0164	0.000564240889573929	1003110
4	s__Micromonospora krabiensis	0.0233	0.0008016349223824723	307121
4	s__Micromonospora tropica	0.0412	0.001417483210393041	168695
4	s__Moritella marina	0.0102	0.00035093030936915096	90736
4	s__Moritella viscosa	0.3159	0.010868518110756353	80854
4	s__Myxococcus fulvus	0.0096	0.000330287349994495	33
4	s__Nanoarchaeum equitans	0.0288	0.000990862049983485	160232
4	s__Nautilia profundicola	0.0096	0.000330287349994495	244787
4	s__Nitratifractor salsuginis	0.0096	0.000330287349994495	269261
4	s__Nitrosarchaeum limnae	0.1342	0.004617141913464712	1007084
4	s__Nitrosococcus halophilus	0.6712	0.023092590553781777	133539
4	s__Nitrosococcus oceani	0.0288	0.000990862049983485	1229
4	s__Nitrosopelagicus brevis	0.0671	0.002308570956732356	1410606
4	s__Nitrosopumilus maritimus	0.0096	0.000330287349994495	338192
4	s__Nitrosopumilus piranensis	0.0096	0.000330287349994495	1582439
4	s__Nitrosopumilus sediminis	0.0959	0.0032994330067158406	1229909
4	s__Nocardia seriolae	0.0192	0.00066057469998899	37332
4	s__Nonlabens dokdonensis	0.0767	0.002638858306726851	328515
4	s__Nonlabens sp900101765	0.0096	0.000330287349994495	1336802
4	s__Novosphingobium pentaromativorans	0.0288	0.000990862049983485	205844
4	s__Novosphingobium sp000253255	0.0863	0.002969145656721346	702113
4	s__Octadecabacter antarcticus	0.0384	0.00132114939997798	1217908
4	s__Octadecabacter temperatus	0.0192	0.00066057469998899	1458307
4	s__Oleispira antarctica	0.0959	0.0032994330067158406	188908
4	s__Oscillibacter valericigenes	0.0671	0.002308570956732356	351091
4	s__Owenweeksia hongkongensis	0.1055	0.0036297203567103357	253245
4	s__Paenibacillus_AQ crassostreae	0.0096	0.000330287349994495	1763538
4	s__Palaeococcus pacificus	0.1726	0.005938291313442692	971279
4	s__Paraglaciecola chathamensis	0.0192	0.00066057469998899	983545
4	s__Paraglaciecola psychrophila	0.027	0.0009289331718595172	326544
4	s__Paraoerskovia marina	0.0192	0.00066057469998899	545619
4	s__Parasynechococcus marisnigri	0.0288	0.000990862049983485	84588
4	s__Parasynechococcus sp000161795	0.0096	0.000330287349994495	166314
4	s__Parasynechococcus sp000737595	0.0096	0.000330287349994495	585425
4	s__Paraurantiacibacter namhicola	0.0288	0.000990862049983485	645517
4	s__Pelagibacter sp000299095	0.0192	0.00066057469998899	859653
4	s__Pelagibacterium halotolerans	0.1247	0.004290295056699326	531813
4	s__Persephonella marina	0.0096	0.000330287349994495	309805
4	s__Phaeobacter gallaeciensis	0.085	0.002924419244742925	60890
4	s__Photobacterium profundum	0.0288	0.000990862049983485	74109
4	s__Phycisphaera mikurensis	0.0096	0.000330287349994495	547188
4	s__Piscirickettsia salmonis	0.1534	0.005277716613453702	1238
4	s__Planktomarina temperata	0.0065	0.00022363205989210598	1284658
4	s__Planococcus donghaensis	0.0096	0.000330287349994495	414778
4	s__Planococcus maritimus	0.0288	0.000990862049983485	192421
4	s__Polaribacter todarodis	0.0192	0.00066057469998899	1850252
4	s__Polaribacter vadi	0.0288	0.000990862049983485	1774273
4	s__Prochlorococcus_B sp000757865	0.0192	0.00066057469998899	1501269
4	s__Prosthecochloris vibrioformis	0.0384	0.00132114939997798	1868325
4	s__Pseudalgibacter alginicilyticus	0.0671	0.002308570956732356	1736674
4	s__Pseudoalteromonas haloplanktis	0.0096	0.000330287349994495	228
4	s__Pseudoalteromonas rubra	0.0096	0.000330287349994495	43658
4	s__Pseudoalteromonas tetraodonis	0.0384	0.00132114939997798	234831
4	s__Pseudodesulfovibrio piezophilus	0.0096	0.000330287349994495	879567
4	s__Pseudovibrio sp000156235	0.0069	0.00023739403280854327	911045
4	s__Psychrobacter glaciei	0.0096	0.000330287349994495	1112209
4	s__Psychrobacter sp000586415	0.4507	0.015506302983595718	1298608
4	s__Psychromonas ingrahamii	0.0096	0.000330287349994495	357794
4	s__Psychromonas sp000153405	0.0096	0.000330287349994495	314282
4	s__Pyrobaculum aerophilum	0.0288	0.000990862049983485	13773
4	s__Pyrococcus furiosus	0.0384	0.00132114939997798	2261
4	s__Pyrococcus horikoshii	0.0096	0.000330287349994495	53953
4	s__Pyrococcus sp000211475	0.1918	0.006598866013431681	342949
4	s__Pyrococcus yayanosii	0.0192	0.00066057469998899	1008460
4	s__Pyrolobus fumarii	0.0096	0.000330287349994495	54252
4	s__RCC307 sp000063525	0.0863	0.002969145656721346	316278
4	s__Rhodobacter xanthinilyticus	0.0013	4.47264119784212e-05	1850250
4	s__Rhodococcoides sp000954115	0.0192	0.00066057469998899	1564114
4	s__Rhodococcus_F qingshengii	0.0192	0.00066057469998899	1723645
4	s__Rhodococcus_F sp001767395	0.0096	0.000330287349994495	679318
4	s__Rhodothermus marinus	0.0767	0.002638858306726851	29549
4	s__Roseibacterium elongatum	0.1497	0.0051504183639766565	159346
4	s__Roseobacter denitrificans	0.0384	0.00132114939997798	2434
4	s__Roseobacter litoralis	0.0288	0.000990862049983485	42443
4	s__Saccharophagus degradans	0.0288	0.000990862049983485	86304
4	s__Saprospira grandis	0.0096	0.000330287349994495	1008
4	s__Shewanella amazonensis	0.0096	0.000330287349994495	60478
4	s__Shewanella baltica	0.1726	0.005938291313442692	62322
4	s__Shewanella halifaxensis	0.0959	0.0032994330067158406	271098
4	s__Shewanella piezotolerans	0.0192	0.00066057469998899	404011
4	s__Shewanella sediminis	0.0096	0.000330287349994495	271097
4	s__Shewanella sp029835735	1.0164	0.03496917318066716	94122
4	s__Shewanella woodyi	0.0288	0.000990862049983485	60961
4	s__Siansivirga zeaxanthinifaciens	0.0136	0.00046790707915886793	762954
4	s__Sphingopyxis alaskensis	0.0096	0.000330287349994495	117207
4	s__Spiribacter curvatus	1.9178	0.06598177914785859	1335757
4	s__Spiribacter salinus	0.7863	0.02705259826048661	1335746
4	s__Spongiibacter sp001010805	0.0096	0.000330287349994495	1620392
4	s__Staphylococcus epidermidis	0.0096	0.000330287349994495	1282
4	s__Staphylococcus equorum	0.0384	0.00132114939997798	246432
4	s__Staphylococcus warneri	1.4767	0.05080576351425737	1292
4	s__Staphylothermus marinus	0.0096	0.000330287349994495	2280
4	s__Stappia sp900105595	0.0096	0.000330287349994495	1881061
4	s__Streptococcus agalactiae	0.0192	0.00066057469998899	1311
4	s__Streptococcus iniae	0.0575	0.001978283606737861	1346
4	s__Sulfurimonas denitrificans	0.0096	0.000330287349994495	39766
4	s__Sulfurovum sp000010345	1.1123	0.038268606187383	387093
4	s__Synechococcus_C sp000063505	0.0192	0.00066057469998899	32051
4	s__Syntrophotalea acetylenica	2.79	0.09598976109215011	29542
4	s__Syntrophotalea carbinolica	0.1537	0.00528803809314103	19
4	s__Teredinibacter turnerae	0.0192	0.00066057469998899	2426
4	s__Thalassolituus oleivorans	0.6598	0.022700374325663315	187493
4	s__Thalassoporum mexicanum	0.0096	0.000330287349994495	82654
4	s__Thalassotalea_A crassostreae	0.0096	0.000330287349994495	1763536
4	s__Thermaerobacter marianensis	0.0288	0.000990862049983485	73919
4	s__Thermoclostridium stercorarium	0.0096	0.000330287349994495	1510
4	s__Thermococcus eurythermalis	0.0096	0.000330287349994495	1505907
4	s__Thermococcus onnurineus	0.0096	0.000330287349994495	342948
4	s__Thermococcus piezophilus	0.0096	0.000330287349994495	1712654
4	s__Thermococcus sp000221185	0.0288	0.000990862049983485	1042877
4	s__Thermodesulfatator indicus	0.0096	0.000330287349994495	171695
4	s__Thermosipho melanesiensis	0.0096	0.000330287349994495	46541
4	s__Thermotoga maritima	0.1822	0.006268578663437187	126740,2336
4	s__Thermotoga neapolitana	0.0096	0.000330287349994495	2337
4	s__Thermovirga lienii	0.0096	0.000330287349994495	336261
4	s__Thioflavicoccus mobilis	0.2685	0.009237724320158533	80679
4	s__Thiolapillus brandeum	0.1726	0.005938291313442692	1076588
4	s__Tistrella mobilis	0.0662	0.0022776065176703716	171437
4	s__UJ101 sp001880285	0.0767	0.002638858306726851	1150389
4	s__Vibrio alginolyticus	0.0192	0.00066057469998899	663
4	s__Vibrio anguillarum	0.1918	0.006598866013431681	55601
4	s__Vibrio campbellii	0.0096	0.000330287349994495	680
4	s__Vibrio cholerae	0.163	0.0056080039634481965	666
4	s__Vibrio coralliilyticus	0.3164	0.0108857205769019	190893
4	s__Vibrio nigripulchritudo	0.0096	0.000330287349994495	28173
4	s__Vibrio scophthalmi	0.0575	0.001978283606737861	45658
4	s__Vibrio tasmaniensis	0.0479	0.0016479962567433656	212663
4	s__Vibrio tubiashii	0.0959	0.0032994330067158406	29498
4	s__Vreelandella titanicae	0.0747	0.0025700484421446643	1380358
4	s__Weissella ceti	0.0192	0.00066057469998899	759620
4	s__Wenyingzhuangia fucanilytica	0.0358	0.0012316965760211377	1790137
4	s__Winogradskyella sp000828715	0.0096	0.000330287349994495	754409
4	s__Woeseia oceani	0.1151	0.003960007706704831	1548547
4	s__Xianfuyuplasma sp000755705	0.0479	0.0016479962567433656	1541959
4	s__Zunongwangia profunda	0.0288	0.000990862049983485	398743
5	s__Aciduliprofundum boonei	0.0085	0.00024209351075464802	379547
5	s__Acinetobacter johnsonii	0.0085	0.00024209351075464802	40214
5	s__Acinetobacter venetianus	0.0341	0.0009712222019686467	52133
5	s__Actinoalloteichus_A hymeniacidonis	0.017	0.00048418702150929604	340345
5	s__Aegicerativicinus sp900104375	0.017	0.00048418702150929604	1250295
5	s__Aeromonas salmonicida	0.1022	0.0029108184469558854	645
5	s__Aeropyrum camini	0.0852	0.0024266314254465893	229980
5	s__Agarivorans gilvus	0.0085	0.00024209351075464802	680279
5	s__Agrococcus jejuensis	0.0256	0.0007291286912139987	399736
5	s__Aliivibrio fischeri	0.0085	0.00024209351075464802	668
5	s__Aliivibrio salmonicida	0.5709	0.01626013944586218	40269
5	s__Aliivibrio wodanis	0.3408	0.009706525701786357	80852
5	s__Alteraurantiacibacter gangjinensis	0.0085	0.00024209351075464802	502682
5	s__Alteriqipengyuania bathyomarina	0.017	0.00048418702150929604	1634516
5	s__Alteromonas australica	0.0341	0.0009712222019686467	589873
5	s__Alteromonas macleodii	0.2852	0.008122949325555955	28108
5	s__Alteromonas mediterranea	1.3717	0.039068196317900074	314275
5	s__Aquibium oceanicum	0.0256	0.0007291286912139987	1670800
5	s__Aquiluna sp900100865	0.0085	0.00024209351075464802	1855377
5	s__Aquipseudomonas pohangensis	0.0256	0.0007291286912139987	364197
5	s__Aquipseudomonas rustica	0.017	0.00048418702150929604	1699311
5	s__Arcanobacterium phocae	0.0341	0.0009712222019686467	131112
5	s__Archaeoglobus fulgidus	0.0937	0.0026687249362012375	2234
5	s__Archaeoglobus_C veneficus	0.0341	0.0009712222019686467	58290
5	s__Bacillus pumilus	0.0341	0.0009712222019686467	1408
5	s__Bacillus velezensis	0.0085	0.00024209351075464802	492670
5	s__Belliella baltica	0.0085	0.00024209351075464802	232259
5	s__Bernardetia litoralis	0.0085	0.00024209351075464802	999
5	s__Brucella melitensis	0.0767	0.0021845379146919414	120576,120577
5	s__Caldithrix abyssi	0.0767	0.0021845379146919414	187145
5	s__Celeribacter indicus	0.0426	0.0012133157127232946	1208324
5	s__Cellulophaga algicola	0.0221	0.0006294431279620849	59600
5	s__Cellulophaga baltica	0.2929	0.008342257564710165	76594
5	s__Cellulophaga lytica	0.0596	0.0016975027342325908	979
5	s__Cenarchaeum symbiosum	0.0256	0.0007291286912139987	46770
5	s__Chlorobium phaeobacteroides	0.017	0.00048418702150929604	1096
5	s__Chloroherpeton thalassium	0.0085	0.00024209351075464802	100716
5	s__Christiangramia salexigens	0.017	0.00048418702150929604	1913577
5	s__Christiangramia sp900105135	0.0006	1.7088953700328094e-05	1250205
5	s__Chromohalobacter moromii	0.017	0.00048418702150929604	158080
5	s__Colwellia marinimaniae	0.017	0.00048418702150929604	58049
5	s__Colwellia_A sp001767295	0.0256	0.0007291286912139987	1816218
5	s__Corynebacterium maris	0.0085	0.00024209351075464802	575200
5	s__Corynebacterium phocae	0.1363	0.0038820406489245324	161895
5	s__Corynebacterium stationis	0.0085	0.00024209351075464802	1705
5	s__Croceibacter atlanticus	0.0079	0.00022500455705431994	313588
5	s__Croceibacterium_C atlanticum	0.0085	0.00024209351075464802	1267766
5	s__Crocosphaera subtropica	0.0426	0.0012133157127232946	43989
5	s__Cyclobacterium amurskyense	0.0085	0.00024209351075464802	320787
5	s__Cycloclasticus pugetii	0.6987	0.019900086584032067	1329899
5	s__Deferribacter desulfuricans	0.0085	0.00024209351075464802	197162
5	s__Denitrovibrio acetiphilus	0.0085	0.00024209351075464802	118000
5	s__Desulfobacula toluolica	0.5283	0.015046823733138887	28223
5	s__Desulfocapsa sulfexigens	0.2215	0.006308672074371122	65555
5	s__Desulfococcus multivorans	0.1193	0.0033978536274152362	897
5	s__Desulfocurvibacter africanus	0.0596	0.0016975027342325908	873
5	s__Desulfotalea psychrophila	0.7242	0.02062636711629601	84980
5	s__Desulfovibrio desulfuricans	0.0341	0.0009712222019686467	876
5	s__Dinoroseobacter shibae	0.0511	0.0014554092234779427	215813
5	s__Dokdonia sp000212355	0.1589	0.004525724571636891	983548
5	s__Dokdonia sp947496725	0.0256	0.0007291286912139987	313590
5	s__Draconibacterium orientale	0.213	0.006066578563616473	1168034
5	s__Echinicola vietnamensis	0.0256	0.0007291286912139987	390884
5	s__Epibacterium sp000014065	0.0041	0.00011677451695224199	292414
5	s__Erythrobacter ishigakiensis	0.0085	0.00024209351075464802	476157
5	s__Erythrobacter litoralis	0.4175	0.0118910636164783	39960
5	s__Ferrimonas balearica	0.0511	0.0014554092234779427	44012
5	s__Fibrella aestuarina	0.017	0.00048418702150929604	651143
5	s__Filomicrobium insigne	0.017	0.00048418702150929604	1608628
5	s__Flagellimonas_A lutaonensis	0.017	0.00048418702150929604	516051
5	s__Flammeovirga yaeyamensis	0.4857	0.013833508020415594	1191459
5	s__Flavobacterium frigidarium	0.0426	0.0012133157127232946	99286
5	s__Flavobacterium psychrophilum	0.6411	0.01825954702880057	96345
5	s__Formosa haliotis	0.0511	0.0014554092234779427	1555194
5	s__Francisella noatunensis	0.0511	0.0014554092234779427	657445
5	s__Francisella uliginis	0.017	0.00048418702150929604	573570
5	s__Geoglobus ahangari	0.0085	0.00024209351075464802	113653
5	s__Glaciecola nitratireducens	0.0682	0.0019424444039372933	300231
5	s__Gloeomargarita lithophora	0.0426	0.0012133157127232946	1188228
5	s__Gymnodinialimonas sp000013565	0.0341	0.0009712222019686467	290400
5	s__Hahella chejuensis	0.0767	0.0021845379146919414	158327
5	s__Haloarcula hispanica	0.017	0.00048418702150929604	1592728,51589
5	s__Halobacteriovorax marinus	0.0256	0.0007291286912139987	97084
5	s__Haloferax gibbonsii	0.017	0.00048418702150929604	35746
5	s__Haloferax mediterranei	0.0256	0.0007291286912139987	2252
5	s__Halogeometricum borinquense	0.0085	0.00024209351075464802	60847
5	s__Halomonas aestuarii	0.1704	0.0048532628508931785	1897729
5	s__Halomonas elongata	0.0024	6.835581480131238e-05	2746
5	s__Haloquadratum walsbyi	0.0085	0.00024209351075464802	293091
5	s__Halorhabdus tiamatea	0.0426	0.0012133157127232946	430914
5	s__Hirschia baltica	0.0042	0.00011962267590229666	2724
5	s__Hoeflea sp001011155	0.0085	0.00024209351075464802	1620421
5	s__Hungateiclostridium thermocellum	0.0596	0.0016975027342325908	1515
5	s__Hydrogenovibrio crunogenus	0.017	0.00048418702150929604	39765
5	s__Hyperthermus butylicus	1.8575	0.05290455249726572	54248
5	s__Hyphomicrobium_C nitrativorans	0.1193	0.0033978536274152362	1427356
5	s__Hyphomonas neptunia	0.0596	0.0016975027342325908	81032
5	s__IMCC9063 sp000195085	0.0014	3.987422530076556e-05	1002672
5	s__Ignicoccus hospitalis	0.0085	0.00024209351075464802	160233
5	s__Ignicoccus islandicus	0.0085	0.00024209351075464802	54259
5	s__Ilyobacter polytropus	0.1363	0.0038820406489245324	167642
5	s__Isoalcanivorax pacificus	0.017	0.00048418702150929604	1306787
5	s__JBDGSM01 sp001761425	0.0085	0.00024209351075464802	1737403
5	s__Kangiella geojedonensis	0.0767	0.0021845379146919414	914150
5	s__Kangiella koreensis	0.0341	0.0009712222019686467	261964
5	s__Lacimicrobium alkaliphilum	0.0085	0.00024209351075464802	1526571
5	s__Lacinutrix sp000211855	0.0852	0.0024266314254465893	983544
5	s__Lactococcus garvieae	0.0085	0.00024209351075464802	1363
5	s__Leisingera methylohalidivorans	0.0085	0.00024209351075464802	133924
5	s__MONJU sp000801295	0.0085	0.00024209351075464802	1248727
5	s__MTP4 sp000970045	0.0085	0.00024209351075464802	1434100
5	s__Magnetococcus marinus	0.0085	0.00024209351075464802	1124597
5	s__Magnetospira sp000968135	0.1376	0.003919066715275243	1288970
5	s__Maribacter dokdonensis	0.1193	0.0033978536274152362	1644130
5	s__Maribacter_A sp000153165	0.017	0.00048418702150929604	313603
5	s__Maricaulis maris	0.0043	0.00012247083485235135	74318
5	s__Maridesulfovibrio hydrothermalis	0.2982	0.008493209989063064	191026
5	s__Marinithermus hydrothermalis	0.017	0.00048418702150929604	186192
5	s__Marinitoga piezophila	0.017	0.00048418702150929604	149715
5	s__Marinobacter adhaerens	0.017	0.00048418702150929604	1033846
5	s__Marinobacter psychrophilus	0.0682	0.0019424444039372933	490759
5	s__Marinobacter salinus	0.0063	0.000179434013853445	1874317
5	s__Marinobacter similis	0.0511	0.0014554092234779427	1420916
5	s__Marinobacterium_A aestuarii	0.0285	0.0008117253007655845	1821621
5	s__Marinomonas mediterranea	0.1022	0.0029108184469558854	119864
5	s__Marinomonas posidonica	0.5368	0.015288917243893536	936476
5	s__Marinovum algicola	0.0121	0.0003446272329566166	42444
5	s__Marivirga tractuosa	0.0767	0.0021845379146919414	1006
5	s__Marivivens geojensis	0.0027	7.690029165147643e-05	1920883
5	s__Methanocaldococcus fervens	0.017	0.00048418702150929604	83171
5	s__Methanocaldococcus infernus	0.0256	0.0007291286912139987	67760
5	s__Methanocaldococcus jannaschii	0.017	0.00048418702150929604	2190
5	s__Methanocaldococcus sp000025525	0.0256	0.0007291286912139987	644281
5	s__Methanocaldococcus vulcanius	0.017	0.00048418702150929604	73913
5	s__Methanococcoides methylutens	0.0085	0.00024209351075464802	2226
5	s__Methanococcus maripaludis	0.0426	0.0012133157127232946	39152
5	s__Methanoculleus marisnigri	0.0085	0.00024209351075464802	2198
5	s__Methanohalobium evestigatum	0.017	0.00048418702150929604	2322
5	s__Methanolacinia petrolearia	0.0085	0.00024209351075464802	54120
5	s__Methanosarcina siciliae	0.0937	0.0026687249362012375	38027
5	s__Methanosarcina sp000969965	0.017	0.00048418702150929604	1434102
5	s__Methyloceanibacter caenitepidi	0.2897	0.008251116478308415	1384459
5	s__Methylomonas methanica	0.1534	0.004369075829383883	421
5	s__Micrococcus luteus	0.017	0.00048418702150929604	1270
5	s__Micromonospora arenicola	0.0194	0.0005525428363106084	168697
5	s__Micromonospora gifhornensis	0.0048	0.00013671162960262475	1003110
5	s__Micromonospora krabiensis	0.0062	0.0001765858549033903	307121
5	s__Micromonospora tropica	0.0122	0.00034747539190667126	168695
5	s__Moritella marina	0.004	0.0001139263580021873	90736
5	s__Moritella viscosa	0.5243	0.0149328973751367	80854
5	s__Myxococcus fulvus	0.0256	0.0007291286912139987	33
5	s__Nanoarchaeum equitans	0.0596	0.0016975027342325908	160232
5	s__Nautilia profundicola	0.0085	0.00024209351075464802	244787
5	s__Nitratifractor salsuginis	0.0341	0.0009712222019686467	269261
5	s__Nitrosarchaeum limnae	0.5027	0.014317695041924889	1007084
5	s__Nitrosococcus halophilus	1.0992	0.03130696317900107	133539
5	s__Nitrosococcus oceani	0.0511	0.0014554092234779427	1229
5	s__Nitrosopelagicus brevis	0.0341	0.0009712222019686467	1410606
5	s__Nitrosopumilus maritimus	0.0256	0.0007291286912139987	338192
5	s__Nitrosopumilus piranensis	0.0085	0.00024209351075464802	1582439
5	s__Nitrosopumilus sediminis	0.0767	0.0021845379146919414	1229909
5	s__Nocardia seriolae	0.0085	0.00024209351075464802	37332
5	s__Nonlabens dokdonensis	0.1278	0.003639947138169884	328515
5	s__Nonlabens marinus	0.0085	0.00024209351075464802	930802
5	s__Nonlabens sp900101765	0.0426	0.0012133157127232946	1336802
5	s__Novosphingobium sp000253255	0.1022	0.0029108184469558854	702113
5	s__Octadecabacter antarcticus	0.1022	0.0029108184469558854	1217908
5	s__Octadecabacter arcticus	0.0341	0.0009712222019686467	53946
5	s__Octadecabacter temperatus	0.0085	0.00024209351075464802	1458307
5	s__Oleispira antarctica	0.0341	0.0009712222019686467	188908
5	s__Ornithinicoccus hydrothermalis	0.017	0.00048418702150929604	1758689
5	s__Oscillibacter valericigenes	0.017	0.00048418702150929604	351091
5	s__Owenweeksia hongkongensis	0.0682	0.0019424444039372933	253245
5	s__Paenibacillus_AQ crassostreae	0.0085	0.00024209351075464802	1763538
5	s__Palaeococcus pacificus	0.2812	0.008009022967553767	971279
5	s__Paraglaciecola chathamensis	0.0852	0.0024266314254465893	983545
5	s__Paraglaciecola psychrophila	0.0679	0.0019338999270871295	326544
5	s__Paraoerskovia marina	0.0341	0.0009712222019686467	545619
5	s__Parasynechococcus sp000161795	0.0085	0.00024209351075464802	166314
5	s__Parasynechococcus sp000737575	0.0085	0.00024209351075464802	585423
5	s__Parasynechococcus sp000737595	0.0085	0.00024209351075464802	585425
5	s__Paraurantiacibacter namhicola	0.0426	0.0012133157127232946	645517
5	s__Parvularcula bermudensis	0.017	0.00048418702150929604	208216
5	s__Pelagibacter sp000299095	0.0256	0.0007291286912139987	859653
5	s__Persephonella marina	0.017	0.00048418702150929604	309805
5	s__Phaeobacter gallaeciensis	0.0561	0.0015978171709806767	60890
5	s__Photobacterium gaetbulicola	0.0085	0.00024209351075464802	1295392
5	s__Photobacterium profundum	0.0511	0.0014554092234779427	74109
5	s__Piscirickettsia salmonis	0.213	0.006066578563616473	1238
5	s__Planktomarina temperata	0.0029	8.259660955158578e-05	1284658
5	s__Planococcus antarcticus	0.0085	0.00024209351075464802	161360
5	s__Planococcus donghaensis	0.1022	0.0029108184469558854	414778
5	s__Planococcus kocurii	0.0256	0.0007291286912139987	1374
5	s__Planococcus maritimus	0.0085	0.00024209351075464802	192421
5	s__Polaribacter todarodis	0.0341	0.0009712222019686467	1850252
5	s__Polaribacter vadi	0.0085	0.00024209351075464802	1774273
5	s__Prochlorococcus_A sp000757845	0.017	0.00048418702150929604	1501268
5	s__Prochlorococcus_B sp000757865	0.0256	0.0007291286912139987	1501269
5	s__Pseudalgibacter alginicilyticus	0.2386	0.0067957072548304725	1736674
5	s__Pseudoalteromonas haloplanktis	0.0256	0.0007291286912139987	228
5	s__Pseudoalteromonas luteoviolacea	0.0256	0.0007291286912139987	43657
5	s__Pseudoalteromonas phenolica	0.017	0.00048418702150929604	161398
5	s__Pseudoalteromonas rubra	0.0256	0.0007291286912139987	43658
5	s__Pseudoalteromonas tetraodonis	0.0256	0.0007291286912139987	234831
5	s__Pseudodesulfovibrio piezophilus	0.0511	0.0014554092234779427	879567
5	s__Pseudovibrio sp000156235	0.0305	0.0008686884797666782	911045
5	s__Psychrobacter sp000586415	0.8776	0.024995442945679895	1298608
5	s__Psychroflexus torquis	0.017	0.00048418702150929604	57029
5	s__Psychromonas ingrahamii	0.0596	0.0016975027342325908	357794
5	s__Psychromonas sp000153405	0.0682	0.0019424444039372933	314282
5	s__Puniceispirillum marinum	0.017	0.00048418702150929604	767892
5	s__Pusillimonas_C sp000209655	0.0085	0.00024209351075464802	1007105
5	s__Pyrococcus abyssi	0.0085	0.00024209351075464802	29292
5	s__Pyrococcus furiosus	0.0426	0.0012133157127232946	2261
5	s__Pyrococcus horikoshii	0.0341	0.0009712222019686467	53953
5	s__Pyrococcus sp000211475	0.2045	0.005824485052861825	342949
5	s__Pyrococcus sp000263735	0.017	0.00048418702150929604	1183377
5	s__Pyrococcus yayanosii	0.0085	0.00024209351075464802	1008460
5	s__Pyrolobus fumarii	0.017	0.00048418702150929604	54252
5	s__RCC307 sp000063525	0.0426	0.0012133157127232946	316278
5	s__Renibacterium salmoninarum	0.017	0.00048418702150929604	1646
5	s__Rhodobacter xanthinilyticus	0.0035	9.968556325191389e-05	1850250
5	s__Rhodococcoides sp000954115	0.0085	0.00024209351075464802	1564114
5	s__Rhodococcus_F qingshengii	0.0085	0.00024209351075464802	1723645
5	s__Rhodoferax ferrireducens	0.017	0.00048418702150929604	192843
5	s__Rhodothermus marinus	0.0426	0.0012133157127232946	29549
5	s__Robiginitalea biformata	0.017	0.00048418702150929604	252307
5	s__Roseibacterium elongatum	0.1081	0.003078859825009112	159346
5	s__Roseobacter denitrificans	0.0426	0.0012133157127232946	2434
5	s__Roseobacter litoralis	0.0511	0.0014554092234779427	42443
5	s__Ruthia magnifica	0.017	0.00048418702150929604	386487
5	s__Saccharophagus degradans	0.0256	0.0007291286912139987	86304
5	s__Salinibacter ruber	0.0426	0.0012133157127232946	146919
5	s__Salinispira pacifica	0.017	0.00048418702150929604	1307761
5	s__Salipiger sp001687105	0.0085	0.00024209351075464802	1792508
5	s__Salmonella enterica	0.017	0.00048418702150929604	28901
5	s__Saprospira grandis	0.0256	0.0007291286912139987	1008
5	s__Sediminicola sp001430825	0.0341	0.0009712222019686467	1453352
5	s__Shewanella amazonensis	0.017	0.00048418702150929604	60478
5	s__Shewanella baltica	0.8095	0.023055846700692655	62322
5	s__Shewanella halifaxensis	0.0767	0.0021845379146919414	271098
5	s__Shewanella loihica	0.0085	0.00024209351075464802	359303
5	s__Shewanella piezotolerans	0.0256	0.0007291286912139987	404011
5	s__Shewanella sp029835735	0.4516	0.012862285818446947	94122
5	s__Shewanella woodyi	0.0256	0.0007291286912139987	60961
5	s__Siansivirga zeaxanthinifaciens	0.0115	0.0003275382792562885	762954
5	s__Simiduia agarivorans	0.0085	0.00024209351075464802	447471
5	s__Spiribacter curvatus	2.1216	0.06042654028436014	1335757
5	s__Spiribacter salinus	1.048	0.029848705796573075	1335746
5	s__Staphylococcus equorum	0.0085	0.00024209351075464802	246432
5	s__Staphylococcus warneri	0.5198	0.01480473022238424	1292
5	s__Staphylothermus marinus	0.0085	0.00024209351075464802	2280
5	s__Stappia sp900105595	0.017	0.00048418702150929604	1881061
5	s__Streptococcus agalactiae	0.1022	0.0029108184469558854	1311
5	s__Streptococcus iniae	0.1193	0.0033978536274152362	1346
5	s__Sulfurimonas autotrophica	0.017	0.00048418702150929604	202747
5	s__Sulfurimonas denitrificans	0.017	0.00048418702150929604	39766
5	s__Sulfurovum sp000010345	0.8521	0.024269162413415948	387093
5	s__Synechococcus_C sp000063505	0.0085	0.00024209351075464802	32051
5	s__Synechococcus_C sp001040845	0.017	0.00048418702150929604	32052
5	s__Syntrophotalea acetylenica	5.0149	0.14283232318629227	29542
5	s__Syntrophotalea carbinolica	0.2763	0.007869463179001087	19
5	s__Thalassolituus oleivorans	0.4487	0.01277968920889536	187493
5	s__Thalassoporum mexicanum	0.017	0.00048418702150929604	82654
5	s__Thalassotalea_A crassostreae	0.0085	0.00024209351075464802	1763536
5	s__Thermococcus cleftensis	0.017	0.00048418702150929604	163003
5	s__Thermococcus gammatolerans	0.0085	0.00024209351075464802	187878
5	s__Thermococcus onnurineus	0.017	0.00048418702150929604	342948
5	s__Thermococcus piezophilus	0.0085	0.00024209351075464802	1712654
5	s__Thermococcus sp000221185	0.017	0.00048418702150929604	1042877
5	s__Thermococcus_A litoralis	0.0085	0.00024209351075464802	2265
5	s__Thermococcus_B barophilus	0.0256	0.0007291286912139987	55802
5	s__Thermoplasma volcanium	0.0341	0.0009712222019686467	50339
5	s__Thermotoga maritima	0.1789	0.005095356361647827	126740,2336
5	s__Thermovirga lienii	0.0596	0.0016975027342325908	336261
5	s__Thioflavicoccus mobilis	0.1278	0.003639947138169884	80679
5	s__Thiolapillus brandeum	0.1108	0.003155760116660588	1076588
5	s__Tistrella mobilis	0.0304	0.0008658403208166235	171437
5	s__Tsuneonella dongtanensis	0.0085	0.00024209351075464802	692370
5	s__UJ101 sp001880285	0.0511	0.0014554092234779427	1150389
5	s__Vibrio alginolyticus	0.0256	0.0007291286912139987	663
5	s__Vibrio anguillarum	0.2471	0.00703780076558512	55601
5	s__Vibrio cholerae	0.0767	0.0021845379146919414	666
5	s__Vibrio coralliilyticus	0.2556	0.007279894276339768	190893
5	s__Vibrio natriegens	0.017	0.00048418702150929604	1116375
5	s__Vibrio parahaemolyticus	0.017	0.00048418702150929604	670
5	s__Vibrio scophthalmi	0.1193	0.0033978536274152362	45658
5	s__Vibrio tubiashii	0.0596	0.0016975027342325908	29498
5	s__Vreelandella titanicae	0.0913	0.002600369121399925	1380358
5	s__Weissella ceti	0.0085	0.00024209351075464802	759620
5	s__Wenyingzhuangia fucanilytica	0.1272	0.0036228581844695565	1790137
5	s__Wenzhouxiangella marina	0.0085	0.00024209351075464802	1579979
5	s__Winogradskyella sp000828715	0.0256	0.0007291286912139987	754409
5	s__Woeseia oceani	0.1789	0.005095356361647827	1548547
5	s__Xianfuyuplasma sp000755705	0.2215	0.006308672074371122	1541959
5	s__Yersinia aldovae	0.0085	0.00024209351075464802	29483
5	s__Zunongwangia profunda	0.0341	0.0009712222019686467	398743
6	s__Aciduliprofundum boonei	0.0192	0.0005640456171892903	379547
6	s__Acinetobacter johnsonii	0.0096	0.00028202280859464517	40214
6	s__Acinetobacter venetianus	0.0673	0.001977097397752044	52133
6	s__Actinoalloteichus_A fjordicus	0.0192	0.0005640456171892903	1612552
6	s__Aegicerativicinus sp900104375	0.0384	0.0011280912343785807	1250295
6	s__Aeromonas salmonicida	0.048	0.0014101140429732262	645
6	s__Aeropyrum camini	0.0769	0.002259120206346689	229980
6	s__Agarivorans gilvus	0.0096	0.00028202280859464517	680279
6	s__Aliivibrio fischeri	0.0288	0.0008460684257839356	668
6	s__Aliivibrio salmonicida	0.4035	0.011853771173743682	40269
6	s__Aliivibrio wodanis	0.3747	0.011007702747959746	80852
6	s__Alteraurantiacibacter gangjinensis	0.0288	0.0008460684257839356	502682
6	s__Alteromonas australica	0.0769	0.002259120206346689	589873
6	s__Alteromonas macleodii	0.196	0.005757965675474007	28108
6	s__Alteromonas mediterranea	1.2778	0.03753841091898309	314275
6	s__Aquibium oceanicum	0.0288	0.0008460684257839356	1670800
6	s__Aquiluna sp900100865	0.0096	0.00028202280859464517	1855377
6	s__Aquipseudomonas pohangensis	0.0096	0.00028202280859464517	364197
6	s__Aquipseudomonas rustica	0.0192	0.0005640456171892903	1699311
6	s__Arcanobacterium phocae	0.0288	0.0008460684257839356	131112
6	s__Archaeoglobus fulgidus	0.1153	0.0033872114407252703	2234
6	s__Archaeoglobus_C veneficus	0.0192	0.0005640456171892903	58290
6	s__Bacillus pumilus	0.0288	0.0008460684257839356	1408
6	s__Bdellovibrio bacteriovorus	0.0384	0.0011280912343785807	959
6	s__Belliella baltica	0.0192	0.0005640456171892903	232259
6	s__Brucella melitensis	0.10569999999999999	0.0031051886321306244	120576,120577
6	s__Caldithrix abyssi	0.0384	0.0011280912343785807	187145
6	s__Campylobacter_D peloridis	0.0096	0.00028202280859464517	488546
6	s__Celeribacter indicus	0.0673	0.001977097397752044	1208324
6	s__Cellulophaga algicola	0.0222	0.0006521777448751171	59600
6	s__Cellulophaga baltica	0.1046	0.003072873518645822	76594
6	s__Cellulophaga lytica	0.0288	0.0008460684257839356	979
6	s__Chlorobium phaeobacteroides	0.0384	0.0011280912343785807	1096
6	s__Chloroherpeton thalassium	0.0384	0.0011280912343785807	100716
6	s__Christiangramia salexigens	0.0384	0.0011280912343785807	1913577
6	s__Christiangramia sp900105135	0.0006	1.7626425537165323e-05	1250205
6	s__Chromohalobacter moromii	0.0096	0.00028202280859464517	158080
6	s__Colwellia marinimaniae	0.1345	0.003951257057914561	58049
6	s__Colwellia_A sp001767295	0.0384	0.0011280912343785807	1816218
6	s__Coraliomargarita akajimensis	0.0192	0.0005640456171892903	395922
6	s__Corynebacterium phocae	0.1057	0.003105188632130625	161895
6	s__Corynebacterium stationis	0.0192	0.0005640456171892903	1705
6	s__Croceibacter atlanticus	0.009	0.00026439638305747985	313588
6	s__Crocosphaera subtropica	0.0096	0.00028202280859464517	43989
6	s__Cyclobacterium amurskyense	0.0096	0.00028202280859464517	320787
6	s__Cycloclasticus pugetii	0.7302	0.0214513598787302	1329899
6	s__Deferribacter desulfuricans	0.0384	0.0011280912343785807	197162
6	s__Denitrovibrio acetiphilus	0.0096	0.00028202280859464517	118000
6	s__Desulfobacula toluolica	0.4324	0.012702777337117145	28223
6	s__Desulfocapsa sulfexigens	0.2114	0.00621037726426125	65555
6	s__Desulfococcus multivorans	0.1922	0.0056463316470719595	897
6	s__Desulfocurvibacter africanus	0.0096	0.00028202280859464517	873
6	s__Desulfotalea psychrophila	0.4996	0.014676936997279661	84980
6	s__Desulfovibrio desulfuricans	0.0288	0.0008460684257839356	876
6	s__Dinoroseobacter shibae	0.0576	0.0016921368515678712	215813
6	s__Dokdonia sp000212355	0.1255	0.0036868606748570805	983548
6	s__Dokdonia sp000355805	0.0083	0.00024383221993078702	1239415
6	s__Dokdonia sp947496725	0.0384	0.0011280912343785807	313590
6	s__Draconibacterium orientale	0.1153	0.0033872114407252703	1168034
6	s__Edwardsiella tarda	0.0096	0.00028202280859464517	636
6	s__Epibacterium sp000014065	0.0046	0.0001351359291182675	292414
6	s__Erythrobacter epoxidivorans	0.0096	0.00028202280859464517	361183
6	s__Erythrobacter litoralis	0.3651	0.0107256799393651	39960
6	s__Ferrimonas balearica	0.0096	0.00028202280859464517	44012
6	s__Filomicrobium insigne	0.0192	0.0005640456171892903	1608628
6	s__Flagellimonas_A lutaonensis	0.0192	0.0005640456171892903	516051
6	s__Flammeovirga yaeyamensis	0.3747	0.011007702747959746	1191459
6	s__Flavobacterium frigidarium	0.0576	0.0016921368515678712	99286
6	s__Flavobacterium psychrophilum	0.3676	0.01079912337910329	96345
6	s__Flexistipes sinusarabici	0.0384	0.0011280912343785807	2352
6	s__Formosa haliotis	0.0288	0.0008460684257839356	1555194
6	s__Francisella noatunensis	0.0384	0.0011280912343785807	657445
6	s__Francisella uliginis	0.0096	0.00028202280859464517	573570
6	s__Geoglobus ahangari	0.0096	0.00028202280859464517	113653
6	s__Glaciecola nitratireducens	0.0673	0.001977097397752044	300231
6	s__Gloeomargarita lithophora	0.0288	0.0008460684257839356	1188228
6	s__Gymnodinialimonas sp000013565	0.0192	0.0005640456171892903	290400
6	s__Hahella chejuensis	0.1057	0.003105188632130625	158327
6	s__Halanaeroarchaeum sulfurireducens	0.0192	0.0005640456171892903	1604004
6	s__Haloarcula hispanica	0.0384	0.0011280912343785807	1592728,51589
6	s__Halobacteriovorax marinus	0.0192	0.0005640456171892903	97084
6	s__Haloferax gibbonsii	0.0096	0.00028202280859464517	35746
6	s__Haloferax mediterranei	0.0096	0.00028202280859464517	2252
6	s__Halomonas aestuarii	0.1441	0.004233279866509206	1897729
6	s__Halomonas elongata	0.0052	0.00015276235465543281	2746
6	s__Halopseudomonas litoralis	0.0096	0.00028202280859464517	797277
6	s__Haloquadratum walsbyi	0.0384	0.0011280912343785807	293091
6	s__Halorhabdus tiamatea	0.0384	0.0011280912343785807	430914
6	s__Henriciella sp001854405	0.0192	0.0005640456171892903	1906738
6	s__Hirschia baltica	0.0047	0.00013807366670779507	2724
6	s__Hoeflea sp001011155	0.0288	0.0008460684257839356	1620421
6	s__Hungateiclostridium thermocellum	0.0096	0.00028202280859464517	1515
6	s__Hyperthermus butylicus	1.816	0.05334931462582039	54248
6	s__Hyphomicrobium_C nitrativorans	0.0769	0.002259120206346689	1427356
6	s__Hyphomonas neptunia	0.0384	0.0011280912343785807	81032
6	s__IMCC9063 sp000195085	0.0003	8.813212768582662e-06	1002672
6	s__Ignicoccus islandicus	0.0192	0.0005640456171892903	54259
6	s__Ilyobacter polytropus	0.1633	0.004797325483698496	167642
6	s__JBDGSM01 sp001761425	0.0096	0.00028202280859464517	1737403
6	s__Kangiella geojedonensis	0.1345	0.003951257057914561	914150
6	s__Kangiella koreensis	0.0288	0.0008460684257839356	261964
6	s__Kosmotoga olearia	0.0096	0.00028202280859464517	651457
6	s__Lacinutrix sp000211855	0.048	0.0014101140429732262	983544
6	s__Lactococcus garvieae	0.0096	0.00028202280859464517	1363
6	s__Leisingera methylohalidivorans	0.0096	0.00028202280859464517	133924
6	s__Leuconostoc lactis	0.0192	0.0005640456171892903	1246
6	s__MONJU sp000801295	0.0096	0.00028202280859464517	1248727
6	s__MTP4 sp000970045	0.0288	0.0008460684257839356	1434100
6	s__Magnetococcus marinus	0.0288	0.0008460684257839356	1124597
6	s__Magnetospira sp000968135	0.2008	0.005898977079771329	1288970
6	s__Maribacter dokdonensis	0.048	0.0014101140429732262	1644130
6	s__Maribacter_A sp000153165	0.0192	0.0005640456171892903	313603
6	s__Maricaulis maris	0.0049	0.00014394914188685016	74318
6	s__Maridesulfovibrio hydrothermalis	0.1922	0.0056463316470719595	191026
6	s__Marinithermus hydrothermalis	0.0192	0.0005640456171892903	186192
6	s__Marinitoga piezophila	0.0096	0.00028202280859464517	149715
6	s__Marinobacter psychrophilus	0.0576	0.0016921368515678712	490759
6	s__Marinobacter salinus	0.0071	0.00020857936885645636	1874317
6	s__Marinobacter similis	0.0865	0.0025411430149413342	1420916
6	s__Marinobacterium_A aestuarii	0.0307	0.0009018854399849592	1821621
6	s__Marinomonas mediterranea	0.0961	0.0028231658235359797	119864
6	s__Marinomonas posidonica	0.3843	0.01128972555655439	936476
6	s__Marinovum algicola	0.0055	0.00016157556742401547	42444
6	s__Marivirga tractuosa	0.0576	0.0016921368515678712	1006
6	s__Marivivens geojensis	0.0007	2.056416312669288e-05	1920883
6	s__Metabacillus weihaiensis	0.0192	0.0005640456171892903	1547283
6	s__Methanocaldococcus sp000025525	0.0192	0.0005640456171892903	644281
6	s__Methanocaldococcus vulcanius	0.0865	0.0025411430149413342	73913
6	s__Methanococcus maripaludis	0.0961	0.0028231658235359797	39152
6	s__Methanococcus vannielii	0.0096	0.00028202280859464517	2187
6	s__Methanococcus voltae	0.0192	0.0005640456171892903	2188
6	s__Methanoculleus marisnigri	0.0096	0.00028202280859464517	2198
6	s__Methanohalobium evestigatum	0.0096	0.00028202280859464517	2322
6	s__Methanolacinia petrolearia	0.0288	0.0008460684257839356	54120
6	s__Methanosarcina siciliae	0.0865	0.0025411430149413342	38027
6	s__Methyloceanibacter caenitepidi	0.221	0.006492400072855895	1384459
6	s__Methylomonas methanica	0.1153	0.0033872114407252703	421
6	s__Methylophaga nitratireducenticrescens	0.0096	0.00028202280859464517	754476
6	s__Micrococcus luteus	0.0096	0.00028202280859464517	1270
6	s__Micromonospora arenicola	0.0291	0.0008548816385525183	168697
6	s__Micromonospora gifhornensis	0.0027	7.931891491724396e-05	1003110
6	s__Micromonospora krabiensis	0.0093	0.00027320959582606254	307121
6	s__Micromonospora tropica	0.0069	0.00020270389367740125	168695
6	s__Mor1 sp001664505	0.0288	0.0008460684257839356	1660251
6	s__Moritella marina	0.0091	0.00026733412064700745	90736
6	s__Moritella viscosa	0.3657	0.010743306364902267	80854
6	s__Myxococcus fulvus	0.0288	0.0008460684257839356	33
6	s__Nanoarchaeum equitans	0.048	0.0014101140429732262	160232
6	s__Nautilia profundicola	0.0192	0.0005640456171892903	244787
6	s__Neorickettsia helminthoeca	0.0096	0.00028202280859464517	33994
6	s__Nitratifractor salsuginis	0.0192	0.0005640456171892903	269261
6	s__Nitrosarchaeum limnae	1.0569	0.03104894858371672	1007084
6	s__Nitrosococcus halophilus	1.0761	0.03161299420090601	133539
6	s__Nitrosococcus oceani	0.048	0.0014101140429732262	1229
6	s__Nitrosopumilus maritimus	0.0096	0.00028202280859464517	338192
6	s__Nitrosopumilus piranensis	0.0192	0.0005640456171892903	1582439
6	s__Nitrosopumilus sediminis	0.0384	0.0011280912343785807	1229909
6	s__Nonlabens dokdonensis	0.2402	0.007056445690045186	328515
6	s__Nonlabens marinus	0.0096	0.00028202280859464517	930802
6	s__Nonlabens sp900101765	0.0096	0.00028202280859464517	1336802
6	s__Novosphingobium pentaromativorans	0.0096	0.00028202280859464517	205844
6	s__Novosphingobium sp000253255	0.1249	0.0036692342493199154	702113
6	s__Octadecabacter antarcticus	0.1729	0.005079348292293141	1217908
6	s__Octadecabacter arcticus	0.0192	0.0005640456171892903	53946
6	s__Octadecabacter temperatus	0.0192	0.0005640456171892903	1458307
6	s__Oleispira antarctica	0.0865	0.0025411430149413342	188908
6	s__Oscillibacter valericigenes	0.0288	0.0008460684257839356	351091
6	s__Owenweeksia hongkongensis	0.1441	0.004233279866509206	253245
6	s__Paenibacillus_AQ crassostreae	0.0384	0.0011280912343785807	1763538
6	s__Palaeococcus pacificus	0.2402	0.007056445690045186	971279
6	s__Paraglaciecola chathamensis	0.1249	0.0036692342493199154	983545
6	s__Paraglaciecola psychrophila	0.063	0.0018507746814023591	326544
6	s__Paraoerskovia marina	0.0384	0.0011280912343785807	545619
6	s__Parasynechococcus marisnigri	0.0096	0.00028202280859464517	84588
6	s__Parasynechococcus sp000737535	0.0096	0.00028202280859464517	1280380
6	s__Parasynechococcus sp000737575	0.0288	0.0008460684257839356	585423
6	s__Parasynechococcus sp000737595	0.0096	0.00028202280859464517	585425
6	s__Paraurantiacibacter namhicola	0.048	0.0014101140429732262	645517
6	s__Parvularcula bermudensis	0.0096	0.00028202280859464517	208216
6	s__Pelagibacter sp000299095	0.0288	0.0008460684257839356	859653
6	s__Pelagibacterium halotolerans	0.0096	0.00028202280859464517	531813
6	s__Persephonella marina	0.0192	0.0005640456171892903	309805
6	s__Phaeobacter gallaeciensis	0.0825	0.0024236335113602325	60890
6	s__Phaeobacter inhibens	0.0192	0.0005640456171892903	221822
6	s__Photobacterium gaetbulicola	0.0192	0.0005640456171892903	1295392
6	s__Photobacterium profundum	0.0096	0.00028202280859464517	74109
6	s__Piscirickettsia salmonis	0.2882	0.008466559733018412	1238
6	s__Planktomarina temperata	0.0131	0.00038484362422810963	1284658
6	s__Planococcus antarcticus	0.0288	0.0008460684257839356	161360
6	s__Planococcus donghaensis	0.0961	0.0028231658235359797	414778
6	s__Planococcus kocurii	0.0288	0.0008460684257839356	1374
6	s__Planococcus maritimus	0.0288	0.0008460684257839356	192421
6	s__Polaribacter todarodis	0.0288	0.0008460684257839356	1850252
6	s__Prochlorococcus_B sp000757865	0.0096	0.00028202280859464517	1501269
6	s__Pseudalgibacter alginicilyticus	0.1345	0.003951257057914561	1736674
6	s__Pseudoalteromonas haloplanktis	0.0384	0.0011280912343785807	228
6	s__Pseudoalteromonas phenolica	0.0192	0.0005640456171892903	161398
6	s__Pseudoalteromonas piratica	0.0096	0.00028202280859464517	1348114
6	s__Pseudodesulfovibrio piezophilus	0.2114	0.00621037726426125	879567
6	s__Pseudovibrio sp000156235	0.0138	0.0004054077873548025	911045
6	s__Psychrobacter glaciei	0.0096	0.00028202280859464517	1112209
6	s__Psychrobacter pacificensis	0.0096	0.00028202280859464517	1720344
6	s__Psychrobacter sp000586415	1.3067	0.03838741708235655	1298608
6	s__Psychroflexus torquis	0.0096	0.00028202280859464517	57029
6	s__Psychromonas ingrahamii	0.0384	0.0011280912343785807	357794
6	s__Psychromonas sp000153405	0.1729	0.005079348292293141	314282
6	s__Pusillimonas_C sp000209655	0.0192	0.0005640456171892903	1007105
6	s__Pyrococcus abyssi	0.0096	0.00028202280859464517	29292
6	s__Pyrococcus furiosus	0.048	0.0014101140429732262	2261
6	s__Pyrococcus horikoshii	0.0096	0.00028202280859464517	53953
6	s__Pyrococcus sp000211475	0.1345	0.003951257057914561	342949
6	s__Pyrococcus sp000263735	0.0288	0.0008460684257839356	1183377
6	s__Pyrodictium delaneyi	0.0288	0.0008460684257839356	1273541
6	s__Pyrolobus fumarii	0.0288	0.0008460684257839356	54252
6	s__RCC307 sp000063525	0.0865	0.0025411430149413342	316278
6	s__Renibacterium salmoninarum	0.0096	0.00028202280859464517	1646
6	s__Rhodobacter xanthinilyticus	0.004	0.00011750950358110217	1850250
6	s__Rhodococcoides sp000954115	0.0192	0.0005640456171892903	1564114
6	s__Rhodococcus_F qingshengii	0.0096	0.00028202280859464517	1723645
6	s__Rhodoferax ferrireducens	0.0096	0.00028202280859464517	192843
6	s__Rhodothermus marinus	0.0576	0.0016921368515678712	29549
6	s__Rhodovulum sulfidophilum	0.0096	0.00028202280859464517	35806
6	s__Robiginitalea biformata	0.0192	0.0005640456171892903	252307
6	s__Roseibacterium elongatum	0.0281	0.0008255042626572428	159346
6	s__Roseobacter denitrificans	0.0576	0.0016921368515678712	2434
6	s__Roseobacter litoralis	0.0096	0.00028202280859464517	42443
6	s__Ruthia magnifica	0.0096	0.00028202280859464517	386487
6	s__Saccharophagus degradans	0.0192	0.0005640456171892903	86304
6	s__Salinibacter ruber	0.0288	0.0008460684257839356	146919
6	s__Salinispira pacifica	0.048	0.0014101140429732262	1307761
6	s__Salmonella enterica	0.0096	0.00028202280859464517	28901
6	s__Saprospira grandis	0.048	0.0014101140429732262	1008
6	s__Sediminicola sp001430825	0.0192	0.0005640456171892903	1453352
6	s__Shewanella amazonensis	0.0096	0.00028202280859464517	60478
6	s__Shewanella baltica	0.5381	0.01580796596924777	62322
6	s__Shewanella halifaxensis	0.1153	0.0033872114407252703	271098
6	s__Shewanella pealeana	0.0096	0.00028202280859464517	70864
6	s__Shewanella sp029835735	0.6053	0.017782125629410284	94122
6	s__Shewanella violacea	0.1057	0.003105188632130625	60217
6	s__Shewanella woodyi	0.0192	0.0005640456171892903	60961
6	s__Siansivirga zeaxanthinifaciens	0.0091	0.00026733412064700745	762954
6	s__Simiduia agarivorans	0.0288	0.0008460684257839356	447471
6	s__Sphingopyxis alaskensis	0.0576	0.0016921368515678712	117207
6	s__Spiribacter curvatus	3.2956	0.09681608000047008	1335757
6	s__Spiribacter salinus	1.8448	0.054195383051604325	1335746
6	s__Staphylococcus equorum	0.0096	0.00028202280859464517	246432
6	s__Staphylococcus warneri	0.8359	0.024556548510860827	1292
6	s__Staphylothermus marinus	0.0096	0.00028202280859464517	2280
6	s__Stappia sp900105595	0.0192	0.0005640456171892903	1881061
6	s__Streptococcus agalactiae	0.0288	0.0008460684257839356	1311
6	s__Streptococcus iniae	0.0576	0.0016921368515678712	1346
6	s__Sulfurimonas denitrificans	0.0096	0.00028202280859464517	39766
6	s__Sulfurovum sp000010345	0.6822	0.020041245835756977	387093
6	s__Syntrophotalea acetylenica	2.0854	0.061263579692007616	29542
6	s__Syntrophotalea carbinolica	0.1149	0.00337546049036716	19
6	s__Thalassolituus oleivorans	0.4017	0.011800891897132185	187493
6	s__Thalassoporum mexicanum	0.0096	0.00028202280859464517	82654
6	s__Thermaerobacter marianensis	0.0096	0.00028202280859464517	73919
6	s__Thermoclostridium stercorarium	0.0288	0.0008460684257839356	1510
6	s__Thermococcus eurythermalis	0.0096	0.00028202280859464517	1505907
6	s__Thermococcus gammatolerans	0.0576	0.0016921368515678712	187878
6	s__Thermococcus onnurineus	0.0096	0.00028202280859464517	342948
6	s__Thermococcus piezophilus	0.0288	0.0008460684257839356	1712654
6	s__Thermococcus sp000151205	0.0096	0.00028202280859464517	246969
6	s__Thermococcus sp000221185	0.0288	0.0008460684257839356	1042877
6	s__Thermococcus_B barophilus	0.0576	0.0016921368515678712	55802
6	s__Thermoplasma volcanium	0.0288	0.0008460684257839356	50339
6	s__Thermosipho melanesiensis	0.0096	0.00028202280859464517	46541
6	s__Thermotoga maritima	0.1249	0.0036692342493199154	126740,2336
6	s__Thermovibrio ammonificans	0.0096	0.00028202280859464517	228745
6	s__Thermovirga lienii	0.0961	0.0028231658235359797	336261
6	s__Thioflavicoccus mobilis	0.0576	0.0016921368515678712	80679
6	s__Thiolapillus brandeum	0.1441	0.004233279866509206	1076588
6	s__Tistrella mobilis	0.0206	0.0006051739434426762	171437
6	s__Tsuneonella dongtanensis	0.0192	0.0005640456171892903	692370
6	s__UJ101 sp001880285	0.0096	0.00028202280859464517	1150389
6	s__Vibrio alginolyticus	0.0673	0.001977097397752044	663
6	s__Vibrio anguillarum	0.269	0.007902514115829122	55601
6	s__Vibrio campbellii	0.0192	0.0005640456171892903	680
6	s__Vibrio cholerae	0.0673	0.001977097397752044	666
6	s__Vibrio coralliilyticus	0.2306	0.006774422881450541	190893
6	s__Vibrio natriegens	0.0192	0.0005640456171892903	1116375
6	s__Vibrio nigripulchritudo	0.0096	0.00028202280859464517	28173
6	s__Vibrio parahaemolyticus	0.0384	0.0011280912343785807	670
6	s__Vibrio scophthalmi	0.1633	0.004797325483698496	45658
6	s__Vibrio tasmaniensis	0.0288	0.0008460684257839356	212663
6	s__Vibrio tubiashii	0.1537	0.004515302675103851	29498
6	s__Vreelandella titanicae	0.1966	0.005775592101011172	1380358
6	s__Weissella ceti	0.0673	0.001977097397752044	759620
6	s__Wenyingzhuangia fucanilytica	0.1076	0.0031610056463316485	1790137
6	s__Wenzhouxiangella marina	0.0192	0.0005640456171892903	1579979
6	s__Winogradskyella sp000828715	0.0769	0.002259120206346689	754409
6	s__Woeseia oceani	0.1537	0.004515302675103851	1548547
6	s__Xianfuyuplasma sp000755705	0.1057	0.003105188632130625	1541959
6	s__Zunongwangia profunda	0.0576	0.0016921368515678712	398743
7	s__Actinoalloteichus_A fjordicus	0.0213	0.0007256968222656045	1612551
7	s__Aeromonas salmonicida	0.0533	0.0018159455693313015	645
7	s__Aeropyrum camini	0.0533	0.0018159455693313015	229980
7	s__Agarivorans gilvus	0.0107	0.0003645519248000924	680279
7	s__Alcanivorax borkumensis	0.0107	0.0003645519248000924	59754
7	s__Aliivibrio fischeri	0.0213	0.0007256968222656045	668
7	s__Aliivibrio salmonicida	0.3304	0.011256818313453322	40269
7	s__Aliivibrio wodanis	0.3517	0.011982515135718927	80852
7	s__Alteraurantiacibacter gangjinensis	0.0213	0.0007256968222656045	502682
7	s__Alteromonas australica	0.0107	0.0003645519248000924	589873
7	s__Alteromonas macleodii	0.2362	0.008047398564278675	28108
7	s__Alteromonas mediterranea	1.4948	0.05092824459730637	314275
7	s__Aquibium oceanicum	0.0107	0.0003645519248000924	1670800
7	s__Aquiluna sp900100865	0.0107	0.0003645519248000924	1855377
7	s__Aquipseudomonas rustica	0.032	0.0010902487470656969	1699311
7	s__Arcanobacterium phocae	0.0107	0.0003645519248000924	131112
7	s__Archaeoglobus fulgidus	0.0639	0.0021770904667968135	2234
7	s__Archaeoglobus_B profundus	0.032	0.0010902487470656969	84156
7	s__Bacillus pumilus	0.032	0.0010902487470656969	1408
7	s__Bacillus velezensis	0.0107	0.0003645519248000924	492670
7	s__Brucella melitensis	0.0853	0.0029061943163969984	120576,120577
7	s__Caldithrix abyssi	0.0107	0.0003645519248000924	187145
7	s__Carnobacterium divergens	0.0213	0.0007256968222656045	2748
7	s__Celeribacter indicus	0.0426	0.001451393644531209	1208324
7	s__Cellulophaga algicola	0.0062	0.00021123569474397878	59600
7	s__Cellulophaga baltica	0.0874	0.002977741890423185	76594
7	s__Cellulophaga lytica	0.0107	0.0003645519248000924	979
7	s__Chlorobium phaeobacteroides	0.0426	0.001451393644531209	1096
7	s__Chloroherpeton thalassium	0.0107	0.0003645519248000924	100716
7	s__Christiangramia forsetii	0.0107	0.0003645519248000924	411153
7	s__Christiangramia salexigens	0.0107	0.0003645519248000924	1913577
7	s__Christiangramia sp900105135	0.0007	2.384919134206212e-05	1250205
7	s__Colwellia marinimaniae	0.0639	0.0021770904667968135	58049
7	s__Colwellia_A sp001767295	0.0533	0.0018159455693313015	1816218
7	s__Corynebacterium phocae	0.1279	0.004357587960928208	161895
7	s__Corynebacterium stationis	0.0107	0.0003645519248000924	1705
7	s__Croceibacter atlanticus	0.0099	0.00033729570612345	313588
7	s__Cycloclasticus pugetii	0.4263	0.014524157527315833	1329899
7	s__Deferribacter desulfuricans	0.0107	0.0003645519248000924	197162
7	s__Denitrovibrio acetiphilus	0.0107	0.0003645519248000924	118000
7	s__Desulfobacula toluolica	0.1492	0.005083284783193812	28223
7	s__Desulfocapsa sulfexigens	0.0533	0.0018159455693313015	65555
7	s__Desulfococcus multivorans	0.1066	0.003631891138662603	897
7	s__Desulfocurvibacter africanus	0.0959	0.0032673392138625103	873
7	s__Desulfotalea psychrophila	0.341	0.011617963210918835	84980
7	s__Desulfovibrio desulfuricans	0.0107	0.0003645519248000924	876
7	s__Dinoroseobacter shibae	0.0533	0.0018159455693313015	215813
7	s__Dokdonia sp000212355	0.0398	0.0013559968791629607	983548
7	s__Draconibacterium orientale	0.1066	0.003631891138662603	1168034
7	s__Edwardsiella tarda	0.0107	0.0003645519248000924	636
7	s__Epibacterium sp000014065	0.0025	8.517568336450758e-05	292414
7	s__Erythrobacter ishigakiensis	0.0107	0.0003645519248000924	476157
7	s__Erythrobacter litoralis	0.5862	0.019971994235309737	39960
7	s__Ferrimonas balearica	0.0107	0.0003645519248000924	44012
7	s__Fervidobacterium pennivorans	0.0107	0.0003645519248000924	93466
7	s__Flagellimonas_A lutaonensis	0.0213	0.0007256968222656045	516051
7	s__Flammeovirga yaeyamensis	0.3091	0.010531121491187716	1191459
7	s__Flavobacterium crassostreae	0.0107	0.0003645519248000924	1763534
7	s__Flavobacterium frigidarium	0.0107	0.0003645519248000924	99286
7	s__Flavobacterium psychrophilum	0.1496	0.005096912892532134	96345
7	s__Flexistipes sinusarabici	0.032	0.0010902487470656969	2352
7	s__Formosa haliotis	0.0107	0.0003645519248000924	1555194
7	s__Francisella noatunensis	0.0213	0.0007256968222656045	657445
7	s__Francisella uliginis	0.0107	0.0003645519248000924	573570
7	s__Glaciecola nitratireducens	0.032	0.0010902487470656969	300231
7	s__Gloeomargarita lithophora	0.0426	0.001451393644531209	1188228
7	s__Gymnodinialimonas sp000013565	0.0107	0.0003645519248000924	290400
7	s__Hahella chejuensis	0.0213	0.0007256968222656045	158327
7	s__Haloarcula hispanica	0.0107	0.0003645519248000924	1592728
7	s__Haloferax mediterranei	0.0213	0.0007256968222656045	2252
7	s__Halomonas aestuarii	0.1279	0.004357587960928208	1897729
7	s__Halomonas elongata	0.0017	5.7919464687865145e-05	2746
7	s__Halorhabdus tiamatea	0.0107	0.0003645519248000924	430914
7	s__Henriciella sp001854405	0.0107	0.0003645519248000924	1906738
7	s__Hirschia baltica	0.0104	0.0003543308427963515	2724
7	s__Hungateiclostridium thermocellum	0.032	0.0010902487470656969	1515
7	s__Hydrogenophaga crassostreae	0.0107	0.0003645519248000924	1763535
7	s__Hydrogenovibrio crunogenus	0.0107	0.0003645519248000924	39765
7	s__Hyperthermus butylicus	2.334	0.07952001798910427	54248
7	s__Hyphomicrobium_C nitrativorans	0.1918	0.006534678427725021	1427356
7	s__Hyphomonas neptunia	0.0213	0.0007256968222656045	81032
7	s__Ilyobacter polytropus	0.0533	0.0018159455693313015	167642
7	s__JBDGSM01 sp001761425	0.032	0.0010902487470656969	1737403
7	s__Kangiella geojedonensis	0.0853	0.0029061943163969984	914150
7	s__Kangiella sediminilitoris	0.0107	0.0003645519248000924	1144748
7	s__Kosmotoga olearia	0.0107	0.0003645519248000924	651457
7	s__Lacinutrix sp000211855	0.0639	0.0021770904667968135	983544
7	s__Lactococcus garvieae	0.0213	0.0007256968222656045	1363
7	s__Leisingera methylohalidivorans	0.0107	0.0003645519248000924	133924
7	s__Luteimonas sp001717465	0.0107	0.0003645519248000924	1896164
7	s__MONJU sp000801295	0.032	0.0010902487470656969	1248727
7	s__Magnetococcus marinus	0.0533	0.0018159455693313015	1124597
7	s__Magnetospira sp000968135	0.162	0.005519384282020091	1288970
7	s__Maribacter dokdonensis	0.0639	0.0021770904667968135	1644130
7	s__Maricaulis maris	0.0109	0.000371365979469253	74318
7	s__Maridesulfovibrio hydrothermalis	0.2132	0.007263782277325206	191026
7	s__Maridesulfovibrio salexigens	0.0426	0.001451393644531209	880
7	s__Marinitoga piezophila	0.0426	0.001451393644531209	149715
7	s__Marinobacter adhaerens	0.0213	0.0007256968222656045	1033846
7	s__Marinobacter psychrophilus	0.0426	0.001451393644531209	490759
7	s__Marinobacter similis	0.0107	0.0003645519248000924	1420916
7	s__Marinobacterium_A aestuarii	0.0162	0.0005519384282020091	1821621
7	s__Marinomonas mediterranea	0.1599	0.005447836707993904	119864
7	s__Marinomonas posidonica	0.3197	0.010892266388653229	936476
7	s__Marinovum algicola	0.003	0.0001022108200374091	42444
7	s__Marivirga tractuosa	0.0746	0.002541642391596906	1006
7	s__Marivivens geojensis	0.0018	6.132649202244545e-05	1920883
7	s__Methanocaldococcus jannaschii	0.0107	0.0003645519248000924	2190
7	s__Methanocaldococcus vulcanius	0.0533	0.0018159455693313015	73913
7	s__Methanococcus maripaludis	0.0107	0.0003645519248000924	39152
7	s__Methanococcus voltae	0.0426	0.001451393644531209	2188
7	s__Methanohalophilus halophilus	0.0426	0.001451393644531209	2177
7	s__Methanosarcina siciliae	0.1705	0.005808981605459417	38027
7	s__Methyloceanibacter caenitepidi	0.1705	0.005808981605459417	1384459
7	s__Methylomonas methanica	0.1599	0.005447836707993904	421
7	s__Methylophaga frappieri	0.0107	0.0003645519248000924	754477
7	s__Micrococcus luteus	0.0213	0.0007256968222656045	1270
7	s__Micromonospora arenicola	0.0242	0.0008245006149684333	168697
7	s__Micromonospora gifhornensis	0.0091	0.0003100394874468076	1003110
7	s__Micromonospora krabiensis	0.0078	0.00026574813209726363	307121
7	s__Micromonospora tropica	0.0229	0.0007802092596188893	168695
7	s__Moritella marina	0.0088	0.0002998184054430667	90736
7	s__Moritella viscosa	0.2044	0.0069639638718821395	80854
7	s__Myxococcus fulvus	0.032	0.0010902487470656969	33
7	s__Nanoarchaeum equitans	0.032	0.0010902487470656969	160232
7	s__Neorickettsia helminthoeca	0.0107	0.0003645519248000924	33994
7	s__Nitratifractor salsuginis	0.0107	0.0003645519248000924	269261
7	s__Nitrosarchaeum limnae	0.7993	0.02723236948530036	1007084
7	s__Nitrosococcus halophilus	1.9184	0.06536041238658853	133539
7	s__Nitrosococcus oceani	0.1812	0.006173533530259509	1229
7	s__Nitrosopelagicus brevis	0.0107	0.0003645519248000924	1410606
7	s__Nitrosopumilus adriaticus	0.0107	0.0003645519248000924	1580092
7	s__Nitrosopumilus maritimus	0.032	0.0010902487470656969	338192
7	s__Nitrosopumilus piranensis	0.0213	0.0007256968222656045	1582439
7	s__Nitrosopumilus sediminis	0.0746	0.002541642391596906	1229909
7	s__Nodularia spumigena	0.032	0.0010902487470656969	70799
7	s__Nonlabens dokdonensis	0.0213	0.0007256968222656045	328515
7	s__Nonlabens marinus	0.0107	0.0003645519248000924	930802
7	s__Nonlabens sp900101765	0.0213	0.0007256968222656045	1336802
7	s__Novosphingobium sp000253255	0.0639	0.0021770904667968135	702113
7	s__Oceanithermus profundus	0.0107	0.0003645519248000924	187137
7	s__Octadecabacter antarcticus	0.032	0.0010902487470656969	1217908
7	s__Octadecabacter arcticus	0.032	0.0010902487470656969	53946
7	s__Octadecabacter temperatus	0.0107	0.0003645519248000924	1458307
7	s__Oleispira antarctica	0.0107	0.0003645519248000924	188908
7	s__Ornithinicoccus hydrothermalis	0.0107	0.0003645519248000924	1758689
7	s__Oscillibacter valericigenes	0.0426	0.001451393644531209	351091
7	s__Owenweeksia hongkongensis	0.0426	0.001451393644531209	253245
7	s__Paenibacillus_AQ crassostreae	0.0213	0.0007256968222656045	1763538
7	s__Palaeococcus pacificus	0.2878	0.009805424668922112	971279
7	s__Paraglaciecola psychrophila	0.01	0.00034070273345803033	326544
7	s__Paraoerskovia marina	0.0959	0.0032673392138625103	545619
7	s__Parasynechococcus marisnigri	0.0213	0.0007256968222656045	84588
7	s__Parasynechococcus sp000737575	0.0213	0.0007256968222656045	585423
7	s__Parasynechococcus sp000737595	0.0107	0.0003645519248000924	585425
7	s__Paraurantiacibacter namhicola	0.0213	0.0007256968222656045	645517
7	s__Parvularcula bermudensis	0.0213	0.0007256968222656045	208216
7	s__Pelagibacter sp000299095	0.0213	0.0007256968222656045	859653
7	s__Persephonella marina	0.0533	0.0018159455693313015	309805
7	s__Phaeobacter gallaeciensis	0.0992	0.0033797711159036605	60890
7	s__Phaeobacter inhibens	0.0213	0.0007256968222656045	221822
7	s__Piscirickettsia salmonis	0.1599	0.005447836707993904	1238
7	s__Planktomarina temperata	0.0036	0.0001226529840448909	1284658
7	s__Planococcus antarcticus	0.0107	0.0003645519248000924	161360
7	s__Planococcus donghaensis	0.0853	0.0029061943163969984	414778
7	s__Planococcus kocurii	0.0213	0.0007256968222656045	1374
7	s__Planococcus maritimus	0.0213	0.0007256968222656045	192421
7	s__Polaribacter todarodis	0.0107	0.0003645519248000924	1850252
7	s__Polaribacter vadi	0.0107	0.0003645519248000924	1774273
7	s__Prochlorococcus_B sp000757865	0.0107	0.0003645519248000924	1501269
7	s__Pseudalgibacter alginicilyticus	0.0959	0.0032673392138625103	1736674
7	s__Pseudoalteromonas haloplanktis	0.0213	0.0007256968222656045	228
7	s__Pseudodesulfovibrio piezophilus	0.2025	0.006899230352525114	879567
7	s__Pseudovibrio sp000156235	0.0076	0.00025893407742810304	911045
7	s__Psychrobacter glaciei	0.0107	0.0003645519248000924	1112209
7	s__Psychrobacter sp000586415	0.5968	0.02033313913277525	1298608
7	s__Psychroflexus torquis	0.0213	0.0007256968222656045	57029
7	s__Psychromonas ingrahamii	0.0426	0.001451393644531209	357794
7	s__Pusillimonas_C sp000209655	0.032	0.0010902487470656969	1007105
7	s__Pyrococcus sp000211475	0.1705	0.005808981605459417	342949
7	s__Pyrococcus sp000263735	0.0107	0.0003645519248000924	1183377
7	s__Pyrodictium delaneyi	0.032	0.0010902487470656969	1273541
7	s__RCC307 sp000063525	0.032	0.0010902487470656969	316278
7	s__Rhodobacter xanthinilyticus	0.0073	0.00024871299542436213	1850250
7	s__Rhodococcoides sp000954115	0.0533	0.0018159455693313015	1564114
7	s__Rhodoferax ferrireducens	0.0746	0.002541642391596906	192843
7	s__Rhodovulum sulfidophilum	0.032	0.0010902487470656969	35806
7	s__Roseibacterium elongatum	0.0728	0.002480315899574461	159346
7	s__Roseobacter denitrificans	0.1172	0.003993036036128115	2434
7	s__Roseobacter litoralis	0.032	0.0010902487470656969	42443
7	s__Saccharophagus degradans	0.032	0.0010902487470656969	86304
7	s__Salinispira pacifica	0.0107	0.0003645519248000924	1307761
7	s__Salipiger sp001687105	0.0213	0.0007256968222656045	1792508
7	s__Saprospira grandis	0.0213	0.0007256968222656045	1008
7	s__Sedimenticola thiotaurini	0.0533	0.0018159455693313015	1543721
7	s__Sediminicola sp001430825	0.0107	0.0003645519248000924	1453352
7	s__Shewanella amazonensis	0.0213	0.0007256968222656045	60478
7	s__Shewanella baltica	0.3304	0.011256818313453322	62322
7	s__Shewanella halifaxensis	0.0213	0.0007256968222656045	271098
7	s__Shewanella pealeana	0.0107	0.0003645519248000924	70864
7	s__Shewanella piezotolerans	0.032	0.0010902487470656969	404011
7	s__Shewanella sp029835735	0.7034	0.023965030271437853	94122
7	s__Shewanella woodyi	0.032	0.0010902487470656969	60961
7	s__Siansivirga zeaxanthinifaciens	0.0029	9.880379270282878e-05	762954
7	s__Spiribacter curvatus	3.4104	0.11619326021852666	1335757
7	s__Spiribacter salinus	1.2682	0.0432079206571474	1335746
7	s__Staphylococcus warneri	0.9165	0.031225405521428478	1292
7	s__Staphylothermus marinus	0.0426	0.001451393644531209	2280
7	s__Stappia sp900105595	0.0213	0.0007256968222656045	1881061
7	s__Streptococcus agalactiae	0.0426	0.001451393644531209	1311
7	s__Streptococcus iniae	0.0959	0.0032673392138625103	1346
7	s__Sulfitobacter alexandrii	0.0107	0.0003645519248000924	1917485
7	s__Sulfurovum sp000010345	0.5435	0.018517193563443946	387093
7	s__Synechococcus_C sp000014585	0.0213	0.0007256968222656045	64471
7	s__Synechococcus_C sp000063505	0.0213	0.0007256968222656045	32051
7	s__Syntrophotalea acetylenica	1.0808	0.036823151432143916	29542
7	s__Syntrophotalea carbinolica	0.0596	0.0020305882914098605	19
7	s__Thalassolituus oleivorans	0.3355	0.011430576707516918	187493
7	s__Thalassoporum mexicanum	0.0107	0.0003645519248000924	82654
7	s__Thalassotalea_A crassostreae	0.0107	0.0003645519248000924	1763536
7	s__Thermaerobacter marianensis	0.032	0.0010902487470656969	73919
7	s__Thermococcus gammatolerans	0.0213	0.0007256968222656045	187878
7	s__Thermococcus sp000151205	0.032	0.0010902487470656969	246969
7	s__Thermococcus sp000221185	0.0746	0.002541642391596906	1042877
7	s__Thermococcus_B barophilus	0.0426	0.001451393644531209	55802
7	s__Thermotoga maritima	0.0533	0.0018159455693313015	126740,2336
7	s__Thermotoga neapolitana	0.0107	0.0003645519248000924	2337
7	s__Thermovirga lienii	0.0107	0.0003645519248000924	336261
7	s__Thioflavicoccus mobilis	0.2025	0.006899230352525114	80679
7	s__Thiolapillus brandeum	0.1385	0.0047187328583937205	1076588
7	s__Tistrella mobilis	0.0762	0.002596154828950191	171437
7	s__Tsuneonella dongtanensis	0.0213	0.0007256968222656045	692370
7	s__UJ101 sp001880285	0.0426	0.001451393644531209	1150389
7	s__Vibrio alginolyticus	0.0213	0.0007256968222656045	663
7	s__Vibrio anguillarum	0.2238	0.0076249271747907185	55601
7	s__Vibrio campbellii	0.0107	0.0003645519248000924	680
7	s__Vibrio cholerae	0.0107	0.0003645519248000924	666
7	s__Vibrio coralliilyticus	0.4689	0.01597555117184704	190893
7	s__Vibrio parahaemolyticus	0.0107	0.0003645519248000924	670
7	s__Vibrio scophthalmi	0.2132	0.007263782277325206	45658
7	s__Vibrio tasmaniensis	0.0426	0.001451393644531209	212663
7	s__Vibrio tubiashii	0.2132	0.007263782277325206	29498
7	s__Vibrio vulnificus	0.0213	0.0007256968222656045	672
7	s__Vreelandella titanicae	0.0623	0.0021225780294435287	1380358
7	s__Weissella ceti	0.0107	0.0003645519248000924	759620
7	s__Wenyingzhuangia fucanilytica	0.167	0.005689735648749106	1790137
7	s__Winogradskyella sp000828715	0.0107	0.0003645519248000924	754409
7	s__Woeseia oceani	0.0853	0.0029061943163969984	1548547
7	s__Xianfuyuplasma sp000755705	0.1279	0.004357587960928208	1541959
7	s__Yersinia ruckeri	0.0107	0.0003645519248000924	29486
7	s__Zunongwangia profunda	0.032	0.0010902487470656969	398743
8	s__Aciduliprofundum sp000327505	0.0128	0.0004403013312235566	673860
8	s__Acinetobacter venetianus	0.0385	0.0013243438478208538	52133
8	s__Actinoalloteichus_A fjordicus	0.0064	0.0002201506656117783	1612552
8	s__Actinoalloteichus_A hymeniacidonis	0.0064	0.0002201506656117783	340345
8	s__Aeromonas salmonicida	0.1668	0.0057376767225069715	645
8	s__Aeropyrum camini	0.0449	0.0015444945134326321	229980
8	s__Aeropyrum pernix	0.0192	0.0006604519968353348	56636
8	s__Agarivorans gilvus	0.0128	0.0004403013312235566	680279
8	s__Alcanivorax borkumensis	0.0064	0.0002201506656117783	59754
8	s__Aliivibrio fischeri	0.0128	0.0004403013312235566	668
8	s__Aliivibrio salmonicida	0.1924	0.006618279384954085	40269
8	s__Aliivibrio wodanis	0.3143	0.010811461594028425	80852
8	s__Alteriqipengyuania bathyomarina	0.0064	0.0002201506656117783	1634516
8	s__Alteromonas australica	0.0128	0.0004403013312235566	589873
8	s__Alteromonas macleodii	0.117	0.004024629355715322	28108
8	s__Alteromonas mediterranea	1.4398	0.049527020054349745	314275
8	s__Aquibium oceanicum	0.0064	0.0002201506656117783	1670800
8	s__Aquiluna sp900100865	0.0257	0.0008840425165972972	1855377
8	s__Aquipseudomonas pohangensis	0.0128	0.0004403013312235566	364197
8	s__Aquipseudomonas rustica	0.0064	0.0002201506656117783	1699311
8	s__Arcanobacterium phocae	0.0257	0.0008840425165972972	131112
8	s__Archaeoglobus fulgidus	0.0834	0.0028688383612534857	2234
8	s__Archaeoglobus_B profundus	0.0321	0.0011041931822090754	84156
8	s__Bacillus pumilus	0.0706	0.002428537030029929	1408
8	s__Bacillus velezensis	0.0128	0.0004403013312235566	492670
8	s__Bdellovibrio bacteriovorus	0.0449	0.0015444945134326321	959
8	s__Belliella baltica	0.0064	0.0002201506656117783	232259
8	s__Bernardetia litoralis	0.0257	0.0008840425165972972	999
8	s__Brucella melitensis	0.0385	0.0013243438478208538	120576,120577
8	s__Caldithrix abyssi	0.0192	0.0006604519968353348	187145
8	s__Campylobacter_D peloridis	0.0321	0.0011041931822090754	488546
8	s__Carnobacterium divergens	0.0321	0.0011041931822090754	2748
8	s__Celeribacter indicus	0.0128	0.0004403013312235566	1208324
8	s__Celeribacter marinus	0.0128	0.0004403013312235566	1397108
8	s__Cellulophaga algicola	0.0037	0.00012727460355680932	59600
8	s__Cellulophaga baltica	0.0429	0.0014756974304289514	76594
8	s__Cellulophaga lytica	0.0577	0.001984795844656189	979
8	s__Cenarchaeum symbiosum	0.0257	0.0008840425165972972	46770
8	s__Chlorobium phaeobacteroides	0.0513	0.0017646451790444104	1096
8	s__Chloroherpeton thalassium	0.0641	0.002204946510267967	100716
8	s__Christiangramia forsetii	0.0321	0.0011041931822090754	411153
8	s__Christiangramia salexigens	0.0128	0.0004403013312235566	1913577
8	s__Christiangramia sp900105135	0.0004	1.3759416600736144e-05	1250205
8	s__Colwellia marinimaniae	0.0898	0.0030889890268652642	58049
8	s__Colwellia_A sp001767295	0.0064	0.0002201506656117783	1816218
8	s__Corynebacterium maris	0.0064	0.0002201506656117783	575200
8	s__Corynebacterium phocae	0.0513	0.0017646451790444104	161895
8	s__Croceibacter atlanticus	0.006	0.00020639124901104214	313588
8	s__Croceibacterium_C atlanticum	0.0064	0.0002201506656117783	1267766
8	s__Croceicoccus naphthovorans	0.0192	0.0006604519968353348	1348774
8	s__Crocosphaera subtropica	0.0192	0.0006604519968353348	43989
8	s__Cyclobacterium marinum	0.0385	0.0013243438478208538	104
8	s__Cycloclasticus pugetii	0.2117	0.007282171235939603	1329899
8	s__Denitrovibrio acetiphilus	0.0257	0.0008840425165972972	118000
8	s__Desulfobacula toluolica	0.0513	0.0017646451790444104	28223
8	s__Desulfocapsa sulfexigens	0.0257	0.0008840425165972972	65555
8	s__Desulfococcus multivorans	0.1539	0.005293935537133232	897
8	s__Desulfocurvibacter africanus	0.077	0.0026486876956417077	873
8	s__Desulfotalea psychrophila	0.2373	0.008162773898386717	84980
8	s__Desulfovibrio desulfuricans	0.0385	0.0013243438478208538	876
8	s__Dinoroseobacter shibae	0.0834	0.0028688383612534857	215813
8	s__Dokdonia sp000212355	0.0778	0.0026762065288431797	983548
8	s__Dokdonia sp000355805	0.0221	0.0007602077671906719	1239415
8	s__Dokdonia sp947496725	0.0064	0.0002201506656117783	313590
8	s__Draconibacterium orientale	0.0385	0.0013243438478208538	1168034
8	s__Erythrobacter epoxidivorans	0.0257	0.0008840425165972972	361183
8	s__Erythrobacter ishigakiensis	0.0128	0.0004403013312235566	476157
8	s__Erythrobacter litoralis	0.2373	0.008162773898386717	39960
8	s__Filomicrobium insigne	0.0064	0.0002201506656117783	1608628
8	s__Flagellimonas_A lutaonensis	0.0064	0.0002201506656117783	516051
8	s__Flammeovirga yaeyamensis	0.372	0.012796257438684613	1191459
8	s__Flavobacterium crassostreae	0.0128	0.0004403013312235566	1763534
8	s__Flavobacterium frigidarium	0.0385	0.0013243438478208538	99286
8	s__Flavobacterium psychrophilum	0.0786	0.002703725362044652	96345
8	s__Formosa agariphila	0.0128	0.0004403013312235566	320324
8	s__Formosa haliotis	0.0064	0.0002201506656117783	1555194
8	s__Francisella noatunensis	0.0385	0.0013243438478208538	657445
8	s__Francisella uliginis	0.0064	0.0002201506656117783	573570
8	s__Geoglobus ahangari	0.0128	0.0004403013312235566	113653
8	s__Glaciecola nitratireducens	0.0898	0.0030889890268652642	300231
8	s__Gloeomargarita lithophora	0.0321	0.0011041931822090754	1188228
8	s__Gymnodinialimonas sp000013565	0.0385	0.0013243438478208538	290400
8	s__Hahella chejuensis	0.0641	0.002204946510267967	158327
8	s__Haliangium ochraceum	0.0064	0.0002201506656117783	80816
8	s__Halobacteriovorax marinus	0.0385	0.0013243438478208538	97084
8	s__Halodesulfurarchaeum formicicum	0.0064	0.0002201506656117783	1873524
8	s__Haloferax gibbonsii	0.0064	0.0002201506656117783	35746
8	s__Halomonas aestuarii	0.0898	0.0030889890268652642	1897729
8	s__Halomonas elongata	0.003	0.00010319562450552107	2746
8	s__Haloquadratum walsbyi	0.0641	0.002204946510267967	293091
8	s__Halorhabdus tiamatea	0.0128	0.0004403013312235566	430914
8	s__Henriciella sp001854405	0.0128	0.0004403013312235566	1906738
8	s__Hirschia baltica	0.0094	0.0003233462901172994	2724
8	s__Hoeflea sp001011155	0.0192	0.0006604519968353348	1620421
8	s__Hydrogenophaga crassostreae	0.0257	0.0008840425165972972	1763535
8	s__Hyperthermus butylicus	2.7646	0.09509820783598787	54248
8	s__Hyphomicrobium_C nitrativorans	0.1219	0.00419318220907434	1427356
8	s__Hyphomonas neptunia	0.0449	0.0015444945134326321	81032
8	s__IMCC9063 sp000195085	0.0002	6.879708300368072e-06	1002672
8	s__Ilyobacter polytropus	0.0321	0.0011041931822090754	167642
8	s__JBDGSM01 sp001761425	0.0321	0.0011041931822090754	1737403
8	s__Kangiella geojedonensis	0.0449	0.0015444945134326321	914150
8	s__Kangiella koreensis	0.0128	0.0004403013312235566	261964
8	s__Kiritimatiella glycovorans	0.0257	0.0008840425165972972	1307763
8	s__Kosmotoga olearia	0.0064	0.0002201506656117783	651457
8	s__Kytococcus sedentarius	0.0064	0.0002201506656117783	1276
8	s__Lacimicrobium alkaliphilum	0.0192	0.0006604519968353348	1526571
8	s__Lacinutrix sp000211855	0.109	0.003749441023700599	983544
8	s__Lactococcus garvieae	0.0128	0.0004403013312235566	1363
8	s__Leisingera methylohalidivorans	0.0064	0.0002201506656117783	133924
8	s__Leuconostoc lactis	0.0128	0.0004403013312235566	1246
8	s__Luteimonas sp001717465	0.0513	0.0017646451790444104	1896164
8	s__MONJU sp000801295	0.0064	0.0002201506656117783	1248727
8	s__MTP4 sp000970045	0.0128	0.0004403013312235566	1434100
8	s__Magnetococcus marinus	0.1475	0.005073784871521453	1124597
8	s__Magnetospira sp000968135	0.2925	0.010061573389288304	1288970
8	s__Maribacter dokdonensis	0.0192	0.0006604519968353348	1644130
8	s__Maribacter_A sp000153165	0.0192	0.0006604519968353348	313603
8	s__Maricaulis maris	0.0098	0.00033710570671803547	74318
8	s__Maridesulfovibrio hydrothermalis	0.1668	0.0057376767225069715	191026
8	s__Maridesulfovibrio salexigens	0.1475	0.005073784871521453	880
8	s__Marinithermus hydrothermalis	0.0898	0.0030889890268652642	186192
8	s__Marinitoga piezophila	0.0128	0.0004403013312235566	149715
8	s__Marinobacter adhaerens	0.0064	0.0002201506656117783	1033846
8	s__Marinobacter psychrophilus	0.0449	0.0015444945134326321	490759
8	s__Marinobacter salinus	0.0189	0.0006501324343847828	1874317
8	s__Marinobacter similis	0.1026	0.0035292903580888208	1420916
8	s__Marinobacterium_A aestuarii	0.0127	0.00043686147707337254	1821621
8	s__Marinomonas mediterranea	0.1219	0.00419318220907434	119864
8	s__Marinomonas posidonica	0.4875	0.016769288982147173	936476
8	s__Marinovum algicola	0.0073	0.00025110935296343464	42444
8	s__Marivirga tractuosa	0.1155	0.0039730315434625615	1006
8	s__Marivivens geojensis	0.0005	1.719927075092018e-05	1920883
8	s__Metabacillus weihaiensis	0.0128	0.0004403013312235566	1547283
8	s__Methanocaldococcus bathoardescens	0.0128	0.0004403013312235566	1301915
8	s__Methanocaldococcus fervens	0.0128	0.0004403013312235566	83171
8	s__Methanocaldococcus jannaschii	0.0128	0.0004403013312235566	2190
8	s__Methanocaldococcus vulcanius	0.0385	0.0013243438478208538	73913
8	s__Methanococcus maripaludis	0.0257	0.0008840425165972972	39152
8	s__Methanococcus vannielii	0.0128	0.0004403013312235566	2187
8	s__Methanohalophilus halophilus	0.0257	0.0008840425165972972	2177
8	s__Methanosarcina siciliae	0.0834	0.0028688383612534857	38027
8	s__Methanosarcina sp000969965	0.0192	0.0006604519968353348	1434102
8	s__Methanotorris igneus	0.0257	0.0008840425165972972	2189
8	s__Methyloceanibacter caenitepidi	0.0449	0.0015444945134326321	1384459
8	s__Methylomonas methanica	0.1539	0.005293935537133232	421
8	s__Methylophaga nitratireducenticrescens	0.0064	0.0002201506656117783	754476
8	s__Micrococcus luteus	0.0385	0.0013243438478208538	1270
8	s__Micromonospora arenicola	0.0097	0.00033366585256785147	168697
8	s__Micromonospora gifhornensis	0.0018	6.191737470331265e-05	1003110
8	s__Micromonospora krabiensis	0.0031	0.0001066354786557051	307121
8	s__Micromonospora tropica	0.0046	0.00015823329090846564	168695
8	s__Mor1 sp001664505	0.0192	0.0006604519968353348	1660251
8	s__Moritella marina	0.0136	0.00046782016442502885	90736
8	s__Moritella viscosa	0.1404	0.004829555226858386	80854
8	s__Mycobacterium chelonae	0.0064	0.0002201506656117783	1774
8	s__Mycobacterium chubuense	0.0064	0.0002201506656117783	1800
8	s__Mycobacterium rhodesiae	0.0064	0.0002201506656117783	36814
8	s__Myxococcus fulvus	0.0321	0.0011041931822090754	33
8	s__Nanoarchaeum equitans	0.0834	0.0028688383612534857	160232
8	s__Nitratifractor salsuginis	0.0192	0.0006604519968353348	269261
8	s__Nitratiruptor sp000010325	0.0128	0.0004403013312235566	387092
8	s__Nitrosarchaeum limnae	0.077	0.0026486876956417077	1007084
8	s__Nitrosococcus halophilus	2.5594	0.08803962711981021	133539
8	s__Nitrosococcus oceani	0.2566	0.008826665749372235	1229
8	s__Nitrosopelagicus brevis	0.0192	0.0006604519968353348	1410606
8	s__Nitrosopumilus maritimus	0.0064	0.0002201506656117783	338192
8	s__Nitrosopumilus piranensis	0.0321	0.0011041931822090754	1582439
8	s__Nitrosopumilus sediminis	0.0513	0.0017646451790444104	1229909
8	s__Nodularia spumigena	0.0064	0.0002201506656117783	70799
8	s__Nonlabens dokdonensis	0.0577	0.001984795844656189	328515
8	s__Nonlabens sp900101765	0.0128	0.0004403013312235566	1336802
8	s__Novosphingobium pentaromativorans	0.0257	0.0008840425165972972	205844
8	s__Novosphingobium sp000253255	0.1155	0.0039730315434625615	702113
8	s__Oceanithermus profundus	0.0257	0.0008840425165972972	187137
8	s__Octadecabacter antarcticus	0.0706	0.002428537030029929	1217908
8	s__Octadecabacter arcticus	0.0257	0.0008840425165972972	53946
8	s__Octadecabacter temperatus	0.0257	0.0008840425165972972	1458307
8	s__Oleispira antarctica	0.0257	0.0008840425165972972	188908
8	s__Oscillibacter valericigenes	0.0577	0.001984795844656189	351091
8	s__Owenweeksia hongkongensis	0.077	0.0026486876956417077	253245
8	s__Paenibacillus_AQ crassostreae	0.0257	0.0008840425165972972	1763538
8	s__Palaeococcus pacificus	0.372	0.012796257438684613	971279
8	s__Paraglaciecola chathamensis	0.0513	0.0017646451790444104	983545
8	s__Paraglaciecola psychrophila	0.0361	0.0012417873482164369	326544
8	s__Paraoerskovia marina	0.0577	0.001984795844656189	545619
8	s__Parasynechococcus marisnigri	0.0192	0.0006604519968353348	84588
8	s__Parasynechococcus sp000161795	0.0257	0.0008840425165972972	166314
8	s__Parasynechococcus sp000737535	0.0128	0.0004403013312235566	1280380
8	s__Parasynechococcus sp000737575	0.0064	0.0002201506656117783	585423
8	s__Parasynechococcus sp000737595	0.0192	0.0006604519968353348	585425
8	s__Paraurantiacibacter namhicola	0.0257	0.0008840425165972972	645517
8	s__Parvularcula bermudensis	0.0577	0.001984795844656189	208216
8	s__Pelagibacter sp000299095	0.0641	0.002204946510267967	859653
8	s__Persephonella marina	0.0321	0.0011041931822090754	309805
8	s__Phaeobacter gallaeciensis	0.0496	0.0017061676584912817	60890
8	s__Phaeobacter inhibens	0.0064	0.0002201506656117783	221822
8	s__Photobacterium gaetbulicola	0.0385	0.0013243438478208538	1295392
8	s__Photobacterium phosphoreum	0.0128	0.0004403013312235566	659
8	s__Photobacterium profundum	0.0257	0.0008840425165972972	74109
8	s__Phycisphaera mikurensis	0.0257	0.0008840425165972972	547188
8	s__Piscirickettsia salmonis	0.1475	0.005073784871521453	1238
8	s__Planococcus antarcticus	0.0128	0.0004403013312235566	161360
8	s__Planococcus donghaensis	0.1219	0.00419318220907434	414778
8	s__Planococcus kocurii	0.0064	0.0002201506656117783	1374
8	s__Polaribacter sp000152945	0.0064	0.0002201506656117783	313598
8	s__Polaribacter todarodis	0.0321	0.0011041931822090754	1850252
8	s__Polaribacter vadi	0.0577	0.001984795844656189	1774273
8	s__Prosthecochloris vibrioformis	0.0064	0.0002201506656117783	1868325
8	s__Pseudalgibacter alginicilyticus	0.1924	0.006618279384954085	1736674
8	s__Pseudoalteromonas haloplanktis	0.0064	0.0002201506656117783	228
8	s__Pseudoalteromonas phenolica	0.0128	0.0004403013312235566	161398
8	s__Pseudodesulfovibrio piezophilus	0.0385	0.0013243438478208538	879567
8	s__Pseudovibrio sp000156235	0.0184	0.0006329331636338626	911045
8	s__Psychrobacter glaciei	0.0641	0.002204946510267967	1112209
8	s__Psychrobacter sp000586415	0.635	0.021843073853668626	1298608
8	s__Psychroflexus torquis	0.0128	0.0004403013312235566	57029
8	s__Psychromonas ingrahamii	0.0834	0.0028688383612534857	357794
8	s__Psychromonas sp000153405	0.0898	0.0030889890268652642	314282
8	s__Pusillimonas_C sp000209655	0.0321	0.0011041931822090754	1007105
8	s__Pyrobaculum aerophilum	0.0321	0.0011041931822090754	13773
8	s__Pyrococcus abyssi	0.0192	0.0006604519968353348	29292
8	s__Pyrococcus furiosus	0.0064	0.0002201506656117783	2261
8	s__Pyrococcus sp000211475	0.0257	0.0008840425165972972	342949
8	s__Pyrococcus yayanosii	0.0128	0.0004403013312235566	1008460
8	s__RCC307 sp000063525	0.0641	0.002204946510267967	316278
8	s__Rhodobacter xanthinilyticus	0.0018	6.191737470331265e-05	1850250
8	s__Rhodococcoides sp000954115	0.0449	0.0015444945134326321	1564114
8	s__Rhodococcus_F qingshengii	0.0064	0.0002201506656117783	1723645
8	s__Rhodoferax ferrireducens	0.0321	0.0011041931822090754	192843
8	s__Rhodothermus marinus	0.0962	0.0033091396924770423	29549
8	s__Rhodovulum sulfidophilum	0.0321	0.0011041931822090754	35806
8	s__Robiginitalea biformata	0.0257	0.0008840425165972972	252307
8	s__Roseibacterium elongatum	0.0188	0.0006466925802345988	159346
8	s__Roseobacter denitrificans	0.077	0.0026486876956417077	2434
8	s__Roseobacter litoralis	0.0192	0.0006604519968353348	42443
8	s__Saccharophagus degradans	0.0192	0.0006604519968353348	86304
8	s__Salinibacter ruber	0.0192	0.0006604519968353348	146919
8	s__Salinispira pacifica	0.0064	0.0002201506656117783	1307761
8	s__Salipiger sp001687105	0.0064	0.0002201506656117783	1792508
8	s__Saprospira grandis	0.0449	0.0015444945134326321	1008
8	s__Sedimenticola thiotaurini	0.0321	0.0011041931822090754	1543721
8	s__Sediminicola sp001430825	0.0128	0.0004403013312235566	1453352
8	s__Shewanella amazonensis	0.0064	0.0002201506656117783	60478
8	s__Shewanella baltica	0.2566	0.008826665749372235	62322
8	s__Shewanella halifaxensis	0.0513	0.0017646451790444104	271098
8	s__Shewanella pealeana	0.0128	0.0004403013312235566	70864
8	s__Shewanella piezotolerans	0.0321	0.0011041931822090754	404011
8	s__Shewanella sediminis	0.0064	0.0002201506656117783	271097
8	s__Shewanella sp029835735	0.3464	0.011915654776237499	94122
8	s__Shewanella violacea	0.0192	0.0006604519968353348	60217
8	s__Shewanella woodyi	0.0449	0.0015444945134326321	60961
8	s__Siansivirga zeaxanthinifaciens	0.0056	0.00019263183241030601	762954
8	s__Simiduia agarivorans	0.0641	0.002204946510267967	447471
8	s__Specibacter sp000785535	0.0192	0.0006604519968353348	1494608
8	s__Sphingopyxis alaskensis	0.0321	0.0011041931822090754	117207
8	s__Spiribacter curvatus	4.0091	0.1379071927350282	1335757
8	s__Spiribacter salinus	1.5202	0.05229266279109771	1335746
8	s__Staphylococcus epidermidis	0.0064	0.0002201506656117783	1282
8	s__Staphylococcus equorum	0.0064	0.0002201506656117783	246432
8	s__Staphylococcus warneri	0.4234	0.014564342471879207	1292
8	s__Staphylothermus marinus	0.0257	0.0008840425165972972	2280
8	s__Stappia sp900105595	0.0321	0.0011041931822090754	1881061
8	s__Streptococcus agalactiae	0.0064	0.0002201506656117783	1311
8	s__Streptococcus iniae	0.0321	0.0011041931822090754	1346
8	s__Sulfitobacter alexandrii	0.0513	0.0017646451790444104	1917485
8	s__Sulfurimonas denitrificans	0.0064	0.0002201506656117783	39766
8	s__Sulfurovum sp000010345	0.6286	0.02162292318805685	387093
8	s__Synechococcus_C sp000014585	0.0192	0.0006604519968353348	64471
8	s__Synechococcus_C sp000063505	0.0449	0.0015444945134326321	32051
8	s__Syntrophotalea acetylenica	0.4256	0.014640019263183255	29542
8	s__Syntrophotalea carbinolica	0.0234	0.0008049258711430644	19
8	s__Teredinibacter turnerae	0.0128	0.0004403013312235566	2426
8	s__Thalassolituus oleivorans	0.3914	0.013463589143820317	187493
8	s__Thalassoporum mexicanum	0.0128	0.0004403013312235566	82654
8	s__Thalassotalea_A crassostreae	0.0064	0.0002201506656117783	1763536
8	s__Thermaerobacter marianensis	0.0064	0.0002201506656117783	73919
8	s__Thermoclostridium stercorarium	0.0641	0.002204946510267967	1510
8	s__Thermococcus gammatolerans	0.0257	0.0008840425165972972	187878
8	s__Thermococcus onnurineus	0.0064	0.0002201506656117783	342948
8	s__Thermococcus piezophilus	0.0385	0.0013243438478208538	1712654
8	s__Thermococcus sp000151205	0.0064	0.0002201506656117783	246969
8	s__Thermococcus sp000221185	0.0128	0.0004403013312235566	1042877
8	s__Thermococcus_B barophilus	0.0321	0.0011041931822090754	55802
8	s__Thermosediminibacter oceani	0.0128	0.0004403013312235566	291990
8	s__Thermosipho melanesiensis	0.0064	0.0002201506656117783	46541
8	s__Thermotoga maritima	0.20529999999999998	0.0070620205703278245	126740,2336
8	s__Thermovibrio ammonificans	0.0064	0.0002201506656117783	228745
8	s__Thermovirga lienii	0.0064	0.0002201506656117783	336261
8	s__Thioflavicoccus mobilis	0.1539	0.005293935537133232	80679
8	s__Thiolapillus brandeum	0.0449	0.0015444945134326321	1076588
8	s__Tistrella mobilis	0.0611	0.002101750885762446	171437
8	s__Trichodesmium erythraeum	0.0192	0.0006604519968353348	1206
8	s__UJ101 sp001880285	0.0128	0.0004403013312235566	1150389
8	s__Vibrio alginolyticus	0.0385	0.0013243438478208538	663
8	s__Vibrio anguillarum	0.2245	0.00772247256716316	55601
8	s__Vibrio campbellii	0.0064	0.0002201506656117783	680
8	s__Vibrio cholerae	0.0577	0.001984795844656189	666
8	s__Vibrio coralliilyticus	0.1475	0.005073784871521453	190893
8	s__Vibrio furnissii	0.0064	0.0002201506656117783	29494
8	s__Vibrio nigripulchritudo	0.0321	0.0011041931822090754	28173
8	s__Vibrio parahaemolyticus	0.0128	0.0004403013312235566	670
8	s__Vibrio scophthalmi	0.1219	0.00419318220907434	45658
8	s__Vibrio tasmaniensis	0.0321	0.0011041931822090754	212663
8	s__Vibrio tubiashii	0.0706	0.002428537030029929	29498
8	s__Vibrio vulnificus	0.0192	0.0006604519968353348	672
8	s__Vreelandella titanicae	0.1125	0.0038698359189570405	1380358
8	s__Wenyingzhuangia fucanilytica	0.0766	0.0026349282790409717	1790137
8	s__Woeseia oceani	0.0577	0.001984795844656189	1548547
8	s__Xianfuyuplasma sp000755705	0.0706	0.002428537030029929	1541959
8	s__Yersinia ruckeri	0.0192	0.0006604519968353348	29486
8	s__Zunongwangia profunda	0.0257	0.0008840425165972972	398743
9	s__Aciduliprofundum sp000327505	0.0121	0.00039773717133268166	673860
9	s__Acinetobacter johnsonii	0.0121	0.00039773717133268166	40214
9	s__Acinetobacter venetianus	0.0243	0.000798761426725964	52133
9	s__Actinoalloteichus_A fjordicus	0.0121	0.00039773717133268166	1612552
9	s__Aeromonas salmonicida	0.0971	0.0031917586228432555	645
9	s__Aeropyrum camini	0.0607	0.0019952600247846097	229980
9	s__Agarivorans gilvus	0.0121	0.00039773717133268166	680279
9	s__Aliivibrio fischeri	0.0485	0.0015942357693913274	668
9	s__Aliivibrio salmonicida	0.5338	0.017546454715486402	40269
9	s__Aliivibrio wodanis	0.2912	0.009571988784469165	80852
9	s__Alteraurantiacibacter gangjinensis	0.0121	0.00039773717133268166	502682
9	s__Alteromonas macleodii	0.4508	0.014818174945187841	28108
9	s__Alteromonas mediterranea	2.1011	0.06906492319728079	314275
9	s__Aquibium oceanicum	0.0121	0.00039773717133268166	1670800
9	s__Aquipseudomonas pohangensis	0.0243	0.000798761426725964	364197
9	s__Aquipseudomonas rustica	0.0364	0.0011964985980586456	1699311
9	s__Archaeoglobus fulgidus	0.1456	0.0047859943922345825	2234
9	s__Bacillus pumilus	0.0364	0.0011964985980586456	1408
9	s__Bernardetia litoralis	0.0121	0.00039773717133268166	999
9	s__Brucella melitensis	0.0364	0.0011964985980586456	120576,120577
9	s__Caldithrix abyssi	0.0607	0.0019952600247846097	187145
9	s__Campylobacter_D peloridis	0.0121	0.00039773717133268166	488546
9	s__Celeribacter marinus	0.0243	0.000798761426725964	1397108
9	s__Cellulophaga algicola	0.007	0.00023009588424204724	59600
9	s__Cellulophaga baltica	0.1742	0.005726100433566375	76594
9	s__Cellulophaga lytica	0.0364	0.0011964985980586456	979
9	s__Cenarchaeum symbiosum	0.0364	0.0011964985980586456	46770
9	s__Chlorobium phaeobacteroides	0.1334	0.0043849701368413	1096
9	s__Chloroherpeton thalassium	0.1577	0.0051837315635672645	100716
9	s__Christiangramia forsetii	0.0485	0.0015942357693913274	411153
9	s__Christiangramia sp900105135	0.0016	5.25933449696108e-05	1250205
9	s__Chromohalobacter moromii	0.0243	0.000798761426725964	158080
9	s__Colwellia marinimaniae	0.0243	0.000798761426725964	58049
9	s__Colwellia_A sp001767295	0.0364	0.0011964985980586456	1816218
9	s__Corynebacterium phocae	0.1577	0.0051837315635672645	161895
9	s__Croceibacter atlanticus	0.0226	0.0007428809976957524	313588
9	s__Cyclobacterium marinum	0.0364	0.0011964985980586456	104
9	s__Cycloclasticus pugetii	0.7279	0.02392668487711231	1329899
9	s__Desulfobacula toluolica	0.1334	0.0043849701368413	28223
9	s__Desulfocapsa sulfexigens	0.1456	0.0047859943922345825	65555
9	s__Desulfococcus multivorans	0.1213	0.003987232965508619	897
9	s__Desulfocurvibacter africanus	0.0121	0.00039773717133268166	873
9	s__Desulfotalea psychrophila	1.2617	0.04147313959259871	84980
9	s__Desulfovibrio desulfuricans	0.0364	0.0011964985980586456	876
9	s__Dinoroseobacter shibae	0.0485	0.0015942357693913274	215813
9	s__Dokdonia sp000212355	0.3621	0.011902531383435043	983548
9	s__Dokdonia sp000355805	0.0209	0.000687000568665541	1239415
9	s__Draconibacterium orientale	0.1456	0.0047859943922345825	1168034
9	s__Erythrobacter litoralis	0.2912	0.009571988784469165	39960
9	s__Ferroglobus placidus	0.0243	0.000798761426725964	54261
9	s__Filomicrobium insigne	0.0121	0.00039773717133268166	1608628
9	s__Flagellimonas_A lutaonensis	0.0121	0.00039773717133268166	516051
9	s__Flammeovirga yaeyamensis	0.4367	0.014354696092643147	1191459
9	s__Flavobacterium frigidarium	0.0121	0.00039773717133268166	99286
9	s__Flavobacterium psychrophilum	0.2449	0.008050068864411052	96345
9	s__Flexistipes sinusarabici	0.0121	0.00039773717133268166	2352
9	s__Formosa haliotis	0.0485	0.0015942357693913274	1555194
9	s__Francisella noatunensis	0.0607	0.0019952600247846097	657445
9	s__Geoglobus ahangari	0.0121	0.00039773717133268166	113653
9	s__Glaciecola nitratireducens	0.0485	0.0015942357693913274	300231
9	s__Gloeomargarita lithophora	0.0243	0.000798761426725964	1188228
9	s__Hahella chejuensis	0.1213	0.003987232965508619	158327
9	s__Haloferax gibbonsii	0.0121	0.00039773717133268166	35746
9	s__Halogeometricum borinquense	0.0243	0.000798761426725964	60847
9	s__Halomonas aestuarii	0.0364	0.0011964985980586456	1897729
9	s__Halomonas elongata	0.0022	7.231584933321484e-05	2746
9	s__Haloquadratum walsbyi	0.0121	0.00039773717133268166	293091
9	s__Hirschia baltica	0.0119	0.0003911630032114803	2724
9	s__Hungateiclostridium thermocellum	0.0243	0.000798761426725964	1515
9	s__Hyperthermus butylicus	1.5043	0.04944760552361595	54248
9	s__Hyphomicrobium_C nitrativorans	0.1577	0.0051837315635672645	1427356
9	s__Hyphomonas neptunia	0.0121	0.00039773717133268166	81032
9	s__Ignicoccus islandicus	0.0121	0.00039773717133268166	54259
9	s__JBDGSM01 sp001761425	0.0364	0.0011964985980586456	1737403
9	s__Kangiella geojedonensis	0.1334	0.0043849701368413	914150
9	s__Kangiella koreensis	0.0121	0.00039773717133268166	261964
9	s__Kangiella sediminilitoris	0.0121	0.00039773717133268166	1144748
9	s__Kosmotoga_B pacifica	0.0364	0.0011964985980586456	1330330
9	s__Lacimicrobium alkaliphilum	0.0121	0.00039773717133268166	1526571
9	s__Lacinutrix sp000211855	0.0485	0.0015942357693913274	983544
9	s__Lactococcus garvieae	0.0243	0.000798761426725964	1363
9	s__Leuconostoc lactis	0.0121	0.00039773717133268166	1246
9	s__MTP4 sp000970045	0.0485	0.0015942357693913274	1434100
9	s__Magnetococcus marinus	0.0364	0.0011964985980586456	1124597
9	s__Magnetospira sp000968135	0.0692	0.002274662169935667	1288970
9	s__Maribacter dokdonensis	0.0364	0.0011964985980586456	1644130
9	s__Maricaulis maris	0.0124	0.00040759842351448364	74318
9	s__Maridesulfovibrio hydrothermalis	0.2426	0.007974465931017237	191026
9	s__Maridesulfovibrio salexigens	0.0849	0.002790734367449973	880
9	s__Marinobacter psychrophilus	0.0849	0.002790734367449973	490759
9	s__Marinobacter similis	0.0971	0.0031917586228432555	1420916
9	s__Marinobacterium_A aestuarii	0.0129	0.00042403384381748706	1821621
9	s__Marinomonas mediterranea	0.1213	0.003987232965508619	119864
9	s__Marinomonas posidonica	0.2305	0.007576728759684556	936476
9	s__Marinovum algicola	0.0034	0.00011176085806042294	42444
9	s__Marivirga tractuosa	0.0607	0.0019952600247846097	1006
9	s__Marivivens geojensis	0.0026	8.546418557561754e-05	1920883
9	s__Methanocaldococcus bathoardescens	0.0121	0.00039773717133268166	1301915
9	s__Methanocaldococcus jannaschii	0.0121	0.00039773717133268166	2190
9	s__Methanocaldococcus vulcanius	0.0971	0.0031917586228432555	73913
9	s__Methanococcus maripaludis	0.0121	0.00039773717133268166	39152
9	s__Methanohalophilus halophilus	0.0485	0.0015942357693913274	2177
9	s__Methanosarcina siciliae	0.1577	0.0051837315635672645	38027
9	s__Methyloceanibacter caenitepidi	0.1941	0.0063802301616259095	1384459
9	s__Methylomonas methanica	0.1577	0.0051837315635672645	421
9	s__Micrococcus luteus	0.0121	0.00039773717133268166	1270
9	s__Micromonospora arenicola	0.0276	0.0009072352007257862	168697
9	s__Micromonospora krabiensis	0.0088	0.0002892633973328594	307121
9	s__Moritella marina	0.0214	0.0007034359889685444	90736
9	s__Moritella viscosa	0.3061	0.010061764309498665	80854
9	s__Nanoarchaeum equitans	0.0607	0.0019952600247846097	160232
9	s__Nitratiruptor sp000010325	0.0121	0.00039773717133268166	387092
9	s__Nitrosarchaeum limnae	0.364	0.011964985980586457	1007084
9	s__Nitrosococcus halophilus	1.3588	0.04466489821544197	133539
9	s__Nitrosococcus oceani	0.1456	0.0047859943922345825	1229
9	s__Nitrosopumilus sediminis	0.0849	0.002790734367449973	1229909
9	s__Nonlabens dokdonensis	0.0485	0.0015942357693913274	328515
9	s__Nonlabens marinus	0.0243	0.000798761426725964	930802
9	s__Nonlabens sp900101765	0.0364	0.0011964985980586456	1336802
9	s__Novosphingobium pentaromativorans	0.0121	0.00039773717133268166	205844
9	s__Novosphingobium sp000253255	0.0485	0.0015942357693913274	702113
9	s__Oceanithermus profundus	0.0243	0.000798761426725964	187137
9	s__Octadecabacter antarcticus	0.0121	0.00039773717133268166	1217908
9	s__Octadecabacter arcticus	0.0243	0.000798761426725964	53946
9	s__Oscillibacter valericigenes	0.0121	0.00039773717133268166	351091
9	s__Owenweeksia hongkongensis	0.0607	0.0019952600247846097	253245
9	s__Paenibacillus_AQ crassostreae	0.0121	0.00039773717133268166	1763538
9	s__Palaeococcus pacificus	0.182	0.005982492990293228	971279
9	s__Paraglaciecola chathamensis	0.0121	0.00039773717133268166	983545
9	s__Paraglaciecola psychrophila	0.0227	0.0007461680817563533	326544
9	s__Paraoerskovia marina	0.0121	0.00039773717133268166	545619
9	s__Parasynechococcus marisnigri	0.0121	0.00039773717133268166	84588
9	s__Parasynechococcus sp000737535	0.0243	0.000798761426725964	1280380
9	s__Parasynechococcus sp000737575	0.0243	0.000798761426725964	585423
9	s__Paraurantiacibacter namhicola	0.0243	0.000798761426725964	645517
9	s__Parvularcula bermudensis	0.0243	0.000798761426725964	208216
9	s__Pelagibacter sp000299095	0.0121	0.00039773717133268166	859653
9	s__Pelagibacterium halotolerans	0.0121	0.00039773717133268166	531813
9	s__Phaeobacter gallaeciensis	0.0435	0.0014298815663612934	60890
9	s__Phaeobacter inhibens	0.0243	0.000798761426725964	221822
9	s__Photobacterium gaetbulicola	0.0243	0.000798761426725964	1295392
9	s__Photobacterium profundum	0.0243	0.000798761426725964	74109
9	s__Phycisphaera mikurensis	0.0121	0.00039773717133268166	547188
9	s__Piscirickettsia salmonis	0.1456	0.0047859943922345825	1238
9	s__Planococcus antarcticus	0.0243	0.000798761426725964	161360
9	s__Planococcus donghaensis	0.182	0.005982492990293228	414778
9	s__Planococcus kocurii	0.0121	0.00039773717133268166	1374
9	s__Planococcus maritimus	0.0121	0.00039773717133268166	192421
9	s__Polaribacter sp000152945	0.0971	0.0031917586228432555	313598
9	s__Polaribacter todarodis	0.0243	0.000798761426725964	1850252
9	s__Polaribacter vadi	0.0243	0.000798761426725964	1774273
9	s__Pseudalgibacter alginicilyticus	0.0364	0.0011964985980586456	1736674
9	s__Pseudoalteromonas haloplanktis	0.0849	0.002790734367449973	228
9	s__Pseudodesulfovibrio piezophilus	0.1456	0.0047859943922345825	879567
9	s__Pseudovibrio sp000156235	0.0087	0.0002859763132722587	911045
9	s__Psychrobacter glaciei	0.0364	0.0011964985980586456	1112209
9	s__Psychrobacter sp000586415	0.643	0.02113595050966234	1298608
9	s__Psychroflexus torquis	0.0607	0.0019952600247846097	57029
9	s__Psychromonas ingrahamii	0.0485	0.0015942357693913274	357794
9	s__Psychromonas sp000153405	0.0364	0.0011964985980586456	314282
9	s__Pusillimonas_C sp000209655	0.0728	0.0023929971961172912	1007105
9	s__Pyrobaculum aerophilum	0.0364	0.0011964985980586456	13773
9	s__Pyrococcus abyssi	0.0485	0.0015942357693913274	29292
9	s__Pyrococcus furiosus	0.0121	0.00039773717133268166	2261
9	s__Pyrococcus horikoshii	0.0121	0.00039773717133268166	53953
9	s__Pyrococcus sp000211475	0.1213	0.003987232965508619	342949
9	s__Pyrococcus sp000263735	0.0121	0.00039773717133268166	1183377
9	s__Pyrococcus yayanosii	0.0121	0.00039773717133268166	1008460
9	s__RCC307 sp000063525	0.0364	0.0011964985980586456	316278
9	s__Rhodobacter xanthinilyticus	0.005	0.00016435420303003375	1850250
9	s__Rhodococcoides sp000954115	0.0364	0.0011964985980586456	1564114
9	s__Rhodoferax ferrireducens	0.0121	0.00039773717133268166	192843
9	s__Rhodothermus marinus	0.0607	0.0019952600247846097	29549
9	s__Rhodovulum sulfidophilum	0.0364	0.0011964985980586456	35806
9	s__Robiginitalea biformata	0.0121	0.00039773717133268166	252307
9	s__Roseibacterium elongatum	0.1065	0.0035007445245397186	159346
9	s__Roseobacter denitrificans	0.0364	0.0011964985980586456	2434
9	s__Roseobacter litoralis	0.0243	0.000798761426725964	42443
9	s__Saccharophagus degradans	0.0243	0.000798761426725964	86304
9	s__Salinispira pacifica	0.0121	0.00039773717133268166	1307761
9	s__Salipiger sp001687105	0.0243	0.000798761426725964	1792508
9	s__Saprospira grandis	0.0728	0.0023929971961172912	1008
9	s__Sedimenticola thiotaurini	0.0243	0.000798761426725964	1543721
9	s__Shewanella baltica	0.8977	0.02950815361201226	62322
9	s__Shewanella halifaxensis	0.0728	0.0023929971961172912	271098
9	s__Shewanella loihica	0.0121	0.00039773717133268166	359303
9	s__Shewanella piezotolerans	0.0728	0.0023929971961172912	404011
9	s__Shewanella sediminis	0.0121	0.00039773717133268166	271097
9	s__Shewanella sp029835735	0.7036	0.023127923450386348	94122
9	s__Shewanella woodyi	0.0971	0.0031917586228432555	60961
9	s__Siansivirga zeaxanthinifaciens	0.0261	0.0008579289398167761	762954
9	s__Spiribacter curvatus	2.3293	0.07656604902357152	1335757
9	s__Spiribacter salinus	0.8492	0.027913917842620928	1335746
9	s__Staphylococcus warneri	0.5581	0.018345216142212368	1292
9	s__Staphylothermus marinus	0.0364	0.0011964985980586456	2280
9	s__Stappia sp900105595	0.0121	0.00039773717133268166	1881061
9	s__Streptococcus agalactiae	0.0121	0.00039773717133268166	1311
9	s__Streptococcus iniae	0.0971	0.0031917586228432555	1346
9	s__Streptococcus parauberis	0.0121	0.00039773717133268166	1348
9	s__Sulfitobacter alexandrii	0.0364	0.0011964985980586456	1917485
9	s__Sulfurimonas denitrificans	0.0485	0.0015942357693913274	39766
9	s__Sulfurovum sp000010345	0.5338	0.017546454715486402	387093
9	s__Synechococcus_C sp000063505	0.0364	0.0011964985980586456	32051
9	s__Syntrophotalea acetylenica	1.9202	0.06311858813165415	29542
9	s__Syntrophotalea carbinolica	0.1058	0.0034777349361155142	19
9	s__Teredinibacter turnerae	0.0485	0.0015942357693913274	2426
9	s__Thalassolituus oleivorans	0.3632	0.011938689308101652	187493
9	s__Thalassoporum mexicanum	0.0121	0.00039773717133268166	82654
9	s__Thermaerobacter marianensis	0.0243	0.000798761426725964	73919
9	s__Thermoclostridium stercorarium	0.0121	0.00039773717133268166	1510
9	s__Thermococcus eurythermalis	0.0121	0.00039773717133268166	1505907
9	s__Thermococcus gammatolerans	0.0243	0.000798761426725964	187878
9	s__Thermococcus sp000221185	0.0243	0.000798761426725964	1042877
9	s__Thermococcus_B barophilus	0.0243	0.000798761426725964	55802
9	s__Thermodesulfatator indicus	0.0121	0.00039773717133268166	171695
9	s__Thermosipho melanesiensis	0.0121	0.00039773717133268166	46541
9	s__Thermotoga maritima	0.0728	0.0023929971961172912	126740,2336
9	s__Thermovibrio ammonificans	0.0243	0.000798761426725964	228745
9	s__Thermovirga lienii	0.0485	0.0015942357693913274	336261
9	s__Thioflavicoccus mobilis	0.279	0.009170964529075884	80679
9	s__Thiolapillus brandeum	0.0849	0.002790734367449973	1076588
9	s__Tistrella mobilis	0.052	0.0017092837115123508	171437
9	s__Trichodesmium erythraeum	0.0485	0.0015942357693913274	1206
9	s__UJ101 sp001880285	0.0728	0.0023929971961172912	1150389
9	s__Vibrio alginolyticus	0.0607	0.0019952600247846097	663
9	s__Vibrio anguillarum	0.3397	0.011166224553860493	55601
9	s__Vibrio cholerae	0.0971	0.0031917586228432555	666
9	s__Vibrio coralliilyticus	0.3518	0.011563961725193174	190893
9	s__Vibrio furnissii	0.0121	0.00039773717133268166	29494
9	s__Vibrio natriegens	0.0121	0.00039773717133268166	1116375
9	s__Vibrio nigripulchritudo	0.0121	0.00039773717133268166	28173
9	s__Vibrio scophthalmi	0.0849	0.002790734367449973	45658
9	s__Vibrio tasmaniensis	0.0243	0.000798761426725964	212663
9	s__Vibrio tubiashii	0.1698	0.005581468734899946	29498
9	s__Vibrio vulnificus	0.0243	0.000798761426725964	672
9	s__Vreelandella titanicae	0.0827	0.002718418518116758	1380358
9	s__Weissella ceti	0.0121	0.00039773717133268166	759620
9	s__Wenyingzhuangia fucanilytica	0.2264	0.007441958313199927	1790137
9	s__Xianfuyuplasma sp000755705	0.1213	0.003987232965508619	1541959
9	s__Yersinia ruckeri	0.0121	0.00039773717133268166	29486
9	s__Zunongwangia profunda	0.0485	0.0015942357693913274	398743
