genome_id	abundance	source_taxid	source_accession	source_basename	source_lookup_key	mapping_method	metadata_accession	metadata_domain	metadata_genbank_accession	ncbi_taxid_metadata	ncbi_species_taxid_metadata	ncbi_species_metadata	ncbi_organism_name_metadata	gtdb_species	gtdb_taxonomy	tar_path	local_path
197644.1	0.994269803799	29524	GCF_900167105.1	GCF_900167105.1_IMG-taxon_2582581320_annotated_assembly.fa	GCF_900167105.1	exact_accession	RS_GCF_900167105.1	bac120	GCA_900167105.1	29524	29524	Porphyromonas circumdentaria	Porphyromonas circumdentaria	s__Porphyromonas circumdentaria	d__Bacteria;p__Bacteroidota;c__Bacteroidia;o__Bacteroidales;f__Porphyromonadaceae;g__Porphyromonas;s__Porphyromonas circumdentaria	source_genomes/GCF_900167105.1_IMG-taxon_2582581320_annotated_assembly.fa	
197644.0	0.00573019620089	837	GCF_900157245.1	GCF_900157245.1_15-9.fa	GCF_900157245.1	exact_accession	RS_GCF_900157245.1	bac120	GCA_900157245.1	837	837	Porphyromonas gingivalis	Porphyromonas gingivalis	s__Porphyromonas gingivalis	d__Bacteria;p__Bacteroidota;c__Bacteroidia;o__Bacteroidales;f__Porphyromonadaceae;g__Porphyromonas;s__Porphyromonas gingivalis	source_genomes/GCF_900157245.1_15-9.fa	
272953.0	4.0	1226322	GCF_000469425.1	GCF_000469425.1_ASM46942v1.fa	GCF_000469425.1	exact_accession	RS_GCF_000469425.1	bac120	GCA_000469425.1	1226322	1226322	Oscillibacter sp. KLE 1728	Oscillibacter sp. KLE 1728	s__Oscillibacter welbionis	d__Bacteria;p__Bacillota;c__Clostridia;o__Oscillospirales;f__Oscillospiraceae;g__Oscillibacter;s__Oscillibacter welbionis	source_genomes/GCF_000469425.1_ASM46942v1.fa	
172640.0	0.357289863382	1855375	GCF_900106615.1	GCF_900106615.1_IMG-taxon_2651870364_annotated_assembly.fa	900106615.1	unique_assembly_core	GB_GCA_900106615.1	bac120	GCA_900106615.1	1855375	1855375	Lachnospiraceae bacterium KHCPX20	Lachnospiraceae bacterium KHCPX20	s__Weimeria sp900100095	d__Bacteria;p__Bacillota;c__Clostridia;o__Lachnospirales;f__Lachnospiraceae;g__Weimeria;s__Weimeria sp900100095	source_genomes/GCF_900106615.1_IMG-taxon_2651870364_annotated_assembly.fa	
172640.1	2.64271013662	1121114	GCF_000373885.1	GCF_000373885.1_ASM37388v1.fa	GCF_000373885.1	exact_accession	RS_GCF_000373885.1	bac120	GCA_000373885.1	1121114	33035	Blautia producta	Blautia producta ATCC 27340 = DSM 2950	s__Blautia producta	d__Bacteria;p__Bacillota;c__Clostridia;o__Lachnospirales;f__Lachnospiraceae;g__Blautia;s__Blautia producta	source_genomes/GCF_000373885.1_ASM37388v1.fa	
4476780.0	22.0	1780376	GCF_900021155.1	GCF_900021155.1_CHCKI003.fa	GCF_900021155.1	exact_accession	RS_GCF_900021155.1	bac120	GCA_900021155.1	1780376	1780376	Alistipes sp. CHKCI003	Alistipes sp. CHKCI003	s__Alistipes excrementavium	d__Bacteria;p__Bacteroidota;c__Bacteroidia;o__Bacteroidales;f__Rikenellaceae;g__Alistipes;s__Alistipes excrementavium	source_genomes/GCF_900021155.1_CHCKI003.fa	
denovo12305.0	1.0	1122988	GCF_000379965.1	GCF_000379965.1_ASM37996v1.fa	GCF_000379965.1	exact_accession	RS_GCF_000379965.1	bac120	GCA_000379965.1	1122988	425941	Hoylesella nanceiensis	Hoylesella nanceiensis DSM 19126 = JCM 15639	s__Prevotella nanceiensis	d__Bacteria;p__Bacteroidota;c__Bacteroidia;o__Bacteroidales;f__Bacteroidaceae;g__Prevotella;s__Prevotella nanceiensis	source_genomes/GCF_000379965.1_ASM37996v1.fa	
4464113.0	0.178725994091	999403	GCF_000371605.1	GCF_000371605.1_Clos_clos_90A1_V1.fa	GCF_000371605.1	exact_accession	RS_GCF_000371605.1	bac120	GCA_000371605.1	999403	1531	Enterocloster clostridioformis	[Clostridium] clostridioforme 90A1	s__Enterocloster clostridioformis	d__Bacteria;p__Bacillota;c__Clostridia;o__Lachnospirales;f__Lachnospiraceae;g__Enterocloster;s__Enterocloster clostridioformis	source_genomes/GCF_000371605.1_Clos_clos_90A1_V1.fa	
4464113.1	1.82127400591	1408431	GCF_000621465.1	GCF_000621465.1_ASM62146v1.fa	GCF_000621465.1	exact_accession	RS_GCF_000621465.1	bac120	GCA_000621465.1	1408431	43305	Butyrivibrio proteoclasticus	Butyrivibrio proteoclasticus FD2007	s__Butyrivibrio proteoclasticus	d__Bacteria;p__Bacillota;c__Clostridia;o__Lachnospirales;f__Lachnospiraceae;g__Butyrivibrio;s__Butyrivibrio proteoclasticus	source_genomes/GCF_000621465.1_ASM62146v1.fa	
303652.0	3.0	1313	GCF_001115565.1	GCF_001115565.1_6259_7_5.fa	GCF_001115565.1	exact_accession	RS_GCF_001115565.1	bac120	GCA_001115565.1	1313	1313	Streptococcus pneumoniae	Streptococcus pneumoniae	s__Streptococcus pneumoniae	d__Bacteria;p__Bacillota;c__Bacilli;o__Lactobacillales;f__Streptococcaceae;g__Streptococcus;s__Streptococcus pneumoniae	source_genomes/GCF_001115565.1_6259_7_5.fa	
4474255.0	1.0	762966	GCF_000205025.1	GCF_000205025.1_ASM20502v1.fa	GCF_000205025.1	exact_accession	RS_GCF_000205025.1	bac120	GCA_000205025.1	762966	487175	Parasutterella excrementihominis	Parasutterella excrementihominis YIT 11859	s__Parasutterella excrementihominis	d__Bacteria;p__Pseudomonadota;c__Gammaproteobacteria;o__Burkholderiales;f__Burkholderiaceae_F;g__Parasutterella;s__Parasutterella excrementihominis	source_genomes/GCF_000205025.1_ASM20502v1.fa	
4378740.0	1450.4585055	999422	GCF_000243015.1	GCF_000243015.1_Prev_macu_OT_289_V1.fa	GCF_000243015.1	exact_accession	RS_GCF_000243015.1	bac120	GCA_000243015.1	999422	439703	Segatella maculosa	Segatella maculosa OT 289	s__Prevotella maculosa	d__Bacteria;p__Bacteroidota;c__Bacteroidia;o__Bacteroidales;f__Bacteroidaceae;g__Prevotella;s__Prevotella maculosa	source_genomes/GCF_000243015.1_Prev_macu_OT_289_V1.fa	
4378740.1	469.541494498	873513	GCF_000184945.1	GCF_000184945.1_ASM18494v1.fa	GCF_000184945.1	exact_accession	RS_GCF_000184945.1	bac120	GCA_000184945.1	873513	28126	Segatella buccae	Segatella buccae ATCC 33574	s__Prevotella buccae	d__Bacteria;p__Bacteroidota;c__Bacteroidia;o__Bacteroidales;f__Bacteroidaceae;g__Prevotella;s__Prevotella buccae	source_genomes/GCF_000184945.1_ASM18494v1.fa	
1992.0	20.0	1379690	GCF_900095495.1	GCF_900095495.1_B_ovatus_V975.fa	GCF_900095495.1	exact_accession	RS_GCF_900095495.1	bac120	GCA_900095495.1	1379690	28116	Bacteroides ovatus	Bacteroides ovatus V975	s__Bacteroides ovatus	d__Bacteria;p__Bacteroidota;c__Bacteroidia;o__Bacteroidales;f__Bacteroidaceae;g__Bacteroides;s__Bacteroides ovatus	source_genomes/GCF_900095495.1_B_ovatus_V975.fa	
denovo9909.0	32.0	1410666	GCF_000621825.1	GCF_000621825.1_ASM62182v1.fa	GCF_000621825.1	exact_accession	RS_GCF_000621825.1	bac120	GCA_000621825.1	1410666	83231	Xylanibacter brevis	Xylanibacter brevis P6B11	s__Prevotella brevis	d__Bacteria;p__Bacteroidota;c__Bacteroidia;o__Bacteroidales;f__Bacteroidaceae;g__Prevotella;s__Prevotella brevis	source_genomes/GCF_000621825.1_ASM62182v1.fa	
denovo9569.0	1.0	1686296	GCF_001403595.1	GCF_001403595.1_Gabonia_massiliensis.fa	GCF_001403595.1	exact_accession	RS_GCF_001403595.1	bac120	GCA_001403595.1	1686296	1686296	Gabonia massiliensis	Gabonia massiliensis	s__Coprobacter secundus	d__Bacteria;p__Bacteroidota;c__Bacteroidia;o__Bacteroidales;f__Coprobacteraceae;g__Coprobacter;s__Coprobacter secundus	source_genomes/GCF_001403595.1_Gabonia_massiliensis.fa	
146564.0	0.434108948413	572545	GCF_001692755.1	GCF_001692755.1_ASM169275v1.fa	GCF_001692755.1	exact_accession	RS_GCF_001692755.1	bac120	GCA_001692755.1	572545	1515	Acetivibrio thermocellus	Acetivibrio thermocellus DSM 2360	s__Hungateiclostridium thermocellum	d__Bacteria;p__Bacillota;c__Clostridia;o__Acetivibrionales;f__Acetivibrionaceae;g__Hungateiclostridium;s__Hungateiclostridium thermocellum	source_genomes/GCF_001692755.1_ASM169275v1.fa	
146564.1	2.56589105159	1796620	GCF_002201475.1	GCF_002201475.1_ASM220147v1.fa	GCF_002201475.1	exact_accession	RS_GCF_002201475.1	bac120	GCA_002201475.1	1796620	1796620	Acutalibacter muris	Acutalibacter muris	s__Acutalibacter muris	d__Bacteria;p__Bacillota;c__Clostridia;o__Oscillospirales;f__Acutalibacteraceae;g__Acutalibacter;s__Acutalibacter muris	source_genomes/GCF_002201475.1_ASM220147v1.fa	
174573.0	121.0	1739394	GCF_001808555.1	GCF_001808555.1_ASM180855v1.fa	GCF_001808555.1	exact_accession	RS_GCF_001808555.1	bac120	GCA_001808555.1	1739394	1739394	Porphyromonas sp. HMSC065F10	Porphyromonas sp. HMSC065F10	s__Porphyromonas_A sp001808555	d__Bacteria;p__Bacteroidota;c__Bacteroidia;o__Bacteroidales;f__Porphyromonadaceae;g__Porphyromonas_A;s__Porphyromonas_A sp001808555	source_genomes/GCF_001808555.1_ASM180855v1.fa	
1135084.1	1.44721016685	1073388	GCF_000297755.1	GCF_000297755.1_Bact_frag_HMW_616_V1.fa	GCF_000297755.1	exact_accession	RS_GCF_000297755.1	bac120	GCA_000297755.1	1073388	817	Bacteroides fragilis	Bacteroides fragilis HMW 616	s__Bacteroides hominis	d__Bacteria;p__Bacteroidota;c__Bacteroidia;o__Bacteroidales;f__Bacteroidaceae;g__Bacteroides;s__Bacteroides hominis	source_genomes/GCF_000297755.1_Bact_frag_HMW_616_V1.fa	
denovo4399.0	5.0	457424	GCF_000157015.1	GCF_000157015.1_ASM15701v1.fa	GCF_000157015.1	exact_accession	RS_GCF_000157015.1	bac120	GCA_000157015.1	457424	817	Bacteroides fragilis	Bacteroides fragilis 3_1_12	s__Bacteroides hominis	d__Bacteria;p__Bacteroidota;c__Bacteroidia;o__Bacteroidales;f__Bacteroidaceae;g__Bacteroides;s__Bacteroides hominis	source_genomes/GCF_000157015.1_ASM15701v1.fa	
denovo6432.0	1.0	880074	GCF_000512915.1	GCF_000512915.1_ASM51291v1.fa	GCF_000512915.1	exact_accession	RS_GCF_000512915.1	bac120	GCA_000512915.1	880074	397865	Barnesiella viscericola	Barnesiella viscericola DSM 18177	s__Barnesiella viscericola	d__Bacteria;p__Bacteroidota;c__Bacteroidia;o__Bacteroidales;f__Barnesiellaceae;g__Barnesiella;s__Barnesiella viscericola	source_genomes/GCF_000512915.1_ASM51291v1.fa	
194490.0	5.0	1203611	GCF_000374505.1	GCF_000374505.1_ASM37450v1.fa	GCF_000374505.1	exact_accession	RS_GCF_000374505.1	bac120	GCA_000374505.1	1203611	328813	Alistipes onderdonkii	Alistipes onderdonkii WAL 8169 = DSM 19147	s__Alistipes onderdonkii	d__Bacteria;p__Bacteroidota;c__Bacteroidia;o__Bacteroidales;f__Rikenellaceae;g__Alistipes;s__Alistipes onderdonkii	source_genomes/GCF_000374505.1_ASM37450v1.fa	
denovo5712.0	2.0	709991	GCF_000190535.1	GCF_000190535.1_ASM19053v1.fa	GCF_000190535.1	exact_accession	RS_GCF_000190535.1	bac120	GCA_000190535.1	709991	28118	Odoribacter splanchnicus	Odoribacter splanchnicus DSM 20712	s__Odoribacter splanchnicus	d__Bacteria;p__Bacteroidota;c__Bacteroidia;o__Bacteroidales;f__Marinifilaceae;g__Odoribacter;s__Odoribacter splanchnicus	source_genomes/GCF_000190535.1_ASM19053v1.fa	
3016478.0	5.0	665956	GCF_000238635.1	GCF_000238635.1_Subdol_sp_4_3_54A2FAA_V1.fa	000238635.1	unique_assembly_core	GB_GCA_000238635.1	bac120	GCA_000238635.1	665956	665956	Subdoligranulum sp. 4_3_54A2FAA	Subdoligranulum sp. 4_3_54A2FAA	s__Ruthenibacterium lactatiformans	d__Bacteria;p__Bacillota;c__Clostridia;o__Oscillospirales;f__Ruminococcaceae;g__Ruthenibacterium;s__Ruthenibacterium lactatiformans	source_genomes/GCF_000238635.1_Subdol_sp_4_3_54A2FAA_V1.fa	
179513.0	1.0	28112	GCF_900096735.1	GCF_900096735.1_TFUB20.fa	GCF_900096735.1	exact_accession	RS_GCF_900096735.1	bac120	GCA_900096735.1	28112	28112	Tannerella forsythia	Tannerella forsythia	s__Tannerella forsythia	d__Bacteria;p__Bacteroidota;c__Bacteroidia;o__Bacteroidales;f__Tannerellaceae;g__Tannerella;s__Tannerella forsythia	source_genomes/GCF_900096735.1_TFUB20.fa	
827592.0	1.52402994913	720554	GCF_000237085.1	GCF_000237085.1_ASM23708v1.fa	GCF_000237085.1	exact_accession	RS_GCF_000237085.1	bac120	GCA_000237085.1	720554	288965	Acetivibrio clariflavus	Acetivibrio clariflavus DSM 19732	s__Acetivibrio clariflavus	d__Bacteria;p__Bacillota;c__Clostridia;o__Acetivibrionales;f__Acetivibrionaceae;g__Acetivibrio;s__Acetivibrio clariflavus	source_genomes/GCF_000237085.1_ASM23708v1.fa	
275984.0	5.0	575593	GCF_000209465.1	GCF_000209465.1_Lach_bact_F0167_V1.fa	000209465.1	unique_assembly_core	GB_GCA_000209465.1	bac120	GCA_000209465.1	575593	712991	Lachnospiraceae oral taxon 107 str. F0167	Lachnospiraceae oral taxon 107 str. F0167	s__Lachnoanaerobaculum sp000209465	d__Bacteria;p__Bacillota;c__Clostridia;o__Lachnospirales;f__Lachnospiraceae;g__Lachnoanaerobaculum;s__Lachnoanaerobaculum sp000209465	source_genomes/GCF_000209465.1_Lach_bact_F0167_V1.fa	
3327894.1	1.91307914921	246787	GCF_001535595.1	GCF_001535595.1_ASM153559v1.fa	GCF_001535595.1	exact_accession	RS_GCF_001535595.1	bac120	GCA_001535595.1	246787	246787	Bacteroides cellulosilyticus	Bacteroides cellulosilyticus	s__Bacteroides cellulosilyticus	d__Bacteria;p__Bacteroidota;c__Bacteroidia;o__Bacteroidales;f__Bacteroidaceae;g__Bacteroides;s__Bacteroides cellulosilyticus	source_genomes/GCF_001535595.1_ASM153559v1.fa	
denovo9225.0	5.0	658081	GCF_000218445.1	GCF_000218445.1_Lach_bact_1_1_57FAA_V1.fa	000218445.1	unique_assembly_core	GB_GCA_000218445.1	bac120	GCA_000218445.1	658081	658081	Lachnospiraceae bacterium 1_1_57FAA	Lachnospiraceae bacterium 1_1_57FAA	s__Mediterraneibacter torques	d__Bacteria;p__Bacillota;c__Clostridia;o__Lachnospirales;f__Lachnospiraceae;g__Mediterraneibacter;s__Mediterraneibacter torques	source_genomes/GCF_000218445.1_Lach_bact_1_1_57FAA_V1.fa	
3141094.0	1.0	28116	GCF_900100465.1	GCF_900100465.1_IMG-taxon_2654588146_annotated_assembly.fa	GCF_900100465.1	exact_accession	RS_GCF_900100465.1	bac120	GCA_900100465.1	28116	28116	Bacteroides ovatus	Bacteroides ovatus	s__Bacteroides sp019412865	d__Bacteria;p__Bacteroidota;c__Bacteroidia;o__Bacteroidales;f__Bacteroidaceae;g__Bacteroides;s__Bacteroides sp019412865	source_genomes/GCF_900100465.1_IMG-taxon_2654588146_annotated_assembly.fa	
339549.0	1.40727867812	837	GCF_900157255.1	GCF_900157255.1_ATCC49417.fa	GCF_900157255.1	exact_accession	RS_GCF_900157255.1	bac120	GCA_900157255.1	837	837	Porphyromonas gingivalis	Porphyromonas gingivalis	s__Porphyromonas gingivalis	d__Bacteria;p__Bacteroidota;c__Bacteroidia;o__Bacteroidales;f__Porphyromonadaceae;g__Porphyromonas;s__Porphyromonas gingivalis	source_genomes/GCF_900157255.1_ATCC49417.fa	
169845.0	46.0	397288	GCF_000403255.1	GCF_000403255.1_Lach_bact_3-1_V1.fa	GCF_000403255.1	unmapped										source_genomes/GCF_000403255.1_Lach_bact_3-1_V1.fa	
denovo10472.0	1.0	1841855	GCF_900155865.1	GCF_900155865.1_PRJEB18812.fa	GCF_900155865.1	exact_accession	RS_GCF_900155865.1	bac120	GCA_900155865.1	1841855	1841855	Bacteroides bouchesdurhonensis	Bacteroides bouchesdurhonensis	s__Bacteroides bouchesdurhonensis	d__Bacteria;p__Bacteroidota;c__Bacteroidia;o__Bacteroidales;f__Bacteroidaceae;g__Bacteroides;s__Bacteroides bouchesdurhonensis	source_genomes/GCF_900155865.1_PRJEB18812.fa	
437137.0	9.0	1852381	GCF_900128485.1	GCF_900128485.1_PRJEB18048.fa	GCF_900128485.1	exact_accession	RS_GCF_900128485.1	bac120	GCA_900128485.1	1852381	1852381	Duodenibacillus massiliensis	Duodenibacillus massiliensis	s__Duodenibacillus massiliensis	d__Bacteria;p__Pseudomonadota;c__Gammaproteobacteria;o__Burkholderiales;f__Burkholderiaceae_F;g__Duodenibacillus;s__Duodenibacillus massiliensis	source_genomes/GCF_900128485.1_PRJEB18048.fa	
4444771.0	0.949180549819	457422	GCF_000225685.1	GCF_000225685.1_Erys_bact_2_2_44A_V1.fa	000225685.1	unique_assembly_core	GB_GCA_000225685.1	bac120	GCA_000225685.1	457422	457422	Erysipelotrichaceae bacterium 2_2_44A	Erysipelotrichaceae bacterium 2_2_44A	s__Clostridium_AQ innocuum	d__Bacteria;p__Bacillota_I;c__Bacilli_A;o__Erysipelotrichales;f__Erysipelotrichaceae;g__Clostridium_AQ;s__Clostridium_AQ innocuum	source_genomes/GCF_000225685.1_Erys_bact_2_2_44A_V1.fa	
136604.0	1.0	1280700	GCF_000424425.1	GCF_000424425.1_ASM42442v1.fa	GCF_000424425.1	exact_accession	RS_GCF_000424425.1	bac120	GCA_000424425.1	1280700	831	Butyrivibrio fibrisolvens	Butyrivibrio fibrisolvens FE2007	s__Butyrivibrio fibrisolvens_C	d__Bacteria;p__Bacillota;c__Clostridia;o__Lachnospirales;f__Lachnospiraceae;g__Butyrivibrio;s__Butyrivibrio fibrisolvens_C	source_genomes/GCF_000424425.1_ASM42442v1.fa	
4440624.0	3.0	1280688	GCF_000424005.1	GCF_000424005.1_ASM42400v1.fa	GCF_000424005.1	exact_accession	RS_GCF_000424005.1	bac120	GCA_000424005.1	1280688	46206	Pseudobutyrivibrio ruminis	Pseudobutyrivibrio ruminis CF1b	s__Pseudobutyrivibrio ruminis_C	d__Bacteria;p__Bacillota;c__Clostridia;o__Lachnospirales;f__Lachnospiraceae;g__Pseudobutyrivibrio;s__Pseudobutyrivibrio ruminis_C	source_genomes/GCF_000424005.1_ASM42400v1.fa	
1571092.0	26.0	1123059	GCF_000365025.1	GCF_000365025.1_ASM36502v1.fa	GCF_000365025.1	exact_accession	RS_GCF_000365025.1	bac120	GCA_000365025.1	1123059	437507	Robiginitomaculum antarcticum	Robiginitomaculum antarcticum DSM 21748	s__Robiginitomaculum antarcticum	d__Bacteria;p__Pseudomonadota;c__Alphaproteobacteria;o__Caulobacterales;f__Maricaulaceae;g__Robiginitomaculum;s__Robiginitomaculum antarcticum	source_genomes/GCF_000365025.1_ASM36502v1.fa	
264359.1	0.77418124845	877406	GCF_900107575.1	GCF_900107575.1_IMG-taxon_2593339166_annotated_assembly.fa	900107575.1	unique_assembly_core	GB_GCA_900107575.1	bac120	GCA_900107575.1	877406	877406	Lachnospiraceae bacterium NK3A20	Lachnospiraceae bacterium NK3A20	s__CAG-791 sp900107575	d__Bacteria;p__Bacillota;c__Clostridia;o__Lachnospirales;f__Lachnospiraceae;g__CAG-791;s__CAG-791 sp900107575	source_genomes/GCF_900107575.1_IMG-taxon_2593339166_annotated_assembly.fa	
264359.0	0.22581875155	1805476	GCF_900078295.2	GCF_900078295.2_PRJEB13136.fa	GCF_900078295.2	exact_accession	RS_GCF_900078295.2	bac120	GCA_900078295.2	1805476	1805476	Blautia sp. Marseille-P2398	Blautia sp. Marseille-P2398	s__Blautia_A wexlerae	d__Bacteria;p__Bacillota;c__Clostridia;o__Lachnospirales;f__Lachnospiraceae;g__Blautia_A;s__Blautia_A wexlerae	source_genomes/GCF_900078295.2_PRJEB13136.fa	
263992.1	3.28177820029	1408311	GCF_000701645.1	GCF_000701645.1_ASM70164v1.fa	GCF_000701645.1	exact_accession	RS_GCF_000701645.1	bac120	GCA_000701645.1	1408311	1408311	Oribacterium sp. FC2011	Oribacterium sp. FC2011	s__Oribacterium sp900107835	d__Bacteria;p__Bacillota;c__Clostridia;o__Lachnospirales;f__Lachnospiraceae;g__Oribacterium;s__Oribacterium sp900107835	source_genomes/GCF_000701645.1_ASM70164v1.fa	
263992.0	0.71822179971	999408	GCF_000371505.1	GCF_000371505.1_Clos_clos_90A8_V1.fa	GCF_000371505.1	exact_accession	RS_GCF_000371505.1	bac120	GCA_000371505.1	999408	1531	Enterocloster clostridioformis	[Clostridium] clostridioforme 90A8	s__Enterocloster clostridioformis	d__Bacteria;p__Bacillota;c__Clostridia;o__Lachnospirales;f__Lachnospiraceae;g__Enterocloster;s__Enterocloster clostridioformis	source_genomes/GCF_000371505.1_Clos_clos_90A8_V1.fa	
185483.0	1.0	658085	GCF_000218425.1	GCF_000218425.1_Lach_bact_5_1_57FAA.fa	000218425.1	unique_assembly_core	GB_GCA_000218425.1	bac120	GCA_000218425.1	658085	658085	Lachnospiraceae bacterium 5_1_57FAA	Lachnospiraceae bacterium 5_1_57FAA	s__Clostridium_AP scindens	d__Bacteria;p__Bacillota;c__Clostridia;o__Lachnospirales;f__Lachnospiraceae;g__Clostridium_AP;s__Clostridium_AP scindens	source_genomes/GCF_000218425.1_Lach_bact_5_1_57FAA.fa	
162639.0	5.0	1588749	GCF_001553165.1	GCF_001553165.1_ASM155316v1.fa	001553165.1	unique_assembly_core	GB_GCA_001553165.1	bac120	GCA_001553165.1	1588749	1588749	Porphyromonadaceae bacterium KA00676	Porphyromonadaceae bacterium KA00676	s__Porphyromonas pasteri	d__Bacteria;p__Bacteroidota;c__Bacteroidia;o__Bacteroidales;f__Porphyromonadaceae;g__Porphyromonas;s__Porphyromonas pasteri	source_genomes/GCF_001553165.1_ASM155316v1.fa	
179838.0	3.0	457388	GCF_000157035.2	GCF_000157035.2_Bacteroides_sp_2_1_7_V2.fa	GCF_000157035.2	exact_accession	RS_GCF_000157035.2	bac120	GCA_000157035.2	457388	457388	Parabacteroides sp. 2_1_7	Parabacteroides sp. 2_1_7	s__Parabacteroides distasonis	d__Bacteria;p__Bacteroidota;c__Bacteroidia;o__Bacteroidales;f__Tannerellaceae;g__Parabacteroides;s__Parabacteroides distasonis	source_genomes/GCF_000157035.2_Bacteroides_sp_2_1_7_V2.fa	
denovo9553.0	1.0	1130080	GCF_900109085.1	GCF_900109085.1_IMG-taxon_2616644817_annotated_assembly.fa	GCF_900109085.1	exact_accession	RS_GCF_900109085.1	bac120	GCA_900109085.1	1130080	1130080	Alkalibacterium gilvum	Alkalibacterium gilvum	s__Alkalibacterium gilvum	d__Bacteria;p__Bacillota;c__Bacilli;o__Lactobacillales;f__Carnobacteriaceae_A;g__Alkalibacterium;s__Alkalibacterium gilvum	source_genomes/GCF_900109085.1_IMG-taxon_2616644817_annotated_assembly.fa	
denovo10694.0	1.0	626522	GCF_000159995.1	GCF_000159995.1_ASM15999v1.fa	GCF_000159995.1	exact_accession	RS_GCF_000159995.1	bac120	GCA_000159995.1	626522	76122	Alloprevotella tannerae	Alloprevotella tannerae ATCC 51259	s__Alloprevotella tannerae	d__Bacteria;p__Bacteroidota;c__Bacteroidia;o__Bacteroidales;f__Bacteroidaceae;g__Alloprevotella;s__Alloprevotella tannerae	source_genomes/GCF_000159995.1_ASM15999v1.fa	
4442899.0	1.0	1526	GCF_900101295.1	GCF_900101295.1_IMG-taxon_2606217764_annotated_assembly.fa	GCF_900101295.1	exact_accession	RS_GCF_900101295.1	bac120	GCA_900101295.1	1526	1526	[Clostridium] aminophilum	[Clostridium] aminophilum	s__Clostridium_R aminophilum_A	d__Bacteria;p__Bacillota;c__Clostridia;o__Lachnospirales;f__Lachnospiraceae;g__Clostridium_R;s__Clostridium_R aminophilum_A	source_genomes/GCF_900101295.1_IMG-taxon_2606217764_annotated_assembly.fa	
318732.1	61.0310296778	999412	GCF_000371445.1	GCF_000371445.1_Clos_hath_12489931_V1.fa	GCF_000371445.1	exact_accession	RS_GCF_000371445.1	bac120	GCA_000371445.1	999412	154046	Hungatella hathewayi	Hungatella hathewayi 12489931	s__Hungatella effluvii	d__Bacteria;p__Bacillota;c__Clostridia;o__Lachnospirales;f__Lachnospiraceae;g__Hungatella;s__Hungatella effluvii	source_genomes/GCF_000371445.1_Clos_hath_12489931_V1.fa	
1931575.0	27.0	999406	GCF_000371545.1	GCF_000371545.1_Clos_clos_90A6_V1.fa	GCF_000371545.1	exact_accession	RS_GCF_000371545.1	bac120	GCA_000371545.1	999406	1531	Enterocloster clostridioformis	[Clostridium] clostridioforme 90A6	s__Enterocloster clostridioformis	d__Bacteria;p__Bacillota;c__Clostridia;o__Lachnospirales;f__Lachnospiraceae;g__Enterocloster;s__Enterocloster clostridioformis	source_genomes/GCF_000371545.1_Clos_clos_90A6_V1.fa	
3265889.0	2.83918341122	1078091	GCF_000411355.1	GCF_000411355.1_Copr_sp_HPP0048_V1.fa	000411355.1	unique_assembly_core	GB_GCA_000411355.1	bac120	GCA_000411355.1	1078091	1078091	Coprococcus sp. HPP0048	Coprococcus sp. HPP0048	s__Faecalimonas umbilicata	d__Bacteria;p__Bacillota;c__Clostridia;o__Lachnospirales;f__Lachnospiraceae;g__Faecalimonas;s__Faecalimonas umbilicata	source_genomes/GCF_000411355.1_Copr_sp_HPP0048_V1.fa	
3265889.1	0.16081658878	411474	GCF_000154425.1	GCF_000154425.1_ASM15442v1.fa	GCF_000154425.1	exact_accession	RS_GCF_000154425.1	bac120	GCA_000154425.1	411474	33043	Coprococcus eutactus	Coprococcus eutactus ATCC 27759	s__Coprococcus eutactus	d__Bacteria;p__Bacillota;c__Clostridia;o__Lachnospirales;f__Lachnospiraceae;g__Coprococcus;s__Coprococcus eutactus	source_genomes/GCF_000154425.1_ASM15442v1.fa	
47365.0	27.0	1033837	GCF_000214785.1	GCF_000214785.1_ASM21478v1.fa	GCF_000214785.1	exact_accession	RS_GCF_000214785.1	bac120	GCA_000214785.1	190905	267818	Lactobacillus kefiranofaciens	Lactobacillus kefiranofaciens subsp. kefiranofaciens	s__Lactobacillus kefiranofaciens	d__Bacteria;p__Bacillota;c__Bacilli;o__Lactobacillales;f__Lactobacillaceae;g__Lactobacillus;s__Lactobacillus kefiranofaciens	source_genomes/GCF_000214785.1_ASM21478v1.fa	
denovo11206.0	22.0	575611	GCF_000162455.1	GCF_000162455.1_ASM16245v1.fa	GCF_000162455.1	exact_accession	RS_GCF_000162455.1	bac120	GCA_000162455.1	575611	28126	Segatella buccae	Segatella buccae D17	s__Prevotella buccae	d__Bacteria;p__Bacteroidota;c__Bacteroidia;o__Bacteroidales;f__Bacteroidaceae;g__Prevotella;s__Prevotella buccae	source_genomes/GCF_000162455.1_ASM16245v1.fa	
190114.0	1.0	1410638	GCF_000621765.1	GCF_000621765.1_ASM62176v1.fa	000621765.1	unique_assembly_core	GB_GCA_000621765.1	bac120	GCA_000621765.1	1410638	1410638	Ruminococcaceae bacterium AB4001	Ruminococcaceae bacterium AB4001	s__Saccharofermentans sp000621765	d__Bacteria;p__Bacillota;c__Clostridia;o__Saccharofermentanales;f__Saccharofermentanaceae;g__Saccharofermentans;s__Saccharofermentans sp000621765	source_genomes/GCF_000621765.1_ASM62176v1.fa	
381666.0	24.0	959	GCF_001592745.1	GCF_001592745.1_ASM159274v1.fa	GCF_001592745.1	exact_accession	RS_GCF_001592745.1	bac120	GCA_001592745.1	959	959	Bdellovibrio bacteriovorus	Bdellovibrio bacteriovorus	s__Bdellovibrio bacteriovorus_B	d__Bacteria;p__Bdellovibrionota;c__Bdellovibrionia;o__Bdellovibrionales;f__Bdellovibrionaceae;g__Bdellovibrio;s__Bdellovibrio bacteriovorus_B	source_genomes/GCF_001592745.1_ASM159274v1.fa	
228140.0	8.0	53442	GCF_900142645.1	GCF_900142645.1_IMG-taxon_2642422560_annotated_assembly.fa	GCF_900142645.1	exact_accession	RS_GCF_900142645.1	bac120	GCA_900142645.1	53442	53442	Eubacterium callanderi	Eubacterium callanderi	s__Eubacterium callanderi	d__Bacteria;p__Bacillota;c__Clostridia;o__Eubacteriales;f__Eubacteriaceae;g__Eubacterium;s__Eubacterium callanderi	source_genomes/GCF_900142645.1_IMG-taxon_2642422560_annotated_assembly.fa	
denovo10305.0	3.0	140314	GCF_900067125.1	GCF_900067125.1_ASM90006712v1.fa	GCF_900067125.1	exact_accession	RS_GCF_900067125.1	bac120	GCA_900067125.1	140314	140314	Trichococcus palustris	Trichococcus palustris	s__Trichococcus palustris	d__Bacteria;p__Bacillota;c__Bacilli;o__Lactobacillales;f__Aerococcaceae;g__Trichococcus;s__Trichococcus palustris	source_genomes/GCF_900067125.1_ASM90006712v1.fa	
170926.0	6.0	1123282	GCF_900130065.1	GCF_900130065.1_IMG-taxon_2585428085_annotated_assembly.fa	GCF_900130065.1	exact_accession	RS_GCF_900130065.1	bac120	GCA_900130065.1	1123282	44749	Sporobacter termitidis	Sporobacter termitidis DSM 10068	s__Sporobacter termitidis	d__Bacteria;p__Bacillota;c__Clostridia;o__Oscillospirales;f__Oscillospiraceae;g__Sporobacter;s__Sporobacter termitidis	source_genomes/GCF_900130065.1_IMG-taxon_2585428085_annotated_assembly.fa	
135956.0	51.0	1582	GCF_001066565.1	GCF_001066565.1_ASM106656v1.fa	GCF_001066565.1	exact_accession	RS_GCF_001066565.1	bac120	GCA_001066565.1	1597	1597	Lacticaseibacillus paracasei	Lacticaseibacillus paracasei	s__Lacticaseibacillus paracasei	d__Bacteria;p__Bacillota;c__Bacilli;o__Lactobacillales;f__Lactobacillaceae;g__Lacticaseibacillus;s__Lacticaseibacillus paracasei	source_genomes/GCF_001066565.1_ASM106656v1.fa	
259846.0	1.0	1855302	GCF_900115355.1	GCF_900115355.1_IMG-taxon_2623620483_annotated_assembly.fa	GCF_900115355.1	exact_accession	RS_GCF_900115355.1	bac120	GCA_900115355.1	1855302	1855302	Pseudobutyrivibrio sp. JW11	Pseudobutyrivibrio sp. JW11	s__Pseudobutyrivibrio ruminis	d__Bacteria;p__Bacillota;c__Clostridia;o__Lachnospirales;f__Lachnospiraceae;g__Pseudobutyrivibrio;s__Pseudobutyrivibrio ruminis	source_genomes/GCF_900115355.1_IMG-taxon_2623620483_annotated_assembly.fa	
denovo4276.0	3.0	1349822	GCF_000473955.1	GCF_000473955.1__oprFasNSB1.fa	GCF_000473955.1	exact_accession	RS_GCF_000473955.1	bac120	GCA_000473955.1	1349822	1099853	Coprobacter fastidiosus	Coprobacter fastidiosus NSB1 = JCM 33896	s__Coprobacter fastidiosus	d__Bacteria;p__Bacteroidota;c__Bacteroidia;o__Bacteroidales;f__Coprobacteraceae;g__Coprobacter;s__Coprobacter fastidiosus	source_genomes/GCF_000473955.1__oprFasNSB1.fa	
162576.0	25.0	518636	GCF_000158075.1	GCF_000158075.1_ASM15807v1.fa	GCF_000158075.1	exact_accession	RS_GCF_000158075.1	bac120	GCA_000158075.1	518636	333367	Enterocloster asparagiformis	[Clostridium] asparagiforme DSM 15981	s__Enterocloster asparagiformis	d__Bacteria;p__Bacillota;c__Clostridia;o__Lachnospirales;f__Lachnospiraceae;g__Enterocloster;s__Enterocloster asparagiformis	source_genomes/GCF_000158075.1_ASM15807v1.fa	
315496.1	0.0699614985515	1280691	GCF_000424085.1	GCF_000424085.1_ASM42408v1.fa	GCF_000424085.1	exact_accession	RS_GCF_000424085.1	bac120	GCA_000424085.1	1280691	418240	Blautia wexlerae	Blautia wexlerae AGR2146	s__Blautia_A wexlerae	d__Bacteria;p__Bacillota;c__Clostridia;o__Lachnospirales;f__Lachnospiraceae;g__Blautia_A;s__Blautia_A wexlerae	source_genomes/GCF_000424085.1_ASM42408v1.fa	
319219.0	5.0	358743	GCF_900115855.1	GCF_900115855.1_IMG-taxon_2623620476_annotated_assembly.fa	GCF_900115855.1	exact_accession	RS_GCF_900115855.1	bac120	GCA_900115855.1	358743	358743	Enterocloster citroniae	Enterocloster citroniae	s__Enterocloster citroniae	d__Bacteria;p__Bacillota;c__Clostridia;o__Lachnospirales;f__Lachnospiraceae;g__Enterocloster;s__Enterocloster citroniae	source_genomes/GCF_900115855.1_IMG-taxon_2623620476_annotated_assembly.fa	
denovo717.1	0.86870544094	1596	GCF_002003555.1	GCF_002003555.1_ASM200355v1.fa	GCF_002003555.1	exact_accession	RS_GCF_002003555.1	bac120	GCA_002003555.1	1596	1596	Lactobacillus gasseri	Lactobacillus gasseri	s__Lactobacillus paragasseri	d__Bacteria;p__Bacillota;c__Bacilli;o__Lactobacillales;f__Lactobacillaceae;g__Lactobacillus;s__Lactobacillus paragasseri	source_genomes/GCF_002003555.1_ASM200355v1.fa	
1678333.0	0.360129442795	1073375	GCF_000507805.1	GCF_000507805.1_Rumi_gnav_CC55_001C_V1.fa	GCF_000507805.1	exact_accession	RS_GCF_000507805.1	bac120	GCA_000507805.1	1073375	33038	Mediterraneibacter gnavus	Mediterraneibacter gnavus CC55_001C	s__Mediterraneibacter gnavus	d__Bacteria;p__Bacillota;c__Clostridia;o__Lachnospirales;f__Lachnospiraceae;g__Mediterraneibacter;s__Mediterraneibacter gnavus	source_genomes/GCF_000507805.1_Rumi_gnav_CC55_001C_V1.fa	
1678333.1	2.63987055721	1280686	GCF_000424585.1	GCF_000424585.1_ASM42458v1.fa	GCF_000424585.1	exact_accession	RS_GCF_000424585.1	bac120	GCA_000424585.1	1280686	1280686	Butyrivibrio sp. MC2013	Butyrivibrio sp. MC2013	s__Butyrivibrio sp000424585	d__Bacteria;p__Bacillota;c__Clostridia;o__Lachnospirales;f__Lachnospiraceae;g__Butyrivibrio;s__Butyrivibrio sp000424585	source_genomes/GCF_000424585.1_ASM42458v1.fa	
184966.0	5.0	1796616	GCF_001689125.2	GCF_001689125.2_ASM168912v2.fa	GCF_001689125.2	exact_accession	RS_GCF_001689125.2	bac120	GCA_001689125.2	1796616	1796616	Blautia pseudococcoides	Blautia pseudococcoides	s__Blautia pseudococcoides	d__Bacteria;p__Bacillota;c__Clostridia;o__Lachnospirales;f__Lachnospiraceae;g__Blautia;s__Blautia pseudococcoides	source_genomes/GCF_001689125.2_ASM168912v2.fa	
180869.0	11.0	1630	GCF_900109215.1	GCF_900109215.1_IMG-taxon_2654588124_annotated_assembly.fa	GCF_900109215.1	exact_accession	RS_GCF_900109215.1	bac120	GCA_900109215.1	1630	1630	Kandleria vitulina	Kandleria vitulina	s__Kandleria vitulina	d__Bacteria;p__Bacillota_I;c__Bacilli_A;o__Erysipelotrichales;f__Coprobacillaceae;g__Kandleria;s__Kandleria vitulina	source_genomes/GCF_900109215.1_IMG-taxon_2654588124_annotated_assembly.fa	
denovo8441.0	1.0	1280694	GCF_000424305.1	GCF_000424305.1_ASM42430v1.fa	GCF_000424305.1	exact_accession	RS_GCF_000424305.1	bac120	GCA_000424305.1	1280694	46206	Pseudobutyrivibrio ruminis	Pseudobutyrivibrio ruminis AD2017	s__Pseudobutyrivibrio ruminis_B	d__Bacteria;p__Bacillota;c__Clostridia;o__Lachnospirales;f__Lachnospiraceae;g__Pseudobutyrivibrio;s__Pseudobutyrivibrio ruminis_B	source_genomes/GCF_000424305.1_ASM42430v1.fa	
262634.0	1.0	51663	GCF_001611075.1	GCF_001611075.1_ASM161107v1.fa	GCF_001611075.1	exact_accession	RS_GCF_001611075.1	bac120	GCA_001611075.1	51663	51663	Pediococcus damnosus	Pediococcus damnosus	s__Pediococcus damnosus	d__Bacteria;p__Bacillota;c__Bacilli;o__Lactobacillales;f__Lactobacillaceae;g__Pediococcus;s__Pediococcus damnosus	source_genomes/GCF_001611075.1_ASM161107v1.fa	
192316.0	10.4399135281	322095	GCF_001553215.1	GCF_001553215.1_ASM155321v1.fa	GCF_001553215.1	exact_accession	RS_GCF_001553215.1	bac120	GCA_001553215.1	322095	322095	Porphyromonas somerae	Porphyromonas somerae	s__Porphyromonas pasteri	d__Bacteria;p__Bacteroidota;c__Bacteroidia;o__Bacteroidales;f__Porphyromonadaceae;g__Porphyromonas;s__Porphyromonas pasteri	source_genomes/GCF_001553215.1_ASM155321v1.fa	
192316.1	3.56008647189	837	GCF_002754115.1	GCF_002754115.1_ASM275411v1.fa	GCF_002754115.1	exact_accession	RS_GCF_002754115.1	bac120	GCA_002754115.1	837	837	Porphyromonas gingivalis	Porphyromonas gingivalis	s__Porphyromonas gingivalis	d__Bacteria;p__Bacteroidota;c__Bacteroidia;o__Bacteroidales;f__Porphyromonadaceae;g__Porphyromonas;s__Porphyromonas gingivalis	source_genomes/GCF_002754115.1_ASM275411v1.fa	
354971.0	2.0	1589	GCF_001188985.1	GCF_001188985.1_ASM118898v1.fa	GCF_001188985.1	exact_accession	RS_GCF_001188985.1	bac120	GCA_001188985.1	1589	1589	Lactiplantibacillus pentosus	Lactiplantibacillus pentosus	s__Lactiplantibacillus pentosus	d__Bacteria;p__Bacillota;c__Bacilli;o__Lactobacillales;f__Lactobacillaceae;g__Lactiplantibacillus;s__Lactiplantibacillus pentosus	source_genomes/GCF_001188985.1_ASM118898v1.fa	
355440.0	2.0	1408306	GCF_000621605.1	GCF_000621605.1_ASM62160v1.fa	GCF_000621605.1	exact_accession	RS_GCF_000621605.1	bac120	GCA_000621605.1	1408306	1408306	Butyrivibrio sp. MC2021	Butyrivibrio sp. MC2021	s__Butyrivibrio sp000621605	d__Bacteria;p__Bacillota;c__Clostridia;o__Lachnospirales;f__Lachnospiraceae;g__Butyrivibrio;s__Butyrivibrio sp000621605	source_genomes/GCF_000621605.1_ASM62160v1.fa	
denovo10808.0	32.0	997353	GCF_000220255.1	GCF_000220255.1_ASM22025v1.fa	GCF_000220255.1	exact_accession	RS_GCF_000220255.1	bac120	GCA_000220255.1	997353	60133	Prevotella pallens	Prevotella pallens ATCC 700821	s__Prevotella pallens	d__Bacteria;p__Bacteroidota;c__Bacteroidia;o__Bacteroidales;f__Bacteroidaceae;g__Prevotella;s__Prevotella pallens	source_genomes/GCF_000220255.1_ASM22025v1.fa	
3957916.0	3.0	1703332	GCF_001414325.1	GCF_001414325.1_ASM141432v1.fa	GCF_001414325.1	exact_accession	RS_GCF_001414325.1	bac120	GCA_001414325.1	1703332	1703332	Butyribacter intestini	Butyribacter intestini	s__Butyribacter intestini	d__Bacteria;p__Bacillota;c__Clostridia;o__Lachnospirales;f__Lachnospiraceae;g__Butyribacter;s__Butyribacter intestini	source_genomes/GCF_001414325.1_ASM141432v1.fa	
3486634.0	3.0	1078089	GCF_000382465.1	GCF_000382465.1_Bact_sp_HPS0048_V1.fa	GCF_000382465.1	exact_accession	RS_GCF_000382465.1	bac120	GCA_000382465.1	1078089	1078089	Bacteroides sp. HPS0048	Bacteroides sp. HPS0048	s__Bacteroides nordii	d__Bacteria;p__Bacteroidota;c__Bacteroidia;o__Bacteroidales;f__Bacteroidaceae;g__Bacteroides;s__Bacteroides nordii	source_genomes/GCF_000382465.1_Bact_sp_HPS0048_V1.fa	
denovo9337.0	2.0	997876	GCF_000273055.1	GCF_000273055.1_Bact_dore_CL02T12C06_V1.fa	GCF_000273055.1	exact_accession	RS_GCF_000273055.1	bac120	GCA_000273055.1	997876	357276	Phocaeicola dorei	Phocaeicola dorei CL02T12C06	s__Phocaeicola dorei	d__Bacteria;p__Bacteroidota;c__Bacteroidia;o__Bacteroidales;f__Bacteroidaceae;g__Phocaeicola;s__Phocaeicola dorei	source_genomes/GCF_000273055.1_Bact_dore_CL02T12C06_V1.fa	
179464.1	1.96484253412	1297564	GCF_002206085.1	GCF_002206085.1_SJD4.fa	GCF_002206085.1	exact_accession	RS_GCF_002206085.1	bac120	GCA_002206085.1	1297564	837	Porphyromonas gingivalis	Porphyromonas gingivalis SJD4	s__Porphyromonas gingivalis	d__Bacteria;p__Bacteroidota;c__Bacteroidia;o__Bacteroidales;f__Porphyromonadaceae;g__Porphyromonas;s__Porphyromonas gingivalis	source_genomes/GCF_002206085.1_SJD4.fa	
179464.0	0.0351574658838	1855396	GCF_900114365.1	GCF_900114365.1_IMG-taxon_2651870357_annotated_assembly.fa	900114365.1	unique_assembly_core	GB_GCA_900114365.1	bac120	GCA_900114365.1	1855396	1855396	Porphyromonadaceae bacterium KH3CP3RA	Porphyromonadaceae bacterium KH3CP3RA	s__Proteiniphilum acetatigenes	d__Bacteria;p__Bacteroidota;c__Bacteroidia;o__Bacteroidales;f__Dysgonomonadaceae;g__Proteiniphilum;s__Proteiniphilum acetatigenes	source_genomes/GCF_900114365.1_IMG-taxon_2651870357_annotated_assembly.fa	
348376.1	7.07660559963	411462	GCF_000154065.1	GCF_000154065.1_ASM15406v1.fa	GCF_000154065.1	exact_accession	RS_GCF_000154065.1	bac120	GCA_000154065.1	411462	88431	Dorea longicatena	Dorea longicatena DSM 13814	s__Dorea_A longicatena	d__Bacteria;p__Bacillota;c__Clostridia;o__Lachnospirales;f__Lachnospiraceae;g__Dorea_A;s__Dorea_A longicatena	source_genomes/GCF_000154065.1_ASM15406v1.fa	
265912.0	1.0	742733	GCF_000233455.1	GCF_000233455.1_Clos_citr_WAL_17108_V1.fa	GCF_000233455.1	exact_accession	RS_GCF_000233455.1	bac120	GCA_000233455.1	742733	358743	Enterocloster citroniae	[Clostridium] citroniae WAL-17108	s__Enterocloster citroniae	d__Bacteria;p__Bacillota;c__Clostridia;o__Lachnospirales;f__Lachnospiraceae;g__Enterocloster;s__Enterocloster citroniae	source_genomes/GCF_000233455.1_Clos_citr_WAL_17108_V1.fa	
336277.0	1.0	500632	GCF_000156035.2	GCF_000156035.2_ASM15603v2.fa	000156035.2	unique_assembly_core	GB_GCA_000156035.2	bac120	GCA_000156035.2	500632	29361	[Clostridium] nexile	[Clostridium] nexile DSM 1787	s__Faecalimonas phoceensis	d__Bacteria;p__Bacillota;c__Clostridia;o__Lachnospirales;f__Lachnospiraceae;g__Faecalimonas;s__Faecalimonas phoceensis	source_genomes/GCF_000156035.2_ASM15603v2.fa	
denovo4266.0	3.0	762982	GCF_000205165.1	GCF_000205165.1_ASM20516v1.fa	GCF_000205165.1	exact_accession	RS_GCF_000205165.1	bac120	GCA_000205165.1	762982	454155	Paraprevotella xylaniphila	Paraprevotella xylaniphila YIT 11841	s__Paraprevotella xylaniphila	d__Bacteria;p__Bacteroidota;c__Bacteroidia;o__Bacteroidales;f__Bacteroidaceae;g__Paraprevotella;s__Paraprevotella xylaniphila	source_genomes/GCF_000205165.1_ASM20516v1.fa	
271602.0	3.0	1527	GCF_900115365.1	GCF_900115365.1_IMG-taxon_2634166351_annotated_assembly.fa	GCF_900115365.1	exact_accession	RS_GCF_900115365.1	bac120	GCA_900115365.1	1527	1527	Anaerocolumna aminovalerica	Anaerocolumna aminovalerica	s__Anaerocolumna aminovalerica	d__Bacteria;p__Bacillota;c__Clostridia;o__Lachnospirales;f__Lachnospiraceae;g__Anaerocolumna;s__Anaerocolumna aminovalerica	source_genomes/GCF_900115365.1_IMG-taxon_2634166351_annotated_assembly.fa	
178546.0	14.0	1227272	GCF_000467855.2	GCF_000467855.2_ASM46785v2.fa	GCF_000467855.2	exact_accession	RS_GCF_000467855.2	bac120	GCA_000467855.2	1227272	712437	Porphyromonas sp. oral taxon 278 str. W7784	Porphyromonas sp. oral taxon 278 str. W7784	s__Porphyromonas sp000467855	d__Bacteria;p__Bacteroidota;c__Bacteroidia;o__Bacteroidales;f__Porphyromonadaceae;g__Porphyromonas;s__Porphyromonas sp000467855	source_genomes/GCF_000467855.2_ASM46785v2.fa	
229455.1	0.359649080254	1346611	GCF_001697285.1	GCF_001697285.1_ASM169728v1.fa	GCF_001697285.1	exact_accession	RS_GCF_001697285.1	bac120	GCA_001697285.1	1346611	1510	Thermoclostridium stercorarium	Thermoclostridium stercorarium subsp. leptospartum DSM 9219	s__Thermoclostridium stercorarium	d__Bacteria;p__Bacillota;c__Clostridia;o__DSM-8532;f__DSM-8532;g__Thermoclostridium;s__Thermoclostridium stercorarium	source_genomes/GCF_001697285.1_ASM169728v1.fa	
229455.0	5.64035091975	394503	GCF_000022065.1	GCF_000022065.1_ASM2206v1.fa	GCF_000022065.1	exact_accession	RS_GCF_000022065.1	bac120	GCA_000022065.1	394503	1521	Ruminiclostridium cellulolyticum	Ruminiclostridium cellulolyticum H10	s__Ruminiclostridium cellulolyticum	d__Bacteria;p__Bacillota;c__Clostridia;o__Acetivibrionales;f__DSM-1351;g__Ruminiclostridium;s__Ruminiclostridium cellulolyticum	source_genomes/GCF_000022065.1_ASM2206v1.fa	
2645488.0	5.0	1121333	GCF_000686665.1	GCF_000686665.1_ASM68666v1.fa	GCF_000686665.1	exact_accession	RS_GCF_000686665.1	bac120	GCA_000686665.1	1121333	341225	Thomasclavelia saccharogumia	Thomasclavelia saccharogumia DSM 17460	s__Thomasclavelia saccharogumia	d__Bacteria;p__Bacillota_I;c__Bacilli_A;o__Erysipelotrichales;f__Coprobacillaceae;g__Thomasclavelia;s__Thomasclavelia saccharogumia	source_genomes/GCF_000686665.1_ASM68666v1.fa	
174805.0	8.0	1855399	GCF_900116075.1	GCF_900116075.1_IMG-taxon_2654588129_annotated_assembly.fa	900116075.1	unique_assembly_core	GB_GCA_900116075.1	bac120	GCA_900116075.1	1855399	1855399	Porphyromonadaceae bacterium NLAE-zl-C104	Porphyromonadaceae bacterium NLAE-zl-C104	s__Proteiniphilum saccharofermentans	d__Bacteria;p__Bacteroidota;c__Bacteroidia;o__Bacteroidales;f__Dysgonomonadaceae;g__Proteiniphilum;s__Proteiniphilum saccharofermentans	source_genomes/GCF_900116075.1_IMG-taxon_2654588129_annotated_assembly.fa	
308734.0	2.0	1871018	GCF_900104675.1	GCF_900104675.1_PRJEB16361.fa	GCF_900104675.1	exact_accession	RS_GCF_900104675.1	bac120	GCA_900104675.1	1871018	1871018	Angelakisella massiliensis	Angelakisella massiliensis	s__Angelakisella massiliensis	d__Bacteria;p__Bacillota;c__Clostridia;o__Oscillospirales;f__Ruminococcaceae;g__Angelakisella;s__Angelakisella massiliensis	source_genomes/GCF_900104675.1_PRJEB16361.fa	
173916.0	31.0	1855376	GCF_900113595.1	GCF_900113595.1_IMG-taxon_2657245270_annotated_assembly.fa	GCF_900113595.1	unmapped										source_genomes/GCF_900113595.1_IMG-taxon_2657245270_annotated_assembly.fa	
129394.0	2.0	1410650	GCF_000622085.1	GCF_000622085.1_ASM62208v1.fa	GCF_000622085.1	exact_accession	RS_GCF_000622085.1	bac120	GCA_000622085.1	1410650	43305	Butyrivibrio proteoclasticus	Butyrivibrio proteoclasticus P6B7	s__Butyrivibrio proteoclasticus_A	d__Bacteria;p__Bacillota;c__Clostridia;o__Lachnospirales;f__Lachnospiraceae;g__Butyrivibrio;s__Butyrivibrio proteoclasticus_A	source_genomes/GCF_000622085.1_ASM62208v1.fa	
190547.0	4.0	742735	GCF_000234155.1	GCF_000234155.1_Clos_clos_2_1_49FAA_V1.fa	GCF_000234155.1	exact_accession	RS_GCF_000234155.1	bac120	GCA_000234155.1	742735	1531	Enterocloster clostridioformis	[Clostridium] clostridioforme 2_1_49FAA	s__Enterocloster clostridioformis	d__Bacteria;p__Bacillota;c__Clostridia;o__Lachnospirales;f__Lachnospiraceae;g__Enterocloster;s__Enterocloster clostridioformis	source_genomes/GCF_000234155.1_Clos_clos_2_1_49FAA_V1.fa	
230268.0	6.0	411471	GCF_000157955.1	GCF_000157955.1_ASM15795v1.fa	GCF_000157955.1	exact_accession	RS_GCF_000157955.1	bac120	GCA_000157955.1	411471	214851	Subdoligranulum variabile	Subdoligranulum variabile DSM 15176	s__Gemmiger variabilis	d__Bacteria;p__Bacillota;c__Clostridia;o__Oscillospirales;f__Ruminococcaceae;g__Gemmiger;s__Gemmiger variabilis	source_genomes/GCF_000157955.1_ASM15795v1.fa	
375106.0	2.0	1855400	GCF_900111435.1	GCF_900111435.1_IMG-taxon_2654588206_annotated_assembly.fa	900111435.1	unique_assembly_core	GB_GCA_900111435.1	bac120	GCA_900111435.1	1855400	1855400	Ruminococcaceae bacterium KH2T8	Ruminococcaceae bacterium KH2T8	s__Saccharofermentans sp900111435	d__Bacteria;p__Bacillota;c__Clostridia;o__Saccharofermentanales;f__Saccharofermentanaceae;g__Saccharofermentans;s__Saccharofermentans sp900111435	source_genomes/GCF_900111435.1_IMG-taxon_2654588206_annotated_assembly.fa	
187028.0	44.0	36874	GCF_000766005.1	GCF_000766005.1_ASM76600v1.fa	GCF_000766005.1	exact_accession	RS_GCF_000766005.1	bac120	GCA_000766005.1	36874	36874	Porphyromonas cangingivalis	Porphyromonas cangingivalis	s__Porphyromonas_A cangingivalis	d__Bacteria;p__Bacteroidota;c__Bacteroidia;o__Bacteroidales;f__Porphyromonadaceae;g__Porphyromonas_A;s__Porphyromonas_A cangingivalis	source_genomes/GCF_000766005.1_ASM76600v1.fa	
196664.1	0.215698512135	997888	GCF_000304195.1	GCF_000304195.1_Bact_thet_CL09T03C10_V1.fa	GCF_000304195.1	exact_accession	RS_GCF_000304195.1	bac120	GCA_000304195.1	997888	338188	Bacteroides finegoldii	Bacteroides finegoldii CL09T03C10	s__Bacteroides zhangwenhongii	d__Bacteria;p__Bacteroidota;c__Bacteroidia;o__Bacteroidales;f__Bacteroidaceae;g__Bacteroides;s__Bacteroides zhangwenhongii	source_genomes/GCF_000304195.1_Bact_thet_CL09T03C10_V1.fa	
851733.0	88.0	1714682	GCF_002217985.1	GCF_002217985.1_ASM221798v1.fa	GCF_002217985.1	exact_accession	RS_GCF_002217985.1	bac120	GCA_002217985.1	1714682	1714682	Secundilactobacillus pentosiphilus	Secundilactobacillus pentosiphilus	s__Secundilactobacillus pentosiphilus	d__Bacteria;p__Bacillota;c__Bacilli;o__Lactobacillales;f__Lactobacillaceae;g__Secundilactobacillus;s__Secundilactobacillus pentosiphilus	source_genomes/GCF_002217985.1_ASM221798v1.fa	
263834.0	0.0215292775937	679200	GCF_000235445.1	GCF_000235445.1_John_igna_ATCC_51276_V1.fa	GCF_000235445.1	exact_accession	RS_GCF_000235445.1	bac120	GCA_000235445.1	679200	43995	Johnsonella ignava	Johnsonella ignava ATCC 51276	s__Johnsonella ignava	d__Bacteria;p__Bacillota;c__Clostridia;o__Lachnospirales;f__Lachnospiraceae;g__Johnsonella;s__Johnsonella ignava	source_genomes/GCF_000235445.1_John_igna_ATCC_51276_V1.fa	
263834.1	1.97847072241	467210	GCF_001552975.1	GCF_001552975.1_ASM155297v1.fa	GCF_001552975.1	exact_accession	RS_GCF_001552975.1	bac120	GCA_001552975.1	467210	467210	Lachnoanaerobaculum saburreum	Lachnoanaerobaculum saburreum	s__Lachnoanaerobaculum orale	d__Bacteria;p__Bacillota;c__Clostridia;o__Lachnospirales;f__Lachnospiraceae;g__Lachnoanaerobaculum;s__Lachnoanaerobaculum orale	source_genomes/GCF_001552975.1_ASM155297v1.fa	
1889556.0	7.0	46506	GCF_001535605.1	GCF_001535605.1_ASM153560v1.fa	GCF_001535605.1	exact_accession	RS_GCF_001535605.1	bac120	GCA_001535605.1	46506	46506	Bacteroides stercoris	Bacteroides stercoris	s__Bacteroides stercoris	d__Bacteria;p__Bacteroidota;c__Bacteroidia;o__Bacteroidales;f__Bacteroidaceae;g__Bacteroides;s__Bacteroides stercoris	source_genomes/GCF_001535605.1_ASM153560v1.fa	
306306.0	2.0	797515	GCF_000238835.1	GCF_000238835.1_ASM23883v1.fa	GCF_000238835.1	exact_accession	RS_GCF_000238835.1	bac120	GCA_000238835.1	797515	390842	Lentilactobacillus parafarraginis	Lentilactobacillus parafarraginis F0439	s__Lentilactobacillus parafarraginis	d__Bacteria;p__Bacillota;c__Bacilli;o__Lactobacillales;f__Lactobacillaceae;g__Lentilactobacillus;s__Lentilactobacillus parafarraginis	source_genomes/GCF_000238835.1_ASM23883v1.fa	
4397402.0	16.0	1590	GCF_001981595.1	GCF_001981595.1_ASM198159v1.fa	GCF_001981595.1	exact_accession	RS_GCF_001981595.1	bac120	GCA_001981595.1	1590	1590	Lactiplantibacillus plantarum	Lactiplantibacillus plantarum	s__Lactiplantibacillus plantarum	d__Bacteria;p__Bacillota;c__Bacilli;o__Lactobacillales;f__Lactobacillaceae;g__Lactiplantibacillus;s__Lactiplantibacillus plantarum	source_genomes/GCF_001981595.1_ASM198159v1.fa	
319134.0	1.0	1855374	GCF_900114405.1	GCF_900114405.1_IMG-taxon_2654588176_annotated_assembly.fa	900114405.1	unique_assembly_core	GB_GCA_900114405.1	bac120	GCA_900114405.1	1855374	1855374	Lachnospiraceae bacterium KH1T2	Lachnospiraceae bacterium KH1T2	s__NK4A144 sp900114405	d__Bacteria;p__Bacillota;c__Clostridia;o__Lachnospirales;f__Lachnospiraceae;g__NK4A144;s__NK4A144 sp900114405	source_genomes/GCF_900114405.1_IMG-taxon_2654588176_annotated_assembly.fa	
835900.0	117.0	742817	GCF_000243215.1	GCF_000243215.1_Odor_lane_YIT_12061_V1.fa	GCF_000243215.1	exact_accession	RS_GCF_000243215.1	bac120	GCA_000243215.1	742817	626933	Odoribacter laneus	Odoribacter laneus YIT 12061	s__Culturomica lanea	d__Bacteria;p__Bacteroidota;c__Bacteroidia;o__Bacteroidales;f__Marinifilaceae;g__Culturomica;s__Culturomica lanea	source_genomes/GCF_000243215.1_Odor_lane_YIT_12061_V1.fa	
270984.0	2.0	1720317	GCF_900120395.1	GCF_900120395.1_PRJEB18035.fa	900120395.1	unique_assembly_core	GB_GCA_900120395.1	bac120	GCA_900120395.1	1720317	1720317	Porphyromonadaceae bacterium FC4	Porphyromonadaceae bacterium FC4	s__Porphyromonas_A sp900120395	d__Bacteria;p__Bacteroidota;c__Bacteroidia;o__Bacteroidales;f__Porphyromonadaceae;g__Porphyromonas_A;s__Porphyromonas_A sp900120395	source_genomes/GCF_900120395.1_PRJEB18035.fa	
4340358.0	6.0	817	GCF_001056335.1	GCF_001056335.1_ASM105633v1.fa	GCF_001056335.1	exact_accession	RS_GCF_001056335.1	bac120	GCA_001056335.1	817	817	Bacteroides fragilis	Bacteroides fragilis	s__Bacteroides fragilis	d__Bacteria;p__Bacteroidota;c__Bacteroidia;o__Bacteroidales;f__Bacteroidaceae;g__Bacteroides;s__Bacteroides fragilis	source_genomes/GCF_001056335.1_ASM105633v1.fa	
denovo4507.0	1.0	1590	GCF_001659745.1	GCF_001659745.1_ASM165974v1.fa	GCF_001659745.1	exact_accession	RS_GCF_001659745.1	bac120	GCA_001659745.1	1590	1590	Lactiplantibacillus plantarum	Lactiplantibacillus plantarum	s__Lactiplantibacillus plantarum	d__Bacteria;p__Bacillota;c__Bacilli;o__Lactobacillales;f__Lactobacillaceae;g__Lactiplantibacillus;s__Lactiplantibacillus plantarum	source_genomes/GCF_001659745.1_ASM165974v1.fa	
189840.0	13.0	411485	GCF_000154385.1	GCF_000154385.1_ASM15438v1.fa	GCF_000154385.1	exact_accession	RS_GCF_000154385.1	bac120	GCA_000154385.1	411485	853	Faecalibacterium prausnitzii	Faecalibacterium prausnitzii M21/2	s__Faecalibacterium prausnitzii	d__Bacteria;p__Bacillota;c__Clostridia;o__Oscillospirales;f__Ruminococcaceae;g__Faecalibacterium;s__Faecalibacterium prausnitzii	source_genomes/GCF_000154385.1_ASM15438v1.fa	
denovo5877.0	1.0	693988	GCF_000224655.1	GCF_000224655.1_Bilophila_sp_4_1_30_V1.fa	GCF_000224655.1	exact_accession	RS_GCF_000224655.1	bac120	GCA_000224655.1	693988	693988	Bilophila sp. 4_1_30	Bilophila sp. 4_1_30	s__Bilophila wadsworthia	d__Bacteria;p__Desulfobacterota;c__Desulfovibrionia;o__Desulfovibrionales;f__Desulfovibrionaceae;g__Bilophila;s__Bilophila wadsworthia	source_genomes/GCF_000224655.1_Bilophila_sp_4_1_30_V1.fa	
3919797.0	4.0	999404	GCF_000371585.1	GCF_000371585.1_Clos_clos_90A3_V1.fa	GCF_000371585.1	exact_accession	RS_GCF_000371585.1	bac120	GCA_000371585.1	999404	1531	Enterocloster clostridioformis	[Clostridium] clostridioforme 90A3	s__Enterocloster clostridioformis	d__Bacteria;p__Bacillota;c__Clostridia;o__Lachnospirales;f__Lachnospiraceae;g__Enterocloster;s__Enterocloster clostridioformis	source_genomes/GCF_000371585.1_Clos_clos_90A3_V1.fa	
168517.0	41.0	796943	GCF_000238055.2	GCF_000238055.2_Oribacterium_sp_ACB1_V2.fa	GCF_000238055.2	exact_accession	RS_GCF_000238055.2	bac120	GCA_000238055.2	796943	1501329	Oribacterium parvum	Oribacterium parvum ACB1	s__Oribacterium parvum	d__Bacteria;p__Bacillota;c__Clostridia;o__Lachnospirales;f__Lachnospiraceae;g__Oribacterium;s__Oribacterium parvum	source_genomes/GCF_000238055.2_Oribacterium_sp_ACB1_V2.fa	
26608.0	1.0	1434654	GCF_001012685.1	GCF_001012685.1_IM18-3v1.fa	GCF_001012685.1	exact_accession	RS_GCF_001012685.1	bac120	GCA_001012685.1	1434654	109790	Lactobacillus jensenii	Lactobacillus jensenii IM18-3	s__Lactobacillus jensenii	d__Bacteria;p__Bacillota;c__Bacilli;o__Lactobacillales;f__Lactobacillaceae;g__Lactobacillus;s__Lactobacillus jensenii	source_genomes/GCF_001012685.1_IM18-3v1.fa	
denovo7143.0	5.0	1122607	GCF_000426505.1	GCF_000426505.1_ASM42650v1.fa	GCF_000426505.1	exact_accession	RS_GCF_000426505.1	bac120	GCA_000426505.1	1122607	390877	Nisaea denitrificans	Nisaea denitrificans DSM 18348	s__Nisaea denitrificans	d__Bacteria;p__Pseudomonadota;c__Alphaproteobacteria;o__Thalassobaculales;f__Thalassobaculaceae;g__Nisaea;s__Nisaea denitrificans	source_genomes/GCF_000426505.1_ASM42650v1.fa	
182764.0	13.0	1599	GCF_900234395.1	GCF_900234395.1_JOUY54_assembly_v1.fa	GCF_900234395.1	exact_accession	RS_GCF_900234395.1	bac120	GCA_900234395.1	1599	1599	Latilactobacillus sakei	Latilactobacillus sakei	s__Latilactobacillus sakei	d__Bacteria;p__Bacillota;c__Bacilli;o__Lactobacillales;f__Lactobacillaceae;g__Latilactobacillus;s__Latilactobacillus sakei	source_genomes/GCF_900234395.1_JOUY54_assembly_v1.fa	
332732.0	0.0707700156314	329854	GCF_001578635.1	GCF_001578635.1_ASM157863v1.fa	GCF_001578635.1	exact_accession	RS_GCF_001578635.1	bac120	GCA_001578635.1	329854	329854	Bacteroides intestinalis	Bacteroides intestinalis	s__Bacteroides cellulosilyticus	d__Bacteria;p__Bacteroidota;c__Bacteroidia;o__Bacteroidales;f__Bacteroidaceae;g__Bacteroides;s__Bacteroides cellulosilyticus	source_genomes/GCF_001578635.1_ASM157863v1.fa	
332732.1	0.929229984369	1073387	GCF_000297735.1	GCF_000297735.1_Bact_frag_HMW_615_V1.fa	GCF_000297735.1	exact_accession	RS_GCF_000297735.1	bac120	GCA_000297735.1	1073387	817	Bacteroides fragilis	Bacteroides fragilis HMW 615	s__Bacteroides fragilis	d__Bacteria;p__Bacteroidota;c__Bacteroidia;o__Bacteroidales;f__Bacteroidaceae;g__Bacteroides;s__Bacteroides fragilis	source_genomes/GCF_000297735.1_Bact_frag_HMW_615_V1.fa	
denovo9564.0	1.0	1297750	GCF_900128905.1	GCF_900128905.1_IMG-taxon_2695420932_annotated_assembly.fa	GCF_900128905.1	exact_accession	RS_GCF_900128905.1	bac120	GCA_900128905.1	1297750	1297750	Bacteroides luti	Bacteroides luti	s__Bacteroides luti	d__Bacteria;p__Bacteroidota;c__Bacteroidia;o__Bacteroidales;f__Bacteroidaceae;g__Bacteroides;s__Bacteroides luti	source_genomes/GCF_900128905.1_IMG-taxon_2695420932_annotated_assembly.fa	
1135084.0	0.552789833151	469593	GCF_000186105.1	GCF_000186105.1_Bacteroides_sp_3_1_40A_V1.fa	000186105.1	unique_assembly_core	GB_GCA_000186105.1	bac120	GCA_000186105.1	469593	469593	Bacteroides sp. 3_1_40A	Bacteroides sp. 3_1_40A	s__Phocaeicola vulgatus	d__Bacteria;p__Bacteroidota;c__Bacteroidia;o__Bacteroidales;f__Bacteroidaceae;g__Phocaeicola;s__Phocaeicola vulgatus	source_genomes/GCF_000186105.1_Bacteroides_sp_3_1_40A_V1.fa	
164237.0	1.0	1907659	GCF_900120295.1	GCF_900120295.1_PRJEB18018.fa	GCF_900120295.1	exact_accession	RS_GCF_900120295.1	bac120	GCA_900120295.1	1907659	1907659	Blautia sp. Marseille-P3201T	Blautia sp. Marseille-P3201T	s__Blautia sp900120295	d__Bacteria;p__Bacillota;c__Clostridia;o__Lachnospirales;f__Lachnospiraceae;g__Blautia;s__Blautia sp900120295	source_genomes/GCF_900120295.1_PRJEB18018.fa	
167509.0	7.85613370718	1235797	GCF_000403435.2	GCF_000403435.2_Osci_bact_1-3_V1.fa	GCF_000403435.2	exact_accession	RS_GCF_000403435.2	bac120	GCA_000403435.2	1235797	1235797	Oscillibacter sp. 1-3	Oscillibacter sp. 1-3	s__Oscillibacter sp000403435	d__Bacteria;p__Bacillota;c__Clostridia;o__Oscillospirales;f__Oscillospiraceae;g__Oscillibacter;s__Oscillibacter sp000403435	source_genomes/GCF_000403435.2_Osci_bact_1-3_V1.fa	
167509.1	3.14386629282	1007096	GCF_000307265.1	GCF_000307265.1_ASM30726v1.fa	GCF_000307265.1	exact_accession	RS_GCF_000307265.1	bac120	GCA_000307265.1	1007096	1263547	Oscillibacter ruminantium	Oscillibacter ruminantium GH1	s__Oscillibacter ruminantium	d__Bacteria;p__Bacillota;c__Clostridia;o__Oscillospirales;f__Oscillospiraceae;g__Oscillibacter;s__Oscillibacter ruminantium	source_genomes/GCF_000307265.1_ASM30726v1.fa	
denovo8847.0	1.0	292800	GCF_001688625.2	GCF_001688625.2_ASM168862v2.fa	GCF_001688625.2	exact_accession	RS_GCF_001688625.2	bac120	GCA_001688625.2	292800	292800	Flavonifractor plautii	Flavonifractor plautii	s__Flavonifractor plautii	d__Bacteria;p__Bacillota;c__Clostridia;o__Oscillospirales;f__Oscillospiraceae;g__Flavonifractor;s__Flavonifractor plautii	source_genomes/GCF_001688625.2_ASM168862v2.fa	
denovo717.0	0.13129455906	1203076	GCF_000312405.1	GCF_000312405.1_ASM31240v1.fa	GCF_000312405.1	exact_accession	RS_GCF_000312405.1	bac120	GCA_000312405.1	1203076	148604	Limosilactobacillus ingluviei	Limosilactobacillus ingluviei str. Autruche 4	s__Limosilactobacillus ingluviei	d__Bacteria;p__Bacillota;c__Bacilli;o__Lactobacillales;f__Lactobacillaceae;g__Limosilactobacillus;s__Limosilactobacillus ingluviei	source_genomes/GCF_000312405.1_ASM31240v1.fa	
665703.0	2.0	1851429	GCF_001678845.1	GCF_001678845.1_ASM167884v1.fa	GCF_001678845.1	exact_accession	RS_GCF_001678845.1	bac120	GCA_001678845.1	1851429	1851429	Christensenella intestinihominis	Christensenella intestinihominis	s__Christensenella intestinihominis	d__Bacteria;p__Bacillota;c__Clostridia;o__Christensenellales;f__Christensenellaceae;g__Christensenella;s__Christensenella intestinihominis	source_genomes/GCF_001678845.1_ASM167884v1.fa	
324894.1	1.92259809283	853	GCF_002549945.1	GCF_002549945.1_ASM254994v1.fa	GCF_002549945.1	exact_accession	RS_GCF_002549945.1	bac120	GCA_002549945.1	853	853	Faecalibacterium prausnitzii	Faecalibacterium prausnitzii	s__Faecalibacterium prausnitzii	d__Bacteria;p__Bacillota;c__Clostridia;o__Oscillospirales;f__Ruminococcaceae;g__Faecalibacterium;s__Faecalibacterium prausnitzii	source_genomes/GCF_002549945.1_ASM254994v1.fa	
1871227.0	2.0	1313290	GCF_000404205.1	GCF_000404205.1_ASM40420v1.fa	GCF_000404205.1	exact_accession	RS_GCF_000404205.1	bac120	GCA_000404205.1	1313290	1648	Erysipelothrix rhusiopathiae	Erysipelothrix rhusiopathiae SY1027	s__Erysipelothrix rhusiopathiae	d__Bacteria;p__Bacillota_I;c__Bacilli_A;o__Erysipelotrichales;f__Erysipelotrichaceae;g__Erysipelothrix;s__Erysipelothrix rhusiopathiae	source_genomes/GCF_000404205.1_ASM40420v1.fa	
denovo5088.0	2.0	1077285	GCF_900106755.1	GCF_900106755.1_IMG-taxon_2693429916_annotated_assembly.fa	GCF_900106755.1	exact_accession	RS_GCF_900106755.1	bac120	GCA_900106755.1	1077285	674529	Bacteroides faecis	Bacteroides faecis MAJ27	s__Bacteroides faecis	d__Bacteria;p__Bacteroidota;c__Bacteroidia;o__Bacteroidales;f__Bacteroidaceae;g__Bacteroides;s__Bacteroides faecis	source_genomes/GCF_900106755.1_IMG-taxon_2693429916_annotated_assembly.fa	
1105328.0	1.0	1898203	GCF_900199595.1	GCF_900199595.1_IMG-taxon_2623620511_annotated_assembly.fa	900199595.1	unique_assembly_core	GB_GCA_900199595.1	bac120	GCA_900199595.1	1898203	1898203	Lachnospiraceae bacterium	Lachnospiraceae bacterium	s__Eubacterium_Q sp900199595	d__Bacteria;p__Bacillota;c__Clostridia;o__Lachnospirales;f__Lachnospiraceae;g__Eubacterium_Q;s__Eubacterium_Q sp900199595	source_genomes/GCF_900199595.1_IMG-taxon_2623620511_annotated_assembly.fa	
4417539.0	31.0	1410617	GCF_000621805.1	GCF_000621805.1_ASM62180v1.fa	GCF_000621805.1	exact_accession	RS_GCF_000621805.1	bac120	GCA_000621805.1	1410617	1410617	Ruminococcus sp. FC2018	Ruminococcus sp. FC2018	s__Hominimerdicola sp000621805	d__Bacteria;p__Bacillota;c__Clostridia;o__Oscillospirales;f__Ruminococcaceae;g__Hominimerdicola;s__Hominimerdicola sp000621805	source_genomes/GCF_000621805.1_ASM62180v1.fa	
4405128.0	24.0	264462	GCF_000196175.1	GCF_000196175.1_ASM19617v1.fa	GCF_000196175.1	exact_accession	RS_GCF_000196175.1	bac120	GCA_000196175.1	264462	959	Bdellovibrio bacteriovorus	Bdellovibrio bacteriovorus HD100	s__Bdellovibrio bacteriovorus	d__Bacteria;p__Bdellovibrionota;c__Bdellovibrionia;o__Bdellovibrionales;f__Bdellovibrionaceae;g__Bdellovibrio;s__Bdellovibrio bacteriovorus	source_genomes/GCF_000196175.1_ASM19617v1.fa	
822112.0	1.0	94132	GCF_001580455.1	GCF_001580455.1_ASM158045v1.fa	GCF_001580455.1	exact_accession	RS_GCF_001580455.1	bac120	GCA_001580455.1	94132	94132	Ramlibacter tataouinensis	Ramlibacter tataouinensis	s__Ramlibacter tataouinensis_B	d__Bacteria;p__Pseudomonadota;c__Gammaproteobacteria;o__Burkholderiales;f__Burkholderiaceae_C;g__Ramlibacter;s__Ramlibacter tataouinensis_B	source_genomes/GCF_001580455.1_ASM158045v1.fa	
193680.1	6.96194098355	1410660	GCF_000622065.1	GCF_000622065.1_ASM62206v1.fa	GCF_000622065.1	exact_accession	RS_GCF_000622065.1	bac120	GCA_000622065.1	1410660	140626	Lachnobacterium bovis	Lachnobacterium bovis C6A12	s__Roseburia bovis_A	d__Bacteria;p__Bacillota;c__Clostridia;o__Lachnospirales;f__Lachnospiraceae;g__Roseburia;s__Roseburia bovis_A	source_genomes/GCF_000622065.1_ASM62206v1.fa	
192222.0	3.0	839	GCF_900108375.1	GCF_900108375.1_IMG-taxon_2596583684_annotated_assembly.fa	GCF_900108375.1	exact_accession	RS_GCF_900108375.1	bac120	GCA_900108375.1	839	839	Xylanibacter ruminicola	Xylanibacter ruminicola	s__Prevotella ruminicola	d__Bacteria;p__Bacteroidota;c__Bacteroidia;o__Bacteroidales;f__Bacteroidaceae;g__Prevotella;s__Prevotella ruminicola	source_genomes/GCF_900108375.1_IMG-taxon_2596583684_annotated_assembly.fa	
174824.0	57.0	877421	GCF_000424365.1	GCF_000424365.1_ASM42436v1.fa	000424365.1	unique_assembly_core	GB_GCA_000424365.1	bac120	GCA_000424365.1	877421	877421	Lachnospiraceae bacterium NK4A144	Lachnospiraceae bacterium NK4A144	s__NK4A144 sp000424365	d__Bacteria;p__Bacillota;c__Clostridia;o__Lachnospirales;f__Lachnospiraceae;g__NK4A144;s__NK4A144 sp000424365	source_genomes/GCF_000424365.1_ASM42436v1.fa	
315496.0	0.930038501449	1121296	GCF_000711825.1	GCF_000711825.1_ASM71182v1.fa	GCF_000711825.1	exact_accession	RS_GCF_000711825.1	bac120	GCA_000711825.1	1121296	1526	[Clostridium] aminophilum	[Clostridium] aminophilum DSM 10710	s__Clostridium_R aminophilum	d__Bacteria;p__Bacillota;c__Clostridia;o__Lachnospirales;f__Lachnospiraceae;g__Clostridium_R;s__Clostridium_R aminophilum	source_genomes/GCF_000711825.1_ASM71182v1.fa	
181719.1	19.9322325629	1121096	GCF_000374365.1	GCF_000374365.1_ASM37436v1.fa	GCF_000374365.1	exact_accession	RS_GCF_000374365.1	bac120	GCA_000374365.1	1121096	376806	Bacteroides gallinarum	Bacteroides gallinarum DSM 18171 = JCM 13658	s__Bacteroides gallinarum	d__Bacteria;p__Bacteroidota;c__Bacteroidia;o__Bacteroidales;f__Bacteroidaceae;g__Bacteroides;s__Bacteroides gallinarum	source_genomes/GCF_000374365.1_ASM37436v1.fa	
181719.0	69.0677674371	295405	GCF_000009925.1	GCF_000009925.1_ASM992v1.fa	GCF_000009925.1	exact_accession	RS_GCF_000009925.1	bac120	GCA_000009925.1	295405	817	Bacteroides fragilis	Bacteroides fragilis YCH46	s__Bacteroides fragilis	d__Bacteria;p__Bacteroidota;c__Bacteroidia;o__Bacteroidales;f__Bacteroidaceae;g__Bacteroides;s__Bacteroides fragilis	source_genomes/GCF_000009925.1_ASM992v1.fa	
180944.0	23.0	1280671	GCF_000424125.1	GCF_000424125.1_ASM42412v1.fa	GCF_000424125.1	exact_accession	RS_GCF_000424125.1	bac120	GCA_000424125.1	1280671	1280671	Butyrivibrio sp. FC2001	Butyrivibrio sp. FC2001	s__Butyrivibrio sp000423945	d__Bacteria;p__Bacillota;c__Clostridia;o__Lachnospirales;f__Lachnospiraceae;g__Butyrivibrio;s__Butyrivibrio sp000423945	source_genomes/GCF_000424125.1_ASM42412v1.fa	
denovo7784.0	0.94793941998	638301	GCF_000160675.1	GCF_000160675.1_ASM16067v1.fa	GCF_000160675.1	exact_accession	RS_GCF_000160675.1	bac120	GCA_000160675.1	638301	46124	Granulicatella adiacens	Granulicatella adiacens ATCC 49175	s__Granulicatella adiacens	d__Bacteria;p__Bacillota;c__Bacilli;o__Lactobacillales;f__Aerococcaceae;g__Granulicatella;s__Granulicatella adiacens	source_genomes/GCF_000160675.1_ASM16067v1.fa	
134065.1	3.03611035268	592026	GCF_000160035.2	GCF_000160035.2_ASM16003v2.fa	GCF_000160035.2	exact_accession	RS_GCF_000160035.2	bac120	GCA_000160035.2	592026	43997	Catonella morbi	Catonella morbi ATCC 51271	s__Catonella morbi	d__Bacteria;p__Bacillota;c__Clostridia;o__Lachnospirales;f__Lachnospiraceae;g__Catonella;s__Catonella morbi	source_genomes/GCF_000160035.2_ASM16003v2.fa	
318732.0	1635.96897032	566550	GCF_000160095.1	GCF_000160095.1_ASM16009v1.fa	GCF_000160095.1	exact_accession	RS_GCF_000160095.1	bac120	GCA_000160095.1	566550	154046	Hungatella hathewayi	Hungatella hathewayi DSM 13479	s__Hungatella hathewayi	d__Bacteria;p__Bacillota;c__Clostridia;o__Lachnospirales;f__Lachnospiraceae;g__Hungatella;s__Hungatella hathewayi	source_genomes/GCF_000160095.1_ASM16009v1.fa	
134065.0	5.96388964732	1408305	GCF_000621565.1	GCF_000621565.1_ASM62156v1.fa	GCF_000621565.1	exact_accession	RS_GCF_000621565.1	bac120	GCA_000621565.1	1408305	1408305	Butyrivibrio sp. LB2008	Butyrivibrio sp. LB2008	s__Butyrivibrio sp000621565	d__Bacteria;p__Bacillota;c__Clostridia;o__Lachnospirales;f__Lachnospiraceae;g__Butyrivibrio;s__Butyrivibrio sp000621565	source_genomes/GCF_000621565.1_ASM62156v1.fa	
denovo5579.0	3.0	1122973	GCF_000379925.1	GCF_000379925.1_ASM37992v1.fa	GCF_000379925.1	exact_accession	RS_GCF_000379925.1	bac120	GCA_000379925.1	1122973	28114	Porphyromonas levii	Porphyromonas levii DSM 23370	s__Porphyromonas_A levii	d__Bacteria;p__Bacteroidota;c__Bacteroidia;o__Bacteroidales;f__Porphyromonadaceae;g__Porphyromonas_A;s__Porphyromonas_A levii	source_genomes/GCF_000379925.1_ASM37992v1.fa	
191325.0	1.0	997894	GCF_000371705.1	GCF_000371705.1_Clos_bolt_90A9_V1.fa	GCF_000371705.1	exact_accession	RS_GCF_000371705.1	bac120	GCA_000371705.1	997894	208479	Enterocloster bolteae	Enterocloster bolteae 90A9	s__Enterocloster bolteae	d__Bacteria;p__Bacillota;c__Clostridia;o__Lachnospirales;f__Lachnospiraceae;g__Enterocloster;s__Enterocloster bolteae	source_genomes/GCF_000371705.1_Clos_bolt_90A9_V1.fa	
181344.0	12.0	1520821	GCF_900109005.1	GCF_900109005.1_IMG-taxon_2617270830_annotated_assembly.fa	900109005.1	unique_assembly_core	GB_GCA_900109005.1	bac120	GCA_900109005.1	1520821	1520821	Lachnospiraceae bacterium A10	Lachnospiraceae bacterium A10	s__FD2005 sp000702525	d__Bacteria;p__Bacillota;c__Clostridia;o__Lachnospirales;f__Lachnospiraceae;g__FD2005;s__FD2005 sp000702525	source_genomes/GCF_900109005.1_IMG-taxon_2617270830_annotated_assembly.fa	
187233.0	12.0	1423822	GCF_002706705.1	GCF_002706705.1_ASM270670v1.fa	GCF_002706705.1	exact_accession	RS_GCF_002706705.1	bac120	GCA_002706705.1	1423822	1610	Loigolactobacillus coryniformis	Loigolactobacillus coryniformis subsp. torquens DSM 20004 = KCTC 3535	s__Loigolactobacillus coryniformis	d__Bacteria;p__Bacillota;c__Bacilli;o__Lactobacillales;f__Lactobacillaceae;g__Loigolactobacillus;s__Loigolactobacillus coryniformis	source_genomes/GCF_002706705.1_ASM270670v1.fa	
730939.1	2.0599156498	1520802	GCF_900104335.1	GCF_900104335.1_IMG-taxon_2593339244_annotated_assembly.fa	GCF_900104335.1	exact_accession	RS_GCF_900104335.1	bac120	GCA_900104335.1	1520802	1520802	Pseudobutyrivibrio sp. YE44	Pseudobutyrivibrio sp. YE44	s__Pseudobutyrivibrio sp900104335	d__Bacteria;p__Bacillota;c__Clostridia;o__Lachnospirales;f__Lachnospiraceae;g__Pseudobutyrivibrio;s__Pseudobutyrivibrio sp900104335	source_genomes/GCF_900104335.1_IMG-taxon_2593339244_annotated_assembly.fa	
730939.0	0.9400843502	658656	GCF_000191805.1	GCF_000191805.1_Lach_bact_4_1_37FAA_V1.fa	000191805.1	unique_assembly_core	GB_GCA_000191805.1	bac120	GCA_000191805.1	658656	658656	Lachnospiraceae bacterium 6_1_37FAA	Lachnospiraceae bacterium 6_1_37FAA	s__Faecalimonas umbilicata	d__Bacteria;p__Bacillota;c__Clostridia;o__Lachnospirales;f__Lachnospiraceae;g__Faecalimonas;s__Faecalimonas umbilicata	source_genomes/GCF_000191805.1_Lach_bact_4_1_37FAA_V1.fa	
4387250.0	2.0	1121101	GCF_000381365.1	GCF_000381365.1_Bact_saly_DSM_18765_V1.fa	GCF_000381365.1	exact_accession	RS_GCF_000381365.1	bac120	GCA_000381365.1	1121101	291644	Bacteroides salyersiae	Bacteroides salyersiae WAL 10018 = DSM 18765 = JCM 12988	s__Bacteroides salyersiae	d__Bacteria;p__Bacteroidota;c__Bacteroidia;o__Bacteroidales;f__Bacteroidaceae;g__Bacteroides;s__Bacteroides salyersiae	source_genomes/GCF_000381365.1_Bact_saly_DSM_18765_V1.fa	
463794.1	17.1078332768	1587	GCF_001702095.1	GCF_001702095.1_ASM170209v1.fa	GCF_001702095.1	exact_accession	RS_GCF_001702095.1	bac120	GCA_001702095.1	1587	1587	Lactobacillus helveticus	Lactobacillus helveticus	s__Lactobacillus helveticus	d__Bacteria;p__Bacillota;c__Bacilli;o__Lactobacillales;f__Lactobacillaceae;g__Lactobacillus;s__Lactobacillus helveticus	source_genomes/GCF_001702095.1_ASM170209v1.fa	
463794.0	0.892166723234	392416	GCF_001951175.1	GCF_001951175.1_ASM195117v1.fa	GCF_001951175.1	exact_accession	RS_GCF_001951175.1	bac120	GCA_001951175.1	392416	392416	Companilactobacillus crustorum	Companilactobacillus crustorum	s__Companilactobacillus crustorum	d__Bacteria;p__Bacillota;c__Bacilli;o__Lactobacillales;f__Lactobacillaceae;g__Companilactobacillus;s__Companilactobacillus crustorum	source_genomes/GCF_001951175.1_ASM195117v1.fa	
245324.1	11.9516770118	1121866	GCF_000422625.1	GCF_000422625.1_ASM42262v1.fa	GCF_000422625.1	exact_accession	RS_GCF_000422625.1	bac120	GCA_000422625.1	1121866	580026	Adlercreutzia mucosicola	Adlercreutzia mucosicola DSM 19490	s__Adlercreutzia mucosicola	d__Bacteria;p__Actinomycetota;c__Coriobacteriia;o__Coriobacteriales;f__Eggerthellaceae;g__Adlercreutzia;s__Adlercreutzia mucosicola	source_genomes/GCF_000422625.1_ASM42262v1.fa	
168984.0	2.0	1280665	GCF_000423945.1	GCF_000423945.1_ASM42394v1.fa	GCF_000423945.1	exact_accession	RS_GCF_000423945.1	bac120	GCA_000423945.1	1280665	1280665	Butyrivibrio sp. XPD2002	Butyrivibrio sp. XPD2002	s__Butyrivibrio sp000423945	d__Bacteria;p__Bacillota;c__Clostridia;o__Lachnospirales;f__Lachnospiraceae;g__Butyrivibrio;s__Butyrivibrio sp000423945	source_genomes/GCF_000423945.1_ASM42394v1.fa	
318764.0	3.0	1434656	GCF_001012735.1	GCF_001012735.1_IM1v1.fa	001012735.1	unique_assembly_core	GB_GCA_001012735.1	bac120	GCA_001012735.1	1434656	109790	Lactobacillus jensenii	Lactobacillus jensenii IM1	s__Lactobacillus mulieris	d__Bacteria;p__Bacillota;c__Bacilli;o__Lactobacillales;f__Lactobacillaceae;g__Lactobacillus;s__Lactobacillus mulieris	source_genomes/GCF_001012735.1_IM1v1.fa	
831178.0	3.0	1736583	GCF_001429415.1	GCF_001429415.1_Root670.fa	GCF_001429415.1	exact_accession	RS_GCF_001429415.1	bac120	GCA_001429415.1	1736583	1736583	Bosea sp. Root670	Bosea sp. Root670	s__Allobosea robiniae	d__Bacteria;p__Pseudomonadota;c__Alphaproteobacteria;o__Rhizobiales;f__Beijerinckiaceae;g__Allobosea;s__Allobosea robiniae	source_genomes/GCF_001429415.1_Root670.fa	
344525.0	40.0	1235785	GCF_000403155.2	GCF_000403155.2_Bact_thet_dnLKV9_V1.fa	GCF_000403155.2	exact_accession	RS_GCF_000403155.2	bac120	GCA_000403155.2	1235785	818	Bacteroides thetaiotaomicron	Bacteroides thetaiotaomicron dnLKV9	s__Bacteroides thetaiotaomicron	d__Bacteria;p__Bacteroidota;c__Bacteroidia;o__Bacteroidales;f__Bacteroidaceae;g__Bacteroides;s__Bacteroides thetaiotaomicron	source_genomes/GCF_000403155.2_Bact_thet_dnLKV9_V1.fa	
denovo8803.0	1.0	1852386	GCF_900128445.1	GCF_900128445.1_PRJEB18031.fa	GCF_900128445.1	exact_accession	RS_GCF_900128445.1	bac120	GCA_900128445.1	1852386	1852386	Thermophilibacter provencensis	Thermophilibacter provencensis	s__Thermophilibacter provencensis	d__Bacteria;p__Actinomycetota;c__Coriobacteriia;o__Coriobacteriales;f__Atopobiaceae;g__Thermophilibacter;s__Thermophilibacter provencensis	source_genomes/GCF_900128445.1_PRJEB18031.fa	
358007.1	0.59356415268	1123075	GCF_000425525.1	GCF_000425525.1_ASM42552v1.fa	GCF_000425525.1	exact_accession	RS_GCF_000425525.1	bac120	GCA_000425525.1	1123075	438033	Ruminococcus gauvreauii	Ruminococcus gauvreauii DSM 19829	s__Ruminococcus_G gauvreauii	d__Bacteria;p__Bacillota;c__Clostridia;o__Lachnospirales;f__Lachnospiraceae;g__Ruminococcus_G;s__Ruminococcus_G gauvreauii	source_genomes/GCF_000425525.1_ASM42552v1.fa	
358007.0	0.40643584732	1852383	GCF_900104565.1	GCF_900104565.1_PRJEB16354.fa	900104565.1	unique_assembly_core	GB_GCA_900104565.1	bac120	GCA_900104565.1	1852383	1852383	Ruminococcaceae bacterium Marseille-P2935	Ruminococcaceae bacterium Marseille-P2935	s__Marseille-P2935 sp900104565	d__Bacteria;p__Bacillota;c__Clostridia;o__Oscillospirales;f__Ruminococcaceae;g__Marseille-P2935;s__Marseille-P2935 sp900104565	source_genomes/GCF_900104565.1_PRJEB16354.fa	
1107303.0	5.0	476272	GCF_000157975.1	GCF_000157975.1_ASM15797v1.fa	GCF_000157975.1	exact_accession	RS_GCF_000157975.1	bac120	GCA_000157975.1	476272	53443	Blautia hydrogenotrophica	Blautia hydrogenotrophica DSM 10507	s__Blautia_A hydrogenotrophica	d__Bacteria;p__Bacillota;c__Clostridia;o__Lachnospirales;f__Lachnospiraceae;g__Blautia_A;s__Blautia_A hydrogenotrophica	source_genomes/GCF_000157975.1_ASM15797v1.fa	
4306262.0	4.0	239935	GCF_900184965.1	GCF_900184965.1_Mouse_2_MG.fasta.fa	GCF_900184965.1	exact_accession	RS_GCF_900184965.1	bac120	GCA_900184965.1	239935	239935	Akkermansia muciniphila	Akkermansia muciniphila	s__Akkermansia muciniphila_A	d__Bacteria;p__Verrucomicrobiota;c__Verrucomicrobiia;o__Verrucomicrobiales;f__Akkermansiaceae;g__Akkermansia;s__Akkermansia muciniphila_A	source_genomes/GCF_900184965.1_Mouse_2_MG.fasta.fa	
262102.0	1.0	742726	GCF_000296465.1	GCF_000296465.1_Barn_inte_YIT_11860_V1.fa	GCF_000296465.1	exact_accession	RS_GCF_000296465.1	bac120	GCA_000296465.1	742726	487174	Barnesiella intestinihominis	Barnesiella intestinihominis YIT 11860	s__Barnesiella intestinihominis	d__Bacteria;p__Bacteroidota;c__Bacteroidia;o__Bacteroidales;f__Barnesiellaceae;g__Barnesiella;s__Barnesiella intestinihominis	source_genomes/GCF_000296465.1_Barn_inte_YIT_11860_V1.fa	
133892.0	1.0	1408186	GCF_000498675.1	GCF_000498675.1_ASM49867v1.fa	GCF_000498675.1	exact_accession	RS_GCF_000498675.1	bac120	GCA_000498675.1	1408186	33959	Lactobacillus johnsonii	Lactobacillus johnsonii N6.2	s__Lactobacillus sp910589675	d__Bacteria;p__Bacillota;c__Bacilli;o__Lactobacillales;f__Lactobacillaceae;g__Lactobacillus;s__Lactobacillus sp910589675	source_genomes/GCF_000498675.1_ASM49867v1.fa	
259983.0	1.0	1410622	GCF_000702245.1	GCF_000702245.1_ASM70224v1.fa	000702245.1	unique_assembly_core	GB_GCA_000702245.1	bac120	GCA_000702245.1	1410622	1410622	Lachnospiraceae bacterium C6A11	Lachnospiraceae bacterium C6A11	s__Eubacterium_Q sp000702245	d__Bacteria;p__Bacillota;c__Clostridia;o__Lachnospirales;f__Lachnospiraceae;g__Eubacterium_Q;s__Eubacterium_Q sp000702245	source_genomes/GCF_000702245.1_ASM70224v1.fa	
1111328.0	1.0	1120998	GCF_000426305.1	GCF_000426305.1_ASM42630v1.fa	GCF_000426305.1	exact_accession	RS_GCF_000426305.1	bac120	GCA_000426305.1	1120998	109327	Anaerovorax odorimutans	Anaerovorax odorimutans DSM 5092	s__Anaerovorax odorimutans	d__Bacteria;p__Bacillota;c__Clostridia;o__Peptostreptococcales;f__Anaerovoracaceae;g__Anaerovorax;s__Anaerovorax odorimutans	source_genomes/GCF_000426305.1_ASM42630v1.fa	
189585.0	1.0	1531	GCF_900108895.1	GCF_900108895.1_IMG-taxon_2654588144_annotated_assembly.fa	GCF_900108895.1	exact_accession	RS_GCF_900108895.1	bac120	GCA_900108895.1	1531	1531	Enterocloster clostridioformis	Enterocloster clostridioformis	s__Enterocloster clostridioformis	d__Bacteria;p__Bacillota;c__Clostridia;o__Lachnospirales;f__Lachnospiraceae;g__Enterocloster;s__Enterocloster clostridioformis	source_genomes/GCF_900108895.1_IMG-taxon_2654588144_annotated_assembly.fa	
1684221.0	5.0	596152	GCF_000245055.1	GCF_000245055.1_ASM24505v1.fa	GCF_000245055.1	unmapped										source_genomes/GCF_000245055.1_ASM24505v1.fa	
2897325.0	2.0	876	GCF_900142115.1	GCF_900142115.1_IMG-taxon_2585428154_annotated_assembly.fa	GCF_900142115.1	exact_accession	RS_GCF_900142115.1	bac120	GCA_900142115.1	126333	126333	Halodesulfovibrio aestuarii	Halodesulfovibrio aestuarii	s__Halodesulfovibrio aestuarii	d__Bacteria;p__Desulfobacterota;c__Desulfovibrionia;o__Desulfovibrionales;f__Desulfovibrionaceae;g__Halodesulfovibrio;s__Halodesulfovibrio aestuarii	source_genomes/GCF_900142115.1_IMG-taxon_2585428154_annotated_assembly.fa	
210073.0	1.0	1627893	GCF_001403575.1	GCF_001403575.1_Ihuella_massiliensis.fa	001403575.1	unique_assembly_core	GB_GCA_001403575.1	bac120	GCA_001403575.1	1627893	1627893	Ruminococcaceae bacterium cv2	Ruminococcaceae bacterium cv2	s__Ruthenibacterium lactatiformans	d__Bacteria;p__Bacillota;c__Clostridia;o__Oscillospirales;f__Ruminococcaceae;g__Ruthenibacterium;s__Ruthenibacterium lactatiformans	source_genomes/GCF_001403575.1_Ihuella_massiliensis.fa	
denovo5418.0	1.0	1410613	GCF_000702825.1	GCF_000702825.1_ASM70282v1.fa	GCF_000702825.1	exact_accession	RS_GCF_000702825.1	bac120	GCA_000702825.1	1410613	1410613	Prevotella sp. P6B1	Prevotella sp. P6B1	s__Prevotella sp000702825	d__Bacteria;p__Bacteroidota;c__Bacteroidia;o__Bacteroidales;f__Bacteroidaceae;g__Prevotella;s__Prevotella sp000702825	source_genomes/GCF_000702825.1_ASM70282v1.fa	
denovo8733.0	5.0	525341	GCF_000159615.1	GCF_000159615.1_ASM15961v1.fa	GCF_000159615.1	exact_accession	RS_GCF_000159615.1	bac120	GCA_000159615.1	525341	1598	Limosilactobacillus reuteri	Limosilactobacillus reuteri CF48-3A	s__Limosilactobacillus kinnaridis	d__Bacteria;p__Bacillota;c__Bacilli;o__Lactobacillales;f__Lactobacillaceae;g__Limosilactobacillus;s__Limosilactobacillus kinnaridis	source_genomes/GCF_000159615.1_ASM15961v1.fa	
2883968.1	1.99561916781	1834198	GCF_001688705.2	GCF_001688705.2_ASM168870v2.fa	001688705.2	unique_assembly_core	GB_GCA_001688705.2	bac120	GCA_001688705.2	1834198	1834198	Hungateiclostridiaceae bacterium KB18	Hungateiclostridiaceae bacterium KB18	s__Acutalibacter muris	d__Bacteria;p__Bacillota;c__Clostridia;o__Oscillospirales;f__Acutalibacteraceae;g__Acutalibacter;s__Acutalibacter muris	source_genomes/GCF_001688705.2_ASM168870v2.fa	
2883968.0	2.00438083219	1410672	GCF_000621785.1	GCF_000621785.1_ASM62178v1.fa	GCF_000621785.1	exact_accession	RS_GCF_000621785.1	bac120	GCA_000621785.1	1410672	1265	Ruminococcus flavefaciens	Ruminococcus flavefaciens ND2009	s__Ruminococcus flavefaciens_C	d__Bacteria;p__Bacillota;c__Clostridia;o__Oscillospirales;f__Ruminococcaceae;g__Ruminococcus;s__Ruminococcus flavefaciens_C	source_genomes/GCF_000621785.1_ASM62178v1.fa	
denovo8991.0	1.0	665953	GCF_000185605.1	GCF_000185605.1_ASM18560v1.fa	GCF_000185605.1	exact_accession	RS_GCF_000185605.1	bac120	GCA_000185605.1	665953	28111	Bacteroides eggerthii	Bacteroides eggerthii 1_2_48FAA	s__Bacteroides eggerthii	d__Bacteria;p__Bacteroidota;c__Bacteroidia;o__Bacteroidales;f__Bacteroidaceae;g__Bacteroides;s__Bacteroides eggerthii	source_genomes/GCF_000185605.1_ASM18560v1.fa	
184451.0	9.0	1408320	GCF_000701545.1	GCF_000701545.1_ASM70154v1.fa	000701545.1	unique_assembly_core	GB_GCA_000701545.1	bac120	GCA_000701545.1	1408320	1408320	Lachnospiraceae bacterium AC2014	Lachnospiraceae bacterium AC2014	s__Roseburia ruminis	d__Bacteria;p__Bacillota;c__Clostridia;o__Lachnospirales;f__Lachnospiraceae;g__Roseburia;s__Roseburia ruminis	source_genomes/GCF_000701545.1_ASM70154v1.fa	
4334624.0	3.0	411468	GCF_000154505.1	GCF_000154505.1_ASM15450v1.fa	GCF_000154505.1	exact_accession	RS_GCF_000154505.1	bac120	GCA_000154505.1	411468	29347	[Clostridium] scindens	[Clostridium] scindens ATCC 35704	s__Clostridium_AP scindens	d__Bacteria;p__Bacillota;c__Clostridia;o__Lachnospirales;f__Lachnospiraceae;g__Clostridium_AP;s__Clostridium_AP scindens	source_genomes/GCF_000154505.1_ASM15450v1.fa	
181348.0	1.0	1120996	GCF_900142955.1	GCF_900142955.1_IMG-taxon_2588253509_annotated_assembly.fa	GCF_900142955.1	exact_accession	RS_GCF_900142955.1	bac120	GCA_900142955.1	1120996	264463	Anaerosporobacter mobilis	Anaerosporobacter mobilis DSM 15930	s__Anaerosporobacter mobilis	d__Bacteria;p__Bacillota;c__Clostridia;o__Lachnospirales;f__Lachnospiraceae;g__Anaerosporobacter;s__Anaerosporobacter mobilis	source_genomes/GCF_900142955.1_IMG-taxon_2588253509_annotated_assembly.fa	
denovo4376.1	0.296600377399	1907658	GCF_900128495.1	GCF_900128495.1_PRJEB18049.fa	GCF_900128495.1	exact_accession	RS_GCF_900128495.1	bac120	GCA_900128495.1	1907658	1907658	Bacteroides ilei	Bacteroides ilei	s__Phocaeicola ilei	d__Bacteria;p__Bacteroidota;c__Bacteroidia;o__Bacteroidales;f__Bacteroidaceae;g__Phocaeicola;s__Phocaeicola ilei	source_genomes/GCF_900128495.1_PRJEB18049.fa	
denovo4376.0	0.703399622601	997875	GCF_000273035.1	GCF_000273035.1_Bact_dore_CL02T00C15_V1.fa	GCF_000273035.1	exact_accession	RS_GCF_000273035.1	bac120	GCA_000273035.1	997875	357276	Phocaeicola dorei	Phocaeicola dorei CL02T00C15	s__Phocaeicola dorei	d__Bacteria;p__Bacteroidota;c__Bacteroidia;o__Bacteroidales;f__Bacteroidaceae;g__Phocaeicola;s__Phocaeicola dorei	source_genomes/GCF_000273035.1_Bact_dore_CL02T00C15_V1.fa	
denovo6968.0	5.0	585543	GCF_000162215.1	GCF_000162215.1_ASM16221v1.fa	GCF_000162215.1	exact_accession	RS_GCF_000162215.1	bac120	GCA_000162215.1	585543	585543	Bacteroides sp. D20	Bacteroides sp. D20	s__Bacteroides uniformis	d__Bacteria;p__Bacteroidota;c__Bacteroidia;o__Bacteroidales;f__Bacteroidaceae;g__Bacteroides;s__Bacteroides uniformis	source_genomes/GCF_000162215.1_ASM16221v1.fa	
denovo256.1	0.641632564768	563193	GCF_000162275.1	GCF_000162275.1_ASM16227v1.fa	GCF_000162275.1	exact_accession	RS_GCF_000162275.1	bac120	GCA_000162275.1	563193	563193	Parabacteroides sp. D13	Parabacteroides sp. D13	s__Parabacteroides distasonis	d__Bacteria;p__Bacteroidota;c__Bacteroidia;o__Bacteroidales;f__Tannerellaceae;g__Parabacteroides;s__Parabacteroides distasonis	source_genomes/GCF_000162275.1_ASM16227v1.fa	
denovo256.0	0.358367435232	2025876	GCF_002257605.1	GCF_002257605.1_ASM225760v1.fa	GCF_002257605.1	exact_accession	RS_GCF_002257605.1	bac120	GCA_002257605.1	2025876	2025876	Parabacteroides sp. CT06	Parabacteroides sp. CT06	s__Parabacteroides distasonis	d__Bacteria;p__Bacteroidota;c__Bacteroidia;o__Bacteroidales;f__Tannerellaceae;g__Parabacteroides;s__Parabacteroides distasonis	source_genomes/GCF_002257605.1_ASM225760v1.fa	
denovo329.0	1.0	679199	GCF_000234115.1	GCF_000234115.1_Prevotella_sp_F0323_V1.fa	GCF_000234115.1	exact_accession	RS_GCF_000234115.1	bac120	GCA_000234115.1	679199	671218	Alloprevotella rava	Alloprevotella rava F0323	s__Alloprevotella rava	d__Bacteria;p__Bacteroidota;c__Bacteroidia;o__Bacteroidales;f__Bacteroidaceae;g__Alloprevotella;s__Alloprevotella rava	source_genomes/GCF_000234115.1_Prevotella_sp_F0323_V1.fa	
4469576.0	2.0	1121323	GCF_900142265.1	GCF_900142265.1_IMG-taxon_2585428190_annotated_assembly.fa	GCF_900142265.1	exact_accession	RS_GCF_900142265.1	bac120	GCA_900142265.1	1121323	160404	Anaerotignum lactatifermentans	Anaerotignum lactatifermentans DSM 14214	s__Anaerotignum lactatifermentans	d__Bacteria;p__Bacillota;c__Clostridia;o__Lachnospirales;f__Anaerotignaceae;g__Anaerotignum;s__Anaerotignum lactatifermentans	source_genomes/GCF_900142265.1_IMG-taxon_2585428190_annotated_assembly.fa	
351309.0	14.0	37658	GCF_900112775.1	GCF_900112775.1_IMG-taxon_2599185221_annotated_assembly.fa	GCF_900112775.1	exact_accession	RS_GCF_900112775.1	bac120	GCA_900112775.1	37658	37658	Anaeromicropila populeti	Anaeromicropila populeti	s__Anaeromicropila_A populeti	d__Bacteria;p__Bacillota;c__Clostridia;o__Lachnospirales;f__Lachnospiraceae;g__Anaeromicropila_A;s__Anaeromicropila_A populeti	source_genomes/GCF_900112775.1_IMG-taxon_2599185221_annotated_assembly.fa	
denovo2179.0	1.0	997883	GCF_000273155.1	GCF_000273155.1_Bact_frag_CL07T12C05_V1.fa	GCF_000273155.1	exact_accession	RS_GCF_000273155.1	bac120	GCA_000273155.1	997883	817	Bacteroides fragilis	Bacteroides fragilis CL07T12C05	s__Bacteroides fragilis	d__Bacteria;p__Bacteroidota;c__Bacteroidia;o__Bacteroidales;f__Bacteroidaceae;g__Bacteroides;s__Bacteroides fragilis	source_genomes/GCF_000273155.1_Bact_frag_CL07T12C05_V1.fa	
194878.0	1.0	185008	GCF_900101605.1	GCF_900101605.1_IMG-taxon_2595698227_annotated_assembly.fa	GCF_900101605.1	exact_accession	RS_GCF_900101605.1	bac120	GCA_900101605.1	185008	185008	Butyrivibrio hungatei	Butyrivibrio hungatei	s__Butyrivibrio hungatei_B	d__Bacteria;p__Bacillota;c__Clostridia;o__Lachnospirales;f__Lachnospiraceae;g__Butyrivibrio;s__Butyrivibrio hungatei_B	source_genomes/GCF_900101605.1_IMG-taxon_2595698227_annotated_assembly.fa	
263687.0	1.0	1520801	GCF_900107545.1	GCF_900107545.1_IMG-taxon_2593339240_annotated_assembly.fa	GCF_900107545.1	exact_accession	RS_GCF_900107545.1	bac120	GCA_900107545.1	1520801	1520801	Pseudobutyrivibrio sp. ACV-2	Pseudobutyrivibrio sp. ACV-2	s__Pseudobutyrivibrio sp900107545	d__Bacteria;p__Bacillota;c__Clostridia;o__Lachnospirales;f__Lachnospiraceae;g__Pseudobutyrivibrio;s__Pseudobutyrivibrio sp900107545	source_genomes/GCF_900107545.1_IMG-taxon_2593339240_annotated_assembly.fa	
178480.0	3.0	244362	GCF_900119155.1	GCF_900119155.1_IMG-taxon_2593339149_annotated_assembly.fa	GCF_900119155.1	exact_accession	RS_GCF_900119155.1	bac120	GCA_900119155.1	244362	244362	Ruminococcus sp. YE71	Ruminococcus sp. YE71	s__YE71 sp900119155	d__Bacteria;p__Bacillota;c__Clostridia;o__Oscillospirales;f__Ruminococcaceae;g__YE71;s__YE71 sp900119155	source_genomes/GCF_900119155.1_IMG-taxon_2593339149_annotated_assembly.fa	
175758.0	3.0	877422	GCF_000424465.1	GCF_000424465.1_ASM42446v1.fa	GCF_000424465.1	exact_accession	RS_GCF_000424465.1	bac120	GCA_000424465.1	877422	185008	Butyrivibrio hungatei	Butyrivibrio hungatei NK4A153	s__Butyrivibrio hungatei_A	d__Bacteria;p__Bacillota;c__Clostridia;o__Lachnospirales;f__Lachnospiraceae;g__Butyrivibrio;s__Butyrivibrio hungatei_A	source_genomes/GCF_000424465.1_ASM42446v1.fa	
denovo7195.0	4.0	469586	GCF_000159875.2	GCF_000159875.2_Bact_sp_1_1_6_V2.fa	GCF_000159875.2	exact_accession	RS_GCF_000159875.2	bac120	GCA_000159875.2	818	818	Bacteroides thetaiotaomicron	Bacteroides thetaiotaomicron	s__Bacteroides thetaiotaomicron	d__Bacteria;p__Bacteroidota;c__Bacteroidia;o__Bacteroidales;f__Bacteroidaceae;g__Bacteroides;s__Bacteroides thetaiotaomicron	source_genomes/GCF_000159875.2_Bact_sp_1_1_6_V2.fa	
175706.0	79.0	1227269	GCF_000467795.1	GCF_000467795.1_ASM46779v1.fa	GCF_000467795.1	exact_accession	RS_GCF_000467795.1	bac120	GCA_000467795.1	1227269	837	Porphyromonas gingivalis	Porphyromonas gingivalis F0568	s__Porphyromonas gingivalis	d__Bacteria;p__Bacteroidota;c__Bacteroidia;o__Bacteroidales;f__Porphyromonadaceae;g__Porphyromonas;s__Porphyromonas gingivalis	source_genomes/GCF_000467795.1_ASM46779v1.fa	
denovo5786.0	7.0	702438	GCF_000224615.1	GCF_000224615.1_Prev_oulo_F0390_V1.fa	GCF_000224615.1	exact_accession	RS_GCF_000224615.1	bac120	GCA_000224615.1	702438	28136	Segatella oulorum	Segatella oulorum F0390	s__Prevotella oulorum	d__Bacteria;p__Bacteroidota;c__Bacteroidia;o__Bacteroidales;f__Bacteroidaceae;g__Prevotella;s__Prevotella oulorum	source_genomes/GCF_000224615.1_Prev_oulo_F0390_V1.fa	
197875.0	74.0	742723	GCF_000209385.2	GCF_000209385.2_Lach_bact_2_1_46_FAA_V2.fa	000209385.2	unique_assembly_core	GB_GCA_000209385.2	bac120	GCA_000209385.2	742723	742723	Lachnospiraceae bacterium 2_1_46FAA	Lachnospiraceae bacterium 2_1_46FAA	s__Faecalimonas sp000209385	d__Bacteria;p__Bacillota;c__Clostridia;o__Lachnospirales;f__Lachnospiraceae;g__Faecalimonas;s__Faecalimonas sp000209385	source_genomes/GCF_000209385.2_Lach_bact_2_1_46_FAA_V2.fa	
175333.0	1.0	837	GCF_900157265.1	GCF_900157265.1_A7A1-28.fa	GCF_900157265.1	exact_accession	RS_GCF_900157265.1	bac120	GCA_900157265.1	837	837	Porphyromonas gingivalis	Porphyromonas gingivalis	s__Porphyromonas gingivalis	d__Bacteria;p__Bacteroidota;c__Bacteroidia;o__Bacteroidales;f__Porphyromonadaceae;g__Porphyromonas;s__Porphyromonas gingivalis	source_genomes/GCF_900157265.1_A7A1-28.fa	
denovo1874.0	1.0	226186	GCF_000011065.1	GCF_000011065.1_ASM1106v1.fa	GCF_000011065.1	exact_accession	RS_GCF_000011065.1	bac120	GCA_000011065.1	226186	818	Bacteroides thetaiotaomicron	Bacteroides thetaiotaomicron VPI-5482	s__Bacteroides thetaiotaomicron	d__Bacteria;p__Bacteroidota;c__Bacteroidia;o__Bacteroidales;f__Bacteroidaceae;g__Bacteroides;s__Bacteroides thetaiotaomicron	source_genomes/GCF_000011065.1_ASM1106v1.fa	
327900.0	6.0	745368	GCF_900167555.1	GCF_900167555.1_IMG-taxon_2590828806_annotated_assembly.fa	GCF_900167555.1	exact_accession	RS_GCF_900167555.1	bac120	GCA_900167555.1	745368	745368	Gemmiger formicilis	Gemmiger formicilis	s__Gemmiger formicilis	d__Bacteria;p__Bacillota;c__Clostridia;o__Oscillospirales;f__Ruminococcaceae;g__Gemmiger;s__Gemmiger formicilis	source_genomes/GCF_900167555.1_IMG-taxon_2590828806_annotated_assembly.fa	
denovo2819.1	0.974890791488	1761889	GCF_900115435.1	GCF_900115435.1_IMG-taxon_2623620458_annotated_assembly.fa	GCF_900115435.1	exact_accession	RS_GCF_900115435.1	bac120	GCA_900115435.1	1761889	1761889	Prevotella sp. tf2-5	Prevotella sp. tf2-5	s__Prevotella sp900115435	d__Bacteria;p__Bacteroidota;c__Bacteroidia;o__Bacteroidales;f__Bacteroidaceae;g__Prevotella;s__Prevotella sp900115435	source_genomes/GCF_900115435.1_IMG-taxon_2623620458_annotated_assembly.fa	
denovo2819.0	17.0251092085	1122986	GCF_000382385.1	GCF_000382385.1_ASM38238v1.fa	GCF_000382385.1	exact_accession	RS_GCF_000382385.1	bac120	GCA_000382385.1	1122986	439703	Segatella maculosa	Segatella maculosa DSM 19339 = JCM 15638	s__Prevotella maculosa	d__Bacteria;p__Bacteroidota;c__Bacteroidia;o__Bacteroidales;f__Bacteroidaceae;g__Prevotella;s__Prevotella maculosa	source_genomes/GCF_000382385.1_ASM38238v1.fa	
187962.0	3.0	1597	GCF_002442835.1	GCF_002442835.1_ASM244283v1.fa	GCF_002442835.1	exact_accession	RS_GCF_002442835.1	bac120	GCA_002442835.1	1597	1597	Lacticaseibacillus paracasei	Lacticaseibacillus paracasei	s__Lacticaseibacillus paracasei	d__Bacteria;p__Bacillota;c__Bacilli;o__Lactobacillales;f__Lactobacillaceae;g__Lacticaseibacillus;s__Lacticaseibacillus paracasei	source_genomes/GCF_002442835.1_ASM244283v1.fa	
340139.0	46.0	397287	GCF_000403275.1	GCF_000403275.1_Lach_bact_28-4_V1.fa	GCF_000403275.1	unmapped										source_genomes/GCF_000403275.1_Lach_bact_28-4_V1.fa	
3327894.0	0.0869208507873	411476	GCF_000154125.1	GCF_000154125.1_ASM15412v1.fa	GCF_000154125.1	exact_accession	RS_GCF_000154125.1	bac120	GCA_000154125.1	411476	28116	Bacteroides ovatus	Bacteroides ovatus ATCC 8483	s__Bacteroides ovatus	d__Bacteria;p__Bacteroidota;c__Bacteroidia;o__Bacteroidales;f__Bacteroidaceae;g__Bacteroides;s__Bacteroides ovatus	source_genomes/GCF_000154125.1_ASM15412v1.fa	
denovo7795.0	6.0	246198	GCF_000261025.1	GCF_000261025.1_ASM26102v1.fa	GCF_000261025.1	exact_accession	RS_GCF_000261025.1	bac120	GCA_000261025.1	246198	28131	Prevotella intermedia	Prevotella intermedia 17	s__Prevotella intermedia	d__Bacteria;p__Bacteroidota;c__Bacteroidia;o__Bacteroidales;f__Bacteroidaceae;g__Prevotella;s__Prevotella intermedia	source_genomes/GCF_000261025.1_ASM26102v1.fa	
193680.0	6.03805901645	1532	GCF_002221555.2	GCF_002221555.2_ASM222155v2.fa	GCF_002221555.2	exact_accession	RS_GCF_002221555.2	bac120	GCA_002221555.2	1796616	1796616	Blautia pseudococcoides	Blautia pseudococcoides	s__Blautia pseudococcoides	d__Bacteria;p__Bacillota;c__Clostridia;o__Lachnospirales;f__Lachnospiraceae;g__Blautia;s__Blautia pseudococcoides	source_genomes/GCF_002221555.2_ASM222155v2.fa	
1109559.0	10.0	658089	GCF_000185525.1	GCF_000185525.1_ASM18552v1.fa	000185525.1	unique_assembly_core	GB_GCA_000185525.1	bac120	GCA_000185525.1	658089	658089	Lachnospiraceae bacterium 5_1_63FAA	Lachnospiraceae bacterium 5_1_63FAA	s__Anaerostipes hadrus	d__Bacteria;p__Bacillota;c__Clostridia;o__Lachnospirales;f__Lachnospiraceae;g__Anaerostipes;s__Anaerostipes hadrus	source_genomes/GCF_000185525.1_ASM18552v1.fa	
denovo2280.0	6.0	525325	GCF_000159215.1	GCF_000159215.1_ASM15921v1.fa	GCF_000159215.1	exact_accession	RS_GCF_000159215.1	bac120	GCA_000159215.1	525325	1613	Limosilactobacillus fermentum	Limosilactobacillus fermentum ATCC 14931	s__Limosilactobacillus fermentum	d__Bacteria;p__Bacillota;c__Bacilli;o__Lactobacillales;f__Lactobacillaceae;g__Limosilactobacillus;s__Limosilactobacillus fermentum	source_genomes/GCF_000159215.1_ASM15921v1.fa	
1108599.0	174.0	1408428	GCF_000701705.1	GCF_000701705.1_ASM70170v1.fa	GCF_000701705.1	exact_accession	RS_GCF_000701705.1	bac120	GCA_000701705.1	1408428	35833	Bilophila wadsworthia	Bilophila wadsworthia ATCC 49260	s__Bilophila wadsworthia	d__Bacteria;p__Desulfobacterota;c__Desulfovibrionia;o__Desulfovibrionales;f__Desulfovibrionaceae;g__Bilophila;s__Bilophila wadsworthia	source_genomes/GCF_000701705.1_ASM70170v1.fa	
denovo9496.0	1.0	1582	GCF_002091975.1	GCF_002091975.1_ASM209197v1.fa	002091975.1	unique_assembly_core	GB_GCA_002091975.1	bac120	GCA_002091975.1	1582	1582	Lacticaseibacillus casei	Lacticaseibacillus casei	s__Lacticaseibacillus paracasei	d__Bacteria;p__Bacillota;c__Bacilli;o__Lactobacillales;f__Lactobacillaceae;g__Lacticaseibacillus;s__Lacticaseibacillus paracasei	source_genomes/GCF_002091975.1_ASM209197v1.fa	
324894.0	4.07740190717	1720300	GCF_001487105.1	GCF_001487105.1_Ruminococcus_phoceensis.fa	GCF_001487105.1	exact_accession	RS_GCF_001487105.1	bac120	GCA_001487105.1	1720300	1720300	Mediterraneibacter massiliensis	Mediterraneibacter massiliensis	s__Mediterraneibacter massiliensis	d__Bacteria;p__Bacillota;c__Clostridia;o__Lachnospirales;f__Lachnospiraceae;g__Mediterraneibacter;s__Mediterraneibacter massiliensis	source_genomes/GCF_001487105.1_Ruminococcus_phoceensis.fa	
denovo5602.0	9.0	563192	GCF_000185705.2	GCF_000185705.2_Bilo_wads_3_1_6_V2.fa	GCF_000185705.2	exact_accession	RS_GCF_000185705.2	bac120	GCA_000185705.2	563192	35833	Bilophila wadsworthia	Bilophila wadsworthia 3_1_6	s__Bilophila wadsworthia	d__Bacteria;p__Desulfobacterota;c__Desulfovibrionia;o__Desulfovibrionales;f__Desulfovibrionaceae;g__Bilophila;s__Bilophila wadsworthia	source_genomes/GCF_000185705.2_Bilo_wads_3_1_6_V2.fa	
denovo527.0	0.969302437332	1121098	GCF_000382445.1	GCF_000382445.1_Bact_mass_DSM_17679_V1.fa	GCF_000382445.1	exact_accession	RS_GCF_000382445.1	bac120	GCA_000382445.1	1121098	204516	Phocaeicola massiliensis	Phocaeicola massiliensis B84634 = Timone 84634 = DSM 17679 = JCM 13223	s__Phocaeicola massiliensis	d__Bacteria;p__Bacteroidota;c__Bacteroidia;o__Bacteroidales;f__Bacteroidaceae;g__Phocaeicola;s__Phocaeicola massiliensis	source_genomes/GCF_000382445.1_Bact_mass_DSM_17679_V1.fa	
denovo527.1	1.03069756267	1739298	GCF_001811315.1	GCF_001811315.1_ASM181131v1.fa	GCF_001811315.1	exact_accession	RS_GCF_001811315.1	bac120	GCA_001811315.1	1739298	1739298	Bacteroides sp. HMSC067B03	Bacteroides sp. HMSC067B03	s__Bacteroides faecis	d__Bacteria;p__Bacteroidota;c__Bacteroidia;o__Bacteroidales;f__Bacteroidaceae;g__Bacteroides;s__Bacteroides faecis	source_genomes/GCF_001811315.1_ASM181131v1.fa	
339549.1	0.592721321881	111105	GCF_000971515.1	GCF_000971515.1_ASM97151v1.fa	GCF_000971515.1	exact_accession	RS_GCF_000971515.1	bac120	GCA_000971515.1	111105	111105	Porphyromonas gulae	Porphyromonas gulae	s__Porphyromonas gulae	d__Bacteria;p__Bacteroidota;c__Bacteroidia;o__Bacteroidales;f__Porphyromonadaceae;g__Porphyromonas;s__Porphyromonas gulae	source_genomes/GCF_000971515.1_ASM97151v1.fa	
273737.0	4.0	258515	GCF_900103835.1	GCF_900103835.1_IMG-taxon_2667527408_annotated_assembly.fa	GCF_900103835.1	exact_accession	RS_GCF_900103835.1	bac120	GCA_900103835.1	258515	258515	Acetanaerobacterium elongatum	Acetanaerobacterium elongatum	s__Acetanaerobacterium elongatum	d__Bacteria;p__Bacillota;c__Clostridia;o__Oscillospirales;f__Ruminococcaceae;g__Acetanaerobacterium;s__Acetanaerobacterium elongatum	source_genomes/GCF_900103835.1_IMG-taxon_2667527408_annotated_assembly.fa	
denovo2073.0	1.0	303541	GCF_000970735.1	GCF_000970735.1_ASM97073v1.fa	GCF_000970735.1	exact_accession	RS_GCF_000970735.1	bac120	GCA_000970735.1	303541	303541	Lactobacillus apis	Lactobacillus apis	s__Lactobacillus apis_A	d__Bacteria;p__Bacillota;c__Bacilli;o__Lactobacillales;f__Lactobacillaceae;g__Lactobacillus;s__Lactobacillus apis_A	source_genomes/GCF_000970735.1_ASM97073v1.fa	
3154070.0	6.0	997884	GCF_000273175.1	GCF_000273175.1_Bact_nord_CL02T12C05_V1.fa	GCF_000273175.1	exact_accession	RS_GCF_000273175.1	bac120	GCA_000273175.1	997884	291645	Bacteroides nordii	Bacteroides nordii CL02T12C05	s__Bacteroides nordii	d__Bacteria;p__Bacteroidota;c__Bacteroidia;o__Bacteroidales;f__Bacteroidaceae;g__Bacteroides;s__Bacteroides nordii	source_genomes/GCF_000273175.1_Bact_nord_CL02T12C05_V1.fa	
denovo7466.0	35.0	1236518	GCF_900129535.1	GCF_900129535.1_IMG-taxon_2695420955_annotated_assembly.fa	GCF_900129535.1	exact_accession	RS_GCF_900129535.1	bac120	GCA_900129535.1	1236518	589437	Prevotella scopos	Prevotella scopos JCM 17725	s__Prevotella scopos	d__Bacteria;p__Bacteroidota;c__Bacteroidia;o__Bacteroidales;f__Bacteroidaceae;g__Prevotella;s__Prevotella scopos	source_genomes/GCF_900129535.1_IMG-taxon_2695420955_annotated_assembly.fa	
637934.0	3.0	1424294	GCF_001750685.1	GCF_001750685.1_ASM175068v1.fa	GCF_001750685.1	exact_accession	RS_GCF_001750685.1	bac120	GCA_001750685.1	1424294	1424294	Geosporobacter ferrireducens	Geosporobacter ferrireducens	s__Geosporobacter ferrireducens	d__Bacteria;p__Bacillota;c__Clostridia;o__Peptostreptococcales;f__Thermotaleaceae;g__Geosporobacter;s__Geosporobacter ferrireducens	source_genomes/GCF_001750685.1_ASM175068v1.fa	
denovo4635.0	1.0	1624	GCF_002079435.1	GCF_002079435.1_ASM207943v1.fa	GCF_002079435.1	exact_accession	RS_GCF_002079435.1	bac120	GCA_002079435.1	1624	1624	Ligilactobacillus salivarius	Ligilactobacillus salivarius	s__Ligilactobacillus salivarius	d__Bacteria;p__Bacillota;c__Bacilli;o__Lactobacillales;f__Lactobacillaceae;g__Ligilactobacillus;s__Ligilactobacillus salivarius	source_genomes/GCF_002079435.1_ASM207943v1.fa	
166911.0	2.0	1604	GCF_000191545.1	GCF_000191545.1_ASM19154v1.fa	GCF_000191545.1	exact_accession	RS_GCF_000191545.1	bac120	GCA_000191545.1	1604	1604	Lactobacillus amylovorus	Lactobacillus amylovorus	s__Lactobacillus amylovorus	d__Bacteria;p__Bacillota;c__Bacilli;o__Lactobacillales;f__Lactobacillaceae;g__Lactobacillus;s__Lactobacillus amylovorus	source_genomes/GCF_000191545.1_ASM19154v1.fa	
348376.0	0.92339440037	742765	GCF_000225745.1	GCF_000225745.1_Dorea_form_4_6_53AFAA_V1.fa	000225745.1	unique_assembly_core	GB_GCA_000225745.1	bac120	GCA_000225745.1	742765	39486	Dorea formicigenerans	Dorea formicigenerans 4_6_53AFAA	s__Dorea formicigenerans	d__Bacteria;p__Bacillota;c__Clostridia;o__Lachnospirales;f__Lachnospiraceae;g__Dorea;s__Dorea formicigenerans	source_genomes/GCF_000225745.1_Dorea_form_4_6_53AFAA_V1.fa	
405780.0	1.0	663278	GCF_000178115.2	GCF_000178115.2_ASM17811v2.fa	GCF_000178115.2	exact_accession	RS_GCF_000178115.2	bac120	GCA_000178115.2	663278	253239	Ethanoligenens harbinense	Ethanoligenens harbinense YUAN-3	s__Ethanoligenens harbinense	d__Bacteria;p__Bacillota;c__Clostridia;o__Oscillospirales;f__Ethanoligenentaceae;g__Ethanoligenens;s__Ethanoligenens harbinense	source_genomes/GCF_000178115.2_ASM17811v2.fa	
4372003.0	16.0	1078087	GCF_000969845.1	GCF_000969845.1_Para_sp_HGS0025_V1.fa	GCF_000969845.1	exact_accession	RS_GCF_000969845.1	bac120	GCA_000969845.1	1078087	1078087	Parabacteroides sp. HGS0025	Parabacteroides sp. HGS0025	s__Parabacteroides gordonii	d__Bacteria;p__Bacteroidota;c__Bacteroidia;o__Bacteroidales;f__Tannerellaceae;g__Parabacteroides;s__Parabacteroides gordonii	source_genomes/GCF_000969845.1_Para_sp_HGS0025_V1.fa	
196664.0	1.78430148786	469589	GCF_000162175.1	GCF_000162175.1_ASM16217v1.fa	000162175.1	unique_assembly_core	GB_GCA_000162175.1	bac120	GCA_000162175.1	469589	469589	Bacteroides sp. 2_1_33B	Bacteroides sp. 2_1_33B	s__Parabacteroides distasonis	d__Bacteria;p__Bacteroidota;c__Bacteroidia;o__Bacteroidales;f__Tannerellaceae;g__Parabacteroides;s__Parabacteroides distasonis	source_genomes/GCF_000162175.1_ASM16217v1.fa	
175712.0	1.0	837	GCF_002204455.1	GCF_002204455.1_ASM220445v1.fa	GCF_002204455.1	exact_accession	RS_GCF_002204455.1	bac120	GCA_002204455.1	837	837	Porphyromonas gingivalis	Porphyromonas gingivalis	s__Porphyromonas gingivalis	d__Bacteria;p__Bacteroidota;c__Bacteroidia;o__Bacteroidales;f__Porphyromonadaceae;g__Porphyromonas;s__Porphyromonas gingivalis	source_genomes/GCF_002204455.1_ASM220445v1.fa	
181961.0	37.0	1122930	GCF_900176335.1	GCF_900176335.1_IMG-taxon_2588254267_annotated_assembly.fa	GCF_900176335.1	exact_accession	RS_GCF_900176335.1	bac120	GCA_900176335.1	1122930	100176	Papillibacter cinnamivorans	Papillibacter cinnamivorans DSM 12816	s__Papillibacter cinnamivorans	d__Bacteria;p__Bacillota;c__Clostridia;o__Oscillospirales;f__Oscillospiraceae;g__Papillibacter;s__Papillibacter cinnamivorans	source_genomes/GCF_900176335.1_IMG-taxon_2588254267_annotated_assembly.fa	
denovo944.1	2.01650298181	1280705	GCF_000424605.1	GCF_000424605.1_ASM42460v1.fa	GCF_000424605.1	exact_accession	RS_GCF_000424605.1	bac120	GCA_000424605.1	1280705	305719	Segatella baroniae	Segatella baroniae C21a	s__Prevotella bryantii	d__Bacteria;p__Bacteroidota;c__Bacteroidia;o__Bacteroidales;f__Bacteroidaceae;g__Prevotella;s__Prevotella bryantii	source_genomes/GCF_000424605.1_ASM42460v1.fa	
denovo944.0	3.98349701819	1520830	GCF_900119285.1	GCF_900119285.1_IMG-taxon_2593339271_annotated_assembly.fa	900119285.1	unique_assembly_core	GB_GCA_900119285.1	bac120	GCA_900119285.1	1520830	1520830	Prevotellaceae bacterium HUN156	Prevotellaceae bacterium HUN156	s__Prevotella sp900119285	d__Bacteria;p__Bacteroidota;c__Bacteroidia;o__Bacteroidales;f__Bacteroidaceae;g__Prevotella;s__Prevotella sp900119285	source_genomes/GCF_900119285.1_IMG-taxon_2593339271_annotated_assembly.fa	
denovo7784.1	1.05206058002	1725361	GCF_001073445.1	GCF_001073445.1_ASM107344v1.fa	GCF_001073445.1	exact_accession	RS_GCF_001073445.1	bac120	GCA_001073445.1	1725361	1725361	Granulicatella sp. 572.rep1_STHE	Granulicatella sp. 572.rep1_STHE	s__Granulicatella adiacens	d__Bacteria;p__Bacillota;c__Bacilli;o__Lactobacillales;f__Aerococcaceae;g__Granulicatella;s__Granulicatella adiacens	source_genomes/GCF_001073445.1_ASM107344v1.fa	
193418.0	4.00060916317	1120953	GCF_000429145.1	GCF_000429145.1_ASM42914v1.fa	GCF_000429145.1	exact_accession	RS_GCF_000429145.1	bac120	GCA_000429145.1	1120953	226010	Aestuariibacter salexigens	Aestuariibacter salexigens DSM 15300	s__Aestuariibacter salexigens	d__Bacteria;p__Pseudomonadota;c__Gammaproteobacteria;o__Enterobacterales;f__Alteromonadaceae;g__Aestuariibacter;s__Aestuariibacter salexigens	source_genomes/GCF_000429145.1_ASM42914v1.fa	
193418.1	5.99939083683	634436	GCF_900129565.1	GCF_900129565.1_IMG-taxon_2675903007_annotated_assembly.fa	GCF_900129565.1	exact_accession	RS_GCF_900129565.1	bac120	GCA_900129565.1	634436	634436	Marisediminitalea aggregata	Marisediminitalea aggregata	s__Alteromonas aggregata	d__Bacteria;p__Pseudomonadota;c__Gammaproteobacteria;o__Enterobacterales;f__Alteromonadaceae;g__Alteromonas;s__Alteromonas aggregata	source_genomes/GCF_900129565.1_IMG-taxon_2675903007_annotated_assembly.fa	
4354103.0	16.0	89059	GCF_001436945.1	GCF_001436945.1_ASM143694v1.fa	GCF_001436945.1	exact_accession	RS_GCF_001436945.1	bac120	GCA_001436945.1	89059	89059	Ligilactobacillus acidipiscis	Ligilactobacillus acidipiscis	s__Ligilactobacillus acidipiscis	d__Bacteria;p__Bacillota;c__Bacilli;o__Lactobacillales;f__Lactobacillaceae;g__Ligilactobacillus;s__Ligilactobacillus acidipiscis	source_genomes/GCF_001436945.1_ASM143694v1.fa	
4444771.1	2.05081945018	1211844	GCF_000455285.1	GCF_000455285.1_Sm_AP9.fa	GCF_000455285.1	exact_accession	RS_GCF_000455285.1	bac120	GCA_000455285.1	1211844	1470350	Candidatus Stoquefichus massiliensis	Candidatus Stoquefichus massiliensis AP9	s__Stoquefichus massiliensis	d__Bacteria;p__Bacillota_I;c__Bacilli_A;o__Erysipelotrichales;f__Coprobacillaceae;g__Stoquefichus;s__Stoquefichus massiliensis	source_genomes/GCF_000455285.1_Sm_AP9.fa	
270030.0	5.0	1265	GCF_900119535.1	GCF_900119535.1_IMG-taxon_2606217757_annotated_assembly.fa	GCF_900119535.1	exact_accession	RS_GCF_900119535.1	bac120	GCA_900119535.1	1452269	1452269	Ruminococcus sp. XPD3002	Ruminococcus sp. XPD3002	s__Ruminococcus flavefaciens_H	d__Bacteria;p__Bacillota;c__Clostridia;o__Oscillospirales;f__Ruminococcaceae;g__Ruminococcus;s__Ruminococcus flavefaciens_H	source_genomes/GCF_900119535.1_IMG-taxon_2606217757_annotated_assembly.fa	
245324.0	0.0483229881549	1235794	GCF_000403355.2	GCF_000403355.2_Ente_caec_B7_V1.fa	GCF_000403355.2	exact_accession	RS_GCF_000403355.2	bac120	GCA_000403355.2	1235794	671266	Adlercreutzia caecimuris	Adlercreutzia caecimuris B7	s__Adlercreutzia caecimuris	d__Bacteria;p__Actinomycetota;c__Coriobacteriia;o__Coriobacteriales;f__Eggerthellaceae;g__Adlercreutzia;s__Adlercreutzia caecimuris	source_genomes/GCF_000403355.2_Ente_caec_B7_V1.fa	
460611.0	13.0	1280699	GCF_000424405.1	GCF_000424405.1_ASM42440v1.fa	GCF_000424405.1	exact_accession	RS_GCF_000424405.1	bac120	GCA_000424405.1	1280699	831	Butyrivibrio fibrisolvens	Butyrivibrio fibrisolvens WTE3004	s__Butyrivibrio fibrisolvens_C	d__Bacteria;p__Bacillota;c__Clostridia;o__Lachnospirales;f__Lachnospiraceae;g__Butyrivibrio;s__Butyrivibrio fibrisolvens_C	source_genomes/GCF_000424405.1_ASM42440v1.fa	
denovo3222.0	1.0	1423721	GCF_001436185.1	GCF_001436185.1_ASM143618v1.fa	GCF_001436185.1	exact_accession	RS_GCF_001436185.1	bac120	GCA_001436185.1	1423721	1603	Amylolactobacillus amylophilus	Amylolactobacillus amylophilus DSM 20533 = JCM 1125	s__Amylolactobacillus amylophilus	d__Bacteria;p__Bacillota;c__Bacilli;o__Lactobacillales;f__Lactobacillaceae;g__Amylolactobacillus;s__Amylolactobacillus amylophilus	source_genomes/GCF_001436185.1_ASM143618v1.fa	
539647.0	2.0	1598	GCF_002253685.1	GCF_002253685.1_ASM225368v1.fa	GCF_002253685.1	exact_accession	RS_GCF_002253685.1	bac120	GCA_002253685.1	1598	1598	Limosilactobacillus reuteri	Limosilactobacillus reuteri	s__Limosilactobacillus reuteri_K	d__Bacteria;p__Bacillota;c__Bacilli;o__Lactobacillales;f__Lactobacillaceae;g__Limosilactobacillus;s__Limosilactobacillus reuteri_K	source_genomes/GCF_002253685.1_ASM225368v1.fa	
304047.0	42.0	817	GCF_001682215.1	GCF_001682215.1_ASM168221v1.fa	GCF_001682215.1	exact_accession	RS_GCF_001682215.1	bac120	GCA_001682215.1	817	817	Bacteroides fragilis	Bacteroides fragilis	s__Bacteroides fragilis	d__Bacteria;p__Bacteroidota;c__Bacteroidia;o__Bacteroidales;f__Bacteroidaceae;g__Bacteroides;s__Bacteroides fragilis	source_genomes/GCF_001682215.1_ASM168221v1.fa	
4449518.0	44.0	679935	GCF_000265365.1	GCF_000265365.1_ASM26536v1.fa	GCF_000265365.1	exact_accession	RS_GCF_000265365.1	bac120	GCA_000265365.1	679935	214856	Alistipes finegoldii	Alistipes finegoldii DSM 17242	s__Alistipes finegoldii	d__Bacteria;p__Bacteroidota;c__Bacteroidia;o__Bacteroidales;f__Rikenellaceae;g__Alistipes;s__Alistipes finegoldii	source_genomes/GCF_000265365.1_ASM26536v1.fa	
228730.0	0.183267260919	837	GCF_002754035.1	GCF_002754035.1_ASM275403v1.fa	GCF_002754035.1	exact_accession	RS_GCF_002754035.1	bac120	GCA_002754035.1	837	837	Porphyromonas gingivalis	Porphyromonas gingivalis	s__Porphyromonas gingivalis	d__Bacteria;p__Bacteroidota;c__Bacteroidia;o__Bacteroidales;f__Porphyromonadaceae;g__Porphyromonas;s__Porphyromonas gingivalis	source_genomes/GCF_002754035.1_ASM275403v1.fa	
228730.1	16.8167327391	1403336	GCF_001274615.1	GCF_001274615.1_ASM127461v1.fa	GCF_001274615.1	exact_accession	RS_GCF_001274615.1	bac120	GCA_001274615.1	1403336	837	Porphyromonas gingivalis	Porphyromonas gingivalis AJW4	s__Porphyromonas gingivalis	d__Bacteria;p__Bacteroidota;c__Bacteroidia;o__Bacteroidales;f__Porphyromonadaceae;g__Porphyromonas;s__Porphyromonas gingivalis	source_genomes/GCF_001274615.1_ASM127461v1.fa	
269058.0	1.0	47715	GCF_001831275.1	GCF_001831275.1_ASM183127v1.fa	GCF_001831275.1	exact_accession	RS_GCF_001831275.1	bac120	GCA_001831275.1	47715	47715	Lacticaseibacillus rhamnosus	Lacticaseibacillus rhamnosus	s__Lacticaseibacillus rhamnosus	d__Bacteria;p__Bacillota;c__Bacilli;o__Lactobacillales;f__Lactobacillaceae;g__Lacticaseibacillus;s__Lacticaseibacillus rhamnosus	source_genomes/GCF_001831275.1_ASM183127v1.fa	
denovo8701.0	1.0	1122931	GCF_000428565.1	GCF_000428565.1_ASM42856v1.fa	GCF_000428565.1	exact_accession	RS_GCF_000428565.1	bac120	GCA_000428565.1	1203610	574930	Parabacteroides gordonii	Parabacteroides gordonii MS-1 = DSM 23371	s__Parabacteroides gordonii	d__Bacteria;p__Bacteroidota;c__Bacteroidia;o__Bacteroidales;f__Tannerellaceae;g__Parabacteroides;s__Parabacteroides gordonii	source_genomes/GCF_000428565.1_ASM42856v1.fa	
denovo12370.0	7.0	28131	GCF_001548195.1	GCF_001548195.1_ASM154819v1.fa	GCF_001548195.1	exact_accession	RS_GCF_001548195.1	bac120	GCA_001548195.1	28131	28131	Prevotella intermedia	Prevotella intermedia	s__Prevotella intermedia	d__Bacteria;p__Bacteroidota;c__Bacteroidia;o__Bacteroidales;f__Bacteroidaceae;g__Prevotella;s__Prevotella intermedia	source_genomes/GCF_001548195.1_ASM154819v1.fa	
276629.0	1.0	837	GCF_000739415.1	GCF_000739415.1_ASM73941v1.fa	GCF_000739415.1	exact_accession	RS_GCF_000739415.1	bac120	GCA_000739415.1	837	837	Porphyromonas gingivalis	Porphyromonas gingivalis	s__Porphyromonas gingivalis	d__Bacteria;p__Bacteroidota;c__Bacteroidia;o__Bacteroidales;f__Porphyromonadaceae;g__Porphyromonas;s__Porphyromonas gingivalis	source_genomes/GCF_000739415.1_ASM73941v1.fa	
258485.0	0.768874217243	837	GCF_002753955.1	GCF_002753955.1_ASM275395v1.fa	GCF_002753955.1	exact_accession	RS_GCF_002753955.1	bac120	GCA_002753955.1	837	837	Porphyromonas gingivalis	Porphyromonas gingivalis	s__Porphyromonas gingivalis	d__Bacteria;p__Bacteroidota;c__Bacteroidia;o__Bacteroidales;f__Porphyromonadaceae;g__Porphyromonas;s__Porphyromonas gingivalis	source_genomes/GCF_002753955.1_ASM275395v1.fa	
258485.1	0.231125782757	837	GCF_900157345.1	GCF_900157345.1_AFR-5B1.fa	GCF_900157345.1	exact_accession	RS_GCF_900157345.1	bac120	GCA_900157345.1	837	837	Porphyromonas gingivalis	Porphyromonas gingivalis	s__Porphyromonas gingivalis	d__Bacteria;p__Bacteroidota;c__Bacteroidia;o__Bacteroidales;f__Porphyromonadaceae;g__Porphyromonas;s__Porphyromonas gingivalis	source_genomes/GCF_900157345.1_AFR-5B1.fa	
328617.0	1.0	1321819	GCF_000466505.1	GCF_000466505.1_ASM46650v1.fa	GCF_000466505.1	exact_accession	RS_GCF_000466505.1	bac120	GCA_000466505.1	1321819	310300	Bacteroides pyogenes	Bacteroides pyogenes F0041	s__Bacteroides pyogenes_A	d__Bacteria;p__Bacteroidota;c__Bacteroidia;o__Bacteroidales;f__Bacteroidaceae;g__Bacteroides;s__Bacteroides pyogenes_A	source_genomes/GCF_000466505.1_ASM46650v1.fa	
4480176.0	7.0	1200751	GCF_900100595.1	GCF_900100595.1_IMG-taxon_2593339217_annotated_assembly.fa	900100595.1	unique_assembly_core	GB_GCA_900100595.1	bac120	GCA_900100595.1	1200751	1200751	Ruminococcaceae bacterium P7	Ruminococcaceae bacterium P7	s__Ruminococcoides sp900100595	d__Bacteria;p__Bacillota;c__Clostridia;o__Oscillospirales;f__Acutalibacteraceae;g__Ruminococcoides;s__Ruminococcoides sp900100595	source_genomes/GCF_900100595.1_IMG-taxon_2593339217_annotated_assembly.fa	
827592.1	0.475970050873	1121335	GCF_000331995.1	GCF_000331995.1_ASM33199v1.fa	GCF_000331995.1	exact_accession	RS_GCF_000331995.1	bac120	GCA_000331995.1	1121335	1510	Thermoclostridium stercorarium	Thermoclostridium stercorarium subsp. stercorarium DSM 8532	s__Thermoclostridium stercorarium	d__Bacteria;p__Bacillota;c__Clostridia;o__DSM-8532;f__DSM-8532;g__Thermoclostridium;s__Thermoclostridium stercorarium	source_genomes/GCF_000331995.1_ASM33199v1.fa	
288521.0	1.0	1599	GCF_002751085.1	GCF_002751085.1_ASM275108v1.fa	GCF_002751085.1	exact_accession	RS_GCF_002751085.1	bac120	GCA_002751085.1	1599	1599	Latilactobacillus sakei	Latilactobacillus sakei	s__Latilactobacillus sakei	d__Bacteria;p__Bacillota;c__Bacilli;o__Lactobacillales;f__Lactobacillaceae;g__Latilactobacillus;s__Latilactobacillus sakei	source_genomes/GCF_002751085.1_ASM275108v1.fa	
1111580.0	1.0	474960	GCF_900110045.1	GCF_900110045.1_IMG-taxon_2667527384_annotated_assembly.fa	GCF_900110045.1	exact_accession	RS_GCF_900110045.1	bac120	GCA_900110045.1	474960	474960	Hydrogenoanaerobacterium saccharovorans	Hydrogenoanaerobacterium saccharovorans	s__Hydrogenoanaerobacterium saccharovorans	d__Bacteria;p__Bacillota;c__Clostridia;o__Oscillospirales;f__Ruminococcaceae;g__Hydrogenoanaerobacterium;s__Hydrogenoanaerobacterium saccharovorans	source_genomes/GCF_900110045.1_IMG-taxon_2667527384_annotated_assembly.fa	
1995182.0	1.0	1579	GCF_000934625.1	GCF_000934625.1_ASM93462v1.fa	GCF_000934625.1	exact_accession	RS_GCF_000934625.1	bac120	GCA_000934625.1	1579	1579	Lactobacillus acidophilus	Lactobacillus acidophilus	s__Lactobacillus acidophilus	d__Bacteria;p__Bacillota;c__Bacilli;o__Lactobacillales;f__Lactobacillaceae;g__Lactobacillus;s__Lactobacillus acidophilus	source_genomes/GCF_000934625.1_ASM93462v1.fa	
