route	sample	status	gtdb_species	truth_abundance	truth_abundance_pct	high_truth_abundance	raw_candidate_present	raw_mode	raw_accession	gtdb_mapping_method	ANI	XnY_ctx	Real_min_align_fraction	Ref_breadth	Ref_hit_mean_depth	Ref_zip_af	Ref_zip_aaf_ani	Default_call	Default_call_rule	profile_path	raw_path
marine_setup_truth_profile_rescore	3	FN	s__Hyperthermus butylicus	0.0687427882179502	6.87427882179502	True	True	split_exact	GCF_000015145.1	exact_accession	0.999847	1000.0	1.0	0.996648	36.919349	0.996648	0.999847	major	breadth>=0.5;rel_depth>=1e-4;support>=min(S,max(100,ceil(S/100)));ANI>=0.95	/mnt/new3T/minco_marine_selected_default_20260630/minco_sample3_current_default.tsv	/mnt/new3T/minco_marine_selected_default_20260630/sample3_work/minco.best_diff_split.exact.unfiltered.tsv
marine_setup_truth_profile_rescore	3	FN	s__Palaeococcus pacificus	0.017543630259902	1.7543630259902	True	True	split_exact	GCF_000725425.1	exact_accession	0.998512	1000.0	1.0	0.967702	9.194086	0.967801	0.998512	major	breadth>=0.5;rel_depth>=1e-4;support>=min(S,max(100,ceil(S/100)));ANI>=0.95	/mnt/new3T/minco_marine_selected_default_20260630/minco_sample3_current_default.tsv	/mnt/new3T/minco_marine_selected_default_20260630/sample3_work/minco.best_diff_split.exact.unfiltered.tsv
marine_setup_truth_profile_rescore	3	FN	s__Psychrobacter sp000586415	0.0145134560003661	1.45134560003661	True	True	split_exact	GCF_904846625.1	exact_accession	0.859006	359.0	0.359	0.044204	4.148724	0.044966	0.859006	weak	below_default_call_thresholds	/mnt/new3T/minco_marine_selected_default_20260630/minco_sample3_current_default.tsv	/mnt/new3T/minco_marine_selected_default_20260630/sample3_work/minco.best_diff_split.exact.unfiltered.tsv
marine_setup_truth_profile_rescore	3	FN	s__Methylomonas methanica	0.0079758632074084	0.7975863207408399	False	True	split_exact	GCF_001644045.1	exact_accession	0.663887	3.0	0.003	0.000609	4.802885	0.000615	0.663887	weak	below_default_call_thresholds	/mnt/new3T/minco_marine_selected_default_20260630/minco_sample3_current_default.tsv	/mnt/new3T/minco_marine_selected_default_20260630/sample3_work/minco.best_diff_split.exact.unfiltered.tsv
marine_setup_truth_profile_rescore	3	FN	s__Clostridium cagae	0.0063806905659267	0.63806905659267	False	True	split_exact	GCF_900290265.1	exact_accession	0.95959	606.0	0.606	0.397817	3.549937	0.411056	0.95959	weak	below_default_call_thresholds	/mnt/new3T/minco_marine_selected_default_20260630/minco_sample3_current_default.tsv	/mnt/new3T/minco_marine_selected_default_20260630/sample3_work/minco.best_diff_split.exact.unfiltered.tsv
marine_setup_truth_profile_rescore	3	FN	s__Shewanella sp029835735	0.0052627621983309	0.52627621983309	False	True	split_exact	GCF_029835735.1	exact_accession	0.93119	460.0	0.46	0.210122	3.243209	0.22007	0.93119	weak	below_default_call_thresholds	/mnt/new3T/minco_marine_selected_default_20260630/minco_sample3_current_default.tsv	/mnt/new3T/minco_marine_selected_default_20260630/sample3_work/minco.best_diff_split.exact.unfiltered.tsv
marine_setup_truth_profile_rescore	3	FN	s__Pyrococcus sp000211475	0.0051025911749034	0.51025911749034	False	True	split_exact	GCF_000211475.1	exact_accession	0.999049	932.0	0.932	0.91711	2.943723	0.979289	0.999049	major	breadth>=0.5;rel_depth>=1e-4;support>=min(S,max(100,ceil(S/100)));ANI>=0.95	/mnt/new3T/minco_marine_selected_default_20260630/minco_sample3_current_default.tsv	/mnt/new3T/minco_marine_selected_default_20260630/sample3_work/minco.best_diff_split.exact.unfiltered.tsv
marine_setup_truth_profile_rescore	3	FN	s__Methanosarcina siciliae	0.004785517924445	0.4785517924445	False	True	split_exact	GCF_000970085.1	exact_accession	0.994048	921.0	0.921	0.817482	2.882628	0.877258	0.994048	major	breadth>=0.5;rel_depth>=1e-4;support>=min(S,max(100,ceil(S/100)));ANI>=0.95	/mnt/new3T/minco_marine_selected_default_20260630/minco_sample3_current_default.tsv	/mnt/new3T/minco_marine_selected_default_20260630/sample3_work/minco.best_diff_split.exact.unfiltered.tsv
marine_setup_truth_profile_rescore	3	FN	s__Nitrosopumilus sediminis	0.0039879316037042	0.39879316037041995	False	True	split_exact	GCF_000299395.1	exact_accession	0.992464	880.0	0.88	0.751081	2.454752	0.847215	0.992464	major	breadth>=0.5;rel_depth>=1e-4;support>=min(S,max(100,ceil(S/100)));ANI>=0.95	/mnt/new3T/minco_marine_selected_default_20260630/minco_sample3_current_default.tsv	/mnt/new3T/minco_marine_selected_default_20260630/sample3_work/minco.best_diff_split.exact.unfiltered.tsv
marine_setup_truth_profile_rescore	3	FN	s__Archaeoglobus fulgidus	0.0033505163063908	0.33505163063908	False	True	split_exact	GCF_000008665.1	exact_accession	0.992698	737.0	0.737	0.7127	2.166838	0.851586	0.992698	major	breadth>=0.5;rel_depth>=1e-4;support>=min(S,max(100,ceil(S/100)));ANI>=0.95	/mnt/new3T/minco_marine_selected_default_20260630/minco_sample3_current_default.tsv	/mnt/new3T/minco_marine_selected_default_20260630/sample3_work/minco.best_diff_split.exact.unfiltered.tsv
marine_setup_truth_profile_rescore	3	FN	s__Nanoarchaeum equitans	0.0033505163063908	0.33505163063908	False	True	split_exact	GCA_000008085.1	exact_accession	0.999063	826.0	0.826	0.826	2.197337	0.979599	0.999063	major	breadth>=0.5;rel_depth>=1e-4;support>=min(S,max(100,ceil(S/100)));ANI>=0.95	/mnt/new3T/minco_marine_selected_default_20260630/minco_sample3_current_default.tsv	/mnt/new3T/minco_marine_selected_default_20260630/sample3_work/minco.best_diff_split.exact.unfiltered.tsv
marine_setup_truth_profile_rescore	3	FN	s__Vibrio tasmaniensis	0.0031903452829633	0.31903452829633	False	True	split_exact	GCF_024347635.1	exact_accession	0.881612	342.0	0.342	0.073347	4.869506	0.073937	0.881612	weak	below_default_call_thresholds	/mnt/new3T/minco_marine_selected_default_20260630/minco_sample3_current_default.tsv	/mnt/new3T/minco_marine_selected_default_20260630/sample3_work/minco.best_diff_split.exact.unfiltered.tsv
marine_setup_truth_profile_rescore	3	FN	s__Nitrosopelagicus brevis	0.0027098322126809	0.27098322126809	False	True	split_exact	GCF_000812185.1	exact_accession	0.993315	760.0	0.76	0.647634	1.849107	0.863225	0.993315	major	breadth>=0.5;rel_depth>=1e-4;support>=min(S,max(100,ceil(S/100)));ANI>=0.95	/mnt/new3T/minco_marine_selected_default_20260630/minco_sample3_current_default.tsv	/mnt/new3T/minco_marine_selected_default_20260630/sample3_work/minco.best_diff_split.exact.unfiltered.tsv
marine_setup_truth_profile_rescore	3	FN	s__Aeropyrum camini	0.002232587938795	0.22325879387949998	False	True	split_exact	GCF_000591035.1	exact_accession	0.998791	714.0	0.714	0.708	1.786017	0.973758	0.998791	major	breadth>=0.5;rel_depth>=1e-4;support>=min(S,max(100,ceil(S/100)));ANI>=0.95	/mnt/new3T/minco_marine_selected_default_20260630/minco_sample3_current_default.tsv	/mnt/new3T/minco_marine_selected_default_20260630/sample3_work/minco.best_diff_split.exact.unfiltered.tsv
marine_setup_truth_profile_rescore	3	FN	s__Methanocaldococcus vulcanius	0.002232587938795	0.22325879387949998	False	True	split_exact	GCF_000024625.1	exact_accession	0.992788	705.0	0.705	0.611891	1.760794	0.853283	0.992788	major	breadth>=0.5;rel_depth>=1e-4;support>=min(S,max(100,ceil(S/100)));ANI>=0.95	/mnt/new3T/minco_marine_selected_default_20260630/minco_sample3_current_default.tsv	/mnt/new3T/minco_marine_selected_default_20260630/sample3_work/minco.best_diff_split.exact.unfiltered.tsv
marine_setup_truth_profile_rescore	3	FN	s__Chlorobium phaeobacteroides	0.0019155146883366	0.19155146883366	False	True	split_exact	GCF_000015125.1	exact_accession	0.60522	2.0	0.002	2.4e-05	1.08	0.000169	0.60522	weak	below_default_call_thresholds	/mnt/new3T/minco_marine_selected_default_20260630/minco_sample3_current_default.tsv	/mnt/new3T/minco_marine_selected_default_20260630/sample3_work/minco.best_diff_split.exact.unfiltered.tsv
marine_setup_truth_profile_rescore	3	FN	s__MTP4 sp000970045	0.0019155146883366	0.19155146883366	False	True	split_exact	GCF_000970045.1	exact_accession	0.983789	641.0	0.641	0.467917	1.651522	0.700016	0.983789	weak	below_default_call_thresholds	/mnt/new3T/minco_marine_selected_default_20260630/minco_sample3_current_default.tsv	/mnt/new3T/minco_marine_selected_default_20260630/sample3_work/minco.best_diff_split.exact.unfiltered.tsv
marine_setup_truth_profile_rescore	3	FN	s__Thermococcus sp000221185	0.0015951726414816	0.15951726414816	False	True	split_exact	GCF_000221185.1	exact_accession	0.983426	549.0	0.549	0.399499	1.488515	0.69446	0.983426	weak	below_default_call_thresholds	/mnt/new3T/minco_marine_selected_default_20260630/minco_sample3_current_default.tsv	/mnt/new3T/minco_marine_selected_default_20260630/sample3_work/minco.best_diff_split.exact.unfiltered.tsv
marine_setup_truth_profile_rescore	3	FN	s__Desulfovibrio desulfuricans	0.0014350016180542	0.14350016180542	False	False				0.0	0.0	0.0	0.0	0.0	0.0	0.0			/mnt/new3T/minco_marine_selected_default_20260630/minco_sample3_current_default.tsv	
marine_setup_truth_profile_rescore	3	FN	s__Bacillus pumilus	0.0014350016180542	0.14350016180542	False	True	split_exact	GCF_900186955.1	exact_accession	0.841144	82.0	0.082	0.014241	1.349859	0.030354	0.841144	weak	below_default_call_thresholds	/mnt/new3T/minco_marine_selected_default_20260630/minco_sample3_current_default.tsv	/mnt/new3T/minco_marine_selected_default_20260630/sample3_work/minco.best_diff_split.exact.unfiltered.tsv
marine_setup_truth_profile_rescore	3	FN	s__Pseudoalteromonas tetraodonis	0.0014350016180542	0.14350016180542	False	True	split_exact	GCF_002310835.1	exact_accession	0.956872	192.0	0.192	0.106247	1.168938	0.387195	0.956872	weak	below_default_call_thresholds	/mnt/new3T/minco_marine_selected_default_20260630/minco_sample3_current_default.tsv	/mnt/new3T/minco_marine_selected_default_20260630/sample3_work/minco.best_diff_split.exact.unfiltered.tsv
marine_setup_truth_profile_rescore	3	FN	s__JBDGSM01 sp001761425	0.0012748305946267	0.12748305946267	False	True	split_exact	GCA_001761425.1	exact_accession	0.996924	507.0	0.507	0.505023	1.438541	0.934562	0.996924	major	breadth>=0.5;rel_depth>=1e-4;support>=min(S,max(100,ceil(S/100)));ANI>=0.95	/mnt/new3T/minco_marine_selected_default_20260630/minco_sample3_current_default.tsv	/mnt/new3T/minco_marine_selected_default_20260630/sample3_work/minco.best_diff_split.exact.unfiltered.tsv
marine_setup_truth_profile_rescore	3	FN	s__Aciduliprofundum sp000327505	0.0012748305946267	0.12748305946267	False	True	split_exact	GCF_000327505.1	exact_accession	0.995806	477.0	0.477	0.4736	1.410682	0.911851	0.995806	weak	below_default_call_thresholds	/mnt/new3T/minco_marine_selected_default_20260630/minco_sample3_current_default.tsv	/mnt/new3T/minco_marine_selected_default_20260630/sample3_work/minco.best_diff_split.exact.unfiltered.tsv
marine_setup_truth_profile_rescore	3	FN	s__Halorhabdus tiamatea	0.0012748305946267	0.12748305946267	False	True	split_exact	GCF_000470655.1	exact_accession	0.99532	492.0	0.492	0.445244	1.378413	0.902168	0.99532	weak	below_default_call_thresholds	/mnt/new3T/minco_marine_selected_default_20260630/minco_sample3_current_default.tsv	/mnt/new3T/minco_marine_selected_default_20260630/sample3_work/minco.best_diff_split.exact.unfiltered.tsv
marine_setup_truth_profile_rescore	3	FN	s__Haloquadratum walsbyi	0.0012748305946267	0.12748305946267	False	True	split_exact	GCF_000237865.1	exact_accession	1.0	508.0	0.508	0.48674	1.35046	1.0	1.0	weak	below_default_call_thresholds	/mnt/new3T/minco_marine_selected_default_20260630/minco_sample3_current_default.tsv	/mnt/new3T/minco_marine_selected_default_20260630/sample3_work/minco.best_diff_split.exact.unfiltered.tsv
marine_setup_truth_profile_rescore	3	FN	s__Pyrobaculum aerophilum	0.0012748305946267	0.12748305946267	False	True	split_exact	GCF_000007225.1	exact_accession	0.996599	483.0	0.483	0.463924	1.386248	0.927918	0.996599	weak	below_default_call_thresholds	/mnt/new3T/minco_marine_selected_default_20260630/minco_sample3_current_default.tsv	/mnt/new3T/minco_marine_selected_default_20260630/sample3_work/minco.best_diff_split.exact.unfiltered.tsv
marine_setup_truth_profile_rescore	3	FN	s__Pyrococcus furiosus	0.0009577573441683	0.09577573441683	False	True	split_exact	GCF_000007305.1	exact_accession	0.992906	414.0	0.414	0.398776	1.346409	0.855509	0.992906	weak	below_default_call_thresholds	/mnt/new3T/minco_marine_selected_default_20260630/minco_sample3_current_default.tsv	/mnt/new3T/minco_marine_selected_default_20260630/sample3_work/minco.best_diff_split.exact.unfiltered.tsv
marine_setup_truth_profile_rescore	3	FN	s__Francisella noatunensis	0.0009577573441683	0.09577573441683	False	True	split_exact	GCF_009823375.1	exact_accession	0.898444	98.0	0.098	0.037678	1.232466	0.107075	0.898444	weak	below_default_call_thresholds	/mnt/new3T/minco_marine_selected_default_20260630/minco_sample3_current_default.tsv	/mnt/new3T/minco_marine_selected_default_20260630/sample3_work/minco.best_diff_split.exact.unfiltered.tsv
marine_setup_truth_profile_rescore	3	FN	s__Vibrio vulnificus	0.0009577573441683	0.09577573441683	False	True	split_exact	GCF_002224265.1	exact_accession	0.916664	174.0	0.174	0.0817	1.400031	0.159872	0.916664	weak	below_default_call_thresholds	/mnt/new3T/minco_marine_selected_default_20260630/minco_sample3_current_default.tsv	/mnt/new3T/minco_marine_selected_default_20260630/sample3_work/minco.best_diff_split.exact.unfiltered.tsv
marine_setup_truth_profile_rescore	3	FN	s__Methanohalophilus halophilus	0.0007975863207408	0.07975863207408	False	True	split_exact	GCF_001889405.1	exact_accession	0.984148	359.0	0.359	0.279872	1.273817	0.705581	0.984148	weak	below_default_call_thresholds	/mnt/new3T/minco_marine_selected_default_20260630/minco_sample3_current_default.tsv	/mnt/new3T/minco_marine_selected_default_20260630/sample3_work/minco.best_diff_split.exact.unfiltered.tsv
marine_setup_truth_profile_rescore	3	FN	s__Pyrococcus horikoshii	0.0007975863207408	0.07975863207408	False	True	split_exact	GCF_000011105.1	exact_accession	0.994473	357.0	0.357	0.35147	1.27407	0.885503	0.994473	weak	below_default_call_thresholds	/mnt/new3T/minco_marine_selected_default_20260630/minco_sample3_current_default.tsv	/mnt/new3T/minco_marine_selected_default_20260630/sample3_work/minco.best_diff_split.exact.unfiltered.tsv
marine_setup_truth_profile_rescore	3	FN	s__Nitrosopumilus piranensis	0.0007975863207408	0.07975863207408	False	True	split_exact	GCF_000875775.1	exact_accession	0.9907	364.0	0.364	0.309876	1.258199	0.81498	0.9907	weak	below_default_call_thresholds	/mnt/new3T/minco_marine_selected_default_20260630/minco_sample3_current_default.tsv	/mnt/new3T/minco_marine_selected_default_20260630/sample3_work/minco.best_diff_split.exact.unfiltered.tsv
marine_setup_truth_profile_rescore	3	FN	s__Methanocaldococcus jannaschii	0.0007975863207408	0.07975863207408	False	True	split_exact	GCF_000091665.1	exact_accession	0.989853	327.0	0.327	0.292942	1.245289	0.799933	0.989853	weak	below_default_call_thresholds	/mnt/new3T/minco_marine_selected_default_20260630/minco_sample3_current_default.tsv	/mnt/new3T/minco_marine_selected_default_20260630/sample3_work/minco.best_diff_split.exact.unfiltered.tsv
marine_setup_truth_profile_rescore	3	FN	s__Methanococcus maripaludis	0.0007975863207408	0.07975863207408	False	True	split_exact	GCF_002945325.1	exact_accession	0.951899	111.0	0.111	0.089471	1.156454	0.347074	0.951899	weak	below_default_call_thresholds	/mnt/new3T/minco_marine_selected_default_20260630/minco_sample3_current_default.tsv	/mnt/new3T/minco_marine_selected_default_20260630/sample3_work/minco.best_diff_split.exact.unfiltered.tsv
marine_setup_truth_profile_rescore	3	FN	s__Nitrosarchaeum limnae	0.0007975863207408	0.07975863207408	False	True	split_exact	GCA_000204585.1	exact_accession	0.998031	339.0	0.339	0.307714	1.206303	0.957612	0.998031	weak	below_default_call_thresholds	/mnt/new3T/minco_marine_selected_default_20260630/minco_sample3_current_default.tsv	/mnt/new3T/minco_marine_selected_default_20260630/sample3_work/minco.best_diff_split.exact.unfiltered.tsv
marine_setup_truth_profile_rescore	3	FN	s__Micromonospora gifhornensis	0.000771435949569	0.0771435949569	False	True	split_exact	GCF_016863515.1	exact_accession	0.935894	148.0	0.148	0.092085	1.255475	0.244063	0.935894	weak	below_default_call_thresholds	/mnt/new3T/minco_marine_selected_default_20260630/minco_sample3_current_default.tsv	/mnt/new3T/minco_marine_selected_default_20260630/sample3_work/minco.best_diff_split.exact.unfiltered.tsv
marine_setup_truth_profile_rescore	3	FN	s__Thermococcus_B paralvinellae	0.0006374152973133	0.06374152973133	False	True	split_exact	GCF_000517445.1	exact_accession	0.987495	302.0	0.302	0.264435	1.229207	0.759487	0.987495	weak	below_default_call_thresholds	/mnt/new3T/minco_marine_selected_default_20260630/minco_sample3_current_default.tsv	/mnt/new3T/minco_marine_selected_default_20260630/sample3_work/minco.best_diff_split.exact.unfiltered.tsv
marine_setup_truth_profile_rescore	3	FN	s__Pseudoalteromonas rubra	0.0006374152973133	0.06374152973133	False	True	split_exact	GCF_000238295.3	exact_accession	0.88939	69.0	0.069	0.03118	1.235561	0.087737	0.88939	weak	below_default_call_thresholds	/mnt/new3T/minco_marine_selected_default_20260630/minco_sample3_current_default.tsv	/mnt/new3T/minco_marine_selected_default_20260630/sample3_work/minco.best_diff_split.exact.unfiltered.tsv
marine_setup_truth_profile_rescore	3	FN	s__Haloferax mediterranei	0.0006374152973133	0.06374152973133	False	True	split_exact	GCF_000306765.2	exact_accession	1.0	302.0	0.302	0.277745	1.149706	1.0	1.0	weak	below_default_call_thresholds	/mnt/new3T/minco_marine_selected_default_20260630/minco_sample3_current_default.tsv	/mnt/new3T/minco_marine_selected_default_20260630/sample3_work/minco.best_diff_split.exact.unfiltered.tsv
marine_setup_truth_profile_rescore	3	FN	s__Pseudoalteromonas luteoviolacea	0.0006374152973133	0.06374152973133	False	True	split_exact	GCF_001625655.1	exact_accession	0.787081	10.0	0.01	0.002832	1.194138	0.00924	0.787081	weak	below_default_call_thresholds	/mnt/new3T/minco_marine_selected_default_20260630/minco_sample3_current_default.tsv	/mnt/new3T/minco_marine_selected_default_20260630/sample3_work/minco.best_diff_split.exact.unfiltered.tsv
marine_setup_truth_profile_rescore	3	FN	s__Geobacillus thermoleovorans	0.0006374152973133	0.06374152973133	False	True	split_exact	GCF_001610955.1	exact_accession	0.934033	285.0	0.285	0.102003	1.312903	0.234274	0.934033	weak	below_default_call_thresholds	/mnt/new3T/minco_marine_selected_default_20260630/minco_sample3_current_default.tsv	/mnt/new3T/minco_marine_selected_default_20260630/sample3_work/minco.best_diff_split.exact.unfiltered.tsv
marine_setup_truth_profile_rescore	3	FN	s__Cenarchaeum symbiosum	0.0006374152973133	0.06374152973133	False	True	split_exact	GCA_000200715.1	exact_accession	0.991971	284.0	0.284	0.280946	1.218006	0.838087	0.991971	weak	below_default_call_thresholds	/mnt/new3T/minco_marine_selected_default_20260630/minco_sample3_current_default.tsv	/mnt/new3T/minco_marine_selected_default_20260630/sample3_work/minco.best_diff_split.exact.unfiltered.tsv
marine_setup_truth_profile_rescore	3	FN	s__Pseudoalteromonas atlantica	0.0006374152973133	0.06374152973133	False	True	split_exact	GCF_007988745.1	exact_accession	0.768801	19.0	0.019	0.003198	1.408244	0.00618	0.768801	weak	below_default_call_thresholds	/mnt/new3T/minco_marine_selected_default_20260630/minco_sample3_current_default.tsv	/mnt/new3T/minco_marine_selected_default_20260630/sample3_work/minco.best_diff_split.exact.unfiltered.tsv
marine_setup_truth_profile_rescore	3	FN	s__Marinobacter psychrophilus	0.0006374152973133	0.06374152973133	False	True	split_exact	GCF_001043175.1	exact_accession	0.940166	127.0	0.127	0.091981	1.224761	0.26811	0.940166	weak	below_default_call_thresholds	/mnt/new3T/minco_marine_selected_default_20260630/minco_sample3_current_default.tsv	/mnt/new3T/minco_marine_selected_default_20260630/sample3_work/minco.best_diff_split.exact.unfiltered.tsv
marine_setup_truth_profile_rescore	3	FN	s__Photobacterium phosphoreum	0.0006374152973133	0.06374152973133	False	True	split_exact	GCF_002954725.1	exact_accession	0.843149	36.0	0.036	0.017636	1.460214	0.031723	0.843149	weak	below_default_call_thresholds	/mnt/new3T/minco_marine_selected_default_20260630/minco_sample3_current_default.tsv	/mnt/new3T/minco_marine_selected_default_20260630/sample3_work/minco.best_diff_split.exact.unfiltered.tsv
marine_setup_truth_profile_rescore	3	FN	s__Thermococcus onnurineus	0.0004772442738859	0.04772442738859	False	True	split_exact	GCF_000018365.1	exact_accession	0.986624	236.0	0.236	0.187519	1.151954	0.745081	0.986624	weak	below_default_call_thresholds	/mnt/new3T/minco_marine_selected_default_20260630/minco_sample3_current_default.tsv	/mnt/new3T/minco_marine_selected_default_20260630/sample3_work/minco.best_diff_split.exact.unfiltered.tsv
marine_setup_truth_profile_rescore	3	FN	s__Myxococcus fulvus	0.0004772442738859	0.04772442738859	False	True	split_exact	GCF_900111765.1	exact_accession	0.932977	3.0	0.003	0.000668	1.001462	0.228891	0.932977	weak	below_default_call_thresholds	/mnt/new3T/minco_marine_selected_default_20260630/minco_sample3_current_default.tsv	/mnt/new3T/minco_marine_selected_default_20260630/sample3_work/minco.best_diff_split.exact.unfiltered.tsv
marine_setup_truth_profile_rescore	3	FN	s__Halodesulfurarchaeum formicicum	0.0004772442738859	0.04772442738859	False	True	split_exact	GCF_001886955.1	exact_accession	0.989261	227.0	0.227	0.194621	1.14817	0.789582	0.989261	weak	below_default_call_thresholds	/mnt/new3T/minco_marine_selected_default_20260630/minco_sample3_current_default.tsv	/mnt/new3T/minco_marine_selected_default_20260630/sample3_work/minco.best_diff_split.exact.unfiltered.tsv
marine_setup_truth_profile_rescore	3	FN	s__Pseudovibrio sp000156235	0.0003432236216302	0.034322362163019995	False	True	split_exact	GCF_000156235.1	exact_accession	0.922378	57.0	0.057	0.029914	1.092877	0.181286	0.922378	weak	below_default_call_thresholds	/mnt/new3T/minco_marine_selected_default_20260630/minco_sample3_current_default.tsv	/mnt/new3T/minco_marine_selected_default_20260630/sample3_work/minco.best_diff_split.exact.unfiltered.tsv
marine_setup_truth_profile_rescore	3	FN	s__Methanocaldococcus bathoardescens	0.0003203420468549	0.03203420468549	False	True	split_exact	GCF_000739065.1	exact_accession	0.985229	172.0	0.172	0.14505	1.116218	0.722558	0.985229	weak	below_default_call_thresholds	/mnt/new3T/minco_marine_selected_default_20260630/minco_sample3_current_default.tsv	/mnt/new3T/minco_marine_selected_default_20260630/sample3_work/minco.best_diff_split.exact.unfiltered.tsv
marine_setup_truth_profile_rescore	3	FN	s__Lacimicrobium alkaliphilum	0.0003203420468549	0.03203420468549	False	True	split_exact	GCF_002591895.1	exact_accession	0.758775	6.0	0.006	0.0027	1.444485	0.004957	0.758775	weak	below_default_call_thresholds	/mnt/new3T/minco_marine_selected_default_20260630/minco_sample3_current_default.tsv	/mnt/new3T/minco_marine_selected_default_20260630/sample3_work/minco.best_diff_split.exact.unfiltered.tsv
marine_setup_truth_profile_rescore	3	FN	s__Methanococcoides methylutens	0.0003203420468549	0.03203420468549	False	True	split_exact	GCF_000765475.1	exact_accession	0.637882	2.0	0.002	0.000253	1.791506	0.000347	0.637882	weak	below_default_call_thresholds	/mnt/new3T/minco_marine_selected_default_20260630/minco_sample3_current_default.tsv	/mnt/new3T/minco_marine_selected_default_20260630/sample3_work/minco.best_diff_split.exact.unfiltered.tsv
marine_setup_truth_profile_rescore	3	FN	s__Thermococcus_A litoralis	0.0003203420468549	0.03203420468549	False	True	split_exact	GCF_000246985.2	exact_accession	0.957696	147.0	0.147	0.105682	1.164113	0.394279	0.957696	weak	below_default_call_thresholds	/mnt/new3T/minco_marine_selected_default_20260630/minco_sample3_current_default.tsv	/mnt/new3T/minco_marine_selected_default_20260630/sample3_work/minco.best_diff_split.exact.unfiltered.tsv
marine_setup_truth_profile_rescore	3	FN	s__Methanotorris igneus	0.0003203420468549	0.03203420468549	False	True	split_exact	GCF_000214415.1	exact_accession	0.967584	148.0	0.148	0.141018	1.179229	0.490094	0.967584	weak	below_default_call_thresholds	/mnt/new3T/minco_marine_selected_default_20260630/minco_sample3_current_default.tsv	/mnt/new3T/minco_marine_selected_default_20260630/sample3_work/minco.best_diff_split.exact.unfiltered.tsv
marine_setup_truth_profile_rescore	3	FN	s__Ignicoccus islandicus	0.0003203420468549	0.03203420468549	False	True	split_exact	GCF_001481685.1	exact_accession	0.994698	161.0	0.161	0.159506	1.102012	0.889898	0.994698	weak	below_default_call_thresholds	/mnt/new3T/minco_marine_selected_default_20260630/minco_sample3_current_default.tsv	/mnt/new3T/minco_marine_selected_default_20260630/sample3_work/minco.best_diff_split.exact.unfiltered.tsv
marine_setup_truth_profile_rescore	3	FN	s__Archaeoglobus_B profundus	0.0003203420468549	0.03203420468549	False	True	split_exact	GCF_000025285.1	exact_accession	0.996694	164.0	0.164	0.162	1.098765	0.929857	0.996694	weak	below_default_call_thresholds	/mnt/new3T/minco_marine_selected_default_20260630/minco_sample3_current_default.tsv	/mnt/new3T/minco_marine_selected_default_20260630/sample3_work/minco.best_diff_split.exact.unfiltered.tsv
marine_setup_truth_profile_rescore	3	FN	s__Staphylothermus marinus	0.0003203420468549	0.03203420468549	False	True	split_exact	GCF_000015945.1	exact_accession	0.989545	170.0	0.17	0.165976	1.121735	0.794533	0.989545	weak	below_default_call_thresholds	/mnt/new3T/minco_marine_selected_default_20260630/minco_sample3_current_default.tsv	/mnt/new3T/minco_marine_selected_default_20260630/sample3_work/minco.best_diff_split.exact.unfiltered.tsv
marine_setup_truth_profile_rescore	3	FN	s__Methanococcus voltae	0.0003203420468549	0.03203420468549	False	True	split_exact	GCF_024807035.1	exact_accession	0.813741	11.0	0.011	0.003358	1.117185	0.016611	0.813741	weak	below_default_call_thresholds	/mnt/new3T/minco_marine_selected_default_20260630/minco_sample3_current_default.tsv	/mnt/new3T/minco_marine_selected_default_20260630/sample3_work/minco.best_diff_split.exact.unfiltered.tsv
marine_setup_truth_profile_rescore	3	FN	s__Chromohalobacter moromii	0.0003203420468549	0.03203420468549	False	True	split_exact	GCF_023091865.1	exact_accession	0.795614	15.0	0.015	0.004468	1.277814	0.011148	0.795614	weak	below_default_call_thresholds	/mnt/new3T/minco_marine_selected_default_20260630/minco_sample3_current_default.tsv	/mnt/new3T/minco_marine_selected_default_20260630/sample3_work/minco.best_diff_split.exact.unfiltered.tsv
marine_setup_truth_profile_rescore	3	FN	s__Aliivibrio fischeri	0.0003203420468549	0.03203420468549	False	True	split_exact	GCF_023983475.1	exact_accession	0.886331	156.0	0.156	0.065424	2.002866	0.082027	0.886331	weak	below_default_call_thresholds	/mnt/new3T/minco_marine_selected_default_20260630/minco_sample3_current_default.tsv	/mnt/new3T/minco_marine_selected_default_20260630/sample3_work/minco.best_diff_split.exact.unfiltered.tsv
marine_setup_truth_profile_rescore	3	FN	s__Nitrosopumilus koreensis	0.0003203420468549	0.03203420468549	False	True	split_exact	GCF_000299365.1	exact_accession	0.996138	178.0	0.178	0.150521	1.092154	0.91854	0.996138	weak	below_default_call_thresholds	/mnt/new3T/minco_marine_selected_default_20260630/minco_sample3_current_default.tsv	/mnt/new3T/minco_marine_selected_default_20260630/sample3_work/minco.best_diff_split.exact.unfiltered.tsv
marine_setup_truth_profile_rescore	3	FN	s__Pseudoalteromonas haloplanktis	0.0003203420468549	0.03203420468549	False	True	split_exact	GCF_000238355.1	exact_accession	0.732184	8.0	0.008	0.002734	4.665714	0.002762	0.732184	weak	below_default_call_thresholds	/mnt/new3T/minco_marine_selected_default_20260630/minco_sample3_current_default.tsv	/mnt/new3T/minco_marine_selected_default_20260630/sample3_work/minco.best_diff_split.exact.unfiltered.tsv
marine_setup_truth_profile_rescore	3	FN	s__Streptomyces albus	0.0003203420468549	0.03203420468549	False	True	split_exact	GCF_000725885.1	exact_accession	0.735446	12.0	0.012	0.001701	1.485649	0.002967	0.735446	weak	below_default_call_thresholds	/mnt/new3T/minco_marine_selected_default_20260630/minco_sample3_current_default.tsv	/mnt/new3T/minco_marine_selected_default_20260630/sample3_work/minco.best_diff_split.exact.unfiltered.tsv
marine_setup_truth_profile_rescore	3	FN	s__Moritella marina	0.0002451597297359	0.02451597297359	False	True	split_exact	GCF_008931805.1	exact_accession	0.84054	56.0	0.056	0.027525	2.734301	0.029953	0.84054	weak	below_default_call_thresholds	/mnt/new3T/minco_marine_selected_default_20260630/minco_sample3_current_default.tsv	/mnt/new3T/minco_marine_selected_default_20260630/sample3_work/minco.best_diff_split.exact.unfiltered.tsv
marine_setup_truth_profile_rescore	3	FN	s__Maricaulis maris	0.0002451597297359	0.02451597297359	False	True	split_exact	GCF_003634045.1	exact_accession	1.0	11.0	0.011	0.004001	1.0	1.0	1.0	weak	below_default_call_thresholds	/mnt/new3T/minco_marine_selected_default_20260630/minco_sample3_current_default.tsv	/mnt/new3T/minco_marine_selected_default_20260630/sample3_work/minco.best_diff_split.exact.unfiltered.tsv
marine_setup_truth_profile_rescore	3	FN	s__Photobacterium profundum	0.0001601710234274	0.016017102342739998	False	True	split_exact	GCF_003026285.1	exact_accession	0.83198	19.0	0.019	0.004363	1.099821	0.024812	0.83198	weak	below_default_call_thresholds	/mnt/new3T/minco_marine_selected_default_20260630/minco_sample3_current_default.tsv	/mnt/new3T/minco_marine_selected_default_20260630/sample3_work/minco.best_diff_split.exact.unfiltered.tsv
marine_setup_truth_profile_rescore	3	FN	s__Mycobacterium rhodesiae	0.0001601710234274	0.016017102342739998	False	True	split_exact	GCF_002086695.1	exact_accession	0.470822	2.0	0.002	9e-06	9.444444	9e-06	0.470822	weak	below_default_call_thresholds	/mnt/new3T/minco_marine_selected_default_20260630/minco_sample3_current_default.tsv	/mnt/new3T/minco_marine_selected_default_20260630/sample3_work/minco.best_diff_split.exact.unfiltered.tsv
marine_setup_truth_profile_rescore	3	FN	s__Nitrosopumilus maritimus	0.0001601710234274	0.016017102342739998	False	True	split_exact	GCF_000018465.1	exact_accession	0.998193	111.0	0.111	0.080477	1.044365	0.961033	0.998193	weak	below_default_call_thresholds	/mnt/new3T/minco_marine_selected_default_20260630/minco_sample3_current_default.tsv	/mnt/new3T/minco_marine_selected_default_20260630/sample3_work/minco.best_diff_split.exact.unfiltered.tsv
marine_setup_truth_profile_rescore	3	FN	s__Acinetobacter johnsonii	0.0001601710234274	0.016017102342739998	False	True	split_exact	GCF_000368045.1	exact_accession	0.881578	39.0	0.039	0.017544	1.141664	0.073883	0.881578	weak	below_default_call_thresholds	/mnt/new3T/minco_marine_selected_default_20260630/minco_sample3_current_default.tsv	/mnt/new3T/minco_marine_selected_default_20260630/sample3_work/minco.best_diff_split.exact.unfiltered.tsv
marine_setup_truth_profile_rescore	3	FN	s__Geoglobus acetivorans	0.0001601710234274	0.016017102342739998	False	True	split_exact	GCF_039641995.1	exact_accession	0.813409	15.0	0.015	0.007048	1.304559	0.01649	0.813409	weak	below_default_call_thresholds	/mnt/new3T/minco_marine_selected_default_20260630/minco_sample3_current_default.tsv	/mnt/new3T/minco_marine_selected_default_20260630/sample3_work/minco.best_diff_split.exact.unfiltered.tsv
marine_setup_truth_profile_rescore	3	FN	s__Thermococcus gammatolerans	0.0001601710234274	0.016017102342739998	False	True	split_exact	GCF_000022365.1	exact_accession	0.968294	77.0	0.077	0.06211	1.068112	0.49781	0.968294	weak	below_default_call_thresholds	/mnt/new3T/minco_marine_selected_default_20260630/minco_sample3_current_default.tsv	/mnt/new3T/minco_marine_selected_default_20260630/sample3_work/minco.best_diff_split.exact.unfiltered.tsv
marine_setup_truth_profile_rescore	3	FN	s__Pyrococcus abyssi	0.0001601710234274	0.016017102342739998	False	True	split_exact	GCF_000195935.2	exact_accession	0.950697	108.0	0.108	0.099775	1.185084	0.338015	0.950697	weak	below_default_call_thresholds	/mnt/new3T/minco_marine_selected_default_20260630/minco_sample3_current_default.tsv	/mnt/new3T/minco_marine_selected_default_20260630/sample3_work/minco.best_diff_split.exact.unfiltered.tsv
marine_setup_truth_profile_rescore	3	FN	s__Thermococcus piezophilus	0.0001601710234274	0.016017102342739998	False	True	split_exact	GCF_001647085.1	exact_accession	0.968594	112.0	0.112	0.081757	1.0917	0.501104	0.968594	weak	below_default_call_thresholds	/mnt/new3T/minco_marine_selected_default_20260630/minco_sample3_current_default.tsv	/mnt/new3T/minco_marine_selected_default_20260630/sample3_work/minco.best_diff_split.exact.unfiltered.tsv
marine_setup_truth_profile_rescore	3	FN	s__Halogeometricum borinquense	0.0001601710234274	0.016017102342739998	False	True	split_exact	GCF_000172995.2	exact_accession	0.969101	77.0	0.077	0.068093	1.073888	0.506726	0.969101	weak	below_default_call_thresholds	/mnt/new3T/minco_marine_selected_default_20260630/minco_sample3_current_default.tsv	/mnt/new3T/minco_marine_selected_default_20260630/sample3_work/minco.best_diff_split.exact.unfiltered.tsv
marine_setup_truth_profile_rescore	3	FN	s__Haloarcula hispanica	0.0001601710234274	0.016017102342739998	False	True	split_exact	GCF_000223905.1	exact_accession	0.983973	80.0	0.08	0.051698	1.038686	0.702863	0.983973	weak	below_default_call_thresholds	/mnt/new3T/minco_marine_selected_default_20260630/minco_sample3_current_default.tsv	/mnt/new3T/minco_marine_selected_default_20260630/sample3_work/minco.best_diff_split.exact.unfiltered.tsv
marine_setup_truth_profile_rescore	3	FN	s__Methanosarcina sp000969965	0.0001601710234274	0.016017102342739998	False	True	split_exact	GCF_000969965.1	exact_accession	0.918725	103.0	0.103	0.069822	1.294316	0.167286	0.918725	weak	below_default_call_thresholds	/mnt/new3T/minco_marine_selected_default_20260630/minco_sample3_current_default.tsv	/mnt/new3T/minco_marine_selected_default_20260630/sample3_work/minco.best_diff_split.exact.unfiltered.tsv
marine_setup_truth_profile_rescore	3	FN	s__Aciduliprofundum boonei	0.0001601710234274	0.016017102342739998	False	True	split_exact	GCF_000025665.1	exact_accession	0.971102	82.0	0.082	0.0815	1.08589	0.52954	0.971102	weak	below_default_call_thresholds	/mnt/new3T/minco_marine_selected_default_20260630/minco_sample3_current_default.tsv	/mnt/new3T/minco_marine_selected_default_20260630/sample3_work/minco.best_diff_split.exact.unfiltered.tsv
marine_setup_truth_profile_rescore	3	FN	s__Aeropyrum pernix	0.0001601710234274	0.016017102342739998	False	True	split_exact	GCF_000011125.1	exact_accession	0.966757	88.0	0.088	0.0825	1.09697	0.481257	0.966757	weak	below_default_call_thresholds	/mnt/new3T/minco_marine_selected_default_20260630/minco_sample3_current_default.tsv	/mnt/new3T/minco_marine_selected_default_20260630/sample3_work/minco.best_diff_split.exact.unfiltered.tsv
marine_setup_truth_profile_rescore	3	FN	s__Thermococcus eurythermalis	0.0001601710234274	0.016017102342739998	False	True	split_exact	GCF_000769655.1	exact_accession	0.979902	100.0	0.1	0.084291	1.071947	0.642644	0.979902	weak	below_default_call_thresholds	/mnt/new3T/minco_marine_selected_default_20260630/minco_sample3_current_default.tsv	/mnt/new3T/minco_marine_selected_default_20260630/sample3_work/minco.best_diff_split.exact.unfiltered.tsv
marine_setup_truth_profile_rescore	3	FN	s__Pyrococcus yayanosii	0.0001601710234274	0.016017102342739998	False	True	split_exact	GCF_000215995.1	exact_accession	0.997699	95.0	0.095	0.090111	1.050621	0.950633	0.997699	weak	below_default_call_thresholds	/mnt/new3T/minco_marine_selected_default_20260630/minco_sample3_current_default.tsv	/mnt/new3T/minco_marine_selected_default_20260630/sample3_work/minco.best_diff_split.exact.unfiltered.tsv
marine_setup_truth_profile_rescore	3	FN	s__Thermoplasma volcanium	0.0001601710234274	0.016017102342739998	False	True	split_exact	GCF_000011185.1	exact_accession	0.9924	81.0	0.081	0.079625	1.050235	0.846039	0.9924	weak	below_default_call_thresholds	/mnt/new3T/minco_marine_selected_default_20260630/minco_sample3_current_default.tsv	/mnt/new3T/minco_marine_selected_default_20260630/sample3_work/minco.best_diff_split.exact.unfiltered.tsv
marine_setup_truth_profile_rescore	3	FN	s__Ignicoccus hospitalis	0.0001601710234274	0.016017102342739998	False	True	split_exact	GCF_000017945.1	exact_accession	0.982001	74.0	0.074	0.073006	1.058509	0.673026	0.982001	weak	below_default_call_thresholds	/mnt/new3T/minco_marine_selected_default_20260630/minco_sample3_current_default.tsv	/mnt/new3T/minco_marine_selected_default_20260630/sample3_work/minco.best_diff_split.exact.unfiltered.tsv
marine_setup_truth_profile_rescore	3	FN	s__Geoglobus ahangari	0.0001601710234274	0.016017102342739998	False	True	split_exact	GCF_001006045.1	exact_accession	0.987009	86.0	0.086	0.084548	1.060871	0.751416	0.987009	weak	below_default_call_thresholds	/mnt/new3T/minco_marine_selected_default_20260630/minco_sample3_current_default.tsv	/mnt/new3T/minco_marine_selected_default_20260630/sample3_work/minco.best_diff_split.exact.unfiltered.tsv
marine_setup_truth_profile_rescore	3	FN	s__Vibrio campbellii	0.0001601710234274	0.016017102342739998	False	True	split_exact	GCF_002163755.1	exact_accession	0.8916	121.0	0.121	0.038085	1.290392	0.092107	0.8916	weak	below_default_call_thresholds	/mnt/new3T/minco_marine_selected_default_20260630/minco_sample3_current_default.tsv	/mnt/new3T/minco_marine_selected_default_20260630/sample3_work/minco.best_diff_split.exact.unfiltered.tsv
marine_setup_truth_profile_rescore	3	FN	s__Thermococcus sp000151205	0.0001601710234274	0.016017102342739998	False	True	split_exact	GCF_000151205.2	exact_accession	0.984434	66.0	0.066	0.052777	1.039116	0.710033	0.984434	weak	below_default_call_thresholds	/mnt/new3T/minco_marine_selected_default_20260630/minco_sample3_current_default.tsv	/mnt/new3T/minco_marine_selected_default_20260630/sample3_work/minco.best_diff_split.exact.unfiltered.tsv
marine_setup_truth_profile_rescore	3	FN	s__Halolamina sediminis	0.0001601710234274	0.016017102342739998	False	True	split_exact	GCF_001282785.1	exact_accession	1.0	80.0	0.08	0.065635	1.03062	1.0	1.0	weak	below_default_call_thresholds	/mnt/new3T/minco_marine_selected_default_20260630/minco_sample3_current_default.tsv	/mnt/new3T/minco_marine_selected_default_20260630/sample3_work/minco.best_diff_split.exact.unfiltered.tsv
marine_setup_truth_profile_rescore	3	FN	s__Siansivirga zeaxanthinifaciens	2.2881574775351968e-05	0.0022881574775351966	False	True	split_exact	GCF_000941055.1	exact_accession	0.832395	24.0	0.024	0.014081	1.46945	0.025039	0.832395	weak	below_default_call_thresholds	/mnt/new3T/minco_marine_selected_default_20260630/minco_sample3_current_default.tsv	/mnt/new3T/minco_marine_selected_default_20260630/sample3_work/minco.best_diff_split.exact.unfiltered.tsv
marine_setup_truth_profile_rescore	3	FN	s__IMCC9063 sp000195085	6.537592792957705e-06	0.0006537592792957705	False	True	split_exact	GCF_000195085.1	exact_accession	0.872468	7.0	0.007	0.005333	1.046878	0.060465	0.872468	weak	below_default_call_thresholds	/mnt/new3T/minco_marine_selected_default_20260630/minco_sample3_current_default.tsv	/mnt/new3T/minco_marine_selected_default_20260630/sample3_work/minco.best_diff_split.exact.unfiltered.tsv
marine_setup_truth_profile_rescore	4	FN	s__Hyperthermus butylicus	0.0533066572568027	5.330665725680269	True	True	split_exact	GCF_000015145.1	exact_accession	0.999847	1000.0	1.0	0.996648	26.528566	0.996648	0.999847	major	breadth>=0.5;rel_depth>=1e-4;support>=min(S,max(100,ceil(S/100)));ANI>=0.95	/mnt/new3T/minco_marine_selected_default_20260630/minco_sample4_current_default.tsv	/mnt/new3T/minco_marine_selected_default_20260630/sample4_work/minco.best_diff_split.exact.unfiltered.tsv
marine_setup_truth_profile_rescore	4	FN	s__Shewanella sp029835735	0.0338355626277488	3.3835562627748796	True	True	split_exact	GCF_029835735.1	exact_accession	0.933054	491.0	0.491	0.229277	16.988061	0.229277	0.933054	weak	below_default_call_thresholds	/mnt/new3T/minco_marine_selected_default_20260630/minco_sample4_current_default.tsv	/mnt/new3T/minco_marine_selected_default_20260630/sample4_work/minco.best_diff_split.exact.unfiltered.tsv
marine_setup_truth_profile_rescore	4	FN	s__Psychrobacter sp000586415	0.0150036285678142	1.50036285678142	True	True	split_exact	GCF_904846625.1	exact_accession	0.858303	343.0	0.343	0.043514	4.133624	0.044275	0.858303	weak	below_default_call_thresholds	/mnt/new3T/minco_marine_selected_default_20260630/minco_sample4_current_default.tsv	/mnt/new3T/minco_marine_selected_default_20260630/sample4_work/minco.best_diff_split.exact.unfiltered.tsv
marine_setup_truth_profile_rescore	4	FN	s__Archaeoglobus fulgidus	0.0067045280531568	0.67045280531568	False	True	split_exact	GCF_000008665.1	exact_accession	0.993804	871.0	0.871	0.843133	3.507632	0.872566	0.993804	major	breadth>=0.5;rel_depth>=1e-4;support>=min(S,max(100,ceil(S/100)));ANI>=0.95	/mnt/new3T/minco_marine_selected_default_20260630/minco_sample4_current_default.tsv	/mnt/new3T/minco_marine_selected_default_20260630/sample4_work/minco.best_diff_split.exact.unfiltered.tsv
marine_setup_truth_profile_rescore	4	FN	s__Pyrococcus sp000211475	0.0063849477685972	0.63849477685972	False	True	split_exact	GCF_000211475.1	exact_accession	0.998825	951.0	0.951	0.93561	3.355539	0.97448	0.998825	major	breadth>=0.5;rel_depth>=1e-4;support>=min(S,max(100,ceil(S/100)));ANI>=0.95	/mnt/new3T/minco_marine_selected_default_20260630/minco_sample4_current_default.tsv	/mnt/new3T/minco_marine_selected_default_20260630/sample4_work/minco.best_diff_split.exact.unfiltered.tsv
marine_setup_truth_profile_rescore	4	FN	s__Methanosarcina siciliae	0.005745787199478	0.5745787199478	False	True	split_exact	GCF_000970085.1	exact_accession	0.99388	944.0	0.944	0.833356	3.217228	0.874031	0.99388	major	breadth>=0.5;rel_depth>=1e-4;support>=min(S,max(100,ceil(S/100)));ANI>=0.95	/mnt/new3T/minco_marine_selected_default_20260630/minco_sample4_current_default.tsv	/mnt/new3T/minco_marine_selected_default_20260630/sample4_work/minco.best_diff_split.exact.unfiltered.tsv
marine_setup_truth_profile_rescore	4	FN	s__Palaeococcus pacificus	0.005745787199478	0.5745787199478	False	True	split_exact	GCF_000725425.1	exact_accession	0.998366	939.0	0.939	0.907702	3.006614	0.964688	0.998366	major	breadth>=0.5;rel_depth>=1e-4;support>=min(S,max(100,ceil(S/100)));ANI>=0.95	/mnt/new3T/minco_marine_selected_default_20260630/minco_sample4_current_default.tsv	/mnt/new3T/minco_marine_selected_default_20260630/sample4_work/minco.best_diff_split.exact.unfiltered.tsv
marine_setup_truth_profile_rescore	4	FN	s__Clostridium cagae	0.0054262069149184	0.54262069149184	False	True	split_exact	GCF_900290265.1	exact_accession	0.958308	574.0	0.574	0.374525	2.953201	0.399624	0.958308	weak	below_default_call_thresholds	/mnt/new3T/minco_marine_selected_default_20260630/minco_sample4_current_default.tsv	/mnt/new3T/minco_marine_selected_default_20260630/sample4_work/minco.best_diff_split.exact.unfiltered.tsv
marine_setup_truth_profile_rescore	4	FN	s__Chlorobium phaeobacteroides	0.0044674660612395	0.44674660612395	False	True	split_exact	GCF_000015125.1	exact_accession	0.560005	3.0	0.003	6.1e-05	3.564516	6.3e-05	0.560005	weak	below_default_call_thresholds	/mnt/new3T/minco_marine_selected_default_20260630/minco_sample4_current_default.tsv	/mnt/new3T/minco_marine_selected_default_20260630/sample4_work/minco.best_diff_split.exact.unfiltered.tsv
marine_setup_truth_profile_rescore	4	FN	s__Nitrosarchaeum limnae	0.0044674660612395	0.44674660612395	False	True	split_exact	GCA_000204585.1	exact_accession	0.997044	896.0	0.896	0.836486	2.500396	0.937033	0.997044	major	breadth>=0.5;rel_depth>=1e-4;support>=min(S,max(100,ceil(S/100)));ANI>=0.95	/mnt/new3T/minco_marine_selected_default_20260630/minco_sample4_current_default.tsv	/mnt/new3T/minco_marine_selected_default_20260630/sample4_work/minco.best_diff_split.exact.unfiltered.tsv
marine_setup_truth_profile_rescore	4	FN	s__Nitrosopumilus sediminis	0.0031924738842986	0.31924738842986	False	True	split_exact	GCF_000299395.1	exact_accession	0.992824	805.0	0.805	0.68839	2.035084	0.853952	0.992824	major	breadth>=0.5;rel_depth>=1e-4;support>=min(S,max(100,ceil(S/100)));ANI>=0.95	/mnt/new3T/minco_marine_selected_default_20260630/minco_sample4_current_default.tsv	/mnt/new3T/minco_marine_selected_default_20260630/sample4_work/minco.best_diff_split.exact.unfiltered.tsv
marine_setup_truth_profile_rescore	4	FN	s__Methylomonas methanica	0.0025533133151793	0.25533133151792997	False	True	split_exact	GCF_001644045.1	exact_accession	0.682438	3.0	0.003	0.000609	1.633013	0.000924	0.682438	weak	below_default_call_thresholds	/mnt/new3T/minco_marine_selected_default_20260630/minco_sample4_current_default.tsv	/mnt/new3T/minco_marine_selected_default_20260630/sample4_work/minco.best_diff_split.exact.unfiltered.tsv
marine_setup_truth_profile_rescore	4	FN	s__Nitrosopelagicus brevis	0.0022337330306197	0.22337330306196998	False	True	split_exact	GCF_000812185.1	exact_accession	0.992895	665.0	0.665	0.574434	1.658057	0.855295	0.992895	major	breadth>=0.5;rel_depth>=1e-4;support>=min(S,max(100,ceil(S/100)));ANI>=0.95	/mnt/new3T/minco_marine_selected_default_20260630/minco_sample4_current_default.tsv	/mnt/new3T/minco_marine_selected_default_20260630/sample4_work/minco.best_diff_split.exact.unfiltered.tsv
marine_setup_truth_profile_rescore	4	FN	s__Methanococcus maripaludis	0.0022337330306197	0.22337330306196998	False	True	split_exact	GCF_002945325.1	exact_accession	0.885837	75.0	0.075	0.042969	1.424	0.081139	0.885837	weak	below_default_call_thresholds	/mnt/new3T/minco_marine_selected_default_20260630/minco_sample4_current_default.tsv	/mnt/new3T/minco_marine_selected_default_20260630/sample4_work/minco.best_diff_split.exact.unfiltered.tsv
marine_setup_truth_profile_rescore	4	FN	s__Halorhabdus tiamatea	0.0019141527460601	0.19141527460601	False	True	split_exact	GCF_000470655.1	exact_accession	0.99229	581.0	0.581	0.530856	1.576376	0.843985	0.99229	major	breadth>=0.5;rel_depth>=1e-4;support>=min(S,max(100,ceil(S/100)));ANI>=0.95	/mnt/new3T/minco_marine_selected_default_20260630/minco_sample4_current_default.tsv	/mnt/new3T/minco_marine_selected_default_20260630/sample4_work/minco.best_diff_split.exact.unfiltered.tsv
marine_setup_truth_profile_rescore	4	FN	s__Vibrio tasmaniensis	0.0015945724615005	0.15945724615005	False	True	split_exact	GCF_024347635.1	exact_accession	0.874728	296.0	0.296	0.063401	6.097146	0.063546	0.874728	weak	below_default_call_thresholds	/mnt/new3T/minco_marine_selected_default_20260630/minco_sample4_current_default.tsv	/mnt/new3T/minco_marine_selected_default_20260630/sample4_work/minco.best_diff_split.exact.unfiltered.tsv
marine_setup_truth_profile_rescore	4	FN	s__Pseudoalteromonas tetraodonis	0.0012783211382384	0.12783211382384	False	True	split_exact	GCF_002310835.1	exact_accession	0.867705	78.0	0.078	0.028075	1.405858	0.054449	0.867705	weak	below_default_call_thresholds	/mnt/new3T/minco_marine_selected_default_20260630/minco_sample4_current_default.tsv	/mnt/new3T/minco_marine_selected_default_20260630/sample4_work/minco.best_diff_split.exact.unfiltered.tsv
marine_setup_truth_profile_rescore	4	FN	s__Pyrococcus furiosus	0.0012783211382384	0.12783211382384	False	True	split_exact	GCF_000007305.1	exact_accession	0.99269	457.0	0.457	0.43651	1.402091	0.851454	0.99269	weak	below_default_call_thresholds	/mnt/new3T/minco_marine_selected_default_20260630/minco_sample4_current_default.tsv	/mnt/new3T/minco_marine_selected_default_20260630/sample4_work/minco.best_diff_split.exact.unfiltered.tsv
marine_setup_truth_profile_rescore	4	FN	s__Desulfovibrio desulfuricans	0.0012783211382384	0.12783211382384	False	False				0.0	0.0	0.0	0.0	0.0	0.0	0.0			/mnt/new3T/minco_marine_selected_default_20260630/minco_sample4_current_default.tsv	
marine_setup_truth_profile_rescore	4	FN	s__Aeropyrum camini	0.0012783211382384	0.12783211382384	False	True	split_exact	GCF_000591035.1	exact_accession	0.999083	484.0	0.484	0.4795	1.373306	0.980021	0.999083	weak	below_default_call_thresholds	/mnt/new3T/minco_marine_selected_default_20260630/minco_sample4_current_default.tsv	/mnt/new3T/minco_marine_selected_default_20260630/sample4_work/minco.best_diff_split.exact.unfiltered.tsv
marine_setup_truth_profile_rescore	4	FN	s__Methanoculleus marisnigri	0.0012783211382384	0.12783211382384	False	True	split_exact	GCF_000015825.1	exact_accession	0.98283	467.0	0.467	0.301206	1.317188	0.685411	0.98283	weak	below_default_call_thresholds	/mnt/new3T/minco_marine_selected_default_20260630/minco_sample4_current_default.tsv	/mnt/new3T/minco_marine_selected_default_20260630/sample4_work/minco.best_diff_split.exact.unfiltered.tsv
marine_setup_truth_profile_rescore	4	FN	s__Thermococcus sp000221185	0.0009587408536788	0.09587408536788	False	True	split_exact	GCF_000221185.1	exact_accession	0.976826	372.0	0.372	0.260439	1.311047	0.600599	0.976826	weak	below_default_call_thresholds	/mnt/new3T/minco_marine_selected_default_20260630/minco_sample4_current_default.tsv	/mnt/new3T/minco_marine_selected_default_20260630/sample4_work/minco.best_diff_split.exact.unfiltered.tsv
marine_setup_truth_profile_rescore	4	FN	s__Nanoarchaeum equitans	0.0009587408536788	0.09587408536788	False	True	split_exact	GCA_000008085.1	exact_accession	1.0	412.0	0.412	0.412	1.223301	1.0	1.0	weak	below_default_call_thresholds	/mnt/new3T/minco_marine_selected_default_20260630/minco_sample4_current_default.tsv	/mnt/new3T/minco_marine_selected_default_20260630/sample4_work/minco.best_diff_split.exact.unfiltered.tsv
marine_setup_truth_profile_rescore	4	FN	s__Photobacterium profundum	0.0009587408536788	0.09587408536788	False	True	split_exact	GCF_003026285.1	exact_accession	0.876427	64.0	0.064	0.019952	1.190886	0.065966	0.876427	weak	below_default_call_thresholds	/mnt/new3T/minco_marine_selected_default_20260630/minco_sample4_current_default.tsv	/mnt/new3T/minco_marine_selected_default_20260630/sample4_work/minco.best_diff_split.exact.unfiltered.tsv
marine_setup_truth_profile_rescore	4	FN	s__Methanocaldococcus vulcanius	0.0009587408536788	0.09587408536788	False	True	split_exact	GCF_000024625.1	exact_accession	0.998568	413.0	0.413	0.350809	1.241518	0.968982	0.998568	weak	below_default_call_thresholds	/mnt/new3T/minco_marine_selected_default_20260630/minco_sample4_current_default.tsv	/mnt/new3T/minco_marine_selected_default_20260630/sample4_work/minco.best_diff_split.exact.unfiltered.tsv
marine_setup_truth_profile_rescore	4	FN	s__Francisella noatunensis	0.0009587408536788	0.09587408536788	False	True	split_exact	GCF_009823375.1	exact_accession	0.900248	113.0	0.113	0.047825	1.306495	0.11141	0.900248	weak	below_default_call_thresholds	/mnt/new3T/minco_marine_selected_default_20260630/minco_sample4_current_default.tsv	/mnt/new3T/minco_marine_selected_default_20260630/sample4_work/minco.best_diff_split.exact.unfiltered.tsv
marine_setup_truth_profile_rescore	4	FN	s__Pyrobaculum aerophilum	0.0009587408536788	0.09587408536788	False	True	split_exact	GCF_000007225.1	exact_accession	1.0	372.0	0.372	0.358801	1.230482	1.0	1.0	weak	below_default_call_thresholds	/mnt/new3T/minco_marine_selected_default_20260630/minco_sample4_current_default.tsv	/mnt/new3T/minco_marine_selected_default_20260630/sample4_work/minco.best_diff_split.exact.unfiltered.tsv
marine_setup_truth_profile_rescore	4	FN	s__Methanococcus voltae	0.0006391605691192	0.06391605691192	False	True	split_exact	GCF_024807035.1	exact_accession	0.828213	21.0	0.021	0.008337	1.244231	0.022838	0.828213	weak	below_default_call_thresholds	/mnt/new3T/minco_marine_selected_default_20260630/minco_sample4_current_default.tsv	/mnt/new3T/minco_marine_selected_default_20260630/sample4_work/minco.best_diff_split.exact.unfiltered.tsv
marine_setup_truth_profile_rescore	4	FN	s__MTP4 sp000970045	0.0006391605691192	0.06391605691192	False	True	split_exact	GCF_000970045.1	exact_accession	0.975816	269.0	0.269	0.201117	1.224163	0.587404	0.975816	weak	below_default_call_thresholds	/mnt/new3T/minco_marine_selected_default_20260630/minco_sample4_current_default.tsv	/mnt/new3T/minco_marine_selected_default_20260630/sample4_work/minco.best_diff_split.exact.unfiltered.tsv
marine_setup_truth_profile_rescore	4	FN	s__Teredinibacter turnerae	0.0006391605691192	0.06391605691192	False	True	split_exact	GCF_037935975.1	exact_accession	0.897957	45.0	0.045	0.023833	1.132842	0.105933	0.897957	weak	below_default_call_thresholds	/mnt/new3T/minco_marine_selected_default_20260630/minco_sample4_current_default.tsv	/mnt/new3T/minco_marine_selected_default_20260630/sample4_work/minco.best_diff_split.exact.unfiltered.tsv
marine_setup_truth_profile_rescore	4	FN	s__Cenarchaeum symbiosum	0.0006391605691192	0.06391605691192	False	True	split_exact	GCA_000200715.1	exact_accession	1.0	283.0	0.283	0.282002	1.134882	1.0	1.0	weak	below_default_call_thresholds	/mnt/new3T/minco_marine_selected_default_20260630/minco_sample4_current_default.tsv	/mnt/new3T/minco_marine_selected_default_20260630/sample4_work/minco.best_diff_split.exact.unfiltered.tsv
marine_setup_truth_profile_rescore	4	FN	s__Aciduliprofundum boonei	0.0006391605691192	0.06391605691192	False	True	split_exact	GCF_000025665.1	exact_accession	0.986863	249.0	0.249	0.243499	1.209446	0.748995	0.986863	weak	below_default_call_thresholds	/mnt/new3T/minco_marine_selected_default_20260630/minco_sample4_current_default.tsv	/mnt/new3T/minco_marine_selected_default_20260630/sample4_work/minco.best_diff_split.exact.unfiltered.tsv
marine_setup_truth_profile_rescore	4	FN	s__Bacillus pumilus	0.0006391605691192	0.06391605691192	False	True	split_exact	GCF_900186955.1	exact_accession	0.829001	42.0	0.042	0.007765	1.21708	0.023238	0.829001	weak	below_default_call_thresholds	/mnt/new3T/minco_marine_selected_default_20260630/minco_sample4_current_default.tsv	/mnt/new3T/minco_marine_selected_default_20260630/sample4_work/minco.best_diff_split.exact.unfiltered.tsv
marine_setup_truth_profile_rescore	4	FN	s__Pyrococcus yayanosii	0.0006391605691192	0.06391605691192	False	True	split_exact	GCF_000215995.1	exact_accession	0.997191	262.0	0.262	0.256645	1.167874	0.940076	0.997191	weak	below_default_call_thresholds	/mnt/new3T/minco_marine_selected_default_20260630/minco_sample4_current_default.tsv	/mnt/new3T/minco_marine_selected_default_20260630/sample4_work/minco.best_diff_split.exact.unfiltered.tsv
marine_setup_truth_profile_rescore	4	FN	s__Weissella ceti	0.0006391605691192	0.06391605691192	False	True	split_exact	GCF_018394055.1	exact_accession	0.786046	14.0	0.014	0.004035	1.325024	0.009032	0.786046	weak	below_default_call_thresholds	/mnt/new3T/minco_marine_selected_default_20260630/minco_sample4_current_default.tsv	/mnt/new3T/minco_marine_selected_default_20260630/sample4_work/minco.best_diff_split.exact.unfiltered.tsv
marine_setup_truth_profile_rescore	4	FN	s__Ignicoccus hospitalis	0.0006391605691192	0.06391605691192	False	True	split_exact	GCF_000017945.1	exact_accession	0.994714	259.0	0.259	0.257105	1.18007	0.89022	0.994714	weak	below_default_call_thresholds	/mnt/new3T/minco_marine_selected_default_20260630/minco_sample4_current_default.tsv	/mnt/new3T/minco_marine_selected_default_20260630/sample4_work/minco.best_diff_split.exact.unfiltered.tsv
marine_setup_truth_profile_rescore	4	FN	s__Dokdonia sp947496725	0.0006391605691192	0.06391605691192	False	True	split_exact	GCF_045063915.1	exact_accession	0.923047	169.0	0.169	0.087616	1.357984	0.183972	0.923047	weak	below_default_call_thresholds	/mnt/new3T/minco_marine_selected_default_20260630/minco_sample4_current_default.tsv	/mnt/new3T/minco_marine_selected_default_20260630/sample4_work/minco.best_diff_split.exact.unfiltered.tsv
marine_setup_truth_profile_rescore	4	FN	s__Moritella marina	0.0003395540523445	0.033955405234449995	False	True	split_exact	GCF_008931805.1	exact_accession	0.847545	66.0	0.066	0.032269	2.782738	0.034944	0.847545	weak	below_default_call_thresholds	/mnt/new3T/minco_marine_selected_default_20260630/minco_sample4_current_default.tsv	/mnt/new3T/minco_marine_selected_default_20260630/sample4_work/minco.best_diff_split.exact.unfiltered.tsv
marine_setup_truth_profile_rescore	4	FN	s__Thermococcus_B paralvinellae	0.0003195802845596	0.03195802845596	False	True	split_exact	GCF_000517445.1	exact_accession	0.972359	141.0	0.141	0.120795	1.130685	0.544385	0.972359	weak	below_default_call_thresholds	/mnt/new3T/minco_marine_selected_default_20260630/minco_sample4_current_default.tsv	/mnt/new3T/minco_marine_selected_default_20260630/sample4_work/minco.best_diff_split.exact.unfiltered.tsv
marine_setup_truth_profile_rescore	4	FN	s__Nitrosopumilus maritimus	0.0003195802845596	0.03195802845596	False	True	split_exact	GCF_000018465.1	exact_accession	0.971828	152.0	0.152	0.113948	1.123703	0.538055	0.971828	weak	below_default_call_thresholds	/mnt/new3T/minco_marine_selected_default_20260630/minco_sample4_current_default.tsv	/mnt/new3T/minco_marine_selected_default_20260630/sample4_work/minco.best_diff_split.exact.unfiltered.tsv
marine_setup_truth_profile_rescore	4	FN	s__Thermococcus piezophilus	0.0003195802845596	0.03195802845596	False	True	split_exact	GCF_001647085.1	exact_accession	0.970247	158.0	0.158	0.118582	1.135092	0.519666	0.970247	weak	below_default_call_thresholds	/mnt/new3T/minco_marine_selected_default_20260630/minco_sample4_current_default.tsv	/mnt/new3T/minco_marine_selected_default_20260630/sample4_work/minco.best_diff_split.exact.unfiltered.tsv
marine_setup_truth_profile_rescore	4	FN	s__Pseudoalteromonas rubra	0.0003195802845596	0.03195802845596	False	True	split_exact	GCF_000238295.3	exact_accession	0.890139	44.0	0.044	0.020736	1.138128	0.089194	0.890139	weak	below_default_call_thresholds	/mnt/new3T/minco_marine_selected_default_20260630/minco_sample4_current_default.tsv	/mnt/new3T/minco_marine_selected_default_20260630/sample4_work/minco.best_diff_split.exact.unfiltered.tsv
marine_setup_truth_profile_rescore	4	FN	s__Pseudoalteromonas haloplanktis	0.0003195802845596	0.03195802845596	False	True	split_exact	GCF_000238355.1	exact_accession	0.731616	6.0	0.006	0.002665	3.868084	0.002727	0.731616	weak	below_default_call_thresholds	/mnt/new3T/minco_marine_selected_default_20260630/minco_sample4_current_default.tsv	/mnt/new3T/minco_marine_selected_default_20260630/sample4_work/minco.best_diff_split.exact.unfiltered.tsv
marine_setup_truth_profile_rescore	4	FN	s__Thermotoga neapolitana	0.0003195802845596	0.03195802845596	False	True	split_exact	GCF_000018945.1	exact_accession	0.931344	224.0	0.224	0.163834	1.825745	0.220814	0.931344	weak	below_default_call_thresholds	/mnt/new3T/minco_marine_selected_default_20260630/minco_sample4_current_default.tsv	/mnt/new3T/minco_marine_selected_default_20260630/sample4_work/minco.best_diff_split.exact.unfiltered.tsv
marine_setup_truth_profile_rescore	4	FN	s__Nitrosopumilus piranensis	0.0003195802845596	0.03195802845596	False	True	split_exact	GCF_000875775.1	exact_accession	0.972274	150.0	0.15	0.11632	1.125277	0.543366	0.972274	weak	below_default_call_thresholds	/mnt/new3T/minco_marine_selected_default_20260630/minco_sample4_current_default.tsv	/mnt/new3T/minco_marine_selected_default_20260630/sample4_work/minco.best_diff_split.exact.unfiltered.tsv
marine_setup_truth_profile_rescore	4	FN	s__Pyrococcus horikoshii	0.0003195802845596	0.03195802845596	False	True	split_exact	GCF_000011105.1	exact_accession	0.95235	126.0	0.126	0.121744	1.22845	0.350534	0.95235	weak	below_default_call_thresholds	/mnt/new3T/minco_marine_selected_default_20260630/minco_sample4_current_default.tsv	/mnt/new3T/minco_marine_selected_default_20260630/sample4_work/minco.best_diff_split.exact.unfiltered.tsv
marine_setup_truth_profile_rescore	4	FN	s__Pyrolobus fumarii	0.0003195802845596	0.03195802845596	False	True	split_exact	GCF_000223395.1	exact_accession	0.993349	128.0	0.128	0.126024	1.080915	0.863871	0.993349	weak	below_default_call_thresholds	/mnt/new3T/minco_marine_selected_default_20260630/minco_sample4_current_default.tsv	/mnt/new3T/minco_marine_selected_default_20260630/sample4_work/minco.best_diff_split.exact.unfiltered.tsv
marine_setup_truth_profile_rescore	4	FN	s__Methanocaldococcus sp000025525	0.0003195802845596	0.03195802845596	False	True	split_exact	GCF_000025525.1	exact_accession	0.991711	160.0	0.16	0.146226	1.099576	0.833302	0.991711	weak	below_default_call_thresholds	/mnt/new3T/minco_marine_selected_default_20260630/minco_sample4_current_default.tsv	/mnt/new3T/minco_marine_selected_default_20260630/sample4_work/minco.best_diff_split.exact.unfiltered.tsv
marine_setup_truth_profile_rescore	4	FN	s__Thermococcus onnurineus	0.0003195802845596	0.03195802845596	False	True	split_exact	GCF_000018365.1	exact_accession	0.973064	167.0	0.167	0.128479	1.138049	0.55289	0.973064	weak	below_default_call_thresholds	/mnt/new3T/minco_marine_selected_default_20260630/minco_sample4_current_default.tsv	/mnt/new3T/minco_marine_selected_default_20260630/sample4_work/minco.best_diff_split.exact.unfiltered.tsv
marine_setup_truth_profile_rescore	4	FN	s__Myxococcus fulvus	0.0003195802845596	0.03195802845596	False	True	split_exact	GCF_900111765.1	exact_accession	0.916896	3.0	0.003	0.00056	1.001745	0.16069	0.916896	weak	below_default_call_thresholds	/mnt/new3T/minco_marine_selected_default_20260630/minco_sample4_current_default.tsv	/mnt/new3T/minco_marine_selected_default_20260630/sample4_work/minco.best_diff_split.exact.unfiltered.tsv
marine_setup_truth_profile_rescore	4	FN	s__Halanaeroarchaeum sulfurireducens	0.0003195802845596	0.03195802845596	False	True	split_exact	GCF_001011115.1	exact_accession	0.97521	145.0	0.145	0.137641	1.141673	0.579617	0.97521	weak	below_default_call_thresholds	/mnt/new3T/minco_marine_selected_default_20260630/minco_sample4_current_default.tsv	/mnt/new3T/minco_marine_selected_default_20260630/sample4_work/minco.best_diff_split.exact.unfiltered.tsv
marine_setup_truth_profile_rescore	4	FN	s__Thermococcus eurythermalis	0.0003195802845596	0.03195802845596	False	True	split_exact	GCF_000769655.1	exact_accession	0.979875	135.0	0.135	0.111907	1.098776	0.642273	0.979875	weak	below_default_call_thresholds	/mnt/new3T/minco_marine_selected_default_20260630/minco_sample4_current_default.tsv	/mnt/new3T/minco_marine_selected_default_20260630/sample4_work/minco.best_diff_split.exact.unfiltered.tsv
marine_setup_truth_profile_rescore	4	FN	s__Staphylothermus marinus	0.0003195802845596	0.03195802845596	False	True	split_exact	GCF_000015945.1	exact_accession	0.994858	146.0	0.146	0.142301	1.089297	0.89303	0.994858	weak	below_default_call_thresholds	/mnt/new3T/minco_marine_selected_default_20260630/minco_sample4_current_default.tsv	/mnt/new3T/minco_marine_selected_default_20260630/sample4_work/minco.best_diff_split.exact.unfiltered.tsv
marine_setup_truth_profile_rescore	4	FN	s__Halolamina sediminis	0.0003195802845596	0.03195802845596	False	True	split_exact	GCF_001282785.1	exact_accession	1.0	142.0	0.142	0.118678	1.056169	1.0	1.0	weak	below_default_call_thresholds	/mnt/new3T/minco_marine_selected_default_20260630/minco_sample4_current_default.tsv	/mnt/new3T/minco_marine_selected_default_20260630/sample4_work/minco.best_diff_split.exact.unfiltered.tsv
marine_setup_truth_profile_rescore	4	FN	s__Pseudovibrio sp000156235	0.0002296983295272	0.022969832952720003	False	True	split_exact	GCF_000156235.1	exact_accession	0.890456	43.0	0.043	0.023569	1.159892	0.089818	0.890456	weak	below_default_call_thresholds	/mnt/new3T/minco_marine_selected_default_20260630/minco_sample4_current_default.tsv	/mnt/new3T/minco_marine_selected_default_20260630/sample4_work/minco.best_diff_split.exact.unfiltered.tsv
marine_setup_truth_profile_rescore	4	FN	s__Christiangramia sp900105135	1.997376778497573e-05	0.001997376778497573	False	True	split_exact	GCF_900105135.1	exact_accession	0.969078	14.0	0.014	0.009979	1.009982	0.50647	0.969078	weak	below_default_call_thresholds	/mnt/new3T/minco_marine_selected_default_20260630/minco_sample4_current_default.tsv	/mnt/new3T/minco_marine_selected_default_20260630/sample4_work/minco.best_diff_split.exact.unfiltered.tsv
marine_setup_truth_profile_rescore	5	FN	s__Hyperthermus butylicus	0.0510174654138663	5.10174654138663	True	True	split_exact	GCF_000015145.1	exact_accession	0.999847	1000.0	1.0	0.996648	26.540353	0.996648	0.999847	major	breadth>=0.5;rel_depth>=1e-4;support>=min(S,max(100,ceil(S/100)));ANI>=0.95	/mnt/new3T/minco_marine_selected_default_20260630/minco_sample5_current_default.tsv	/mnt/new3T/minco_marine_selected_default_20260630/sample5_work/minco.best_diff_split.exact.unfiltered.tsv
marine_setup_truth_profile_rescore	5	FN	s__Psychrobacter sp000586415	0.0241038641438541	2.4103864143854103	True	True	split_exact	GCF_904846625.1	exact_accession	0.847375	294.0	0.294	0.034796	7.592265	0.034814	0.847375	weak	below_default_call_thresholds	/mnt/new3T/minco_marine_selected_default_20260630/minco_sample5_current_default.tsv	/mnt/new3T/minco_marine_selected_default_20260630/sample5_work/minco.best_diff_split.exact.unfiltered.tsv
marine_setup_truth_profile_rescore	5	FN	s__Nitrosarchaeum limnae	0.0138069878134861	1.38069878134861	True	True	split_exact	GCA_000204585.1	exact_accession	0.996948	996.0	0.996	0.934264	7.064643	0.935068	0.996948	major	breadth>=0.5;rel_depth>=1e-4;support>=min(S,max(100,ceil(S/100)));ANI>=0.95	/mnt/new3T/minco_marine_selected_default_20260630/minco_sample5_current_default.tsv	/mnt/new3T/minco_marine_selected_default_20260630/sample5_work/minco.best_diff_split.exact.unfiltered.tsv
marine_setup_truth_profile_rescore	5	FN	s__Shewanella sp029835735	0.01240349253346	1.240349253346	True	True	split_exact	GCF_029835735.1	exact_accession	0.929034	453.0	0.453	0.209724	7.241301	0.209875	0.929034	weak	below_default_call_thresholds	/mnt/new3T/minco_marine_selected_default_20260630/minco_sample5_current_default.tsv	/mnt/new3T/minco_marine_selected_default_20260630/sample5_work/minco.best_diff_split.exact.unfiltered.tsv
marine_setup_truth_profile_rescore	5	FN	s__Palaeococcus pacificus	0.0077233438893024	0.77233438893024	False	True	split_exact	GCF_000725425.1	exact_accession	0.998756	987.0	0.987	0.955702	4.102379	0.973007	0.998756	major	breadth>=0.5;rel_depth>=1e-4;support>=min(S,max(100,ceil(S/100)));ANI>=0.95	/mnt/new3T/minco_marine_selected_default_20260630/minco_sample5_current_default.tsv	/mnt/new3T/minco_marine_selected_default_20260630/sample5_work/minco.best_diff_split.exact.unfiltered.tsv
marine_setup_truth_profile_rescore	5	FN	s__Pyrococcus sp000211475	0.0056167276862103	0.56167276862103	False	True	split_exact	GCF_000211475.1	exact_accession	0.999565	949.0	0.949	0.93361	3.031688	0.990466	0.999565	major	breadth>=0.5;rel_depth>=1e-4;support>=min(S,max(100,ceil(S/100)));ANI>=0.95	/mnt/new3T/minco_marine_selected_default_20260630/minco_sample5_current_default.tsv	/mnt/new3T/minco_marine_selected_default_20260630/sample5_work/minco.best_diff_split.exact.unfiltered.tsv
marine_setup_truth_profile_rescore	5	FN	s__Methylomonas methanica	0.0042132324061841	0.42132324061841003	False	True	split_exact	GCF_001644045.1	exact_accession	0.683126	3.0	0.003	0.000609	1.613782	0.000939	0.683126	weak	below_default_call_thresholds	/mnt/new3T/minco_marine_selected_default_20260630/minco_sample5_current_default.tsv	/mnt/new3T/minco_marine_selected_default_20260630/sample5_work/minco.best_diff_split.exact.unfiltered.tsv
marine_setup_truth_profile_rescore	5	FN	s__Archaeoglobus fulgidus	0.0025735324410655	0.25735324410655	False	True	split_exact	GCF_000008665.1	exact_accession	0.993258	662.0	0.662	0.64155	1.831796	0.862143	0.993258	major	breadth>=0.5;rel_depth>=1e-4;support>=min(S,max(100,ceil(S/100)));ANI>=0.95	/mnt/new3T/minco_marine_selected_default_20260630/minco_sample5_current_default.tsv	/mnt/new3T/minco_marine_selected_default_20260630/sample5_work/minco.best_diff_split.exact.unfiltered.tsv
marine_setup_truth_profile_rescore	5	FN	s__Methanosarcina siciliae	0.0025735324410655	0.25735324410655	False	True	split_exact	GCF_000970085.1	exact_accession	0.991728	732.0	0.732	0.636891	1.889976	0.833618	0.991728	major	breadth>=0.5;rel_depth>=1e-4;support>=min(S,max(100,ceil(S/100)));ANI>=0.95	/mnt/new3T/minco_marine_selected_default_20260630/minco_sample5_current_default.tsv	/mnt/new3T/minco_marine_selected_default_20260630/sample5_work/minco.best_diff_split.exact.unfiltered.tsv
marine_setup_truth_profile_rescore	5	FN	s__Aeropyrum camini	0.0023400743220788	0.23400743220788	False	True	split_exact	GCF_000591035.1	exact_accession	1.0	703.0	0.703	0.696667	1.693301	1.0	1.0	major	breadth>=0.5;rel_depth>=1e-4;support>=min(S,max(100,ceil(S/100)));ANI>=0.95	/mnt/new3T/minco_marine_selected_default_20260630/minco_sample5_current_default.tsv	/mnt/new3T/minco_marine_selected_default_20260630/sample5_work/minco.best_diff_split.exact.unfiltered.tsv
marine_setup_truth_profile_rescore	5	FN	s__Clostridium cagae	0.002106616203092	0.21066162030920002	False	True	split_exact	GCF_900290265.1	exact_accession	0.95683	396.0	0.396	0.261704	1.668254	0.386843	0.95683	weak	below_default_call_thresholds	/mnt/new3T/minco_marine_selected_default_20260630/minco_sample5_current_default.tsv	/mnt/new3T/minco_marine_selected_default_20260630/sample5_work/minco.best_diff_split.exact.unfiltered.tsv
marine_setup_truth_profile_rescore	5	FN	s__Nitrosopumilus sediminis	0.002106616203092	0.21066162030920002	False	True	split_exact	GCF_000299395.1	exact_accession	0.990615	653.0	0.653	0.552724	1.674545	0.813443	0.990615	major	breadth>=0.5;rel_depth>=1e-4;support>=min(S,max(100,ceil(S/100)));ANI>=0.95	/mnt/new3T/minco_marine_selected_default_20260630/minco_sample5_current_default.tsv	/mnt/new3T/minco_marine_selected_default_20260630/sample5_work/minco.best_diff_split.exact.unfiltered.tsv
marine_setup_truth_profile_rescore	5	FN	s__Nanoarchaeum equitans	0.0016369533990128	0.16369533990128	False	True	split_exact	GCA_000008085.1	exact_accession	1.0	593.0	0.593	0.593	1.436762	1.0	1.0	major	breadth>=0.5;rel_depth>=1e-4;support>=min(S,max(100,ceil(S/100)));ANI>=0.95	/mnt/new3T/minco_marine_selected_default_20260630/minco_sample5_current_default.tsv	/mnt/new3T/minco_marine_selected_default_20260630/sample5_work/minco.best_diff_split.exact.unfiltered.tsv
marine_setup_truth_profile_rescore	5	FN	s__Photobacterium profundum	0.0014034952800261	0.14034952800261	False	True	split_exact	GCF_003026285.1	exact_accession	0.857752	87.0	0.087	0.027735	1.585508	0.043741	0.857752	weak	below_default_call_thresholds	/mnt/new3T/minco_marine_selected_default_20260630/minco_sample5_current_default.tsv	/mnt/new3T/minco_marine_selected_default_20260630/sample5_work/minco.best_diff_split.exact.unfiltered.tsv
marine_setup_truth_profile_rescore	5	FN	s__Francisella noatunensis	0.0014034952800261	0.14034952800261	False	True	split_exact	GCF_009823375.1	exact_accession	0.890358	133.0	0.133	0.053687	1.525566	0.089624	0.890358	weak	below_default_call_thresholds	/mnt/new3T/minco_marine_selected_default_20260630/minco_sample5_current_default.tsv	/mnt/new3T/minco_marine_selected_default_20260630/sample5_work/minco.best_diff_split.exact.unfiltered.tsv
marine_setup_truth_profile_rescore	5	FN	s__Pyrococcus furiosus	0.0011700371610394	0.11700371610394	False	True	split_exact	GCF_000007305.1	exact_accession	0.996056	450.0	0.45	0.42956	1.349088	0.916899	0.996056	weak	below_default_call_thresholds	/mnt/new3T/minco_marine_selected_default_20260630/minco_sample5_current_default.tsv	/mnt/new3T/minco_marine_selected_default_20260630/sample5_work/minco.best_diff_split.exact.unfiltered.tsv
marine_setup_truth_profile_rescore	5	FN	s__Methanococcus maripaludis	0.0011700371610394	0.11700371610394	False	True	split_exact	GCF_002945325.1	exact_accession	0.954616	184.0	0.184	0.156179	1.300931	0.368452	0.954616	weak	below_default_call_thresholds	/mnt/new3T/minco_marine_selected_default_20260630/minco_sample5_current_default.tsv	/mnt/new3T/minco_marine_selected_default_20260630/sample5_work/minco.best_diff_split.exact.unfiltered.tsv
marine_setup_truth_profile_rescore	5	FN	s__Halorhabdus tiamatea	0.0011700371610394	0.11700371610394	False	True	split_exact	GCF_000470655.1	exact_accession	0.992192	441.0	0.441	0.393959	1.348292	0.842169	0.992192	weak	below_default_call_thresholds	/mnt/new3T/minco_marine_selected_default_20260630/minco_sample5_current_default.tsv	/mnt/new3T/minco_marine_selected_default_20260630/sample5_work/minco.best_diff_split.exact.unfiltered.tsv
marine_setup_truth_profile_rescore	5	FN	s__Pyrococcus horikoshii	0.0009365790420526	0.09365790420526	False	True	split_exact	GCF_000011105.1	exact_accession	0.995635	406.0	0.406	0.40022	1.318365	0.908434	0.995635	weak	below_default_call_thresholds	/mnt/new3T/minco_marine_selected_default_20260630/minco_sample5_current_default.tsv	/mnt/new3T/minco_marine_selected_default_20260630/sample5_work/minco.best_diff_split.exact.unfiltered.tsv
marine_setup_truth_profile_rescore	5	FN	s__Desulfovibrio desulfuricans	0.0009365790420526	0.09365790420526	False	True	split_exact	GCF_000420465.1	exact_accession	1.0	1.0	0.001	0.0001	1.0	1.0	1.0	weak	below_default_call_thresholds	/mnt/new3T/minco_marine_selected_default_20260630/minco_sample5_current_default.tsv	/mnt/new3T/minco_marine_selected_default_20260630/sample5_work/minco.best_diff_split.exact.unfiltered.tsv
marine_setup_truth_profile_rescore	5	FN	s__Bacillus pumilus	0.0009365790420526	0.09365790420526	False	True	split_exact	GCF_900186955.1	exact_accession	0.868073	59.0	0.059	0.009337	1.09612	0.054891	0.868073	weak	below_default_call_thresholds	/mnt/new3T/minco_marine_selected_default_20260630/minco_sample5_current_default.tsv	/mnt/new3T/minco_marine_selected_default_20260630/sample5_work/minco.best_diff_split.exact.unfiltered.tsv
marine_setup_truth_profile_rescore	5	FN	s__Nitrosopelagicus brevis	0.0009365790420526	0.09365790420526	False	True	split_exact	GCF_000812185.1	exact_accession	0.991259	399.0	0.399	0.343854	1.293689	0.82506	0.991259	weak	below_default_call_thresholds	/mnt/new3T/minco_marine_selected_default_20260630/minco_sample5_current_default.tsv	/mnt/new3T/minco_marine_selected_default_20260630/sample5_work/minco.best_diff_split.exact.unfiltered.tsv
marine_setup_truth_profile_rescore	5	FN	s__Thermoplasma volcanium	0.0009365790420526	0.09365790420526	False	True	split_exact	GCF_000011185.1	exact_accession	0.99504	376.0	0.376	0.372634	1.292512	0.896624	0.99504	weak	below_default_call_thresholds	/mnt/new3T/minco_marine_selected_default_20260630/minco_sample5_current_default.tsv	/mnt/new3T/minco_marine_selected_default_20260630/sample5_work/minco.best_diff_split.exact.unfiltered.tsv
marine_setup_truth_profile_rescore	5	FN	s__Archaeoglobus_C veneficus	0.0009365790420526	0.09365790420526	False	True	split_exact	GCF_000194625.1	exact_accession	1.0	395.0	0.395	0.392476	1.267533	1.0	1.0	weak	below_default_call_thresholds	/mnt/new3T/minco_marine_selected_default_20260630/minco_sample5_current_default.tsv	/mnt/new3T/minco_marine_selected_default_20260630/sample5_work/minco.best_diff_split.exact.unfiltered.tsv
marine_setup_truth_profile_rescore	5	FN	s__Pseudovibrio sp000156235	0.0008377026622465	0.08377026622465	False	True	split_exact	GCF_000156235.1	exact_accession	0.931529	149.0	0.149	0.081476	1.246443	0.221715	0.931529	weak	below_default_call_thresholds	/mnt/new3T/minco_marine_selected_default_20260630/minco_sample5_current_default.tsv	/mnt/new3T/minco_marine_selected_default_20260630/sample5_work/minco.best_diff_split.exact.unfiltered.tsv
marine_setup_truth_profile_rescore	5	FN	s__Pseudoalteromonas rubra	0.0007031209230659	0.07031209230659	False	True	split_exact	GCF_000238295.3	exact_accession	0.903831	76.0	0.076	0.032773	1.167014	0.120547	0.903831	weak	below_default_call_thresholds	/mnt/new3T/minco_marine_selected_default_20260630/minco_sample5_current_default.tsv	/mnt/new3T/minco_marine_selected_default_20260630/sample5_work/minco.best_diff_split.exact.unfiltered.tsv
marine_setup_truth_profile_rescore	5	FN	s__Haloferax mediterranei	0.0007031209230659	0.07031209230659	False	True	split_exact	GCF_000306765.2	exact_accession	1.0	326.0	0.326	0.301686	1.186864	1.0	1.0	weak	below_default_call_thresholds	/mnt/new3T/minco_marine_selected_default_20260630/minco_sample5_current_default.tsv	/mnt/new3T/minco_marine_selected_default_20260630/sample5_work/minco.best_diff_split.exact.unfiltered.tsv
marine_setup_truth_profile_rescore	5	FN	s__Pseudoalteromonas luteoviolacea	0.0007031209230659	0.07031209230659	False	True	split_exact	GCF_001625655.1	exact_accession	0.715468	10.0	0.01	0.001014	1.424855	0.001912	0.715468	weak	below_default_call_thresholds	/mnt/new3T/minco_marine_selected_default_20260630/minco_sample5_current_default.tsv	/mnt/new3T/minco_marine_selected_default_20260630/sample5_work/minco.best_diff_split.exact.unfiltered.tsv
marine_setup_truth_profile_rescore	5	FN	s__Nitrosopumilus maritimus	0.0007031209230659	0.07031209230659	False	True	split_exact	GCF_000018465.1	exact_accession	1.0	324.0	0.324	0.265782	1.153009	1.0	1.0	weak	below_default_call_thresholds	/mnt/new3T/minco_marine_selected_default_20260630/minco_sample5_current_default.tsv	/mnt/new3T/minco_marine_selected_default_20260630/sample5_work/minco.best_diff_split.exact.unfiltered.tsv
marine_setup_truth_profile_rescore	5	FN	s__Pseudoalteromonas tetraodonis	0.0007031209230659	0.07031209230659	False	True	split_exact	GCF_002310835.1	exact_accession	0.852594	47.0	0.047	0.010711	1.168855	0.039049	0.852594	weak	below_default_call_thresholds	/mnt/new3T/minco_marine_selected_default_20260630/minco_sample5_current_default.tsv	/mnt/new3T/minco_marine_selected_default_20260630/sample5_work/minco.best_diff_split.exact.unfiltered.tsv
marine_setup_truth_profile_rescore	5	FN	s__Cenarchaeum symbiosum	0.0007031209230659	0.07031209230659	False	True	split_exact	GCA_000200715.1	exact_accession	0.998722	286.0	0.286	0.282585	1.181507	0.972271	0.998722	weak	below_default_call_thresholds	/mnt/new3T/minco_marine_selected_default_20260630/minco_sample5_current_default.tsv	/mnt/new3T/minco_marine_selected_default_20260630/sample5_work/minco.best_diff_split.exact.unfiltered.tsv
marine_setup_truth_profile_rescore	5	FN	s__Methanocaldococcus infernus	0.0007031209230659	0.07031209230659	False	True	split_exact	GCF_000092305.1	exact_accession	0.994532	307.0	0.307	0.301189	1.221839	0.886655	0.994532	weak	below_default_call_thresholds	/mnt/new3T/minco_marine_selected_default_20260630/minco_sample5_current_default.tsv	/mnt/new3T/minco_marine_selected_default_20260630/sample5_work/minco.best_diff_split.exact.unfiltered.tsv
marine_setup_truth_profile_rescore	5	FN	s__Methanocaldococcus sp000025525	0.0007031209230659	0.07031209230659	False	True	split_exact	GCF_000025525.1	exact_accession	0.985915	292.0	0.292	0.263985	1.239578	0.733539	0.985915	weak	below_default_call_thresholds	/mnt/new3T/minco_marine_selected_default_20260630/minco_sample5_current_default.tsv	/mnt/new3T/minco_marine_selected_default_20260630/sample5_work/minco.best_diff_split.exact.unfiltered.tsv
marine_setup_truth_profile_rescore	5	FN	s__Myxococcus fulvus	0.0007031209230659	0.07031209230659	False	True	split_exact	GCF_900111765.1	exact_accession	0.739632	6.0	0.006	0.000713	1.128767	0.003253	0.739632	weak	below_default_call_thresholds	/mnt/new3T/minco_marine_selected_default_20260630/minco_sample5_current_default.tsv	/mnt/new3T/minco_marine_selected_default_20260630/sample5_work/minco.best_diff_split.exact.unfiltered.tsv
marine_setup_truth_profile_rescore	5	FN	s__Thermococcus_B barophilus	0.0007031209230659	0.07031209230659	False	True	split_exact	GCF_000151105.2	exact_accession	0.983955	319.0	0.319	0.254737	1.242	0.702581	0.983955	weak	below_default_call_thresholds	/mnt/new3T/minco_marine_selected_default_20260630/minco_sample5_current_default.tsv	/mnt/new3T/minco_marine_selected_default_20260630/sample5_work/minco.best_diff_split.exact.unfiltered.tsv
marine_setup_truth_profile_rescore	5	FN	s__Dokdonia sp947496725	0.0007031209230659	0.07031209230659	False	True	split_exact	GCF_045063915.1	exact_accession	0.940587	251.0	0.251	0.125971	1.345714	0.270607	0.940587	weak	below_default_call_thresholds	/mnt/new3T/minco_marine_selected_default_20260630/minco_sample5_current_default.tsv	/mnt/new3T/minco_marine_selected_default_20260630/sample5_work/minco.best_diff_split.exact.unfiltered.tsv
marine_setup_truth_profile_rescore	5	FN	s__Pseudoalteromonas haloplanktis	0.0007031209230659	0.07031209230659	False	True	split_exact	GCF_000238355.1	exact_accession	0.74047	7.0	0.007	0.003142	3.119366	0.003314	0.74047	weak	below_default_call_thresholds	/mnt/new3T/minco_marine_selected_default_20260630/minco_sample5_current_default.tsv	/mnt/new3T/minco_marine_selected_default_20260630/sample5_work/minco.best_diff_split.exact.unfiltered.tsv
marine_setup_truth_profile_rescore	5	FN	s__Methanocaldococcus fervens	0.0004669162379734	0.04669162379734	False	True	split_exact	GCF_000023985.1	exact_accession	0.984521	219.0	0.219	0.199035	1.173061	0.711392	0.984521	weak	below_default_call_thresholds	/mnt/new3T/minco_marine_selected_default_20260630/minco_sample5_current_default.tsv	/mnt/new3T/minco_marine_selected_default_20260630/sample5_work/minco.best_diff_split.exact.unfiltered.tsv
marine_setup_truth_profile_rescore	5	FN	s__Pyrolobus fumarii	0.0004669162379734	0.04669162379734	False	True	split_exact	GCF_000223395.1	exact_accession	1.0	240.0	0.24	0.237024	1.118729	1.0	1.0	weak	below_default_call_thresholds	/mnt/new3T/minco_marine_selected_default_20260630/minco_sample5_current_default.tsv	/mnt/new3T/minco_marine_selected_default_20260630/sample5_work/minco.best_diff_split.exact.unfiltered.tsv
marine_setup_truth_profile_rescore	5	FN	s__Haloferax gibbonsii	0.0004669162379734	0.04669162379734	False	True	split_exact	GCF_000336775.1	exact_accession	0.961718	175.0	0.175	0.091419	1.124011	0.430759	0.961718	weak	below_default_call_thresholds	/mnt/new3T/minco_marine_selected_default_20260630/minco_sample5_current_default.tsv	/mnt/new3T/minco_marine_selected_default_20260630/sample5_work/minco.best_diff_split.exact.unfiltered.tsv
marine_setup_truth_profile_rescore	5	FN	s__Pyrococcus sp000263735	0.0004669162379734	0.04669162379734	False	True	split_exact	GCF_000263735.1	exact_accession	1.0	227.0	0.227	0.221494	1.112442	1.0	1.0	weak	below_default_call_thresholds	/mnt/new3T/minco_marine_selected_default_20260630/minco_sample5_current_default.tsv	/mnt/new3T/minco_marine_selected_default_20260630/sample5_work/minco.best_diff_split.exact.unfiltered.tsv
marine_setup_truth_profile_rescore	5	FN	s__Thermococcus sp000221185	0.0004669162379734	0.04669162379734	False	True	split_exact	GCF_000221185.1	exact_accession	0.979916	204.0	0.204	0.144757	1.132982	0.642845	0.979916	weak	below_default_call_thresholds	/mnt/new3T/minco_marine_selected_default_20260630/minco_sample5_current_default.tsv	/mnt/new3T/minco_marine_selected_default_20260630/sample5_work/minco.best_diff_split.exact.unfiltered.tsv
marine_setup_truth_profile_rescore	5	FN	s__Geobacillus thermoleovorans	0.0004669162379734	0.04669162379734	False	True	split_exact	GCF_001610955.1	exact_accession	0.937613	205.0	0.205	0.071703	1.17546	0.253467	0.937613	weak	below_default_call_thresholds	/mnt/new3T/minco_marine_selected_default_20260630/minco_sample5_current_default.tsv	/mnt/new3T/minco_marine_selected_default_20260630/sample5_work/minco.best_diff_split.exact.unfiltered.tsv
marine_setup_truth_profile_rescore	5	FN	s__Chlorobium phaeobacteroides	0.0004669162379734	0.04669162379734	False	True	split_exact	GCF_000015125.1	exact_accession	0.656169	2.0	0.002	0.00019	1.246154	0.000519	0.656169	weak	below_default_call_thresholds	/mnt/new3T/minco_marine_selected_default_20260630/minco_sample5_current_default.tsv	/mnt/new3T/minco_marine_selected_default_20260630/sample5_work/minco.best_diff_split.exact.unfiltered.tsv
marine_setup_truth_profile_rescore	5	FN	s__Thermococcus onnurineus	0.0004669162379734	0.04669162379734	False	True	split_exact	GCF_000018365.1	exact_accession	0.985408	218.0	0.218	0.169291	1.138757	0.725407	0.985408	weak	below_default_call_thresholds	/mnt/new3T/minco_marine_selected_default_20260630/minco_sample5_current_default.tsv	/mnt/new3T/minco_marine_selected_default_20260630/sample5_work/minco.best_diff_split.exact.unfiltered.tsv
marine_setup_truth_profile_rescore	5	FN	s__Methanocaldococcus jannaschii	0.0004669162379734	0.04669162379734	False	True	split_exact	GCF_000091665.1	exact_accession	1.0	233.0	0.233	0.205451	1.11598	1.0	1.0	weak	below_default_call_thresholds	/mnt/new3T/minco_marine_selected_default_20260630/minco_sample5_current_default.tsv	/mnt/new3T/minco_marine_selected_default_20260630/sample5_work/minco.best_diff_split.exact.unfiltered.tsv
marine_setup_truth_profile_rescore	5	FN	s__Haloarcula hispanica	0.0004669162379734	0.04669162379734	False	True	split_exact	GCF_000223905.1	exact_accession	0.972603	188.0	0.188	0.107528	1.113351	0.547315	0.972603	weak	below_default_call_thresholds	/mnt/new3T/minco_marine_selected_default_20260630/minco_sample5_current_default.tsv	/mnt/new3T/minco_marine_selected_default_20260630/sample5_work/minco.best_diff_split.exact.unfiltered.tsv
marine_setup_truth_profile_rescore	5	FN	s__Chromohalobacter moromii	0.0004669162379734	0.04669162379734	False	True	split_exact	GCF_023091865.1	exact_accession	0.850004	25.0	0.025	0.009021	1.146785	0.036886	0.850004	weak	below_default_call_thresholds	/mnt/new3T/minco_marine_selected_default_20260630/minco_sample5_current_default.tsv	/mnt/new3T/minco_marine_selected_default_20260630/sample5_work/minco.best_diff_split.exact.unfiltered.tsv
marine_setup_truth_profile_rescore	5	FN	s__Methanosarcina sp000969965	0.0004669162379734	0.04669162379734	False	True	split_exact	GCF_000969965.1	exact_accession	0.980533	201.0	0.201	0.166177	1.154409	0.65163	0.980533	weak	below_default_call_thresholds	/mnt/new3T/minco_marine_selected_default_20260630/minco_sample5_current_default.tsv	/mnt/new3T/minco_marine_selected_default_20260630/sample5_work/minco.best_diff_split.exact.unfiltered.tsv
marine_setup_truth_profile_rescore	5	FN	s__Methanohalobium evestigatum	0.0004669162379734	0.04669162379734	False	True	split_exact	GCF_000196655.1	exact_accession	1.0	213.0	0.213	0.191108	1.068024	1.0	1.0	weak	below_default_call_thresholds	/mnt/new3T/minco_marine_selected_default_20260630/minco_sample5_current_default.tsv	/mnt/new3T/minco_marine_selected_default_20260630/sample5_work/minco.best_diff_split.exact.unfiltered.tsv
marine_setup_truth_profile_rescore	5	FN	s__Aquipseudomonas rustica	0.0004669162379734	0.04669162379734	False	True	split_exact	GCF_018336155.1	exact_accession	0.897886	134.0	0.134	0.035382	1.217411	0.105767	0.897886	weak	below_default_call_thresholds	/mnt/new3T/minco_marine_selected_default_20260630/minco_sample5_current_default.tsv	/mnt/new3T/minco_marine_selected_default_20260630/sample5_work/minco.best_diff_split.exact.unfiltered.tsv
marine_setup_truth_profile_rescore	5	FN	s__Methanofervidicoccus okinawensis	0.0004669162379734	0.04669162379734	False	True	split_exact	GCF_000179575.2	exact_accession	0.997193	241.0	0.241	0.235613	1.151185	0.940105	0.997193	weak	below_default_call_thresholds	/mnt/new3T/minco_marine_selected_default_20260630/minco_sample5_current_default.tsv	/mnt/new3T/minco_marine_selected_default_20260630/sample5_work/minco.best_diff_split.exact.unfiltered.tsv
marine_setup_truth_profile_rescore	5	FN	s__Methanocaldococcus vulcanius	0.0004669162379734	0.04669162379734	False	True	split_exact	GCF_000024625.1	exact_accession	0.987729	244.0	0.244	0.212593	1.172057	0.763413	0.987729	weak	below_default_call_thresholds	/mnt/new3T/minco_marine_selected_default_20260630/minco_sample5_current_default.tsv	/mnt/new3T/minco_marine_selected_default_20260630/sample5_work/minco.best_diff_split.exact.unfiltered.tsv
marine_setup_truth_profile_rescore	5	FN	s__Thermococcus cleftensis	0.0004669162379734	0.04669162379734	False	True	split_exact	GCF_000265525.1	exact_accession	0.981325	187.0	0.187	0.159135	1.143482	0.663079	0.981325	weak	below_default_call_thresholds	/mnt/new3T/minco_marine_selected_default_20260630/minco_sample5_current_default.tsv	/mnt/new3T/minco_marine_selected_default_20260630/sample5_work/minco.best_diff_split.exact.unfiltered.tsv
marine_setup_truth_profile_rescore	5	FN	s__Planococcus maritimus	0.0002334581189867	0.02334581189867	False	True	split_exact	GCF_001687625.2	exact_accession	0.901295	172.0	0.172	0.109514	3.366437	0.114007	0.901295	weak	below_default_call_thresholds	/mnt/new3T/minco_marine_selected_default_20260630/minco_sample5_current_default.tsv	/mnt/new3T/minco_marine_selected_default_20260630/sample5_work/minco.best_diff_split.exact.unfiltered.tsv
marine_setup_truth_profile_rescore	5	FN	s__Lacimicrobium alkaliphilum	0.0002334581189867	0.02334581189867	False	True	split_exact	GCF_002591895.1	exact_accession	0.91594	6.0	0.006	0.0027	1.00868	0.157345	0.91594	weak	below_default_call_thresholds	/mnt/new3T/minco_marine_selected_default_20260630/minco_sample5_current_default.tsv	/mnt/new3T/minco_marine_selected_default_20260630/sample5_work/minco.best_diff_split.exact.unfiltered.tsv
marine_setup_truth_profile_rescore	5	FN	s__Methanococcoides methylutens	0.0002334581189867	0.02334581189867	False	True	split_exact	GCF_000765475.1	exact_accession	1.0	1.0	0.001	0.0005	1.0	1.0	1.0	weak	below_default_call_thresholds	/mnt/new3T/minco_marine_selected_default_20260630/minco_sample5_current_default.tsv	/mnt/new3T/minco_marine_selected_default_20260630/sample5_work/minco.best_diff_split.exact.unfiltered.tsv
marine_setup_truth_profile_rescore	5	FN	s__JBDGSM01 sp001761425	0.0002334581189867	0.02334581189867	False	True	split_exact	GCA_001761425.1	exact_accession	1.0	109.0	0.109	0.108023	1.055544	1.0	1.0	weak	below_default_call_thresholds	/mnt/new3T/minco_marine_selected_default_20260630/minco_sample5_current_default.tsv	/mnt/new3T/minco_marine_selected_default_20260630/sample5_work/minco.best_diff_split.exact.unfiltered.tsv
marine_setup_truth_profile_rescore	5	FN	s__Thermococcus_A litoralis	0.0002334581189867	0.02334581189867	False	True	split_exact	GCF_000246985.2	exact_accession	0.983593	120.0	0.12	0.081076	1.063104	0.697014	0.983593	weak	below_default_call_thresholds	/mnt/new3T/minco_marine_selected_default_20260630/minco_sample5_current_default.tsv	/mnt/new3T/minco_marine_selected_default_20260630/sample5_work/minco.best_diff_split.exact.unfiltered.tsv
marine_setup_truth_profile_rescore	5	FN	s__Ignicoccus islandicus	0.0002334581189867	0.02334581189867	False	True	split_exact	GCF_001481685.1	exact_accession	1.0	131.0	0.131	0.130006	1.05479	1.0	1.0	weak	below_default_call_thresholds	/mnt/new3T/minco_marine_selected_default_20260630/minco_sample5_current_default.tsv	/mnt/new3T/minco_marine_selected_default_20260630/sample5_work/minco.best_diff_split.exact.unfiltered.tsv
marine_setup_truth_profile_rescore	5	FN	s__Nitrosopumilus piranensis	0.0002334581189867	0.02334581189867	False	True	split_exact	GCF_000875775.1	exact_accession	0.938573	131.0	0.131	0.10063	1.266204	0.258877	0.938573	weak	below_default_call_thresholds	/mnt/new3T/minco_marine_selected_default_20260630/minco_sample5_current_default.tsv	/mnt/new3T/minco_marine_selected_default_20260630/sample5_work/minco.best_diff_split.exact.unfiltered.tsv
marine_setup_truth_profile_rescore	5	FN	s__Staphylothermus marinus	0.0002334581189867	0.02334581189867	False	True	split_exact	GCF_000015945.1	exact_accession	0.990094	102.0	0.102	0.098926	1.067068	0.804177	0.990094	weak	below_default_call_thresholds	/mnt/new3T/minco_marine_selected_default_20260630/minco_sample5_current_default.tsv	/mnt/new3T/minco_marine_selected_default_20260630/sample5_work/minco.best_diff_split.exact.unfiltered.tsv
marine_setup_truth_profile_rescore	5	FN	s__Methanolacinia petrolearia	0.0002334581189867	0.02334581189867	False	True	split_exact	GCF_000147875.1	exact_accession	1.0	105.0	0.105	0.097583	1.051238	1.0	1.0	weak	below_default_call_thresholds	/mnt/new3T/minco_marine_selected_default_20260630/minco_sample5_current_default.tsv	/mnt/new3T/minco_marine_selected_default_20260630/sample5_work/minco.best_diff_split.exact.unfiltered.tsv
marine_setup_truth_profile_rescore	5	FN	s__Thermococcus gammatolerans	0.0002334581189867	0.02334581189867	False	True	split_exact	GCF_000022365.1	exact_accession	1.0	118.0	0.118	0.104425	1.052669	1.0	1.0	weak	below_default_call_thresholds	/mnt/new3T/minco_marine_selected_default_20260630/minco_sample5_current_default.tsv	/mnt/new3T/minco_marine_selected_default_20260630/sample5_work/minco.best_diff_split.exact.unfiltered.tsv
marine_setup_truth_profile_rescore	5	FN	s__Pyrococcus abyssi	0.0002334581189867	0.02334581189867	False	True	split_exact	GCF_000195935.2	exact_accession	0.967104	142.0	0.142	0.130442	1.164824	0.484954	0.967104	weak	below_default_call_thresholds	/mnt/new3T/minco_marine_selected_default_20260630/minco_sample5_current_default.tsv	/mnt/new3T/minco_marine_selected_default_20260630/sample5_work/minco.best_diff_split.exact.unfiltered.tsv
marine_setup_truth_profile_rescore	5	FN	s__Thermococcus piezophilus	0.0002334581189867	0.02334581189867	False	True	split_exact	GCF_001647085.1	exact_accession	0.968198	154.0	0.154	0.118352	1.142229	0.496764	0.968198	weak	below_default_call_thresholds	/mnt/new3T/minco_marine_selected_default_20260630/minco_sample5_current_default.tsv	/mnt/new3T/minco_marine_selected_default_20260630/sample5_work/minco.best_diff_split.exact.unfiltered.tsv
marine_setup_truth_profile_rescore	5	FN	s__Halogeometricum borinquense	0.0002334581189867	0.02334581189867	False	True	split_exact	GCF_000172995.2	exact_accession	1.0	127.0	0.127	0.122548	1.065281	1.0	1.0	weak	below_default_call_thresholds	/mnt/new3T/minco_marine_selected_default_20260630/minco_sample5_current_default.tsv	/mnt/new3T/minco_marine_selected_default_20260630/sample5_work/minco.best_diff_split.exact.unfiltered.tsv
marine_setup_truth_profile_rescore	5	FN	s__MTP4 sp000970045	0.0002334581189867	0.02334581189867	False	True	split_exact	GCF_000970045.1	exact_accession	0.981778	119.0	0.119	0.085693	1.070017	0.669729	0.981778	weak	below_default_call_thresholds	/mnt/new3T/minco_marine_selected_default_20260630/minco_sample5_current_default.tsv	/mnt/new3T/minco_marine_selected_default_20260630/sample5_work/minco.best_diff_split.exact.unfiltered.tsv
marine_setup_truth_profile_rescore	5	FN	s__Aliivibrio fischeri	0.0002334581189867	0.02334581189867	False	True	split_exact	GCF_023983475.1	exact_accession	0.854698	96.0	0.096	0.032032	1.951953	0.040899	0.854698	weak	below_default_call_thresholds	/mnt/new3T/minco_marine_selected_default_20260630/minco_sample5_current_default.tsv	/mnt/new3T/minco_marine_selected_default_20260630/sample5_work/minco.best_diff_split.exact.unfiltered.tsv
marine_setup_truth_profile_rescore	5	FN	s__Aciduliprofundum boonei	0.0002334581189867	0.02334581189867	False	True	split_exact	GCF_000025665.1	exact_accession	0.982793	122.0	0.122	0.120333	1.099723	0.684856	0.982793	weak	below_default_call_thresholds	/mnt/new3T/minco_marine_selected_default_20260630/minco_sample5_current_default.tsv	/mnt/new3T/minco_marine_selected_default_20260630/sample5_work/minco.best_diff_split.exact.unfiltered.tsv
marine_setup_truth_profile_rescore	5	FN	s__Pyrococcus yayanosii	0.0002334581189867	0.02334581189867	False	True	split_exact	GCF_000215995.1	exact_accession	0.995613	125.0	0.125	0.120111	1.072621	0.907994	0.995613	weak	below_default_call_thresholds	/mnt/new3T/minco_marine_selected_default_20260630/minco_sample5_current_default.tsv	/mnt/new3T/minco_marine_selected_default_20260630/sample5_work/minco.best_diff_split.exact.unfiltered.tsv
marine_setup_truth_profile_rescore	5	FN	s__Weissella ceti	0.0002334581189867	0.02334581189867	False	True	split_exact	GCF_018394055.1	exact_accession	0.851989	10.0	0.01	0.004021	1.056109	0.038533	0.851989	weak	below_default_call_thresholds	/mnt/new3T/minco_marine_selected_default_20260630/minco_sample5_current_default.tsv	/mnt/new3T/minco_marine_selected_default_20260630/sample5_work/minco.best_diff_split.exact.unfiltered.tsv
marine_setup_truth_profile_rescore	5	FN	s__Ignicoccus hospitalis	0.0002334581189867	0.02334581189867	False	True	split_exact	GCF_000017945.1	exact_accession	1.0	141.0	0.141	0.140006	1.058019	1.0	1.0	weak	below_default_call_thresholds	/mnt/new3T/minco_marine_selected_default_20260630/minco_sample5_current_default.tsv	/mnt/new3T/minco_marine_selected_default_20260630/sample5_work/minco.best_diff_split.exact.unfiltered.tsv
marine_setup_truth_profile_rescore	5	FN	s__Methanoculleus marisnigri	0.0002334581189867	0.02334581189867	False	True	split_exact	GCF_000015825.1	exact_accession	0.978785	103.0	0.103	0.064666	1.055408	0.627048	0.978785	weak	below_default_call_thresholds	/mnt/new3T/minco_marine_selected_default_20260630/minco_sample5_current_default.tsv	/mnt/new3T/minco_marine_selected_default_20260630/sample5_work/minco.best_diff_split.exact.unfiltered.tsv
marine_setup_truth_profile_rescore	5	FN	s__Geoglobus ahangari	0.0002334581189867	0.02334581189867	False	True	split_exact	GCF_001006045.1	exact_accession	0.971056	108.0	0.108	0.106548	1.116667	0.529002	0.971056	weak	below_default_call_thresholds	/mnt/new3T/minco_marine_selected_default_20260630/minco_sample5_current_default.tsv	/mnt/new3T/minco_marine_selected_default_20260630/sample5_work/minco.best_diff_split.exact.unfiltered.tsv
marine_setup_truth_profile_rescore	5	FN	s__Haloquadratum walsbyi	0.0002334581189867	0.02334581189867	False	True	split_exact	GCF_000237865.1	exact_accession	0.999213	100.0	0.1	0.095833	1.052174	0.982833	0.999213	weak	below_default_call_thresholds	/mnt/new3T/minco_marine_selected_default_20260630/minco_sample5_current_default.tsv	/mnt/new3T/minco_marine_selected_default_20260630/sample5_work/minco.best_diff_split.exact.unfiltered.tsv
marine_setup_truth_profile_rescore	5	FN	s__Micromonospora gifhornensis	0.0001318351730748	0.01318351730748	False	True	split_exact	GCF_016863515.1	exact_accession	0.946337	36.0	0.036	0.015835	1.026704	0.307097	0.946337	weak	below_default_call_thresholds	/mnt/new3T/minco_marine_selected_default_20260630/minco_sample5_current_default.tsv	/mnt/new3T/minco_marine_selected_default_20260630/sample5_work/minco.best_diff_split.exact.unfiltered.tsv
marine_setup_truth_profile_rescore	5	FN	s__Maricaulis maris	0.0001181023425462	0.01181023425462	False	True	split_exact	GCF_003634045.1	exact_accession	1.0	6.0	0.006	0.001841	1.0	1.0	1.0	weak	below_default_call_thresholds	/mnt/new3T/minco_marine_selected_default_20260630/minco_sample5_current_default.tsv	/mnt/new3T/minco_marine_selected_default_20260630/sample5_work/minco.best_diff_split.exact.unfiltered.tsv
marine_setup_truth_profile_rescore	5	FN	s__Moritella marina	0.000109862644229	0.010986264422899999	False	True	split_exact	GCF_008931805.1	exact_accession	0.825346	53.0	0.053	0.021014	3.992146	0.021442	0.825346	weak	below_default_call_thresholds	/mnt/new3T/minco_marine_selected_default_20260630/minco_sample5_current_default.tsv	/mnt/new3T/minco_marine_selected_default_20260630/sample5_work/minco.best_diff_split.exact.unfiltered.tsv
marine_setup_truth_profile_rescore	5	FN	s__IMCC9063 sp000195085	3.8451925480168414e-05	0.0038451925480168414	False	True	split_exact	GCF_000195085.1	exact_accession	0.859066	16.0	0.016	0.0145	1.206897	0.045024	0.859066	weak	below_default_call_thresholds	/mnt/new3T/minco_marine_selected_default_20260630/minco_sample5_current_default.tsv	/mnt/new3T/minco_marine_selected_default_20260630/sample5_work/minco.best_diff_split.exact.unfiltered.tsv
marine_setup_truth_profile_rescore	5	FN	s__Christiangramia sp900105135	1.647939663435789e-05	0.0016479396634357891	False	True	split_exact	GCF_900105135.1	exact_accession	0.915261	16.0	0.016	0.009825	1.033098	0.155011	0.915261	weak	below_default_call_thresholds	/mnt/new3T/minco_marine_selected_default_20260630/minco_sample5_current_default.tsv	/mnt/new3T/minco_marine_selected_default_20260630/sample5_work/minco.best_diff_split.exact.unfiltered.tsv
cami3_source_readmap_extension_after_recovery	3	FN	s__Bacteroides ovatus	0.0007125142244743	0.07125142244742999	False	True	split	GCF_001314995.1	exact_accession	0.897934	146.0	0.146	0.046187	1.313769	0.105881	0.897934	weak	below_default_call_thresholds	/tmp/minco_candidate_preset_replay_20260629/cami3_toy_human_gut_gtdb_source_readmap.sample3.candidate_preset.tsv	/tmp/cami3_toy_human_gut_20260626/run/sample3_autoexact/minco.best_diff_split.unfiltered.tsv
cami3_source_readmap_extension_after_recovery	3	FN	s__Klebsiella pneumoniae	0.0001011603781071	0.01011603781071	False	True	split	GCF_000742135.1	exact_accession	0.839507	66.0	0.066	0.029197	5.884976	0.02928	0.839507	weak	below_default_call_thresholds	/tmp/minco_candidate_preset_replay_20260629/cami3_toy_human_gut_gtdb_source_readmap.sample3.candidate_preset.tsv	/tmp/cami3_toy_human_gut_20260626/run/sample3_autoexact/minco.best_diff_split.unfiltered.tsv
cami3_source_readmap_extension_after_recovery	3	FN	s__Bifidobacterium pseudocatenulatum	8.32858863166913e-05	0.00832858863166913	False	True	split	GCF_001025215.1	exact_accession	0.920484	107.0	0.107	0.043808	1.152143	0.173885	0.920484	weak	below_default_call_thresholds	/tmp/minco_candidate_preset_replay_20260629/cami3_toy_human_gut_gtdb_source_readmap.sample3.candidate_preset.tsv	/tmp/cami3_toy_human_gut_20260626/run/sample3_autoexact/minco.best_diff_split.unfiltered.tsv
cami3_source_readmap_extension_after_recovery	3	FN	s__ECMA0423 sp047199055	4.3376460681126e-05	0.0043376460681125995	False	True	split	GCA_047199055.1	exact_accession	0.893202	403.0	0.403	0.095412	32.281407	0.095412	0.893202	weak	below_default_call_thresholds	/tmp/minco_candidate_preset_replay_20260629/cami3_toy_human_gut_gtdb_source_readmap.sample3.candidate_preset.tsv	/tmp/cami3_toy_human_gut_20260626/run/sample3_autoexact/minco.best_diff_split.unfiltered.tsv
cami3_source_readmap_extension_after_recovery	3	FN	s__Bifidobacterium animalis_B	3.5286712241484385e-05	0.0035286712241484387	False	True	split	GCA_004154635.1	exact_accession	1.0	16.0	0.016	0.0116	1.0	1.0	1.0	weak	below_default_call_thresholds	/tmp/minco_candidate_preset_replay_20260629/cami3_toy_human_gut_gtdb_source_readmap.sample3.candidate_preset.tsv	/tmp/cami3_toy_human_gut_20260626/run/sample3_autoexact/minco.best_diff_split.unfiltered.tsv
cami3_source_readmap_extension_after_recovery	3	FN	s__Anaerococcus vaginalis	3.2204903312097105e-05	0.0032204903312097106	False	True	split	GCF_000163295.1	exact_accession	1.0	15.0	0.015	0.007147	1.0	1.0	1.0	weak	below_default_call_thresholds	/tmp/minco_candidate_preset_replay_20260629/cami3_toy_human_gut_gtdb_source_readmap.sample3.candidate_preset.tsv	/tmp/cami3_toy_human_gut_20260626/run/sample3_autoexact/minco.best_diff_split.unfiltered.tsv
cami3_source_readmap_extension_after_recovery	3	FN	s__Blautia_A fusiformis	3.1511496302984966e-05	0.0031511496302984968	False	True	split	GCF_020687435.1	exact_accession	0.901224	431.0	0.431	0.113826	18.033297	0.113826	0.901224	weak	below_default_call_thresholds	/tmp/minco_candidate_preset_replay_20260629/cami3_toy_human_gut_gtdb_source_readmap.sample3.candidate_preset.tsv	/tmp/cami3_toy_human_gut_20260626/run/sample3_autoexact/minco.best_diff_split.unfiltered.tsv
cami3_source_readmap_extension_after_recovery	3	FN	s__Bacteroides thetaiotaomicron	2.411515487245549e-05	0.002411515487245549	False	True	split	GCF_000011065.1	exact_accession	0.778737	34.0	0.034	0.00752	3.893247	0.00769	0.778737	weak	below_default_call_thresholds	/tmp/minco_candidate_preset_replay_20260629/cami3_toy_human_gut_gtdb_source_readmap.sample3.candidate_preset.tsv	/tmp/cami3_toy_human_gut_20260626/run/sample3_autoexact/minco.best_diff_split.unfiltered.tsv
cami3_source_readmap_extension_after_recovery	3	FN	s__Phocaeicola plebeius_A	2.2111979068353757e-05	0.0022111979068353757	False	True	split	GCF_003437535.1	exact_accession	0.776827	20.0	0.02	0.007238	4.071101	0.007374	0.776827	weak	below_default_call_thresholds	/tmp/minco_candidate_preset_replay_20260629/cami3_toy_human_gut_gtdb_source_readmap.sample3.candidate_preset.tsv	/tmp/cami3_toy_human_gut_20260626/run/sample3_autoexact/minco.best_diff_split.unfiltered.tsv
cami3_source_readmap_extension_after_recovery	3	FN	s__Corynebacterium hesseae	1.9569486701609243e-05	0.001956948670160924	False	True	split	GCF_027570215.1	exact_accession	1.0	10.0	0.01	0.004615	1.0	1.0	1.0	weak	below_default_call_thresholds	/tmp/minco_candidate_preset_replay_20260629/cami3_toy_human_gut_gtdb_source_readmap.sample3.candidate_preset.tsv	/tmp/cami3_toy_human_gut_20260626/run/sample3_autoexact/minco.best_diff_split.unfiltered.tsv
cami3_source_readmap_extension_after_recovery	3	FN	s__Akkermansia sp004167605	1.7720401343976875e-05	0.0017720401343976875	False	True	split	GCF_036417355.1	exact_accession	0.803572	22.0	0.022	0.011761	2.447646	0.013281	0.803572	weak	below_default_call_thresholds	/tmp/minco_candidate_preset_replay_20260629/cami3_toy_human_gut_gtdb_source_readmap.sample3.candidate_preset.tsv	/tmp/cami3_toy_human_gut_20260626/run/sample3_autoexact/minco.best_diff_split.unfiltered.tsv
cami3_source_readmap_extension_after_recovery	3	FN	s__Phocaeicola vulgatus	1.748926567427283e-05	0.001748926567427283	False	True	split	GCF_964248265.1	exact_accession	0.769623	39.0	0.039	0.00626	5.268799	0.006293	0.769623	weak	below_default_call_thresholds	/tmp/minco_candidate_preset_replay_20260629/cami3_toy_human_gut_gtdb_source_readmap.sample3.candidate_preset.tsv	/tmp/cami3_toy_human_gut_20260626/run/sample3_autoexact/minco.best_diff_split.unfiltered.tsv
cami3_source_readmap_extension_after_recovery	3	FN	s__Catenibacterium mitsuoka_A	1.71810847813341e-05	0.0017181084781334101	False	True	split	GCF_964259225.1	exact_accession	0.791749	16.0	0.016	0.009051	2.43634	0.010239	0.791749	weak	below_default_call_thresholds	/tmp/minco_candidate_preset_replay_20260629/cami3_toy_human_gut_gtdb_source_readmap.sample3.candidate_preset.tsv	/tmp/cami3_toy_human_gut_20260626/run/sample3_autoexact/minco.best_diff_split.unfiltered.tsv
cami3_source_readmap_extension_after_recovery	3	FN	s__Helicobacter pylori_BU	1.4869728084293638e-05	0.0014869728084293639	False	True	split	GCF_900120335.1	exact_accession	1.0	7.0	0.007	0.001349	1.0	1.0	1.0	weak	below_default_call_thresholds	/tmp/minco_candidate_preset_replay_20260629/cami3_toy_human_gut_gtdb_source_readmap.sample3.candidate_preset.tsv	/tmp/cami3_toy_human_gut_20260626/run/sample3_autoexact/minco.best_diff_split.unfiltered.tsv
cami3_source_readmap_extension_after_recovery	3	FN	s__Anaeromassilibacillus stercoravium	1.1633828708436992e-05	0.0011633828708436991	False	True	split	GCA_019118845.1	exact_accession	1.0	9.0	0.009	0.008002	1.0	1.0	1.0	weak	below_default_call_thresholds	/tmp/minco_candidate_preset_replay_20260629/cami3_toy_human_gut_gtdb_source_readmap.sample3.candidate_preset.tsv	/tmp/cami3_toy_human_gut_20260626/run/sample3_autoexact/minco.best_diff_split.unfiltered.tsv
cami3_source_readmap_extension_after_recovery	3	FN	s__Klebsiella michiganensis	1.1325647815498264e-05	0.0011325647815498263	False	True	split	GCF_002925905.1	exact_accession	0.835698	56.0	0.056	0.014156	1.418943	0.026927	0.835698	weak	below_default_call_thresholds	/tmp/minco_candidate_preset_replay_20260629/cami3_toy_human_gut_gtdb_source_readmap.sample3.candidate_preset.tsv	/tmp/cami3_toy_human_gut_20260626/run/sample3_autoexact/minco.best_diff_split.unfiltered.tsv
cami3_source_readmap_extension_after_recovery	3	FN	s__Streptococcus oralis_W	1.11715573690289e-05	0.00111715573690289	False	True	split	GCF_000257845.1	exact_accession	0.628823	14.0	0.014	0.000284	11.687285	0.000284	0.628823	weak	below_default_call_thresholds	/tmp/minco_candidate_preset_replay_20260629/cami3_toy_human_gut_gtdb_source_readmap.sample3.candidate_preset.tsv	/tmp/cami3_toy_human_gut_20260626/run/sample3_autoexact/minco.best_diff_split.unfiltered.tsv
cami3_source_readmap_extension_after_recovery	3	FN	s__Bacillus_A cereus	1.0324059913447396e-05	0.0010324059913447395	False	True	split	GCF_000007825.1	exact_accession	0.665556	3.0	0.003	8.9e-05	1.076923	0.000638	0.665556	weak	below_default_call_thresholds	/tmp/minco_candidate_preset_replay_20260629/cami3_toy_human_gut_gtdb_source_readmap.sample3.candidate_preset.tsv	/tmp/cami3_toy_human_gut_20260626/run/sample3_autoexact/minco.best_diff_split.unfiltered.tsv
cami3_source_readmap_extension_after_recovery	3	FN	s__Streptococcus sanguinis_H	9.091336341692483e-06	0.0009091336341692484	False	True	split	GCF_013343115.1	exact_accession	0.760873	32.0	0.032	0.002505	1.365302	0.005191	0.760873	weak	below_default_call_thresholds	/tmp/minco_candidate_preset_replay_20260629/cami3_toy_human_gut_gtdb_source_readmap.sample3.candidate_preset.tsv	/tmp/cami3_toy_human_gut_20260626/run/sample3_autoexact/minco.best_diff_split.unfiltered.tsv
cami3_source_readmap_extension_after_recovery	3	FN	s__Holdemanella biformis	8.397929332580345e-06	0.0008397929332580346	False	True	split	GCF_000156655.1	exact_accession	0.802953	39.0	0.039	0.013102	29.545915	0.013102	0.802953	weak	below_default_call_thresholds	/tmp/minco_candidate_preset_replay_20260629/cami3_toy_human_gut_gtdb_source_readmap.sample3.candidate_preset.tsv	/tmp/cami3_toy_human_gut_20260626/run/sample3_autoexact/minco.best_diff_split.unfiltered.tsv
cami3_source_readmap_extension_after_recovery	3	FN	s__Mycobacterium tuberculosis	8.089748439641617e-06	0.0008089748439641618	False	True	split	GCF_000195955.2	exact_accession	1.0	5.0	0.005	0.0041	1.0	1.0	1.0	weak	below_default_call_thresholds	/tmp/minco_candidate_preset_replay_20260629/cami3_toy_human_gut_gtdb_source_readmap.sample3.candidate_preset.tsv	/tmp/cami3_toy_human_gut_20260626/run/sample3_autoexact/minco.best_diff_split.unfiltered.tsv
cami3_source_readmap_extension_after_recovery	3	FN	s__Ligilactobacillus ruminis	8.012703216406935e-06	0.0008012703216406935	False	True	split	GCF_900113455.1	exact_accession	1.0	6.0	0.006	0.0055	1.0	1.0	1.0	weak	below_default_call_thresholds	/tmp/minco_candidate_preset_replay_20260629/cami3_toy_human_gut_gtdb_source_readmap.sample3.candidate_preset.tsv	/tmp/cami3_toy_human_gut_20260626/run/sample3_autoexact/minco.best_diff_split.unfiltered.tsv
cami3_source_readmap_extension_after_recovery	3	FN	s__Peptostreptococcus anaerobius	7.627477100233524e-06	0.0007627477100233524	False	True	split	GCF_000381525.1	exact_accession	0.790625	14.0	0.014	0.008469	2.22048	0.009989	0.790625	weak	below_default_call_thresholds	/tmp/minco_candidate_preset_replay_20260629/cami3_toy_human_gut_gtdb_source_readmap.sample3.candidate_preset.tsv	/tmp/cami3_toy_human_gut_20260626/run/sample3_autoexact/minco.best_diff_split.unfiltered.tsv
cami3_source_readmap_extension_after_recovery	3	FN	s__Bifidobacterium angulatum	7.627477100233524e-06	0.0007627477100233524	False	True	split	GCF_001025155.1	exact_accession	1.0	11.0	0.011	0.006188	1.0	1.0	1.0	weak	below_default_call_thresholds	/tmp/minco_candidate_preset_replay_20260629/cami3_toy_human_gut_gtdb_source_readmap.sample3.candidate_preset.tsv	/tmp/cami3_toy_human_gut_20260626/run/sample3_autoexact/minco.best_diff_split.unfiltered.tsv
cami3_source_readmap_extension_after_recovery	3	FN	s__Prevotella sp934202525	7.47338665376416e-06	0.000747338665376416	False	True	split	GCF_032490515.1	exact_accession	0.802463	3.0	0.003	0.001071	1.043756	0.012961	0.802463	weak	below_default_call_thresholds	/tmp/minco_candidate_preset_replay_20260629/cami3_toy_human_gut_gtdb_source_readmap.sample3.candidate_preset.tsv	/tmp/cami3_toy_human_gut_20260626/run/sample3_autoexact/minco.best_diff_split.unfiltered.tsv
cami3_source_readmap_extension_after_recovery	3	FN	s__Ruthenibacterium lactatiformans	7.165205760825432e-06	0.0007165205760825432	False	True	split	GCF_000949455.1	exact_accession	0.7225	19.0	0.019	0.002168	3.66036	0.002232	0.7225	weak	below_default_call_thresholds	/tmp/minco_candidate_preset_replay_20260629/cami3_toy_human_gut_gtdb_source_readmap.sample3.candidate_preset.tsv	/tmp/cami3_toy_human_gut_20260626/run/sample3_autoexact/minco.best_diff_split.unfiltered.tsv
cami3_source_readmap_extension_after_recovery	3	FN	s__Enterococcus_D innesii	6.857024867886703e-06	0.0006857024867886703	False	True	split	GCA_018982785.1	exact_accession	0.793455	16.0	0.016	0.0066	1.562001	0.010631	0.793455	weak	below_default_call_thresholds	/tmp/minco_candidate_preset_replay_20260629/cami3_toy_human_gut_gtdb_source_readmap.sample3.candidate_preset.tsv	/tmp/cami3_toy_human_gut_20260626/run/sample3_autoexact/minco.best_diff_split.unfiltered.tsv
cami3_source_readmap_extension_after_recovery	3	FN	s__Gemella morbillorum	6.317708305243929e-06	0.0006317708305243929	False	True	split	GCF_900476045.1	exact_accession	0.789231	11.0	0.011	0.004836	1.385299	0.009688	0.789231	weak	below_default_call_thresholds	/tmp/minco_candidate_preset_replay_20260629/cami3_toy_human_gut_gtdb_source_readmap.sample3.candidate_preset.tsv	/tmp/cami3_toy_human_gut_20260626/run/sample3_autoexact/minco.best_diff_split.unfiltered.tsv
cami3_source_readmap_extension_after_recovery	3	FN	s__Barnesiella intestinihominis	6.240663082009247e-06	0.0006240663082009247	False	True	split	GCF_000296465.1	exact_accession	0.815212	51.0	0.051	0.017156	9.66439	0.017157	0.815212	weak	below_default_call_thresholds	/tmp/minco_candidate_preset_replay_20260629/cami3_toy_human_gut_gtdb_source_readmap.sample3.candidate_preset.tsv	/tmp/cami3_toy_human_gut_20260626/run/sample3_autoexact/minco.best_diff_split.unfiltered.tsv
cami3_source_readmap_extension_after_recovery	3	FN	s__Sarcina perfringens	5.778391742601155e-06	0.0005778391742601155	False	True	split	GCF_016027375.1	exact_accession	0.721495	4.0	0.004	0.002008	2.743191	0.002183	0.721495	weak	below_default_call_thresholds	/tmp/minco_candidate_preset_replay_20260629/cami3_toy_human_gut_gtdb_source_readmap.sample3.candidate_preset.tsv	/tmp/cami3_toy_human_gut_20260626/run/sample3_autoexact/minco.best_diff_split.unfiltered.tsv
cami3_source_readmap_extension_after_recovery	3	FN	s__Enterococcus_B durans	5.316120403193062e-06	0.0005316120403193062	False	True	split	GCF_001544215.1	exact_accession	0.760447	8.0	0.008	0.003354	1.619103	0.005143	0.760447	weak	below_default_call_thresholds	/tmp/minco_candidate_preset_replay_20260629/cami3_toy_human_gut_gtdb_source_readmap.sample3.candidate_preset.tsv	/tmp/cami3_toy_human_gut_20260626/run/sample3_autoexact/minco.best_diff_split.unfiltered.tsv
cami3_source_readmap_extension_after_recovery	3	FN	s__Eubacterium_G segne	5.23907517995838e-06	0.000523907517995838	False	True	split	GCF_014287775.1	exact_accession	0.807724	45.0	0.045	0.014547	8.116273	0.014551	0.807724	weak	below_default_call_thresholds	/tmp/minco_candidate_preset_replay_20260629/cami3_toy_human_gut_gtdb_source_readmap.sample3.candidate_preset.tsv	/tmp/cami3_toy_human_gut_20260626/run/sample3_autoexact/minco.best_diff_split.unfiltered.tsv
cami3_source_readmap_extension_after_recovery	3	FN	s__Lacticaseibacillus paracasei	5.162029956723698e-06	0.0005162029956723697	False	True	split	GCF_000829035.1	exact_accession	1.0	9.0	0.009	0.004612	1.0	1.0	1.0	weak	below_default_call_thresholds	/tmp/minco_candidate_preset_replay_20260629/cami3_toy_human_gut_gtdb_source_readmap.sample3.candidate_preset.tsv	/tmp/cami3_toy_human_gut_20260626/run/sample3_autoexact/minco.best_diff_split.unfiltered.tsv
cami3_source_readmap_extension_after_recovery	3	FN	s__Mediterraneibacter faecis	5.162029956723698e-06	0.0005162029956723697	False	True	split	GCA_001312505.1	exact_accession	0.808129	99.0	0.099	0.014682	14.71458	0.014682	0.808129	weak	below_default_call_thresholds	/tmp/minco_candidate_preset_replay_20260629/cami3_toy_human_gut_gtdb_source_readmap.sample3.candidate_preset.tsv	/tmp/cami3_toy_human_gut_20260626/run/sample3_autoexact/minco.best_diff_split.unfiltered.tsv
cami3_source_readmap_extension_after_recovery	3	FN	s__Bifidobacterium bifidum	4.160442054672832e-06	0.0004160442054672832	False	True	split	GCF_001025135.1	exact_accession	0.749657	8.0	0.008	0.001541	1.257921	0.004056	0.749657	weak	below_default_call_thresholds	/tmp/minco_candidate_preset_replay_20260629/cami3_toy_human_gut_gtdb_source_readmap.sample3.candidate_preset.tsv	/tmp/cami3_toy_human_gut_20260626/run/sample3_autoexact/minco.best_diff_split.unfiltered.tsv
cami3_source_readmap_extension_after_recovery	3	FN	s__Streptococcus pasteurianus	3.929306384968785e-06	0.00039293063849687846	False	True	split	GCF_004843545.1	exact_accession	0.780636	34.0	0.034	0.008019	16.346608	0.008019	0.780636	weak	below_default_call_thresholds	/tmp/minco_candidate_preset_replay_20260629/cami3_toy_human_gut_gtdb_source_readmap.sample3.candidate_preset.tsv	/tmp/cami3_toy_human_gut_20260626/run/sample3_autoexact/minco.best_diff_split.unfiltered.tsv
cami3_source_readmap_extension_after_recovery	3	FN	s__Streptococcus taoyuanensis	3.544080268795375e-06	0.0003544080268795375	False	True	split	GCF_029589235.1	exact_accession	0.664147	31.0	0.031	0.000618	17.530806	0.000618	0.664147	weak	below_default_call_thresholds	/tmp/minco_candidate_preset_replay_20260629/cami3_toy_human_gut_gtdb_source_readmap.sample3.candidate_preset.tsv	/tmp/cami3_toy_human_gut_20260626/run/sample3_autoexact/minco.best_diff_split.unfiltered.tsv
cami3_source_readmap_extension_after_recovery	3	FN	s__Streptococcus anginosus	3.3129445990913285e-06	0.00033129445990913285	False	True	split	GCF_900636475.1	exact_accession	0.641379	6.0	0.006	0.000354	3.090909	0.000375	0.641379	weak	below_default_call_thresholds	/tmp/minco_candidate_preset_replay_20260629/cami3_toy_human_gut_gtdb_source_readmap.sample3.candidate_preset.tsv	/tmp/cami3_toy_human_gut_20260626/run/sample3_autoexact/minco.best_diff_split.unfiltered.tsv
cami3_source_readmap_extension_after_recovery	3	FN	s__Finegoldia magna_H	3.3129445990913285e-06	0.00033129445990913285	False	True	split	GCF_000010185.1	exact_accession	1.0	5.0	0.005	0.001379	1.0	1.0	1.0	weak	below_default_call_thresholds	/tmp/minco_candidate_preset_replay_20260629/cami3_toy_human_gut_gtdb_source_readmap.sample3.candidate_preset.tsv	/tmp/cami3_toy_human_gut_20260626/run/sample3_autoexact/minco.best_diff_split.unfiltered.tsv
cami3_source_readmap_extension_after_recovery	4	FN	s__Blautia_A obeum	0.1030464301905403	10.30464301905403	True	True	split	GCF_025147765.1	exact_accession	0.953173	697.0	0.697	0.356936	83.407437	0.356936	0.953173	weak	below_default_call_thresholds	/tmp/minco_candidate_preset_replay_20260629/cami3_toy_human_gut_gtdb_source_readmap.sample4.candidate_preset.tsv	/tmp/cami3_toy_human_gut_20260626/run/sample4_autoexact/minco.best_diff_split.unfiltered.tsv
cami3_source_readmap_extension_after_recovery	4	FN	s__Blautia_A fusiformis	0.0215196830947594	2.15196830947594	True	True	split	GCF_020687435.1	exact_accession	0.931473	648.0	0.648	0.221441	18.277858	0.221441	0.931473	weak	below_default_call_thresholds	/tmp/minco_candidate_preset_replay_20260629/cami3_toy_human_gut_gtdb_source_readmap.sample4.candidate_preset.tsv	/tmp/cami3_toy_human_gut_20260626/run/sample4_autoexact/minco.best_diff_split.unfiltered.tsv
cami3_source_readmap_extension_after_recovery	4	FN	s__Bifidobacterium adolescentis	0.0020531746720028	0.20531746720028	False	True	split	GCF_000010425.1	exact_accession	0.938872	619.0	0.619	0.246104	3.059823	0.26059	0.938872	weak	below_default_call_thresholds	/tmp/minco_candidate_preset_replay_20260629/cami3_toy_human_gut_gtdb_source_readmap.sample4.candidate_preset.tsv	/tmp/cami3_toy_human_gut_20260626/run/sample4_autoexact/minco.best_diff_split.unfiltered.tsv
cami3_source_readmap_extension_after_recovery	4	FN	s__Alistipes shahii	0.0015535312475217	0.15535312475217	False	True	split	GCF_025145845.1	exact_accession	0.947721	511.0	0.511	0.312934	4.513144	0.31659	0.947721	weak	below_default_call_thresholds	/tmp/minco_candidate_preset_replay_20260629/cami3_toy_human_gut_gtdb_source_readmap.sample4.candidate_preset.tsv	/tmp/cami3_toy_human_gut_20260626/run/sample4_autoexact/minco.best_diff_split.unfiltered.tsv
cami3_source_readmap_extension_after_recovery	4	FN	s__Streptococcus salivarius_F	0.0009920166105658	0.09920166105658	False	True	split	GCF_002094005.1	exact_accession	0.903124	452.0	0.452	0.096298	2.055695	0.118687	0.903124	weak	below_default_call_thresholds	/tmp/minco_candidate_preset_replay_20260629/cami3_toy_human_gut_gtdb_source_readmap.sample4.candidate_preset.tsv	/tmp/cami3_toy_human_gut_20260626/run/sample4_autoexact/minco.best_diff_split.unfiltered.tsv
cami3_source_readmap_extension_after_recovery	4	FN	s__Desulfovibrio fairfieldensis	0.000844312073351	0.0844312073351	False	True	split	GCF_001553605.1	exact_accession	0.954589	260.0	0.26	0.1868	1.39532	0.368234	0.954589	weak	below_default_call_thresholds	/tmp/minco_candidate_preset_replay_20260629/cami3_toy_human_gut_gtdb_source_readmap.sample4.candidate_preset.tsv	/tmp/cami3_toy_human_gut_20260626/run/sample4_autoexact/minco.best_diff_split.unfiltered.tsv
cami3_source_readmap_extension_after_recovery	4	FN	s__Streptococcus salivarius_D	0.0006609982052155	0.06609982052155	False	True	split	GCF_002094975.1	exact_accession	0.927653	485.0	0.485	0.14774	1.782392	0.203591	0.927653	weak	below_default_call_thresholds	/tmp/minco_candidate_preset_replay_20260629/cami3_toy_human_gut_gtdb_source_readmap.sample4.candidate_preset.tsv	/tmp/cami3_toy_human_gut_20260626/run/sample4_autoexact/minco.best_diff_split.unfiltered.tsv
cami3_source_readmap_extension_after_recovery	4	FN	s__Enterobacter roggenkampii	0.0004504580361468	0.045045803614680004	False	True	split	GCF_001729805.1	exact_accession	0.923795	179.0	0.179	0.063672	1.222485	0.187028	0.923795	weak	below_default_call_thresholds	/tmp/minco_candidate_preset_replay_20260629/cami3_toy_human_gut_gtdb_source_readmap.sample4.candidate_preset.tsv	/tmp/cami3_toy_human_gut_20260626/run/sample4_autoexact/minco.best_diff_split.unfiltered.tsv
cami3_source_readmap_extension_after_recovery	4	FN	s__ECMA0423 sp047199055	0.0002980797742487	0.02980797742487	False	True	split	GCA_047199055.1	exact_accession	0.907481	470.0	0.47	0.1249	3.270841	0.130625	0.907481	weak	below_default_call_thresholds	/tmp/minco_candidate_preset_replay_20260629/cami3_toy_human_gut_gtdb_source_readmap.sample4.candidate_preset.tsv	/tmp/cami3_toy_human_gut_20260626/run/sample4_autoexact/minco.best_diff_split.unfiltered.tsv
cami3_source_readmap_extension_after_recovery	4	FN	s__Bacteroides cellulosilyticus	0.0002829458086074	0.02829458086074	False	True	split	GCF_028539415.1	exact_accession	0.85166	71.0	0.071	0.036245	3.109686	0.038255	0.85166	weak	below_default_call_thresholds	/tmp/minco_candidate_preset_replay_20260629/cami3_toy_human_gut_gtdb_source_readmap.sample4.candidate_preset.tsv	/tmp/cami3_toy_human_gut_20260626/run/sample4_autoexact/minco.best_diff_split.unfiltered.tsv
cami3_source_readmap_extension_after_recovery	4	FN	s__Alistipes senegalensis	0.0001911034092744	0.01911034092744	False	True	split	GCF_025145645.1	exact_accession	0.901364	182.0	0.182	0.11277	4.450076	0.114178	0.901364	weak	below_default_call_thresholds	/tmp/minco_candidate_preset_replay_20260629/cami3_toy_human_gut_gtdb_source_readmap.sample4.candidate_preset.tsv	/tmp/cami3_toy_human_gut_20260626/run/sample4_autoexact/minco.best_diff_split.unfiltered.tsv
cami3_source_readmap_extension_after_recovery	4	FN	s__Veillonella parvula_E	0.0001882101511371	0.01882101511371	False	True	split	GCF_036456085.1	exact_accession	0.851432	102.0	0.102	0.009479	1.15001	0.038064	0.851432	weak	below_default_call_thresholds	/tmp/minco_candidate_preset_replay_20260629/cami3_toy_human_gut_gtdb_source_readmap.sample4.candidate_preset.tsv	/tmp/cami3_toy_human_gut_20260626/run/sample4_autoexact/minco.best_diff_split.unfiltered.tsv
cami3_source_readmap_extension_after_recovery	4	FN	s__Streptococcus hominis	0.0001768596769061	0.01768596769061	False	True	split	GCF_014287335.1	exact_accession	0.92211	111.0	0.111	0.054669	1.191601	0.180218	0.92211	weak	below_default_call_thresholds	/tmp/minco_candidate_preset_replay_20260629/cami3_toy_human_gut_gtdb_source_readmap.sample4.candidate_preset.tsv	/tmp/cami3_toy_human_gut_20260626/run/sample4_autoexact/minco.best_diff_split.unfiltered.tsv
cami3_source_readmap_extension_after_recovery	4	FN	s__Enterococcus_B pernyi	0.0001411019737732	0.01411019737732	False	True	split	GCF_013394305.1	exact_accession	0.912452	75.0	0.075	0.035764	1.147398	0.145723	0.912452	weak	below_default_call_thresholds	/tmp/minco_candidate_preset_replay_20260629/cami3_toy_human_gut_gtdb_source_readmap.sample4.candidate_preset.tsv	/tmp/cami3_toy_human_gut_20260626/run/sample4_autoexact/minco.best_diff_split.unfiltered.tsv
cami3_source_readmap_extension_after_recovery	4	FN	s__Akkermansia muciniphila	9.837077666843996e-05	0.009837077666843996	False	True	split	GCF_000020225.1	exact_accession	0.863894	76.0	0.076	0.050001	6.598191	0.05007	0.863894	weak	below_default_call_thresholds	/tmp/minco_candidate_preset_replay_20260629/cami3_toy_human_gut_gtdb_source_readmap.sample4.candidate_preset.tsv	/tmp/cami3_toy_human_gut_20260626/run/sample4_autoexact/minco.best_diff_split.unfiltered.tsv
cami3_source_readmap_extension_after_recovery	4	FN	s__Streptococcus vaginalis	9.050704942345154e-05	0.009050704942345155	False	True	split	GCF_017315345.1	exact_accession	0.901648	104.0	0.104	0.038867	1.220628	0.114895	0.901648	weak	below_default_call_thresholds	/tmp/minco_candidate_preset_replay_20260629/cami3_toy_human_gut_gtdb_source_readmap.sample4.candidate_preset.tsv	/tmp/cami3_toy_human_gut_20260626/run/sample4_autoexact/minco.best_diff_split.unfiltered.tsv
cami3_source_readmap_extension_after_recovery	4	FN	s__Akkermansia massiliensis	7.982425014724088e-05	0.007982425014724088	False	True	split	GCF_023516715.1	exact_accession	0.861756	90.0	0.09	0.047654	6.044244	0.047769	0.861756	weak	below_default_call_thresholds	/tmp/minco_candidate_preset_replay_20260629/cami3_toy_human_gut_gtdb_source_readmap.sample4.candidate_preset.tsv	/tmp/cami3_toy_human_gut_20260626/run/sample4_autoexact/minco.best_diff_split.unfiltered.tsv
cami3_source_readmap_extension_after_recovery	4	FN	s__Sarcina perfringens	7.077354520489572e-05	0.0070773545204895726	False	True	split	GCF_016027375.1	exact_accession	0.891858	62.0	0.062	0.052091	1.469433	0.092631	0.891858	weak	below_default_call_thresholds	/tmp/minco_candidate_preset_replay_20260629/cami3_toy_human_gut_gtdb_source_readmap.sample4.candidate_preset.tsv	/tmp/cami3_toy_human_gut_20260626/run/sample4_autoexact/minco.best_diff_split.unfiltered.tsv
cami3_source_readmap_extension_after_recovery	4	FN	s__Anaerotruncus colihominis	6.847377591626703e-05	0.006847377591626703	False	True	split	GCF_025146135.1	exact_accession	0.857729	94.0	0.094	0.04159	3.176529	0.04372	0.857729	weak	below_default_call_thresholds	/tmp/minco_candidate_preset_replay_20260629/cami3_toy_human_gut_gtdb_source_readmap.sample4.candidate_preset.tsv	/tmp/cami3_toy_human_gut_20260626/run/sample4_autoexact/minco.best_diff_split.unfiltered.tsv
cami3_source_readmap_extension_after_recovery	4	FN	s__Faecalimonas umbilicata	6.469028450594242e-05	0.006469028450594242	False	True	split	GCF_004346095.1	exact_accession	0.859283	49.0	0.049	0.038886	2.283558	0.04524	0.859283	weak	below_default_call_thresholds	/tmp/minco_candidate_preset_replay_20260629/cami3_toy_human_gut_gtdb_source_readmap.sample4.candidate_preset.tsv	/tmp/cami3_toy_human_gut_20260626/run/sample4_autoexact/minco.best_diff_split.unfiltered.tsv
cami3_source_readmap_extension_after_recovery	4	FN	s__Phocaeicola vulgatus	5.044655213766152e-05	0.005044655213766152	False	True	split	GCF_964248265.1	exact_accession	0.802889	78.0	0.078	0.013083	12.541241	0.013083	0.802889	weak	below_default_call_thresholds	/tmp/minco_candidate_preset_replay_20260629/cami3_toy_human_gut_gtdb_source_readmap.sample4.candidate_preset.tsv	/tmp/cami3_toy_human_gut_20260626/run/sample4_autoexact/minco.best_diff_split.unfiltered.tsv
cami3_source_readmap_extension_after_recovery	4	FN	s__Citrobacter portucalensis	4.970469107681356e-05	0.004970469107681356	False	True	split	GCF_002042885.1	exact_accession	0.889391	41.0	0.041	0.017421	1.114749	0.087738	0.889391	weak	below_default_call_thresholds	/tmp/minco_candidate_preset_replay_20260629/cami3_toy_human_gut_gtdb_source_readmap.sample4.candidate_preset.tsv	/tmp/cami3_toy_human_gut_20260626/run/sample4_autoexact/minco.best_diff_split.unfiltered.tsv
cami3_source_readmap_extension_after_recovery	4	FN	s__Bacteroides fragilis	4.948213275855917e-05	0.004948213275855917	False	True	split	GCF_000025985.1	exact_accession	0.781608	18.0	0.018	0.008191	10.051979	0.008192	0.781608	weak	below_default_call_thresholds	/tmp/minco_candidate_preset_replay_20260629/cami3_toy_human_gut_gtdb_source_readmap.sample4.candidate_preset.tsv	/tmp/cami3_toy_human_gut_20260626/run/sample4_autoexact/minco.best_diff_split.unfiltered.tsv
cami3_source_readmap_extension_after_recovery	4	FN	s__Eisenbergiella porci	3.998631117970523e-05	0.003998631117970523	False	True	split	GCF_009696275.1	exact_accession	0.784276	23.0	0.023	0.008319	3.302148	0.008687	0.784276	weak	below_default_call_thresholds	/tmp/minco_candidate_preset_replay_20260629/cami3_toy_human_gut_gtdb_source_readmap.sample4.candidate_preset.tsv	/tmp/cami3_toy_human_gut_20260626/run/sample4_autoexact/minco.best_diff_split.unfiltered.tsv
cami3_source_readmap_extension_after_recovery	4	FN	s__Streptococcus sp001556435	2.900676747915537e-05	0.002900676747915537	False	True	split	GCF_009738225.1	exact_accession	0.878718	303.0	0.303	0.054646	1.967386	0.069376	0.878718	weak	below_default_call_thresholds	/tmp/minco_candidate_preset_replay_20260629/cami3_toy_human_gut_gtdb_source_readmap.sample4.candidate_preset.tsv	/tmp/cami3_toy_human_gut_20260626/run/sample4_autoexact/minco.best_diff_split.unfiltered.tsv
cami3_source_readmap_extension_after_recovery	4	FN	s__Blautia_A hydrogenotrophica	2.8561650842646595e-05	0.0028561650842646594	False	True	split	GCF_034356035.1	exact_accession	0.833756	35.0	0.035	0.025724	5.833302	0.025801	0.833756	weak	below_default_call_thresholds	/tmp/minco_candidate_preset_replay_20260629/cami3_toy_human_gut_gtdb_source_readmap.sample4.candidate_preset.tsv	/tmp/cami3_toy_human_gut_20260626/run/sample4_autoexact/minco.best_diff_split.unfiltered.tsv
cami3_source_readmap_extension_after_recovery	4	FN	s__Klebsiella michiganensis	2.4036298371474017e-05	0.0024036298371474018	False	True	split	GCF_002925905.1	exact_accession	0.802505	34.0	0.034	0.005142	1.273504	0.012973	0.802505	weak	below_default_call_thresholds	/tmp/minco_candidate_preset_replay_20260629/cami3_toy_human_gut_gtdb_source_readmap.sample4.candidate_preset.tsv	/tmp/cami3_toy_human_gut_20260626/run/sample4_autoexact/minco.best_diff_split.unfiltered.tsv
cami3_source_readmap_extension_after_recovery	4	FN	s__Weizmannia faecalis	1.3724429625687324e-05	0.0013724429625687324	False	True	split	GCF_018101145.1	exact_accession	0.92198	13.0	0.013	0.00876	1.025195	0.179703	0.92198	weak	below_default_call_thresholds	/tmp/minco_candidate_preset_replay_20260629/cami3_toy_human_gut_gtdb_source_readmap.sample4.candidate_preset.tsv	/tmp/cami3_toy_human_gut_20260626/run/sample4_autoexact/minco.best_diff_split.unfiltered.tsv
cami3_source_readmap_extension_after_recovery	4	FN	s__Lactococcus petauri	1.2314893610076194e-05	0.0012314893610076193	False	True	split	GCF_002154895.1	exact_accession	0.954824	12.0	0.012	0.007506	1.010278	0.370139	0.954824	weak	below_default_call_thresholds	/tmp/minco_candidate_preset_replay_20260629/cami3_toy_human_gut_gtdb_source_readmap.sample4.candidate_preset.tsv	/tmp/cami3_toy_human_gut_20260626/run/sample4_autoexact/minco.best_diff_split.unfiltered.tsv
cami3_source_readmap_extension_after_recovery	4	FN	s__Pluralibacter gergoviae	1.0089310427532303e-05	0.0010089310427532304	False	True	split	GCF_001598855.1	exact_accession	0.750827	25.0	0.025	0.003993	3.341159	0.004162	0.750827	weak	below_default_call_thresholds	/tmp/minco_candidate_preset_replay_20260629/cami3_toy_human_gut_gtdb_source_readmap.sample4.candidate_preset.tsv	/tmp/cami3_toy_human_gut_20260626/run/sample4_autoexact/minco.best_diff_split.unfiltered.tsv
cami3_source_readmap_extension_after_recovery	4	FN	s__Phocaeicola dorei	1.0015124321447508e-05	0.0010015124321447507	False	True	split	GCF_013009555.1	exact_accession	0.791974	39.0	0.039	0.01029	60.0391	0.01029	0.791974	weak	below_default_call_thresholds	/tmp/minco_candidate_preset_replay_20260629/cami3_toy_human_gut_gtdb_source_readmap.sample4.candidate_preset.tsv	/tmp/cami3_toy_human_gut_20260626/run/sample4_autoexact/minco.best_diff_split.unfiltered.tsv
cami3_source_readmap_extension_after_recovery	4	FN	s__Enterococcus_B faecium	9.940938215362712e-06	0.0009940938215362712	False	True	split	GCF_029023785.1	exact_accession	0.927864	326.0	0.326	0.199729	3.840139	0.20454	0.927864	weak	below_default_call_thresholds	/tmp/minco_candidate_preset_replay_20260629/cami3_toy_human_gut_gtdb_source_readmap.sample4.candidate_preset.tsv	/tmp/cami3_toy_human_gut_20260626/run/sample4_autoexact/minco.best_diff_split.unfiltered.tsv
cami3_source_readmap_extension_after_recovery	4	FN	s__Enterobacter cloacae	9.57000768493873e-06	0.000957000768493873	False	True	split	GCF_000025565.1	exact_accession	0.789224	45.0	0.045	0.004171	1.30789	0.009686	0.789224	weak	below_default_call_thresholds	/tmp/minco_candidate_preset_replay_20260629/cami3_toy_human_gut_gtdb_source_readmap.sample4.candidate_preset.tsv	/tmp/cami3_toy_human_gut_20260626/run/sample4_autoexact/minco.best_diff_split.unfiltered.tsv
cami3_source_readmap_extension_after_recovery	4	FN	s__Eubacterium callanderi	8.605588305836377e-06	0.0008605588305836377	False	True	split	GCF_900142645.1	exact_accession	0.717228	14.0	0.014	0.001987	27.123342	0.001987	0.717228	weak	below_default_call_thresholds	/tmp/minco_candidate_preset_replay_20260629/cami3_toy_human_gut_gtdb_source_readmap.sample4.candidate_preset.tsv	/tmp/cami3_toy_human_gut_20260626/run/sample4_autoexact/minco.best_diff_split.unfiltered.tsv
cami3_source_readmap_extension_after_recovery	4	FN	s__Bifidobacterium bifidum	8.234657775412395e-06	0.0008234657775412395	False	True	split	GCF_001025135.1	exact_accession	0.82473	39.0	0.039	0.016035	1.871864	0.021154	0.82473	weak	below_default_call_thresholds	/tmp/minco_candidate_preset_replay_20260629/cami3_toy_human_gut_gtdb_source_readmap.sample4.candidate_preset.tsv	/tmp/cami3_toy_human_gut_20260626/run/sample4_autoexact/minco.best_diff_split.unfiltered.tsv
cami3_source_readmap_extension_after_recovery	4	FN	s__Clostridium tertium	6.973493971970857e-06	0.0006973493971970857	False	True	split	GCF_017873245.1	exact_accession	0.788803	10.0	0.01	0.006333	1.634387	0.009597	0.788803	weak	below_default_call_thresholds	/tmp/minco_candidate_preset_replay_20260629/cami3_toy_human_gut_gtdb_source_readmap.sample4.candidate_preset.tsv	/tmp/cami3_toy_human_gut_20260626/run/sample4_autoexact/minco.best_diff_split.unfiltered.tsv
cami3_source_readmap_extension_after_recovery	4	FN	s__Turicibacter sanguinis	5.786516274614116e-06	0.0005786516274614116	False	True	split	GCF_013046825.1	exact_accession	0.817229	12.0	0.012	0.007505	1.295381	0.017936	0.817229	weak	below_default_call_thresholds	/tmp/minco_candidate_preset_replay_20260629/cami3_toy_human_gut_gtdb_source_readmap.sample4.candidate_preset.tsv	/tmp/cami3_toy_human_gut_20260626/run/sample4_autoexact/minco.best_diff_split.unfiltered.tsv
cami3_source_readmap_extension_after_recovery	4	FN	s__Catenibacterium mitsuoka_A	3.931863622494206e-06	0.00039318636224942063	False	True	split	GCF_964259225.1	exact_accession	0.70689	3.0	0.003	0.001583	15.68723	0.001583	0.70689	weak	below_default_call_thresholds	/tmp/minco_candidate_preset_replay_20260629/cami3_toy_human_gut_gtdb_source_readmap.sample4.candidate_preset.tsv	/tmp/cami3_toy_human_gut_20260626/run/sample4_autoexact/minco.best_diff_split.unfiltered.tsv
cami3_source_readmap_extension_after_recovery	4	FN	s__Bifidobacterium catenulatum	3.560933092070225e-06	0.0003560933092070225	False	True	split	GCF_001025195.1	exact_accession	0.805717	51.0	0.051	0.012127	2.351345	0.013923	0.805717	weak	below_default_call_thresholds	/tmp/minco_candidate_preset_replay_20260629/cami3_toy_human_gut_gtdb_source_readmap.sample4.candidate_preset.tsv	/tmp/cami3_toy_human_gut_20260626/run/sample4_autoexact/minco.best_diff_split.unfiltered.tsv
cami3_source_readmap_extension_after_recovery	5	FN	s__Blautia_A sp005848555	0.0216598268312338	2.16598268312338	True	True	split	GCF_005848555.1	exact_accession	0.945429	673.0	0.673	0.301025	15.083702	0.301025	0.945429	weak	below_default_call_thresholds	/tmp/minco_candidate_preset_replay_20260629/cami3_toy_human_gut_gtdb_source_readmap.sample5.candidate_preset.tsv	/tmp/cami3_toy_human_gut_20260626/run/sample5_autoexact/minco.best_diff_split.unfiltered.tsv
cami3_source_readmap_extension_after_recovery	5	FN	s__Bacteroides ovatus	0.000661660530247	0.0661660530247	False	True	split	GCF_001314995.1	exact_accession	0.899315	138.0	0.138	0.044723	1.286663	0.109146	0.899315	weak	below_default_call_thresholds	/tmp/minco_candidate_preset_replay_20260629/cami3_toy_human_gut_gtdb_source_readmap.sample5.candidate_preset.tsv	/tmp/cami3_toy_human_gut_20260626/run/sample5_autoexact/minco.best_diff_split.unfiltered.tsv
cami3_source_readmap_extension_after_recovery	5	FN	s__Enterococcus_D innesii	0.0002961412664503	0.029614126645030003	False	True	split	GCA_018982785.1	exact_accession	0.926102	91.0	0.091	0.060765	1.196021	0.196764	0.926102	weak	below_default_call_thresholds	/tmp/minco_candidate_preset_replay_20260629/cami3_toy_human_gut_gtdb_source_readmap.sample5.candidate_preset.tsv	/tmp/cami3_toy_human_gut_20260626/run/sample5_autoexact/minco.best_diff_split.unfiltered.tsv
cami3_source_readmap_extension_after_recovery	5	FN	s__Bacteroides cellulosilyticus	0.0002837752808122	0.02837752808122	False	True	split	GCF_028539415.1	exact_accession	0.897556	82.0	0.082	0.039691	1.256126	0.105003	0.897556	weak	below_default_call_thresholds	/tmp/minco_candidate_preset_replay_20260629/cami3_toy_human_gut_gtdb_source_readmap.sample5.candidate_preset.tsv	/tmp/cami3_toy_human_gut_20260626/run/sample5_autoexact/minco.best_diff_split.unfiltered.tsv
cami3_source_readmap_extension_after_recovery	5	FN	s__Mediterraneibacter faecis	0.0001186010440746	0.011860104407460001	False	True	split	GCA_001312505.1	exact_accession	0.863138	133.0	0.133	0.048864	4.901513	0.049245	0.863138	weak	below_default_call_thresholds	/tmp/minco_candidate_preset_replay_20260629/cami3_toy_human_gut_gtdb_source_readmap.sample5.candidate_preset.tsv	/tmp/cami3_toy_human_gut_20260626/run/sample5_autoexact/minco.best_diff_split.unfiltered.tsv
cami3_source_readmap_extension_after_recovery	5	FN	s__Streptococcus salivarius_D	9.41902672305556e-05	0.00941902672305556	False	True	split	GCF_002094975.1	exact_accession	0.881244	363.0	0.363	0.073337	9.571221	0.073342	0.881244	weak	below_default_call_thresholds	/tmp/minco_candidate_preset_replay_20260629/cami3_toy_human_gut_gtdb_source_readmap.sample5.candidate_preset.tsv	/tmp/cami3_toy_human_gut_20260626/run/sample5_autoexact/minco.best_diff_split.unfiltered.tsv
cami3_source_readmap_extension_after_recovery	5	FN	s__Bifidobacterium pseudocatenulatum	6.769172657745812e-05	0.006769172657745812	False	True	split	GCF_001025215.1	exact_accession	0.900689	125.0	0.125	0.05171	1.339163	0.112495	0.900689	weak	below_default_call_thresholds	/tmp/minco_candidate_preset_replay_20260629/cami3_toy_human_gut_gtdb_source_readmap.sample5.candidate_preset.tsv	/tmp/cami3_toy_human_gut_20260626/run/sample5_autoexact/minco.best_diff_split.unfiltered.tsv
cami3_source_readmap_extension_after_recovery	5	FN	s__Holdemania massiliensis	6.327530313527522e-05	0.006327530313527521	False	True	split	GCF_000327285.1	exact_accession	0.913035	35.0	0.035	0.021934	1.082591	0.147603	0.913035	weak	below_default_call_thresholds	/tmp/minco_candidate_preset_replay_20260629/cami3_toy_human_gut_gtdb_source_readmap.sample5.candidate_preset.tsv	/tmp/cami3_toy_human_gut_20260626/run/sample5_autoexact/minco.best_diff_split.unfiltered.tsv
cami3_source_readmap_extension_after_recovery	5	FN	s__Faecalitalea cylindroides	5.741350474837789e-05	0.005741350474837789	False	True	split	GCF_000469305.1	exact_accession	0.876163	86.0	0.086	0.060261	2.73298	0.065585	0.876163	weak	below_default_call_thresholds	/tmp/minco_candidate_preset_replay_20260629/cami3_toy_human_gut_gtdb_source_readmap.sample5.candidate_preset.tsv	/tmp/cami3_toy_human_gut_20260626/run/sample5_autoexact/minco.best_diff_split.unfiltered.tsv
cami3_source_readmap_extension_after_recovery	5	FN	s__Enterobacter quasiroggenkampii	5.73332061403382e-05	0.0057333206140338195	False	True	split	GCF_001039365.2	exact_accession	0.834899	31.0	0.031	0.011867	1.326942	0.026457	0.834899	weak	below_default_call_thresholds	/tmp/minco_candidate_preset_replay_20260629/cami3_toy_human_gut_gtdb_source_readmap.sample5.candidate_preset.tsv	/tmp/cami3_toy_human_gut_20260626/run/sample5_autoexact/minco.best_diff_split.unfiltered.tsv
cami3_source_readmap_extension_after_recovery	5	FN	s__Streptococcus pasteurianus	4.030990123592405e-05	0.0040309901235924045	False	True	split	GCF_004843545.1	exact_accession	0.844482	74.0	0.074	0.032472	5.152386	0.032667	0.844482	weak	below_default_call_thresholds	/tmp/minco_candidate_preset_replay_20260629/cami3_toy_human_gut_gtdb_source_readmap.sample5.candidate_preset.tsv	/tmp/cami3_toy_human_gut_20260626/run/sample5_autoexact/minco.best_diff_split.unfiltered.tsv
cami3_source_readmap_extension_after_recovery	5	FN	s__Bacillus_A cereus	3.444810284902673e-05	0.003444810284902673	False	True	split	GCF_000007825.1	exact_accession	0.892907	7.0	0.007	0.001543	1.008228	0.094795	0.892907	weak	below_default_call_thresholds	/tmp/minco_candidate_preset_replay_20260629/cami3_toy_human_gut_gtdb_source_readmap.sample5.candidate_preset.tsv	/tmp/cami3_toy_human_gut_20260626/run/sample5_autoexact/minco.best_diff_split.unfiltered.tsv
cami3_source_readmap_extension_after_recovery	5	FN	s__Oscillibacter welbionis	3.09149640952804e-05	0.00309149640952804	False	True	split	GCF_005121165.3	exact_accession	0.815454	45.0	0.045	0.016154	2.944263	0.017249	0.815454	weak	below_default_call_thresholds	/tmp/minco_candidate_preset_replay_20260629/cami3_toy_human_gut_gtdb_source_readmap.sample5.candidate_preset.tsv	/tmp/cami3_toy_human_gut_20260626/run/sample5_autoexact/minco.best_diff_split.unfiltered.tsv
cami3_source_readmap_extension_after_recovery	5	FN	s__Streptococcus taoyuanensis	2.4330478236025876e-05	0.002433047823602588	False	True	split	GCF_029589235.1	exact_accession	0.71353	50.0	0.05	0.001825	5.614767	0.001832	0.71353	weak	below_default_call_thresholds	/tmp/minco_candidate_preset_replay_20260629/cami3_toy_human_gut_gtdb_source_readmap.sample5.candidate_preset.tsv	/tmp/cami3_toy_human_gut_20260626/run/sample5_autoexact/minco.best_diff_split.unfiltered.tsv
cami3_source_readmap_extension_after_recovery	5	FN	s__Lactobacillus helveticus	1.999435340188265e-05	0.001999435340188265	False	True	split	GCF_000160855.1	exact_accession	0.825559	42.0	0.042	0.021543	32.055848	0.021543	0.825559	weak	below_default_call_thresholds	/tmp/minco_candidate_preset_replay_20260629/cami3_toy_human_gut_gtdb_source_readmap.sample5.candidate_preset.tsv	/tmp/cami3_toy_human_gut_20260626/run/sample5_autoexact/minco.best_diff_split.unfiltered.tsv
cami3_source_readmap_extension_after_recovery	5	FN	s__Helicobacter pylori_BU	1.991405479384296e-05	0.001991405479384296	False	True	split	GCF_900120335.1	exact_accession	1.0	15.0	0.015	0.002897	1.0	1.0	1.0	weak	below_default_call_thresholds	/tmp/minco_candidate_preset_replay_20260629/cami3_toy_human_gut_gtdb_source_readmap.sample5.candidate_preset.tsv	/tmp/cami3_toy_human_gut_20260626/run/sample5_autoexact/minco.best_diff_split.unfiltered.tsv
cami3_source_readmap_extension_after_recovery	5	FN	s__Sarcina perfringens	1.9432263145604824e-05	0.0019432263145604824	False	True	split	GCF_016027375.1	exact_accession	0.798718	12.0	0.012	0.007308	1.547374	0.011936	0.798718	weak	below_default_call_thresholds	/tmp/minco_candidate_preset_replay_20260629/cami3_toy_human_gut_gtdb_source_readmap.sample5.candidate_preset.tsv	/tmp/cami3_toy_human_gut_20260626/run/sample5_autoexact/minco.best_diff_split.unfiltered.tsv
cami3_source_readmap_extension_after_recovery	5	FN	s__Agathobaculum butyriciproducens	1.9271665929525443e-05	0.0019271665929525444	False	True	split	GCF_003096535.1	exact_accession	0.773879	40.0	0.04	0.006906	7.30543	0.006911	0.773879	weak	below_default_call_thresholds	/tmp/minco_candidate_preset_replay_20260629/cami3_toy_human_gut_gtdb_source_readmap.sample5.candidate_preset.tsv	/tmp/cami3_toy_human_gut_20260626/run/sample5_autoexact/minco.best_diff_split.unfiltered.tsv
cami3_source_readmap_extension_after_recovery	5	FN	s__Vibrio parahaemolyticus	1.646121464813632e-05	0.001646121464813632	False	True	split	GCF_900460535.1	exact_accession	0.785878	6.0	0.006	0.0055	1.545632	0.008999	0.785878	weak	below_default_call_thresholds	/tmp/minco_candidate_preset_replay_20260629/cami3_toy_human_gut_gtdb_source_readmap.sample5.candidate_preset.tsv	/tmp/cami3_toy_human_gut_20260626/run/sample5_autoexact/minco.best_diff_split.unfiltered.tsv
cami3_source_readmap_extension_after_recovery	5	FN	s__Enterobacter cloacae	1.5337034135580666e-05	0.0015337034135580667	False	True	split	GCF_000025565.1	exact_accession	0.748337	17.0	0.017	0.002215	1.469136	0.00394	0.748337	weak	below_default_call_thresholds	/tmp/minco_candidate_preset_replay_20260629/cami3_toy_human_gut_gtdb_source_readmap.sample5.candidate_preset.tsv	/tmp/cami3_toy_human_gut_20260626/run/sample5_autoexact/minco.best_diff_split.unfiltered.tsv
cami3_source_readmap_extension_after_recovery	5	FN	s__Bacteroides uniformis	1.5176436919501288e-05	0.0015176436919501286	False	True	split	GCF_025147485.1	exact_accession	0.772337	14.0	0.014	0.005863	2.394071	0.00668	0.772337	weak	below_default_call_thresholds	/tmp/minco_candidate_preset_replay_20260629/cami3_toy_human_gut_gtdb_source_readmap.sample5.candidate_preset.tsv	/tmp/cami3_toy_human_gut_20260626/run/sample5_autoexact/minco.best_diff_split.unfiltered.tsv
cami3_source_readmap_extension_after_recovery	5	FN	s__Eubacterium maltosivorans	1.3249270326548743e-05	0.0013249270326548743	False	True	split	GCF_002441855.2	exact_accession	0.771243	22.0	0.022	0.006512	6.520546	0.006521	0.771243	weak	below_default_call_thresholds	/tmp/minco_candidate_preset_replay_20260629/cami3_toy_human_gut_gtdb_source_readmap.sample5.candidate_preset.tsv	/tmp/cami3_toy_human_gut_20260626/run/sample5_autoexact/minco.best_diff_split.unfiltered.tsv
cami3_source_readmap_extension_after_recovery	5	FN	s__Prevotella sp934202525	1.2847777286350296e-05	0.0012847777286350294	False	True	split	GCF_032490515.1	exact_accession	0.750338	3.0	0.003	0.000424	1.0553	0.004117	0.750338	weak	below_default_call_thresholds	/tmp/minco_candidate_preset_replay_20260629/cami3_toy_human_gut_gtdb_source_readmap.sample5.candidate_preset.tsv	/tmp/cami3_toy_human_gut_20260626/run/sample5_autoexact/minco.best_diff_split.unfiltered.tsv
cami3_source_readmap_extension_after_recovery	5	FN	s__Vibrio cholerae	1.252658285419154e-05	0.001252658285419154	False	True	split	GCF_000621645.1	exact_accession	1.0	11.0	0.011	0.005999	1.0	1.0	1.0	weak	below_default_call_thresholds	/tmp/minco_candidate_preset_replay_20260629/cami3_toy_human_gut_gtdb_source_readmap.sample5.candidate_preset.tsv	/tmp/cami3_toy_human_gut_20260626/run/sample5_autoexact/minco.best_diff_split.unfiltered.tsv
cami3_source_readmap_extension_after_recovery	5	FN	s__Blautia_A fusiformis	1.0840312085358064e-05	0.0010840312085358065	False	True	split	GCF_020687435.1	exact_accession	0.899504	415.0	0.415	0.109601	14.801231	0.109601	0.899504	weak	below_default_call_thresholds	/tmp/minco_candidate_preset_replay_20260629/cami3_toy_human_gut_gtdb_source_readmap.sample5.candidate_preset.tsv	/tmp/cami3_toy_human_gut_20260626/run/sample5_autoexact/minco.best_diff_split.unfiltered.tsv
cami3_source_readmap_extension_after_recovery	5	FN	s__Anaerotruncus colihominis	1.0840312085358064e-05	0.0010840312085358065	False	True	split	GCF_025146135.1	exact_accession	0.811663	39.0	0.039	0.01296	2.077462	0.015869	0.811663	weak	below_default_call_thresholds	/tmp/minco_candidate_preset_replay_20260629/cami3_toy_human_gut_gtdb_source_readmap.sample5.candidate_preset.tsv	/tmp/cami3_toy_human_gut_20260626/run/sample5_autoexact/minco.best_diff_split.unfiltered.tsv
cami3_source_readmap_extension_after_recovery	5	FN	s__Akkermansia sp004167605	1.0197923221040548e-05	0.0010197923221040549	False	True	split	GCF_036417355.1	exact_accession	0.7818	16.0	0.016	0.007144	2.335065	0.008227	0.7818	weak	below_default_call_thresholds	/tmp/minco_candidate_preset_replay_20260629/cami3_toy_human_gut_gtdb_source_readmap.sample5.candidate_preset.tsv	/tmp/cami3_toy_human_gut_20260626/run/sample5_autoexact/minco.best_diff_split.unfiltered.tsv
cami3_source_readmap_extension_after_recovery	5	FN	s__Eubacterium_G segne	9.073742708484895e-06	0.0009073742708484895	False	True	split	GCF_014287775.1	exact_accession	0.80079	41.0	0.041	0.01249	8.524629	0.012493	0.80079	weak	below_default_call_thresholds	/tmp/minco_candidate_preset_replay_20260629/cami3_toy_human_gut_gtdb_source_readmap.sample5.candidate_preset.tsv	/tmp/cami3_toy_human_gut_20260626/run/sample5_autoexact/minco.best_diff_split.unfiltered.tsv
cami3_source_readmap_extension_after_recovery	5	FN	s__Enterococcus_B faecium	8.75254827632614e-06	0.0008752548276326139	False	True	split	GCF_029023785.1	exact_accession	0.852169	20.0	0.02	0.012344	1.20443	0.038686	0.852169	weak	below_default_call_thresholds	/tmp/minco_candidate_preset_replay_20260629/cami3_toy_human_gut_gtdb_source_readmap.sample5.candidate_preset.tsv	/tmp/cami3_toy_human_gut_20260626/run/sample5_autoexact/minco.best_diff_split.unfiltered.tsv
cami3_source_readmap_extension_after_recovery	5	FN	s__Corynebacterium hesseae	8.431353844167382e-06	0.0008431353844167382	False	True	split	GCF_027570215.1	exact_accession	0.869429	5.0	0.005	0.002657	1.024256	0.056554	0.869429	weak	below_default_call_thresholds	/tmp/minco_candidate_preset_replay_20260629/cami3_toy_human_gut_gtdb_source_readmap.sample5.candidate_preset.tsv	/tmp/cami3_toy_human_gut_20260626/run/sample5_autoexact/minco.best_diff_split.unfiltered.tsv
cami3_source_readmap_extension_after_recovery	5	FN	s__Staphylococcus epidermidis	7.708666371810177e-06	0.0007708666371810177	False	True	split	GCF_006742205.1	exact_accession	0.838347	12.0	0.012	0.006017	1.123032	0.028542	0.838347	weak	below_default_call_thresholds	/tmp/minco_candidate_preset_replay_20260629/cami3_toy_human_gut_gtdb_source_readmap.sample5.candidate_preset.tsv	/tmp/cami3_toy_human_gut_20260626/run/sample5_autoexact/minco.best_diff_split.unfiltered.tsv
cami3_source_readmap_extension_after_recovery	5	FN	s__Peptostreptococcus anaerobius	6.664784467294217e-06	0.0006664784467294217	False	True	split	GCF_000381525.1	exact_accession	0.799102	15.0	0.015	0.010219	2.226395	0.012037	0.799102	weak	below_default_call_thresholds	/tmp/minco_candidate_preset_replay_20260629/cami3_toy_human_gut_gtdb_source_readmap.sample5.candidate_preset.tsv	/tmp/cami3_toy_human_gut_20260626/run/sample5_autoexact/minco.best_diff_split.unfiltered.tsv
cami3_source_readmap_extension_after_recovery	5	FN	s__Ligilactobacillus agilis	6.022395602976702e-06	0.0006022395602976702	False	True	split	GCF_001436215.1	exact_accession	0.844979	12.0	0.012	0.008343	1.15264	0.033026	0.844979	weak	below_default_call_thresholds	/tmp/minco_candidate_preset_replay_20260629/cami3_toy_human_gut_gtdb_source_readmap.sample5.candidate_preset.tsv	/tmp/cami3_toy_human_gut_20260626/run/sample5_autoexact/minco.best_diff_split.unfiltered.tsv
cami3_source_readmap_extension_after_recovery	5	FN	s__Bifidobacterium animalis_B	5.9420969949370126e-06	0.0005942096994937013	False	True	split	GCA_004154635.1	exact_accession	1.0	5.0	0.005	0.002033	1.0	1.0	1.0	weak	below_default_call_thresholds	/tmp/minco_candidate_preset_replay_20260629/cami3_toy_human_gut_gtdb_source_readmap.sample5.candidate_preset.tsv	/tmp/cami3_toy_human_gut_20260626/run/sample5_autoexact/minco.best_diff_split.unfiltered.tsv
cami3_source_readmap_extension_after_recovery	5	FN	s__Kallipyga massiliensis	5.7012011708179445e-06	0.0005701201170817945	False	True	split	GCF_000311985.1	exact_accession	1.0	9.0	0.009	0.007527	1.0	1.0	1.0	weak	below_default_call_thresholds	/tmp/minco_candidate_preset_replay_20260629/cami3_toy_human_gut_gtdb_source_readmap.sample5.candidate_preset.tsv	/tmp/cami3_toy_human_gut_20260626/run/sample5_autoexact/minco.best_diff_split.unfiltered.tsv
