panel	sample	method	F1	official_L1_pp	official_Pearson	truth_mass_detected_pct	matched_abs_error_pp	missing_truth_mass_pp	extra_pred_mass_pp	delta_L1_pp	delta_Pearson
cami2_toy_mouse_gut	5	current_selected_abundance	0.8722222222222222	15.414228172610029	0.9917478920123489	97.67162055848607	13.085848731096162	2.3283794415138734	1.7716600070103263	0.0	0.0
cami2_toy_mouse_gut	5	base_power_p0.90	0.8722222222222222	32.568520056651515	0.9924595385024347	97.67162055848607	30.2401406151376	2.3283794415138734	2.1203476806253194	17.154291884041484	0.0007116464900858155
cami2_toy_mouse_gut	5	base_power_p0.95	0.8722222222222222	23.49807574878831	0.9926403683715722	97.67162055848607	21.16969630727444	2.3283794415138734	1.9480864790830486	8.08384757617828	0.0008924763592232932
cami2_toy_mouse_gut	5	base_power_p1.05	0.8722222222222222	19.46638401925809	0.9900868787801876	97.67162055848607	17.138004577744212	2.3283794415138734	1.595488831422822	4.052155846648061	-0.0016610132321612792
cami2_toy_mouse_gut	5	base_power_p1.10	0.8722222222222222	25.602701198720666	0.9878912080168893	97.67162055848607	23.27432175720682	2.3283794415138734	1.4235664379487378	10.188473026110637	-0.0038566839954595755
cami2_toy_mouse_gut	5	base_uniform_a0.02	0.8722222222222222	17.60739286347321	0.9917300266807363	97.67162055848607	15.27901342195935	2.3283794415138734	1.797955201931848	2.1931646908631794	-1.786533161263204e-05
cami2_toy_mouse_gut	5	base_uniform_a0.05	0.8722222222222222	21.293486812594335	0.9916962954511949	97.67162055848607	18.965107371080453	2.3283794415138734	1.8373979943141314	5.879258639984306	-5.1596561154054754e-05
cami2_toy_mouse_gut	5	base_global_xny_a0.02	0.8722222222222222	15.161861270813464	0.991724331972804	97.67162055848607	12.833481829299586	2.3283794415138734	1.774903197043551	-0.25236690179656485	-2.3560039544956446e-05
cami2_toy_mouse_gut	5	base_global_xny_a0.05	0.8722222222222222	15.143760030773453	0.9916871204219966	97.67162055848607	12.815380589259592	2.3283794415138734	1.779767982093388	-0.2704681418365755	-6.077159035233759e-05
cami2_toy_mouse_gut	5	base_global_xny_a0.10	0.8722222222222222	15.22074791732325	0.991620264762149	97.67162055848607	12.892368475809388	2.3283794415138734	1.7878759571764462	-0.19348025528677937	-0.00012762725019987986
cami2_toy_mouse_gut	5	base_global_probability_a0.02	0.8722222222222222	15.336955182162832	0.991762822040436	97.67162055848607	13.008575740648956	2.3283794415138734	1.7711465500873276	-0.07727299044719693	1.493002808705679e-05
cami2_toy_mouse_gut	5	base_global_probability_a0.05	0.8722222222222222	15.222169754458594	0.9917846859203324	97.67162055848607	12.893790312944725	2.3283794415138734	1.7703763647028283	-0.19205841815143465	3.679390798350113e-05
cami2_toy_mouse_gut	5	base_genus_xny_a0.02	0.8722222222222222	15.32245588848772	0.9917646398528259	97.67162055848607	12.994076446973848	2.3283794415138734	1.7716058188183539	-0.09177228412230853	1.674784047700495e-05
cami2_toy_mouse_gut	5	base_genus_xny_a0.05	0.8722222222222222	15.189860358923182	0.991788125910585	97.67162055848607	12.86148091740932	2.3283794415138734	1.7715245365303949	-0.22436781368684677	4.023389823604173e-05
cami2_toy_mouse_gut	5	base_genus_xny_a0.10	0.8722222222222222	15.076260013358599	0.991822937085562	97.67162055848607	12.74788057184473	2.3283794415138734	1.7713890660504648	-0.33796815925142987	7.504507321309806e-05
cami2_toy_mouse_gut	6	current_selected_abundance	0.8579387186629526	19.34922376619821	0.974477144863044	98.55702629753166	17.90625006372986	1.4429737024683593	2.848607481478836	0.0	0.0
cami2_toy_mouse_gut	6	base_power_p0.90	0.8579387186629526	31.828053180006805	0.9755393907266309	98.55702629753166	30.38507947753845	1.4429737024683593	3.3416443806927756	12.478829413808594	0.0010622458635868304
cami2_toy_mouse_gut	6	base_power_p0.95	0.8579387186629526	23.583414136688372	0.9755628328811755	98.55702629753166	22.14044043422	1.4429737024683593	3.1001738743023597	4.234190370490161	0.0010856880181314699
cami2_toy_mouse_gut	6	base_power_p1.05	0.8579387186629526	20.1992983117454	0.9725299066290534	98.55702629753166	18.756324609277033	1.4429737024683593	2.593777957504855	0.8500745455471908	-0.001947238233990678
cami2_toy_mouse_gut	6	base_power_p1.10	0.8579387186629526	23.76788281599335	0.96991540880096	98.55702629753166	22.324909113525	1.4429737024683593	2.3417955961717585	4.418659049795139	-0.0045617360620839875
cami2_toy_mouse_gut	6	base_uniform_a0.02	0.8579387186629526	19.921436521834686	0.9744491363972106	98.55702629753166	18.478462819366325	1.4429737024683593	2.8424291200280143	0.5722127556364747	-2.8008465833395668e-05
cami2_toy_mouse_gut	6	base_uniform_a0.05	0.8579387186629526	21.050662710939356	0.9743953305227263	98.55702629753166	19.607689008471002	1.4429737024683593	2.83316157785178	1.7014389447411453	-8.181434031773183e-05
cami2_toy_mouse_gut	6	base_global_xny_a0.02	0.8579387186629526	19.337153223098067	0.9743890769329626	98.55702629753166	17.894179520629717	1.4429737024683593	2.847850351809906	-0.012070543100143993	-8.806793008142577e-05
cami2_toy_mouse_gut	6	base_global_xny_a0.05	0.8579387186629526	19.32906588828432	0.9742558221552249	98.55702629753166	17.886092185815965	1.4429737024683593	2.846714657306509	-0.02015787791389201	-0.00022132270781916041
cami2_toy_mouse_gut	6	base_global_xny_a0.10	0.8579387186629526	19.33933995252859	0.9740307704086256	98.55702629753166	17.89636625006022	1.4429737024683593	2.844821833134185	-0.009883813669620878	-0.00044637445441841894
cami2_toy_mouse_gut	6	base_global_probability_a0.02	0.8579387186629526	19.325939409045684	0.9744982541028648	98.55702629753166	17.88296570657732	1.4429737024683593	2.841670408558395	-0.023284357152526525	2.110923982079349e-05
cami2_toy_mouse_gut	6	base_global_probability_a0.05	0.8579387186629526	19.293314992500466	0.9745291121551778	98.55702629753166	17.850341290032116	1.4429737024683593	2.8312647991777293	-0.05590877369774461	5.196729213374773e-05
cami2_toy_mouse_gut	6	base_genus_xny_a0.02	0.8579387186629526	19.327667723136436	0.974447694869984	98.55702629753166	17.88469402066808	1.4429737024683593	2.8463219189895246	-0.021556043061774943	-2.9449993060093327e-05
cami2_toy_mouse_gut	6	base_genus_xny_a0.05	0.8579387186629526	19.298322395144865	0.9744020147482102	98.55702629753166	17.855348692676507	1.4429737024683593	2.842893575255559	-0.05090137105334591	-7.513011483384346e-05
cami2_toy_mouse_gut	6	base_genus_xny_a0.10	0.8579387186629526	19.260128515369722	0.9743218965581739	98.55702629753166	17.817154812901368	1.4429737024683593	2.8371796690322832	-0.08909525082848901	-0.00015524830487012586
cami2_toy_mouse_gut	7	current_selected_abundance	0.9545454545454545	5.827122498816438	0.9984232596633771	99.51916901908801	5.346291517904459	0.48083098091197957	0.08940614079843903	0.0	0.0
cami2_toy_mouse_gut	7	base_power_p0.90	0.9545454545454545	13.286670331455985	0.9972239480521126	99.51916901908801	12.80583935054401	0.48083098091197957	0.1373859543514641	7.459547832639547	-0.0011993116112645197
cami2_toy_mouse_gut	7	base_power_p0.95	0.9545454545454545	9.187362822397246	0.9982099520422493	99.51916901908801	8.706531841485264	0.48083098091197957	0.11109614133054033	3.3602403235808076	-0.00021330762112781176
cami2_toy_mouse_gut	7	base_power_p1.05	0.9545454545454545	8.881895325661192	0.997971655787084	99.51916901908801	8.401064344749214	0.48083098091197957	0.07163983096244	3.0547728268447543	-0.00045160387629306076
cami2_toy_mouse_gut	7	base_power_p1.10	0.9545454545454545	12.80889839159486	0.996951161521984	99.51916901908801	12.328067410682882	0.48083098091197957	0.05718047289842563	6.981775892778423	-0.0014720981413930412
cami2_toy_mouse_gut	7	base_uniform_a0.02	0.9545454545454545	7.822308362199512	0.9984061322133189	99.51916901908801	7.341477381287531	0.48083098091197957	0.11886801798247025	1.9951858633830737	-1.7127450058218585e-05
cami2_toy_mouse_gut	7	base_uniform_a0.05	0.9545454545454545	11.20293971205142	0.9983699641196238	99.51916901908801	10.722108731139441	0.48083098091197957	0.16306083375851707	5.375817213234981	-5.32955437533289e-05
cami2_toy_mouse_gut	7	base_global_xny_a0.02	0.9545454545454545	5.890314502939908	0.998345809521268	99.51916901908801	5.40948352202793	0.48083098091197957	0.08854708938936522	0.06319200412347037	-7.74501421091367e-05
cami2_toy_mouse_gut	7	base_global_xny_a0.05	0.9545454545454545	6.101489679312914	0.998219081182745	99.51916901908801	5.620658698400936	0.48083098091197957	0.0872585122757545	0.27436718049647624	-0.00020417848063203348
cami2_toy_mouse_gut	7	base_global_xny_a0.10	0.9545454545454545	6.653121561548376	0.9979802982113262	99.51916901908801	6.172290580636397	0.48083098091197957	0.08511088375306997	0.8259990627319382	-0.0004429614520509162
cami2_toy_mouse_gut	7	base_global_probability_a0.02	0.9545454545454545	5.827649945291882	0.9984263076300618	99.51916901908801	5.346818964379902	0.48083098091197957	0.0892605881265446	0.0005274464754441155	3.0479666847105236e-06
cami2_toy_mouse_gut	7	base_global_probability_a0.05	0.9545454545454545	5.856988950307461	0.9984296855719745	99.51916901908801	5.376157969395482	0.48083098091197957	0.08904225911870287	0.029866451491022517	6.425908597451624e-06
cami2_toy_mouse_gut	7	base_genus_xny_a0.02	0.9545454545454545	5.816432292308677	0.9984123714098818	99.51916901908801	5.335601311396697	0.48083098091197957	0.08940614079843903	-0.010690206507761424	-1.0888253495267008e-05
cami2_toy_mouse_gut	7	base_genus_xny_a0.05	0.9545454545454545	5.810688405490856	0.9983951410177448	99.51916901908801	5.329857424578878	0.48083098091197957	0.08940614079843903	-0.01643409332558221	-2.811864563223576e-05
cami2_toy_mouse_gut	7	base_genus_xny_a0.10	0.9545454545454545	5.812064829236652	0.9983640313811457	99.51916901908801	5.331233848324675	0.48083098091197957	0.08940614079843906	-0.015057669579785937	-5.9228282231371665e-05
cami3_toy_human_gut_gtdb_source_readmap	0	current_selected_abundance	0.8465608465608465	62.229112552092026	0.9168100125114246	89.43520626440731	40.775529036708235	10.56479373559268	10.888789779791127	0.0	0.0
cami3_toy_human_gut_gtdb_source_readmap	0	base_power_p0.90	0.8465608465608465	70.66332169354534	0.9011769184655308	89.43520626440731	48.101804321439296	10.56479373559268	11.996723636513387	8.434209141453316	-0.015633094045893747
cami3_toy_human_gut_gtdb_source_readmap	0	base_power_p0.95	0.8465608465608465	66.1916996883665	0.9099234709510323	89.43520626440731	44.17907854759307	10.56479373559268	11.447827405180746	3.962587136274472	-0.006886541560392256
cami3_toy_human_gut_gtdb_source_readmap	0	base_power_p1.05	0.8465608465608465	58.473273593318496	0.9221209921285207	89.43520626440731	37.58451545870851	10.56479373559268	10.323964399017274	-3.7558389587735306	0.005310979617096145
cami3_toy_human_gut_gtdb_source_readmap	0	base_power_p1.10	0.8465608465608465	57.50743307062688	0.9261148459279644	89.43520626440731	37.18501246563821	10.56479373559268	9.757626869395963	-4.721679481465145	0.00930483341653987
cami3_toy_human_gut_gtdb_source_readmap	0	base_uniform_a0.02	0.8465608465608465	63.25707769498676	0.916751602750376	89.43520626440731	41.69559367171603	10.56479373559268	10.996690287678076	1.027965142894736	-5.840976104853901e-05
cami3_toy_human_gut_gtdb_source_readmap	0	base_uniform_a0.05	0.8465608465608465	65.0749419001846	0.9166458979791251	89.43520626440731	43.35160711508342	10.56479373559268	11.158541049508488	2.845829348092572	-0.00016411453229947526
cami3_toy_human_gut_gtdb_source_readmap	0	base_global_xny_a0.02	0.8465608465608465	61.613362512772305	0.9182634765273254	89.43520626440731	40.22415905438548	10.56479373559268	10.82440972279414	-0.615750039319721	0.0014534640159008516
cami3_toy_human_gut_gtdb_source_readmap	0	base_global_xny_a0.05	0.8465608465608465	60.690509175975336	0.9203224866594336	89.43520626440731	39.397875803083984	10.56479373559268	10.727839637298658	-1.53860337611669	0.003512474148009037
cami3_toy_human_gut_gtdb_source_readmap	0	base_global_xny_a0.10	0.8465608465608465	59.15377652104391	0.9234502725324832	89.43520626440731	38.02209329064502	10.56479373559268	10.56688949480619	-3.075336031048117	0.006640260021058664
cami3_toy_human_gut_gtdb_source_readmap	0	base_global_probability_a0.02	0.8465608465608465	61.99277609587499	0.9174793985249783	89.43520626440731	40.56757618796713	10.56479373559268	10.860406172315178	-0.23633645621703891	0.0006693860135537077
cami3_toy_human_gut_gtdb_source_readmap	0	base_global_probability_a0.05	0.8465608465608465	61.638271411549425	0.9184542829390304	89.43520626440731	40.25564691485551	10.56479373559268	10.817830761101249	-0.5908411405426008	0.0016442704276058429
cami3_toy_human_gut_gtdb_source_readmap	0	base_genus_xny_a0.02	0.8465608465608465	62.167641763680784	0.9168878727757467	89.43520626440731	40.74663917590475	10.56479373559268	10.856208852183354	-0.06147078841124198	7.786026432210491e-05
cami3_toy_human_gut_gtdb_source_readmap	0	base_genus_xny_a0.05	0.8465608465608465	62.08215904250832	0.9169943021899761	89.43520626440731	40.71002784614394	10.56479373559268	10.807337460771699	-0.14695350958370312	0.00018428967855155243
cami3_toy_human_gut_gtdb_source_readmap	0	base_genus_xny_a0.10	0.8465608465608465	61.979715817994354	0.9171440788939491	89.43520626440731	40.68903694064942	10.56479373559268	10.725885141752267	-0.24939673409767238	0.0003340663825245338
cami3_toy_human_gut_gtdb_source_readmap	1	current_selected_abundance	0.8585365853658536	67.19360511221436	0.7216589081849198	86.52273502066251	44.14384330842487	13.47726497933749	9.572496824451973	0.0	0.0
cami3_toy_human_gut_gtdb_source_readmap	1	base_power_p0.90	0.8585365853658536	70.35824517808764	0.7158829502096743	86.52273502066251	46.639186634754154	13.47726497933749	10.24179356399598	3.164640065873286	-0.005775957975245549
cami3_toy_human_gut_gtdb_source_readmap	1	base_power_p0.95	0.8585365853658536	68.22134295793991	0.7191653792362243	86.52273502066251	44.838078426134516	13.47726497933749	9.905999552467897	1.0277378457255537	-0.002493528948695589
cami3_toy_human_gut_gtdb_source_readmap	1	base_power_p1.05	0.8585365853658536	67.74617580831233	0.7234339579127409	86.52273502066251	45.02619607172733	13.47726497933749	9.242714757247503	0.5525706960979733	0.0017750497278210542
cami3_toy_human_gut_gtdb_source_readmap	1	base_power_p1.10	0.8585365853658536	68.61499674628263	0.724557394340509	86.52273502066251	46.21993014867897	13.47726497933749	8.917801618266177	1.4213916340682715	0.002898486155589186
cami3_toy_human_gut_gtdb_source_readmap	1	base_uniform_a0.02	0.8585365853658536	67.12369646609325	0.7221818160979527	86.52273502066251	44.01446906591692	13.47726497933749	9.631962420838816	-0.0699086461211067	0.0005229079130328884
cami3_toy_human_gut_gtdb_source_readmap	1	base_uniform_a0.05	0.8585365853658536	67.58323320657732	0.7229850495194224	86.52273502066251	44.384807411820766	13.47726497933749	9.721160815419076	0.389628094362962	0.0013261413345025952
cami3_toy_human_gut_gtdb_source_readmap	1	base_global_xny_a0.02	0.8585365853658536	67.14069836799989	0.722486270890381	86.52273502066251	44.12073848344396	13.47726497933749	9.542694905218415	-0.05290674421446795	0.0008273627054611321
cami3_toy_human_gut_gtdb_source_readmap	1	base_global_xny_a0.05	0.8585365853658536	67.06134490215996	0.7236482362768842	86.52273502066251	44.086087896454345	13.47726497933749	9.497992026368074	-0.13226021005439748	0.001989328091964393
cami3_toy_human_gut_gtdb_source_readmap	1	base_global_xny_a0.10	0.8585365853658536	66.92913258371574	0.7253822659537271	86.52273502066251	44.02838037609407	13.47726497933749	9.423487228284184	-0.26447252849861513	0.0037233577688072783
cami3_toy_human_gut_gtdb_source_readmap	1	base_global_probability_a0.02	0.8585365853658536	67.17020867809744	0.722112064061573	86.52273502066251	44.16083617741812	13.47726497933749	9.532107521341809	-0.023396434116918385	0.00045315587665317736
cami3_toy_human_gut_gtdb_source_readmap	1	base_global_probability_a0.05	0.8585365853658536	67.1351140269221	0.7227734049851887	86.52273502066251	44.18632548090804	13.47726497933749	9.47152356667657	-0.058491085292260436	0.0011144968002688715
cami3_toy_human_gut_gtdb_source_readmap	1	base_genus_xny_a0.02	0.8585365853658536	67.18014375102011	0.7217529429491616	86.52273502066251	44.12765148680937	13.47726497933749	9.575227284873272	-0.013461361194245569	9.403476424174606e-05
cami3_toy_human_gut_gtdb_source_readmap	1	base_genus_xny_a0.05	0.8585365853658536	67.1599517092289	0.7218809767254895	86.52273502066251	44.10336375438619	13.47726497933749	9.57932297550523	-0.0336534029854505	0.00022206854056960879
cami3_toy_human_gut_gtdb_source_readmap	1	base_genus_xny_a0.10	0.8585365853658536	67.12631515539621	0.7220596604879527	86.52273502066251	44.062901049500184	13.47726497933749	9.586149126558482	-0.06728995681814354	0.0004007523030328253
cami3_toy_human_gut_gtdb_source_readmap	2	current_selected_abundance	0.772093023255814	43.81898504973346	0.9544933525370349	99.51471370763684	32.722027171453945	0.4852862923631529	10.611671585916357	0.0	0.0
cami3_toy_human_gut_gtdb_source_readmap	2	base_power_p0.90	0.772093023255814	52.47337352352115	0.948982888367195	99.51471370763684	40.08560848192541	0.4852862923631529	11.902478749232555	8.654388473787684	-0.005510464169839913
cami3_toy_human_gut_gtdb_source_readmap	2	base_power_p0.95	0.772093023255814	48.08681551882652	0.9526293490096713	99.51471370763684	36.353193557692855	0.4852862923631529	11.248335668770512	4.267830469093056	-0.0018640035273636002
cami3_toy_human_gut_gtdb_source_readmap	2	base_power_p1.05	0.772093023255814	39.900570774034435	0.95479445014056	99.51471370763684	29.422327545503187	0.4852862923631529	9.992956936168108	-3.9184142756990283	0.0003010976035250357
cami3_toy_human_gut_gtdb_source_readmap	2	base_power_p1.10	0.772093023255814	39.67548698365042	0.9537447441649386	99.51471370763684	29.797349184888756	0.4852862923631529	9.392851506398545	-4.1434980660830405	-0.0007486083720963377
cami3_toy_human_gut_gtdb_source_readmap	2	base_uniform_a0.02	0.772093023255814	45.74241264713642	0.9545904948728559	99.51471370763684	34.29612835067509	0.4852862923631529	10.960998004098181	1.9234275974029558	9.714233582092113e-05
cami3_toy_human_gut_gtdb_source_readmap	2	base_uniform_a0.05	0.772093023255814	48.66383083508304	0.954730727305346	99.51471370763684	36.693556911348935	0.4852862923631529	11.484987631370933	4.844845785349577	0.00023737476831109383
cami3_toy_human_gut_gtdb_source_readmap	2	base_global_xny_a0.02	0.772093023255814	43.53202406542658	0.9546687835971933	99.51471370763684	32.47804889277252	0.4852862923631529	10.5686888802909	-0.2869609843068801	0.00017543106015838195
cami3_toy_human_gut_gtdb_source_readmap	2	base_global_xny_a0.05	0.772093023255814	43.101630110956656	0.9549174006575719	99.51471370763684	32.1121289967408	0.4852862923631529	10.504214821852713	-0.7173549387768077	0.0004240481205369795
cami3_toy_human_gut_gtdb_source_readmap	2	base_global_xny_a0.10	0.772093023255814	42.384560181810365	0.9552936423053761	99.51471370763684	31.502515831658123	0.4852862923631529	10.396758057789068	-1.4344248679230986	0.0008002897683411225
cami3_toy_human_gut_gtdb_source_readmap	2	base_global_probability_a0.02	0.772093023255814	43.75885182526212	0.9546104599412114	99.51471370763684	32.699160220447546	0.4852862923631529	10.574405312451447	-0.06013322447134328	0.00011710740417647525
cami3_toy_human_gut_gtdb_source_readmap	2	base_global_probability_a0.05	0.772093023255814	43.668651988555155	0.9547763017071018	99.51471370763684	32.664859793937964	0.4852862923631529	10.518505902254068	-0.15033306117830847	0.0002829491700668818
cami3_toy_human_gut_gtdb_source_readmap	2	base_genus_xny_a0.02	0.772093023255814	43.709493826238194	0.9545177370247852	99.51471370763684	32.660183398295025	0.4852862923631529	10.56402413558002	-0.10949122349526874	2.438448775021751e-05
cami3_toy_human_gut_gtdb_source_readmap	2	base_genus_xny_a0.05	0.772093023255814	43.545256990995284	0.9545506622541555	99.51471370763684	32.56741773855662	0.4852862923631529	10.492552960075516	-0.27372805873817896	5.730971712059052e-05
cami3_toy_human_gut_gtdb_source_readmap	2	base_genus_xny_a0.10	0.772093023255814	43.27169667296122	0.9545958934556433	99.51471370763684	32.412976046363376	0.4852862923631529	10.373434334234668	-0.5472883767722436	0.00010254091860839587
hmp_airskin_gtdb_source_abundance	0	current_selected_abundance	0.8405797101449276	18.780365281635795	0.9895037710483945	99.99520959562409	10.11993679304773	0.004790404375874205	8.655638084212196	0.0	0.0
hmp_airskin_gtdb_source_abundance	0	base_power_p0.90	0.8405797101449276	29.043273398860258	0.9883861333945793	99.99520959562409	19.143647684059893	0.004790404375874205	9.894835310424492	10.262908117224463	-0.0011176376538152288
hmp_airskin_gtdb_source_abundance	0	base_power_p0.95	0.8405797101449276	23.280679637780402	0.9894477459936527	99.99520959562409	14.001581429336058	0.004790404375874205	9.274307804068476	4.500314356144607	-5.6025054741781766e-05
hmp_airskin_gtdb_source_abundance	0	base_power_p1.05	0.8405797101449276	18.608581903338276	0.9887539628762937	99.99520959562409	10.558740637612901	0.004790404375874205	8.045050861349505	-0.1717833782975191	-0.0007498081721007965
hmp_airskin_gtdb_source_abundance	0	base_power_p1.10	0.8405797101449276	22.599089867210605	0.9873656997297149	99.99520959562409	15.146158891827701	0.004790404375874205	7.448140571007027	3.8187245855748095	-0.002138071318679602
hmp_airskin_gtdb_source_abundance	0	base_uniform_a0.02	0.8405797101449276	20.624445037437923	0.9894769346328881	99.99520959562409	11.748240421645209	0.004790404375874205	8.871414211416838	1.8440797558021274	-2.6836415506381606e-05
hmp_airskin_gtdb_source_abundance	0	base_uniform_a0.05	0.8405797101449276	23.876364997704414	0.9894214493404311	99.99520959562409	14.676496191104732	0.004790404375874205	9.195078402223807	5.095999716068619	-8.232170796340643e-05
hmp_airskin_gtdb_source_abundance	0	base_global_xny_a0.02	0.8405797101449276	18.55163680894337	0.9896599619451231	99.99520959562409	10.01012622546923	0.004790404375874205	8.536720179098275	-0.22872847269242413	0.00015619089672858077
hmp_airskin_gtdb_source_abundance	0	base_global_xny_a0.05	0.8405797101449276	18.211845822803223	0.9898820468428337	99.99520959562409	9.84871209699995	0.004790404375874205	8.3583433214274	-0.5685194588325722	0.0003782757944391646
hmp_airskin_gtdb_source_abundance	0	base_global_xny_a0.10	0.8405797101449276	17.668701065224063	0.9902205982313517	99.99520959562409	9.602862102205586	0.004790404375874205	8.061048558642602	-1.1116642164117323	0.0007168271829571804
hmp_airskin_gtdb_source_abundance	0	base_global_probability_a0.02	0.8405797101449276	18.683001606172503	0.9895676460224102	99.99520959562409	10.072861181093591	0.004790404375874205	8.60535002070304	-0.09736367546329205	6.387497401572073e-05
hmp_airskin_gtdb_source_abundance	0	base_global_probability_a0.05	0.8405797101449276	18.55084807700837	0.9896619394333142	99.99520959562409	10.016139747193192	0.004790404375874205	8.529917925439308	-0.22951720462742387	0.00015816838491966578
hmp_airskin_gtdb_source_abundance	0	base_genus_xny_a0.02	0.8405797101449276	18.62815004450701	0.9897088568661079	99.99520959562409	10.068623146128122	0.004790404375874205	8.554736494003015	-0.15221523712878593	0.00020508581771339074
hmp_airskin_gtdb_source_abundance	0	base_genus_xny_a0.05	0.8405797101449276	18.472646163714575	0.9900046250057356	99.99520959562409	10.064471650649466	0.004790404375874205	8.403384108689236	-0.30771911792122	0.0005008539573411186
hmp_airskin_gtdb_source_abundance	0	base_genus_xny_a0.10	0.8405797101449276	18.424329090240203	0.990466072534586	99.99520959562409	10.26840855269805	0.004790404375874205	8.151130133166278	-0.3560361913955923	0.0009623014861914747
hmp_airskin_gtdb_source_abundance	1	current_selected_abundance	0.6799999999999999	18.105883690092906	0.9973939434154936	100.0	11.77322670981026	0.0	6.3326569802826445	0.0	0.0
hmp_airskin_gtdb_source_abundance	1	base_power_p0.90	0.6799999999999999	32.08381461633946	0.9928512787907217	100.0	23.489615870566503	0.0	8.59419874577296	13.977930926246554	-0.0045426646247719304
hmp_airskin_gtdb_source_abundance	1	base_power_p0.95	0.6799999999999999	24.51860022767099	0.9955740707467167	100.0	17.112083453010666	0.0	7.40651677466033	6.412716537578085	-0.0018198726687769229
hmp_airskin_gtdb_source_abundance	1	base_power_p1.05	0.6799999999999999	14.1517049611808	0.9984736683052122	100.0	8.77633091449689	0.0	5.375374046683912	-3.9541787289121064	0.0010797248897186362
hmp_airskin_gtdb_source_abundance	1	base_power_p1.10	0.6799999999999999	11.786957281176957	0.9989466243828041	100.0	7.253873735348838	0.0	4.533083545828121	-6.318926408915949	0.001552680967310538
hmp_airskin_gtdb_source_abundance	1	base_uniform_a0.02	0.6799999999999999	19.89271634034875	0.9973939434154937	100.0	12.717015529974798	0.0	7.175700810373958	1.7868326502558425	1.1102230246251565e-16
hmp_airskin_gtdb_source_abundance	1	base_uniform_a0.05	0.6799999999999999	22.890158484680576	0.9973939434154937	100.0	14.449891929169631	0.0	8.440266555510938	4.78427479458767	1.1102230246251565e-16
hmp_airskin_gtdb_source_abundance	1	base_global_xny_a0.02	0.6799999999999999	17.888440262712106	0.9974455651723549	100.0	11.642735764701213	0.0	6.245704498010886	-0.21744342738080036	5.162175686135306e-05
hmp_airskin_gtdb_source_abundance	1	base_global_xny_a0.05	0.6799999999999999	17.582054884176355	0.9975205983668032	100.0	11.466779109573109	0.0	6.115275774603248	-0.5238288059165512	0.00012665495130959048
hmp_airskin_gtdb_source_abundance	1	base_global_xny_a0.10	0.6799999999999999	17.11200906059579	0.9976393878075891	100.0	11.214114491671937	0.0	5.897894568923847	-0.9938746294971175	0.0002454443920955063
hmp_airskin_gtdb_source_abundance	1	base_global_probability_a0.02	0.6799999999999999	17.94115516740532	0.9974441212080557	100.0	11.655231329797179	0.0	6.285923837608136	-0.16472852268758587	5.0177792562111634e-05
hmp_airskin_gtdb_source_abundance	1	base_global_probability_a0.05	0.6799999999999999	17.699700958908124	0.9975179383517961	100.0	11.483876835311737	0.0	6.215824123596395	-0.40618273118478143	0.00012399493630255165
hmp_airskin_gtdb_source_abundance	1	base_genus_xny_a0.02	0.6799999999999999	18.043481307230337	0.9974157607336134	100.0	11.765830598169128	0.0	6.277650709061211	-0.06240238286256883	2.181731811978782e-05
hmp_airskin_gtdb_source_abundance	1	base_genus_xny_a0.05	0.6799999999999999	17.949877732936503	0.9974478557893204	100.0	11.75473643070744	0.0	6.19514130222906	-0.15600595715640253	5.391237382679215e-05
hmp_airskin_gtdb_source_abundance	1	base_genus_xny_a0.10	0.6799999999999999	17.79387177578009	0.9974996713398009	100.0	11.736246151604611	0.0	6.057625624175476	-0.3120119143128157	0.00010572792430729727
hmp_airskin_gtdb_source_abundance	3	current_selected_abundance	0.9574468085106385	12.670666989685989	0.9970245468507749	99.7821741154161	8.663260840363012	0.21782588458383687	3.789580264739139	0.0	0.0
hmp_airskin_gtdb_source_abundance	3	base_power_p0.90	0.9574468085106385	23.979304728038617	0.9958028208811659	99.7821741154161	19.557117206097136	0.21782588458383687	4.2043616373576445	11.308637738352628	-0.001221725969609011
hmp_airskin_gtdb_source_abundance	3	base_power_p0.95	0.9574468085106385	17.323861227568287	0.9967047854573495	99.7821741154161	13.097944666014474	0.21782588458383687	4.008090676969971	4.653194237882298	-0.00031976139342537735
hmp_airskin_gtdb_source_abundance	3	base_power_p1.05	0.9574468085106385	16.37830798827588	0.9969189084083447	99.7821741154161	12.605674195006214	0.21782588458383687	3.5548079086858295	3.7076409985898895	-0.00010563844243016707
hmp_airskin_gtdb_source_abundance	3	base_power_p1.10	0.9574468085106385	22.82626071258005	0.9965114237956397	99.7821741154161	19.298582731588528	0.21782588458383687	3.3098520964076776	10.155593722894062	-0.0005131230551351784
hmp_airskin_gtdb_source_abundance	3	base_uniform_a0.02	0.9574468085106385	14.432063518050198	0.9970193058519563	99.7821741154161	10.41534259104328	0.21782588458383687	3.798895042423081	1.7613965283642088	-5.2409988186008505e-06
hmp_airskin_gtdb_source_abundance	3	base_uniform_a0.05	0.9574468085106385	17.693329607592975	0.9970085458130842	99.7821741154161	13.66263651406015	0.21782588458383687	3.8128672089489926	5.022662617906986	-1.6001037690727138e-05
hmp_airskin_gtdb_source_abundance	3	base_global_xny_a0.02	0.9574468085106385	12.522201974689102	0.9970765283696602	99.7821741154161	8.558198806558684	0.21782588458383687	3.7461772835465776	-0.14846501499688713	5.1981518885302336e-05
hmp_airskin_gtdb_source_abundance	3	base_global_xny_a0.05	0.9574468085106385	12.30519384040253	0.9971511790795922	99.7821741154161	8.406295144060955	0.21782588458383687	3.681072811757735	-0.3654731492834582	0.00012663222881725833
hmp_airskin_gtdb_source_abundance	3	base_global_xny_a0.10	0.9574468085106385	11.947145733278576	0.9972669251436651	99.7821741154161	8.156754489918411	0.21782588458383687	3.5725653587763304	-0.7235212564074125	0.00024237829289019963
hmp_airskin_gtdb_source_abundance	3	base_global_probability_a0.02	0.9574468085106385	12.626198993304474	0.9970287926326609	99.7821741154161	8.63060944921941	0.21782588458383687	3.777763659501225	-0.04446799638151511	4.245781885958699e-06
hmp_airskin_gtdb_source_abundance	3	base_global_probability_a0.05	0.9574468085106385	12.559496998732214	0.9970314841148706	99.7821741154161	8.58163236250402	0.21782588458383687	3.760038751644354	-0.11116999095377444	6.9372640957299225e-06
hmp_airskin_gtdb_source_abundance	3	base_genus_xny_a0.02	0.9574468085106385	12.565056976004618	0.9970742879228679	99.7821741154161	8.59096636061903	0.21782588458383687	3.7562647308017505	-0.10561001368137113	4.974107209299028e-05
hmp_airskin_gtdb_source_abundance	3	base_genus_xny_a0.05	0.9574468085106385	12.411826631903681	0.9971470549105231	99.7821741154161	8.487709317424173	0.21782588458383687	3.706291429895668	-0.25884035778230796	0.00012250805974822754
hmp_airskin_gtdb_source_abundance	3	base_genus_xny_a0.10	0.9574468085106385	12.157157834029446	0.9972634259042967	99.7821741154161	8.316329354393414	0.21782588458383687	3.623002595052196	-0.5135091556565428	0.00023887905352182326
hmp_airskin_gtdb_source_abundance	4	current_selected_abundance	0.8395061728395061	28.72674092295988	0.9883782682234051	98.66532346797555	18.526521250982626	1.334676532024448	8.865543139952813	0.0	0.0
hmp_airskin_gtdb_source_abundance	4	base_power_p0.90	0.8395061728395061	44.09254792060949	0.9851172888344384	98.66532346797555	32.16164610647978	1.334676532024448	10.596225282105266	15.36580699764961	-0.003260979388966745
hmp_airskin_gtdb_source_abundance	4	base_power_p0.95	0.8395061728395061	36.064246969776526	0.9872016537187682	98.66532346797555	25.005665995794967	1.334676532024448	9.723904441957112	7.337506046816646	-0.001176614504636908
hmp_airskin_gtdb_source_abundance	4	base_power_p1.05	0.8395061728395061	22.456162757424742	0.9888469221493705	98.66532346797555	13.088487336336701	1.334676532024448	8.032998889063608	-6.270578165535138	0.000468653925965401
hmp_airskin_gtdb_source_abundance	4	base_power_p1.10	0.8395061728395061	22.8952388571241	0.9887674295102999	98.66532346797555	14.323964399134468	1.334676532024448	7.236597925965185	-5.831502065835782	0.00038916128689481244
hmp_airskin_gtdb_source_abundance	4	base_uniform_a0.02	0.8395061728395061	30.69402840104677	0.9883572187159698	98.66532346797555	20.160170686759088	1.334676532024448	9.199181182263247	1.967287478086888	-2.10495074353112e-05
hmp_airskin_gtdb_source_abundance	4	base_uniform_a0.05	0.8395061728395061	33.71268750046802	0.9883224615380143	98.66532346797555	22.678372722714705	1.334676532024448	9.699638245728888	4.985946577508141	-5.5806685390846766e-05
hmp_airskin_gtdb_source_abundance	4	base_global_xny_a0.02	0.8395061728395061	28.408943103020402	0.9883761479990135	98.66532346797555	18.314016220895603	1.334676532024448	8.760250350100348	-0.31779781993947864	-2.1202243916107477e-06
hmp_airskin_gtdb_source_abundance	4	base_global_xny_a0.05	0.8395061728395061	27.937546979651472	0.9883697411926641	98.66532346797555	18.00055928230537	1.334676532024448	8.602311165321668	-0.7891939433084083	-8.527030741056763e-06
hmp_airskin_gtdb_source_abundance	4	base_global_xny_a0.10	0.8395061728395061	27.15931070517889	0.9883507229117517	98.66532346797555	17.485554982463903	1.334676532024448	8.339079190690533	-1.5674302177809913	-2.7545311653387472e-05
hmp_airskin_gtdb_source_abundance	4	base_global_probability_a0.02	0.8395061728395061	28.548294514368393	0.9884107557793285	98.66532346797555	18.41588882059183	1.334676532024448	8.797729161752109	-0.17844640859148697	3.2487555923332856e-05
hmp_airskin_gtdb_source_abundance	4	base_global_probability_a0.05	0.8395061728395061	28.281272617539603	0.9884571395455957	98.66532346797555	18.250587891064104	1.334676532024448	8.696008194451053	-0.4454683054202775	7.887132219053239e-05
hmp_airskin_gtdb_source_abundance	4	base_genus_xny_a0.02	0.8395061728395061	28.612679635139475	0.9884394357943315	98.66532346797555	18.490533699457856	1.334676532024448	8.787469403657196	-0.11406128782040525	6.116757092633485e-05
hmp_airskin_gtdb_source_abundance	4	base_genus_xny_a0.05	0.8395061728395061	28.44158770340888	0.9885281034871153	98.66532346797555	18.436552372170677	1.334676532024448	8.670358799213775	-0.2851532195509989	0.00014983526371015188
hmp_airskin_gtdb_source_abundance	4	base_genus_xny_a0.10	0.8395061728395061	28.15643448385789	0.9886676967413462	98.66532346797555	18.34658349335871	1.334676532024448	8.475174458474747	-0.5703064391019907	0.0002894285179411149
hmp_airskin_gtdb_source_abundance	5	current_selected_abundance	0.9615384615384616	10.337735604597233	0.9983818025644172	98.56115107913668	8.085223253669353	1.4388489208633206	0.8136634300645583	0.0	0.0
hmp_airskin_gtdb_source_abundance	5	base_power_p0.90	0.9615384615384616	20.891521308147407	0.995289289940719	98.56115107913668	18.42624390565701	1.4388489208633206	1.0264284816270808	10.553785703550174	-0.0030925126236982514
hmp_airskin_gtdb_source_abundance	5	base_power_p0.95	0.9615384615384616	15.490567534450827	0.9972187569261622	98.56115107913668	13.135787779869618	1.4388489208633206	0.9159308337178886	5.152831929853594	-0.001163045638254978
hmp_airskin_gtdb_source_abundance	5	base_power_p1.05	0.9615384615384616	5.629127221898487	0.9988998869508771	98.56115107913668	3.4706478135536263	1.4388489208633206	0.7196304874815407	-4.708608382698746	0.0005180843864598383
hmp_airskin_gtdb_source_abundance	5	base_power_p1.10	0.9615384615384616	7.957179581084778	0.9988801784625202	98.56115107913668	5.884604916465251	1.4388489208633206	0.6337257437562067	-2.3805560235124554	0.0004983758981029762
hmp_airskin_gtdb_source_abundance	5	base_uniform_a0.02	0.9615384615384616	11.835304120084347	0.9982915161997099	98.56115107913668	9.522141960834682	1.4388489208633206	0.8743132383863441	1.4975685154871137	-9.028636470731488e-05
hmp_airskin_gtdb_source_abundance	5	base_uniform_a0.05	0.9615384615384616	14.19477180841479	0.9981406338213497	98.56115107913668	11.790634936682451	1.4388489208633206	0.9652879508690226	3.8570362038175574	-0.00024116874306756575
hmp_airskin_gtdb_source_abundance	5	base_global_xny_a0.02	0.9615384615384616	10.154854566937944	0.9984177750906102	98.56115107913668	7.909967751284136	1.4388489208633206	0.8060378947904898	-0.1828810376592891	3.597252619302882e-05
hmp_airskin_gtdb_source_abundance	5	base_global_xny_a0.05	0.9615384615384616	9.880533010449007	0.9984651240188153	98.56115107913668	7.647084497706297	1.4388489208633206	0.794599591879387	-0.4572025941482263	8.332145439804428e-05
hmp_airskin_gtdb_source_abundance	5	base_global_xny_a0.10	0.9615384615384616	9.587444954219405	0.9985267679168914	98.56115107913668	7.373060279661869	1.4388489208633206	0.7755357536942158	-0.7502906503778277	0.00014496535247421338
hmp_airskin_gtdb_source_abundance	5	base_global_probability_a0.02	0.9615384615384616	10.317328822661104	0.9984041200050985	98.56115107913668	8.063288781324799	1.4388489208633206	0.8151911204729847	-0.020406781936129548	2.231744068126318e-05
hmp_airskin_gtdb_source_abundance	5	base_global_probability_a0.05	0.9615384615384616	10.391569111213386	0.9984265439676602	98.56115107913668	8.135237534264443	1.4388489208633206	0.817482656085624	0.053833506616152604	4.474140324295384e-05
hmp_airskin_gtdb_source_abundance	5	base_genus_xny_a0.02	0.9615384615384616	10.290638011440526	0.9983849685357885	98.56115107913668	8.044094753199124	1.4388489208633206	0.8076943373780813	-0.04709759315670681	3.1659713712883786e-06
hmp_airskin_gtdb_source_abundance	5	base_genus_xny_a0.05	0.9615384615384616	10.219991621705466	0.9983877441032135	98.56115107913668	7.98240200249378	1.4388489208633206	0.7987406983483664	-0.11774398289176702	5.941538796294665e-06
hmp_airskin_gtdb_source_abundance	5	base_genus_xny_a0.10	0.9615384615384616	10.201817609119082	0.9983871091328032	98.56115107913668	7.979150721623586	1.4388489208633206	0.7838179666321742	-0.13591799547815064	5.306568385932131e-06
hmp_airskin_gtdb_source_abundance	6	current_selected_abundance	0.9696969696969697	22.192749202192346	0.9144670910865694	100.0	11.31698493496951	0.0	10.875764267222833	0.0	0.0
hmp_airskin_gtdb_source_abundance	6	base_power_p0.90	0.9696969696969697	26.99891354878492	0.9059286614264133	100.0	16.10628218817129	0.0	10.89263136061362	4.806164346592574	-0.008538429660156166
hmp_airskin_gtdb_source_abundance	6	base_power_p0.95	0.9696969696969697	24.388925406271078	0.910368580548537	100.0	13.494777015761589	0.0	10.894148390509491	2.196176204078732	-0.004098510538032452
hmp_airskin_gtdb_source_abundance	6	base_power_p1.05	0.9696969696969697	22.27434730812883	0.9182521042241937	100.0	11.435108436226496	0.0	10.839238871902332	0.08159810593648587	0.003785013137624249
hmp_airskin_gtdb_source_abundance	6	base_power_p1.10	0.9696969696969697	23.40566606396391	0.9217477134272114	100.0	12.619403238991666	0.0	10.78626282497224	1.2129168617715642	0.0072806223406419734
hmp_airskin_gtdb_source_abundance	6	base_uniform_a0.02	0.9696969696969697	23.52855332372209	0.9143430512329563	100.0	12.746855598749441	0.0	10.781697724972652	1.335804121529744	-0.00012403985361308933
hmp_airskin_gtdb_source_abundance	6	base_uniform_a0.05	0.9696969696969697	25.894227211576943	0.9141261097512843	100.0	15.253629299979554	0.0	10.640597911597382	3.701478009384598	-0.00034098133528515095
hmp_airskin_gtdb_source_abundance	6	base_global_xny_a0.02	0.9696969696969697	22.231442708693816	0.9138260659727014	100.0	11.370819476595845	0.0	10.860623232097973	0.03869350650147041	-0.0006410251138679879
hmp_airskin_gtdb_source_abundance	6	base_global_xny_a0.05	0.9696969696969697	22.328369569343476	0.9128377984238071	100.0	11.490457889932784	0.0	10.83791167941069	0.13562036715113024	-0.0016292926627623494
hmp_airskin_gtdb_source_abundance	6	base_global_xny_a0.10	0.9696969696969697	22.517147053793902	0.9111189827089629	100.0	11.717087962195356	0.0	10.800059091598545	0.32439785160155665	-0.0033481083776065734
hmp_airskin_gtdb_source_abundance	6	base_global_probability_a0.02	0.9696969696969697	22.281228448738936	0.9137523155235974	100.0	11.386138396077197	0.0	10.89509005266174	0.08847924654659067	-0.0007147755629720587
hmp_airskin_gtdb_source_abundance	6	base_global_probability_a0.05	0.9696969696969697	22.423143487388025	0.9126688959842559	100.0	11.499064756567922	0.0	10.9240787308201	0.23039428519567906	-0.0017981951023134934
hmp_airskin_gtdb_source_abundance	6	base_genus_xny_a0.02	0.9696969696969697	22.19459767193387	0.9143722353824203	100.0	11.340112743945758	0.0	10.85448492798811	0.0018484697415246387	-9.485570414913269e-05
hmp_airskin_gtdb_source_abundance	6	base_genus_xny_a0.05	0.9696969696969697	22.2545439286002	0.914221055609252	100.0	11.431978009464174	0.0	10.822565919136027	0.06179472640785377	-0.0002460354773173856
hmp_airskin_gtdb_source_abundance	6	base_genus_xny_a0.10	0.9696969696969697	22.354454356377396	0.9139452649543512	100.0	11.585086785328173	0.0	10.76936757104922	0.16170515418505005	-0.0005218261322181839
hmp_airskin_gtdb_source_abundance	7	current_selected_abundance	0.8414634146341463	27.609399687248615	0.9875542782678017	99.2747178144871	22.843841979863384	0.7252821855128653	4.040275521872353	0.0	0.0
hmp_airskin_gtdb_source_abundance	7	base_power_p0.90	0.8414634146341463	42.5624217190703	0.9854026153159191	99.2747178144871	36.58959589202123	0.7252821855128653	5.247543641536212	14.953022031821686	-0.002151662951882627
hmp_airskin_gtdb_source_abundance	7	base_power_p0.95	0.8414634146341463	34.60694120946542	0.9869827283664923	99.2747178144871	29.263473956129932	0.7252821855128653	4.618185067822629	6.997541522216803	-0.000571549901309476
hmp_airskin_gtdb_source_abundance	7	base_power_p1.05	0.8414634146341463	22.11467293230116	0.987312701315719	99.2747178144871	17.873761665483855	0.7252821855128653	3.515629081304438	-5.494726754947454	-0.00024157695208271157
hmp_airskin_gtdb_source_abundance	7	base_power_p1.10	0.8414634146341463	22.90238704278749	0.9864194921404656	99.2747178144871	19.13280587383363	0.7252821855128653	3.044298983440986	-4.707012644461127	-0.0011347861273360849
hmp_airskin_gtdb_source_abundance	7	base_uniform_a0.02	0.8414634146341463	29.831133408436955	0.9875371874352041	99.2747178144871	24.696943009241988	0.7252821855128653	4.408908213682095	2.2217337211883397	-1.709083259759936e-05
hmp_airskin_gtdb_source_abundance	7	base_uniform_a0.05	0.8414634146341463	33.22651964957073	0.9875072067233654	99.2747178144871	27.539380212661147	0.7252821855128653	4.961857251396712	5.617119962322118	-4.7071544436283475e-05
hmp_airskin_gtdb_source_abundance	7	base_global_xny_a0.02	0.8414634146341463	27.342823073133673	0.9876225263040737	99.2747178144871	22.633488040534555	0.7252821855128653	3.9840528470862315	-0.2665766141149426	6.824803627192289e-05
hmp_airskin_gtdb_source_abundance	7	base_global_xny_a0.05	0.8414634146341463	26.947771483422102	0.9877221119530172	99.2747178144871	22.32277046300217	0.7252821855128653	3.8997188349070497	-0.6616282038265133	0.00016783368521544606
hmp_airskin_gtdb_source_abundance	7	base_global_xny_a0.10	0.8414634146341463	26.296088543081602	0.98788082037835	99.2747178144871	21.811644209626994	0.7252821855128653	3.75916214794175	-1.3133111441670131	0.000326542110548278
hmp_airskin_gtdb_source_abundance	7	base_global_probability_a0.02	0.8414634146341463	27.441855642286473	0.9876621579844199	99.2747178144871	22.70083458546264	0.7252821855128653	4.015738871310974	-0.16754404496214192	0.00010787971661818663
hmp_airskin_gtdb_source_abundance	7	base_global_probability_a0.05	0.8414634146341463	27.190539574843264	0.987820276812734	99.2747178144871	22.486323493861484	0.7252821855128653	3.978933895468913	-0.41886011240535126	0.0002659985449322555
hmp_airskin_gtdb_source_abundance	7	base_genus_xny_a0.02	0.8414634146341463	27.430421857788783	0.9876549212450874	99.2747178144871	22.712134330817687	0.7252821855128653	3.9930053414582223	-0.1789778294598321	0.00010064297728562543
hmp_airskin_gtdb_source_abundance	7	base_genus_xny_a0.05	0.8414634146341463	27.161955113599074	0.9878034952195163	99.2747178144871	22.514572857249174	0.7252821855128653	3.922100070837023	-0.44744457364954116	0.00024921695171453706
hmp_airskin_gtdb_source_abundance	7	base_genus_xny_a0.10	0.8414634146341463	26.714510539949533	0.9880448031018185	99.2747178144871	22.185303734634967	0.7252821855128653	3.803924619801698	-0.8948891472990823	0.0004905248340167923
hmp_airskin_gtdb_source_abundance	9	current_selected_abundance	0.9292929292929293	31.526930250245535	0.9866666556242832	99.9291442182977	22.615939364749867	0.07085578170228189	8.840135103793381	0.0	0.0
hmp_airskin_gtdb_source_abundance	9	base_power_p0.90	0.9292929292929293	44.8834256898626	0.9780108602082598	99.9291442182977	34.87469906414121	0.07085578170228189	9.9378708440191	13.356495439617063	-0.00865579541602346
hmp_airskin_gtdb_source_abundance	9	base_power_p0.95	0.9292929292929293	37.75673633849078	0.9828551380195533	99.9291442182977	28.283908571412315	0.07085578170228189	9.401971985376182	6.2298060882452475	-0.003811517604729975
hmp_airskin_gtdb_source_abundance	9	base_power_p1.05	0.9292929292929293	27.0342932494192	0.9896119505360561	99.9291442182977	18.698789685725966	0.07085578170228189	8.264647781990957	-4.492637000826335	0.0029452949117728666
hmp_airskin_gtdb_source_abundance	9	base_power_p1.10	0.9292929292929293	23.847429928137394	0.9918349044662107	99.9291442182977	16.089985164757763	0.07085578170228189	7.686588981677348	-7.67950032210814	0.005168248841927459
hmp_airskin_gtdb_source_abundance	9	base_uniform_a0.02	0.9292929292929293	33.45464639090994	0.9866548008239272	99.9291442182977	24.52437977611761	0.07085578170228189	8.859410833090061	1.9277161406644083	-1.1854800356037032e-05
hmp_airskin_gtdb_source_abundance	9	base_uniform_a0.05	0.9292929292929293	36.70404368460956	0.9866339583395649	99.9291442182977	27.744863475872215	0.07085578170228189	8.888324427035082	5.177113434364024	-3.2697284718330444e-05
hmp_airskin_gtdb_source_abundance	9	base_global_xny_a0.02	0.9292929292929293	31.168171358016977	0.9869631011724552	99.9291442182977	22.40225582822513	0.07085578170228189	8.695059748089562	-0.3587588922285576	0.0002964455481719863
hmp_airskin_gtdb_source_abundance	9	base_global_xny_a0.05	0.9292929292929293	30.63379515846558	0.9873922807952057	99.9291442182977	22.085492662229463	0.07085578170228189	8.477446714533837	-0.8931350917799534	0.0007256251709224504
hmp_airskin_gtdb_source_abundance	9	base_global_xny_a0.10	0.9292929292929293	29.748319778962877	0.9880674437925412	99.9291442182977	21.562705671986336	0.07085578170228189	8.114758325274279	-1.7786104712826578	0.0014007881682579493
hmp_airskin_gtdb_source_abundance	9	base_global_probability_a0.02	0.9292929292929293	31.382834007738182	0.9868023434952696	99.9291442182977	22.548109136484207	0.07085578170228189	8.763869089551712	-0.1440962425073522	0.00013568787098638957
hmp_airskin_gtdb_source_abundance	9	base_global_probability_a0.05	0.9292929292929293	31.166886516006436	0.987001654127866	99.9291442182977	22.44656066611495	0.07085578170228189	8.649470068189204	-0.36004373423909897	0.00033499850358276184
hmp_airskin_gtdb_source_abundance	9	base_genus_xny_a0.02	0.9292929292929293	31.208682961904994	0.9869292309619055	99.9291442182977	22.43464970276106	0.07085578170228189	8.703177477441661	-0.3182472883405403	0.0002625753376223061
hmp_airskin_gtdb_source_abundance	9	base_genus_xny_a0.05	0.9292929292929293	30.735253282202173	0.9873092522990088	99.9291442182977	22.16665646258583	0.07085578170228189	8.497741037914082	-0.7916769680433617	0.0006425966747255485
hmp_airskin_gtdb_source_abundance	9	base_genus_xny_a0.10	0.9292929292929293	29.96210691753309	0.987906445730623	99.9291442182977	21.735904163796032	0.07085578170228189	8.155346972034781	-1.564823332712443	0.0012397901063397887
hmp_airskin_gtdb_source_abundance	10	current_selected_abundance	0.9130434782608695	20.72920835915743	0.9889496865549151	98.25010636241485	16.253928579088832	1.7498936375851835	2.7253861424834174	0.0	0.0
hmp_airskin_gtdb_source_abundance	10	base_power_p0.90	0.9130434782608695	31.414817033766656	0.9861839233169719	98.25010636241485	26.30966976965957	1.7498936375851835	3.3552536265219035	10.685608674609227	-0.0027657632379431973
hmp_airskin_gtdb_source_abundance	10	base_power_p0.95	0.9130434782608695	25.672363030290597	0.9879300728823787	98.25010636241485	20.892871420696494	1.7498936375851835	3.0295979720089146	4.943154671133168	-0.0010196136725364457
hmp_airskin_gtdb_source_abundance	10	base_power_p1.05	0.9130434782608695	18.139993300341793	0.9893432589605146	98.25010636241485	13.946401381730958	1.7498936375851835	2.4436982810256596	-2.589215058815636	0.0003935724055994516
hmp_airskin_gtdb_source_abundance	10	base_power_p1.10	0.9130434782608695	16.645072409084513	0.9891970577744119	98.25010636241485	12.710314147685796	1.7498936375851835	2.1848646238135316	-4.084135950072916	0.00024737121949680585
hmp_airskin_gtdb_source_abundance	10	base_uniform_a0.02	0.9130434782608695	22.39616493212016	0.9888840633578684	98.25010636241485	17.80147983142297	1.7498936375851835	2.84479146311201	1.6669565729627323	-6.562319704672692e-05
hmp_airskin_gtdb_source_abundance	10	base_uniform_a0.05	0.9130434782608695	25.695825176910127	0.9887711345711809	98.25010636241485	20.92203209527004	1.7498936375851835	3.023899444054899	4.966616817752698	-0.00017855198373417647
hmp_airskin_gtdb_source_abundance	10	base_global_xny_a0.02	0.9130434782608695	20.71032368394151	0.9888884686621694	98.25010636241485	16.27555763056886	1.7498936375851835	2.6848724157874666	-0.018884675215918634	-6.121789274571299e-05
hmp_airskin_gtdb_source_abundance	10	base_global_xny_a0.05	0.9130434782608695	20.6819966711176	0.9887900362774162	98.25010636241485	16.308001207788887	1.7498936375851835	2.624101825743536	-0.047211688039830335	-0.0001596502774988684
hmp_airskin_gtdb_source_abundance	10	base_global_xny_a0.10	0.9130434782608695	20.634784983077793	0.988608658743966	98.25010636241485	16.362073836488953	1.7498936375851835	2.522817509003656	-0.0944233760796358	-0.0003410278109491349
hmp_airskin_gtdb_source_abundance	10	base_global_probability_a0.02	0.9130434782608695	20.703192925928	0.9889213758350923	98.25010636241485	16.25075155688713	1.7498936375851835	2.7025477314556876	-0.026015433229428453	-2.831071982278832e-05
hmp_airskin_gtdb_source_abundance	10	base_global_probability_a0.05	0.9130434782608695	20.664169776083817	0.9888764265510173	98.25010636241485	16.245986023584546	1.7498936375851835	2.668290114914092	-0.06503858307361199	-7.326000389784593e-05
hmp_airskin_gtdb_source_abundance	10	base_genus_xny_a0.02	0.9130434782608695	20.698968137102444	0.9889357345376871	98.25010636241485	16.260343010791306	1.7498936375851835	2.688731488725955	-0.03024022205498511	-1.3952017227980562e-05
hmp_airskin_gtdb_source_abundance	10	base_genus_xny_a0.05	0.9130434782608695	20.653607804019934	0.9889119495765563	98.25010636241485	16.269964658345	1.7498936375851835	2.633749508089759	-0.07560055513749475	-3.7736978358848816e-05
hmp_airskin_gtdb_source_abundance	10	base_genus_xny_a0.10	0.9130434782608695	20.58247659498278	0.9888647412830466	98.25010636241485	16.290470083701493	1.7498936375851835	2.542112873696102	-0.14673176417464973	-8.494527186853063e-05
hmp_airskin_gtdb_source_abundance	11	current_selected_abundance	0.9846153846153847	22.34574875063917	0.9390039844436852	99.994717586452	22.340466337091183	0.005282413547989002	0.0	0.0	0.0
hmp_airskin_gtdb_source_abundance	11	base_power_p0.90	0.9846153846153847	27.27762872311893	0.937299703643679	99.994717586452	27.27234630957095	0.005282413547989002	0.0	4.931879972479759	-0.0017042808000061749
hmp_airskin_gtdb_source_abundance	11	base_power_p0.95	0.9846153846153847	24.481100867478567	0.9382839236131778	99.994717586452	24.47581845393057	0.005282413547989002	0.0	2.135352116839396	-0.0007200608305073519
hmp_airskin_gtdb_source_abundance	11	base_power_p1.05	0.9846153846153847	21.46598345125687	0.9394901810052728	99.994717586452	21.460701037708883	0.005282413547989002	0.0	-0.8797652993822993	0.00048619656158765956
hmp_airskin_gtdb_source_abundance	11	base_power_p1.10	0.9846153846153847	22.21040538514758	0.9397679038893922	99.994717586452	22.20512297159959	0.005282413547989002	0.0	-0.13534336549158965	0.0007639194457070841
hmp_airskin_gtdb_source_abundance	11	base_uniform_a0.02	0.9846153846153847	23.55828156304851	0.9389944671667525	99.994717586452	23.552999149500526	0.005282413547989002	0.0	1.2125328124093393	-9.517276932657914e-06
hmp_airskin_gtdb_source_abundance	11	base_uniform_a0.05	0.9846153846153847	25.37708078166252	0.938970458508788	99.994717586452	25.371798368114533	0.005282413547989002	0.0	3.03133203102335	-3.35259348971384e-05
hmp_airskin_gtdb_source_abundance	11	base_global_xny_a0.02	0.9846153846153847	22.304705624110447	0.9392143161820381	99.994717586452	22.299423210562463	0.005282413547989002	0.0	-0.04104312652872366	0.0002103317383529424
hmp_airskin_gtdb_source_abundance	11	base_global_xny_a0.05	0.9846153846153847	22.243805727932163	0.9395241189023457	99.994717586452	22.23852331438417	0.005282413547989002	0.0	-0.10194302270700817	0.0005201344586605039
hmp_airskin_gtdb_source_abundance	11	base_global_xny_a0.10	0.9846153846153847	22.152104943045504	0.9400253580593377	99.994717586452	22.146822529497516	0.005282413547989002	0.0	-0.1936438075936664	0.0010213736156525766
hmp_airskin_gtdb_source_abundance	11	base_global_probability_a0.02	0.9846153846153847	22.30208879604552	0.939085974673498	99.994717586452	22.296806382497532	0.005282413547989002	0.0	-0.04365995459365024	8.199022981281168e-05
hmp_airskin_gtdb_source_abundance	11	base_global_probability_a0.05	0.9846153846153847	22.236598864155045	0.9392013946009752	99.994717586452	22.231316450607057	0.005282413547989002	0.0	-0.1091498864841256	0.00019741015729002331
hmp_airskin_gtdb_source_abundance	11	base_genus_xny_a0.02	0.9846153846153847	22.348621199825725	0.9391512866032061	99.994717586452	22.343338786277737	0.005282413547989002	0.0	0.0028724491865546042	0.0001473021595209678
hmp_airskin_gtdb_source_abundance	11	base_genus_xny_a0.05	0.9846153846153847	22.352929873605547	0.9393680288739589	99.994717586452	22.347647460057562	0.005282413547989002	0.0	0.0071811229663758525	0.00036404443027371336
hmp_airskin_gtdb_source_abundance	11	base_genus_xny_a0.10	0.9846153846153847	22.360110996571926	0.9397180578089388	99.994717586452	22.354828583023938	0.005282413547989002	0.0	0.014362245932755258	0.0007140733652536424
hmp_airskin_gtdb_source_abundance	13	current_selected_abundance	0.925	54.747984044476524	0.9105244185423927	99.97753483086265	54.1698336893751	0.02246516913736668	0.5556851859640487	0.0	0.0
hmp_airskin_gtdb_source_abundance	13	base_power_p0.90	0.925	62.66164392248123	0.9092451300262161	99.97753483086265	61.83258825547105	0.02246516913736668	0.8065904978728153	7.913659878004708	-0.0012792885161766465
hmp_airskin_gtdb_source_abundance	13	base_power_p0.95	0.925	56.99376211337541	0.9102012657098761	99.97753483086265	56.30013962895305	0.02246516913736668	0.6711573152850017	2.245778068898886	-0.0003231528325166044
hmp_airskin_gtdb_source_abundance	13	base_power_p1.05	0.925	53.842034533299035	0.9103157977602941	99.97753483086265	53.36158386847113	0.02246516913736668	0.4579854956905233	-0.9059495111774893	-0.0002086207820986008
hmp_airskin_gtdb_source_abundance	13	base_power_p1.10	0.925	53.12126463233769	0.9096593187170504	99.97753483086265	52.722894893181994	0.02246516913736668	0.3759045700183571	-1.6267194121388329	-0.0008650998253423303
hmp_airskin_gtdb_source_abundance	13	base_uniform_a0.02	0.925	55.64702224821802	0.9104900082308217	99.97753483086265	54.92998559683586	0.02246516913736668	0.6945714822447675	0.8990382037414975	-3.441031157103147e-05
hmp_airskin_gtdb_source_abundance	13	base_uniform_a0.05	0.925	57.1361585891966	0.9104281172222628	99.97753483086265	56.21079249339339	0.02246516913736668	0.902900926665846	2.388174544720073	-9.630132012994341e-05
hmp_airskin_gtdb_source_abundance	13	base_global_xny_a0.02	0.925	54.61110160668168	0.9108623238206672	99.97753483086265	54.04094290973851	0.02246516913736668	0.5476935278058178	-0.13688243779484566	0.00033790527827448624
hmp_airskin_gtdb_source_abundance	13	base_global_xny_a0.05	0.925	54.40577794998944	0.9113615122524606	99.97753483086265	53.847606740283595	0.02246516913736668	0.5357060405684718	-0.34220609448708217	0.0008370937100679043
hmp_airskin_gtdb_source_abundance	13	base_global_xny_a0.10	0.925	54.06357185550237	0.9121733796569487	99.97753483086265	53.52537979119213	0.02246516913736668	0.5157268951728952	-0.6844121889741572	0.0016489611145559246
hmp_airskin_gtdb_source_abundance	13	base_global_probability_a0.02	0.925	54.72025539446215	0.9106738850226441	99.97753483086265	54.14303056311094	0.02246516913736668	0.5547596622138514	-0.027728650014374523	0.0001494664802513812
hmp_airskin_gtdb_source_abundance	13	base_global_probability_a0.05	0.925	54.678662419440585	0.910894097719851	99.97753483086265	54.10282587371466	0.02246516913736668	0.5533713765885558	-0.06932162503593986	0.0003696791774582264
hmp_airskin_gtdb_source_abundance	13	base_genus_xny_a0.02	0.925	54.6278205400659	0.9109693584003924	99.97753483086265	54.05524689844403	0.02246516913736668	0.5501084724845136	-0.12016350441062684	0.00044493985799964886
hmp_airskin_gtdb_source_abundance	13	base_genus_xny_a0.05	0.925	54.44757528344996	0.911629867562531	99.97753483086265	53.883366712047376	0.02246516913736668	0.5417434022652107	-0.3004087610265671	0.001105449020138205
hmp_airskin_gtdb_source_abundance	13	base_genus_xny_a0.10	0.925	54.14716652242338	0.9127125036150261	99.97753483086265	53.59689973471964	0.02246516913736668	0.5278016185663725	-0.6008175220531413	0.00218808507263335
hmp_airskin_gtdb_source_abundance	14	current_selected_abundance	0.8999999999999999	14.247572698891528	0.9988928181803317	99.27007299270079	10.074667241522928	0.7299270072992409	3.44297845006936	0.0	0.0
hmp_airskin_gtdb_source_abundance	14	base_power_p0.90	0.8999999999999999	29.412833576409415	0.9965791277407661	99.27007299270079	24.103900256405396	0.7299270072992409	4.579006312704778	15.165260877517888	-0.002313690439565641
hmp_airskin_gtdb_source_abundance	14	base_power_p0.95	0.8999999999999999	21.656577619330662	0.9980193248200191	99.27007299270079	16.94180162974128	0.7299270072992409	3.9848489822901367	7.409004920439134	-0.000873493360312616
hmp_airskin_gtdb_source_abundance	14	base_power_p1.05	0.8999999999999999	8.42516713070164	0.9993324442434355	99.27007299270079	4.740545037566967	0.7299270072992409	2.954695085835432	-5.822405568189888	0.0004396260631037707
hmp_airskin_gtdb_source_abundance	14	base_power_p1.10	0.8999999999999999	11.442642596866175	0.9994436986251676	99.27007299270079	8.19305477824357	0.7299270072992409	2.519660811323362	-2.8049301020253523	0.0005508804448358662
hmp_airskin_gtdb_source_abundance	14	base_uniform_a0.02	0.8999999999999999	16.175209984823105	0.9988374062660915	99.27007299270079	11.740136042490375	0.7299270072992409	3.7051469350334925	1.9276372859315778	-5.5411914240188764e-05
hmp_airskin_gtdb_source_abundance	14	base_uniform_a0.05	0.8999999999999999	19.274770571030352	0.9987429190412629	99.27007299270079	14.446443901251424	0.7299270072992409	4.098399662479688	5.027197872138824	-0.0001498991390688209
hmp_airskin_gtdb_source_abundance	14	base_global_xny_a0.02	0.8999999999999999	14.130183182427247	0.9989038595636868	99.27007299270079	9.976988636161687	0.7299270072992409	3.4232675389663196	-0.11738951646428042	1.1041383355059331e-05
hmp_airskin_gtdb_source_abundance	14	base_global_xny_a0.05	0.8999999999999999	13.954098907730836	0.998919882037151	99.27007299270079	9.830470728119836	0.7299270072992409	3.393701172311759	-0.2934737911606913	2.7063856819276033e-05
hmp_airskin_gtdb_source_abundance	14	base_global_xny_a0.10	0.8999999999999999	13.660625116570152	0.9989451617446297	99.27007299270079	9.586274214716761	0.7299270072992409	3.3444238945541542	-0.5869475823213754	5.234356429795195e-05
hmp_airskin_gtdb_source_abundance	14	base_global_probability_a0.02	0.8999999999999999	14.13098403143832	0.9989095037511067	99.27007299270079	9.966277656834896	0.7299270072992409	3.434779367304185	-0.1165886674532075	1.6685570774943592e-05
hmp_airskin_gtdb_source_abundance	14	base_global_probability_a0.05	0.8999999999999999	13.956101030258516	0.9989336709462316	99.27007299270079	9.803693279802856	0.7299270072992409	3.422480743156421	-0.29147166863301166	4.0852765899934695e-05
hmp_airskin_gtdb_source_abundance	14	base_genus_xny_a0.02	0.8999999999999999	14.207688655672351	0.9989023506412102	99.27007299270079	10.048226843891994	0.7299270072992409	3.42953480448112	-0.03988404321917649	9.53246087853632e-06
hmp_airskin_gtdb_source_abundance	14	base_genus_xny_a0.05	0.8999999999999999	14.147862590843596	0.998916340736581	99.27007299270079	10.008566247445593	0.7299270072992409	3.4093693360987594	-0.09971010804793146	2.3522556249266913e-05
hmp_airskin_gtdb_source_abundance	14	base_genus_xny_a0.10	0.8999999999999999	14.048152482795675	0.9989388367023241	99.27007299270079	9.94246525336828	0.7299270072992409	3.375760222128157	-0.19942021609585225	4.601852199237477e-05
hmp_airskin_gtdb_source_abundance	15	current_selected_abundance	0.9583333333333334	8.654145647602451	0.9996229749681823	99.97242436976738	8.259055266958914	0.02757563023261003	0.36751475041093035	0.0	0.0
hmp_airskin_gtdb_source_abundance	15	base_power_p0.90	0.9583333333333334	21.9208994157661	0.9980338656808069	99.97242436976738	21.329376802576245	0.02757563023261003	0.5639469829572477	13.26675376816365	-0.0015891092873754342
hmp_airskin_gtdb_source_abundance	15	base_power_p0.95	0.9583333333333334	14.888953968778647	0.999048311784599	99.97242436976738	14.40462037188871	0.02757563023261003	0.45675796665733237	6.234808321176196	-0.000574663183583346
hmp_airskin_gtdb_source_abundance	15	base_power_p1.05	0.9583333333333334	3.394629523318475	0.9998690977868921	99.97242436976738	3.0730646255457383	0.02757563023261003	0.2939892675401269	-5.2595161242839765	0.00024612281870983743
hmp_airskin_gtdb_source_abundance	15	base_power_p1.10	0.9583333333333334	6.170232669818689	0.9998745997524501	99.97242436976738	5.908687793939518	0.02757563023261003	0.23396924564655963	-2.4839129777837625	0.0002516247842677677
hmp_airskin_gtdb_source_abundance	15	base_uniform_a0.02	0.9583333333333334	11.191906634648277	0.9995933686217614	99.97242436976738	10.713662373783839	0.02757563023261003	0.45066863063182755	2.537760987045825	-2.9606346420907315e-05
hmp_airskin_gtdb_source_abundance	15	base_uniform_a0.05	0.9583333333333334	15.067517084513213	0.99953797527118	99.97242436976738	14.464542003317431	0.02757563023261003	0.5753994509631735	6.4133714369107615	-8.499969700226373e-05
hmp_airskin_gtdb_source_abundance	15	base_global_xny_a0.02	0.9583333333333334	8.479346406655855	0.9996346629436239	99.97242436976738	8.086098330577624	0.02757563023261003	0.3656724458456222	-0.17479924094659616	1.168797544159883e-05
hmp_airskin_gtdb_source_abundance	15	base_global_xny_a0.05	0.9583333333333334	8.217147545235916	0.9996510867893921	99.97242436976738	7.8266629260056435	0.02757563023261003	0.36290898899766016	-0.4369981023665357	2.8111821209764187e-05
hmp_airskin_gtdb_source_abundance	15	base_global_xny_a0.10	0.9583333333333334	7.786952999673849	0.9996755394782164	99.97242436976738	7.4010741418568475	0.02757563023261003	0.35830322758439004	-0.8671926479286025	5.256451003410323e-05
hmp_airskin_gtdb_source_abundance	15	base_global_probability_a0.02	0.9583333333333334	8.59926413534634	0.9996256644978235	99.97242436976738	8.205443312170866	0.02757563023261003	0.3662451929428645	-0.054881512256111264	2.6895296412199343e-06
hmp_airskin_gtdb_source_abundance	15	base_global_probability_a0.05	0.9583333333333334	8.51694186696216	0.9996296611498594	99.97242436976738	8.12502537998878	0.02757563023261003	0.3643408567407658	-0.13720378064029148	6.686181677095782e-06
hmp_airskin_gtdb_source_abundance	15	base_genus_xny_a0.02	0.9583333333333334	8.622496841258336	0.9996260161227241	99.97242436976738	8.229505213870093	0.02757563023261003	0.3654159971556332	-0.0316488063441156	3.041154541749691e-06
hmp_airskin_gtdb_source_abundance	15	base_genus_xny_a0.05	0.9583333333333334	8.575023631742116	0.9996305024223409	99.97242436976738	8.185180134236818	0.02757563023261003	0.3622678672726877	-0.07912201586033518	7.527454158551272e-06
hmp_airskin_gtdb_source_abundance	15	base_genus_xny_a0.10	0.9583333333333334	8.495901615881756	0.9996377788978528	99.97242436976738	8.1113050015147	0.02757563023261003	0.35702098413444533	-0.15824403172069523	1.4803929670459404e-05
hmp_airskin_gtdb_source_abundance	16	current_selected_abundance	1.0	6.914589514693804	0.9998353757011105	100.0	6.914589514693806	0.0	0.0	0.0	0.0
hmp_airskin_gtdb_source_abundance	16	base_power_p0.90	1.0	19.313580567443694	0.9992253150655597	100.0	19.313580567443697	0.0	0.0	12.398991052749889	-0.000610060635550802
hmp_airskin_gtdb_source_abundance	16	base_power_p0.95	1.0	12.811992477020562	0.9996107358918419	100.0	12.811992477020558	0.0	0.0	5.897402962326757	-0.00022463980926856753
hmp_airskin_gtdb_source_abundance	16	base_power_p1.05	1.0	2.41759046066068	0.9999370257241511	100.0	2.41759046066068	0.0	0.0	-4.496999054033124	0.00010165002304063364
hmp_airskin_gtdb_source_abundance	16	base_power_p1.10	1.0	4.290378843248545	0.9999464013732359	100.0	4.290378843248545	0.0	0.0	-2.624210671445259	0.00011102567212539771
hmp_airskin_gtdb_source_abundance	16	base_uniform_a0.02	1.0	9.167363126584327	0.9998353757011104	100.0	9.167363126584323	0.0	0.0	2.2527736118905226	-1.1102230246251565e-16
hmp_airskin_gtdb_source_abundance	16	base_uniform_a0.05	1.0	12.874649285544901	0.9998353757011105	100.0	12.874649285544903	0.0	0.0	5.960059770851097	0.0
hmp_airskin_gtdb_source_abundance	16	base_global_xny_a0.02	1.0	6.851923089743011	0.999836527988642	100.0	6.8519230897430115	0.0	0.0	-0.06266642495079378	1.1522875315028713e-06
hmp_airskin_gtdb_source_abundance	16	base_global_xny_a0.05	1.0	6.757923452316808	0.9998381374557627	100.0	6.757923452316808	0.0	0.0	-0.15666606237699643	2.7617546521918612e-06
hmp_airskin_gtdb_source_abundance	16	base_global_xny_a0.10	1.0	6.601257389939811	0.9998405047111608	100.0	6.601257389939811	0.0	0.0	-0.31333212475399375	5.129010050342053e-06
hmp_airskin_gtdb_source_abundance	16	base_global_probability_a0.02	1.0	6.871387595793537	0.9998351559513718	100.0	6.871387595793535	0.0	0.0	-0.0432019189002677	-2.1974973862803893e-07
hmp_airskin_gtdb_source_abundance	16	base_global_probability_a0.05	1.0	6.806584717443119	0.9998347922727577	100.0	6.806584717443121	0.0	0.0	-0.10800479725068524	-5.834283527406114e-07
hmp_airskin_gtdb_source_abundance	16	base_genus_xny_a0.02	1.0	6.890529666126109	0.999836455381355	100.0	6.890529666126111	0.0	0.0	-0.024059848567695497	1.0796802445423026e-06
hmp_airskin_gtdb_source_abundance	16	base_genus_xny_a0.05	1.0	6.854439893274562	0.999838048894846	100.0	6.854439893274561	0.0	0.0	-0.060149621419242294	2.6731937354806945e-06
hmp_airskin_gtdb_source_abundance	16	base_genus_xny_a0.10	1.0	6.794290271855284	0.9998406355653865	100.0	6.7942902718552824	0.0	0.0	-0.12029924283852012	5.2598642760193215e-06
hmp_airskin_gtdb_source_abundance	17	current_selected_abundance	0.773109243697479	26.525180643113	0.9960095778891278	100.00000000000003	17.668557178190984	0.0	8.856623464922016	0.0	0.0
hmp_airskin_gtdb_source_abundance	17	base_power_p0.90	0.773109243697479	40.758210525908176	0.9919396370524294	100.00000000000003	29.362454933303784	0.0	11.395755592604381	14.233029882795176	-0.004069940836698427
hmp_airskin_gtdb_source_abundance	17	base_power_p0.95	0.773109243697479	32.96842774148791	0.9943865725066661	100.00000000000003	22.87893925191717	0.0	10.08948848957072	6.443247098374908	-0.0016230053824617396
hmp_airskin_gtdb_source_abundance	17	base_power_p1.05	0.773109243697479	23.015418708088696	0.9970018442407107	100.00000000000003	15.30408347525559	0.0	7.711335232833104	-3.5097619350243043	0.0009922663515828933
hmp_airskin_gtdb_source_abundance	17	base_power_p1.10	0.773109243697479	20.265804816620243	0.9975164254288907	100.00000000000003	13.602497980252428	0.0	6.663306836367822	-6.259375826492757	0.0015068475397629344
hmp_airskin_gtdb_source_abundance	17	base_uniform_a0.02	0.773109243697479	28.415154280320355	0.9960095778891281	100.00000000000003	18.99593725729951	0.0	9.419217023020838	1.8899736372073548	3.3306690738754696e-16
hmp_airskin_gtdb_source_abundance	17	base_uniform_a0.05	0.773109243697479	31.606854472811584	0.9960095778891288	100.00000000000003	21.34374711264253	0.0	10.263107360169062	5.081673829698584	9.992007221626409e-16
hmp_airskin_gtdb_source_abundance	17	base_global_xny_a0.02	0.773109243697479	26.277278268029463	0.9960467616749341	100.00000000000003	17.538562824775948	0.0	8.738715443253527	-0.2479023750835374	3.71837858063051e-05
hmp_airskin_gtdb_source_abundance	17	base_global_xny_a0.05	0.773109243697479	25.91631274783395	0.9961012685375311	100.00000000000003	17.354459337083163	0.0	8.561853410750793	-0.6088678952790509	9.169064840330865e-05
hmp_airskin_gtdb_source_abundance	17	base_global_xny_a0.10	0.773109243697479	25.318031119628802	0.9961887990456634	100.00000000000003	17.05094776304922	0.0	8.267083356579578	-1.2071495234841976	0.00017922115653556947
hmp_airskin_gtdb_source_abundance	17	base_global_probability_a0.02	0.773109243697479	26.35609334983543	0.9960570389203803	100.00000000000003	17.575478502441655	0.0	8.780614847393764	-0.16908729327757044	4.7461031252526986e-05
hmp_airskin_gtdb_source_abundance	17	base_global_probability_a0.05	0.773109243697479	26.10246240991912	0.99612692124855	100.00000000000003	17.435860488817738	0.0	8.666601921101377	-0.4227182331938799	0.00011734335942215068
hmp_airskin_gtdb_source_abundance	17	base_genus_xny_a0.02	0.773109243697479	26.36169990528468	0.9960490962719483	100.00000000000003	17.595204201865098	0.0	8.76649570341959	-0.16348073782831918	3.9518382820458164e-05
hmp_airskin_gtdb_source_abundance	17	base_genus_xny_a0.05	0.773109243697479	26.11956911154162	0.996107207565563	100.00000000000003	17.48826505037567	0.0	8.631304061165952	-0.4056115315713811	9.762967643522913e-05
hmp_airskin_gtdb_source_abundance	17	base_genus_xny_a0.10	0.773109243697479	25.71960279063481	0.9962009743218225	100.00000000000003	17.313618133224924	0.0	8.405984657409892	-0.8055778524781907	0.00019139643269472373
hmp_airskin_gtdb_source_abundance	18	current_selected_abundance	0.9629629629629629	11.41103974567027	0.9950982254305217	99.99185816380258	10.026673065209547	0.008141836197436556	1.3762248442632858	0.0	0.0
hmp_airskin_gtdb_source_abundance	18	base_power_p0.90	0.9629629629629629	19.307416247358915	0.9928538953405068	99.99185816380258	17.57277694393374	0.008141836197436556	1.726497467227741	7.896376501688646	-0.002244330090014901
hmp_airskin_gtdb_source_abundance	18	base_power_p0.95	0.9629629629629629	14.262727107544501	0.9941420964991013	99.99185816380258	12.709102147870613	0.008141836197436556	1.5454831234764472	2.851687361874232	-0.0009561289314203858
hmp_airskin_gtdb_source_abundance	18	base_power_p1.05	0.9629629629629629	10.14371637668208	0.9957749764252185	99.99185816380258	8.915870564510733	0.008141836197436556	1.2197039759739101	-1.2673233689881886	0.0006767509946967731
hmp_airskin_gtdb_source_abundance	18	base_power_p1.10	0.9629629629629629	10.818824250634984	0.9962166664503461	99.99185816380258	9.734302976060597	0.008141836197436556	1.0763794383769458	-0.5922154950352851	0.00111844101982439
hmp_airskin_gtdb_source_abundance	18	base_uniform_a0.02	0.9629629629629629	12.41285943185155	0.9950464330140143	99.99185816380258	10.979466057040039	0.008141836197436556	1.4252515386140727	1.00181968618128	-5.17924165074346e-05
hmp_airskin_gtdb_source_abundance	18	base_uniform_a0.05	0.9629629629629629	14.09062535292494	0.9949549556380131	99.99185816380258	12.583691936587247	0.008141836197436556	1.4987915801402525	2.679585607254671	-0.00014326979250867122
hmp_airskin_gtdb_source_abundance	18	base_global_xny_a0.02	0.9629629629629629	11.309428732653116	0.9952089752343624	99.99185816380258	9.945405851132788	0.008141836197436556	1.3558810453228904	-0.1016110130171537	0.00011074980384062627
hmp_airskin_gtdb_source_abundance	18	base_global_xny_a0.05	0.9629629629629629	11.15701221312737	0.995371331916287	99.99185816380258	9.823505030017637	0.008141836197436556	1.3253653469122961	-0.25402753254289934	0.0002731064857652843
hmp_airskin_gtdb_source_abundance	18	base_global_xny_a0.10	0.9629629629629629	10.913287791009326	0.9956319201956275	99.99185816380258	9.630640105250587	0.008141836197436556	1.274505849561305	-0.49775195466094324	0.0005336947651057855
hmp_airskin_gtdb_source_abundance	18	base_global_probability_a0.02	0.9629629629629629	11.446282618976033	0.9950648840236337	99.99185816380258	10.060357566557666	0.008141836197436556	1.3777832162209314	0.03524287330576392	-3.3341406888043323e-05
hmp_airskin_gtdb_source_abundance	18	base_global_probability_a0.05	0.9629629629629629	11.499146928934671	0.9950144726185693	99.99185816380258	10.110884318579835	0.008141836197436556	1.3801207741573993	0.08810718326440181	-8.375281195238671e-05
hmp_airskin_gtdb_source_abundance	18	base_genus_xny_a0.02	0.9629629629629629	11.388182536348301	0.9951257428740288	99.99185816380258	10.02071697362717	0.008141836197436556	1.3593237265236924	-0.022857209321967886	2.7517443507041328e-05
hmp_airskin_gtdb_source_abundance	18	base_genus_xny_a0.05	0.9629629629629629	11.353896722365334	0.995166311963942	99.99185816380258	10.011782836253595	0.008141836197436556	1.3339720499143022	-0.057143023304934815	6.808653342027515e-05
hmp_airskin_gtdb_source_abundance	18	base_genus_xny_a0.10	0.9629629629629629	11.310962765390844	0.9952320450086726	99.99185816380258	10.01110167362809	0.008141836197436556	1.2917192555653176	-0.10007698027942524	0.00013381957815084
hmp_airskin_gtdb_source_abundance	19	current_selected_abundance	0.816793893129771	37.16496661201082	0.9640171703457461	99.12867060146382	26.279514231010932	0.8713293985361064	10.01412298246381	0.0	0.0
hmp_airskin_gtdb_source_abundance	19	base_power_p0.90	0.816793893129771	46.0425027502082	0.9545962965143137	99.12867060146382	34.37570753743425	0.8713293985361064	10.795465814237867	8.877536138197378	-0.00942087383143242
hmp_airskin_gtdb_source_abundance	19	base_power_p0.95	0.816793893129771	41.142827765261295	0.9601022949406584	99.12867060146382	29.867079017794186	0.8713293985361064	10.404419348930988	3.9778611532504726	-0.0039148754050877255
hmp_airskin_gtdb_source_abundance	19	base_power_p1.05	0.816793893129771	34.84328123670395	0.9665146764630753	99.12867060146382	24.346545773337184	0.8713293985361064	9.625406064830647	-2.3216853753068705	0.00249750611732924
hmp_airskin_gtdb_source_abundance	19	base_power_p1.10	0.816793893129771	33.01504155330786	0.9677520260360141	99.12867060146382	22.904409231543337	0.8713293985361064	9.23930292322841	-4.149925058702962	0.003734855690267991
hmp_airskin_gtdb_source_abundance	19	base_uniform_a0.02	0.816793893129771	38.4721947163855	0.9639625365353102	99.12867060146382	27.20335977803858	0.8713293985361064	10.397505539810814	1.3072281043746798	-5.46338104359112e-05
hmp_airskin_gtdb_source_abundance	19	base_uniform_a0.05	0.816793893129771	40.896951486734515	0.9638705452787381	99.12867060146382	29.053042712367116	0.8713293985361064	10.972579375831298	3.7319848747236932	-0.00014662506700802158
hmp_airskin_gtdb_source_abundance	19	base_global_xny_a0.02	0.816793893129771	36.94208276071594	0.964472568108186	99.12867060146382	26.1537976544888	0.8713293985361064	9.916955707691029	-0.2228838512948812	0.00045539776243996855
hmp_airskin_gtdb_source_abundance	19	base_global_xny_a0.05	0.816793893129771	36.607756983773605	0.965136158676133	99.12867060146382	25.96522278970565	0.8713293985361064	9.771204795531837	-0.5572096282372172	0.0011189883303869275
hmp_airskin_gtdb_source_abundance	19	base_global_xny_a0.10	0.816793893129771	36.052430104819194	0.9661913507194102	99.12867060146382	25.652814097683198	0.8713293985361064	9.528286608599869	-1.1125365071916278	0.002174180373664125
hmp_airskin_gtdb_source_abundance	19	base_global_probability_a0.02	0.816793893129771	37.018297344091735	0.964286496091948	99.12867060146382	26.18136986691615	0.8713293985361064	9.965598078639513	-0.14666926791908708	0.000269325746201976
hmp_airskin_gtdb_source_abundance	19	base_global_probability_a0.05	0.816793893129771	36.800260101371684	0.9646719079479616	99.12867060146382	26.036119979932547	0.8713293985361064	9.892810722903047	-0.36470651063913806	0.0006547376022155715
hmp_airskin_gtdb_source_abundance	19	base_genus_xny_a0.02	0.816793893129771	36.98868693104698	0.9644140395150017	99.12867060146382	26.185755958023332	0.8713293985361064	9.931601574487537	-0.1762796809638445	0.0003968691692556314
hmp_airskin_gtdb_source_abundance	19	base_genus_xny_a0.05	0.816793893129771	36.735623252522345	0.9649947796235055	99.12867060146382	26.056474391463126	0.8713293985361064	9.80781946252313	-0.42934335948847746	0.0009776092777594725
hmp_airskin_gtdb_source_abundance	19	base_genus_xny_a0.10	0.816793893129771	36.407221167295894	0.9659241907200831	99.12867060146382	25.93437582617737	0.8713293985361064	9.601515942582441	-0.7577454447149279	0.0019070203743369873
hmp_airskin_gtdb_source_abundance	20	current_selected_abundance	0.8216216216216216	25.952986359054712	0.990482300426512	96.21106500952467	13.123119771750666	3.7889349904753336	9.040931596828722	0.0	0.0
hmp_airskin_gtdb_source_abundance	20	base_power_p0.90	0.8216216216216216	40.41722270515984	0.9842829986730159	96.21106500952467	26.238219340213796	3.7889349904753336	10.390068374470715	14.464236346105125	-0.006199301753496034
hmp_airskin_gtdb_source_abundance	20	base_power_p0.95	0.8216216216216216	32.94955224615923	0.9880601808085806	96.21106500952467	19.44006992576459	3.7889349904753336	9.72054732991931	6.996565887104516	-0.002422119617931373
hmp_airskin_gtdb_source_abundance	20	base_power_p1.05	0.8216216216216216	21.65191610343051	0.9918432859135667	96.21106500952467	9.502662065627133	3.7889349904753336	8.360319047328039	-4.301070255624204	0.0013609854870547666
hmp_airskin_gtdb_source_abundance	20	base_power_p1.10	0.8216216216216216	22.014660379955405	0.9923853786612674	96.21106500952467	10.537982542135413	3.7889349904753336	7.6877428473446585	-3.9383259790993073	0.0019030782347554398
hmp_airskin_gtdb_source_abundance	20	base_uniform_a0.02	0.8216216216216216	27.79978240256127	0.9904397806079742	96.21106500952467	14.584696711344721	3.7889349904753336	9.426150700741205	1.8467960435065578	-4.2519818537756215e-05
hmp_airskin_gtdb_source_abundance	20	base_uniform_a0.05	0.8216216216216216	30.600931138513367	0.9903713320523461	96.21106500952467	16.80801679142811	3.7889349904753336	10.00397935660993	4.647944779458655	-0.00011096837416590954
hmp_airskin_gtdb_source_abundance	20	base_global_xny_a0.02	0.8216216216216216	25.63702413021488	0.9906599069022587	96.21106500952467	12.923748589567657	3.7889349904753336	8.924340550171891	-0.31596222883983316	0.00017760647574671662
hmp_airskin_gtdb_source_abundance	20	base_global_xny_a0.05	0.8216216216216216	25.18351223752793	0.9909168404964781	96.21106500952467	12.645123266865962	3.7889349904753336	8.749453980186638	-0.769474121526784	0.00043454006996612726
hmp_airskin_gtdb_source_abundance	20	base_global_xny_a0.10	0.8216216216216216	24.44909844581386	0.991320541593902	96.21106500952467	12.202187091793968	3.7889349904753336	8.457976363544557	-1.5038879132408525	0.0008382411673900636
hmp_airskin_gtdb_source_abundance	20	base_global_probability_a0.02	0.8216216216216216	25.762893655347046	0.9906063008113013	96.21106500952467	12.997901926909424	3.7889349904753336	8.976056737962278	-0.1900927037076663	0.00012400038478932451
hmp_airskin_gtdb_source_abundance	20	base_global_probability_a0.05	0.8216216216216216	25.485341496444335	0.9907883830853038	96.21106500952467	12.817662056306398	3.7889349904753336	8.878744449662605	-0.46764486261037774	0.0003060826587918397
hmp_airskin_gtdb_source_abundance	20	base_genus_xny_a0.02	0.8216216216216216	25.8204475923283	0.9905921928837097	96.21106500952467	13.08152592626167	3.7889349904753336	8.949986675591292	-0.1325387667264124	0.00010989245719772445
hmp_airskin_gtdb_source_abundance	20	base_genus_xny_a0.05	0.8216216216216216	25.621639442238642	0.9907527935079391	96.21106500952467	13.019135158028158	3.7889349904753336	8.813569293735156	-0.3313469168160701	0.0002704930814271256
hmp_airskin_gtdb_source_abundance	20	base_genus_xny_a0.10	0.8216216216216216	25.29029252542258	0.9910092108814551	96.21106500952467	12.915150544305668	3.7889349904753336	8.586206990641584	-0.6626938336321331	0.0005269104549431303
hmp_airskin_gtdb_source_abundance	21	current_selected_abundance	0.8800000000000001	34.744967146761084	0.9626902136826683	99.99934878100613	18.16716530764038	0.0006512189938602438	16.577150620126844	0.0	0.0
hmp_airskin_gtdb_source_abundance	21	base_power_p0.90	0.8800000000000001	43.17320982887167	0.9513974854693926	99.99934878100613	25.564129525884482	0.0006512189938602438	17.608429083993343	8.428242682110586	-0.011292728213275649
hmp_airskin_gtdb_source_abundance	21	base_power_p0.95	0.8800000000000001	38.04780709689354	0.9574406463888357	99.99934878100613	20.935483409372175	0.0006512189938602438	17.111672468527516	3.3028399501324586	-0.005249567293832524
hmp_airskin_gtdb_source_abundance	21	base_power_p1.05	0.8800000000000001	33.300577546324774	0.9672065275016882	99.99934878100613	17.288538967768062	0.0006512189938602438	16.011387359562864	-1.4443896004363097	0.004516313819019957
hmp_airskin_gtdb_source_abundance	21	base_power_p1.10	0.8800000000000001	32.26278174867354	0.9710467863786533	99.99934878100613	16.84111036993966	0.0006512189938602438	15.421020159740017	-2.4821853980875446	0.008356572695984998
hmp_airskin_gtdb_source_abundance	21	base_uniform_a0.02	0.8800000000000001	35.83532720197657	0.9626659002496998	99.99934878100613	19.198824472819386	0.0006512189938602438	16.635851510163324	1.0903600552154842	-2.431343296849242e-05
hmp_airskin_gtdb_source_abundance	21	base_uniform_a0.05	0.8800000000000001	38.476301922837074	0.9626229684977222	99.99934878100613	21.751747858625148	0.0006512189938602438	16.72390284521807	3.7313347760759896	-6.724518494605203e-05
hmp_airskin_gtdb_source_abundance	21	base_global_xny_a0.02	0.8800000000000001	34.24738417168828	0.9636861769465462	99.99934878100613	17.895321090207627	0.0006512189938602438	16.351411862486795	-0.49758297507280247	0.0009959632638779636
hmp_airskin_gtdb_source_abundance	21	base_global_xny_a0.05	0.8800000000000001	33.51906762697062	0.9651142969564475	99.99934878100613	17.505612681950034	0.0006512189938602438	16.012803726026732	-1.2258995197904667	0.0024240832737791873
hmp_airskin_gtdb_source_abundance	21	base_global_xny_a0.10	0.8800000000000001	32.35455739627624	0.9673252489597642	99.99934878100613	16.905449345355766	0.0006512189938602438	15.448456831926617	-2.3904097504848423	0.004635035277095967
hmp_airskin_gtdb_source_abundance	21	base_global_probability_a0.02	0.8800000000000001	34.57795960962899	0.9631145813273466	99.99934878100613	18.087501224479674	0.0006512189938602438	16.48980716615547	-0.16700753713209338	0.0004243676446783473
hmp_airskin_gtdb_source_abundance	21	base_global_probability_a0.05	0.8800000000000001	34.32744830393082	0.9637429760783194	99.99934878100613	17.96800509973855	0.0006512189938602438	16.35879198519842	-0.41751884283026186	0.0010527623956511079
hmp_airskin_gtdb_source_abundance	21	base_genus_xny_a0.02	0.8800000000000001	34.44744980052468	0.9632388037003358	99.99934878100613	18.00364025131608	0.0006512189938602438	16.443158330214747	-0.297517346236404	0.000548590017667494
hmp_airskin_gtdb_source_abundance	21	base_genus_xny_a0.05	0.8800000000000001	34.01635850514001	0.9640145829946396	99.99934878100613	17.77353739079956	0.0006512189938602438	16.242169895346592	-0.7286086416210722	0.0013243693119713296
hmp_airskin_gtdb_source_abundance	21	base_genus_xny_a0.10	0.8800000000000001	33.37562122460123	0.9651837233634232	99.99934878100613	17.46778083504102	0.0006512189938602438	15.907189170566355	-1.3693459221598516	0.0024935096807549018
hmp_airskin_gtdb_source_abundance	22	current_selected_abundance	0.6440677966101696	20.64859084035799	0.9885915958918304	99.99199473159995	12.048019847048904	0.00800526840008274	8.592565724909006	0.0	0.0
hmp_airskin_gtdb_source_abundance	22	base_power_p0.90	0.6440677966101696	29.889033976622432	0.9828143358976528	99.99199473159995	19.966023230099918	0.00800526840008274	9.915005478122433	9.240443136264442	-0.005777259994177664
hmp_airskin_gtdb_source_abundance	22	base_power_p0.95	0.6440677966101696	25.168179866940793	0.9863919793240434	99.99199473159995	15.924959664925312	0.00800526840008274	9.235214933615392	4.519589026582803	-0.0021996165677869994
hmp_airskin_gtdb_source_abundance	22	base_power_p1.05	0.6440677966101696	17.238012209072245	0.9896357994039869	99.99199473159995	9.244176750319307	0.00800526840008274	7.985830190352853	-3.4105786312857447	0.0010442035121565052
hmp_airskin_gtdb_source_abundance	22	base_power_p1.10	0.6440677966101696	15.452872027899609	0.9897227981632388	99.99199473159995	8.031009969864417	0.00800526840008274	7.413856789635095	-5.195718812458381	0.0011312022714083936
hmp_airskin_gtdb_source_abundance	22	base_uniform_a0.02	0.6440677966101696	22.642071179141162	0.9885686608131496	99.99199473159995	13.213351500330251	0.00800526840008274	9.420714410410826	1.993480338783172	-2.2935078680785814e-05
hmp_airskin_gtdb_source_abundance	22	base_uniform_a0.05	0.6440677966101696	25.698655830688406	0.9885254411137193	99.99199473159995	15.027713123624764	0.00800526840008274	10.66293743866356	5.050064990330416	-6.615477811111603e-05
hmp_airskin_gtdb_source_abundance	22	base_global_xny_a0.02	0.6440677966101696	20.611277158481748	0.9887119634728264	99.99199473159995	12.087044775280601	0.00800526840008274	8.516227114801067	-0.037313681876241844	0.00012036758099598366
hmp_airskin_gtdb_source_abundance	22	base_global_xny_a0.05	0.6440677966101696	20.55530663566741	0.9888859462865939	99.99199473159995	12.145582167628174	0.00800526840008274	8.401719199639155	-0.09328420469057974	0.00029435039476344294
hmp_airskin_gtdb_source_abundance	22	base_global_xny_a0.10	0.6440677966101696	20.462022430976827	0.9891583747430064	99.99199473159995	12.243144488207445	0.00800526840008274	8.210872674369304	-0.18656840938116304	0.0005667788511759531
hmp_airskin_gtdb_source_abundance	22	base_global_probability_a0.02	0.6440677966101696	20.585401369263128	0.9887573132216005	99.99199473159995	12.04717864391408	0.00800526840008274	8.530217456948966	-0.06318947109486217	0.00016571732977010978
hmp_airskin_gtdb_source_abundance	22	base_global_probability_a0.05	0.6440677966101696	20.490617162620858	0.9890009154995715	99.99199473159995	12.045916839211872	0.00800526840008274	8.436695055008908	-0.15797367773713233	0.00040931960774104326
hmp_airskin_gtdb_source_abundance	22	base_genus_xny_a0.02	0.6440677966101696	20.566648151859738	0.9887742264546135	99.99199473159995	12.030778078789291	0.00800526840008274	8.527864804670365	-0.08194268849825193	0.00018263056278311485
hmp_airskin_gtdb_source_abundance	22	base_genus_xny_a0.05	0.6440677966101696	20.44373411911237	0.9890444803268154	99.99199473159995	12.004915426399881	0.00800526840008274	8.430813424312408	-0.20485672124561916	0.0004528844349849237
hmp_airskin_gtdb_source_abundance	22	base_genus_xny_a0.10	0.6440677966101696	20.238877397866744	0.9894850818671564	99.99199473159995	11.961811005750857	0.00800526840008274	8.269061123715812	-0.4097134424912454	0.0008934859753260138
hmp_airskin_gtdb_source_abundance	23	current_selected_abundance	0.8985507246376813	28.419231919115372	0.9844470248065242	92.67101285196627	17.005002667319918	7.328987148033696	4.085242103761757	0.0	0.0
hmp_airskin_gtdb_source_abundance	23	base_power_p0.90	0.8985507246376813	36.81817100371039	0.9820409749445471	92.67101285196627	24.256636928790666	7.328987148033696	5.232546926886035	8.398939084595018	-0.002406049861977122
hmp_airskin_gtdb_source_abundance	23	base_power_p0.95	0.8985507246376813	31.113370004234387	0.9835645347689955	92.67101285196627	19.147433530643916	7.328987148033696	4.636949325556771	2.6941380851190146	-0.0008824900375287159
hmp_airskin_gtdb_source_abundance	23	base_power_p1.05	0.8985507246376813	29.391125054156316	0.9848095511854392	92.67101285196627	18.48206654576669	7.328987148033696	3.5800713603559307	0.9718931350409434	0.0003625263789149846
hmp_airskin_gtdb_source_abundance	23	base_power_p1.10	0.8985507246376813	31.319256659011085	0.9847512635125416	92.67101285196627	20.867952944039537	7.328987148033696	3.122316566937859	2.900024739895713	0.0003042387060173679
hmp_airskin_gtdb_source_abundance	23	base_uniform_a0.02	0.8985507246376813	28.37425250229276	0.9842915097173264	92.67101285196627	16.763950314794766	7.328987148033696	4.281315039464297	-0.044979416822613416	-0.00015551508919786627
hmp_airskin_gtdb_source_abundance	23	base_uniform_a0.05	0.8985507246376813	30.226144288698485	0.984041506369775	92.67101285196627	18.321732697646674	7.328987148033696	4.575424443018112	1.806912369583113	-0.000405518436749186
hmp_airskin_gtdb_source_abundance	23	base_global_xny_a0.02	0.8985507246376813	28.4255775051812	0.9845200414237767	92.67101285196627	17.07815677674249	7.328987148033696	4.018433580405014	0.006345586065826581	7.301661725245268e-05
hmp_airskin_gtdb_source_abundance	23	base_global_xny_a0.05	0.8985507246376813	28.43509588427996	0.984624242175109	92.67101285196627	17.18788794087635	7.328987148033696	3.9182207953699013	0.015863965164587768	0.0001772173685847811
hmp_airskin_gtdb_source_abundance	23	base_global_xny_a0.10	0.8985507246376813	28.45095984944455	0.9847840254290504	92.67101285196627	17.370773214432816	7.328987148033696	3.751199486978046	0.03172793032917909	0.00033700062252617347
hmp_airskin_gtdb_source_abundance	23	base_global_probability_a0.02	0.8985507246376813	28.415983679074913	0.9845070607603162	92.67101285196627	17.047021599359496	7.328987148033696	4.039974931681723	-0.003248240040459649	6.003595379200366e-05
hmp_airskin_gtdb_source_abundance	23	base_global_probability_a0.05	0.8985507246376813	28.41111131901427	0.9845930133908123	92.67101285196627	17.110049997418898	7.328987148033696	3.9720741735616723	-0.00812060010110116	0.00014598858428804817
hmp_airskin_gtdb_source_abundance	23	base_genus_xny_a0.02	0.8985507246376813	28.40906489687963	0.984480332841495	92.67101285196627	17.05199708800613	7.328987148033696	4.028080660839814	-0.010167022235741285	3.3308034970813694e-05
hmp_airskin_gtdb_source_abundance	23	base_genus_xny_a0.05	0.8985507246376813	28.393814363526033	0.9845282408249696	92.67101285196627	17.122488719035438	7.328987148033696	3.9423384964569013	-0.025417555589339003	8.121601844535142e-05
hmp_airskin_gtdb_source_abundance	23	base_genus_xny_a0.10	0.8985507246376813	28.368396807936687	0.9846026403406619	92.67101285196627	17.239974770750955	7.328987148033696	3.799434889152045	-0.05083511117868511	0.00015561553413767637
hmp_airskin_gtdb_source_abundance	24	current_selected_abundance	0.9285714285714286	13.482402814139544	0.9950654879951978	98.93724559674385	11.784912262950629	1.062754403256151	0.6347361479327627	0.0	0.0
hmp_airskin_gtdb_source_abundance	24	base_power_p0.90	0.9285714285714286	21.555214487414077	0.9917818517392095	98.93724559674385	19.67639929379443	1.062754403256151	0.8160607903634947	8.072811673274533	-0.003283636255988265
hmp_airskin_gtdb_source_abundance	24	base_power_p0.95	0.9285714285714286	17.17258647463339	0.9937252956468885	98.93724559674385	15.38900253276459	1.062754403256151	0.7208295386126518	3.6901836604938474	-0.0013401923483092881
hmp_airskin_gtdb_source_abundance	24	base_power_p1.05	0.9285714285714286	10.138431127458002	0.9958802565885198	98.93724559674385	8.518381000867073	1.062754403256151	0.5572957233347753	-3.3439716866815417	0.0008147685933219684
hmp_airskin_gtdb_source_abundance	24	base_power_p1.10	0.9285714285714286	9.106141190556539	0.9962340697028789	98.93724559674385	7.555420312848707	1.062754403256151	0.48796647445167673	-4.376261623583005	0.0011685817076810823
hmp_airskin_gtdb_source_abundance	24	base_uniform_a0.02	0.9285714285714286	15.166746974388797	0.9948668299385156	98.93724559674385	13.40539553616344	1.062754403256151	0.6985970349692079	1.6843441602492533	-0.00019865805668217718
hmp_airskin_gtdb_source_abundance	24	base_uniform_a0.05	0.9285714285714286	17.867603911174477	0.9945110773989733	98.93724559674385	16.010461142394444	1.062754403256151	0.7943883655238755	4.385201097034933	-0.0005544105962245194
hmp_airskin_gtdb_source_abundance	24	base_global_xny_a0.02	0.9285714285714286	13.53952815876163	0.9950188526056446	98.93724559674385	11.850085612217407	1.062754403256151	0.6266881432880654	0.057125344622086516	-4.663538955318458e-05
hmp_airskin_gtdb_source_abundance	24	base_global_xny_a0.05	0.9285714285714286	13.625216175694726	0.9949327404182333	98.93724559674385	11.947845636117554	1.062754403256151	0.61461613632102	0.14281336155518254	-0.00013274757696446482
hmp_airskin_gtdb_source_abundance	24	base_global_xny_a0.10	0.9285714285714286	13.768029537249937	0.9947463388065598	98.93724559674385	12.110779009284508	1.062754403256151	0.5944961247092769	0.2856267231103935	-0.00031914918863795716
hmp_airskin_gtdb_source_abundance	24	base_global_probability_a0.02	0.9285714285714286	13.46601703436004	0.995122290143212	98.93724559674385	11.774203047945466	1.062754403256151	0.6290595831584181	-0.016385779779504617	5.680214801417893e-05
hmp_airskin_gtdb_source_abundance	24	base_global_probability_a0.05	0.9285714285714286	13.441438364690772	0.9952018556911264	98.93724559674385	11.758139225437713	1.062754403256151	0.6205447359969016	-0.0409644494487722	0.00013636769592861864
hmp_airskin_gtdb_source_abundance	24	base_genus_xny_a0.02	0.9285714285714286	13.482684196033414	0.9951027230736417	98.93724559674385	11.790434497231866	1.062754403256151	0.6294952955453958	0.0002813818938705026	3.723507844388685e-05
hmp_airskin_gtdb_source_abundance	24	base_genus_xny_a0.05	0.9285714285714286	13.483106268874225	0.9951569134730365	98.93724559674385	11.79871784865373	1.062754403256151	0.6216340169643454	0.0007034547346815856	9.142547783869137e-05
hmp_airskin_gtdb_source_abundance	24	base_genus_xny_a0.10	0.9285714285714286	13.483809723608916	0.9952428093307008	98.93724559674385	11.812523434356834	1.062754403256151	0.608531885995928	0.001406909469372053	0.0001773213355029668
hmp_airskin_gtdb_source_abundance	25	current_selected_abundance	0.73015873015873	23.826526371447144	0.9845564248854467	97.64243614931253	12.436010587098956	2.3575638506874337	9.032951933660772	0.0	0.0
hmp_airskin_gtdb_source_abundance	25	base_power_p0.90	0.73015873015873	33.38956144497476	0.9793018792202247	97.64243614931253	20.822498931083313	2.3575638506874337	10.209498663204025	9.563035073527615	-0.005254545665221988
hmp_airskin_gtdb_source_abundance	25	base_power_p0.95	0.73015873015873	28.365872850258413	0.9825338129367557	97.64243614931253	16.392405367861038	2.3575638506874337	9.615903631709953	4.539346478811268	-0.002022611948691022
hmp_airskin_gtdb_source_abundance	25	base_power_p1.05	0.73015873015873	21.15013499117776	0.9855813496955976	97.64243614931253	10.32957589200622	2.3575638506874337	8.462995248484097	-2.676391380269383	0.001024924810150929
hmp_airskin_gtdb_source_abundance	25	base_power_p1.10	0.73015873015873	21.26231095156243	0.9857865122828047	97.64243614931253	10.996320433501513	2.3575638506874337	7.908426667373475	-2.5642154198847145	0.0012300873973579707
hmp_airskin_gtdb_source_abundance	25	base_uniform_a0.02	0.73015873015873	25.840880874078785	0.9844388455257732	97.64243614931253	13.817152137131048	2.3575638506874337	9.666164886260328	2.0143545026316403	-0.00011757935967349198
hmp_airskin_gtdb_source_abundance	25	base_uniform_a0.05	0.73015873015873	29.06168889230068	0.9842449383155952	97.64243614931253	16.088140726453588	2.3575638506874337	10.61598431515966	5.235162520853535	-0.0003114865698514713
hmp_airskin_gtdb_source_abundance	25	base_global_xny_a0.02	0.73015873015873	23.542937234400355	0.9849287475934446	97.64243614931253	12.279760240915952	2.3575638506874337	8.905613142796973	-0.2835891370467891	0.00037232270799791856
hmp_airskin_gtdb_source_abundance	25	base_global_xny_a0.05	0.73015873015873	23.14418098891514	0.9854502759770581	97.64243614931253	12.072012181726427	2.3575638506874337	8.71460495650128	-0.6823453825320058	0.0008938510916114417
hmp_airskin_gtdb_source_abundance	25	base_global_xny_a0.10	0.73015873015873	22.541421213713697	0.9862228656667161	97.64243614931253	11.787599383684476	2.3575638506874337	8.396257979341788	-1.2851051577334474	0.0016664407812694293
hmp_airskin_gtdb_source_abundance	25	base_global_probability_a0.02	0.73015873015873	23.629171557309675	0.9847108732125424	97.64243614931253	12.319489415858866	2.3575638506874337	8.952118290763385	-0.19735481413746925	0.0001544483270956576
hmp_airskin_gtdb_source_abundance	25	base_global_probability_a0.05	0.73015873015873	23.333139336103475	0.9849273300598673	97.64243614931253	12.144707658998739	2.3575638506874337	8.830867826417299	-0.49338703534366957	0.00037090517442062154
hmp_airskin_gtdb_source_abundance	25	base_genus_xny_a0.02	0.73015873015873	23.656528846210968	0.9849030969345003	97.64243614931253	12.372018962844995	2.3575638506874337	8.926946032678552	-0.16999752523617673	0.00034667204905358684
hmp_airskin_gtdb_source_abundance	25	base_genus_xny_a0.05	0.73015873015873	23.43369506497274	0.9854040458010735	97.64243614931253	12.308194033080092	2.3575638506874337	8.767937181205227	-0.392831306474406	0.0008476209156268455
hmp_airskin_gtdb_source_abundance	25	base_genus_xny_a0.10	0.73015873015873	23.132422349146026	0.9861887281827386	97.64243614931253	12.271936069708921	2.3575638506874337	8.502922428749677	-0.6941040223011186	0.001632303297291915
hmp_airskin_gtdb_source_abundance	28	current_selected_abundance	0.888888888888889	18.352633533107536	0.9890339281762488	100.0	10.977119798332403	0.0	7.375513734775134	0.0	0.0
hmp_airskin_gtdb_source_abundance	28	base_power_p0.90	0.888888888888889	24.45602200609882	0.986869537525048	100.0	16.186190357342788	0.0	8.269831648756035	6.103388472991284	-0.002164390651200776
hmp_airskin_gtdb_source_abundance	28	base_power_p0.95	0.888888888888889	20.715501902243265	0.9881403499851686	100.0	12.898674365117916	0.0	7.816827537125351	2.362868369135729	-0.0008935781910801577
hmp_airskin_gtdb_source_abundance	28	base_power_p1.05	0.888888888888889	16.57901557212204	0.9896201652095507	100.0	9.632953266281163	0.0	6.946062305840874	-1.7736179609854972	0.0005862370333018507
hmp_airskin_gtdb_source_abundance	28	base_power_p1.10	0.888888888888889	16.849592776896042	0.9899583150255037	100.0	10.320764600530627	0.0	6.528828176365415	-1.5030407562114938	0.0009243868492548879
hmp_airskin_gtdb_source_abundance	28	base_uniform_a0.02	0.888888888888889	18.99844143805441	0.9890339281762491	100.0	11.370437977974776	0.0	7.628003460079635	0.6458079049468743	3.3306690738754696e-16
hmp_airskin_gtdb_source_abundance	28	base_uniform_a0.05	0.888888888888889	19.967153295474763	0.989033928176249	100.0	11.960415247438386	0.0	8.00673804803638	1.6145197623672267	2.220446049250313e-16
hmp_airskin_gtdb_source_abundance	28	base_global_xny_a0.02	0.888888888888889	18.224707538107104	0.9892049595848175	100.0	10.922334726927222	0.0	7.302372811179883	-0.12792599500043167	0.00017103140856866705
hmp_airskin_gtdb_source_abundance	28	base_global_xny_a0.05	0.888888888888889	18.0600253374913	0.9894498344036009	100.0	10.867363911704299	0.0	7.192661425787006	-0.29260819561623563	0.00041590622735210303
hmp_airskin_gtdb_source_abundance	28	base_global_xny_a0.10	0.888888888888889	17.785555003131613	0.9898277025794479	100.0	10.775745886332741	0.0	7.009809116798875	-0.5670785299759231	0.0007937744031990546
hmp_airskin_gtdb_source_abundance	28	base_global_probability_a0.02	0.888888888888889	18.16672665551048	0.98930173909264	100.0	10.879982841653483	0.0	7.2867438138569955	-0.1859068775970556	0.0002678109163911646
hmp_airskin_gtdb_source_abundance	28	base_global_probability_a0.05	0.888888888888889	17.887866339114897	0.9896759799233589	100.0	10.734277406635114	0.0	7.153588932479786	-0.464767193992639	0.0006420517471100728
hmp_airskin_gtdb_source_abundance	28	base_genus_xny_a0.02	0.888888888888889	18.279775104550957	0.9892154397942409	100.0	10.976158484309323	0.0	7.303616620241633	-0.07285842855657876	0.0001815116179920695
hmp_airskin_gtdb_source_abundance	28	base_genus_xny_a0.05	0.888888888888889	18.170487461716107	0.9894800510381204	100.0	10.974716513274725	0.0	7.195770948441379	-0.18214607139142913	0.00044612286187162287
hmp_airskin_gtdb_source_abundance	28	base_genus_xny_a0.10	0.888888888888889	17.988341390324667	0.989900907732795	100.0	10.972313228217038	0.0	7.016028162107628	-0.3642921427828689	0.0008669795565462435
hmp_gastrooral_gtdb_source_abundance	0	current_selected_abundance	0.9565217391304348	14.879895462236432	0.9819928784641776	99.99815934959453	13.927146850287949	0.0018406504054777999	0.950907961542998	0.0	0.0
hmp_gastrooral_gtdb_source_abundance	0	base_power_p0.90	0.9565217391304348	22.562034809178574	0.976037354345128	99.99815934959453	21.3592347293129	0.0018406504054777999	1.2009594294602028	7.682139346942142	-0.005955524119049649
hmp_gastrooral_gtdb_source_abundance	0	base_power_p0.95	0.9565217391304348	18.227726220135086	0.9795099728756762	99.99815934959453	17.15558585479989	0.0018406504054777999	1.0702997149297173	3.347830757898654	-0.002482905588501394
hmp_gastrooral_gtdb_source_abundance	0	base_power_p1.05	0.9565217391304348	13.884441074959097	0.9835807694490278	99.99815934959453	13.04027026213466	0.0018406504054777999	0.842330162418962	-0.9954543872773343	0.0015878909848502376
hmp_gastrooral_gtdb_source_abundance	0	base_power_p1.10	0.9565217391304348	15.178118207629044	0.9843680566855952	99.99815934959453	14.43224259349997	0.0018406504054777999	0.744034963723594	0.2982227453926125	0.00237517822141764
hmp_gastrooral_gtdb_source_abundance	0	base_uniform_a0.02	0.9565217391304348	16.33470361309116	0.9821105811176797	99.99815934959453	15.290322123977216	0.0018406504054777999	1.042540838708473	1.4548081508547295	0.00011770265350208309
hmp_gastrooral_gtdb_source_abundance	0	base_uniform_a0.05	0.9565217391304348	19.3172298800586	0.9822832676084965	99.99815934959453	18.135399075196432	0.0018406504054777999	1.1799901544566855	4.43733441782217	0.0002903891443188922
hmp_gastrooral_gtdb_source_abundance	0	base_global_xny_a0.02	0.9565217391304348	14.85725906909413	0.9819799491859813	99.99815934959453	13.911848637452293	0.0018406504054777999	0.9435697812363631	-0.02263639314230126	-1.2929278196294192e-05
hmp_gastrooral_gtdb_source_abundance	0	base_global_xny_a0.05	0.9565217391304348	14.823304479380653	0.9819597761831672	99.99815934959453	13.88890131819876	0.0018406504054777999	0.932562510776411	-0.056590982855778904	-3.31022810103887e-05
hmp_gastrooral_gtdb_source_abundance	0	base_global_xny_a0.10	0.9565217391304348	14.78081645342668	0.981924096116129	99.99815934959453	13.864758743011379	0.0018406504054777999	0.9142170600098245	-0.09907900880975085	-6.878234804863492e-05
hmp_gastrooral_gtdb_source_abundance	0	base_global_probability_a0.02	0.9565217391304348	14.890405690826578	0.9818918880981575	99.99815934959453	13.946081424681726	0.0018406504054777999	0.9424836157393741	0.010510228590145942	-0.00010099036602007061
hmp_gastrooral_gtdb_source_abundance	0	base_global_probability_a0.05	0.9565217391304348	14.906324580914887	0.981737042923585	99.99815934959453	13.974636833475465	0.0018406504054777999	0.9298470970339383	0.026429118678455765	-0.00025583554059260827
hmp_gastrooral_gtdb_source_abundance	0	base_genus_xny_a0.02	0.9565217391304348	14.898720717795422	0.9819232605013146	99.99815934959453	13.946693145953867	0.0018406504054777999	0.9501869214360756	0.018825255558990506	-6.961796286297783e-05
hmp_gastrooral_gtdb_source_abundance	0	base_genus_xny_a0.05	0.9565217391304348	14.926958601133933	0.9818183364542122	99.99815934959453	13.976012589452761	0.0018406504054777999	0.9491053612756916	0.04706313889750113	-0.00017454200996536162
hmp_gastrooral_gtdb_source_abundance	0	base_genus_xny_a0.10	0.9565217391304348	14.976951379392013	0.9816421388147718	99.99815934959453	14.027807967978138	0.0018406504054777999	0.9473027610083855	0.09705591715558093	-0.0003507396494057957
hmp_gastrooral_gtdb_source_abundance	6	current_selected_abundance	0.9090909090909091	77.83598901257044	0.8105695195652595	99.99699056715691	74.1475898351248	0.0030094328430971713	3.685389744602527	0.0	0.0
hmp_gastrooral_gtdb_source_abundance	6	base_power_p0.90	0.9090909090909091	81.04454525393237	0.7988600444491792	99.99699056715691	76.87417315154549	0.0030094328430971713	4.167362669543783	3.208556241361933	-0.011709475116080226
hmp_gastrooral_gtdb_source_abundance	6	base_power_p0.95	0.9090909090909091	79.44647548383273	0.8050691640353717	99.99699056715691	75.52512579568139	0.0030094328430971713	3.918340255308243	1.6104864712622913	-0.005500355529887813
hmp_gastrooral_gtdb_source_abundance	6	base_power_p1.05	0.9090909090909091	76.23577778877899	0.8154255278198779	99.99699056715691	72.76561002225917	0.0030094328430971713	3.4671583336767267	-1.6002112237914474	0.004856008254618405
hmp_gastrooral_gtdb_source_abundance	6	base_power_p1.10	0.9090909090909091	74.70204594974624	0.8196938141510861	99.99699056715691	71.4366154979896	0.0030094328430971713	3.2624210189135314	-3.1339430628242013	0.009124294585826642
hmp_gastrooral_gtdb_source_abundance	6	base_uniform_a0.02	0.9090909090909091	78.35442981149325	0.8104162648877028	99.99699056715691	74.46718122482835	0.0030094328430971713	3.8842391538217917	0.5184407989228106	-0.000153254677556669
hmp_gastrooral_gtdb_source_abundance	6	base_uniform_a0.05	0.9090909090909091	79.15246411852772	0.8101581979522584	99.99699056715691	74.96694141803395	0.0030094328430971713	4.182513267650688	1.3164751059572808	-0.00041132161300105885
hmp_gastrooral_gtdb_source_abundance	6	base_global_xny_a0.02	0.9090909090909091	77.8405730400428	0.8103746258416546	99.99699056715691	74.19868244250713	0.0030094328430971713	3.638881164692545	0.00458402747236164	-0.0001948937236048165
hmp_gastrooral_gtdb_source_abundance	6	base_global_xny_a0.05	0.9090909090909091	77.84744908125127	0.8100681091201144	99.99699056715691	74.27532135358061	0.0030094328430971713	3.5691182948275704	0.011460068680833047	-0.0005014104451450674
hmp_gastrooral_gtdb_source_abundance	6	base_global_xny_a0.10	0.9090909090909091	77.85890914993206	0.8095202630001274	99.99699056715691	74.40305287203637	0.0030094328430971713	3.4528468450526115	0.02292013736162346	-0.0010492565651321062
hmp_gastrooral_gtdb_source_abundance	6	base_global_probability_a0.02	0.9090909090909091	77.84304433986154	0.8106200907367651	99.99699056715691	74.19724124478739	0.0030094328430971713	3.6427936622310524	0.007055327291098479	5.0571171505642276e-05
hmp_gastrooral_gtdb_source_abundance	6	base_global_probability_a0.05	0.9090909090909091	77.88881760592741	0.8106813777471422	99.99699056715691	74.30690863441045	0.0030094328430971713	3.5788995386738383	0.05282859335697765	0.00011185818188275132
hmp_gastrooral_gtdb_source_abundance	6	base_genus_xny_a0.02	0.9090909090909091	77.75190375894525	0.8113166495054045	99.99699056715691	74.1067005035591	0.0030094328430971713	3.6421938225430472	-0.08408525362519015	0.0007471299401450304
hmp_gastrooral_gtdb_source_abundance	6	base_genus_xny_a0.05	0.9090909090909091	77.62577587850744	0.8124221224360493	99.99699056715691	74.04536650621051	0.0030094328430971713	3.5773999394538265	-0.2102131340629967	0.0018526028707898101
hmp_gastrooral_gtdb_source_abundance	6	base_genus_xny_a0.10	0.9090909090909091	77.41556274444441	0.8142244561071039	99.99699056715691	73.94314317729621	0.0030094328430971713	3.4694101343051233	-0.4204262681260218	0.0036549365418444557
