method	rule_type	feature1	op1	threshold1	feature2	op2	threshold2	sample_count	switched_samples	mean_sample_delta_L1_pp	max_sample_worse_L1_pp	improved_samples	worsened_samples	mean_panel_delta_L1_pp	max_panel_worse_L1_pp	improved_panels	worsened_panels
genus_raw_mean_breadth_a0.02	single	n_candidate_calls	>=	0.0				32	32	-0.3283750726177751	0.0657421792239674	30	2	-0.18748200078734353	-0.0803806831552573	4	0
genus_raw_mean_breadth_a0.02	single	candidate_call_frac	>=	0.0				32	32	-0.3283750726177751	0.0657421792239674	30	2	-0.18748200078734353	-0.0803806831552573	4	0
genus_raw_mean_breadth_a0.02	single	candidate_raw_frac	>=	0.0				32	32	-0.3283750726177751	0.0657421792239674	30	2	-0.18748200078734353	-0.0803806831552573	4	0
genus_raw_mean_breadth_a0.02	single	u_zip_median	<=	1.0				32	32	-0.3283750726177751	0.0657421792239674	30	2	-0.18748200078734353	-0.0803806831552573	4	0
genus_raw_mean_breadth_a0.02	single	probability_min	>=	0.0				32	32	-0.3283750726177751	0.0657421792239674	30	2	-0.18748200078734353	-0.0803806831552573	4	0
genus_raw_mean_breadth_a0.02	single	reported_ani_median	<=	1.0				32	32	-0.3283750726177751	0.0657421792239674	30	2	-0.18748200078734353	-0.0803806831552573	4	0
genus_raw_mean_breadth_a0.02	two_feature_and	n_candidate_calls	>=	0.0	candidate_call_frac	>=	0.0	32	32	-0.3283750726177751	0.0657421792239674	30	2	-0.18748200078734353	-0.0803806831552573	4	0
genus_raw_mean_breadth_a0.02	two_feature_and	n_candidate_calls	>=	0.0	candidate_raw_frac	>=	0.0	32	32	-0.3283750726177751	0.0657421792239674	30	2	-0.18748200078734353	-0.0803806831552573	4	0
genus_raw_mean_breadth_a0.02	two_feature_and	n_candidate_calls	>=	0.0	u_zip_median	<=	1.0	32	32	-0.3283750726177751	0.0657421792239674	30	2	-0.18748200078734353	-0.0803806831552573	4	0
genus_raw_mean_breadth_a0.02	two_feature_and	n_candidate_calls	>=	0.0	probability_min	>=	0.0	32	32	-0.3283750726177751	0.0657421792239674	30	2	-0.18748200078734353	-0.0803806831552573	4	0
genus_raw_mean_breadth_a0.02	two_feature_and	n_candidate_calls	>=	0.0	reported_ani_median	<=	1.0	32	32	-0.3283750726177751	0.0657421792239674	30	2	-0.18748200078734353	-0.0803806831552573	4	0
genus_raw_mean_breadth_a0.02	two_feature_and	candidate_call_frac	>=	0.0	candidate_raw_frac	>=	0.0	32	32	-0.3283750726177751	0.0657421792239674	30	2	-0.18748200078734353	-0.0803806831552573	4	0
genus_raw_mean_breadth_a0.02	two_feature_and	candidate_call_frac	>=	0.0	u_zip_median	<=	1.0	32	32	-0.3283750726177751	0.0657421792239674	30	2	-0.18748200078734353	-0.0803806831552573	4	0
genus_raw_mean_breadth_a0.02	two_feature_and	candidate_call_frac	>=	0.0	probability_min	>=	0.0	32	32	-0.3283750726177751	0.0657421792239674	30	2	-0.18748200078734353	-0.0803806831552573	4	0
genus_raw_mean_breadth_a0.02	two_feature_and	candidate_call_frac	>=	0.0	reported_ani_median	<=	1.0	32	32	-0.3283750726177751	0.0657421792239674	30	2	-0.18748200078734353	-0.0803806831552573	4	0
genus_raw_mean_breadth_a0.02	two_feature_and	candidate_raw_frac	>=	0.0	u_zip_median	<=	1.0	32	32	-0.3283750726177751	0.0657421792239674	30	2	-0.18748200078734353	-0.0803806831552573	4	0
genus_raw_mean_breadth_a0.02	two_feature_and	candidate_raw_frac	>=	0.0	probability_min	>=	0.0	32	32	-0.3283750726177751	0.0657421792239674	30	2	-0.18748200078734353	-0.0803806831552573	4	0
genus_raw_mean_breadth_a0.02	two_feature_and	candidate_raw_frac	>=	0.0	reported_ani_median	<=	1.0	32	32	-0.3283750726177751	0.0657421792239674	30	2	-0.18748200078734353	-0.0803806831552573	4	0
genus_raw_mean_breadth_a0.02	two_feature_and	u_zip_median	<=	1.0	probability_min	>=	0.0	32	32	-0.3283750726177751	0.0657421792239674	30	2	-0.18748200078734353	-0.0803806831552573	4	0
genus_raw_mean_breadth_a0.02	two_feature_and	u_zip_median	<=	1.0	reported_ani_median	<=	1.0	32	32	-0.3283750726177751	0.0657421792239674	30	2	-0.18748200078734353	-0.0803806831552573	4	0
genus_raw_mean_breadth_a0.02	two_feature_and	probability_min	>=	0.0	reported_ani_median	<=	1.0	32	32	-0.3283750726177751	0.0657421792239674	30	2	-0.18748200078734353	-0.0803806831552573	4	0
genus_raw_mean_breadth_a0.02	single	max_species_per_genus	>=	5.0				32	31	-0.32374362403532253	0.0657421792239674	29	2	-0.18593818459319267	-0.0803806831552573	4	0
genus_raw_mean_breadth_a0.02	two_feature_and	n_candidate_calls	>=	0.0	max_species_per_genus	>=	5.0	32	31	-0.32374362403532253	0.0657421792239674	29	2	-0.18593818459319267	-0.0803806831552573	4	0
genus_raw_mean_breadth_a0.02	two_feature_and	candidate_call_frac	>=	0.0	max_species_per_genus	>=	5.0	32	31	-0.32374362403532253	0.0657421792239674	29	2	-0.18593818459319267	-0.0803806831552573	4	0
genus_raw_mean_breadth_a0.02	two_feature_and	candidate_raw_frac	>=	0.0	max_species_per_genus	>=	5.0	32	31	-0.32374362403532253	0.0657421792239674	29	2	-0.18593818459319267	-0.0803806831552573	4	0
genus_raw_mean_breadth_a0.02	two_feature_and	u_zip_median	<=	1.0	max_species_per_genus	>=	5.0	32	31	-0.32374362403532253	0.0657421792239674	29	2	-0.18593818459319267	-0.0803806831552573	4	0
genus_raw_mean_breadth_a0.02	two_feature_and	probability_min	>=	0.0	max_species_per_genus	>=	5.0	32	31	-0.32374362403532253	0.0657421792239674	29	2	-0.18593818459319267	-0.0803806831552573	4	0
genus_raw_mean_breadth_a0.02	two_feature_and	reported_ani_median	<=	1.0	max_species_per_genus	>=	5.0	32	31	-0.32374362403532253	0.0657421792239674	29	2	-0.18593818459319267	-0.0803806831552573	4	0
genus_raw_mean_breadth_a0.02	single	base_mass_multi_genus_frac	>=	0.37501510201405147				32	28	-0.3222578033264007	0.0657421792239674	27	1	-0.18606544163506217	-0.08322653737930351	4	0
genus_raw_mean_breadth_a0.02	two_feature_and	n_candidate_calls	>=	0.0	base_mass_multi_genus_frac	>=	0.37501510201405147	32	28	-0.3222578033264007	0.0657421792239674	27	1	-0.18606544163506217	-0.08322653737930351	4	0
genus_raw_mean_breadth_a0.02	two_feature_and	candidate_call_frac	>=	0.0	base_mass_multi_genus_frac	>=	0.37501510201405147	32	28	-0.3222578033264007	0.0657421792239674	27	1	-0.18606544163506217	-0.08322653737930351	4	0
genus_raw_mean_breadth_a0.02	two_feature_and	candidate_raw_frac	>=	0.0	base_mass_multi_genus_frac	>=	0.37501510201405147	32	28	-0.3222578033264007	0.0657421792239674	27	1	-0.18606544163506217	-0.08322653737930351	4	0
genus_raw_mean_breadth_a0.02	two_feature_and	u_zip_median	<=	1.0	base_mass_multi_genus_frac	>=	0.37501510201405147	32	28	-0.3222578033264007	0.0657421792239674	27	1	-0.18606544163506217	-0.08322653737930351	4	0
genus_raw_mean_breadth_a0.02	two_feature_and	probability_min	>=	0.0	base_mass_multi_genus_frac	>=	0.37501510201405147	32	28	-0.3222578033264007	0.0657421792239674	27	1	-0.18606544163506217	-0.08322653737930351	4	0
genus_raw_mean_breadth_a0.02	two_feature_and	reported_ani_median	<=	1.0	base_mass_multi_genus_frac	>=	0.37501510201405147	32	28	-0.3222578033264007	0.0657421792239674	27	1	-0.18606544163506217	-0.08322653737930351	4	0
genus_raw_mean_breadth_a0.02	two_feature_and	max_species_per_genus	>=	5.0	base_mass_multi_genus_frac	>=	0.37501510201405147	32	28	-0.3222578033264007	0.0657421792239674	27	1	-0.18606544163506217	-0.08322653737930351	4	0
genus_raw_mean_breadth_a0.02	single	candidate_raw_frac	<=	0.02061305909024072				32	28	-0.32016499063396103	0.0657421792239674	27	1	-0.16468925824649444	0.0	3	0
genus_raw_mean_breadth_a0.02	two_feature_and	n_candidate_calls	>=	0.0	candidate_raw_frac	<=	0.02061305909024072	32	28	-0.32016499063396103	0.0657421792239674	27	1	-0.16468925824649444	0.0	3	0
genus_raw_mean_breadth_a0.02	two_feature_and	candidate_call_frac	>=	0.0	candidate_raw_frac	<=	0.02061305909024072	32	28	-0.32016499063396103	0.0657421792239674	27	1	-0.16468925824649444	0.0	3	0
genus_raw_mean_breadth_a0.02	two_feature_and	candidate_raw_frac	>=	0.0	candidate_raw_frac	<=	0.02061305909024072	32	28	-0.32016499063396103	0.0657421792239674	27	1	-0.16468925824649444	0.0	3	0
genus_raw_mean_breadth_a0.02	two_feature_and	u_zip_median	<=	1.0	candidate_raw_frac	<=	0.02061305909024072	32	28	-0.32016499063396103	0.0657421792239674	27	1	-0.16468925824649444	0.0	3	0
genus_raw_mean_breadth_a0.02	two_feature_and	probability_min	>=	0.0	candidate_raw_frac	<=	0.02061305909024072	32	28	-0.32016499063396103	0.0657421792239674	27	1	-0.16468925824649444	0.0	3	0
genus_raw_mean_breadth_a0.02	two_feature_and	reported_ani_median	<=	1.0	candidate_raw_frac	<=	0.02061305909024072	32	28	-0.32016499063396103	0.0657421792239674	27	1	-0.16468925824649444	0.0	3	0
genus_raw_mean_breadth_a0.02	single	u_zip_median	>=	0.7228884				32	28	-0.31894658076632265	0.0657421792239674	27	1	-0.16233935585013692	-0.0809191936244223	4	0
genus_raw_mean_breadth_a0.02	two_feature_and	n_candidate_calls	>=	0.0	u_zip_median	>=	0.7228884	32	28	-0.31894658076632265	0.0657421792239674	27	1	-0.16233935585013692	-0.0809191936244223	4	0
genus_raw_mean_breadth_a0.02	two_feature_and	candidate_call_frac	>=	0.0	u_zip_median	>=	0.7228884	32	28	-0.31894658076632265	0.0657421792239674	27	1	-0.16233935585013692	-0.0809191936244223	4	0
genus_raw_mean_breadth_a0.02	two_feature_and	candidate_raw_frac	>=	0.0	u_zip_median	>=	0.7228884	32	28	-0.31894658076632265	0.0657421792239674	27	1	-0.16233935585013692	-0.0809191936244223	4	0
genus_raw_mean_breadth_a0.02	two_feature_and	u_zip_median	<=	1.0	u_zip_median	>=	0.7228884	32	28	-0.31894658076632265	0.0657421792239674	27	1	-0.16233935585013692	-0.0809191936244223	4	0
genus_raw_mean_breadth_a0.02	two_feature_and	probability_min	>=	0.0	u_zip_median	>=	0.7228884	32	28	-0.31894658076632265	0.0657421792239674	27	1	-0.16233935585013692	-0.0809191936244223	4	0
genus_raw_mean_breadth_a0.02	two_feature_and	reported_ani_median	<=	1.0	u_zip_median	>=	0.7228884	32	28	-0.31894658076632265	0.0657421792239674	27	1	-0.16233935585013692	-0.0809191936244223	4	0
genus_raw_hit_breadth_a0.02	single	n_candidate_calls	>=	0.0				32	32	-0.31887482664708167	0.0407141633556165	31	1	-0.19354853940087913	-0.07894390357608687	4	0
genus_raw_hit_breadth_a0.02	single	candidate_call_frac	>=	0.0				32	32	-0.31887482664708167	0.0407141633556165	31	1	-0.19354853940087913	-0.07894390357608687	4	0
genus_raw_hit_breadth_a0.02	single	candidate_raw_frac	>=	0.0				32	32	-0.31887482664708167	0.0407141633556165	31	1	-0.19354853940087913	-0.07894390357608687	4	0
genus_raw_hit_breadth_a0.02	single	u_zip_median	<=	1.0				32	32	-0.31887482664708167	0.0407141633556165	31	1	-0.19354853940087913	-0.07894390357608687	4	0
genus_raw_hit_breadth_a0.02	single	probability_min	>=	0.0				32	32	-0.31887482664708167	0.0407141633556165	31	1	-0.19354853940087913	-0.07894390357608687	4	0
genus_raw_hit_breadth_a0.02	single	reported_ani_median	<=	1.0				32	32	-0.31887482664708167	0.0407141633556165	31	1	-0.19354853940087913	-0.07894390357608687	4	0
genus_raw_hit_breadth_a0.02	two_feature_and	n_candidate_calls	>=	0.0	candidate_call_frac	>=	0.0	32	32	-0.31887482664708167	0.0407141633556165	31	1	-0.19354853940087913	-0.07894390357608687	4	0
genus_raw_hit_breadth_a0.02	two_feature_and	n_candidate_calls	>=	0.0	candidate_raw_frac	>=	0.0	32	32	-0.31887482664708167	0.0407141633556165	31	1	-0.19354853940087913	-0.07894390357608687	4	0
genus_raw_hit_breadth_a0.02	two_feature_and	n_candidate_calls	>=	0.0	u_zip_median	<=	1.0	32	32	-0.31887482664708167	0.0407141633556165	31	1	-0.19354853940087913	-0.07894390357608687	4	0
genus_raw_hit_breadth_a0.02	two_feature_and	n_candidate_calls	>=	0.0	probability_min	>=	0.0	32	32	-0.31887482664708167	0.0407141633556165	31	1	-0.19354853940087913	-0.07894390357608687	4	0
genus_raw_hit_breadth_a0.02	two_feature_and	n_candidate_calls	>=	0.0	reported_ani_median	<=	1.0	32	32	-0.31887482664708167	0.0407141633556165	31	1	-0.19354853940087913	-0.07894390357608687	4	0
genus_raw_hit_breadth_a0.02	two_feature_and	candidate_call_frac	>=	0.0	candidate_raw_frac	>=	0.0	32	32	-0.31887482664708167	0.0407141633556165	31	1	-0.19354853940087913	-0.07894390357608687	4	0
genus_raw_hit_breadth_a0.02	two_feature_and	candidate_call_frac	>=	0.0	u_zip_median	<=	1.0	32	32	-0.31887482664708167	0.0407141633556165	31	1	-0.19354853940087913	-0.07894390357608687	4	0
genus_raw_hit_breadth_a0.02	two_feature_and	candidate_call_frac	>=	0.0	probability_min	>=	0.0	32	32	-0.31887482664708167	0.0407141633556165	31	1	-0.19354853940087913	-0.07894390357608687	4	0
genus_raw_hit_breadth_a0.02	two_feature_and	candidate_call_frac	>=	0.0	reported_ani_median	<=	1.0	32	32	-0.31887482664708167	0.0407141633556165	31	1	-0.19354853940087913	-0.07894390357608687	4	0
genus_raw_hit_breadth_a0.02	two_feature_and	candidate_raw_frac	>=	0.0	u_zip_median	<=	1.0	32	32	-0.31887482664708167	0.0407141633556165	31	1	-0.19354853940087913	-0.07894390357608687	4	0
genus_raw_hit_breadth_a0.02	two_feature_and	candidate_raw_frac	>=	0.0	probability_min	>=	0.0	32	32	-0.31887482664708167	0.0407141633556165	31	1	-0.19354853940087913	-0.07894390357608687	4	0
genus_raw_hit_breadth_a0.02	two_feature_and	candidate_raw_frac	>=	0.0	reported_ani_median	<=	1.0	32	32	-0.31887482664708167	0.0407141633556165	31	1	-0.19354853940087913	-0.07894390357608687	4	0
genus_raw_hit_breadth_a0.02	two_feature_and	u_zip_median	<=	1.0	probability_min	>=	0.0	32	32	-0.31887482664708167	0.0407141633556165	31	1	-0.19354853940087913	-0.07894390357608687	4	0
genus_raw_hit_breadth_a0.02	two_feature_and	u_zip_median	<=	1.0	reported_ani_median	<=	1.0	32	32	-0.31887482664708167	0.0407141633556165	31	1	-0.19354853940087913	-0.07894390357608687	4	0
genus_raw_hit_breadth_a0.02	two_feature_and	probability_min	>=	0.0	reported_ani_median	<=	1.0	32	32	-0.31887482664708167	0.0407141633556165	31	1	-0.19354853940087913	-0.07894390357608687	4	0
genus_raw_norm_depth_a0.02	single	n_candidate_calls	>=	0.0				32	32	-0.3187708810278815	0.0627280169726596	30	2	-0.18878913471825048	-0.07562868510851452	4	0
genus_raw_norm_depth_a0.02	single	candidate_call_frac	>=	0.0				32	32	-0.3187708810278815	0.0627280169726596	30	2	-0.18878913471825048	-0.07562868510851452	4	0
genus_raw_norm_depth_a0.02	single	candidate_raw_frac	>=	0.0				32	32	-0.3187708810278815	0.0627280169726596	30	2	-0.18878913471825048	-0.07562868510851452	4	0
genus_raw_norm_depth_a0.02	single	u_zip_median	<=	1.0				32	32	-0.3187708810278815	0.0627280169726596	30	2	-0.18878913471825048	-0.07562868510851452	4	0
genus_raw_norm_depth_a0.02	single	probability_min	>=	0.0				32	32	-0.3187708810278815	0.0627280169726596	30	2	-0.18878913471825048	-0.07562868510851452	4	0
genus_raw_norm_depth_a0.02	single	reported_ani_median	<=	1.0				32	32	-0.3187708810278815	0.0627280169726596	30	2	-0.18878913471825048	-0.07562868510851452	4	0
genus_raw_norm_depth_a0.02	two_feature_and	n_candidate_calls	>=	0.0	candidate_call_frac	>=	0.0	32	32	-0.3187708810278815	0.0627280169726596	30	2	-0.18878913471825048	-0.07562868510851452	4	0
genus_raw_norm_depth_a0.02	two_feature_and	n_candidate_calls	>=	0.0	candidate_raw_frac	>=	0.0	32	32	-0.3187708810278815	0.0627280169726596	30	2	-0.18878913471825048	-0.07562868510851452	4	0
genus_raw_norm_depth_a0.02	two_feature_and	n_candidate_calls	>=	0.0	u_zip_median	<=	1.0	32	32	-0.3187708810278815	0.0627280169726596	30	2	-0.18878913471825048	-0.07562868510851452	4	0
genus_raw_norm_depth_a0.02	two_feature_and	n_candidate_calls	>=	0.0	probability_min	>=	0.0	32	32	-0.3187708810278815	0.0627280169726596	30	2	-0.18878913471825048	-0.07562868510851452	4	0
genus_raw_norm_depth_a0.02	two_feature_and	n_candidate_calls	>=	0.0	reported_ani_median	<=	1.0	32	32	-0.3187708810278815	0.0627280169726596	30	2	-0.18878913471825048	-0.07562868510851452	4	0
genus_raw_norm_depth_a0.02	two_feature_and	candidate_call_frac	>=	0.0	candidate_raw_frac	>=	0.0	32	32	-0.3187708810278815	0.0627280169726596	30	2	-0.18878913471825048	-0.07562868510851452	4	0
genus_raw_norm_depth_a0.02	two_feature_and	candidate_call_frac	>=	0.0	u_zip_median	<=	1.0	32	32	-0.3187708810278815	0.0627280169726596	30	2	-0.18878913471825048	-0.07562868510851452	4	0
genus_raw_norm_depth_a0.02	two_feature_and	candidate_call_frac	>=	0.0	probability_min	>=	0.0	32	32	-0.3187708810278815	0.0627280169726596	30	2	-0.18878913471825048	-0.07562868510851452	4	0
genus_raw_norm_depth_a0.02	two_feature_and	candidate_call_frac	>=	0.0	reported_ani_median	<=	1.0	32	32	-0.3187708810278815	0.0627280169726596	30	2	-0.18878913471825048	-0.07562868510851452	4	0
genus_raw_norm_depth_a0.02	two_feature_and	candidate_raw_frac	>=	0.0	u_zip_median	<=	1.0	32	32	-0.3187708810278815	0.0627280169726596	30	2	-0.18878913471825048	-0.07562868510851452	4	0
genus_raw_norm_depth_a0.02	two_feature_and	candidate_raw_frac	>=	0.0	probability_min	>=	0.0	32	32	-0.3187708810278815	0.0627280169726596	30	2	-0.18878913471825048	-0.07562868510851452	4	0
genus_raw_norm_depth_a0.02	two_feature_and	candidate_raw_frac	>=	0.0	reported_ani_median	<=	1.0	32	32	-0.3187708810278815	0.0627280169726596	30	2	-0.18878913471825048	-0.07562868510851452	4	0
genus_raw_norm_depth_a0.02	two_feature_and	u_zip_median	<=	1.0	probability_min	>=	0.0	32	32	-0.3187708810278815	0.0627280169726596	30	2	-0.18878913471825048	-0.07562868510851452	4	0
genus_raw_norm_depth_a0.02	two_feature_and	u_zip_median	<=	1.0	reported_ani_median	<=	1.0	32	32	-0.3187708810278815	0.0627280169726596	30	2	-0.18878913471825048	-0.07562868510851452	4	0
genus_raw_norm_depth_a0.02	two_feature_and	probability_min	>=	0.0	reported_ani_median	<=	1.0	32	32	-0.3187708810278815	0.0627280169726596	30	2	-0.18878913471825048	-0.07562868510851452	4	0
genus_raw_mean_breadth_a0.02	two_feature_and	max_species_per_genus	>=	5.0	candidate_raw_frac	<=	0.02061305909024072	32	27	-0.31553354205150846	0.0657421792239674	26	1	-0.16314544205234355	0.0	3	0
genus_raw_hit_breadth_a0.02	single	max_species_per_genus	>=	5.0				32	31	-0.31444766926776513	0.0407141633556165	30	1	-0.19207282027444028	-0.07894390357608687	4	0
genus_raw_hit_breadth_a0.02	two_feature_and	n_candidate_calls	>=	0.0	max_species_per_genus	>=	5.0	32	31	-0.31444766926776513	0.0407141633556165	30	1	-0.19207282027444028	-0.07894390357608687	4	0
genus_raw_hit_breadth_a0.02	two_feature_and	candidate_call_frac	>=	0.0	max_species_per_genus	>=	5.0	32	31	-0.31444766926776513	0.0407141633556165	30	1	-0.19207282027444028	-0.07894390357608687	4	0
genus_raw_hit_breadth_a0.02	two_feature_and	candidate_raw_frac	>=	0.0	max_species_per_genus	>=	5.0	32	31	-0.31444766926776513	0.0407141633556165	30	1	-0.19207282027444028	-0.07894390357608687	4	0
genus_raw_hit_breadth_a0.02	two_feature_and	u_zip_median	<=	1.0	max_species_per_genus	>=	5.0	32	31	-0.31444766926776513	0.0407141633556165	30	1	-0.19207282027444028	-0.07894390357608687	4	0
genus_raw_hit_breadth_a0.02	two_feature_and	probability_min	>=	0.0	max_species_per_genus	>=	5.0	32	31	-0.31444766926776513	0.0407141633556165	30	1	-0.19207282027444028	-0.07894390357608687	4	0
genus_raw_hit_breadth_a0.02	two_feature_and	reported_ani_median	<=	1.0	max_species_per_genus	>=	5.0	32	31	-0.31444766926776513	0.0407141633556165	30	1	-0.19207282027444028	-0.07894390357608687	4	0
genus_raw_norm_depth_a0.02	single	max_species_per_genus	>=	5.0				32	31	-0.3143437238003634	0.0627280169726596	29	2	-0.1873134156424111	-0.07562868510851452	4	0
genus_raw_norm_depth_a0.02	two_feature_and	n_candidate_calls	>=	0.0	max_species_per_genus	>=	5.0	32	31	-0.3143437238003634	0.0627280169726596	29	2	-0.1873134156424111	-0.07562868510851452	4	0
genus_raw_norm_depth_a0.02	two_feature_and	candidate_call_frac	>=	0.0	max_species_per_genus	>=	5.0	32	31	-0.3143437238003634	0.0627280169726596	29	2	-0.1873134156424111	-0.07562868510851452	4	0
genus_raw_norm_depth_a0.02	two_feature_and	candidate_raw_frac	>=	0.0	max_species_per_genus	>=	5.0	32	31	-0.3143437238003634	0.0627280169726596	29	2	-0.1873134156424111	-0.07562868510851452	4	0
genus_raw_norm_depth_a0.02	two_feature_and	u_zip_median	<=	1.0	max_species_per_genus	>=	5.0	32	31	-0.3143437238003634	0.0627280169726596	29	2	-0.1873134156424111	-0.07562868510851452	4	0
genus_raw_norm_depth_a0.02	two_feature_and	probability_min	>=	0.0	max_species_per_genus	>=	5.0	32	31	-0.3143437238003634	0.0627280169726596	29	2	-0.1873134156424111	-0.07562868510851452	4	0
genus_raw_norm_depth_a0.02	two_feature_and	reported_ani_median	<=	1.0	max_species_per_genus	>=	5.0	32	31	-0.3143437238003634	0.0627280169726596	29	2	-0.1873134156424111	-0.07562868510851452	4	0
genus_raw_mean_breadth_a0.02	two_feature_and	max_species_per_genus	>=	5.0	u_zip_median	>=	0.7228884	32	27	-0.3143151321838701	0.0657421792239674	26	1	-0.16079553965598606	-0.0809191936244223	4	0
genus_raw_mean_breadth_a0.02	two_feature_and	base_mass_multi_genus_frac	>=	0.37501510201405147	candidate_raw_frac	<=	0.02061305909024072	32	26	-0.3137809225090823	0.0657421792239674	25	1	-0.1625612355382015	0.0	3	0
genus_raw_mean_breadth_a0.02	single	s_depth_median	>=	0.26676725				32	28	-0.31332806257874124	0.0657421792239674	27	1	-0.1648830563341197	0.0	3	0
genus_raw_mean_breadth_a0.02	two_feature_and	n_candidate_calls	>=	0.0	s_depth_median	>=	0.26676725	32	28	-0.31332806257874124	0.0657421792239674	27	1	-0.1648830563341197	0.0	3	0
genus_raw_mean_breadth_a0.02	two_feature_and	candidate_call_frac	>=	0.0	s_depth_median	>=	0.26676725	32	28	-0.31332806257874124	0.0657421792239674	27	1	-0.1648830563341197	0.0	3	0
genus_raw_mean_breadth_a0.02	two_feature_and	candidate_raw_frac	>=	0.0	s_depth_median	>=	0.26676725	32	28	-0.31332806257874124	0.0657421792239674	27	1	-0.1648830563341197	0.0	3	0
genus_raw_mean_breadth_a0.02	two_feature_and	u_zip_median	<=	1.0	s_depth_median	>=	0.26676725	32	28	-0.31332806257874124	0.0657421792239674	27	1	-0.1648830563341197	0.0	3	0
genus_raw_mean_breadth_a0.02	two_feature_and	probability_min	>=	0.0	s_depth_median	>=	0.26676725	32	28	-0.31332806257874124	0.0657421792239674	27	1	-0.1648830563341197	0.0	3	0
genus_raw_mean_breadth_a0.02	two_feature_and	reported_ani_median	<=	1.0	s_depth_median	>=	0.26676725	32	28	-0.31332806257874124	0.0657421792239674	27	1	-0.1648830563341197	0.0	3	0
genus_raw_mean_breadth_a0.02	two_feature_and	candidate_raw_frac	<=	0.02061305909024072	s_depth_median	>=	0.26676725	32	27	-0.31265366964073255	0.0657421792239674	26	1	-0.16218548458208493	0.0	3	0
genus_raw_mean_breadth_a0.02	two_feature_and	base_mass_multi_genus_frac	>=	0.37501510201405147	u_zip_median	>=	0.7228884	32	26	-0.31256251264144386	0.0657421792239674	25	1	-0.160211333141844	-0.0809191936244223	4	0
genus_raw_norm_depth_a0.02	single	base_mass_multi_genus_frac	>=	0.37501510201405147				32	28	-0.3123845961096194	0.0627280169726596	27	1	-0.18589463063735365	-0.07212814823319509	4	0
genus_raw_norm_depth_a0.02	two_feature_and	n_candidate_calls	>=	0.0	base_mass_multi_genus_frac	>=	0.37501510201405147	32	28	-0.3123845961096194	0.0627280169726596	27	1	-0.18589463063735365	-0.07212814823319509	4	0
genus_raw_norm_depth_a0.02	two_feature_and	candidate_call_frac	>=	0.0	base_mass_multi_genus_frac	>=	0.37501510201405147	32	28	-0.3123845961096194	0.0627280169726596	27	1	-0.18589463063735365	-0.07212814823319509	4	0
genus_raw_norm_depth_a0.02	two_feature_and	candidate_raw_frac	>=	0.0	base_mass_multi_genus_frac	>=	0.37501510201405147	32	28	-0.3123845961096194	0.0627280169726596	27	1	-0.18589463063735365	-0.07212814823319509	4	0
genus_raw_norm_depth_a0.02	two_feature_and	u_zip_median	<=	1.0	base_mass_multi_genus_frac	>=	0.37501510201405147	32	28	-0.3123845961096194	0.0627280169726596	27	1	-0.18589463063735365	-0.07212814823319509	4	0
genus_raw_norm_depth_a0.02	two_feature_and	probability_min	>=	0.0	base_mass_multi_genus_frac	>=	0.37501510201405147	32	28	-0.3123845961096194	0.0627280169726596	27	1	-0.18589463063735365	-0.07212814823319509	4	0
genus_raw_norm_depth_a0.02	two_feature_and	reported_ani_median	<=	1.0	base_mass_multi_genus_frac	>=	0.37501510201405147	32	28	-0.3123845961096194	0.0627280169726596	27	1	-0.18589463063735365	-0.07212814823319509	4	0
genus_raw_norm_depth_a0.02	two_feature_and	max_species_per_genus	>=	5.0	base_mass_multi_genus_frac	>=	0.37501510201405147	32	28	-0.3123845961096194	0.0627280169726596	27	1	-0.18589463063735365	-0.07212814823319509	4	0
genus_raw_hit_breadth_a0.02	single	base_mass_multi_genus_frac	>=	0.37501510201405147				32	28	-0.31232447760428733	0.0	28	0	-0.1894466248544201	-0.07017377847653229	4	0
genus_raw_hit_breadth_a0.02	two_feature_and	n_candidate_calls	>=	0.0	base_mass_multi_genus_frac	>=	0.37501510201405147	32	28	-0.31232447760428733	0.0	28	0	-0.1894466248544201	-0.07017377847653229	4	0
genus_raw_hit_breadth_a0.02	two_feature_and	candidate_call_frac	>=	0.0	base_mass_multi_genus_frac	>=	0.37501510201405147	32	28	-0.31232447760428733	0.0	28	0	-0.1894466248544201	-0.07017377847653229	4	0
genus_raw_hit_breadth_a0.02	two_feature_and	candidate_raw_frac	>=	0.0	base_mass_multi_genus_frac	>=	0.37501510201405147	32	28	-0.31232447760428733	0.0	28	0	-0.1894466248544201	-0.07017377847653229	4	0
genus_raw_hit_breadth_a0.02	two_feature_and	u_zip_median	<=	1.0	base_mass_multi_genus_frac	>=	0.37501510201405147	32	28	-0.31232447760428733	0.0	28	0	-0.1894466248544201	-0.07017377847653229	4	0
genus_raw_hit_breadth_a0.02	two_feature_and	probability_min	>=	0.0	base_mass_multi_genus_frac	>=	0.37501510201405147	32	28	-0.31232447760428733	0.0	28	0	-0.1894466248544201	-0.07017377847653229	4	0
genus_raw_hit_breadth_a0.02	two_feature_and	reported_ani_median	<=	1.0	base_mass_multi_genus_frac	>=	0.37501510201405147	32	28	-0.31232447760428733	0.0	28	0	-0.1894466248544201	-0.07017377847653229	4	0
genus_raw_hit_breadth_a0.02	two_feature_and	max_species_per_genus	>=	5.0	base_mass_multi_genus_frac	>=	0.37501510201405147	32	28	-0.31232447760428733	0.0	28	0	-0.1894466248544201	-0.07017377847653229	4	0
genus_raw_mean_breadth_a0.02	single	s_xny_median	>=	253.15				32	28	-0.3121827373543566	0.0657421792239674	27	1	-0.14430244008489415	0.0	3	0
genus_raw_mean_breadth_a0.02	single	s_xny_mean	>=	354.2996483825598				32	28	-0.3121827373543566	0.0657421792239674	27	1	-0.14430244008489415	0.0	3	0
genus_raw_mean_breadth_a0.02	single	xny_max_median	>=	253.15				32	28	-0.3121827373543566	0.0657421792239674	27	1	-0.14430244008489415	0.0	3	0
genus_raw_mean_breadth_a0.02	single	xny_max_mean	>=	354.2996483825598				32	28	-0.3121827373543566	0.0657421792239674	27	1	-0.14430244008489415	0.0	3	0
genus_raw_mean_breadth_a0.02	two_feature_and	n_candidate_calls	>=	0.0	s_xny_median	>=	253.15	32	28	-0.3121827373543566	0.0657421792239674	27	1	-0.14430244008489415	0.0	3	0
genus_raw_mean_breadth_a0.02	two_feature_and	n_candidate_calls	>=	0.0	s_xny_mean	>=	354.2996483825598	32	28	-0.3121827373543566	0.0657421792239674	27	1	-0.14430244008489415	0.0	3	0
genus_raw_mean_breadth_a0.02	two_feature_and	n_candidate_calls	>=	0.0	xny_max_median	>=	253.15	32	28	-0.3121827373543566	0.0657421792239674	27	1	-0.14430244008489415	0.0	3	0
genus_raw_mean_breadth_a0.02	two_feature_and	n_candidate_calls	>=	0.0	xny_max_mean	>=	354.2996483825598	32	28	-0.3121827373543566	0.0657421792239674	27	1	-0.14430244008489415	0.0	3	0
genus_raw_mean_breadth_a0.02	two_feature_and	candidate_call_frac	>=	0.0	s_xny_median	>=	253.15	32	28	-0.3121827373543566	0.0657421792239674	27	1	-0.14430244008489415	0.0	3	0
genus_raw_mean_breadth_a0.02	two_feature_and	candidate_call_frac	>=	0.0	s_xny_mean	>=	354.2996483825598	32	28	-0.3121827373543566	0.0657421792239674	27	1	-0.14430244008489415	0.0	3	0
genus_raw_mean_breadth_a0.02	two_feature_and	candidate_call_frac	>=	0.0	xny_max_median	>=	253.15	32	28	-0.3121827373543566	0.0657421792239674	27	1	-0.14430244008489415	0.0	3	0
genus_raw_mean_breadth_a0.02	two_feature_and	candidate_call_frac	>=	0.0	xny_max_mean	>=	354.2996483825598	32	28	-0.3121827373543566	0.0657421792239674	27	1	-0.14430244008489415	0.0	3	0
genus_raw_mean_breadth_a0.02	two_feature_and	candidate_raw_frac	>=	0.0	s_xny_median	>=	253.15	32	28	-0.3121827373543566	0.0657421792239674	27	1	-0.14430244008489415	0.0	3	0
genus_raw_mean_breadth_a0.02	two_feature_and	candidate_raw_frac	>=	0.0	s_xny_mean	>=	354.2996483825598	32	28	-0.3121827373543566	0.0657421792239674	27	1	-0.14430244008489415	0.0	3	0
genus_raw_mean_breadth_a0.02	two_feature_and	candidate_raw_frac	>=	0.0	xny_max_median	>=	253.15	32	28	-0.3121827373543566	0.0657421792239674	27	1	-0.14430244008489415	0.0	3	0
genus_raw_mean_breadth_a0.02	two_feature_and	candidate_raw_frac	>=	0.0	xny_max_mean	>=	354.2996483825598	32	28	-0.3121827373543566	0.0657421792239674	27	1	-0.14430244008489415	0.0	3	0
genus_raw_mean_breadth_a0.02	two_feature_and	u_zip_median	<=	1.0	s_xny_median	>=	253.15	32	28	-0.3121827373543566	0.0657421792239674	27	1	-0.14430244008489415	0.0	3	0
genus_raw_mean_breadth_a0.02	two_feature_and	u_zip_median	<=	1.0	s_xny_mean	>=	354.2996483825598	32	28	-0.3121827373543566	0.0657421792239674	27	1	-0.14430244008489415	0.0	3	0
genus_raw_mean_breadth_a0.02	two_feature_and	u_zip_median	<=	1.0	xny_max_median	>=	253.15	32	28	-0.3121827373543566	0.0657421792239674	27	1	-0.14430244008489415	0.0	3	0
genus_raw_mean_breadth_a0.02	two_feature_and	u_zip_median	<=	1.0	xny_max_mean	>=	354.2996483825598	32	28	-0.3121827373543566	0.0657421792239674	27	1	-0.14430244008489415	0.0	3	0
genus_raw_mean_breadth_a0.02	two_feature_and	probability_min	>=	0.0	s_xny_median	>=	253.15	32	28	-0.3121827373543566	0.0657421792239674	27	1	-0.14430244008489415	0.0	3	0
genus_raw_mean_breadth_a0.02	two_feature_and	probability_min	>=	0.0	s_xny_mean	>=	354.2996483825598	32	28	-0.3121827373543566	0.0657421792239674	27	1	-0.14430244008489415	0.0	3	0
genus_raw_mean_breadth_a0.02	two_feature_and	probability_min	>=	0.0	xny_max_median	>=	253.15	32	28	-0.3121827373543566	0.0657421792239674	27	1	-0.14430244008489415	0.0	3	0
genus_raw_mean_breadth_a0.02	two_feature_and	probability_min	>=	0.0	xny_max_mean	>=	354.2996483825598	32	28	-0.3121827373543566	0.0657421792239674	27	1	-0.14430244008489415	0.0	3	0
genus_raw_mean_breadth_a0.02	two_feature_and	reported_ani_median	<=	1.0	s_xny_median	>=	253.15	32	28	-0.3121827373543566	0.0657421792239674	27	1	-0.14430244008489415	0.0	3	0
genus_raw_mean_breadth_a0.02	two_feature_and	reported_ani_median	<=	1.0	s_xny_mean	>=	354.2996483825598	32	28	-0.3121827373543566	0.0657421792239674	27	1	-0.14430244008489415	0.0	3	0
genus_raw_mean_breadth_a0.02	two_feature_and	reported_ani_median	<=	1.0	xny_max_median	>=	253.15	32	28	-0.3121827373543566	0.0657421792239674	27	1	-0.14430244008489415	0.0	3	0
genus_raw_mean_breadth_a0.02	two_feature_and	reported_ani_median	<=	1.0	xny_max_mean	>=	354.2996483825598	32	28	-0.3121827373543566	0.0657421792239674	27	1	-0.14430244008489415	0.0	3	0
genus_raw_mean_breadth_a0.02	two_feature_and	s_xny_median	>=	253.15	s_xny_mean	>=	354.2996483825598	32	28	-0.3121827373543566	0.0657421792239674	27	1	-0.14430244008489415	0.0	3	0
genus_raw_mean_breadth_a0.02	two_feature_and	s_xny_median	>=	253.15	xny_max_median	>=	253.15	32	28	-0.3121827373543566	0.0657421792239674	27	1	-0.14430244008489415	0.0	3	0
genus_raw_mean_breadth_a0.02	two_feature_and	s_xny_median	>=	253.15	xny_max_mean	>=	354.2996483825598	32	28	-0.3121827373543566	0.0657421792239674	27	1	-0.14430244008489415	0.0	3	0
genus_raw_mean_breadth_a0.02	two_feature_and	s_xny_mean	>=	354.2996483825598	xny_max_median	>=	253.15	32	28	-0.3121827373543566	0.0657421792239674	27	1	-0.14430244008489415	0.0	3	0
genus_raw_mean_breadth_a0.02	two_feature_and	s_xny_mean	>=	354.2996483825598	xny_max_mean	>=	354.2996483825598	32	28	-0.3121827373543566	0.0657421792239674	27	1	-0.14430244008489415	0.0	3	0
genus_raw_mean_breadth_a0.02	two_feature_and	xny_max_median	>=	253.15	xny_max_mean	>=	354.2996483825598	32	28	-0.3121827373543566	0.0657421792239674	27	1	-0.14430244008489415	0.0	3	0
genus_raw_mean_breadth_a0.02	two_feature_and	candidate_raw_frac	<=	0.02061305909024072	s_xny_median	>=	253.15	32	27	-0.3115083444163479	0.0657421792239674	26	1	-0.1416048683328594	0.0	3	0
genus_raw_mean_breadth_a0.02	two_feature_and	candidate_raw_frac	<=	0.02061305909024072	s_xny_mean	>=	354.2996483825598	32	27	-0.3115083444163479	0.0657421792239674	26	1	-0.1416048683328594	0.0	3	0
genus_raw_mean_breadth_a0.02	two_feature_and	candidate_raw_frac	<=	0.02061305909024072	xny_max_median	>=	253.15	32	27	-0.3115083444163479	0.0657421792239674	26	1	-0.1416048683328594	0.0	3	0
genus_raw_mean_breadth_a0.02	two_feature_and	candidate_raw_frac	<=	0.02061305909024072	xny_max_mean	>=	354.2996483825598	32	27	-0.3115083444163479	0.0657421792239674	26	1	-0.1416048683328594	0.0	3	0
genus_raw_mean_breadth_a0.02	two_feature_and	u_zip_median	>=	0.7228884	s_xny_median	>=	253.15	32	27	-0.31114409288701295	0.0657421792239674	26	1	-0.14153272150531104	0.0	3	0
genus_raw_mean_breadth_a0.02	two_feature_and	u_zip_median	>=	0.7228884	s_xny_mean	>=	354.2996483825598	32	27	-0.31114409288701295	0.0657421792239674	26	1	-0.14153272150531104	0.0	3	0
genus_raw_mean_breadth_a0.02	two_feature_and	u_zip_median	>=	0.7228884	xny_max_median	>=	253.15	32	27	-0.31114409288701295	0.0657421792239674	26	1	-0.14153272150531104	0.0	3	0
genus_raw_mean_breadth_a0.02	two_feature_and	u_zip_median	>=	0.7228884	xny_max_mean	>=	354.2996483825598	32	27	-0.31114409288701295	0.0657421792239674	26	1	-0.14153272150531104	0.0	3	0
genus_raw_hit_breadth_a0.02	single	candidate_raw_frac	<=	0.02061305909024072				32	28	-0.31108639914640895	0.0	28	0	-0.17226281734519913	0.0	3	0
genus_raw_hit_breadth_a0.02	two_feature_and	n_candidate_calls	>=	0.0	candidate_raw_frac	<=	0.02061305909024072	32	28	-0.31108639914640895	0.0	28	0	-0.17226281734519913	0.0	3	0
genus_raw_hit_breadth_a0.02	two_feature_and	candidate_call_frac	>=	0.0	candidate_raw_frac	<=	0.02061305909024072	32	28	-0.31108639914640895	0.0	28	0	-0.17226281734519913	0.0	3	0
genus_raw_hit_breadth_a0.02	two_feature_and	candidate_raw_frac	>=	0.0	candidate_raw_frac	<=	0.02061305909024072	32	28	-0.31108639914640895	0.0	28	0	-0.17226281734519913	0.0	3	0
genus_raw_hit_breadth_a0.02	two_feature_and	u_zip_median	<=	1.0	candidate_raw_frac	<=	0.02061305909024072	32	28	-0.31108639914640895	0.0	28	0	-0.17226281734519913	0.0	3	0
genus_raw_hit_breadth_a0.02	two_feature_and	probability_min	>=	0.0	candidate_raw_frac	<=	0.02061305909024072	32	28	-0.31108639914640895	0.0	28	0	-0.17226281734519913	0.0	3	0
genus_raw_hit_breadth_a0.02	two_feature_and	reported_ani_median	<=	1.0	candidate_raw_frac	<=	0.02061305909024072	32	28	-0.31108639914640895	0.0	28	0	-0.17226281734519913	0.0	3	0
genus_raw_norm_depth_a0.02	single	candidate_raw_frac	<=	0.02061305909024072				32	28	-0.3109014577547169	0.0627280169726596	27	1	-0.16676502726415643	0.0	3	0
genus_raw_norm_depth_a0.02	two_feature_and	n_candidate_calls	>=	0.0	candidate_raw_frac	<=	0.02061305909024072	32	28	-0.3109014577547169	0.0627280169726596	27	1	-0.16676502726415643	0.0	3	0
genus_raw_norm_depth_a0.02	two_feature_and	candidate_call_frac	>=	0.0	candidate_raw_frac	<=	0.02061305909024072	32	28	-0.3109014577547169	0.0627280169726596	27	1	-0.16676502726415643	0.0	3	0
genus_raw_norm_depth_a0.02	two_feature_and	candidate_raw_frac	>=	0.0	candidate_raw_frac	<=	0.02061305909024072	32	28	-0.3109014577547169	0.0627280169726596	27	1	-0.16676502726415643	0.0	3	0
genus_raw_norm_depth_a0.02	two_feature_and	u_zip_median	<=	1.0	candidate_raw_frac	<=	0.02061305909024072	32	28	-0.3109014577547169	0.0627280169726596	27	1	-0.16676502726415643	0.0	3	0
genus_raw_norm_depth_a0.02	two_feature_and	probability_min	>=	0.0	candidate_raw_frac	<=	0.02061305909024072	32	28	-0.3109014577547169	0.0627280169726596	27	1	-0.16676502726415643	0.0	3	0
genus_raw_norm_depth_a0.02	two_feature_and	reported_ani_median	<=	1.0	candidate_raw_frac	<=	0.02061305909024072	32	28	-0.3109014577547169	0.0627280169726596	27	1	-0.16676502726415643	0.0	3	0
genus_raw_mean_breadth_a0.02	two_feature_and	candidate_raw_frac	<=	0.02061305909024072	u_zip_median	>=	0.7228884	32	26	-0.3104696999490042	0.0657421792239674	25	1	-0.13883514975327627	0.0	3	0
genus_raw_mean_breadth_a0.02	single	s_breadth_median	>=	0.19547475				32	28	-0.3104188352859375	0.0657421792239674	27	1	-0.16391331390318514	0.0	3	0
genus_raw_mean_breadth_a0.02	two_feature_and	n_candidate_calls	>=	0.0	s_breadth_median	>=	0.19547475	32	28	-0.3104188352859375	0.0657421792239674	27	1	-0.16391331390318514	0.0	3	0
genus_raw_mean_breadth_a0.02	two_feature_and	candidate_call_frac	>=	0.0	s_breadth_median	>=	0.19547475	32	28	-0.3104188352859375	0.0657421792239674	27	1	-0.16391331390318514	0.0	3	0
genus_raw_mean_breadth_a0.02	two_feature_and	candidate_raw_frac	>=	0.0	s_breadth_median	>=	0.19547475	32	28	-0.3104188352859375	0.0657421792239674	27	1	-0.16391331390318514	0.0	3	0
genus_raw_mean_breadth_a0.02	two_feature_and	u_zip_median	<=	1.0	s_breadth_median	>=	0.19547475	32	28	-0.3104188352859375	0.0657421792239674	27	1	-0.16391331390318514	0.0	3	0
genus_raw_mean_breadth_a0.02	two_feature_and	probability_min	>=	0.0	s_breadth_median	>=	0.19547475	32	28	-0.3104188352859375	0.0657421792239674	27	1	-0.16391331390318514	0.0	3	0
genus_raw_mean_breadth_a0.02	two_feature_and	reported_ani_median	<=	1.0	s_breadth_median	>=	0.19547475	32	28	-0.3104188352859375	0.0657421792239674	27	1	-0.16391331390318514	0.0	3	0
genus_raw_mean_breadth_a0.02	single	s_zip_median	>=	0.5959485				32	28	-0.3101021406606682	0.0657421792239674	27	1	-0.16380774902809536	0.0	3	0
genus_raw_mean_breadth_a0.02	single	reported_ani_median	>=	0.9764729000000001				32	28	-0.3101021406606682	0.0657421792239674	27	1	-0.16380774902809536	0.0	3	0
genus_raw_mean_breadth_a0.02	two_feature_and	n_candidate_calls	>=	0.0	s_zip_median	>=	0.5959485	32	28	-0.3101021406606682	0.0657421792239674	27	1	-0.16380774902809536	0.0	3	0
genus_raw_mean_breadth_a0.02	two_feature_and	n_candidate_calls	>=	0.0	reported_ani_median	>=	0.9764729000000001	32	28	-0.3101021406606682	0.0657421792239674	27	1	-0.16380774902809536	0.0	3	0
genus_raw_mean_breadth_a0.02	two_feature_and	candidate_call_frac	>=	0.0	s_zip_median	>=	0.5959485	32	28	-0.3101021406606682	0.0657421792239674	27	1	-0.16380774902809536	0.0	3	0
genus_raw_mean_breadth_a0.02	two_feature_and	candidate_call_frac	>=	0.0	reported_ani_median	>=	0.9764729000000001	32	28	-0.3101021406606682	0.0657421792239674	27	1	-0.16380774902809536	0.0	3	0
genus_raw_mean_breadth_a0.02	two_feature_and	candidate_raw_frac	>=	0.0	s_zip_median	>=	0.5959485	32	28	-0.3101021406606682	0.0657421792239674	27	1	-0.16380774902809536	0.0	3	0
genus_raw_mean_breadth_a0.02	two_feature_and	candidate_raw_frac	>=	0.0	reported_ani_median	>=	0.9764729000000001	32	28	-0.3101021406606682	0.0657421792239674	27	1	-0.16380774902809536	0.0	3	0
genus_raw_mean_breadth_a0.02	two_feature_and	u_zip_median	<=	1.0	s_zip_median	>=	0.5959485	32	28	-0.3101021406606682	0.0657421792239674	27	1	-0.16380774902809536	0.0	3	0
genus_raw_mean_breadth_a0.02	two_feature_and	u_zip_median	<=	1.0	reported_ani_median	>=	0.9764729000000001	32	28	-0.3101021406606682	0.0657421792239674	27	1	-0.16380774902809536	0.0	3	0
genus_raw_mean_breadth_a0.02	two_feature_and	probability_min	>=	0.0	s_zip_median	>=	0.5959485	32	28	-0.3101021406606682	0.0657421792239674	27	1	-0.16380774902809536	0.0	3	0
genus_raw_mean_breadth_a0.02	two_feature_and	probability_min	>=	0.0	reported_ani_median	>=	0.9764729000000001	32	28	-0.3101021406606682	0.0657421792239674	27	1	-0.16380774902809536	0.0	3	0
genus_raw_mean_breadth_a0.02	two_feature_and	reported_ani_median	<=	1.0	s_zip_median	>=	0.5959485	32	28	-0.3101021406606682	0.0657421792239674	27	1	-0.16380774902809536	0.0	3	0
genus_raw_mean_breadth_a0.02	two_feature_and	reported_ani_median	<=	1.0	reported_ani_median	>=	0.9764729000000001	32	28	-0.3101021406606682	0.0657421792239674	27	1	-0.16380774902809536	0.0	3	0
genus_raw_mean_breadth_a0.02	two_feature_and	s_zip_median	>=	0.5959485	reported_ani_median	>=	0.9764729000000001	32	28	-0.3101021406606682	0.0657421792239674	27	1	-0.16380774902809536	0.0	3	0
genus_raw_mean_breadth_a0.02	two_feature_and	candidate_raw_frac	<=	0.02061305909024072	s_breadth_median	>=	0.19547475	32	27	-0.3097444423479288	0.0657421792239674	26	1	-0.16121574215115037	0.0	3	0
genus_raw_mean_breadth_a0.02	two_feature_and	candidate_raw_frac	<=	0.02061305909024072	s_zip_median	>=	0.5959485	32	27	-0.3094277477226595	0.0657421792239674	26	1	-0.16111017727606058	0.0	3	0
genus_raw_mean_breadth_a0.02	two_feature_and	candidate_raw_frac	<=	0.02061305909024072	reported_ani_median	>=	0.9764729000000001	32	27	-0.3094277477226595	0.0657421792239674	26	1	-0.16111017727606058	0.0	3	0
genus_raw_mean_breadth_a0.02	two_feature_and	max_species_per_genus	>=	5.0	s_depth_median	>=	0.26676725	32	27	-0.30869661399628867	0.0657421792239674	26	1	-0.16333924013996887	0.0	3	0
genus_raw_norm_depth_a0.02	single	u_zip_median	>=	0.7228884				32	28	-0.30867948177884263	0.0627280169726596	27	1	-0.16187873672081363	-0.07212814823319509	4	0
genus_raw_norm_depth_a0.02	two_feature_and	n_candidate_calls	>=	0.0	u_zip_median	>=	0.7228884	32	28	-0.30867948177884263	0.0627280169726596	27	1	-0.16187873672081363	-0.07212814823319509	4	0
genus_raw_norm_depth_a0.02	two_feature_and	candidate_call_frac	>=	0.0	u_zip_median	>=	0.7228884	32	28	-0.30867948177884263	0.0627280169726596	27	1	-0.16187873672081363	-0.07212814823319509	4	0
genus_raw_norm_depth_a0.02	two_feature_and	candidate_raw_frac	>=	0.0	u_zip_median	>=	0.7228884	32	28	-0.30867948177884263	0.0627280169726596	27	1	-0.16187873672081363	-0.07212814823319509	4	0
genus_raw_norm_depth_a0.02	two_feature_and	u_zip_median	<=	1.0	u_zip_median	>=	0.7228884	32	28	-0.30867948177884263	0.0627280169726596	27	1	-0.16187873672081363	-0.07212814823319509	4	0
genus_raw_norm_depth_a0.02	two_feature_and	probability_min	>=	0.0	u_zip_median	>=	0.7228884	32	28	-0.30867948177884263	0.0627280169726596	27	1	-0.16187873672081363	-0.07212814823319509	4	0
genus_raw_norm_depth_a0.02	two_feature_and	reported_ani_median	<=	1.0	u_zip_median	>=	0.7228884	32	28	-0.30867948177884263	0.0627280169726596	27	1	-0.16187873672081363	-0.07212814823319509	4	0
genus_raw_hit_breadth_a0.02	single	u_zip_median	>=	0.7228884				32	28	-0.30838200907368707	0.0	28	0	-0.16556769253849346	-0.07017377847653229	4	0
genus_raw_hit_breadth_a0.02	two_feature_and	n_candidate_calls	>=	0.0	u_zip_median	>=	0.7228884	32	28	-0.30838200907368707	0.0	28	0	-0.16556769253849346	-0.07017377847653229	4	0
genus_raw_hit_breadth_a0.02	two_feature_and	candidate_call_frac	>=	0.0	u_zip_median	>=	0.7228884	32	28	-0.30838200907368707	0.0	28	0	-0.16556769253849346	-0.07017377847653229	4	0
genus_raw_hit_breadth_a0.02	two_feature_and	candidate_raw_frac	>=	0.0	u_zip_median	>=	0.7228884	32	28	-0.30838200907368707	0.0	28	0	-0.16556769253849346	-0.07017377847653229	4	0
genus_raw_hit_breadth_a0.02	two_feature_and	u_zip_median	<=	1.0	u_zip_median	>=	0.7228884	32	28	-0.30838200907368707	0.0	28	0	-0.16556769253849346	-0.07017377847653229	4	0
genus_raw_hit_breadth_a0.02	two_feature_and	probability_min	>=	0.0	u_zip_median	>=	0.7228884	32	28	-0.30838200907368707	0.0	28	0	-0.16556769253849346	-0.07017377847653229	4	0
genus_raw_hit_breadth_a0.02	two_feature_and	reported_ani_median	<=	1.0	u_zip_median	>=	0.7228884	32	28	-0.30838200907368707	0.0	28	0	-0.16556769253849346	-0.07017377847653229	4	0
genus_raw_mean_breadth_a0.02	single	u_xny_median	>=	130.2				32	28	-0.30821021231609247	0.0657421792239674	27	1	-0.1631771062465701	0.0	3	0
genus_raw_mean_breadth_a0.02	single	u_breadth_median	>=	0.1302				32	28	-0.30821021231609247	0.0657421792239674	27	1	-0.1631771062465701	0.0	3	0
genus_raw_mean_breadth_a0.02	single	u_depth_median	>=	0.1342				32	28	-0.30821021231609247	0.0657421792239674	27	1	-0.1631771062465701	0.0	3	0
genus_raw_mean_breadth_a0.02	two_feature_and	n_candidate_calls	>=	0.0	u_xny_median	>=	130.2	32	28	-0.30821021231609247	0.0657421792239674	27	1	-0.1631771062465701	0.0	3	0
genus_raw_mean_breadth_a0.02	two_feature_and	n_candidate_calls	>=	0.0	u_breadth_median	>=	0.1302	32	28	-0.30821021231609247	0.0657421792239674	27	1	-0.1631771062465701	0.0	3	0
genus_raw_mean_breadth_a0.02	two_feature_and	n_candidate_calls	>=	0.0	u_depth_median	>=	0.1342	32	28	-0.30821021231609247	0.0657421792239674	27	1	-0.1631771062465701	0.0	3	0
genus_raw_mean_breadth_a0.02	two_feature_and	candidate_call_frac	>=	0.0	u_xny_median	>=	130.2	32	28	-0.30821021231609247	0.0657421792239674	27	1	-0.1631771062465701	0.0	3	0
genus_raw_mean_breadth_a0.02	two_feature_and	candidate_call_frac	>=	0.0	u_breadth_median	>=	0.1302	32	28	-0.30821021231609247	0.0657421792239674	27	1	-0.1631771062465701	0.0	3	0
genus_raw_mean_breadth_a0.02	two_feature_and	candidate_call_frac	>=	0.0	u_depth_median	>=	0.1342	32	28	-0.30821021231609247	0.0657421792239674	27	1	-0.1631771062465701	0.0	3	0
genus_raw_mean_breadth_a0.02	two_feature_and	candidate_raw_frac	>=	0.0	u_xny_median	>=	130.2	32	28	-0.30821021231609247	0.0657421792239674	27	1	-0.1631771062465701	0.0	3	0
genus_raw_mean_breadth_a0.02	two_feature_and	candidate_raw_frac	>=	0.0	u_breadth_median	>=	0.1302	32	28	-0.30821021231609247	0.0657421792239674	27	1	-0.1631771062465701	0.0	3	0
genus_raw_mean_breadth_a0.02	two_feature_and	candidate_raw_frac	>=	0.0	u_depth_median	>=	0.1342	32	28	-0.30821021231609247	0.0657421792239674	27	1	-0.1631771062465701	0.0	3	0
genus_raw_mean_breadth_a0.02	two_feature_and	u_zip_median	<=	1.0	u_xny_median	>=	130.2	32	28	-0.30821021231609247	0.0657421792239674	27	1	-0.1631771062465701	0.0	3	0
genus_raw_mean_breadth_a0.02	two_feature_and	u_zip_median	<=	1.0	u_breadth_median	>=	0.1302	32	28	-0.30821021231609247	0.0657421792239674	27	1	-0.1631771062465701	0.0	3	0
genus_raw_mean_breadth_a0.02	two_feature_and	u_zip_median	<=	1.0	u_depth_median	>=	0.1342	32	28	-0.30821021231609247	0.0657421792239674	27	1	-0.1631771062465701	0.0	3	0
genus_raw_mean_breadth_a0.02	two_feature_and	probability_min	>=	0.0	u_xny_median	>=	130.2	32	28	-0.30821021231609247	0.0657421792239674	27	1	-0.1631771062465701	0.0	3	0
genus_raw_mean_breadth_a0.02	two_feature_and	probability_min	>=	0.0	u_breadth_median	>=	0.1302	32	28	-0.30821021231609247	0.0657421792239674	27	1	-0.1631771062465701	0.0	3	0
genus_raw_mean_breadth_a0.02	two_feature_and	probability_min	>=	0.0	u_depth_median	>=	0.1342	32	28	-0.30821021231609247	0.0657421792239674	27	1	-0.1631771062465701	0.0	3	0
genus_raw_mean_breadth_a0.02	two_feature_and	reported_ani_median	<=	1.0	u_xny_median	>=	130.2	32	28	-0.30821021231609247	0.0657421792239674	27	1	-0.1631771062465701	0.0	3	0
genus_raw_mean_breadth_a0.02	two_feature_and	reported_ani_median	<=	1.0	u_breadth_median	>=	0.1302	32	28	-0.30821021231609247	0.0657421792239674	27	1	-0.1631771062465701	0.0	3	0
genus_raw_mean_breadth_a0.02	two_feature_and	reported_ani_median	<=	1.0	u_depth_median	>=	0.1342	32	28	-0.30821021231609247	0.0657421792239674	27	1	-0.1631771062465701	0.0	3	0
genus_raw_mean_breadth_a0.02	two_feature_and	u_xny_median	>=	130.2	u_breadth_median	>=	0.1302	32	28	-0.30821021231609247	0.0657421792239674	27	1	-0.1631771062465701	0.0	3	0
genus_raw_mean_breadth_a0.02	two_feature_and	u_xny_median	>=	130.2	u_depth_median	>=	0.1342	32	28	-0.30821021231609247	0.0657421792239674	27	1	-0.1631771062465701	0.0	3	0
genus_raw_mean_breadth_a0.02	two_feature_and	u_breadth_median	>=	0.1302	u_depth_median	>=	0.1342	32	28	-0.30821021231609247	0.0657421792239674	27	1	-0.1631771062465701	0.0	3	0
genus_raw_mean_breadth_a0.02	two_feature_and	max_species_per_genus	>=	5.0	s_xny_median	>=	253.15	32	27	-0.307551288771904	0.0657421792239674	26	1	-0.14275862389074329	0.0	3	0
genus_raw_mean_breadth_a0.02	two_feature_and	max_species_per_genus	>=	5.0	s_xny_mean	>=	354.2996483825598	32	27	-0.307551288771904	0.0657421792239674	26	1	-0.14275862389074329	0.0	3	0
genus_raw_mean_breadth_a0.02	two_feature_and	max_species_per_genus	>=	5.0	xny_max_median	>=	253.15	32	27	-0.307551288771904	0.0657421792239674	26	1	-0.14275862389074329	0.0	3	0
genus_raw_mean_breadth_a0.02	two_feature_and	max_species_per_genus	>=	5.0	xny_max_mean	>=	354.2996483825598	32	27	-0.307551288771904	0.0657421792239674	26	1	-0.14275862389074329	0.0	3	0
genus_raw_mean_breadth_a0.02	two_feature_and	candidate_raw_frac	<=	0.02061305909024072	u_xny_median	>=	130.2	32	27	-0.3075358193780838	0.0657421792239674	26	1	-0.16047953449453534	0.0	3	0
genus_raw_mean_breadth_a0.02	two_feature_and	candidate_raw_frac	<=	0.02061305909024072	u_breadth_median	>=	0.1302	32	27	-0.3075358193780838	0.0657421792239674	26	1	-0.16047953449453534	0.0	3	0
genus_raw_mean_breadth_a0.02	two_feature_and	candidate_raw_frac	<=	0.02061305909024072	u_depth_median	>=	0.1342	32	27	-0.3075358193780838	0.0657421792239674	26	1	-0.16047953449453534	0.0	3	0
genus_raw_mean_breadth_a0.02	two_feature_and	base_mass_multi_genus_frac	>=	0.37501510201405147	s_depth_median	>=	0.26676725	32	26	-0.3069439944538625	0.0657421792239674	25	1	-0.16275503362582677	0.0	3	0
genus_raw_hit_breadth_a0.02	two_feature_and	max_species_per_genus	>=	5.0	candidate_raw_frac	<=	0.02061305909024072	32	27	-0.3066592417670924	0.0	27	0	-0.17078709821876029	0.0	3	0
genus_raw_norm_depth_a0.02	two_feature_and	max_species_per_genus	>=	5.0	candidate_raw_frac	<=	0.02061305909024072	32	27	-0.3064743005271988	0.0627280169726596	26	1	-0.16528930818831708	0.0	3	0
genus_raw_hit_breadth_a0.02	single	s_depth_median	>=	0.26676725				32	28	-0.30598220635126727	0.0	28	0	-0.17198202039500532	0.0	3	0
genus_raw_hit_breadth_a0.02	two_feature_and	n_candidate_calls	>=	0.0	s_depth_median	>=	0.26676725	32	28	-0.30598220635126727	0.0	28	0	-0.17198202039500532	0.0	3	0
genus_raw_hit_breadth_a0.02	two_feature_and	candidate_call_frac	>=	0.0	s_depth_median	>=	0.26676725	32	28	-0.30598220635126727	0.0	28	0	-0.17198202039500532	0.0	3	0
genus_raw_hit_breadth_a0.02	two_feature_and	candidate_raw_frac	>=	0.0	s_depth_median	>=	0.26676725	32	28	-0.30598220635126727	0.0	28	0	-0.17198202039500532	0.0	3	0
genus_raw_hit_breadth_a0.02	two_feature_and	u_zip_median	<=	1.0	s_depth_median	>=	0.26676725	32	28	-0.30598220635126727	0.0	28	0	-0.17198202039500532	0.0	3	0
genus_raw_hit_breadth_a0.02	two_feature_and	probability_min	>=	0.0	s_depth_median	>=	0.26676725	32	28	-0.30598220635126727	0.0	28	0	-0.17198202039500532	0.0	3	0
genus_raw_hit_breadth_a0.02	two_feature_and	reported_ani_median	<=	1.0	s_depth_median	>=	0.26676725	32	28	-0.30598220635126727	0.0	28	0	-0.17198202039500532	0.0	3	0
genus_raw_norm_depth_a0.02	single	s_depth_median	>=	0.26676725				32	28	-0.30595745230889876	0.0627280169726596	27	1	-0.16797421694443535	0.0	3	0
genus_raw_norm_depth_a0.02	two_feature_and	n_candidate_calls	>=	0.0	s_depth_median	>=	0.26676725	32	28	-0.30595745230889876	0.0627280169726596	27	1	-0.16797421694443535	0.0	3	0
genus_raw_norm_depth_a0.02	two_feature_and	candidate_call_frac	>=	0.0	s_depth_median	>=	0.26676725	32	28	-0.30595745230889876	0.0627280169726596	27	1	-0.16797421694443535	0.0	3	0
genus_raw_norm_depth_a0.02	two_feature_and	candidate_raw_frac	>=	0.0	s_depth_median	>=	0.26676725	32	28	-0.30595745230889876	0.0627280169726596	27	1	-0.16797421694443535	0.0	3	0
genus_raw_norm_depth_a0.02	two_feature_and	u_zip_median	<=	1.0	s_depth_median	>=	0.26676725	32	28	-0.30595745230889876	0.0627280169726596	27	1	-0.16797421694443535	0.0	3	0
genus_raw_norm_depth_a0.02	two_feature_and	probability_min	>=	0.0	s_depth_median	>=	0.26676725	32	28	-0.30595745230889876	0.0627280169726596	27	1	-0.16797421694443535	0.0	3	0
genus_raw_norm_depth_a0.02	two_feature_and	reported_ani_median	<=	1.0	s_depth_median	>=	0.26676725	32	28	-0.30595745230889876	0.0627280169726596	27	1	-0.16797421694443535	0.0	3	0
genus_raw_mean_breadth_a0.02	two_feature_and	base_mass_multi_genus_frac	>=	0.37501510201405147	s_xny_median	>=	253.15	32	26	-0.30579866922947785	0.0657421792239674	25	1	-0.14217441737660125	0.0	3	0
genus_raw_mean_breadth_a0.02	two_feature_and	base_mass_multi_genus_frac	>=	0.37501510201405147	s_xny_mean	>=	354.2996483825598	32	26	-0.30579866922947785	0.0657421792239674	25	1	-0.14217441737660125	0.0	3	0
genus_raw_mean_breadth_a0.02	two_feature_and	base_mass_multi_genus_frac	>=	0.37501510201405147	xny_max_median	>=	253.15	32	26	-0.30579866922947785	0.0657421792239674	25	1	-0.14217441737660125	0.0	3	0
genus_raw_mean_breadth_a0.02	two_feature_and	base_mass_multi_genus_frac	>=	0.37501510201405147	xny_max_mean	>=	354.2996483825598	32	26	-0.30579866922947785	0.0657421792239674	25	1	-0.14217441737660125	0.0	3	0
genus_raw_mean_breadth_a0.02	two_feature_and	max_species_per_genus	>=	5.0	s_breadth_median	>=	0.19547475	32	27	-0.30578738670348493	0.0657421792239674	26	1	-0.16236949770903425	0.0	3	0
genus_raw_hit_breadth_a0.02	two_feature_and	candidate_raw_frac	<=	0.02061305909024072	s_depth_median	>=	0.26676725	32	27	-0.3055947698108527	0.0	27	0	-0.17043227423334706	0.0	3	0
genus_raw_mean_breadth_a0.02	two_feature_and	max_species_per_genus	>=	5.0	s_zip_median	>=	0.5959485	32	27	-0.30547069207821564	0.0657421792239674	26	1	-0.16226393283394452	0.0	3	0
genus_raw_mean_breadth_a0.02	two_feature_and	max_species_per_genus	>=	5.0	reported_ani_median	>=	0.9764729000000001	32	27	-0.30547069207821564	0.0657421792239674	26	1	-0.16226393283394452	0.0	3	0
genus_raw_hit_breadth_a0.02	two_feature_and	base_mass_multi_genus_frac	>=	0.37501510201405147	candidate_raw_frac	<=	0.02061305909024072	32	26	-0.30535824933169786	0.0	26	0	-0.17035343407362877	0.0	3	0
genus_raw_mean_breadth_a0.02	single	base_genus_count	<=	72.7				32	28	-0.30530765114526964	0.0657421792239674	27	1	-0.1259688768606623	-0.0075849407274948995	4	0
genus_raw_mean_breadth_a0.02	two_feature_and	n_candidate_calls	>=	0.0	base_genus_count	<=	72.7	32	28	-0.30530765114526964	0.0657421792239674	27	1	-0.1259688768606623	-0.0075849407274948995	4	0
genus_raw_mean_breadth_a0.02	two_feature_and	candidate_call_frac	>=	0.0	base_genus_count	<=	72.7	32	28	-0.30530765114526964	0.0657421792239674	27	1	-0.1259688768606623	-0.0075849407274948995	4	0
genus_raw_mean_breadth_a0.02	two_feature_and	candidate_raw_frac	>=	0.0	base_genus_count	<=	72.7	32	28	-0.30530765114526964	0.0657421792239674	27	1	-0.1259688768606623	-0.0075849407274948995	4	0
genus_raw_mean_breadth_a0.02	two_feature_and	u_zip_median	<=	1.0	base_genus_count	<=	72.7	32	28	-0.30530765114526964	0.0657421792239674	27	1	-0.1259688768606623	-0.0075849407274948995	4	0
genus_raw_mean_breadth_a0.02	two_feature_and	probability_min	>=	0.0	base_genus_count	<=	72.7	32	28	-0.30530765114526964	0.0657421792239674	27	1	-0.1259688768606623	-0.0075849407274948995	4	0
genus_raw_mean_breadth_a0.02	two_feature_and	reported_ani_median	<=	1.0	base_genus_count	<=	72.7	32	28	-0.30530765114526964	0.0657421792239674	27	1	-0.1259688768606623	-0.0075849407274948995	4	0
genus_raw_norm_depth_a0.02	two_feature_and	candidate_raw_frac	<=	0.02061305909024072	s_depth_median	>=	0.26676725	32	27	-0.3051782182646574	0.0627280169726596	26	1	-0.16485728076746994	0.0	3	0
genus_raw_norm_depth_a0.02	two_feature_and	base_mass_multi_genus_frac	>=	0.37501510201405147	candidate_raw_frac	<=	0.02061305909024072	32	26	-0.304843348168516	0.0627280169726596	25	1	-0.16474565740208946	0.0	3	0
genus_raw_mean_breadth_a0.02	two_feature_and	s_depth_median	>=	0.26676725	s_xny_median	>=	253.15	32	27	-0.3046714163611281	0.0657421792239674	26	1	-0.14179866642048466	0.0	3	0
genus_raw_mean_breadth_a0.02	two_feature_and	s_depth_median	>=	0.26676725	s_xny_mean	>=	354.2996483825598	32	27	-0.3046714163611281	0.0657421792239674	26	1	-0.14179866642048466	0.0	3	0
genus_raw_mean_breadth_a0.02	two_feature_and	s_depth_median	>=	0.26676725	xny_max_median	>=	253.15	32	27	-0.3046714163611281	0.0657421792239674	26	1	-0.14179866642048466	0.0	3	0
genus_raw_mean_breadth_a0.02	two_feature_and	s_depth_median	>=	0.26676725	xny_max_mean	>=	354.2996483825598	32	27	-0.3046714163611281	0.0657421792239674	26	1	-0.14179866642048466	0.0	3	0
genus_raw_mean_breadth_a0.02	two_feature_and	s_xny_median	>=	253.15	base_genus_count	<=	72.7	32	27	-0.304596562952067	0.0657421792239674	26	1	-0.12407264167878859	0.0	3	0
genus_raw_mean_breadth_a0.02	two_feature_and	s_xny_mean	>=	354.2996483825598	base_genus_count	<=	72.7	32	27	-0.304596562952067	0.0657421792239674	26	1	-0.12407264167878859	0.0	3	0
genus_raw_mean_breadth_a0.02	two_feature_and	xny_max_median	>=	253.15	base_genus_count	<=	72.7	32	27	-0.304596562952067	0.0657421792239674	26	1	-0.12407264167878859	0.0	3	0
genus_raw_mean_breadth_a0.02	two_feature_and	xny_max_mean	>=	354.2996483825598	base_genus_count	<=	72.7	32	27	-0.304596562952067	0.0657421792239674	26	1	-0.12407264167878859	0.0	3	0
genus_raw_mean_breadth_a0.02	single	n_candidate_calls	<=	2.0				32	31	-0.30459126727158436	0.0657421792239674	29	2	-0.17955406567194662	-0.0803806831552573	4	0
genus_raw_mean_breadth_a0.02	two_feature_and	n_candidate_calls	>=	0.0	n_candidate_calls	<=	2.0	32	31	-0.30459126727158436	0.0657421792239674	29	2	-0.17955406567194662	-0.0803806831552573	4	0
genus_raw_mean_breadth_a0.02	two_feature_and	candidate_call_frac	>=	0.0	n_candidate_calls	<=	2.0	32	31	-0.30459126727158436	0.0657421792239674	29	2	-0.17955406567194662	-0.0803806831552573	4	0
genus_raw_mean_breadth_a0.02	two_feature_and	candidate_raw_frac	>=	0.0	n_candidate_calls	<=	2.0	32	31	-0.30459126727158436	0.0657421792239674	29	2	-0.17955406567194662	-0.0803806831552573	4	0
genus_raw_mean_breadth_a0.02	two_feature_and	u_zip_median	<=	1.0	n_candidate_calls	<=	2.0	32	31	-0.30459126727158436	0.0657421792239674	29	2	-0.17955406567194662	-0.0803806831552573	4	0
genus_raw_mean_breadth_a0.02	two_feature_and	probability_min	>=	0.0	n_candidate_calls	<=	2.0	32	31	-0.30459126727158436	0.0657421792239674	29	2	-0.17955406567194662	-0.0803806831552573	4	0
genus_raw_mean_breadth_a0.02	two_feature_and	reported_ani_median	<=	1.0	n_candidate_calls	<=	2.0	32	31	-0.30459126727158436	0.0657421792239674	29	2	-0.17955406567194662	-0.0803806831552573	4	0
genus_raw_norm_depth_a0.02	two_feature_and	max_species_per_genus	>=	5.0	u_zip_median	>=	0.7228884	32	27	-0.30425232455132456	0.0627280169726596	26	1	-0.16040301764497428	-0.07212814823319509	4	0
genus_raw_mean_breadth_a0.02	two_feature_and	base_mass_multi_genus_frac	>=	0.37501510201405147	s_breadth_median	>=	0.19547475	32	26	-0.30403476716105876	0.0657421792239674	25	1	-0.1617852911948922	0.0	3	0
genus_raw_hit_breadth_a0.02	two_feature_and	max_species_per_genus	>=	5.0	u_zip_median	>=	0.7228884	32	27	-0.30395485169437053	0.0	27	0	-0.16409197341205461	-0.07017377847653229	4	0
genus_raw_mean_breadth_a0.02	two_feature_and	candidate_raw_frac	<=	0.02061305909024072	base_genus_count	<=	72.7	32	26	-0.3039221700140583	0.0657421792239674	25	1	-0.12137506992675381	0.0	3	0
genus_raw_mean_breadth_a0.02	two_feature_and	base_mass_multi_genus_frac	>=	0.37501510201405147	s_zip_median	>=	0.5959485	32	26	-0.3037180725357895	0.0657421792239674	25	1	-0.16167972631980243	0.0	3	0
genus_raw_mean_breadth_a0.02	two_feature_and	base_mass_multi_genus_frac	>=	0.37501510201405147	reported_ani_median	>=	0.9764729000000001	32	26	-0.3037180725357895	0.0657421792239674	25	1	-0.16167972631980243	0.0	3	0
genus_raw_mean_breadth_a0.02	two_feature_and	u_zip_median	>=	0.7228884	s_depth_median	>=	0.26676725	32	26	-0.30363277189378446	0.0657421792239674	25	1	-0.13902894784090153	0.0	3	0
genus_raw_mean_breadth_a0.02	two_feature_and	max_species_per_genus	>=	5.0	u_xny_median	>=	130.2	32	27	-0.3035787637336399	0.0657421792239674	26	1	-0.16163329005241928	0.0	3	0
genus_raw_mean_breadth_a0.02	two_feature_and	max_species_per_genus	>=	5.0	u_breadth_median	>=	0.1302	32	27	-0.3035787637336399	0.0657421792239674	26	1	-0.16163329005241928	0.0	3	0
genus_raw_mean_breadth_a0.02	two_feature_and	max_species_per_genus	>=	5.0	u_depth_median	>=	0.1342	32	27	-0.3035787637336399	0.0657421792239674	26	1	-0.16163329005241928	0.0	3	0
genus_raw_mean_breadth_a0.02	two_feature_and	u_zip_median	>=	0.7228884	base_genus_count	<=	72.7	32	26	-0.30355791848472335	0.0657421792239674	25	1	-0.12130292309920547	0.0	2	0
genus_raw_mean_breadth_a0.02	two_feature_and	s_depth_median	>=	0.26676725	s_breadth_median	>=	0.19547475	32	27	-0.302907514292709	0.0657421792239674	26	1	-0.16140954023877563	0.0	3	0
genus_raw_norm_depth_a0.02	single	s_xny_median	>=	253.15				32	28	-0.3028800281652123	0.0627280169726596	27	1	-0.14641352708446603	0.0	3	0
genus_raw_norm_depth_a0.02	single	s_xny_mean	>=	354.2996483825598				32	28	-0.3028800281652123	0.0627280169726596	27	1	-0.14641352708446603	0.0	3	0
genus_raw_norm_depth_a0.02	single	xny_max_median	>=	253.15				32	28	-0.3028800281652123	0.0627280169726596	27	1	-0.14641352708446603	0.0	3	0
genus_raw_norm_depth_a0.02	single	xny_max_mean	>=	354.2996483825598				32	28	-0.3028800281652123	0.0627280169726596	27	1	-0.14641352708446603	0.0	3	0
genus_raw_norm_depth_a0.02	two_feature_and	n_candidate_calls	>=	0.0	s_xny_median	>=	253.15	32	28	-0.3028800281652123	0.0627280169726596	27	1	-0.14641352708446603	0.0	3	0
genus_raw_norm_depth_a0.02	two_feature_and	n_candidate_calls	>=	0.0	s_xny_mean	>=	354.2996483825598	32	28	-0.3028800281652123	0.0627280169726596	27	1	-0.14641352708446603	0.0	3	0
genus_raw_norm_depth_a0.02	two_feature_and	n_candidate_calls	>=	0.0	xny_max_median	>=	253.15	32	28	-0.3028800281652123	0.0627280169726596	27	1	-0.14641352708446603	0.0	3	0
genus_raw_norm_depth_a0.02	two_feature_and	n_candidate_calls	>=	0.0	xny_max_mean	>=	354.2996483825598	32	28	-0.3028800281652123	0.0627280169726596	27	1	-0.14641352708446603	0.0	3	0
genus_raw_norm_depth_a0.02	two_feature_and	candidate_call_frac	>=	0.0	s_xny_median	>=	253.15	32	28	-0.3028800281652123	0.0627280169726596	27	1	-0.14641352708446603	0.0	3	0
genus_raw_norm_depth_a0.02	two_feature_and	candidate_call_frac	>=	0.0	s_xny_mean	>=	354.2996483825598	32	28	-0.3028800281652123	0.0627280169726596	27	1	-0.14641352708446603	0.0	3	0
genus_raw_norm_depth_a0.02	two_feature_and	candidate_call_frac	>=	0.0	xny_max_median	>=	253.15	32	28	-0.3028800281652123	0.0627280169726596	27	1	-0.14641352708446603	0.0	3	0
genus_raw_norm_depth_a0.02	two_feature_and	candidate_call_frac	>=	0.0	xny_max_mean	>=	354.2996483825598	32	28	-0.3028800281652123	0.0627280169726596	27	1	-0.14641352708446603	0.0	3	0
genus_raw_norm_depth_a0.02	two_feature_and	candidate_raw_frac	>=	0.0	s_xny_median	>=	253.15	32	28	-0.3028800281652123	0.0627280169726596	27	1	-0.14641352708446603	0.0	3	0
genus_raw_norm_depth_a0.02	two_feature_and	candidate_raw_frac	>=	0.0	s_xny_mean	>=	354.2996483825598	32	28	-0.3028800281652123	0.0627280169726596	27	1	-0.14641352708446603	0.0	3	0
genus_raw_norm_depth_a0.02	two_feature_and	candidate_raw_frac	>=	0.0	xny_max_median	>=	253.15	32	28	-0.3028800281652123	0.0627280169726596	27	1	-0.14641352708446603	0.0	3	0
genus_raw_norm_depth_a0.02	two_feature_and	candidate_raw_frac	>=	0.0	xny_max_mean	>=	354.2996483825598	32	28	-0.3028800281652123	0.0627280169726596	27	1	-0.14641352708446603	0.0	3	0
genus_raw_norm_depth_a0.02	two_feature_and	u_zip_median	<=	1.0	s_xny_median	>=	253.15	32	28	-0.3028800281652123	0.0627280169726596	27	1	-0.14641352708446603	0.0	3	0
genus_raw_norm_depth_a0.02	two_feature_and	u_zip_median	<=	1.0	s_xny_mean	>=	354.2996483825598	32	28	-0.3028800281652123	0.0627280169726596	27	1	-0.14641352708446603	0.0	3	0
genus_raw_norm_depth_a0.02	two_feature_and	u_zip_median	<=	1.0	xny_max_median	>=	253.15	32	28	-0.3028800281652123	0.0627280169726596	27	1	-0.14641352708446603	0.0	3	0
genus_raw_norm_depth_a0.02	two_feature_and	u_zip_median	<=	1.0	xny_max_mean	>=	354.2996483825598	32	28	-0.3028800281652123	0.0627280169726596	27	1	-0.14641352708446603	0.0	3	0
genus_raw_norm_depth_a0.02	two_feature_and	probability_min	>=	0.0	s_xny_median	>=	253.15	32	28	-0.3028800281652123	0.0627280169726596	27	1	-0.14641352708446603	0.0	3	0
genus_raw_norm_depth_a0.02	two_feature_and	probability_min	>=	0.0	s_xny_mean	>=	354.2996483825598	32	28	-0.3028800281652123	0.0627280169726596	27	1	-0.14641352708446603	0.0	3	0
genus_raw_norm_depth_a0.02	two_feature_and	probability_min	>=	0.0	xny_max_median	>=	253.15	32	28	-0.3028800281652123	0.0627280169726596	27	1	-0.14641352708446603	0.0	3	0
genus_raw_norm_depth_a0.02	two_feature_and	probability_min	>=	0.0	xny_max_mean	>=	354.2996483825598	32	28	-0.3028800281652123	0.0627280169726596	27	1	-0.14641352708446603	0.0	3	0
genus_raw_norm_depth_a0.02	two_feature_and	reported_ani_median	<=	1.0	s_xny_median	>=	253.15	32	28	-0.3028800281652123	0.0627280169726596	27	1	-0.14641352708446603	0.0	3	0
genus_raw_norm_depth_a0.02	two_feature_and	reported_ani_median	<=	1.0	s_xny_mean	>=	354.2996483825598	32	28	-0.3028800281652123	0.0627280169726596	27	1	-0.14641352708446603	0.0	3	0
genus_raw_norm_depth_a0.02	two_feature_and	reported_ani_median	<=	1.0	xny_max_median	>=	253.15	32	28	-0.3028800281652123	0.0627280169726596	27	1	-0.14641352708446603	0.0	3	0
genus_raw_norm_depth_a0.02	two_feature_and	reported_ani_median	<=	1.0	xny_max_mean	>=	354.2996483825598	32	28	-0.3028800281652123	0.0627280169726596	27	1	-0.14641352708446603	0.0	3	0
genus_raw_norm_depth_a0.02	two_feature_and	s_xny_median	>=	253.15	s_xny_mean	>=	354.2996483825598	32	28	-0.3028800281652123	0.0627280169726596	27	1	-0.14641352708446603	0.0	3	0
genus_raw_norm_depth_a0.02	two_feature_and	s_xny_median	>=	253.15	xny_max_median	>=	253.15	32	28	-0.3028800281652123	0.0627280169726596	27	1	-0.14641352708446603	0.0	3	0
genus_raw_norm_depth_a0.02	two_feature_and	s_xny_median	>=	253.15	xny_max_mean	>=	354.2996483825598	32	28	-0.3028800281652123	0.0627280169726596	27	1	-0.14641352708446603	0.0	3	0
genus_raw_norm_depth_a0.02	two_feature_and	s_xny_mean	>=	354.2996483825598	xny_max_median	>=	253.15	32	28	-0.3028800281652123	0.0627280169726596	27	1	-0.14641352708446603	0.0	3	0
genus_raw_norm_depth_a0.02	two_feature_and	s_xny_mean	>=	354.2996483825598	xny_max_mean	>=	354.2996483825598	32	28	-0.3028800281652123	0.0627280169726596	27	1	-0.14641352708446603	0.0	3	0
genus_raw_norm_depth_a0.02	two_feature_and	xny_max_median	>=	253.15	xny_max_mean	>=	354.2996483825598	32	28	-0.3028800281652123	0.0627280169726596	27	1	-0.14641352708446603	0.0	3	0
genus_raw_hit_breadth_a0.02	single	s_xny_median	>=	253.15				32	28	-0.3027592801752062	0.0	28	0	-0.1505737488092112	0.0	3	0
genus_raw_hit_breadth_a0.02	single	s_xny_mean	>=	354.2996483825598				32	28	-0.3027592801752062	0.0	28	0	-0.1505737488092112	0.0	3	0
genus_raw_hit_breadth_a0.02	single	xny_max_median	>=	253.15				32	28	-0.3027592801752062	0.0	28	0	-0.1505737488092112	0.0	3	0
genus_raw_hit_breadth_a0.02	single	xny_max_mean	>=	354.2996483825598				32	28	-0.3027592801752062	0.0	28	0	-0.1505737488092112	0.0	3	0
genus_raw_hit_breadth_a0.02	two_feature_and	n_candidate_calls	>=	0.0	s_xny_median	>=	253.15	32	28	-0.3027592801752062	0.0	28	0	-0.1505737488092112	0.0	3	0
genus_raw_hit_breadth_a0.02	two_feature_and	n_candidate_calls	>=	0.0	s_xny_mean	>=	354.2996483825598	32	28	-0.3027592801752062	0.0	28	0	-0.1505737488092112	0.0	3	0
genus_raw_hit_breadth_a0.02	two_feature_and	n_candidate_calls	>=	0.0	xny_max_median	>=	253.15	32	28	-0.3027592801752062	0.0	28	0	-0.1505737488092112	0.0	3	0
genus_raw_hit_breadth_a0.02	two_feature_and	n_candidate_calls	>=	0.0	xny_max_mean	>=	354.2996483825598	32	28	-0.3027592801752062	0.0	28	0	-0.1505737488092112	0.0	3	0
genus_raw_hit_breadth_a0.02	two_feature_and	candidate_call_frac	>=	0.0	s_xny_median	>=	253.15	32	28	-0.3027592801752062	0.0	28	0	-0.1505737488092112	0.0	3	0
genus_raw_hit_breadth_a0.02	two_feature_and	candidate_call_frac	>=	0.0	s_xny_mean	>=	354.2996483825598	32	28	-0.3027592801752062	0.0	28	0	-0.1505737488092112	0.0	3	0
genus_raw_hit_breadth_a0.02	two_feature_and	candidate_call_frac	>=	0.0	xny_max_median	>=	253.15	32	28	-0.3027592801752062	0.0	28	0	-0.1505737488092112	0.0	3	0
genus_raw_hit_breadth_a0.02	two_feature_and	candidate_call_frac	>=	0.0	xny_max_mean	>=	354.2996483825598	32	28	-0.3027592801752062	0.0	28	0	-0.1505737488092112	0.0	3	0
genus_raw_hit_breadth_a0.02	two_feature_and	candidate_raw_frac	>=	0.0	s_xny_median	>=	253.15	32	28	-0.3027592801752062	0.0	28	0	-0.1505737488092112	0.0	3	0
genus_raw_hit_breadth_a0.02	two_feature_and	candidate_raw_frac	>=	0.0	s_xny_mean	>=	354.2996483825598	32	28	-0.3027592801752062	0.0	28	0	-0.1505737488092112	0.0	3	0
genus_raw_hit_breadth_a0.02	two_feature_and	candidate_raw_frac	>=	0.0	xny_max_median	>=	253.15	32	28	-0.3027592801752062	0.0	28	0	-0.1505737488092112	0.0	3	0
genus_raw_hit_breadth_a0.02	two_feature_and	candidate_raw_frac	>=	0.0	xny_max_mean	>=	354.2996483825598	32	28	-0.3027592801752062	0.0	28	0	-0.1505737488092112	0.0	3	0
genus_raw_hit_breadth_a0.02	two_feature_and	u_zip_median	<=	1.0	s_xny_median	>=	253.15	32	28	-0.3027592801752062	0.0	28	0	-0.1505737488092112	0.0	3	0
genus_raw_hit_breadth_a0.02	two_feature_and	u_zip_median	<=	1.0	s_xny_mean	>=	354.2996483825598	32	28	-0.3027592801752062	0.0	28	0	-0.1505737488092112	0.0	3	0
genus_raw_hit_breadth_a0.02	two_feature_and	u_zip_median	<=	1.0	xny_max_median	>=	253.15	32	28	-0.3027592801752062	0.0	28	0	-0.1505737488092112	0.0	3	0
genus_raw_hit_breadth_a0.02	two_feature_and	u_zip_median	<=	1.0	xny_max_mean	>=	354.2996483825598	32	28	-0.3027592801752062	0.0	28	0	-0.1505737488092112	0.0	3	0
genus_raw_hit_breadth_a0.02	two_feature_and	probability_min	>=	0.0	s_xny_median	>=	253.15	32	28	-0.3027592801752062	0.0	28	0	-0.1505737488092112	0.0	3	0
genus_raw_hit_breadth_a0.02	two_feature_and	probability_min	>=	0.0	s_xny_mean	>=	354.2996483825598	32	28	-0.3027592801752062	0.0	28	0	-0.1505737488092112	0.0	3	0
genus_raw_hit_breadth_a0.02	two_feature_and	probability_min	>=	0.0	xny_max_median	>=	253.15	32	28	-0.3027592801752062	0.0	28	0	-0.1505737488092112	0.0	3	0
genus_raw_hit_breadth_a0.02	two_feature_and	probability_min	>=	0.0	xny_max_mean	>=	354.2996483825598	32	28	-0.3027592801752062	0.0	28	0	-0.1505737488092112	0.0	3	0
genus_raw_hit_breadth_a0.02	two_feature_and	reported_ani_median	<=	1.0	s_xny_median	>=	253.15	32	28	-0.3027592801752062	0.0	28	0	-0.1505737488092112	0.0	3	0
genus_raw_hit_breadth_a0.02	two_feature_and	reported_ani_median	<=	1.0	s_xny_mean	>=	354.2996483825598	32	28	-0.3027592801752062	0.0	28	0	-0.1505737488092112	0.0	3	0
genus_raw_hit_breadth_a0.02	two_feature_and	reported_ani_median	<=	1.0	xny_max_median	>=	253.15	32	28	-0.3027592801752062	0.0	28	0	-0.1505737488092112	0.0	3	0
genus_raw_hit_breadth_a0.02	two_feature_and	reported_ani_median	<=	1.0	xny_max_mean	>=	354.2996483825598	32	28	-0.3027592801752062	0.0	28	0	-0.1505737488092112	0.0	3	0
genus_raw_hit_breadth_a0.02	two_feature_and	s_xny_median	>=	253.15	s_xny_mean	>=	354.2996483825598	32	28	-0.3027592801752062	0.0	28	0	-0.1505737488092112	0.0	3	0
genus_raw_hit_breadth_a0.02	two_feature_and	s_xny_median	>=	253.15	xny_max_median	>=	253.15	32	28	-0.3027592801752062	0.0	28	0	-0.1505737488092112	0.0	3	0
genus_raw_hit_breadth_a0.02	two_feature_and	s_xny_median	>=	253.15	xny_max_mean	>=	354.2996483825598	32	28	-0.3027592801752062	0.0	28	0	-0.1505737488092112	0.0	3	0
genus_raw_hit_breadth_a0.02	two_feature_and	s_xny_mean	>=	354.2996483825598	xny_max_median	>=	253.15	32	28	-0.3027592801752062	0.0	28	0	-0.1505737488092112	0.0	3	0
genus_raw_hit_breadth_a0.02	two_feature_and	s_xny_mean	>=	354.2996483825598	xny_max_mean	>=	354.2996483825598	32	28	-0.3027592801752062	0.0	28	0	-0.1505737488092112	0.0	3	0
genus_raw_hit_breadth_a0.02	two_feature_and	xny_max_median	>=	253.15	xny_max_mean	>=	354.2996483825598	32	28	-0.3027592801752062	0.0	28	0	-0.1505737488092112	0.0	3	0
genus_raw_hit_breadth_a0.02	two_feature_and	base_mass_multi_genus_frac	>=	0.37501510201405147	u_zip_median	>=	0.7228884	32	26	-0.3026538592589759	0.0	26	0	-0.1636583092669231	-0.07017377847653229	4	0
genus_raw_norm_depth_a0.02	two_feature_and	base_mass_multi_genus_frac	>=	0.37501510201405147	u_zip_median	>=	0.7228884	32	26	-0.30262137219264174	0.0627280169726596	25	1	-0.15985936685874666	-0.07212814823319509	4	0
genus_raw_mean_breadth_a0.02	two_feature_and	s_depth_median	>=	0.26676725	s_zip_median	>=	0.5959485	32	27	-0.3025908196674397	0.0657421792239674	26	1	-0.16130397536368585	0.0	3	0
genus_raw_mean_breadth_a0.02	two_feature_and	s_depth_median	>=	0.26676725	reported_ani_median	>=	0.9764729000000001	32	27	-0.3025908196674397	0.0657421792239674	26	1	-0.16130397536368585	0.0	3	0
genus_raw_hit_breadth_a0.02	two_feature_and	candidate_raw_frac	<=	0.02061305909024072	s_xny_median	>=	253.15	32	27	-0.30237184363479164	0.0	27	0	-0.14902400264755294	0.0	3	0
genus_raw_hit_breadth_a0.02	two_feature_and	candidate_raw_frac	<=	0.02061305909024072	s_xny_mean	>=	354.2996483825598	32	27	-0.30237184363479164	0.0	27	0	-0.14902400264755294	0.0	3	0
genus_raw_hit_breadth_a0.02	two_feature_and	candidate_raw_frac	<=	0.02061305909024072	xny_max_median	>=	253.15	32	27	-0.30237184363479164	0.0	27	0	-0.14902400264755294	0.0	3	0
genus_raw_hit_breadth_a0.02	two_feature_and	candidate_raw_frac	<=	0.02061305909024072	xny_max_mean	>=	354.2996483825598	32	27	-0.30237184363479164	0.0	27	0	-0.14902400264755294	0.0	3	0
genus_raw_norm_depth_a0.02	two_feature_and	candidate_raw_frac	<=	0.02061305909024072	s_xny_median	>=	253.15	32	27	-0.30210079412097096	0.0627280169726596	26	1	-0.14329659090750063	0.0	3	0
genus_raw_norm_depth_a0.02	two_feature_and	candidate_raw_frac	<=	0.02061305909024072	s_xny_mean	>=	354.2996483825598	32	27	-0.30210079412097096	0.0627280169726596	26	1	-0.14329659090750063	0.0	3	0
genus_raw_norm_depth_a0.02	two_feature_and	candidate_raw_frac	<=	0.02061305909024072	xny_max_median	>=	253.15	32	27	-0.30210079412097096	0.0627280169726596	26	1	-0.14329659090750063	0.0	3	0
genus_raw_norm_depth_a0.02	two_feature_and	candidate_raw_frac	<=	0.02061305909024072	xny_max_mean	>=	354.2996483825598	32	27	-0.30210079412097096	0.0627280169726596	26	1	-0.14329659090750063	0.0	3	0
genus_raw_norm_depth_a0.02	two_feature_and	u_zip_median	>=	0.7228884	s_xny_median	>=	253.15	32	27	-0.3019174678819806	0.0627280169726596	26	1	-0.14384669966251484	0.0	3	0
genus_raw_norm_depth_a0.02	two_feature_and	u_zip_median	>=	0.7228884	s_xny_mean	>=	354.2996483825598	32	27	-0.3019174678819806	0.0627280169726596	26	1	-0.14384669966251484	0.0	3	0
genus_raw_norm_depth_a0.02	two_feature_and	u_zip_median	>=	0.7228884	xny_max_median	>=	253.15	32	27	-0.3019174678819806	0.0627280169726596	26	1	-0.14384669966251484	0.0	3	0
genus_raw_norm_depth_a0.02	two_feature_and	u_zip_median	>=	0.7228884	xny_max_mean	>=	354.2996483825598	32	27	-0.3019174678819806	0.0627280169726596	26	1	-0.14384669966251484	0.0	3	0
genus_raw_mean_breadth_a0.02	two_feature_and	base_mass_multi_genus_frac	>=	0.37501510201405147	u_xny_median	>=	130.2	32	26	-0.30182614419121373	0.0657421792239674	25	1	-0.16104908353827718	0.0	3	0
genus_raw_mean_breadth_a0.02	two_feature_and	base_mass_multi_genus_frac	>=	0.37501510201405147	u_breadth_median	>=	0.1302	32	26	-0.30182614419121373	0.0657421792239674	25	1	-0.16104908353827718	0.0	3	0
genus_raw_mean_breadth_a0.02	two_feature_and	base_mass_multi_genus_frac	>=	0.37501510201405147	u_depth_median	>=	0.1342	32	26	-0.30182614419121373	0.0657421792239674	25	1	-0.16104908353827718	0.0	3	0
genus_raw_hit_breadth_a0.02	two_feature_and	u_zip_median	>=	0.7228884	s_xny_median	>=	253.15	32	27	-0.30180321734151216	0.0	27	0	-0.14802424791936036	0.0	3	0
genus_raw_hit_breadth_a0.02	two_feature_and	u_zip_median	>=	0.7228884	s_xny_mean	>=	354.2996483825598	32	27	-0.30180321734151216	0.0	27	0	-0.14802424791936036	0.0	3	0
genus_raw_hit_breadth_a0.02	two_feature_and	u_zip_median	>=	0.7228884	xny_max_median	>=	253.15	32	27	-0.30180321734151216	0.0	27	0	-0.14802424791936036	0.0	3	0
genus_raw_hit_breadth_a0.02	two_feature_and	u_zip_median	>=	0.7228884	xny_max_mean	>=	354.2996483825598	32	27	-0.30180321734151216	0.0	27	0	-0.14802424791936036	0.0	3	0
genus_raw_mean_breadth_a0.02	two_feature_and	s_xny_median	>=	253.15	s_breadth_median	>=	0.19547475	32	27	-0.30176218906832436	0.0657421792239674	26	1	-0.14082892398955008	0.0	3	0
genus_raw_mean_breadth_a0.02	two_feature_and	s_xny_mean	>=	354.2996483825598	s_breadth_median	>=	0.19547475	32	27	-0.30176218906832436	0.0657421792239674	26	1	-0.14082892398955008	0.0	3	0
genus_raw_mean_breadth_a0.02	two_feature_and	xny_max_median	>=	253.15	s_breadth_median	>=	0.19547475	32	27	-0.30176218906832436	0.0657421792239674	26	1	-0.14082892398955008	0.0	3	0
genus_raw_mean_breadth_a0.02	two_feature_and	xny_max_mean	>=	354.2996483825598	s_breadth_median	>=	0.19547475	32	27	-0.30176218906832436	0.0657421792239674	26	1	-0.14082892398955008	0.0	3	0
genus_raw_hit_breadth_a0.02	two_feature_and	max_species_per_genus	>=	5.0	s_depth_median	>=	0.26676725	32	27	-0.30155504897195073	0.0	27	0	-0.17050630126856647	0.0	3	0
genus_raw_norm_depth_a0.02	two_feature_and	max_species_per_genus	>=	5.0	s_depth_median	>=	0.26676725	32	27	-0.3015302950813807	0.0627280169726596	26	1	-0.166498497868596	0.0	3	0
genus_raw_mean_breadth_a0.02	two_feature_and	s_xny_median	>=	253.15	s_zip_median	>=	0.5959485	32	27	-0.3014454944430551	0.0657421792239674	26	1	-0.14072335911446032	0.0	3	0
genus_raw_mean_breadth_a0.02	two_feature_and	s_xny_median	>=	253.15	reported_ani_median	>=	0.9764729000000001	32	27	-0.3014454944430551	0.0657421792239674	26	1	-0.14072335911446032	0.0	3	0
genus_raw_mean_breadth_a0.02	two_feature_and	s_xny_mean	>=	354.2996483825598	s_zip_median	>=	0.5959485	32	27	-0.3014454944430551	0.0657421792239674	26	1	-0.14072335911446032	0.0	3	0
genus_raw_mean_breadth_a0.02	two_feature_and	s_xny_mean	>=	354.2996483825598	reported_ani_median	>=	0.9764729000000001	32	27	-0.3014454944430551	0.0657421792239674	26	1	-0.14072335911446032	0.0	3	0
genus_raw_mean_breadth_a0.02	two_feature_and	xny_max_median	>=	253.15	s_zip_median	>=	0.5959485	32	27	-0.3014454944430551	0.0657421792239674	26	1	-0.14072335911446032	0.0	3	0
genus_raw_mean_breadth_a0.02	two_feature_and	xny_max_median	>=	253.15	reported_ani_median	>=	0.9764729000000001	32	27	-0.3014454944430551	0.0657421792239674	26	1	-0.14072335911446032	0.0	3	0
genus_raw_mean_breadth_a0.02	two_feature_and	xny_max_mean	>=	354.2996483825598	s_zip_median	>=	0.5959485	32	27	-0.3014454944430551	0.0657421792239674	26	1	-0.14072335911446032	0.0	3	0
genus_raw_mean_breadth_a0.02	two_feature_and	xny_max_mean	>=	354.2996483825598	reported_ani_median	>=	0.9764729000000001	32	27	-0.3014454944430551	0.0657421792239674	26	1	-0.14072335911446032	0.0	3	0
genus_raw_hit_breadth_a0.02	two_feature_and	candidate_raw_frac	<=	0.02061305909024072	u_zip_median	>=	0.7228884	32	26	-0.30141578080109754	0.0	26	0	-0.1464745017577021	0.0	3	0
genus_raw_norm_depth_a0.02	two_feature_and	candidate_raw_frac	<=	0.02061305909024072	u_zip_median	>=	0.7228884	32	26	-0.3011382338377393	0.0627280169726596	25	1	-0.14072976348554944	0.0	3	0
genus_raw_norm_depth_a0.02	single	s_breadth_median	>=	0.19547475				32	28	-0.30102605256679965	0.0627280169726596	27	1	-0.1663304170304023	0.0	3	0
genus_raw_norm_depth_a0.02	two_feature_and	n_candidate_calls	>=	0.0	s_breadth_median	>=	0.19547475	32	28	-0.30102605256679965	0.0627280169726596	27	1	-0.1663304170304023	0.0	3	0
genus_raw_norm_depth_a0.02	two_feature_and	candidate_call_frac	>=	0.0	s_breadth_median	>=	0.19547475	32	28	-0.30102605256679965	0.0627280169726596	27	1	-0.1663304170304023	0.0	3	0
genus_raw_norm_depth_a0.02	two_feature_and	candidate_raw_frac	>=	0.0	s_breadth_median	>=	0.19547475	32	28	-0.30102605256679965	0.0627280169726596	27	1	-0.1663304170304023	0.0	3	0
genus_raw_norm_depth_a0.02	two_feature_and	u_zip_median	<=	1.0	s_breadth_median	>=	0.19547475	32	28	-0.30102605256679965	0.0627280169726596	27	1	-0.1663304170304023	0.0	3	0
genus_raw_norm_depth_a0.02	two_feature_and	probability_min	>=	0.0	s_breadth_median	>=	0.19547475	32	28	-0.30102605256679965	0.0627280169726596	27	1	-0.1663304170304023	0.0	3	0
genus_raw_norm_depth_a0.02	two_feature_and	reported_ani_median	<=	1.0	s_breadth_median	>=	0.19547475	32	28	-0.30102605256679965	0.0627280169726596	27	1	-0.1663304170304023	0.0	3	0
genus_raw_mean_breadth_a0.02	single	base_mass_multi_genus_frac	>=	0.6211112684378163				32	25	-0.3009947788849917	0.0657421792239674	24	1	-0.1613335906563267	-0.0107902870081391	4	0
genus_raw_mean_breadth_a0.02	two_feature_and	n_candidate_calls	>=	0.0	base_mass_multi_genus_frac	>=	0.6211112684378163	32	25	-0.3009947788849917	0.0657421792239674	24	1	-0.1613335906563267	-0.0107902870081391	4	0
genus_raw_mean_breadth_a0.02	two_feature_and	candidate_call_frac	>=	0.0	base_mass_multi_genus_frac	>=	0.6211112684378163	32	25	-0.3009947788849917	0.0657421792239674	24	1	-0.1613335906563267	-0.0107902870081391	4	0
genus_raw_mean_breadth_a0.02	two_feature_and	candidate_raw_frac	>=	0.0	base_mass_multi_genus_frac	>=	0.6211112684378163	32	25	-0.3009947788849917	0.0657421792239674	24	1	-0.1613335906563267	-0.0107902870081391	4	0
genus_raw_mean_breadth_a0.02	two_feature_and	u_zip_median	<=	1.0	base_mass_multi_genus_frac	>=	0.6211112684378163	32	25	-0.3009947788849917	0.0657421792239674	24	1	-0.1613335906563267	-0.0107902870081391	4	0
genus_raw_mean_breadth_a0.02	two_feature_and	probability_min	>=	0.0	base_mass_multi_genus_frac	>=	0.6211112684378163	32	25	-0.3009947788849917	0.0657421792239674	24	1	-0.1613335906563267	-0.0107902870081391	4	0
genus_raw_mean_breadth_a0.02	two_feature_and	reported_ani_median	<=	1.0	base_mass_multi_genus_frac	>=	0.6211112684378163	32	25	-0.3009947788849917	0.0657421792239674	24	1	-0.1613335906563267	-0.0107902870081391	4	0
genus_raw_mean_breadth_a0.02	two_feature_and	max_species_per_genus	>=	5.0	base_mass_multi_genus_frac	>=	0.6211112684378163	32	25	-0.3009947788849917	0.0657421792239674	24	1	-0.1613335906563267	-0.0107902870081391	4	0
genus_raw_mean_breadth_a0.02	two_feature_and	u_zip_median	>=	0.7228884	s_breadth_median	>=	0.19547475	32	26	-0.3007235446009807	0.0657421792239674	25	1	-0.13805920540996697	0.0	3	0
genus_raw_mean_breadth_a0.02	two_feature_and	s_depth_median	>=	0.26676725	u_xny_median	>=	130.2	32	27	-0.300698891322864	0.0657421792239674	26	1	-0.1606733325821606	0.0	3	0
genus_raw_mean_breadth_a0.02	two_feature_and	s_depth_median	>=	0.26676725	u_breadth_median	>=	0.1302	32	27	-0.300698891322864	0.0657421792239674	26	1	-0.1606733325821606	0.0	3	0
genus_raw_mean_breadth_a0.02	two_feature_and	s_depth_median	>=	0.26676725	u_depth_median	>=	0.1342	32	27	-0.300698891322864	0.0657421792239674	26	1	-0.1606733325821606	0.0	3	0
genus_raw_mean_breadth_a0.02	two_feature_and	max_species_per_genus	>=	5.0	base_genus_count	<=	72.7	32	27	-0.3006762025628171	0.0657421792239674	26	1	-0.12442506066651145	-0.0075849407274948995	4	0
genus_raw_mean_breadth_a0.02	single	s_depth_median	<=	5.294014250000002				32	28	-0.3004388188133732	0.0657421792239674	26	2	-0.17816991618587624	-0.0803806831552573	4	0
genus_raw_mean_breadth_a0.02	two_feature_and	u_zip_median	>=	0.7228884	s_zip_median	>=	0.5959485	32	26	-0.30040684997571143	0.0657421792239674	25	1	-0.1379536405348772	0.0	3	0
genus_raw_mean_breadth_a0.02	two_feature_and	u_zip_median	>=	0.7228884	reported_ani_median	>=	0.9764729000000001	32	26	-0.30040684997571143	0.0657421792239674	25	1	-0.1379536405348772	0.0	3	0
genus_raw_hit_breadth_a0.02	two_feature_and	base_mass_multi_genus_frac	>=	0.37501510201405147	s_depth_median	>=	0.26676725	32	26	-0.3002540565365562	0.0	26	0	-0.17007263712343496	0.0	3	0
genus_raw_norm_depth_a0.02	two_feature_and	candidate_raw_frac	<=	0.02061305909024072	s_breadth_median	>=	0.19547475	32	27	-0.3002468185225583	0.0627280169726596	26	1	-0.1632134808534369	0.0	3	0
genus_raw_mean_breadth_a0.02	single	s_xny_median	<=	922.05				32	28	-0.3000676693346579	0.0657421792239674	26	2	-0.17804619969297114	-0.0803806831552573	4	0
genus_raw_mean_breadth_a0.02	single	s_xny_mean	<=	848.9395833333334				32	28	-0.3000676693346579	0.0657421792239674	26	2	-0.17804619969297114	-0.0803806831552573	4	0
genus_raw_mean_breadth_a0.02	single	xny_max_median	<=	922.05				32	28	-0.3000676693346579	0.0657421792239674	26	2	-0.17804619969297114	-0.0803806831552573	4	0
genus_raw_mean_breadth_a0.02	single	xny_max_mean	<=	848.9395833333334				32	28	-0.3000676693346579	0.0657421792239674	26	2	-0.17804619969297114	-0.0803806831552573	4	0
genus_raw_hit_breadth_a0.02	single	s_breadth_median	>=	0.19547475				32	28	-0.2999733572172133	0.0	28	0	-0.16997907068365398	0.0	3	0
genus_raw_hit_breadth_a0.02	two_feature_and	n_candidate_calls	>=	0.0	s_breadth_median	>=	0.19547475	32	28	-0.2999733572172133	0.0	28	0	-0.16997907068365398	0.0	3	0
genus_raw_hit_breadth_a0.02	two_feature_and	candidate_call_frac	>=	0.0	s_breadth_median	>=	0.19547475	32	28	-0.2999733572172133	0.0	28	0	-0.16997907068365398	0.0	3	0
genus_raw_hit_breadth_a0.02	two_feature_and	candidate_raw_frac	>=	0.0	s_breadth_median	>=	0.19547475	32	28	-0.2999733572172133	0.0	28	0	-0.16997907068365398	0.0	3	0
genus_raw_hit_breadth_a0.02	two_feature_and	u_zip_median	<=	1.0	s_breadth_median	>=	0.19547475	32	28	-0.2999733572172133	0.0	28	0	-0.16997907068365398	0.0	3	0
genus_raw_hit_breadth_a0.02	two_feature_and	probability_min	>=	0.0	s_breadth_median	>=	0.19547475	32	28	-0.2999733572172133	0.0	28	0	-0.16997907068365398	0.0	3	0
genus_raw_hit_breadth_a0.02	two_feature_and	reported_ani_median	<=	1.0	s_breadth_median	>=	0.19547475	32	28	-0.2999733572172133	0.0	28	0	-0.16997907068365398	0.0	3	0
genus_raw_mean_breadth_a0.02	two_feature_and	max_species_per_genus	>=	5.0	n_candidate_calls	<=	2.0	32	30	-0.2999598186891318	0.0657421792239674	28	2	-0.17801024947779576	-0.0803806831552573	4	0
genus_raw_norm_depth_a0.02	two_feature_and	base_mass_multi_genus_frac	>=	0.37501510201405147	s_depth_median	>=	0.26676725	32	26	-0.29989934272269786	0.0627280169726596	25	1	-0.16595484708236838	0.0	3	0
genus_raw_mean_breadth_a0.02	two_feature_and	s_breadth_median	>=	0.19547475	s_zip_median	>=	0.5959485	32	27	-0.299681592374636	0.0657421792239674	26	1	-0.16033423293275129	0.0	3	0
genus_raw_mean_breadth_a0.02	two_feature_and	s_breadth_median	>=	0.19547475	reported_ani_median	>=	0.9764729000000001	32	27	-0.299681592374636	0.0657421792239674	26	1	-0.16033423293275129	0.0	3	0
genus_raw_hit_breadth_a0.02	single	u_xny_median	>=	130.2				32	28	-0.29966450699922276	0.0	28	0	-0.16987612061099044	0.0	3	0
genus_raw_hit_breadth_a0.02	single	u_breadth_median	>=	0.1302				32	28	-0.29966450699922276	0.0	28	0	-0.16987612061099044	0.0	3	0
genus_raw_hit_breadth_a0.02	single	u_depth_median	>=	0.1342				32	28	-0.29966450699922276	0.0	28	0	-0.16987612061099044	0.0	3	0
genus_raw_hit_breadth_a0.02	two_feature_and	n_candidate_calls	>=	0.0	u_xny_median	>=	130.2	32	28	-0.29966450699922276	0.0	28	0	-0.16987612061099044	0.0	3	0
genus_raw_hit_breadth_a0.02	two_feature_and	n_candidate_calls	>=	0.0	u_breadth_median	>=	0.1302	32	28	-0.29966450699922276	0.0	28	0	-0.16987612061099044	0.0	3	0
genus_raw_hit_breadth_a0.02	two_feature_and	n_candidate_calls	>=	0.0	u_depth_median	>=	0.1342	32	28	-0.29966450699922276	0.0	28	0	-0.16987612061099044	0.0	3	0
genus_raw_hit_breadth_a0.02	two_feature_and	candidate_call_frac	>=	0.0	u_xny_median	>=	130.2	32	28	-0.29966450699922276	0.0	28	0	-0.16987612061099044	0.0	3	0
genus_raw_hit_breadth_a0.02	two_feature_and	candidate_call_frac	>=	0.0	u_breadth_median	>=	0.1302	32	28	-0.29966450699922276	0.0	28	0	-0.16987612061099044	0.0	3	0
genus_raw_hit_breadth_a0.02	two_feature_and	candidate_call_frac	>=	0.0	u_depth_median	>=	0.1342	32	28	-0.29966450699922276	0.0	28	0	-0.16987612061099044	0.0	3	0
genus_raw_hit_breadth_a0.02	two_feature_and	candidate_raw_frac	>=	0.0	u_xny_median	>=	130.2	32	28	-0.29966450699922276	0.0	28	0	-0.16987612061099044	0.0	3	0
genus_raw_hit_breadth_a0.02	two_feature_and	candidate_raw_frac	>=	0.0	u_breadth_median	>=	0.1302	32	28	-0.29966450699922276	0.0	28	0	-0.16987612061099044	0.0	3	0
genus_raw_hit_breadth_a0.02	two_feature_and	candidate_raw_frac	>=	0.0	u_depth_median	>=	0.1342	32	28	-0.29966450699922276	0.0	28	0	-0.16987612061099044	0.0	3	0
genus_raw_hit_breadth_a0.02	two_feature_and	u_zip_median	<=	1.0	u_xny_median	>=	130.2	32	28	-0.29966450699922276	0.0	28	0	-0.16987612061099044	0.0	3	0
genus_raw_hit_breadth_a0.02	two_feature_and	u_zip_median	<=	1.0	u_breadth_median	>=	0.1302	32	28	-0.29966450699922276	0.0	28	0	-0.16987612061099044	0.0	3	0
genus_raw_hit_breadth_a0.02	two_feature_and	u_zip_median	<=	1.0	u_depth_median	>=	0.1342	32	28	-0.29966450699922276	0.0	28	0	-0.16987612061099044	0.0	3	0
genus_raw_hit_breadth_a0.02	two_feature_and	probability_min	>=	0.0	u_xny_median	>=	130.2	32	28	-0.29966450699922276	0.0	28	0	-0.16987612061099044	0.0	3	0
genus_raw_hit_breadth_a0.02	two_feature_and	probability_min	>=	0.0	u_breadth_median	>=	0.1302	32	28	-0.29966450699922276	0.0	28	0	-0.16987612061099044	0.0	3	0
genus_raw_hit_breadth_a0.02	two_feature_and	probability_min	>=	0.0	u_depth_median	>=	0.1342	32	28	-0.29966450699922276	0.0	28	0	-0.16987612061099044	0.0	3	0
genus_raw_hit_breadth_a0.02	two_feature_and	reported_ani_median	<=	1.0	u_xny_median	>=	130.2	32	28	-0.29966450699922276	0.0	28	0	-0.16987612061099044	0.0	3	0
genus_raw_hit_breadth_a0.02	two_feature_and	reported_ani_median	<=	1.0	u_breadth_median	>=	0.1302	32	28	-0.29966450699922276	0.0	28	0	-0.16987612061099044	0.0	3	0
genus_raw_hit_breadth_a0.02	two_feature_and	reported_ani_median	<=	1.0	u_depth_median	>=	0.1342	32	28	-0.29966450699922276	0.0	28	0	-0.16987612061099044	0.0	3	0
genus_raw_hit_breadth_a0.02	two_feature_and	u_xny_median	>=	130.2	u_breadth_median	>=	0.1302	32	28	-0.29966450699922276	0.0	28	0	-0.16987612061099044	0.0	3	0
genus_raw_hit_breadth_a0.02	two_feature_and	u_xny_median	>=	130.2	u_depth_median	>=	0.1342	32	28	-0.29966450699922276	0.0	28	0	-0.16987612061099044	0.0	3	0
genus_raw_hit_breadth_a0.02	two_feature_and	u_breadth_median	>=	0.1302	u_depth_median	>=	0.1342	32	28	-0.29966450699922276	0.0	28	0	-0.16987612061099044	0.0	3	0
genus_raw_hit_breadth_a0.02	two_feature_and	candidate_raw_frac	<=	0.02061305909024072	s_breadth_median	>=	0.19547475	32	27	-0.29958592067679873	0.0	27	0	-0.16842932452199572	0.0	3	0
genus_raw_mean_breadth_a0.02	two_feature_and	s_xny_median	>=	253.15	u_xny_median	>=	130.2	32	27	-0.29955356609847933	0.0657421792239674	26	1	-0.14009271633293507	0.0	3	0
genus_raw_mean_breadth_a0.02	two_feature_and	s_xny_median	>=	253.15	u_breadth_median	>=	0.1302	32	27	-0.29955356609847933	0.0657421792239674	26	1	-0.14009271633293507	0.0	3	0
genus_raw_mean_breadth_a0.02	two_feature_and	s_xny_median	>=	253.15	u_depth_median	>=	0.1342	32	27	-0.29955356609847933	0.0657421792239674	26	1	-0.14009271633293507	0.0	3	0
genus_raw_mean_breadth_a0.02	two_feature_and	s_xny_mean	>=	354.2996483825598	u_xny_median	>=	130.2	32	27	-0.29955356609847933	0.0657421792239674	26	1	-0.14009271633293507	0.0	3	0
genus_raw_mean_breadth_a0.02	two_feature_and	s_xny_mean	>=	354.2996483825598	u_breadth_median	>=	0.1302	32	27	-0.29955356609847933	0.0657421792239674	26	1	-0.14009271633293507	0.0	3	0
genus_raw_mean_breadth_a0.02	two_feature_and	s_xny_mean	>=	354.2996483825598	u_depth_median	>=	0.1342	32	27	-0.29955356609847933	0.0657421792239674	26	1	-0.14009271633293507	0.0	3	0
genus_raw_mean_breadth_a0.02	two_feature_and	xny_max_median	>=	253.15	u_xny_median	>=	130.2	32	27	-0.29955356609847933	0.0657421792239674	26	1	-0.14009271633293507	0.0	3	0
genus_raw_mean_breadth_a0.02	two_feature_and	xny_max_median	>=	253.15	u_breadth_median	>=	0.1302	32	27	-0.29955356609847933	0.0657421792239674	26	1	-0.14009271633293507	0.0	3	0
genus_raw_mean_breadth_a0.02	two_feature_and	xny_max_median	>=	253.15	u_depth_median	>=	0.1342	32	27	-0.29955356609847933	0.0657421792239674	26	1	-0.14009271633293507	0.0	3	0
genus_raw_mean_breadth_a0.02	two_feature_and	xny_max_mean	>=	354.2996483825598	u_xny_median	>=	130.2	32	27	-0.29955356609847933	0.0657421792239674	26	1	-0.14009271633293507	0.0	3	0
genus_raw_mean_breadth_a0.02	two_feature_and	xny_max_mean	>=	354.2996483825598	u_breadth_median	>=	0.1302	32	27	-0.29955356609847933	0.0657421792239674	26	1	-0.14009271633293507	0.0	3	0
genus_raw_mean_breadth_a0.02	two_feature_and	xny_max_mean	>=	354.2996483825598	u_depth_median	>=	0.1342	32	27	-0.29955356609847933	0.0657421792239674	26	1	-0.14009271633293507	0.0	3	0
genus_raw_hit_breadth_a0.02	two_feature_and	candidate_raw_frac	<=	0.02061305909024072	u_xny_median	>=	130.2	32	27	-0.2992770704588082	0.0	27	0	-0.1683263744493322	0.0	3	0
genus_raw_hit_breadth_a0.02	two_feature_and	candidate_raw_frac	<=	0.02061305909024072	u_breadth_median	>=	0.1302	32	27	-0.2992770704588082	0.0	27	0	-0.1683263744493322	0.0	3	0
genus_raw_hit_breadth_a0.02	two_feature_and	candidate_raw_frac	<=	0.02061305909024072	u_depth_median	>=	0.1342	32	27	-0.2992770704588082	0.0	27	0	-0.1683263744493322	0.0	3	0
genus_raw_mean_breadth_a0.02	single	probability_mean	<=	0.8603437614614962				32	28	-0.2992102105954204	0.0657421792239674	26	2	-0.1777603801132253	-0.0803806831552573	4	0
genus_raw_norm_depth_a0.02	single	u_xny_median	>=	130.2				32	28	-0.2991205034731404	0.0627280169726596	27	1	-0.16569523399918257	0.0	3	0
genus_raw_norm_depth_a0.02	single	u_breadth_median	>=	0.1302				32	28	-0.2991205034731404	0.0627280169726596	27	1	-0.16569523399918257	0.0	3	0
genus_raw_norm_depth_a0.02	single	u_depth_median	>=	0.1342				32	28	-0.2991205034731404	0.0627280169726596	27	1	-0.16569523399918257	0.0	3	0
genus_raw_norm_depth_a0.02	two_feature_and	n_candidate_calls	>=	0.0	u_xny_median	>=	130.2	32	28	-0.2991205034731404	0.0627280169726596	27	1	-0.16569523399918257	0.0	3	0
genus_raw_norm_depth_a0.02	two_feature_and	n_candidate_calls	>=	0.0	u_breadth_median	>=	0.1302	32	28	-0.2991205034731404	0.0627280169726596	27	1	-0.16569523399918257	0.0	3	0
genus_raw_norm_depth_a0.02	two_feature_and	n_candidate_calls	>=	0.0	u_depth_median	>=	0.1342	32	28	-0.2991205034731404	0.0627280169726596	27	1	-0.16569523399918257	0.0	3	0
genus_raw_norm_depth_a0.02	two_feature_and	candidate_call_frac	>=	0.0	u_xny_median	>=	130.2	32	28	-0.2991205034731404	0.0627280169726596	27	1	-0.16569523399918257	0.0	3	0
genus_raw_norm_depth_a0.02	two_feature_and	candidate_call_frac	>=	0.0	u_breadth_median	>=	0.1302	32	28	-0.2991205034731404	0.0627280169726596	27	1	-0.16569523399918257	0.0	3	0
genus_raw_norm_depth_a0.02	two_feature_and	candidate_call_frac	>=	0.0	u_depth_median	>=	0.1342	32	28	-0.2991205034731404	0.0627280169726596	27	1	-0.16569523399918257	0.0	3	0
genus_raw_norm_depth_a0.02	two_feature_and	candidate_raw_frac	>=	0.0	u_xny_median	>=	130.2	32	28	-0.2991205034731404	0.0627280169726596	27	1	-0.16569523399918257	0.0	3	0
genus_raw_norm_depth_a0.02	two_feature_and	candidate_raw_frac	>=	0.0	u_breadth_median	>=	0.1302	32	28	-0.2991205034731404	0.0627280169726596	27	1	-0.16569523399918257	0.0	3	0
genus_raw_norm_depth_a0.02	two_feature_and	candidate_raw_frac	>=	0.0	u_depth_median	>=	0.1342	32	28	-0.2991205034731404	0.0627280169726596	27	1	-0.16569523399918257	0.0	3	0
genus_raw_norm_depth_a0.02	two_feature_and	u_zip_median	<=	1.0	u_xny_median	>=	130.2	32	28	-0.2991205034731404	0.0627280169726596	27	1	-0.16569523399918257	0.0	3	0
genus_raw_norm_depth_a0.02	two_feature_and	u_zip_median	<=	1.0	u_breadth_median	>=	0.1302	32	28	-0.2991205034731404	0.0627280169726596	27	1	-0.16569523399918257	0.0	3	0
genus_raw_norm_depth_a0.02	two_feature_and	u_zip_median	<=	1.0	u_depth_median	>=	0.1342	32	28	-0.2991205034731404	0.0627280169726596	27	1	-0.16569523399918257	0.0	3	0
genus_raw_norm_depth_a0.02	two_feature_and	probability_min	>=	0.0	u_xny_median	>=	130.2	32	28	-0.2991205034731404	0.0627280169726596	27	1	-0.16569523399918257	0.0	3	0
genus_raw_norm_depth_a0.02	two_feature_and	probability_min	>=	0.0	u_breadth_median	>=	0.1302	32	28	-0.2991205034731404	0.0627280169726596	27	1	-0.16569523399918257	0.0	3	0
genus_raw_norm_depth_a0.02	two_feature_and	probability_min	>=	0.0	u_depth_median	>=	0.1342	32	28	-0.2991205034731404	0.0627280169726596	27	1	-0.16569523399918257	0.0	3	0
genus_raw_norm_depth_a0.02	two_feature_and	reported_ani_median	<=	1.0	u_xny_median	>=	130.2	32	28	-0.2991205034731404	0.0627280169726596	27	1	-0.16569523399918257	0.0	3	0
genus_raw_norm_depth_a0.02	two_feature_and	reported_ani_median	<=	1.0	u_breadth_median	>=	0.1302	32	28	-0.2991205034731404	0.0627280169726596	27	1	-0.16569523399918257	0.0	3	0
genus_raw_norm_depth_a0.02	two_feature_and	reported_ani_median	<=	1.0	u_depth_median	>=	0.1342	32	28	-0.2991205034731404	0.0627280169726596	27	1	-0.16569523399918257	0.0	3	0
genus_raw_norm_depth_a0.02	two_feature_and	u_xny_median	>=	130.2	u_breadth_median	>=	0.1302	32	28	-0.2991205034731404	0.0627280169726596	27	1	-0.16569523399918257	0.0	3	0
genus_raw_norm_depth_a0.02	two_feature_and	u_xny_median	>=	130.2	u_depth_median	>=	0.1342	32	28	-0.2991205034731404	0.0627280169726596	27	1	-0.16569523399918257	0.0	3	0
genus_raw_norm_depth_a0.02	two_feature_and	u_breadth_median	>=	0.1302	u_depth_median	>=	0.1342	32	28	-0.2991205034731404	0.0627280169726596	27	1	-0.16569523399918257	0.0	3	0
genus_raw_norm_depth_a0.02	single	s_zip_median	>=	0.5959485				32	28	-0.298893611553206	0.0627280169726596	27	1	-0.16561960335920442	0.0	3	0
genus_raw_norm_depth_a0.02	single	reported_ani_median	>=	0.9764729000000001				32	28	-0.298893611553206	0.0627280169726596	27	1	-0.16561960335920442	0.0	3	0
genus_raw_norm_depth_a0.02	two_feature_and	n_candidate_calls	>=	0.0	s_zip_median	>=	0.5959485	32	28	-0.298893611553206	0.0627280169726596	27	1	-0.16561960335920442	0.0	3	0
genus_raw_norm_depth_a0.02	two_feature_and	n_candidate_calls	>=	0.0	reported_ani_median	>=	0.9764729000000001	32	28	-0.298893611553206	0.0627280169726596	27	1	-0.16561960335920442	0.0	3	0
genus_raw_norm_depth_a0.02	two_feature_and	candidate_call_frac	>=	0.0	s_zip_median	>=	0.5959485	32	28	-0.298893611553206	0.0627280169726596	27	1	-0.16561960335920442	0.0	3	0
genus_raw_norm_depth_a0.02	two_feature_and	candidate_call_frac	>=	0.0	reported_ani_median	>=	0.9764729000000001	32	28	-0.298893611553206	0.0627280169726596	27	1	-0.16561960335920442	0.0	3	0
genus_raw_norm_depth_a0.02	two_feature_and	candidate_raw_frac	>=	0.0	s_zip_median	>=	0.5959485	32	28	-0.298893611553206	0.0627280169726596	27	1	-0.16561960335920442	0.0	3	0
genus_raw_norm_depth_a0.02	two_feature_and	candidate_raw_frac	>=	0.0	reported_ani_median	>=	0.9764729000000001	32	28	-0.298893611553206	0.0627280169726596	27	1	-0.16561960335920442	0.0	3	0
genus_raw_norm_depth_a0.02	two_feature_and	u_zip_median	<=	1.0	s_zip_median	>=	0.5959485	32	28	-0.298893611553206	0.0627280169726596	27	1	-0.16561960335920442	0.0	3	0
genus_raw_norm_depth_a0.02	two_feature_and	u_zip_median	<=	1.0	reported_ani_median	>=	0.9764729000000001	32	28	-0.298893611553206	0.0627280169726596	27	1	-0.16561960335920442	0.0	3	0
genus_raw_norm_depth_a0.02	two_feature_and	probability_min	>=	0.0	s_zip_median	>=	0.5959485	32	28	-0.298893611553206	0.0627280169726596	27	1	-0.16561960335920442	0.0	3	0
genus_raw_norm_depth_a0.02	two_feature_and	probability_min	>=	0.0	reported_ani_median	>=	0.9764729000000001	32	28	-0.298893611553206	0.0627280169726596	27	1	-0.16561960335920442	0.0	3	0
genus_raw_norm_depth_a0.02	two_feature_and	reported_ani_median	<=	1.0	s_zip_median	>=	0.5959485	32	28	-0.298893611553206	0.0627280169726596	27	1	-0.16561960335920442	0.0	3	0
genus_raw_norm_depth_a0.02	two_feature_and	reported_ani_median	<=	1.0	reported_ani_median	>=	0.9764729000000001	32	28	-0.298893611553206	0.0627280169726596	27	1	-0.16561960335920442	0.0	3	0
genus_raw_norm_depth_a0.02	two_feature_and	s_zip_median	>=	0.5959485	reported_ani_median	>=	0.9764729000000001	32	28	-0.298893611553206	0.0627280169726596	27	1	-0.16561960335920442	0.0	3	0
genus_raw_mean_breadth_a0.02	single	s_zip_median	<=	0.8330524499999999				32	28	-0.29882348787253604	0.0657421792239674	26	2	-0.15751452226796614	0.0	3	0
genus_raw_hit_breadth_a0.02	single	s_zip_median	>=	0.5959485				32	28	-0.29862060786184363	0.0	28	0	-0.16952815423186407	0.0	3	0
genus_raw_hit_breadth_a0.02	single	reported_ani_median	>=	0.9764729000000001				32	28	-0.29862060786184363	0.0	28	0	-0.16952815423186407	0.0	3	0
genus_raw_hit_breadth_a0.02	two_feature_and	n_candidate_calls	>=	0.0	s_zip_median	>=	0.5959485	32	28	-0.29862060786184363	0.0	28	0	-0.16952815423186407	0.0	3	0
genus_raw_hit_breadth_a0.02	two_feature_and	n_candidate_calls	>=	0.0	reported_ani_median	>=	0.9764729000000001	32	28	-0.29862060786184363	0.0	28	0	-0.16952815423186407	0.0	3	0
genus_raw_hit_breadth_a0.02	two_feature_and	candidate_call_frac	>=	0.0	s_zip_median	>=	0.5959485	32	28	-0.29862060786184363	0.0	28	0	-0.16952815423186407	0.0	3	0
genus_raw_hit_breadth_a0.02	two_feature_and	candidate_call_frac	>=	0.0	reported_ani_median	>=	0.9764729000000001	32	28	-0.29862060786184363	0.0	28	0	-0.16952815423186407	0.0	3	0
genus_raw_hit_breadth_a0.02	two_feature_and	candidate_raw_frac	>=	0.0	s_zip_median	>=	0.5959485	32	28	-0.29862060786184363	0.0	28	0	-0.16952815423186407	0.0	3	0
genus_raw_hit_breadth_a0.02	two_feature_and	candidate_raw_frac	>=	0.0	reported_ani_median	>=	0.9764729000000001	32	28	-0.29862060786184363	0.0	28	0	-0.16952815423186407	0.0	3	0
genus_raw_hit_breadth_a0.02	two_feature_and	u_zip_median	<=	1.0	s_zip_median	>=	0.5959485	32	28	-0.29862060786184363	0.0	28	0	-0.16952815423186407	0.0	3	0
genus_raw_hit_breadth_a0.02	two_feature_and	u_zip_median	<=	1.0	reported_ani_median	>=	0.9764729000000001	32	28	-0.29862060786184363	0.0	28	0	-0.16952815423186407	0.0	3	0
genus_raw_hit_breadth_a0.02	two_feature_and	probability_min	>=	0.0	s_zip_median	>=	0.5959485	32	28	-0.29862060786184363	0.0	28	0	-0.16952815423186407	0.0	3	0
genus_raw_hit_breadth_a0.02	two_feature_and	probability_min	>=	0.0	reported_ani_median	>=	0.9764729000000001	32	28	-0.29862060786184363	0.0	28	0	-0.16952815423186407	0.0	3	0
genus_raw_hit_breadth_a0.02	two_feature_and	reported_ani_median	<=	1.0	s_zip_median	>=	0.5959485	32	28	-0.29862060786184363	0.0	28	0	-0.16952815423186407	0.0	3	0
genus_raw_hit_breadth_a0.02	two_feature_and	reported_ani_median	<=	1.0	reported_ani_median	>=	0.9764729000000001	32	28	-0.29862060786184363	0.0	28	0	-0.16952815423186407	0.0	3	0
genus_raw_hit_breadth_a0.02	two_feature_and	s_zip_median	>=	0.5959485	reported_ani_median	>=	0.9764729000000001	32	28	-0.29862060786184363	0.0	28	0	-0.16952815423186407	0.0	3	0
genus_raw_mean_breadth_a0.02	two_feature_and	u_zip_median	>=	0.7228884	u_xny_median	>=	130.2	32	26	-0.2985149216311357	0.0657421792239674	25	1	-0.13732299775335194	0.0	3	0
genus_raw_mean_breadth_a0.02	two_feature_and	u_zip_median	>=	0.7228884	u_breadth_median	>=	0.1302	32	26	-0.2985149216311357	0.0657421792239674	25	1	-0.13732299775335194	0.0	3	0
genus_raw_mean_breadth_a0.02	two_feature_and	u_zip_median	>=	0.7228884	u_depth_median	>=	0.1342	32	26	-0.2985149216311357	0.0657421792239674	25	1	-0.13732299775335194	0.0	3	0
genus_raw_mean_breadth_a0.02	two_feature_and	base_mass_multi_genus_frac	>=	0.37501510201405147	n_candidate_calls	<=	2.0	32	27	-0.29847399798020996	0.0657421792239674	26	1	-0.17813750651966526	-0.08322653737930351	4	0
genus_raw_norm_depth_a0.02	two_feature_and	max_species_per_genus	>=	5.0	s_xny_median	>=	253.15	32	27	-0.29845287093769424	0.0627280169726596	26	1	-0.14493780800862666	0.0	3	0
genus_raw_norm_depth_a0.02	two_feature_and	max_species_per_genus	>=	5.0	s_xny_mean	>=	354.2996483825598	32	27	-0.29845287093769424	0.0627280169726596	26	1	-0.14493780800862666	0.0	3	0
genus_raw_norm_depth_a0.02	two_feature_and	max_species_per_genus	>=	5.0	xny_max_median	>=	253.15	32	27	-0.29845287093769424	0.0627280169726596	26	1	-0.14493780800862666	0.0	3	0
genus_raw_norm_depth_a0.02	two_feature_and	max_species_per_genus	>=	5.0	xny_max_mean	>=	354.2996483825598	32	27	-0.29845287093769424	0.0627280169726596	26	1	-0.14493780800862666	0.0	3	0
genus_raw_norm_depth_a0.02	two_feature_and	candidate_raw_frac	<=	0.02061305909024072	u_xny_median	>=	130.2	32	27	-0.29834126942889905	0.0627280169726596	26	1	-0.16257829782221717	0.0	3	0
genus_raw_norm_depth_a0.02	two_feature_and	candidate_raw_frac	<=	0.02061305909024072	u_breadth_median	>=	0.1302	32	27	-0.29834126942889905	0.0627280169726596	26	1	-0.16257829782221717	0.0	3	0
genus_raw_norm_depth_a0.02	two_feature_and	candidate_raw_frac	<=	0.02061305909024072	u_depth_median	>=	0.1342	32	27	-0.29834126942889905	0.0627280169726596	26	1	-0.16257829782221717	0.0	3	0
genus_raw_hit_breadth_a0.02	two_feature_and	max_species_per_genus	>=	5.0	s_xny_median	>=	253.15	32	27	-0.29833212279588966	0.0	27	0	-0.14909802968277236	0.0	3	0
genus_raw_hit_breadth_a0.02	two_feature_and	max_species_per_genus	>=	5.0	s_xny_mean	>=	354.2996483825598	32	27	-0.29833212279588966	0.0	27	0	-0.14909802968277236	0.0	3	0
genus_raw_hit_breadth_a0.02	two_feature_and	max_species_per_genus	>=	5.0	xny_max_median	>=	253.15	32	27	-0.29833212279588966	0.0	27	0	-0.14909802968277236	0.0	3	0
genus_raw_hit_breadth_a0.02	two_feature_and	max_species_per_genus	>=	5.0	xny_max_mean	>=	354.2996483825598	32	27	-0.29833212279588966	0.0	27	0	-0.14909802968277236	0.0	3	0
genus_raw_hit_breadth_a0.02	two_feature_and	candidate_raw_frac	<=	0.02061305909024072	s_zip_median	>=	0.5959485	32	27	-0.29823317132142907	0.0	27	0	-0.16797840807020584	0.0	3	0
genus_raw_hit_breadth_a0.02	two_feature_and	candidate_raw_frac	<=	0.02061305909024072	reported_ani_median	>=	0.9764729000000001	32	27	-0.29823317132142907	0.0	27	0	-0.16797840807020584	0.0	3	0
genus_raw_mean_breadth_a0.02	two_feature_and	base_mass_multi_genus_frac	>=	0.37501510201405147	base_genus_count	<=	72.7	32	25	-0.29821249482718826	0.0657421792239674	24	1	-0.12194461897049567	0.0	3	0
genus_raw_norm_depth_a0.02	two_feature_and	candidate_raw_frac	<=	0.02061305909024072	s_zip_median	>=	0.5959485	32	27	-0.29811437750896463	0.0627280169726596	26	1	-0.16250266718223902	0.0	3	0
genus_raw_norm_depth_a0.02	two_feature_and	candidate_raw_frac	<=	0.02061305909024072	reported_ani_median	>=	0.9764729000000001	32	27	-0.29811437750896463	0.0627280169726596	26	1	-0.16250266718223902	0.0	3	0
genus_raw_mean_breadth_a0.02	single	u_xny_median	<=	650.0500000000001				32	28	-0.2980814720401147	0.0657421792239674	26	2	-0.17491135982209155	-0.0769927687197054	4	0
genus_raw_mean_breadth_a0.02	single	u_breadth_median	<=	0.65005				32	28	-0.2980814720401147	0.0657421792239674	26	2	-0.17491135982209155	-0.0769927687197054	4	0
genus_raw_mean_breadth_a0.02	two_feature_and	s_breadth_median	>=	0.19547475	u_xny_median	>=	130.2	32	27	-0.29778966403006024	0.0657421792239674	26	1	-0.15970359015122604	0.0	3	0
genus_raw_mean_breadth_a0.02	two_feature_and	s_breadth_median	>=	0.19547475	u_breadth_median	>=	0.1302	32	27	-0.29778966403006024	0.0657421792239674	26	1	-0.15970359015122604	0.0	3	0
genus_raw_mean_breadth_a0.02	two_feature_and	s_breadth_median	>=	0.19547475	u_depth_median	>=	0.1342	32	27	-0.29778966403006024	0.0657421792239674	26	1	-0.15970359015122604	0.0	3	0
genus_raw_hit_breadth_a0.02	single	n_candidate_calls	<=	2.0				32	31	-0.2976991653757771	0.0407141633556165	30	1	-0.1864899856437776	-0.07894390357608687	4	0
genus_raw_hit_breadth_a0.02	two_feature_and	n_candidate_calls	>=	0.0	n_candidate_calls	<=	2.0	32	31	-0.2976991653757771	0.0407141633556165	30	1	-0.1864899856437776	-0.07894390357608687	4	0
genus_raw_hit_breadth_a0.02	two_feature_and	candidate_call_frac	>=	0.0	n_candidate_calls	<=	2.0	32	31	-0.2976991653757771	0.0407141633556165	30	1	-0.1864899856437776	-0.07894390357608687	4	0
genus_raw_hit_breadth_a0.02	two_feature_and	candidate_raw_frac	>=	0.0	n_candidate_calls	<=	2.0	32	31	-0.2976991653757771	0.0407141633556165	30	1	-0.1864899856437776	-0.07894390357608687	4	0
genus_raw_hit_breadth_a0.02	two_feature_and	u_zip_median	<=	1.0	n_candidate_calls	<=	2.0	32	31	-0.2976991653757771	0.0407141633556165	30	1	-0.1864899856437776	-0.07894390357608687	4	0
genus_raw_hit_breadth_a0.02	two_feature_and	probability_min	>=	0.0	n_candidate_calls	<=	2.0	32	31	-0.2976991653757771	0.0407141633556165	30	1	-0.1864899856437776	-0.07894390357608687	4	0
genus_raw_hit_breadth_a0.02	two_feature_and	reported_ani_median	<=	1.0	n_candidate_calls	<=	2.0	32	31	-0.2976991653757771	0.0407141633556165	30	1	-0.1864899856437776	-0.07894390357608687	4	0
genus_raw_mean_breadth_a0.02	two_feature_and	s_zip_median	>=	0.5959485	u_xny_median	>=	130.2	32	27	-0.29747296940479095	0.0657421792239674	26	1	-0.15959802527613626	0.0	3	0
genus_raw_mean_breadth_a0.02	two_feature_and	s_zip_median	>=	0.5959485	u_breadth_median	>=	0.1302	32	27	-0.29747296940479095	0.0657421792239674	26	1	-0.15959802527613626	0.0	3	0
genus_raw_mean_breadth_a0.02	two_feature_and	s_zip_median	>=	0.5959485	u_depth_median	>=	0.1342	32	27	-0.29747296940479095	0.0657421792239674	26	1	-0.15959802527613626	0.0	3	0
genus_raw_mean_breadth_a0.02	two_feature_and	reported_ani_median	>=	0.9764729000000001	u_xny_median	>=	130.2	32	27	-0.29747296940479095	0.0657421792239674	26	1	-0.15959802527613626	0.0	3	0
genus_raw_mean_breadth_a0.02	two_feature_and	reported_ani_median	>=	0.9764729000000001	u_breadth_median	>=	0.1302	32	27	-0.29747296940479095	0.0657421792239674	26	1	-0.15959802527613626	0.0	3	0
genus_raw_mean_breadth_a0.02	two_feature_and	reported_ani_median	>=	0.9764729000000001	u_depth_median	>=	0.1342	32	27	-0.29747296940479095	0.0657421792239674	26	1	-0.15959802527613626	0.0	3	0
genus_raw_hit_breadth_a0.02	two_feature_and	s_depth_median	>=	0.26676725	s_xny_median	>=	253.15	32	27	-0.29726765083964996	0.0	27	0	-0.1487432056973591	0.0	3	0
genus_raw_hit_breadth_a0.02	two_feature_and	s_depth_median	>=	0.26676725	s_xny_mean	>=	354.2996483825598	32	27	-0.29726765083964996	0.0	27	0	-0.1487432056973591	0.0	3	0
genus_raw_hit_breadth_a0.02	two_feature_and	s_depth_median	>=	0.26676725	xny_max_median	>=	253.15	32	27	-0.29726765083964996	0.0	27	0	-0.1487432056973591	0.0	3	0
genus_raw_hit_breadth_a0.02	two_feature_and	s_depth_median	>=	0.26676725	xny_max_mean	>=	354.2996483825598	32	27	-0.29726765083964996	0.0	27	0	-0.1487432056973591	0.0	3	0
genus_raw_norm_depth_a0.02	single	n_candidate_calls	<=	2.0				32	31	-0.29721255363172866	0.0627280169726596	29	2	-0.1816030255861995	-0.07562868510851452	4	0
genus_raw_norm_depth_a0.02	two_feature_and	n_candidate_calls	>=	0.0	n_candidate_calls	<=	2.0	32	31	-0.29721255363172866	0.0627280169726596	29	2	-0.1816030255861995	-0.07562868510851452	4	0
genus_raw_norm_depth_a0.02	two_feature_and	candidate_call_frac	>=	0.0	n_candidate_calls	<=	2.0	32	31	-0.29721255363172866	0.0627280169726596	29	2	-0.1816030255861995	-0.07562868510851452	4	0
genus_raw_norm_depth_a0.02	two_feature_and	candidate_raw_frac	>=	0.0	n_candidate_calls	<=	2.0	32	31	-0.29721255363172866	0.0627280169726596	29	2	-0.1816030255861995	-0.07562868510851452	4	0
genus_raw_norm_depth_a0.02	two_feature_and	u_zip_median	<=	1.0	n_candidate_calls	<=	2.0	32	31	-0.29721255363172866	0.0627280169726596	29	2	-0.1816030255861995	-0.07562868510851452	4	0
genus_raw_norm_depth_a0.02	two_feature_and	probability_min	>=	0.0	n_candidate_calls	<=	2.0	32	31	-0.29721255363172866	0.0627280169726596	29	2	-0.1816030255861995	-0.07562868510851452	4	0
genus_raw_norm_depth_a0.02	two_feature_and	reported_ani_median	<=	1.0	n_candidate_calls	<=	2.0	32	31	-0.29721255363172866	0.0627280169726596	29	2	-0.1816030255861995	-0.07562868510851452	4	0
genus_raw_norm_depth_a0.02	two_feature_and	s_depth_median	>=	0.26676725	s_xny_median	>=	253.15	32	27	-0.2971567886751528	0.0627280169726596	26	1	-0.14450578058777952	0.0	3	0
genus_raw_norm_depth_a0.02	two_feature_and	s_depth_median	>=	0.26676725	s_xny_mean	>=	354.2996483825598	32	27	-0.2971567886751528	0.0627280169726596	26	1	-0.14450578058777952	0.0	3	0
genus_raw_norm_depth_a0.02	two_feature_and	s_depth_median	>=	0.26676725	xny_max_median	>=	253.15	32	27	-0.2971567886751528	0.0627280169726596	26	1	-0.14450578058777952	0.0	3	0
genus_raw_norm_depth_a0.02	two_feature_and	s_depth_median	>=	0.26676725	xny_max_mean	>=	354.2996483825598	32	27	-0.2971567886751528	0.0627280169726596	26	1	-0.14450578058777952	0.0	3	0
genus_raw_mean_breadth_a0.02	two_feature_and	s_depth_median	>=	0.26676725	base_genus_count	<=	72.7	32	26	-0.2970852419588385	0.0657421792239674	25	1	-0.12156886801437909	0.0	3	0
genus_raw_hit_breadth_a0.02	two_feature_and	base_mass_multi_genus_frac	>=	0.37501510201405147	s_xny_median	>=	253.15	32	26	-0.2970311303604951	0.0	26	0	-0.14866436553764084	0.0	3	0
genus_raw_hit_breadth_a0.02	two_feature_and	base_mass_multi_genus_frac	>=	0.37501510201405147	s_xny_mean	>=	354.2996483825598	32	26	-0.2970311303604951	0.0	26	0	-0.14866436553764084	0.0	3	0
genus_raw_hit_breadth_a0.02	two_feature_and	base_mass_multi_genus_frac	>=	0.37501510201405147	xny_max_median	>=	253.15	32	26	-0.2970311303604951	0.0	26	0	-0.14866436553764084	0.0	3	0
genus_raw_hit_breadth_a0.02	two_feature_and	base_mass_multi_genus_frac	>=	0.37501510201405147	xny_max_mean	>=	354.2996483825598	32	26	-0.2970311303604951	0.0	26	0	-0.14866436553764084	0.0	3	0
genus_raw_mean_breadth_a0.02	single	top3_abundance	<=	0.7495182925003769				32	28	-0.29703092709017087	0.0312923848546233	27	1	-0.17703395227814211	-0.0803806831552573	4	0
genus_raw_hit_breadth_a0.02	single	base_genus_count	<=	72.7				32	28	-0.2969068514801981	0.0	28	0	-0.13496727228918953	-0.010198003559403366	4	0
genus_raw_hit_breadth_a0.02	two_feature_and	n_candidate_calls	>=	0.0	base_genus_count	<=	72.7	32	28	-0.2969068514801981	0.0	28	0	-0.13496727228918953	-0.010198003559403366	4	0
genus_raw_hit_breadth_a0.02	two_feature_and	candidate_call_frac	>=	0.0	base_genus_count	<=	72.7	32	28	-0.2969068514801981	0.0	28	0	-0.13496727228918953	-0.010198003559403366	4	0
genus_raw_hit_breadth_a0.02	two_feature_and	candidate_raw_frac	>=	0.0	base_genus_count	<=	72.7	32	28	-0.2969068514801981	0.0	28	0	-0.13496727228918953	-0.010198003559403366	4	0
genus_raw_hit_breadth_a0.02	two_feature_and	u_zip_median	<=	1.0	base_genus_count	<=	72.7	32	28	-0.2969068514801981	0.0	28	0	-0.13496727228918953	-0.010198003559403366	4	0
genus_raw_hit_breadth_a0.02	two_feature_and	probability_min	>=	0.0	base_genus_count	<=	72.7	32	28	-0.2969068514801981	0.0	28	0	-0.13496727228918953	-0.010198003559403366	4	0
genus_raw_hit_breadth_a0.02	two_feature_and	reported_ani_median	<=	1.0	base_genus_count	<=	72.7	32	28	-0.2969068514801981	0.0	28	0	-0.13496727228918953	-0.010198003559403366	4	0
genus_raw_norm_depth_a0.02	two_feature_and	base_mass_multi_genus_frac	>=	0.37501510201405147	s_xny_median	>=	253.15	32	26	-0.2968219185790114	0.0627280169726596	25	1	-0.14439415722239907	0.0	3	0
genus_raw_norm_depth_a0.02	two_feature_and	base_mass_multi_genus_frac	>=	0.37501510201405147	s_xny_mean	>=	354.2996483825598	32	26	-0.2968219185790114	0.0627280169726596	25	1	-0.14439415722239907	0.0	3	0
genus_raw_norm_depth_a0.02	two_feature_and	base_mass_multi_genus_frac	>=	0.37501510201405147	xny_max_median	>=	253.15	32	26	-0.2968219185790114	0.0627280169726596	25	1	-0.14439415722239907	0.0	3	0
genus_raw_norm_depth_a0.02	two_feature_and	base_mass_multi_genus_frac	>=	0.37501510201405147	xny_max_mean	>=	354.2996483825598	32	26	-0.2968219185790114	0.0627280169726596	25	1	-0.14439415722239907	0.0	3	0
genus_raw_norm_depth_a0.02	two_feature_and	max_species_per_genus	>=	5.0	s_breadth_median	>=	0.19547475	32	27	-0.2965988953392816	0.0627280169726596	26	1	-0.16485469795456295	0.0	3	0
genus_raw_mean_breadth_a0.02	two_feature_and	candidate_raw_frac	<=	0.02061305909024072	n_candidate_calls	<=	2.0	32	27	-0.2963811852877703	0.0657421792239674	26	1	-0.15676132313109753	0.0	3	0
genus_raw_norm_depth_a0.02	single	base_genus_count	<=	72.7				32	28	-0.2963185765477744	0.0627280169726596	27	1	-0.12891632277129822	-0.010267309687804666	4	0
genus_raw_norm_depth_a0.02	two_feature_and	n_candidate_calls	>=	0.0	base_genus_count	<=	72.7	32	28	-0.2963185765477744	0.0627280169726596	27	1	-0.12891632277129822	-0.010267309687804666	4	0
genus_raw_norm_depth_a0.02	two_feature_and	candidate_call_frac	>=	0.0	base_genus_count	<=	72.7	32	28	-0.2963185765477744	0.0627280169726596	27	1	-0.12891632277129822	-0.010267309687804666	4	0
genus_raw_norm_depth_a0.02	two_feature_and	candidate_raw_frac	>=	0.0	base_genus_count	<=	72.7	32	28	-0.2963185765477744	0.0627280169726596	27	1	-0.12891632277129822	-0.010267309687804666	4	0
genus_raw_norm_depth_a0.02	two_feature_and	u_zip_median	<=	1.0	base_genus_count	<=	72.7	32	28	-0.2963185765477744	0.0627280169726596	27	1	-0.12891632277129822	-0.010267309687804666	4	0
genus_raw_norm_depth_a0.02	two_feature_and	probability_min	>=	0.0	base_genus_count	<=	72.7	32	28	-0.2963185765477744	0.0627280169726596	27	1	-0.12891632277129822	-0.010267309687804666	4	0
genus_raw_norm_depth_a0.02	two_feature_and	reported_ani_median	<=	1.0	base_genus_count	<=	72.7	32	28	-0.2963185765477744	0.0627280169726596	27	1	-0.12891632277129822	-0.010267309687804666	4	0
genus_raw_hit_breadth_a0.02	two_feature_and	u_zip_median	>=	0.7228884	s_depth_median	>=	0.26676725	32	26	-0.2963115880059559	0.0	26	0	-0.14619370480750826	0.0	3	0
genus_raw_norm_depth_a0.02	two_feature_and	u_zip_median	>=	0.7228884	s_depth_median	>=	0.26676725	32	26	-0.2961942283919211	0.0627280169726596	25	1	-0.14193895316582836	0.0	3	0
genus_raw_hit_breadth_a0.02	two_feature_and	max_species_per_genus	>=	5.0	s_breadth_median	>=	0.19547475	32	27	-0.29554619983789676	0.0	27	0	-0.16850335155721513	0.0	3	0
genus_raw_norm_depth_a0.02	two_feature_and	s_depth_median	>=	0.26676725	s_breadth_median	>=	0.19547475	32	27	-0.29530281307674017	0.0627280169726596	26	1	-0.16442267053371581	0.0	3	0
genus_raw_hit_breadth_a0.02	two_feature_and	max_species_per_genus	>=	5.0	u_xny_median	>=	130.2	32	27	-0.2952373496199062	0.0	27	0	-0.1684004014845516	0.0	3	0
genus_raw_hit_breadth_a0.02	two_feature_and	max_species_per_genus	>=	5.0	u_breadth_median	>=	0.1302	32	27	-0.2952373496199062	0.0	27	0	-0.1684004014845516	0.0	3	0
genus_raw_hit_breadth_a0.02	two_feature_and	max_species_per_genus	>=	5.0	u_depth_median	>=	0.1342	32	27	-0.2952373496199062	0.0	27	0	-0.1684004014845516	0.0	3	0
genus_raw_mean_breadth_a0.02	two_feature_and	u_zip_median	>=	0.7228884	n_candidate_calls	<=	2.0	32	27	-0.2951627754201319	0.0657421792239674	26	1	-0.15441142073474	-0.0809191936244223	4	0
genus_raw_norm_depth_a0.02	two_feature_and	base_mass_multi_genus_frac	>=	0.37501510201405147	s_breadth_median	>=	0.19547475	32	26	-0.29496794298059875	0.0627280169726596	25	1	-0.16431104716833533	0.0	3	0
genus_raw_norm_depth_a0.02	two_feature_and	s_xny_median	>=	253.15	base_genus_count	<=	72.7	32	27	-0.2949319909179956	0.0627280169726596	26	1	-0.12521876109188812	0.0	3	0
genus_raw_norm_depth_a0.02	two_feature_and	s_xny_mean	>=	354.2996483825598	base_genus_count	<=	72.7	32	27	-0.2949319909179956	0.0627280169726596	26	1	-0.12521876109188812	0.0	3	0
genus_raw_norm_depth_a0.02	two_feature_and	xny_max_median	>=	253.15	base_genus_count	<=	72.7	32	27	-0.2949319909179956	0.0627280169726596	26	1	-0.12521876109188812	0.0	3	0
genus_raw_norm_depth_a0.02	two_feature_and	xny_max_mean	>=	354.2996483825598	base_genus_count	<=	72.7	32	27	-0.2949319909179956	0.0627280169726596	26	1	-0.12521876109188812	0.0	3	0
genus_raw_mean_breadth_a0.02	single	candidate_call_frac	<=	0.037037037037037035				32	29	-0.29486992254033395	0.0657421792239674	27	2	-0.17631361742819648	-0.0803806831552573	4	0
genus_raw_hit_breadth_a0.02	two_feature_and	s_xny_median	>=	253.15	base_genus_count	<=	72.7	32	27	-0.2948123346472518	0.0	27	0	-0.12938189406799952	0.0	3	0
genus_raw_hit_breadth_a0.02	two_feature_and	s_xny_mean	>=	354.2996483825598	base_genus_count	<=	72.7	32	27	-0.2948123346472518	0.0	27	0	-0.12938189406799952	0.0	3	0
genus_raw_hit_breadth_a0.02	two_feature_and	xny_max_median	>=	253.15	base_genus_count	<=	72.7	32	27	-0.2948123346472518	0.0	27	0	-0.12938189406799952	0.0	3	0
genus_raw_hit_breadth_a0.02	two_feature_and	xny_max_mean	>=	354.2996483825598	base_genus_count	<=	72.7	32	27	-0.2948123346472518	0.0	27	0	-0.12938189406799952	0.0	3	0
genus_raw_norm_depth_a0.02	two_feature_and	max_species_per_genus	>=	5.0	u_xny_median	>=	130.2	32	27	-0.2946933462456223	0.0627280169726596	26	1	-0.1642195149233432	0.0	3	0
genus_raw_norm_depth_a0.02	two_feature_and	max_species_per_genus	>=	5.0	u_breadth_median	>=	0.1302	32	27	-0.2946933462456223	0.0627280169726596	26	1	-0.1642195149233432	0.0	3	0
genus_raw_norm_depth_a0.02	two_feature_and	max_species_per_genus	>=	5.0	u_depth_median	>=	0.1342	32	27	-0.2946933462456223	0.0627280169726596	26	1	-0.1642195149233432	0.0	3	0
genus_raw_hit_breadth_a0.02	two_feature_and	s_depth_median	>=	0.26676725	s_breadth_median	>=	0.19547475	32	27	-0.29448172788165705	0.0	27	0	-0.16814852757180188	0.0	3	0
genus_raw_norm_depth_a0.02	two_feature_and	max_species_per_genus	>=	5.0	s_zip_median	>=	0.5959485	32	27	-0.2944664543256879	0.0627280169726596	26	1	-0.16414388428336507	0.0	3	0
genus_raw_norm_depth_a0.02	two_feature_and	max_species_per_genus	>=	5.0	reported_ani_median	>=	0.9764729000000001	32	27	-0.2944664543256879	0.0627280169726596	26	1	-0.16414388428336507	0.0	3	0
genus_raw_hit_breadth_a0.02	two_feature_and	candidate_raw_frac	<=	0.02061305909024072	base_genus_count	<=	72.7	32	26	-0.29442489810683725	0.0	26	0	-0.12783214790634126	0.0	3	0
genus_raw_hit_breadth_a0.02	two_feature_and	base_mass_multi_genus_frac	>=	0.37501510201405147	s_breadth_median	>=	0.19547475	32	26	-0.2942452074025022	0.0	26	0	-0.1680696874120836	0.0	3	0
genus_raw_hit_breadth_a0.02	two_feature_and	max_species_per_genus	>=	5.0	s_zip_median	>=	0.5959485	32	27	-0.2941934504825271	0.0	27	0	-0.16805243510542522	0.0	3	0
genus_raw_hit_breadth_a0.02	two_feature_and	max_species_per_genus	>=	5.0	reported_ani_median	>=	0.9764729000000001	32	27	-0.2941934504825271	0.0	27	0	-0.16805243510542522	0.0	3	0
genus_raw_mean_breadth_a0.02	two_feature_and	s_breadth_median	>=	0.19547475	base_genus_count	<=	72.7	32	26	-0.29417601466603477	0.0657421792239674	25	1	-0.12059912558344452	0.0	3	0
genus_raw_hit_breadth_a0.02	two_feature_and	s_depth_median	>=	0.26676725	u_xny_median	>=	130.2	32	27	-0.2941728776636665	0.0	27	0	-0.1680455774991384	0.0	3	0
genus_raw_hit_breadth_a0.02	two_feature_and	s_depth_median	>=	0.26676725	u_breadth_median	>=	0.1302	32	27	-0.2941728776636665	0.0	27	0	-0.1680455774991384	0.0	3	0
genus_raw_hit_breadth_a0.02	two_feature_and	s_depth_median	>=	0.26676725	u_depth_median	>=	0.1342	32	27	-0.2941728776636665	0.0	27	0	-0.1680455774991384	0.0	3	0
genus_raw_norm_depth_a0.02	two_feature_and	candidate_raw_frac	<=	0.02061305909024072	base_genus_count	<=	72.7	32	26	-0.29415275687375425	0.0627280169726596	25	1	-0.12210182491492273	0.0	3	0
genus_raw_norm_depth_a0.02	two_feature_and	u_zip_median	>=	0.7228884	base_genus_count	<=	72.7	32	26	-0.2939694306347639	0.0627280169726596	25	1	-0.12265193366993697	0.0	2	0
genus_raw_hit_breadth_a0.02	two_feature_and	base_mass_multi_genus_frac	>=	0.37501510201405147	u_xny_median	>=	130.2	32	26	-0.29393635718451167	0.0	26	0	-0.16796673733942008	0.0	3	0
genus_raw_hit_breadth_a0.02	two_feature_and	base_mass_multi_genus_frac	>=	0.37501510201405147	u_breadth_median	>=	0.1302	32	26	-0.29393635718451167	0.0	26	0	-0.16796673733942008	0.0	3	0
genus_raw_hit_breadth_a0.02	two_feature_and	base_mass_multi_genus_frac	>=	0.37501510201405147	u_depth_median	>=	0.1342	32	26	-0.29393635718451167	0.0	26	0	-0.16796673733942008	0.0	3	0
genus_raw_mean_breadth_a0.02	two_feature_and	s_zip_median	>=	0.5959485	base_genus_count	<=	72.7	32	26	-0.2938593200407655	0.0657421792239674	25	1	-0.12049356070835475	0.0	3	0
genus_raw_mean_breadth_a0.02	two_feature_and	reported_ani_median	>=	0.9764729000000001	base_genus_count	<=	72.7	32	26	-0.2938593200407655	0.0657421792239674	25	1	-0.12049356070835475	0.0	3	0
genus_raw_hit_breadth_a0.02	two_feature_and	u_zip_median	>=	0.7228884	base_genus_count	<=	72.7	32	26	-0.2938562718135578	0.0	26	0	-0.12683239317814868	0.0	2	0
genus_raw_norm_depth_a0.02	two_feature_and	s_depth_median	>=	0.26676725	u_xny_median	>=	130.2	32	27	-0.2933972639830809	0.0627280169726596	26	1	-0.16378748750249605	0.0	3	0
genus_raw_norm_depth_a0.02	two_feature_and	s_depth_median	>=	0.26676725	u_breadth_median	>=	0.1302	32	27	-0.2933972639830809	0.0627280169726596	26	1	-0.16378748750249605	0.0	3	0
genus_raw_norm_depth_a0.02	two_feature_and	s_depth_median	>=	0.26676725	u_depth_median	>=	0.1342	32	27	-0.2933972639830809	0.0627280169726596	26	1	-0.16378748750249605	0.0	3	0
genus_raw_hit_breadth_a0.02	two_feature_and	max_species_per_genus	>=	5.0	n_candidate_calls	<=	2.0	32	30	-0.2932720079964606	0.0407141633556165	29	1	-0.18501426651733877	-0.07894390357608687	4	0
genus_raw_norm_depth_a0.02	two_feature_and	s_depth_median	>=	0.26676725	s_zip_median	>=	0.5959485	32	27	-0.2931703720631465	0.0627280169726596	26	1	-0.16371185686251793	0.0	3	0
genus_raw_norm_depth_a0.02	two_feature_and	s_depth_median	>=	0.26676725	reported_ani_median	>=	0.9764729000000001	32	27	-0.2931703720631465	0.0627280169726596	26	1	-0.16371185686251793	0.0	3	0
genus_raw_hit_breadth_a0.02	two_feature_and	s_depth_median	>=	0.26676725	s_zip_median	>=	0.5959485	32	27	-0.2931289785262874	0.0	27	0	-0.16769761112001202	0.0	3	0
genus_raw_hit_breadth_a0.02	two_feature_and	s_depth_median	>=	0.26676725	reported_ani_median	>=	0.9764729000000001	32	27	-0.2931289785262874	0.0	27	0	-0.16769761112001202	0.0	3	0
genus_raw_norm_depth_a0.02	two_feature_and	base_mass_multi_genus_frac	>=	0.37501510201405147	u_xny_median	>=	130.2	32	26	-0.2930623938869395	0.0627280169726596	25	1	-0.1636758641371156	0.0	3	0
genus_raw_norm_depth_a0.02	two_feature_and	base_mass_multi_genus_frac	>=	0.37501510201405147	u_breadth_median	>=	0.1302	32	26	-0.2930623938869395	0.0627280169726596	25	1	-0.1636758641371156	0.0	3	0
genus_raw_norm_depth_a0.02	two_feature_and	base_mass_multi_genus_frac	>=	0.37501510201405147	u_depth_median	>=	0.1342	32	26	-0.2930623938869395	0.0627280169726596	25	1	-0.1636758641371156	0.0	3	0
genus_raw_mean_breadth_a0.02	single	top3_abundance	>=	0.3976814767272395				32	28	-0.29295461837400005	0.0657421792239674	27	1	-0.14210693788507966	-0.0075849407274948995	4	0
genus_raw_hit_breadth_a0.02	two_feature_and	base_mass_multi_genus_frac	>=	0.37501510201405147	s_zip_median	>=	0.5959485	32	26	-0.29289245804713254	0.0	26	0	-0.1676187709602937	0.0	3	0
genus_raw_hit_breadth_a0.02	two_feature_and	base_mass_multi_genus_frac	>=	0.37501510201405147	reported_ani_median	>=	0.9764729000000001	32	26	-0.29289245804713254	0.0	26	0	-0.1676187709602937	0.0	3	0
genus_raw_norm_depth_a0.02	two_feature_and	base_mass_multi_genus_frac	>=	0.37501510201405147	s_zip_median	>=	0.5959485	32	26	-0.2928355019670051	0.0627280169726596	25	1	-0.16360023349713745	0.0	3	0
genus_raw_norm_depth_a0.02	two_feature_and	base_mass_multi_genus_frac	>=	0.37501510201405147	reported_ani_median	>=	0.9764729000000001	32	26	-0.2928355019670051	0.0627280169726596	25	1	-0.16360023349713745	0.0	3	0
genus_raw_norm_depth_a0.02	two_feature_and	max_species_per_genus	>=	5.0	n_candidate_calls	<=	2.0	32	30	-0.2927853964042106	0.0627280169726596	28	2	-0.18012730651036019	-0.07562868510851452	4	0
genus_raw_mean_breadth_a0.02	two_feature_and	candidate_raw_frac	<=	0.02061305909024072	base_mass_multi_genus_frac	>=	0.6211112684378163	32	23	-0.2925178980676733	0.0657421792239674	22	1	-0.13782938455946603	0.0	2	0
genus_raw_hit_breadth_a0.02	two_feature_and	max_species_per_genus	>=	5.0	base_genus_count	<=	72.7	32	27	-0.29247969410088154	0.0	27	0	-0.1334915531627507	-0.010198003559403366	4	0
genus_raw_norm_depth_a0.02	two_feature_and	s_xny_median	>=	253.15	s_breadth_median	>=	0.19547475	32	27	-0.2922253889330537	0.0627280169726596	26	1	-0.1428619806737465	0.0	3	0
genus_raw_norm_depth_a0.02	two_feature_and	s_xny_mean	>=	354.2996483825598	s_breadth_median	>=	0.19547475	32	27	-0.2922253889330537	0.0627280169726596	26	1	-0.1428619806737465	0.0	3	0
genus_raw_norm_depth_a0.02	two_feature_and	xny_max_median	>=	253.15	s_breadth_median	>=	0.19547475	32	27	-0.2922253889330537	0.0627280169726596	26	1	-0.1428619806737465	0.0	3	0
genus_raw_norm_depth_a0.02	two_feature_and	xny_max_mean	>=	354.2996483825598	s_breadth_median	>=	0.19547475	32	27	-0.2922253889330537	0.0627280169726596	26	1	-0.1428619806737465	0.0	3	0
genus_raw_mean_breadth_a0.02	single	u_zip_median	>=	0.9938931999999999				32	25	-0.292015185844233	0.0657421792239674	24	1	-0.135661150604098	0.0	3	0
genus_raw_mean_breadth_a0.02	single	u_zip_median	>=	1.0				32	25	-0.292015185844233	0.0657421792239674	24	1	-0.135661150604098	0.0	3	0
genus_raw_mean_breadth_a0.02	two_feature_and	u_xny_median	>=	130.2	base_genus_count	<=	72.7	32	26	-0.29196739169618974	0.0657421792239674	25	1	-0.1198629179268295	0.0	3	0
genus_raw_mean_breadth_a0.02	two_feature_and	u_breadth_median	>=	0.1302	base_genus_count	<=	72.7	32	26	-0.29196739169618974	0.0657421792239674	25	1	-0.1198629179268295	0.0	3	0
genus_raw_mean_breadth_a0.02	two_feature_and	u_depth_median	>=	0.1342	base_genus_count	<=	72.7	32	26	-0.29196739169618974	0.0657421792239674	25	1	-0.1198629179268295	0.0	3	0
genus_raw_norm_depth_a0.02	two_feature_and	max_species_per_genus	>=	5.0	base_genus_count	<=	72.7	32	27	-0.2918914193202563	0.0627280169726596	26	1	-0.12744060369545884	-0.010267309687804666	4	0
genus_raw_mean_breadth_a0.02	single	base_mass_multi_genus_frac	>=	0.6861193973357053				32	22	-0.29147925360032967	0.0657421792239674	21	1	-0.13505966597988292	0.0	2	0
genus_raw_norm_depth_a0.02	single	s_zip_median	<=	0.8330524499999999				32	28	-0.2914413236996918	0.0627280169726596	26	2	-0.15501715881717154	0.0	3	0
genus_raw_norm_depth_a0.02	two_feature_and	n_candidate_calls	>=	0.0	s_zip_median	<=	0.8330524499999999	32	28	-0.2914413236996918	0.0627280169726596	26	2	-0.15501715881717154	0.0	3	0
genus_raw_norm_depth_a0.02	two_feature_and	candidate_call_frac	>=	0.0	s_zip_median	<=	0.8330524499999999	32	28	-0.2914413236996918	0.0627280169726596	26	2	-0.15501715881717154	0.0	3	0
genus_raw_norm_depth_a0.02	two_feature_and	candidate_raw_frac	>=	0.0	s_zip_median	<=	0.8330524499999999	32	28	-0.2914413236996918	0.0627280169726596	26	2	-0.15501715881717154	0.0	3	0
genus_raw_norm_depth_a0.02	two_feature_and	u_zip_median	<=	1.0	s_zip_median	<=	0.8330524499999999	32	28	-0.2914413236996918	0.0627280169726596	26	2	-0.15501715881717154	0.0	3	0
genus_raw_norm_depth_a0.02	two_feature_and	probability_min	>=	0.0	s_zip_median	<=	0.8330524499999999	32	28	-0.2914413236996918	0.0627280169726596	26	2	-0.15501715881717154	0.0	3	0
genus_raw_norm_depth_a0.02	two_feature_and	reported_ani_median	<=	1.0	s_zip_median	<=	0.8330524499999999	32	28	-0.2914413236996918	0.0627280169726596	26	2	-0.15501715881717154	0.0	3	0
genus_raw_mean_breadth_a0.02	two_feature_and	u_zip_median	>=	0.7228884	base_mass_multi_genus_frac	>=	0.6211112684378163	32	23	-0.29129948820003493	0.0657421792239674	22	1	-0.1354794821631085	-0.0107902870081391	4	0
genus_raw_norm_depth_a0.02	two_feature_and	u_zip_median	>=	0.7228884	s_breadth_median	>=	0.19547475	32	26	-0.291262828649822	0.0627280169726596	25	1	-0.1402951532517953	0.0	3	0
genus_raw_hit_breadth_a0.02	two_feature_and	s_xny_median	>=	253.15	s_breadth_median	>=	0.19547475	32	27	-0.291258801705596	0.0	27	0	-0.1467402559860078	0.0	3	0
genus_raw_hit_breadth_a0.02	two_feature_and	s_xny_mean	>=	354.2996483825598	s_breadth_median	>=	0.19547475	32	27	-0.291258801705596	0.0	27	0	-0.1467402559860078	0.0	3	0
genus_raw_hit_breadth_a0.02	two_feature_and	xny_max_median	>=	253.15	s_breadth_median	>=	0.19547475	32	27	-0.291258801705596	0.0	27	0	-0.1467402559860078	0.0	3	0
genus_raw_hit_breadth_a0.02	two_feature_and	xny_max_mean	>=	354.2996483825598	s_breadth_median	>=	0.19547475	32	27	-0.291258801705596	0.0	27	0	-0.1467402559860078	0.0	3	0
genus_raw_hit_breadth_a0.02	single	s_zip_median	<=	0.8330524499999999				32	28	-0.2911979436555993	0.0407141633556165	27	1	-0.15544260916342223	0.0	3	0
genus_raw_hit_breadth_a0.02	two_feature_and	n_candidate_calls	>=	0.0	s_zip_median	<=	0.8330524499999999	32	28	-0.2911979436555993	0.0407141633556165	27	1	-0.15544260916342223	0.0	3	0
genus_raw_hit_breadth_a0.02	two_feature_and	candidate_call_frac	>=	0.0	s_zip_median	<=	0.8330524499999999	32	28	-0.2911979436555993	0.0407141633556165	27	1	-0.15544260916342223	0.0	3	0
genus_raw_hit_breadth_a0.02	two_feature_and	candidate_raw_frac	>=	0.0	s_zip_median	<=	0.8330524499999999	32	28	-0.2911979436555993	0.0407141633556165	27	1	-0.15544260916342223	0.0	3	0
genus_raw_hit_breadth_a0.02	two_feature_and	u_zip_median	<=	1.0	s_zip_median	<=	0.8330524499999999	32	28	-0.2911979436555993	0.0407141633556165	27	1	-0.15544260916342223	0.0	3	0
genus_raw_hit_breadth_a0.02	two_feature_and	probability_min	>=	0.0	s_zip_median	<=	0.8330524499999999	32	28	-0.2911979436555993	0.0407141633556165	27	1	-0.15544260916342223	0.0	3	0
genus_raw_hit_breadth_a0.02	two_feature_and	reported_ani_median	<=	1.0	s_zip_median	<=	0.8330524499999999	32	28	-0.2911979436555993	0.0407141633556165	27	1	-0.15544260916342223	0.0	3	0
genus_raw_hit_breadth_a0.02	two_feature_and	base_mass_multi_genus_frac	>=	0.37501510201405147	n_candidate_calls	<=	2.0	32	27	-0.2911488163329828	0.0	27	0	-0.18238807109731858	-0.07017377847653229	4	0
genus_raw_hit_breadth_a0.02	single	s_depth_median	<=	5.294014250000002				32	28	-0.2910508103965561	0.0407141633556165	27	1	-0.1842738673173706	-0.07894390357608687	4	0
genus_raw_hit_breadth_a0.02	single	base_mass_multi_genus_frac	>=	0.6211112684378163				32	25	-0.290974169045142	0.0	25	0	-0.1548701534092623	-0.006198984646633	4	0
genus_raw_hit_breadth_a0.02	two_feature_and	s_xny_median	>=	253.15	u_xny_median	>=	130.2	32	27	-0.29094995148760544	0.0	27	0	-0.14663730591334428	0.0	3	0
genus_raw_hit_breadth_a0.02	two_feature_and	s_xny_median	>=	253.15	u_breadth_median	>=	0.1302	32	27	-0.29094995148760544	0.0	27	0	-0.14663730591334428	0.0	3	0
genus_raw_hit_breadth_a0.02	two_feature_and	s_xny_median	>=	253.15	u_depth_median	>=	0.1342	32	27	-0.29094995148760544	0.0	27	0	-0.14663730591334428	0.0	3	0
genus_raw_hit_breadth_a0.02	two_feature_and	s_xny_mean	>=	354.2996483825598	u_xny_median	>=	130.2	32	27	-0.29094995148760544	0.0	27	0	-0.14663730591334428	0.0	3	0
genus_raw_hit_breadth_a0.02	two_feature_and	s_xny_mean	>=	354.2996483825598	u_breadth_median	>=	0.1302	32	27	-0.29094995148760544	0.0	27	0	-0.14663730591334428	0.0	3	0
genus_raw_hit_breadth_a0.02	two_feature_and	s_xny_mean	>=	354.2996483825598	u_depth_median	>=	0.1342	32	27	-0.29094995148760544	0.0	27	0	-0.14663730591334428	0.0	3	0
genus_raw_hit_breadth_a0.02	two_feature_and	xny_max_median	>=	253.15	u_xny_median	>=	130.2	32	27	-0.29094995148760544	0.0	27	0	-0.14663730591334428	0.0	3	0
genus_raw_hit_breadth_a0.02	two_feature_and	xny_max_median	>=	253.15	u_breadth_median	>=	0.1302	32	27	-0.29094995148760544	0.0	27	0	-0.14663730591334428	0.0	3	0
genus_raw_hit_breadth_a0.02	two_feature_and	xny_max_median	>=	253.15	u_depth_median	>=	0.1342	32	27	-0.29094995148760544	0.0	27	0	-0.14663730591334428	0.0	3	0
genus_raw_hit_breadth_a0.02	two_feature_and	xny_max_mean	>=	354.2996483825598	u_xny_median	>=	130.2	32	27	-0.29094995148760544	0.0	27	0	-0.14663730591334428	0.0	3	0
genus_raw_hit_breadth_a0.02	two_feature_and	xny_max_mean	>=	354.2996483825598	u_breadth_median	>=	0.1302	32	27	-0.29094995148760544	0.0	27	0	-0.14663730591334428	0.0	3	0
genus_raw_hit_breadth_a0.02	two_feature_and	xny_max_mean	>=	354.2996483825598	u_depth_median	>=	0.1342	32	27	-0.29094995148760544	0.0	27	0	-0.14663730591334428	0.0	3	0
genus_raw_norm_depth_a0.02	single	s_depth_median	<=	5.294014250000002				32	28	-0.29090629848433713	0.0627280169726596	26	2	-0.179500940537069	-0.07562868510851452	4	0
genus_raw_mean_breadth_a0.02	single	raw_mass_sum	<=	848.3792632527429				32	28	-0.29086477605963024	0.0657421792239674	26	2	-0.17331936281715574	-0.0727957424277624	4	0
genus_raw_norm_depth_a0.02	two_feature_and	base_mass_multi_genus_frac	>=	0.37501510201405147	n_candidate_calls	<=	2.0	32	27	-0.29082626871346656	0.0627280169726596	26	1	-0.1787085215053027	-0.07212814823319509	4	0
genus_raw_norm_depth_a0.02	single	base_mass_multi_genus_frac	>=	0.6211112684378163				32	25	-0.29073133609255986	0.0627280169726596	24	1	-0.15687194533553642	-0.0124677447078616	4	0
genus_raw_norm_depth_a0.02	two_feature_and	s_xny_median	>=	253.15	u_xny_median	>=	130.2	32	27	-0.29031983983939447	0.0627280169726596	26	1	-0.14222679764252674	0.0	3	0
genus_raw_norm_depth_a0.02	two_feature_and	s_xny_median	>=	253.15	u_breadth_median	>=	0.1302	32	27	-0.29031983983939447	0.0627280169726596	26	1	-0.14222679764252674	0.0	3	0
genus_raw_norm_depth_a0.02	two_feature_and	s_xny_median	>=	253.15	u_depth_median	>=	0.1342	32	27	-0.29031983983939447	0.0627280169726596	26	1	-0.14222679764252674	0.0	3	0
genus_raw_norm_depth_a0.02	two_feature_and	s_xny_mean	>=	354.2996483825598	u_xny_median	>=	130.2	32	27	-0.29031983983939447	0.0627280169726596	26	1	-0.14222679764252674	0.0	3	0
genus_raw_norm_depth_a0.02	two_feature_and	s_xny_mean	>=	354.2996483825598	u_breadth_median	>=	0.1302	32	27	-0.29031983983939447	0.0627280169726596	26	1	-0.14222679764252674	0.0	3	0
genus_raw_norm_depth_a0.02	two_feature_and	s_xny_mean	>=	354.2996483825598	u_depth_median	>=	0.1342	32	27	-0.29031983983939447	0.0627280169726596	26	1	-0.14222679764252674	0.0	3	0
genus_raw_norm_depth_a0.02	two_feature_and	xny_max_median	>=	253.15	u_xny_median	>=	130.2	32	27	-0.29031983983939447	0.0627280169726596	26	1	-0.14222679764252674	0.0	3	0
genus_raw_norm_depth_a0.02	two_feature_and	xny_max_median	>=	253.15	u_breadth_median	>=	0.1302	32	27	-0.29031983983939447	0.0627280169726596	26	1	-0.14222679764252674	0.0	3	0
genus_raw_norm_depth_a0.02	two_feature_and	xny_max_median	>=	253.15	u_depth_median	>=	0.1342	32	27	-0.29031983983939447	0.0627280169726596	26	1	-0.14222679764252674	0.0	3	0
genus_raw_norm_depth_a0.02	two_feature_and	xny_max_mean	>=	354.2996483825598	u_xny_median	>=	130.2	32	27	-0.29031983983939447	0.0627280169726596	26	1	-0.14222679764252674	0.0	3	0
genus_raw_norm_depth_a0.02	two_feature_and	xny_max_mean	>=	354.2996483825598	u_breadth_median	>=	0.1302	32	27	-0.29031983983939447	0.0627280169726596	26	1	-0.14222679764252674	0.0	3	0
genus_raw_norm_depth_a0.02	two_feature_and	xny_max_mean	>=	354.2996483825598	u_depth_median	>=	0.1342	32	27	-0.29031983983939447	0.0627280169726596	26	1	-0.14222679764252674	0.0	3	0
genus_raw_hit_breadth_a0.02	two_feature_and	u_zip_median	>=	0.7228884	s_breadth_median	>=	0.19547475	32	26	-0.29030273887190194	0.0	26	0	-0.14419075509615695	0.0	3	0
genus_raw_hit_breadth_a0.02	single	probability_mean	<=	0.8603437614614962				32	28	-0.2901232391344051	0.0407141633556165	27	1	-0.18396467689665358	-0.07894390357608687	4	0
genus_raw_norm_depth_a0.02	two_feature_and	s_xny_median	>=	253.15	s_zip_median	>=	0.5959485	32	27	-0.29009294791946005	0.0627280169726596	26	1	-0.1421511670025486	0.0	3	0
genus_raw_norm_depth_a0.02	two_feature_and	s_xny_median	>=	253.15	reported_ani_median	>=	0.9764729000000001	32	27	-0.29009294791946005	0.0627280169726596	26	1	-0.1421511670025486	0.0	3	0
genus_raw_norm_depth_a0.02	two_feature_and	s_xny_mean	>=	354.2996483825598	s_zip_median	>=	0.5959485	32	27	-0.29009294791946005	0.0627280169726596	26	1	-0.1421511670025486	0.0	3	0
genus_raw_norm_depth_a0.02	two_feature_and	s_xny_mean	>=	354.2996483825598	reported_ani_median	>=	0.9764729000000001	32	27	-0.29009294791946005	0.0627280169726596	26	1	-0.1421511670025486	0.0	3	0
genus_raw_norm_depth_a0.02	two_feature_and	xny_max_median	>=	253.15	s_zip_median	>=	0.5959485	32	27	-0.29009294791946005	0.0627280169726596	26	1	-0.1421511670025486	0.0	3	0
genus_raw_norm_depth_a0.02	two_feature_and	xny_max_median	>=	253.15	reported_ani_median	>=	0.9764729000000001	32	27	-0.29009294791946005	0.0627280169726596	26	1	-0.1421511670025486	0.0	3	0
genus_raw_norm_depth_a0.02	two_feature_and	xny_max_mean	>=	354.2996483825598	s_zip_median	>=	0.5959485	32	27	-0.29009294791946005	0.0627280169726596	26	1	-0.1421511670025486	0.0	3	0
genus_raw_norm_depth_a0.02	two_feature_and	xny_max_mean	>=	354.2996483825598	reported_ani_median	>=	0.9764729000000001	32	27	-0.29009294791946005	0.0627280169726596	26	1	-0.1421511670025486	0.0	3	0
genus_raw_mean_breadth_a0.02	single	abundance_entropy	<=	3.210623052132838				32	28	-0.29001986334200824	0.0657421792239674	27	1	-0.1593344912594717	-0.0107902870081391	4	0
genus_raw_hit_breadth_a0.02	two_feature_and	u_zip_median	>=	0.7228884	u_xny_median	>=	130.2	32	26	-0.2899938886539114	0.0	26	0	-0.14408780502349344	0.0	3	0
genus_raw_hit_breadth_a0.02	two_feature_and	u_zip_median	>=	0.7228884	u_breadth_median	>=	0.1302	32	26	-0.2899938886539114	0.0	26	0	-0.14408780502349344	0.0	3	0
genus_raw_hit_breadth_a0.02	two_feature_and	u_zip_median	>=	0.7228884	u_depth_median	>=	0.1342	32	26	-0.2899938886539114	0.0	26	0	-0.14408780502349344	0.0	3	0
genus_raw_hit_breadth_a0.02	two_feature_and	candidate_raw_frac	<=	0.02061305909024072	n_candidate_calls	<=	2.0	32	27	-0.2899107378751044	0.0	27	0	-0.16520426358809762	0.0	3	0
genus_raw_hit_breadth_a0.02	two_feature_and	s_xny_median	>=	253.15	s_zip_median	>=	0.5959485	32	27	-0.2899060523502263	0.0	27	0	-0.1462893395342179	0.0	3	0
genus_raw_hit_breadth_a0.02	two_feature_and	s_xny_median	>=	253.15	reported_ani_median	>=	0.9764729000000001	32	27	-0.2899060523502263	0.0	27	0	-0.1462893395342179	0.0	3	0
genus_raw_hit_breadth_a0.02	two_feature_and	s_xny_mean	>=	354.2996483825598	s_zip_median	>=	0.5959485	32	27	-0.2899060523502263	0.0	27	0	-0.1462893395342179	0.0	3	0
genus_raw_hit_breadth_a0.02	two_feature_and	s_xny_mean	>=	354.2996483825598	reported_ani_median	>=	0.9764729000000001	32	27	-0.2899060523502263	0.0	27	0	-0.1462893395342179	0.0	3	0
genus_raw_hit_breadth_a0.02	two_feature_and	xny_max_median	>=	253.15	s_zip_median	>=	0.5959485	32	27	-0.2899060523502263	0.0	27	0	-0.1462893395342179	0.0	3	0
genus_raw_hit_breadth_a0.02	two_feature_and	xny_max_median	>=	253.15	reported_ani_median	>=	0.9764729000000001	32	27	-0.2899060523502263	0.0	27	0	-0.1462893395342179	0.0	3	0
genus_raw_hit_breadth_a0.02	two_feature_and	xny_max_mean	>=	354.2996483825598	s_zip_median	>=	0.5959485	32	27	-0.2899060523502263	0.0	27	0	-0.1462893395342179	0.0	3	0
genus_raw_hit_breadth_a0.02	two_feature_and	xny_max_mean	>=	354.2996483825598	reported_ani_median	>=	0.9764729000000001	32	27	-0.2899060523502263	0.0	27	0	-0.1462893395342179	0.0	3	0
genus_raw_norm_depth_a0.02	single	probability_mean	<=	0.8603437614614962				32	28	-0.2896902304105391	0.0627280169726596	26	2	-0.17909558451246965	-0.07562868510851452	4	0
genus_raw_mean_breadth_a0.02	two_feature_and	s_depth_median	>=	0.26676725	n_candidate_calls	<=	2.0	32	27	-0.2895442572325505	0.0657421792239674	26	1	-0.1569551212187228	0.0	3	0
genus_raw_norm_depth_a0.02	two_feature_and	u_zip_median	>=	0.7228884	u_xny_median	>=	130.2	32	26	-0.28935727955616275	0.0627280169726596	25	1	-0.13965997022057555	0.0	3	0
genus_raw_norm_depth_a0.02	two_feature_and	u_zip_median	>=	0.7228884	u_breadth_median	>=	0.1302	32	26	-0.28935727955616275	0.0627280169726596	25	1	-0.13965997022057555	0.0	3	0
genus_raw_norm_depth_a0.02	two_feature_and	u_zip_median	>=	0.7228884	u_depth_median	>=	0.1342	32	26	-0.28935727955616275	0.0627280169726596	25	1	-0.13965997022057555	0.0	3	0
genus_raw_norm_depth_a0.02	two_feature_and	candidate_raw_frac	<=	0.02061305909024072	n_candidate_calls	<=	2.0	32	27	-0.28934313035856407	0.0627280169726596	26	1	-0.1595789181321055	0.0	3	0
genus_raw_hit_breadth_a0.02	two_feature_and	s_depth_median	>=	0.26676725	base_genus_count	<=	72.7	32	26	-0.28932070531169557	0.0	26	0	-0.12755135095614745	0.0	3	0
genus_raw_hit_breadth_a0.02	single	s_xny_median	<=	922.05				32	28	-0.28923244929398273	0.0407141633556165	27	1	-0.18366774694984617	-0.07894390357608687	4	0
genus_raw_hit_breadth_a0.02	single	s_xny_mean	<=	848.9395833333334				32	28	-0.28923244929398273	0.0407141633556165	27	1	-0.18366774694984617	-0.07894390357608687	4	0
genus_raw_hit_breadth_a0.02	single	xny_max_median	<=	922.05				32	28	-0.28923244929398273	0.0407141633556165	27	1	-0.18366774694984617	-0.07894390357608687	4	0
genus_raw_hit_breadth_a0.02	single	xny_max_mean	<=	848.9395833333334				32	28	-0.28923244929398273	0.0407141633556165	27	1	-0.18366774694984617	-0.07894390357608687	4	0
genus_raw_norm_depth_a0.02	two_feature_and	s_depth_median	>=	0.26676725	base_genus_count	<=	72.7	32	26	-0.2892087514279361	0.0627280169726596	25	1	-0.12331101459520163	0.0	3	0
genus_raw_mean_breadth_a0.02	single	probability_mean	>=	0.6616072163805818				32	28	-0.289138910760257	0.0657421792239674	26	2	-0.1561974751164482	0.0028458542240462014	3	1
genus_raw_norm_depth_a0.02	two_feature_and	u_zip_median	>=	0.7228884	s_zip_median	>=	0.5959485	32	26	-0.28913038763622834	0.0627280169726596	25	1	-0.13958433958059743	0.0	3	0
genus_raw_norm_depth_a0.02	two_feature_and	u_zip_median	>=	0.7228884	reported_ani_median	>=	0.9764729000000001	32	26	-0.28913038763622834	0.0627280169726596	25	1	-0.13958433958059743	0.0	3	0
genus_raw_norm_depth_a0.02	single	s_xny_median	<=	922.05				32	28	-0.2891279723014779	0.0627280169726596	26	2	-0.17890816514278263	-0.07562868510851452	4	0
genus_raw_norm_depth_a0.02	single	s_xny_mean	<=	848.9395833333334				32	28	-0.2891279723014779	0.0627280169726596	26	2	-0.17890816514278263	-0.07562868510851452	4	0
genus_raw_norm_depth_a0.02	single	xny_max_median	<=	922.05				32	28	-0.2891279723014779	0.0627280169726596	26	2	-0.17890816514278263	-0.07562868510851452	4	0
genus_raw_norm_depth_a0.02	single	xny_max_mean	<=	848.9395833333334				32	28	-0.2891279723014779	0.0627280169726596	26	2	-0.17890816514278263	-0.07562868510851452	4	0
genus_raw_hit_breadth_a0.02	two_feature_and	base_mass_multi_genus_frac	>=	0.37501510201405147	base_genus_count	<=	72.7	32	25	-0.2890841848325407	0.0	25	0	-0.12747251079642916	0.0	3	0
genus_raw_mean_breadth_a0.02	single	probability_mean	<=	0.8457530011905242				32	25	-0.2889538441706553	0.0657421792239674	23	2	-0.17191808754783505	-0.0803806831552573	4	0
genus_raw_hit_breadth_a0.02	two_feature_and	u_zip_median	>=	0.7228884	s_zip_median	>=	0.5959485	32	26	-0.2889499895165323	0.0	26	0	-0.14373983864436707	0.0	3	0
genus_raw_hit_breadth_a0.02	two_feature_and	u_zip_median	>=	0.7228884	reported_ani_median	>=	0.9764729000000001	32	26	-0.2889499895165323	0.0	26	0	-0.14373983864436707	0.0	3	0
genus_raw_norm_depth_a0.02	two_feature_and	base_mass_multi_genus_frac	>=	0.37501510201405147	base_genus_count	<=	72.7	32	25	-0.2888738813317947	0.0627280169726596	24	1	-0.12319939122982117	0.0	3	0
genus_raw_norm_depth_a0.02	two_feature_and	s_breadth_median	>=	0.19547475	u_xny_median	>=	130.2	32	27	-0.2884658642409818	0.0627280169726596	26	1	-0.16214368758846304	0.0	3	0
genus_raw_norm_depth_a0.02	two_feature_and	s_breadth_median	>=	0.19547475	u_breadth_median	>=	0.1302	32	27	-0.2884658642409818	0.0627280169726596	26	1	-0.16214368758846304	0.0	3	0
genus_raw_norm_depth_a0.02	two_feature_and	s_breadth_median	>=	0.19547475	u_depth_median	>=	0.1342	32	27	-0.2884658642409818	0.0627280169726596	26	1	-0.16214368758846304	0.0	3	0
genus_raw_mean_breadth_a0.02	two_feature_and	s_xny_median	>=	253.15	n_candidate_calls	<=	2.0	32	27	-0.28839893200816585	0.0657421792239674	26	1	-0.13637450496949724	0.0	3	0
genus_raw_mean_breadth_a0.02	two_feature_and	s_xny_mean	>=	354.2996483825598	n_candidate_calls	<=	2.0	32	27	-0.28839893200816585	0.0657421792239674	26	1	-0.13637450496949724	0.0	3	0
genus_raw_mean_breadth_a0.02	two_feature_and	xny_max_median	>=	253.15	n_candidate_calls	<=	2.0	32	27	-0.28839893200816585	0.0657421792239674	26	1	-0.13637450496949724	0.0	3	0
genus_raw_mean_breadth_a0.02	two_feature_and	xny_max_mean	>=	354.2996483825598	n_candidate_calls	<=	2.0	32	27	-0.28839893200816585	0.0657421792239674	26	1	-0.13637450496949724	0.0	3	0
genus_raw_norm_depth_a0.02	two_feature_and	s_breadth_median	>=	0.19547475	s_zip_median	>=	0.5959485	32	27	-0.2882389723210474	0.0627280169726596	26	1	-0.1620680569484849	0.0	3	0
genus_raw_norm_depth_a0.02	two_feature_and	s_breadth_median	>=	0.19547475	reported_ani_median	>=	0.9764729000000001	32	27	-0.2882389723210474	0.0627280169726596	26	1	-0.1620680569484849	0.0	3	0
genus_raw_hit_breadth_a0.02	single	u_xny_median	<=	650.0500000000001				32	28	-0.2882065862472888	0.0407141633556165	27	1	-0.18190519195276145	-0.07894390357608687	4	0
genus_raw_hit_breadth_a0.02	single	u_breadth_median	<=	0.65005				32	28	-0.2882065862472888	0.0407141633556165	27	1	-0.18190519195276145	-0.07894390357608687	4	0
genus_raw_hit_breadth_a0.02	two_feature_and	s_breadth_median	>=	0.19547475	u_xny_median	>=	130.2	32	27	-0.28816402852961254	0.0	27	0	-0.16604262778778706	0.0	3	0
genus_raw_hit_breadth_a0.02	two_feature_and	s_breadth_median	>=	0.19547475	u_breadth_median	>=	0.1302	32	27	-0.28816402852961254	0.0	27	0	-0.16604262778778706	0.0	3	0
genus_raw_hit_breadth_a0.02	two_feature_and	s_breadth_median	>=	0.19547475	u_depth_median	>=	0.1342	32	27	-0.28816402852961254	0.0	27	0	-0.16604262778778706	0.0	3	0
genus_raw_mean_breadth_a0.02	single	top1_abundance	>=	0.16535099169564693				32	28	-0.2881279349974325	0.0657421792239674	27	1	-0.15870384847794644	-0.0107902870081391	4	0
genus_raw_norm_depth_a0.02	single	u_xny_median	<=	650.0500000000001				32	28	-0.28800372581327827	0.0627280169726596	26	2	-0.17567622481783113	-0.07562868510851452	4	0
genus_raw_norm_depth_a0.02	single	u_breadth_median	<=	0.65005				32	28	-0.28800372581327827	0.0627280169726596	26	2	-0.17567622481783113	-0.07562868510851452	4	0
genus_raw_hit_breadth_a0.02	two_feature_and	u_zip_median	>=	0.7228884	n_candidate_calls	<=	2.0	32	27	-0.2872063478023825	0.0	27	0	-0.15850913878139195	-0.07017377847653229	4	0
genus_raw_norm_depth_a0.02	two_feature_and	u_zip_median	>=	0.7228884	n_candidate_calls	<=	2.0	32	27	-0.2871211543826898	0.0627280169726596	26	1	-0.15469262758876268	-0.07212814823319509	4	0
genus_raw_hit_breadth_a0.02	two_feature_and	s_breadth_median	>=	0.19547475	s_zip_median	>=	0.5959485	32	27	-0.2871201293922334	0.0	27	0	-0.16569466140866068	0.0	3	0
genus_raw_hit_breadth_a0.02	two_feature_and	s_breadth_median	>=	0.19547475	reported_ani_median	>=	0.9764729000000001	32	27	-0.2871201293922334	0.0	27	0	-0.16569466140866068	0.0	3	0
genus_raw_norm_depth_a0.02	single	top3_abundance	<=	0.7495182925003769				32	28	-0.2870200086720257	0.0338691295269626	27	1	-0.1782055105996319	-0.07562868510851452	4	0
genus_raw_norm_depth_a0.02	two_feature_and	max_species_per_genus	>=	5.0	s_zip_median	<=	0.8330524499999999	32	27	-0.2870141664721737	0.0627280169726596	25	2	-0.15354143974133222	0.0	3	0
genus_raw_mean_breadth_a0.02	single	candidate_raw_frac	<=	0.007073601353428178				32	25	-0.28693768866033614	0.0657421792239674	24	1	-0.1359693147570203	0.0	2	0
genus_raw_hit_breadth_a0.02	two_feature_and	u_xny_median	>=	130.2	s_zip_median	>=	0.5959485	32	27	-0.2868112791742429	0.0	27	0	-0.16559171133599715	0.0	3	0
genus_raw_hit_breadth_a0.02	two_feature_and	u_xny_median	>=	130.2	reported_ani_median	>=	0.9764729000000001	32	27	-0.2868112791742429	0.0	27	0	-0.16559171133599715	0.0	3	0
genus_raw_hit_breadth_a0.02	two_feature_and	u_breadth_median	>=	0.1302	s_zip_median	>=	0.5959485	32	27	-0.2868112791742429	0.0	27	0	-0.16559171133599715	0.0	3	0
genus_raw_hit_breadth_a0.02	two_feature_and	u_breadth_median	>=	0.1302	reported_ani_median	>=	0.9764729000000001	32	27	-0.2868112791742429	0.0	27	0	-0.16559171133599715	0.0	3	0
genus_raw_hit_breadth_a0.02	two_feature_and	u_depth_median	>=	0.1342	s_zip_median	>=	0.5959485	32	27	-0.2868112791742429	0.0	27	0	-0.16559171133599715	0.0	3	0
genus_raw_hit_breadth_a0.02	two_feature_and	u_depth_median	>=	0.1342	reported_ani_median	>=	0.9764729000000001	32	27	-0.2868112791742429	0.0	27	0	-0.16559171133599715	0.0	3	0
genus_raw_hit_breadth_a0.02	two_feature_and	max_species_per_genus	>=	5.0	s_zip_median	<=	0.8330524499999999	32	27	-0.2867707862762828	0.0407141633556165	26	1	-0.15396689003698338	0.0	3	0
genus_raw_mean_breadth_a0.02	two_feature_and	s_breadth_median	>=	0.19547475	n_candidate_calls	<=	2.0	32	27	-0.28663502993974677	0.0657421792239674	26	1	-0.15598537878778823	0.0	3	0
genus_raw_norm_depth_a0.02	two_feature_and	u_xny_median	>=	130.2	s_zip_median	>=	0.5959485	32	27	-0.28633342322738814	0.0627280169726596	26	1	-0.16143287391726513	0.0	3	0
genus_raw_norm_depth_a0.02	two_feature_and	u_xny_median	>=	130.2	reported_ani_median	>=	0.9764729000000001	32	27	-0.28633342322738814	0.0627280169726596	26	1	-0.16143287391726513	0.0	3	0
genus_raw_norm_depth_a0.02	two_feature_and	u_breadth_median	>=	0.1302	s_zip_median	>=	0.5959485	32	27	-0.28633342322738814	0.0627280169726596	26	1	-0.16143287391726513	0.0	3	0
genus_raw_norm_depth_a0.02	two_feature_and	u_breadth_median	>=	0.1302	reported_ani_median	>=	0.9764729000000001	32	27	-0.28633342322738814	0.0627280169726596	26	1	-0.16143287391726513	0.0	3	0
genus_raw_norm_depth_a0.02	two_feature_and	u_depth_median	>=	0.1342	s_zip_median	>=	0.5959485	32	27	-0.28633342322738814	0.0627280169726596	26	1	-0.16143287391726513	0.0	3	0
genus_raw_norm_depth_a0.02	two_feature_and	u_depth_median	>=	0.1342	reported_ani_median	>=	0.9764729000000001	32	27	-0.28633342322738814	0.0627280169726596	26	1	-0.16143287391726513	0.0	3	0
genus_raw_mean_breadth_a0.02	two_feature_and	s_zip_median	>=	0.5959485	n_candidate_calls	<=	2.0	32	27	-0.2863183353144775	0.0657421792239674	26	1	-0.15587981391269845	0.0	3	0
genus_raw_mean_breadth_a0.02	two_feature_and	reported_ani_median	>=	0.9764729000000001	n_candidate_calls	<=	2.0	32	27	-0.2863183353144775	0.0657421792239674	26	1	-0.15587981391269845	0.0	3	0
genus_raw_hit_breadth_a0.02	single	candidate_call_frac	<=	0.037037037037037035				32	29	-0.28588573821573693	0.0407141633556165	28	1	-0.18255217659043088	-0.07894390357608687	4	0
genus_raw_mean_breadth_a0.02	single	s_xny_mean	>=	458.87100103199174				32	25	-0.28579206022973586	0.0657421792239674	24	1	-0.1178044741046782	0.0	3	0
genus_raw_mean_breadth_a0.02	single	xny_max_mean	>=	458.87100103199174				32	25	-0.28579206022973586	0.0657421792239674	24	1	-0.1178044741046782	0.0	3	0
genus_raw_norm_depth_a0.02	single	candidate_call_frac	<=	0.037037037037037035				32	29	-0.2857338882885048	0.0627280169726596	27	2	-0.1777768038051249	-0.07562868510851452	4	0
genus_raw_mean_breadth_a0.02	two_feature_and	s_depth_median	>=	0.26676725	base_mass_multi_genus_frac	>=	0.6211112684378163	32	23	-0.2856809700124535	0.0657421792239674	22	1	-0.1380231826470913	0.0	3	0
genus_raw_mean_breadth_a0.02	single	u_depth_median	<=	1.0558000000000005				32	28	-0.285637615586779	0.0657421792239674	26	2	-0.17323618177701153	-0.0803806831552573	4	0
genus_raw_norm_depth_a0.02	single	top3_abundance	>=	0.3976814767272395				32	28	-0.28556215040636673	0.0627280169726596	27	1	-0.14260621748361108	-0.0124677447078616	4	0
genus_raw_hit_breadth_a0.02	single	raw_mass_sum	<=	848.3792632527429				32	28	-0.2855011296439627	0.0407141633556165	27	1	-0.1775367677896315	-0.0566023906913268	4	0
genus_raw_norm_depth_a0.02	two_feature_and	base_mass_multi_genus_frac	>=	0.37501510201405147	s_zip_median	<=	0.8330524499999999	32	24	-0.2850550387814297	0.0627280169726596	23	1	-0.15212265473627473	0.0	3	0
genus_raw_hit_breadth_a0.02	single	top3_abundance	>=	0.3976814767272395				32	28	-0.2849036816324354	0.0	28	0	-0.14238334950682657	-0.006198984646633	4	0
genus_raw_hit_breadth_a0.02	two_feature_and	s_depth_median	>=	0.26676725	n_candidate_calls	<=	2.0	32	27	-0.2848065450799627	0.0	27	0	-0.1649234666379038	0.0	3	0
genus_raw_hit_breadth_a0.02	two_feature_and	base_mass_multi_genus_frac	>=	0.37501510201405147	s_zip_median	<=	0.8330524499999999	32	24	-0.284647594612805	0.0	24	0	-0.1513406946169632	0.0	3	0
genus_raw_mean_breadth_a0.02	two_feature_and	s_xny_median	>=	253.15	base_mass_multi_genus_frac	>=	0.6211112684378163	32	23	-0.28453564478806886	0.0657421792239674	22	1	-0.11744256639786577	0.0	3	0
genus_raw_mean_breadth_a0.02	two_feature_and	s_xny_mean	>=	354.2996483825598	base_mass_multi_genus_frac	>=	0.6211112684378163	32	23	-0.28453564478806886	0.0657421792239674	22	1	-0.11744256639786577	0.0	3	0
genus_raw_mean_breadth_a0.02	two_feature_and	xny_max_median	>=	253.15	base_mass_multi_genus_frac	>=	0.6211112684378163	32	23	-0.28453564478806886	0.0657421792239674	22	1	-0.11744256639786577	0.0	3	0
genus_raw_mean_breadth_a0.02	two_feature_and	xny_max_mean	>=	354.2996483825598	base_mass_multi_genus_frac	>=	0.6211112684378163	32	23	-0.28453564478806886	0.0657421792239674	22	1	-0.11744256639786577	0.0	3	0
genus_raw_mean_breadth_a0.02	two_feature_and	u_xny_median	>=	130.2	n_candidate_calls	<=	2.0	32	27	-0.28442640696990173	0.0657421792239674	26	1	-0.1552491711311732	0.0	3	0
genus_raw_mean_breadth_a0.02	two_feature_and	u_breadth_median	>=	0.1302	n_candidate_calls	<=	2.0	32	27	-0.28442640696990173	0.0657421792239674	26	1	-0.1552491711311732	0.0	3	0
genus_raw_mean_breadth_a0.02	two_feature_and	u_depth_median	>=	0.1342	n_candidate_calls	<=	2.0	32	27	-0.28442640696990173	0.0657421792239674	26	1	-0.1552491711311732	0.0	3	0
genus_raw_norm_depth_a0.02	two_feature_and	s_depth_median	>=	0.26676725	n_candidate_calls	<=	2.0	32	27	-0.28439912491274594	0.0627280169726596	26	1	-0.1607881078123844	0.0	3	0
genus_raw_norm_depth_a0.02	two_feature_and	candidate_raw_frac	<=	0.02061305909024072	s_zip_median	<=	0.8330524499999999	32	25	-0.28435113447076854	0.0627280169726596	24	1	-0.13610998754004294	0.0	2	0
genus_raw_norm_depth_a0.02	two_feature_and	s_depth_median	>=	0.26676725	s_zip_median	<=	0.8330524499999999	32	25	-0.28435113447076854	0.0627280169726596	24	1	-0.13610998754004294	0.0	2	0
genus_raw_norm_depth_a0.02	two_feature_and	s_breadth_median	>=	0.19547475	base_genus_count	<=	72.7	32	26	-0.284277351685837	0.0627280169726596	25	1	-0.1216672146811686	0.0	3	0
genus_raw_norm_depth_a0.02	single	raw_mass_sum	<=	848.3792632527429				32	28	-0.28387379859660816	0.0627280169726596	26	2	-0.17392140743834222	-0.060838438390874224	4	0
genus_raw_hit_breadth_a0.02	two_feature_and	candidate_raw_frac	<=	0.02061305909024072	s_zip_median	<=	0.8330524499999999	32	25	-0.28379695269534116	0.0	25	0	-0.1357066332694005	0.0	2	0
genus_raw_hit_breadth_a0.02	two_feature_and	s_depth_median	>=	0.26676725	s_zip_median	<=	0.8330524499999999	32	25	-0.28379695269534116	0.0	25	0	-0.1357066332694005	0.0	2	0
genus_raw_hit_breadth_a0.02	single	top3_abundance	<=	0.7495182925003769				32	28	-0.2835402085526495	0.0407141633556165	27	1	-0.18177033336940174	-0.07894390357608687	4	0
genus_raw_hit_breadth_a0.02	two_feature_and	s_breadth_median	>=	0.19547475	base_genus_count	<=	72.7	32	26	-0.2833118561776416	0.0	26	0	-0.1255484012447961	0.0	3	0
genus_raw_hit_breadth_a0.02	single	probability_mean	>=	0.6616072163805818				32	28	-0.28330986623814414	0.0407141633556165	27	1	-0.1663430385561585	-0.008770125099554564	4	0
genus_raw_hit_breadth_a0.02	single	base_raw_mass	<=	843.1832220279986				32	28	-0.2833006192289111	0.0407141633556165	27	1	-0.18169047026148893	-0.07894390357608687	4	0
genus_raw_mean_breadth_a0.02	single	base_raw_mass	<=	843.1832220279986				32	28	-0.28325330309860014	0.0657421792239674	26	2	-0.17244141094761856	-0.0803806831552573	4	0
genus_raw_hit_breadth_a0.02	single	base_mass_multi_genus_frac	>=	0.6861193973357053				32	22	-0.28305187793885844	0.0	22	0	-0.1332274617386201	0.0	2	0
genus_raw_hit_breadth_a0.02	two_feature_and	u_xny_median	>=	130.2	base_genus_count	<=	72.7	32	26	-0.28300300595965105	0.0	26	0	-0.1254454511721326	0.0	3	0
genus_raw_hit_breadth_a0.02	two_feature_and	u_breadth_median	>=	0.1302	base_genus_count	<=	72.7	32	26	-0.28300300595965105	0.0	26	0	-0.1254454511721326	0.0	3	0
genus_raw_hit_breadth_a0.02	two_feature_and	u_depth_median	>=	0.1342	base_genus_count	<=	72.7	32	26	-0.28300300595965105	0.0	26	0	-0.1254454511721326	0.0	3	0
genus_raw_mean_breadth_a0.02	two_feature_and	s_breadth_median	>=	0.19547475	base_mass_multi_genus_frac	>=	0.6211112684378163	32	23	-0.2827717427196498	0.0657421792239674	22	1	-0.13705344021615673	0.0	3	0
genus_raw_hit_breadth_a0.02	single	probability_mean	<=	0.8457530011905242				32	25	-0.2826803667768963	0.0407141633556165	24	1	-0.1792529061655312	-0.07894390357608687	4	0
genus_raw_mean_breadth_a0.02	two_feature_and	s_zip_median	>=	0.5959485	base_mass_multi_genus_frac	>=	0.6211112684378163	32	23	-0.2824550480943805	0.0657421792239674	22	1	-0.13694787534106695	0.0	3	0
genus_raw_mean_breadth_a0.02	two_feature_and	reported_ani_median	>=	0.9764729000000001	base_mass_multi_genus_frac	>=	0.6211112684378163	32	23	-0.2824550480943805	0.0657421792239674	22	1	-0.13694787534106695	0.0	3	0
genus_raw_norm_depth_a0.02	two_feature_and	u_xny_median	>=	130.2	base_genus_count	<=	72.7	32	26	-0.28237180259217776	0.0627280169726596	25	1	-0.12103203164994884	0.0	3	0
genus_raw_norm_depth_a0.02	two_feature_and	u_breadth_median	>=	0.1302	base_genus_count	<=	72.7	32	26	-0.28237180259217776	0.0627280169726596	25	1	-0.12103203164994884	0.0	3	0
genus_raw_norm_depth_a0.02	two_feature_and	u_depth_median	>=	0.1342	base_genus_count	<=	72.7	32	26	-0.28237180259217776	0.0627280169726596	25	1	-0.12103203164994884	0.0	3	0
genus_raw_mean_breadth_a0.02	single	raw_mass_sum	>=	393.4293941291139				32	28	-0.28232863061757174	0.0657421792239674	26	2	-0.15448901062234327	-0.0107902870081391	4	0
genus_raw_mean_breadth_a0.02	single	base_raw_mass	>=	393.4293941291139				32	28	-0.28232863061757174	0.0657421792239674	26	2	-0.15448901062234327	-0.0107902870081391	4	0
genus_raw_norm_depth_a0.02	single	base_mass_multi_genus_frac	>=	0.6861193973357053				32	22	-0.2822275278682248	0.0627280169726596	21	1	-0.1331561446783211	0.0	2	0
genus_raw_norm_depth_a0.02	two_feature_and	s_zip_median	>=	0.5959485	base_genus_count	<=	72.7	32	26	-0.28214491067224334	0.0627280169726596	25	1	-0.12095640100997071	0.0	3	0
genus_raw_norm_depth_a0.02	two_feature_and	reported_ani_median	>=	0.9764729000000001	base_genus_count	<=	72.7	32	26	-0.28214491067224334	0.0627280169726596	25	1	-0.12095640100997071	0.0	3	0
genus_raw_hit_breadth_a0.02	two_feature_and	s_zip_median	>=	0.5959485	base_genus_count	<=	72.7	32	26	-0.28195910682227193	0.0	26	0	-0.12509748479300623	0.0	3	0
genus_raw_hit_breadth_a0.02	two_feature_and	reported_ani_median	>=	0.9764729000000001	base_genus_count	<=	72.7	32	26	-0.28195910682227193	0.0	26	0	-0.12509748479300623	0.0	3	0
genus_raw_mean_breadth_a0.02	single	n_calls	>=	24.2				32	28	-0.28185823459807746	0.0657421792239674	26	2	-0.171976388114111	-0.0803806831552573	4	0
genus_raw_mean_breadth_a0.02	single	n_base_calls	>=	22.4				32	28	-0.28185823459807746	0.0657421792239674	26	2	-0.171976388114111	-0.0803806831552573	4	0
genus_raw_mean_breadth_a0.02	single	multi_species_genus_count	>=	3.1				32	28	-0.28185823459807746	0.0657421792239674	26	2	-0.171976388114111	-0.0803806831552573	4	0
genus_raw_mean_breadth_a0.02	single	multi_species_genus_count	>=	4.0				32	28	-0.28185823459807746	0.0657421792239674	26	2	-0.171976388114111	-0.0803806831552573	4	0
genus_raw_hit_breadth_a0.02	two_feature_and	s_xny_median	>=	253.15	n_candidate_calls	<=	2.0	32	27	-0.28158361890390166	0.0	27	0	-0.1435151950521097	0.0	3	0
genus_raw_hit_breadth_a0.02	two_feature_and	s_xny_mean	>=	354.2996483825598	n_candidate_calls	<=	2.0	32	27	-0.28158361890390166	0.0	27	0	-0.1435151950521097	0.0	3	0
genus_raw_hit_breadth_a0.02	two_feature_and	xny_max_median	>=	253.15	n_candidate_calls	<=	2.0	32	27	-0.28158361890390166	0.0	27	0	-0.1435151950521097	0.0	3	0
genus_raw_hit_breadth_a0.02	two_feature_and	xny_max_mean	>=	354.2996483825598	n_candidate_calls	<=	2.0	32	27	-0.28158361890390166	0.0	27	0	-0.1435151950521097	0.0	3	0
genus_raw_mean_breadth_a0.02	single	s_breadth_median	>=	0.24730690000000002				32	25	-0.2815468434101575	0.0657421792239674	24	1	-0.11638940183148543	0.0	3	0
genus_raw_mean_breadth_a0.02	two_feature_and	base_genus_count	<=	72.7	n_candidate_calls	<=	2.0	32	27	-0.2815238457990789	0.0657421792239674	26	1	-0.1180409417452654	-0.0075849407274948995	4	0
genus_raw_norm_depth_a0.02	single	u_zip_median	>=	0.9938931999999999				32	25	-0.2814631944859848	0.0627280169726596	24	1	-0.13426122071302202	0.0	3	0
genus_raw_norm_depth_a0.02	single	u_zip_median	>=	1.0				32	25	-0.2814631944859848	0.0627280169726596	24	1	-0.13426122071302202	0.0	3	0
genus_raw_norm_depth_a0.02	two_feature_and	u_zip_median	>=	0.7228884	s_zip_median	<=	0.8330524499999999	32	24	-0.281349924450653	0.0627280169726596	23	1	-0.1281067608197347	0.0	3	0
genus_raw_norm_depth_a0.02	two_feature_and	s_xny_median	>=	253.15	n_candidate_calls	<=	2.0	32	27	-0.2813217007690595	0.0627280169726596	26	1	-0.13922741795241508	0.0	3	0
genus_raw_norm_depth_a0.02	two_feature_and	s_xny_mean	>=	354.2996483825598	n_candidate_calls	<=	2.0	32	27	-0.2813217007690595	0.0627280169726596	26	1	-0.13922741795241508	0.0	3	0
genus_raw_norm_depth_a0.02	two_feature_and	xny_max_median	>=	253.15	n_candidate_calls	<=	2.0	32	27	-0.2813217007690595	0.0627280169726596	26	1	-0.13922741795241508	0.0	3	0
genus_raw_norm_depth_a0.02	two_feature_and	xny_max_mean	>=	354.2996483825598	n_candidate_calls	<=	2.0	32	27	-0.2813217007690595	0.0627280169726596	26	1	-0.13922741795241508	0.0	3	0
genus_raw_norm_depth_a0.02	single	probability_mean	>=	0.6616072163805818				32	28	-0.28126902739521936	0.0627280169726596	26	2	-0.16051048441468502	-0.0035005368753194314	4	0
genus_raw_hit_breadth_a0.02	single	u_zip_median	>=	0.9938931999999999				32	25	-0.28116940589201445	0.0	25	0	-0.137953951912709	0.0	3	0
genus_raw_hit_breadth_a0.02	single	u_zip_median	>=	1.0				32	25	-0.28116940589201445	0.0	25	0	-0.137953951912709	0.0	3	0
genus_raw_mean_breadth_a0.02	single	u_xny_median	>=	197.9				32	25	-0.2807490633761482	0.0657421792239674	24	1	-0.13382454875882469	0.0	3	0
genus_raw_mean_breadth_a0.02	single	u_breadth_median	>=	0.19790000000000002				32	25	-0.2807490633761482	0.0657421792239674	24	1	-0.13382454875882469	0.0	3	0
genus_raw_mean_breadth_a0.02	single	u_depth_median	>=	0.2223				32	25	-0.2807490633761482	0.0657421792239674	24	1	-0.13382454875882469	0.0	3	0
genus_raw_hit_breadth_a0.02	two_feature_and	u_zip_median	>=	0.7228884	s_zip_median	<=	0.8330524499999999	32	24	-0.28070512608220466	0.0	24	0	-0.12746176230103656	0.0	3	0
genus_raw_mean_breadth_a0.02	two_feature_and	u_xny_median	>=	130.2	base_mass_multi_genus_frac	>=	0.6211112684378163	32	23	-0.28056311974980475	0.0657421792239674	22	1	-0.1363172325595417	0.0	3	0
genus_raw_mean_breadth_a0.02	two_feature_and	u_breadth_median	>=	0.1302	base_mass_multi_genus_frac	>=	0.6211112684378163	32	23	-0.28056311974980475	0.0657421792239674	22	1	-0.1363172325595417	0.0	3	0
genus_raw_mean_breadth_a0.02	two_feature_and	u_depth_median	>=	0.1342	base_mass_multi_genus_frac	>=	0.6211112684378163	32	23	-0.28056311974980475	0.0657421792239674	22	1	-0.1363172325595417	0.0	3	0
genus_raw_mean_breadth_a0.02	single	s_breadth_median	<=	0.7391689				32	28	-0.2804999582140122	0.0657421792239674	26	2	-0.17152362931942255	-0.0803806831552573	4	0
genus_raw_norm_depth_a0.02	single	top1_abundance	>=	0.16535099169564693				32	28	-0.27976397597741093	0.0627280169726596	27	1	-0.1564515250999706	-0.0124677447078616	4	0
genus_raw_hit_breadth_a0.02	single	top1_abundance	>=	0.16535099169564693				32	28	-0.27967314467700954	0.0	28	0	-0.15599035123009275	-0.006198984646633	4	0
genus_raw_norm_depth_a0.02	single	probability_mean	<=	0.8457530011905242				32	25	-0.2796060738529594	0.0627280169726596	23	2	-0.17348822499906918	-0.07562868510851452	4	0
genus_raw_norm_depth_a0.02	single	abundance_entropy	<=	3.210623052132838				32	28	-0.2795370840574765	0.0627280169726596	27	1	-0.15637589445999245	-0.0124677447078616	4	0
genus_raw_mean_breadth_a0.02	single	max_species_per_genus	>=	6.0				32	27	-0.27951129559854837	0.0657421792239674	25	2	-0.16877057135713275	-0.0803806831552573	4	0
genus_raw_norm_depth_a0.02	two_feature_and	s_breadth_median	>=	0.19547475	n_candidate_calls	<=	2.0	32	27	-0.27946772517064683	0.0627280169726596	26	1	-0.15914430789835138	0.0	3	0
genus_raw_mean_breadth_a0.02	single	base_genus_count	>=	13.1				32	28	-0.27897836218730154	0.0657421792239674	26	2	-0.17101643064385236	-0.0803806831552573	4	0
genus_raw_norm_depth_a0.02	single	candidate_raw_frac	<=	0.007073601353428178				32	25	-0.2789691735048285	0.0627280169726596	24	1	-0.13431600055139625	0.0	2	0
genus_raw_hit_breadth_a0.02	two_feature_and	s_breadth_median	>=	0.19547475	n_candidate_calls	<=	2.0	32	27	-0.27879769594590875	0.0	27	0	-0.16292051692655246	0.0	3	0
genus_raw_mean_breadth_a0.02	single	top3_abundance	>=	0.47489870751182156				32	25	-0.2787191981217314	0.0657421792239674	24	1	-0.1357025920168506	0.0	3	0
genus_raw_hit_breadth_a0.02	single	abundance_entropy	<=	3.210623052132838				32	28	-0.2786292455396304	0.0	28	0	-0.15564238485096638	-0.006198984646633	4	0
genus_raw_hit_breadth_a0.02	two_feature_and	u_xny_median	>=	130.2	n_candidate_calls	<=	2.0	32	27	-0.2784888457279182	0.0	27	0	-0.16281756685388893	0.0	3	0
genus_raw_hit_breadth_a0.02	two_feature_and	u_breadth_median	>=	0.1302	n_candidate_calls	<=	2.0	32	27	-0.2784888457279182	0.0	27	0	-0.16281756685388893	0.0	3	0
genus_raw_hit_breadth_a0.02	two_feature_and	u_depth_median	>=	0.1342	n_candidate_calls	<=	2.0	32	27	-0.2784888457279182	0.0	27	0	-0.16281756685388893	0.0	3	0
genus_raw_norm_depth_a0.02	single	base_raw_mass	<=	843.1832220279986				32	28	-0.27833199841978296	0.0627280169726596	26	2	-0.1753095071822176	-0.07562868510851452	4	0
genus_raw_hit_breadth_a0.02	single	u_depth_median	<=	1.0558000000000005				32	28	-0.278042995332469	0.0407141633556165	27	1	-0.1799379289626749	-0.07894390357608687	4	0
genus_raw_hit_breadth_a0.02	single	candidate_raw_frac	<=	0.007073601353428178				32	25	-0.27799457087975804	0.0	25	0	-0.13377250599753945	0.0	2	0
genus_raw_norm_depth_a0.02	single	u_depth_median	<=	1.0558000000000005				32	28	-0.27765696667534856	0.0627280169726596	26	2	-0.1750844966007395	-0.07562868510851452	4	0
genus_raw_hit_breadth_a0.02	single	s_xny_mean	>=	458.87100103199174				32	25	-0.27763549465808995	0.0	25	0	-0.12365628073827889	0.0	3	0
genus_raw_hit_breadth_a0.02	single	xny_max_mean	>=	458.87100103199174				32	25	-0.27763549465808995	0.0	25	0	-0.12365628073827889	0.0	3	0
genus_raw_mean_breadth_a0.02	single	n_calls	<=	134.90000000000003				32	28	-0.2776112037403801	0.0657421792239674	26	2	-0.13266079638177217	-0.011078874318332467	4	0
genus_raw_mean_breadth_a0.02	single	n_base_calls	<=	134.80000000000004				32	28	-0.2776112037403801	0.0657421792239674	26	2	-0.13266079638177217	-0.011078874318332467	4	0
genus_raw_mean_breadth_a0.02	single	multi_species_genus_count	<=	19.900000000000002				32	28	-0.2776112037403801	0.0657421792239674	26	2	-0.13266079638177217	-0.011078874318332467	4	0
genus_raw_norm_depth_a0.02	two_feature_and	u_xny_median	>=	130.2	n_candidate_calls	<=	2.0	32	27	-0.2775621760769876	0.0627280169726596	26	1	-0.15850912486713162	0.0	3	0
genus_raw_norm_depth_a0.02	two_feature_and	u_breadth_median	>=	0.1302	n_candidate_calls	<=	2.0	32	27	-0.2775621760769876	0.0627280169726596	26	1	-0.15850912486713162	0.0	3	0
genus_raw_norm_depth_a0.02	two_feature_and	u_depth_median	>=	0.1342	n_candidate_calls	<=	2.0	32	27	-0.2775621760769876	0.0627280169726596	26	1	-0.15850912486713162	0.0	3	0
genus_raw_hit_breadth_a0.02	two_feature_and	s_zip_median	>=	0.5959485	n_candidate_calls	<=	2.0	32	27	-0.2774449465905391	0.0	27	0	-0.16246960047476255	0.0	3	0
genus_raw_hit_breadth_a0.02	two_feature_and	reported_ani_median	>=	0.9764729000000001	n_candidate_calls	<=	2.0	32	27	-0.2774449465905391	0.0	27	0	-0.16246960047476255	0.0	3	0
genus_raw_mean_breadth_a0.02	single	probability_min	<=	0.4090522786340605				32	28	-0.27734836256403106	0.0657421792239674	26	2	-0.17047309743609554	-0.0803806831552573	4	0
genus_raw_norm_depth_a0.02	two_feature_and	s_zip_median	>=	0.5959485	n_candidate_calls	<=	2.0	32	27	-0.27733528415705316	0.0627280169726596	26	1	-0.15843349422715347	0.0	3	0
genus_raw_norm_depth_a0.02	two_feature_and	reported_ani_median	>=	0.9764729000000001	n_candidate_calls	<=	2.0	32	27	-0.27733528415705316	0.0627280169726596	26	1	-0.15843349422715347	0.0	3	0
genus_raw_norm_depth_a0.02	single	raw_mass_sum	>=	393.4293941291139				32	28	-0.2772795179395288	0.0627280169726596	26	2	-0.15315374839266888	-0.0124677447078616	4	0
genus_raw_norm_depth_a0.02	single	base_raw_mass	>=	393.4293941291139				32	28	-0.2772795179395288	0.0627280169726596	26	2	-0.15315374839266888	-0.0124677447078616	4	0
genus_raw_mean_breadth_a0.02	two_feature_and	n_candidate_calls	<=	2.0	base_mass_multi_genus_frac	>=	0.6211112684378163	32	24	-0.277210973538801	0.0657421792239674	23	1	-0.15340565554092978	-0.0107902870081391	4	0
genus_raw_mean_breadth_a0.02	two_feature_and	base_genus_count	<=	72.7	base_mass_multi_genus_frac	>=	0.6211112684378163	32	22	-0.2769494703857793	0.0657421792239674	21	1	-0.0972127679917602	0.0	3	0
genus_raw_norm_depth_a0.02	single	s_xny_mean	>=	458.87100103199174				32	25	-0.27675233950801337	0.0627280169726596	24	1	-0.11915887728856071	0.0	3	0
genus_raw_norm_depth_a0.02	single	xny_max_mean	>=	458.87100103199174				32	25	-0.27675233950801337	0.0627280169726596	24	1	-0.11915887728856071	0.0	3	0
genus_raw_mean_breadth_a0.02	single	abundance_entropy	>=	1.933598039284146				32	28	-0.2767205772253106	0.0657421792239674	26	2	-0.17026383565652203	-0.0803806831552573	4	0
genus_raw_hit_breadth_a0.02	single	raw_mass_sum	>=	393.4293941291139				32	28	-0.27666804588648286	0.0407141633556165	27	1	-0.15201991055523678	-0.006198984646633	4	0
genus_raw_hit_breadth_a0.02	single	base_raw_mass	>=	393.4293941291139				32	28	-0.27666804588648286	0.0407141633556165	27	1	-0.15201991055523678	-0.006198984646633	4	0
genus_raw_mean_breadth_a0.02	single	top1_abundance	<=	0.5449778717218927				32	28	-0.27646503803120637	0.0657421792239674	26	2	-0.17017865592515397	-0.0803806831552573	4	0
genus_raw_mean_breadth_a0.02	single	n_candidate_calls	<=	1.0				32	27	-0.2759843646101001	0.0657421792239674	26	1	-0.17064096206296198	-0.08322653737930351	4	0
genus_raw_hit_breadth_a0.02	two_feature_and	n_candidate_calls	<=	2.0	base_genus_count	<=	72.7	32	27	-0.27573119020889353	0.0	27	0	-0.12790871853208802	-0.010198003559403366	4	0
genus_raw_hit_breadth_a0.02	single	max_species_per_genus	>=	6.0				32	27	-0.2756431093604954	0.0407141633556165	26	1	-0.17690715369339755	-0.07894390357608687	4	0
genus_raw_norm_depth_a0.02	two_feature_and	s_xny_median	>=	253.15	s_zip_median	<=	0.8330524499999999	32	24	-0.2755504708370226	0.0627280169726596	23	1	-0.11264155118338712	0.0	2	0
genus_raw_norm_depth_a0.02	two_feature_and	s_xny_mean	>=	354.2996483825598	s_zip_median	<=	0.8330524499999999	32	24	-0.2755504708370226	0.0627280169726596	23	1	-0.11264155118338712	0.0	2	0
genus_raw_norm_depth_a0.02	two_feature_and	xny_max_median	>=	253.15	s_zip_median	<=	0.8330524499999999	32	24	-0.2755504708370226	0.0627280169726596	23	1	-0.11264155118338712	0.0	2	0
genus_raw_norm_depth_a0.02	two_feature_and	xny_max_mean	>=	354.2996483825598	s_zip_median	<=	0.8330524499999999	32	24	-0.2755504708370226	0.0627280169726596	23	1	-0.11264155118338712	0.0	2	0
genus_raw_mean_breadth_a0.02	single	u_depth_median	>=	0.264				32	23	-0.2752921854836687	0.0	23	0	-0.1320055894613315	0.0	3	0
genus_raw_hit_breadth_a0.02	two_feature_and	s_xny_median	>=	253.15	s_zip_median	<=	0.8330524499999999	32	24	-0.27508239718372385	0.0	24	0	-0.11246781857175432	0.0	2	0
genus_raw_hit_breadth_a0.02	two_feature_and	s_xny_mean	>=	354.2996483825598	s_zip_median	<=	0.8330524499999999	32	24	-0.27508239718372385	0.0	24	0	-0.11246781857175432	0.0	2	0
genus_raw_hit_breadth_a0.02	two_feature_and	xny_max_median	>=	253.15	s_zip_median	<=	0.8330524499999999	32	24	-0.27508239718372385	0.0	24	0	-0.11246781857175432	0.0	2	0
genus_raw_hit_breadth_a0.02	two_feature_and	xny_max_mean	>=	354.2996483825598	s_zip_median	<=	0.8330524499999999	32	24	-0.27508239718372385	0.0	24	0	-0.11246781857175432	0.0	2	0
genus_raw_mean_breadth_a0.02	single	u_depth_median	<=	0.7984000000000001				32	25	-0.2749228132810356	0.0657421792239674	23	2	-0.1696645810084304	-0.0803806831552573	4	0
genus_raw_norm_depth_a0.02	two_feature_and	n_candidate_calls	<=	2.0	base_genus_count	<=	72.7	32	27	-0.27476024915162156	0.0627280169726596	26	1	-0.12173021363924727	-0.010267309687804666	4	0
genus_raw_mean_breadth_a0.02	single	raw_mass_sum	<=	805.3156067244646				32	25	-0.2746651566958781	0.0657421792239674	23	2	-0.1654959859387698	-0.0727957424277624	4	0
genus_raw_mean_breadth_a0.02	single	base_raw_mass	<=	802.2303685078451				32	25	-0.2746651566958781	0.0657421792239674	23	2	-0.1654959859387698	-0.0727957424277624	4	0
genus_raw_hit_breadth_a0.02	single	n_calls	>=	24.2				32	28	-0.2746017584963958	0.0407141633556165	27	1	-0.17879085001731715	-0.07894390357608687	4	0
genus_raw_hit_breadth_a0.02	single	n_base_calls	>=	22.4				32	28	-0.2746017584963958	0.0407141633556165	27	1	-0.17879085001731715	-0.07894390357608687	4	0
genus_raw_hit_breadth_a0.02	single	multi_species_genus_count	>=	3.1				32	28	-0.2746017584963958	0.0407141633556165	27	1	-0.17879085001731715	-0.07894390357608687	4	0
genus_raw_hit_breadth_a0.02	single	multi_species_genus_count	>=	4.0				32	28	-0.2746017584963958	0.0407141633556165	27	1	-0.17879085001731715	-0.07894390357608687	4	0
genus_raw_mean_breadth_a0.02	single	s_breadth_median	<=	0.6811482000000001				32	25	-0.27429895589036213	0.0657421792239674	23	2	-0.16698385443884067	-0.0769927687197054	4	0
genus_raw_norm_depth_a0.02	single	n_calls	>=	24.2				32	28	-0.2739337649594591	0.0627280169726596	26	2	-0.17384342936210967	-0.07562868510851452	4	0
genus_raw_norm_depth_a0.02	single	n_base_calls	>=	22.4				32	28	-0.2739337649594591	0.0627280169726596	26	2	-0.17384342936210967	-0.07562868510851452	4	0
genus_raw_norm_depth_a0.02	single	multi_species_genus_count	>=	3.1				32	28	-0.2739337649594591	0.0627280169726596	26	2	-0.17384342936210967	-0.07562868510851452	4	0
genus_raw_norm_depth_a0.02	single	multi_species_genus_count	>=	4.0				32	28	-0.2739337649594591	0.0627280169726596	26	2	-0.17384342936210967	-0.07562868510851452	4	0
genus_raw_hit_breadth_a0.02	single	u_xny_median	>=	197.9				32	25	-0.2737731114984436	0.0	25	0	-0.14091169258362365	0.0	3	0
genus_raw_hit_breadth_a0.02	single	u_breadth_median	>=	0.19790000000000002				32	25	-0.2737731114984436	0.0	25	0	-0.14091169258362365	0.0	3	0
genus_raw_hit_breadth_a0.02	single	u_depth_median	>=	0.2223				32	25	-0.2737731114984436	0.0	25	0	-0.14091169258362365	0.0	3	0
